lambda	f0	f1	fla
0.0	44404.42994014798	2.0727538355715916e8	44404.42994014798
0.00032	44366.544485164755	2.072753145615075e8	110680.4478506119
0.00064	44346.61909791826	2.072753174686775e8	176974.44044164917
0.0009600000000000001	44334.36299259064	2.0727531924723974e8	243276.10848146793
0.00128	44327.330851594576	2.0727533562267643e8	309583.0214651304
0.0016	44321.93973913939	2.072753492875604e8	375891.58349565347
0.00192	44317.915746411265	2.0727535790320697e8	442201.5125223356
0.0022400000000000002	44315.00936744274	2.072753609064126e8	508512.55217682396
0.00256	44312.71731357178	2.0727536338464713e8	574824.2070219457
0.00288	44311.20221485814	2.0727536369233677e8	641136.6333864094
0.0032	44310.677313700005	2.0727536047103518e8	707450.0366536088
0.00352	44310.19657881002	2.0727535849308082e8	773763.4865824971
0.00384	44309.79770097033	2.0727535573075145e8	840077.0140838843
0.0041600000000000005	44309.47894753729	2.072753527753898e8	906390.6190607372
0.0044800000000000005	44309.2262044613	2.0727534948096535e8	972704.2865457901
0.0048000000000000004	44309.01141763946	2.072753462850468e8	1.0390179903310594e6
0.00512	44308.83952192677	2.072753429788344e8	1.1053317343152065e6
0.00544	44308.70786505212	2.0727533984106928e8	1.1716455172296832e6
0.00576	44308.60926275826	2.0727533653593373e8	1.237959330120383e6
0.00608	44308.547585432476	2.0727533295700473e8	1.304273175994702e6
0.0064	44308.50747554822	2.072753297731386e8	1.3705870435757919e6
0.00672	44308.50376508316	2.0727532616848925e8	1.4369009424720297e6
0.00704	44308.50181206251	2.072753229481225e8	1.503214843514088e6
0.00736	44308.54345623964	2.072753193126986e8	1.5695287827178633e6
0.00768	44308.59388636212	2.0727531578491065e8	1.6358427291134286e6
0.008	44308.657764170195	2.072753122306344e8	1.7021566863471319e6
0.008320000000000001	44308.73536681829	2.072753087784548e8	1.7684706557253106e6
0.008640000000000002	44308.834720983825	2.0727530508610287e8	1.8347846423329238e6
0.008960000000000003	44308.93357629569	2.0727530163878173e8	1.901098628214937e6
0.009280000000000004	44309.050914282394	2.0727529801777145e8	1.9674126285267177e6
0.009600000000000004	44309.17816189099	2.07275294369369e8	2.0337266359974802e6
0.009920000000000005	44309.309155445124	2.072752908067916e8	2.1000406456119968e6
0.010240000000000006	44309.451028803574	2.0727528723254442e8	2.166354663511525e6
0.010560000000000007	44309.60120149969	2.072752836022504e8	2.2326686866525775e6
0.010880000000000008	44309.758952664495	2.0727527991371292e8	2.298982714236458e6
0.011200000000000009	44309.92113630137	2.0727527628105435e8	2.3652967443673853e6
0.01152000000000001	44310.08965883771	2.0727527262059784e8	2.431610778015257e6
0.01184000000000001	44310.262035101696	2.0727526899650893e8	2.497924813451274e6
0.012160000000000011	44310.44032174061	2.0727526535275915e8	2.564238852056982e6
0.012480000000000012	44310.61966084131	2.0727526171534035e8	2.630552889334924e6
0.012800000000000013	44310.80592019032	2.0727525802935532e8	2.696866930380163e6
0.013120000000000014	44310.99302093162	2.0727525437042618e8	2.7631809701324916e6
0.013440000000000014	44311.18475850627	2.0727525070806774e8	2.8294950119517855e6
0.013760000000000015	44311.37909937602	2.072752470271036e8	2.895809053615917e6
0.014080000000000016	44311.57578476906	2.0727524335426793e8	2.962123095225815e6
0.014400000000000017	44311.77678543868	2.0727523964278278e8	3.028437138055804e6
0.014720000000000018	44311.97753884223	2.0727523597076952e8	3.0947511787192016e6
0.015040000000000019	44312.18131885905	2.0727523227525568e8	3.1610652195316725e6
0.01536000000000002	44312.38684357704	2.0727522857525176e8	3.2273792594975308e6
0.01568000000000002	44312.5935145631	2.0727522487520355e8	3.2936932980914507e6
0.01600000000000002	44312.80246962979	2.072752211741463e8	3.360007336416461e6
0.016320000000000022	44313.012059546425	2.072752174705827e8	3.4263213728226484e6
0.016640000000000023	44313.22302256921	2.072752137662384e8	3.492635408061685e6
0.016960000000000024	44313.43575987728	2.072752100490188e8	3.558949442320754e6
0.017280000000000025	44313.64903958996	2.0727520633653536e8	3.6252634746795218e6
0.017600000000000025	44313.86363244426	2.072752026186406e8	3.691577505720593e6
0.017920000000000026	44314.07909576918	2.0727519889890563e8	3.7578915350667676e6
0.018240000000000027	44314.29523202519	2.0727519517237332e8	3.824205562431088e6
0.018560000000000028	44314.512234213	2.072751914466722e8	3.890519588137388e6
0.01888000000000003	44314.7299602834	2.0727518771787348e8	3.9568336119720903e6
0.01920000000000003	44314.94835926924	2.0727518398394436e8	4.0231476338425092e6
0.01952000000000003	44315.16740877489	2.0727518024856818e8	4.0894616537930127e6
0.01984000000000003	44315.38707768577	2.0727517650995392e8	4.1557756717555565e6
0.020160000000000032	44315.60716052061	2.0727517277026907e8	4.222089687568795e6
0.020480000000000033	44315.82782458912	2.0727516902495942e8	4.288403701301917e6
0.020800000000000034	44316.04889533096	2.072751652788074e8	4.354717712877509e6
0.021120000000000035	44316.26972469521	2.0727516154118797e8	4.421031721858007e6
0.021440000000000035	44316.490921376804	2.07275157810487e8	4.4873457288128715e6
0.021760000000000036	44316.71526846846	2.0727515407054505e8	4.553659736119294e6
0.022080000000000037	44316.940040640795	2.072751503221222e8	4.619973741117009e6
0.022400000000000038	44317.165156780444	2.072751465674679e8	4.686287743768558e6
0.02272000000000004	44317.39056176713	2.072751428073228e8	4.7526017440305855e6
0.02304000000000004	44317.616197550335	2.0727513904320133e8	4.818915741875726e6
0.02336000000000004	44317.84202204233	2.0727513527616656e8	4.885229737283667e6
0.02368000000000004	44318.06789492269	2.072751315086923e8	4.951543730173013e6
0.024000000000000042	44318.294000725735	2.0727512773807293e8	5.017857720658468e6
0.024320000000000043	44318.520304782534	2.0727512396345475e8	5.084171708682199e6
0.024640000000000044	44318.74678404116	2.0727512018564603e8	5.15048569423761e6
0.024960000000000045	44318.97345480613	2.0727511640492982e8	5.216799677344432e6
0.025280000000000045	44319.20025863644	2.072751126221748e8	5.283113657964687e6
0.025600000000000046	44319.427277251474	2.0727510883546248e8	5.349427636126803e6
0.025920000000000047	44319.654453179515	2.0727510504607195e8	5.415741611803948e6
0.026240000000000048	44319.88178512349	2.0727510125400364e8	5.482055584992147e6
0.02656000000000005	44320.10927355833	2.0727509745975196e8	5.548369555702275e6
0.02688000000000005	44320.33693642572	2.072750936616658e8	5.614683523905162e6
0.02720000000000005	44320.56474267728	2.0727508986140996e8	5.680997489612038e6
0.02752000000000005	44320.792673316624	2.0727508605951485e8	5.747311452816807e6
0.027840000000000052	44321.02083099715	2.072750822532402e8	5.81362541354128e6
0.028160000000000053	44321.24907915222	2.0727507844549072e8	5.879939371730113e6
0.028480000000000054	44321.477514513186	2.0727507463460264e8	5.946253327428395e6
0.028800000000000055	44321.70612044203	2.0727507082056078e8	6.012567280616336e6
0.029120000000000056	44321.93483699589	2.072750670047724e8	6.078881231273526e6
0.029440000000000056	44322.163713883754	2.072750631867198e8	6.14519517943119e6
0.029760000000000057	44322.392766716686	2.0727505936539835e8	6.2115091250722455e6
0.030080000000000058	44322.62197334318	2.072750555416475e8	6.2778230681971535e6
0.03040000000000006	44322.85133703038	2.0727505171458954e8	6.344137008779919e6
0.03072000000000006	44323.080846624405	2.072750478857481e8	6.410450946853209e6
0.03104000000000006	44323.31053824576	2.0727504405332926e8	6.476764882394492e6
0.03136000000000006	44323.540368191716	2.0727504021863005e8	6.543078815398496e6
0.03168000000000006	44323.770354472734	2.0727503638143823e8	6.609392745873619e6
0.03200000000000006	44324.00049231107	2.0727503254131022e8	6.675706673798497e6
0.032320000000000064	44324.230785698266	2.0727502869929275e8	6.7420205992078595e6
0.032640000000000065	44324.46123686512	2.072750248535398e8	6.808334522041647e6
0.032960000000000066	44324.69186342933	2.0727502100534132e8	6.874648442355675e6
0.033280000000000066	44324.92264230524	2.072750171546428e8	6.940962360123294e6
0.03360000000000007	44325.15350817098	2.072750133028194e8	7.007276275325042e6
0.03392000000000007	44325.38463747691	2.0727500944575736e8	7.073590187990678e6
0.03424000000000007	44325.615870796864	2.0727500558713403e8	7.139904098086864e6
0.03456000000000007	44325.847260074814	2.0727500172574934e8	7.206218005620678e6
0.03488000000000007	44326.07882834247	2.0727499786151555e8	7.272531910608487e6
0.03520000000000007	44326.31052658568	2.072749939951889e8	7.338845813026713e6
0.03552000000000007	44326.542426544256	2.072749901249803e8	7.405159712878869e6
0.03584000000000007	44326.77444888826	2.0727498625304416e8	7.471473610161757e6
0.036160000000000074	44327.00664168958	2.0727498237820658e8	7.537787504877492e6
0.036480000000000075	44327.23899636916	2.072749785006397e8	7.604101397021134e6
0.036800000000000076	44327.471506380454	2.0727497461989647e8	7.670415286567152e6
0.03712000000000008	44327.70414367581	2.0727497073740333e8	7.73672917353829e6
0.03744000000000008	44327.93696352563	2.0727496685165516e8	7.803043057929596e6
0.03776000000000008	44328.16994087643	2.0727496296381032e8	7.869356939757403e6
0.03808000000000008	44328.40309247572	2.0727495907196954e8	7.935670818963331e6
0.03840000000000008	44328.636407408485	2.072749551785383e8	8.001984695625251e6
0.03872000000000008	44328.86987374782	2.0727495128165194e8	8.068298569657817e6
0.03904000000000008	44329.10347497527	2.072749473828533e8	8.134612441101922e6
0.03936000000000008	44329.337262334	2.0727494348028752e8	8.200926309931822e6
0.03968000000000008	44329.57118514861	2.0727493957584456e8	8.267240176170051e6
0.040000000000000084	44329.80528340464	2.072749356689183e8	8.333554039828818e6
0.040320000000000085	44330.03955938169	2.0727493175773135e8	8.399867900836093e6
0.040640000000000086	44330.27397762374	2.0727492784512883e8	8.466181759269226e6
0.04096000000000009	44330.50858917099	2.072749239288013e8	8.532495615081077e6
0.04128000000000009	44330.74330921277	2.0727492001077762e8	8.598809468270326e6
0.04160000000000009	44330.97820221774	2.0727491608964735e8	8.665123318838354e6
0.04192000000000009	44331.21325199812	2.072749121659498e8	8.731437166789109e6
0.04224000000000009	44331.448494211545	2.0727490823891383e8	8.797751012121554e6
0.04256000000000009	44331.683880356744	2.0727490431023192e8	8.864064854857897e6
0.04288000000000009	44331.9194282698	2.072749003775975e8	8.930378694914585e6
0.04320000000000009	44332.15513531331	2.0727489644286105e8	8.996692532365084e6
0.04352000000000009	44332.39101032057	2.0727489250496882e8	9.063006367169814e6
0.043840000000000094	44332.627044679226	2.0727488856440467e8	9.12932019933856e6
0.044160000000000095	44332.863259882215	2.0727488462078112e8	9.195634028872041e6
0.044480000000000096	44333.09958123995	2.0727488067526746e8	9.261947855747784e6
0.0448000000000001	44333.336143101085	2.072748767262714e8	9.328261680020869e6
0.0451200000000001	44333.57282963176	2.0727487277441233e8	9.394575501605064e6
0.0454400000000001	44333.80967206695	2.0727486882047942e8	9.460889320563173e6
0.0457600000000001	44334.04667582472	2.0727486486309856e8	9.52720313683535e6
0.0460800000000001	44334.28384997377	2.072748609030168e8	9.593516950461203e6
0.0464000000000001	44334.52120351019	2.072748569403571e8	9.659830761452258e6
0.0467200000000001	44334.75869709778	2.0727485297466606e8	9.726144569747189e6
0.0470400000000001	44334.99640227399	2.0727484900575817e8	9.792458375402397e6
0.0473600000000001	44335.2341753501	2.072748450355642e8	9.858772178369148e6
0.047680000000000104	44335.472184713646	2.0727484106127918e8	9.92508597867276e6
0.048000000000000105	44335.71036658743	2.0727483708381495e8	9.99139977629213e6
0.048320000000000106	44335.94867483341	2.0727483310480657e8	1.0057713571259141e7
0.04864000000000011	44336.18716872935	2.0727482912249786e8	1.012402736354316e7
0.04896000000000011	44336.42582707007	2.072748251373587e8	1.0190341153143682e7
0.04928000000000011	44336.66466963859	2.0727482114830992e8	1.0256654940023454e7
0.04960000000000011	44336.903614227995	2.072748171591548e8	1.0322968724289063e7
0.04992000000000011	44337.14279843733	2.0727481316440603e8	1.0389282505797112e7
0.05024000000000011	44337.38211039776	2.072748091678594e8	1.045559628462645e7
0.05056000000000011	44337.62161670896	2.0727480516783047e8	1.0521910060753299e7
0.05088000000000011	44337.861260190264	2.0727480116583443e8	1.0588223834196951e7
0.051200000000000113	44338.10105327002	2.0727479716145706e8	1.0654537604945969e7
0.051520000000000114	44338.34101549505	2.0727479315362632e8	1.0720851372961229e7
0.051840000000000115	44338.58121108147	2.072747891418279e8	1.0787165138273481e7
0.052160000000000116	44338.82146038741	2.0727478512971333e8	1.0853478900898885e7
0.05248000000000012	44339.06194273412	2.0727478111305985e8	1.0919792660785384e7
0.05280000000000012	44339.302626033124	2.0727477709327087e8	1.0986106417972105e7
0.05312000000000012	44339.5434275939	2.0727477307154715e8	1.105242017244133e7
0.05344000000000012	44339.78441049385	2.072747690466288e8	1.1118733924183464e7
0.05376000000000012	44340.025588441655	2.0727476501810074e8	1.1185047673185928e7
0.05408000000000012	44340.266877486145	2.0727476098788068e8	1.1251361419469364e7
0.05440000000000012	44340.50836773953	2.0727475695397443e8	1.1317675163008768e7
0.05472000000000012	44340.7500394193	2.0727475291753837e8	1.1383988903844988e7
0.055040000000000124	44340.991851580904	2.0727474887827176e8	1.1450302641920174e7
0.055360000000000124	44341.23384128236	2.072747448360425e8	1.1516616377259167e7
0.055680000000000125	44341.47601792011	2.0727474079095507e8	1.1582930109873647e7
0.056000000000000126	44341.71829480297	2.072747367439053e8	1.1649243839729019e7
0.05632000000000013	44341.960818771986	2.0727473269293162e8	1.1715557566851394e7
0.05664000000000013	44342.20347777983	2.0727472863885617e8	1.1781871291177638e7
0.05696000000000013	44342.44632785278	2.0727472458202276e8	1.1848185012777062e7
0.05728000000000013	44342.68931785763	2.0727472052282697e8	1.1914498731621286e7
0.05760000000000013	44342.93252665681	2.0727471645963588e8	1.1980812447688174e7
0.05792000000000013	44343.1758356819	2.0727471239484447e8	1.2047126161000699e7
0.05824000000000013	44343.41933533568	2.0727470832672006e8	1.211343987154145e7
0.05856000000000013	44343.66303556232	2.0727470425582266e8	1.2179753579349203e7
0.058880000000000134	44343.90688590233	2.072747001812764e8	1.2246067284322044e7
0.059200000000000134	44344.15091344432	2.0727469610456234e8	1.2312380986569487e7
0.059520000000000135	44344.3951368528	2.0727469202429193e8	1.237869468602419e7
0.059840000000000136	44344.63947849896	2.0727468794186428e8	1.2445008382693293e7
0.06016000000000014	44344.88399449332	2.0727468385661724e8	1.2511322076587506e7
0.06048000000000014	44345.12871836265	2.0727467976815987e8	1.2577635767711814e7
0.06080000000000014	44345.37359814329	2.0727467567584336e8	1.2643949455974681e7
0.06112000000000014	44345.61868188147	2.072746715812964e8	1.271026314151691e7
0.06144000000000014	44345.86387650216	2.0727466748411414e8	1.2776576824223932e7
0.06176000000000014	44346.109280963916	2.0727466338368756e8	1.2842890504148345e7
0.06208000000000014	44346.35482025324	2.0727465928079566e8	1.2909204181264836e7
0.06240000000000014	44346.60056944413	2.0727465517445514e8	1.297551785557994e7
0.06272000000000014	44346.846526114576	2.0727465106479067e8	1.3041831527095696e7
0.06304000000000014	44347.09257145145	2.0727464695306224e8	1.3108145195776818e7
0.06336000000000014	44347.33885389838	2.0727464283748317e8	1.3174458861647079e7
0.06368000000000014	44347.58527223232	2.0727463872005442e8	1.3240772524735192e7
0.06400000000000014	44347.83189255648	2.072746345982296e8	1.3307086184938155e7
0.06432000000000014	44348.07868059036	2.0727463047412175e8	1.3373399842355395e7
0.06464000000000014	44348.32559839259	2.072746263474442e8	1.3439713496930536e7
0.06496000000000014	44348.572777520756	2.0727462221706405e8	1.3506027148710404e7
0.06528000000000014	44348.820080822334	2.0727461808385754e8	1.3572340797620196e7
0.06560000000000014	44349.067501107624	2.072746139493623e8	1.363865444375123e7
0.06592000000000015	44349.315162411396	2.0727460981035423e8	1.3704968087005485e7
0.06624000000000015	44349.56298100418	2.072746056683398e8	1.3771281727400001e7
0.06656000000000015	44349.81099595534	2.072746015231885e8	1.3837595364959521e7
0.06688000000000015	44350.059174695	2.072745973751917e8	1.3903908999669941e7
0.06720000000000015	44350.307505369696	2.0727459322413567e8	1.3970222631502956e7
0.06752000000000015	44350.55602222787	2.0727458907082394e8	1.4036536260541672e7
0.06784000000000015	44350.804705215734	2.0727458491423085e8	1.4102849886695467e7
0.06816000000000015	44351.05361789063	2.0727458075398806e8	1.4169163509995151e7
0.06848000000000015	44351.30266366113	2.072745765907565e8	1.423547713039229e7
0.06880000000000015	44351.551883637425	2.0727457242531952e8	1.4301790747976057e7
0.06912000000000015	44351.80127696491	2.07274568256745e8	1.4368104362678949e7
0.06944000000000015	44352.05087514315	2.0727456408415627e8	1.4434417974466216e7
0.06976000000000016	44352.30060504833	2.0727455991005424e8	1.4500731583440255e7
0.07008000000000016	44352.550547314975	2.0727455573196185e8	1.4567045189500878e7
0.07040000000000016	44352.80063735974	2.0727455155115044e8	1.4633358792673513e7
0.07072000000000016	44353.050946393414	2.0727454736673576e8	1.4699672392959049e7
0.07104000000000016	44353.30141472601	2.072745431797785e8	1.476598599037372e7
0.07136000000000016	44353.55204069398	2.0727453898970562e8	1.4832299584872495e7
0.07168000000000016	44353.802867011436	2.0727453479672742e8	1.4898613176506959e7
0.07200000000000016	44354.05385771137	2.0727453060029194e8	1.496492676520101e7
0.07232000000000016	44354.30501521227	2.0727452640182498e8	1.503124035105653e7
0.07264000000000016	44354.55640310537	2.072745221988333e8	1.5097553933949267e7
0.07296000000000016	44354.80792014293	2.072745179940344e8	1.5163867513979074e7
0.07328000000000016	44355.059632200006	2.072745137851581e8	1.5230181091038773e7
0.07360000000000017	44355.31152182843	2.0727450957392758e8	1.5296494665234927e7
0.07392000000000017	44355.56357353426	2.072745053599662e8	1.5362808236522913e7
0.07424000000000017	44355.81584337057	2.072745011417973e8	1.5429121804842226e7
0.07456000000000017	44356.06828479553	2.072744969211425e8	1.54954353702739e7
0.07488000000000017	44356.32088634207	2.072744926977954e8	1.5561748932789328e7
0.07520000000000017	44356.57366315115	2.0727448847091815e8	1.5628062492336761e7
0.07552000000000017	44356.82664616998	2.07274484241219e8	1.5694376048994748e7
0.07584000000000017	44357.079776183986	2.0727448000878534e8	1.5760689602712274e7
0.07616000000000017	44357.33315033939	2.0727447577163902e8	1.5827003153425673e7
0.07648000000000017	44357.586622735274	2.0727447153258422e8	1.5893316701209905e7
0.07680000000000017	44357.84032557227	2.0727446729033703e8	1.5959630246086488e7
0.07712000000000017	44358.094190944146	2.0727446304534215e8	1.602594378802376e7
0.07744000000000018	44358.34822818407	2.0727445879727212e8	1.6092257327002183e7
0.07776000000000018	44358.60243136663	2.072744545462184e8	1.6158570863020282e7
0.07808000000000018	44358.85687736761	2.0727445029117626e8	1.6224884396067463e7
0.07840000000000018	44359.11147804886	2.0727444603360528e8	1.629119792617286e7
0.07872000000000018	44359.36623959326	2.0727444177257767e8	1.6357511453266563e7
0.07904000000000018	44359.62119439206	2.072744375089579e8	1.6423824977443255e7
0.07936000000000018	44359.87633771766	2.0727443324196476e8	1.6490138498633917e7
0.07968000000000018	44360.13168486052	2.0727442897169045e8	1.6556452016856544e7
0.08000000000000018	44360.38715339046	2.0727442469871607e8	1.6622765532078443e7
0.08032000000000018	44360.64286510408	2.072744204219322e8	1.668907904431981e7
0.08064000000000018	44360.89872699771	2.0727441614244193e8	1.6755392553580208e7
0.08096000000000018	44361.15478239934	2.0727441185938904e8	1.682170605982739e7
0.08128000000000019	44361.41104520573	2.072744075742678e8	1.6888019563191976e7
0.08160000000000019	44361.66748622537	2.0727440328418705e8	1.6954333063409053e7
0.08192000000000019	44361.92405307708	2.0727439899335793e8	1.702064656077057e7
0.08224000000000019	44362.18086478543	2.0727439469721833e8	1.708696005500974e7
0.08256000000000019	44362.43782935133	2.0727439039903802e8	1.7153273546306778e7
0.08288000000000019	44362.69499485407	2.0727438609709737e8	1.721958703456115e7
0.08320000000000019	44362.95231211198	2.0727438179304284e8	1.7285900519860946e7
0.08352000000000019	44363.2098789588	2.0727437748477268e8	1.735221400211812e7
0.08384000000000019	44363.467600481476	2.0727437317367736e8	1.7418527481358007e7
0.08416000000000019	44363.725491379286	2.0727436885982168e8	1.748484095759666e7
0.0844800000000002	44363.983574465296	2.072743645419895e8	1.755115443074941e7
0.0848000000000002	44364.241829612576	2.0727436022234958e8	1.7617467900977746e7
0.0851200000000002	44364.50032201495	2.0727435589747167e8	1.768378136804743e7
0.0854400000000002	44364.75892915102	2.0727435157113013e8	1.7750094832163643e7
0.0857600000000002	44365.01779359196	2.0727434723993284e8	1.7816408293164294e7
0.0860800000000002	44365.27681854387	2.0727434290692008e8	1.7882721751217727e7
0.0864000000000002	44365.53598304876	2.072743385710622e8	1.794903520621393e7
0.0867200000000002	44365.795381380914	2.0727433423049462e8	1.8015348658074442e7
0.0870400000000002	44366.05499049245	2.0727432988730747e8	1.80816621069554e7
0.0873600000000002	44366.31472694841	2.072743255411946e8	1.8147975552751202e7
0.0876800000000002	44366.5746740208	2.0727432119223246e8	1.8214288995541584e7
0.0880000000000002	44366.83482820617	2.0727431683952752e8	1.828060243524179e7
0.0883200000000002	44367.095147976215	2.072743124842951e8	1.8346915871917494e7
0.0886400000000002	44367.35565384003	2.0727430812476975e8	1.8413229305428315e7
0.0889600000000002	44367.61638239022	2.072743037623026e8	1.8479542735923495e7
0.0892800000000002	44367.87731387336	2.072742993963888e8	1.8545856163336925e7
0.08960000000000021	44368.13835336853	2.072742950282425e8	1.8612169587687477e7
0.08992000000000021	44368.3995966442	2.0727429065710697e8	1.8678483008992016e7
0.09024000000000021	44368.66108174542	2.0727428628100416e8	1.8744796427103586e7
0.09056000000000021	44368.92273879314	2.0727428190264207e8	1.881110984219888e7
0.09088000000000021	44369.18459147557	2.0727427752127302e8	1.8877423254229136e7
0.09120000000000021	44369.44659404281	2.0727427313592175e8	1.8943736663060773e7
0.09152000000000021	44369.70884299318	2.0727426874758795e8	1.9010050068868976e7
0.09184000000000021	44369.971226620124	2.0727426435633093e8	1.9076363471554644e7
0.09216000000000021	44370.233851998986	2.072742599614827e8	1.914267687115049e7
0.09248000000000021	44370.496613735704	2.0727425556407845e8	1.9208990267652918e7
0.09280000000000022	44370.75958082477	2.0727425116322204e8	1.9275303661038775e7
0.09312000000000022	44371.02279313039	2.0727424675746837e8	1.9341617051206134e7
0.09344000000000022	44371.286143636506	2.0727424235028145e8	1.9407930438376717e7
0.09376000000000022	44371.54972659341	2.0727423793871635e8	1.9474243822358318e7
0.09408000000000022	44371.81344835404	2.0727423352476978e8	1.9540557203249518e7
0.09440000000000022	44372.077373579465	2.0727422910716328e8	1.9606870580985773e7
0.09472000000000022	44372.3414839232	2.072742246866789e8	1.9673183955620836e7
0.09504000000000022	44372.605838236064	2.0727422026215842e8	1.9739497327094954e7
0.09536000000000022	44372.87035549386	2.0727421583407614e8	1.9805810695375938e7
0.09568000000000022	44373.13504360012	2.0727421140377542e8	1.9872124060595907e7
0.09600000000000022	44373.39992521545	2.072742069695999e8	1.9938437422614034e7
0.09632000000000022	44373.66506322407	2.0727420253168896e8	2.0004750781496663e7
0.09664000000000023	44373.93034589394	2.0727419809118363e8	2.00710641372493e7
0.09696000000000023	44374.1958265885	2.0727419364714783e8	2.0137377489826743e7
0.09728000000000023	44374.46148163985	2.072741891999794e8	2.020369083924275e7
0.09760000000000023	44374.72735692448	2.0727418474960324e8	2.0270004185528215e7
0.09792000000000023	44374.99341968934	2.072741802948746e8	2.0336317528538205e7
0.09824000000000023	44375.259654127185	2.0727417583822346e8	2.0402630868492827e7
0.09856000000000023	44375.526134346204	2.0727417137701502e8	2.0468944205197193e7
0.09888000000000023	44375.79276113244	2.072741669139005e8	2.053525753881944e7
0.09920000000000023	44376.05960425186	2.0727416244554177e8	2.06015708690893e7
0.09952000000000023	44376.32663749679	2.0727415797514158e8	2.0667884196296673e7
0.09984000000000023	44376.59388527267	2.072741535014904e8	2.0734197520340618e7
0.10016000000000023	44376.86128774799	2.0727414902395737e8	2.080051084110079e7
0.10048000000000024	44377.12894029601	2.0727414454251257e8	2.0866824158656087e7
0.10080000000000024	44377.396753128	2.0727414005878532e8	2.093313747308602e7
0.10112000000000024	44377.66477279158	2.072741355705908e8	2.0999450784209155e7
0.10144000000000024	44377.93298084152	2.0727413107937196e8	2.1065764092150804e7
0.10176000000000024	44378.20138814079	2.072741265859445e8	2.1132077397000644e7
0.10208000000000024	44378.46999618735	2.0727412208788505e8	2.1198390698510334e7
0.10240000000000024	44378.73878041711	2.0727411758769488e8	2.126470399690931e7
0.10272000000000024	44379.007803401786	2.0727411308302578e8	2.1331017292010296e7
0.10304000000000024	44379.27701206234	2.072741085748543e8	2.1397330583861776e7
0.10336000000000024	44379.5463497207	2.0727410406449598e8	2.146364387254537e7
0.10368000000000024	44379.815979972256	2.0727409954926863e8	2.1529957157927394e7
0.10400000000000025	44380.08577828804	2.072740950311907e8	2.159627044010123e7
0.10432000000000025	44380.35576364061	2.07274090510266e8	2.1662583719081376e7
0.10464000000000025	44380.62593101505	2.0727408598576495e8	2.1728896994784087e7
0.10496000000000025	44380.896339041305	2.072740814572678e8	2.1795210267214175e7
0.10528000000000025	44381.16692878715	2.072740769253335e8	2.1861523536373686e7
0.10560000000000025	44381.437727261655	2.0727407239033386e8	2.192783680232257e7
0.10592000000000025	44381.70871748693	2.072740678515387e8	2.1994150064965162e7
0.10624000000000025	44381.97992019212	2.072740633102743e8	2.2060463324457064e7
0.10656000000000025	44382.25126078883	2.072740587649493e8	2.212677658055949e7
0.10688000000000025	44382.522845171305	2.0727405421666008e8	2.219308983348016e7
0.10720000000000025	44382.79463932972	2.0727404966439775e8	2.2259403083077483e7
0.10752000000000025	44383.0666480842	2.0727404510862672e8	2.232571632940168e7
0.10784000000000026	44383.338845696664	2.0727404054909977e8	2.239202957239955e7
0.10816000000000026	44383.61121815608	2.0727403598719072e8	2.24583428122034e7
0.10848000000000026	44383.88378302657	2.0727403142126423e8	2.2524656048649043e7
0.10880000000000026	44384.15662793668	2.0727402685124296e8	2.2590969281802103e7
0.10912000000000026	44384.42955875748	2.0727402227935928e8	2.2657282511729047e7
0.10944000000000026	44384.70276839869	2.072740177028568e8	2.272359573829813e7
0.10976000000000026	44384.976208267675	2.0727401312188753e8	2.278990896147808e7
0.11008000000000026	44385.24979734406	2.0727400853924936e8	2.285622218150028e7
0.11040000000000026	44385.52360001111	2.072740039525775e8	2.292253539815918e7
0.11072000000000026	44385.7976091314	2.072739993623957e8	2.2988848611502353e7
0.11104000000000026	44386.071803527055	2.0727399476876014e8	2.3055161821513645e7
0.11136000000000026	44386.34623249657	2.0727399017139092e8	2.3121475028202195e7
0.11168000000000027	44386.620839948366	2.072739855708984e8	2.3187788231582534e7
0.11200000000000027	44386.89565633258	2.072739809665057e8	2.325410143159152e7
0.11232000000000027	44387.170696338515	2.072739763587846e8	2.3320414628302466e7
0.11264000000000027	44387.44592768879	2.0727397174735436e8	2.3386727821640443e7
0.11296000000000027	44387.721351255575	2.0727396713269025e8	2.3453041011656165e7
0.11328000000000027	44387.99703651376	2.0727396251374283e8	2.351935419828906e7
0.11360000000000027	44388.27282975816	2.0727395789339456e8	2.3585667381725974e7
0.11392000000000027	44388.548899181595	2.072739532672285e8	2.3651980561611313e7
0.11424000000000027	44388.825130892525	2.0727394863870034e8	2.3718293738233123e7
0.11456000000000027	44389.1015966491	2.072739440065203e8	2.378460691150476e7
0.11488000000000027	44389.37823931467	2.0727393937091118e8	2.385092008139752e7
0.11520000000000027	44389.655126725935	2.0727393473107737e8	2.3917233247876298e7
0.11552000000000028	44389.93225716065	2.0727393008811247e8	2.3983546411061622e7
0.11584000000000028	44390.209525258	2.0727392544167423e8	2.4049859570817456e7
0.11616000000000028	44390.4869988166	2.072739207914693e8	2.4116172727166165e7
0.11648000000000028	44390.76469057784	2.0727391613809308e8	2.4182485880184557e7
0.11680000000000028	44391.04258275196	2.0727391148131248e8	2.4248799029826444e7
0.11712000000000028	44391.32073064864	2.072739068198834e8	2.431511217599148e7
0.11744000000000028	44391.59900507025	2.0727390215679184e8	2.438142531891161e7
0.11776000000000028	44391.877580186585	2.072738974875981e8	2.4447738458215956e7
0.11808000000000028	44392.15628518577	2.072738928170263e8	2.4514051594305553e7
0.11840000000000028	44392.4352468314	2.07273888142198e8	2.4580364726949908e7
0.11872000000000028	44392.714413846246	2.072738834632672e8	2.4646677856117778e7
0.11904000000000028	44392.99373103551	2.0727387878173038e8	2.4712990981934536e7
0.11936000000000029	44393.27334376892	2.072738740953151e8	2.4779304104254324e7
0.11968000000000029	44393.55313301283	2.072738694058707e8	2.4845617223188717e7
0.12000000000000029	44393.83309857365	2.072738647137617e8	2.4911930338778205e7
0.12032000000000029	44394.113308007916	2.0727386001694942e8	2.4978243450834204e7
0.12064000000000029	44394.39371172618	2.072738553169121e8	2.504455655948668e7
0.12096000000000029	44394.674370462766	2.0727385061237797e8	2.511086966463191e7
0.12128000000000029	44394.95515662142	2.0727384590582132e8	2.5177182766453296e7
0.12160000000000029	44395.23624462194	2.0727384119433364e8	2.524349586474831e7
0.12192000000000029	44395.51750228988	2.0727383647932455e8	2.5309808959567722e7
0.12224000000000029	44395.79895645796	2.072738317615613e8	2.5376122051025335e7
0.1225600000000003	44396.08062250293	2.0727382703947496e8	2.5442435138939522e7
0.1228800000000003	44396.362519782866	2.0727382231401017e8	2.5508748223438982e7
0.1232000000000003	44396.644622016065	2.0727381758492342e8	2.557506130446721e7
0.1235200000000003	44396.9269323628	2.0727381285214525e8	2.564137438201472e7
0.1238400000000003	44397.2094622139	2.072738081161039e8	2.570768745614078e7
0.1241600000000003	44397.49216123895	2.0727380337692028e8	2.5774000526812986e7
0.1244800000000003	44397.77514765874	2.0727379863216567e8	2.5840313593829323e7
0.1248000000000003	44398.05828885498	2.0727379388500333e8	2.590662665746288e7
0.1251200000000003	44398.34168802249	2.0727378913330334e8	2.597293971753499e7
0.12544000000000027	44398.625300992935	2.0727378437843817e8	2.603925277417458e7
0.12576000000000026	44398.90908819689	2.072737796203966e8	2.6105565827342395e7
0.12608000000000025	44399.193118620446	2.0727377485835367e8	2.6171878876991507e7
0.12640000000000023	44399.477314753254	2.0727377009284922e8	2.6238191923118357e7
0.12672000000000022	44399.761760757836	2.072737653235433e8	2.630450496574989e7
0.1270400000000002	44400.046477822565	2.0727376054900295e8	2.6370818004718658e7
0.1273600000000002	44400.33131620893	2.072737557734796e8	2.643713104043018e7
0.12768000000000018	44400.61639914062	2.072737509929635e8	2.6503444072478913e7
0.12800000000000017	44400.90172409926	2.07273746208642e8	2.6569757101009626e7
0.12832000000000016	44401.187262692976	2.0727374142012686e8	2.6636070125943854e7
0.12864000000000014	44401.47300015007	2.0727373662892264e8	2.670238314745805e7
0.12896000000000013	44401.75895149932	2.0727373183353883e8	2.6768696165370308e7
0.12928000000000012	44402.045123722	2.0727372703408948e8	2.6835009179697238e7
0.1296000000000001	44402.331521905195	2.0727372223146772e8	2.6901322190554906e7
0.1299200000000001	44402.61815105444	2.0727371742508703e8	2.69676351978682e7
0.13024000000000008	44402.90494122481	2.0727371261497584e8	2.703394820157615e7
0.13056000000000006	44403.191995935136	2.0727370780046734e8	2.7100261201677974e7
0.13088000000000005	44403.47928420446	2.0727370298286054e8	2.7166574198312286e7
0.13120000000000004	44403.76672262024	2.0727369816167718e8	2.7232887191340666e7
0.13152000000000003	44404.05440936417	2.072736933364544e8	2.729920018078393e7
0.13184	44404.34235930366	2.0727368850680605e8	2.7365513166599967e7
0.13216	44404.63048864142	2.0727368367410865e8	2.743182614889346e7
0.13248	44404.918846910885	2.072736788376735e8	2.7498139127613053e7
0.13279999999999997	44405.207446528926	2.0727367399711618e8	2.7564452102714654e7
0.13311999999999996	44405.496230599005	2.072736691528714e8	2.7630765074202612e7
0.13343999999999995	44405.78522853552	2.0727366430544263e8	2.7697078042165894e7
0.13375999999999993	44406.07446005606	2.072736594537276e8	2.776339100647087e7
0.13407999999999992	44406.36396864205	2.0727365459742966e8	2.7829703967111077e7
0.1343999999999999	44406.65357943094	2.0727364973904797e8	2.7896016924266387e7
0.1347199999999999	44406.94348513635	2.072736448762614e8	2.7962329877788737e7
0.13503999999999988	44407.23362002062	2.0727364000946006e8	2.8028642827669438e7
0.13535999999999987	44407.52392826474	2.0727363513867667e8	2.809495577386058e7
0.13567999999999986	44407.8144976653	2.0727363026420262e8	2.8161268716473605e7
0.13599999999999984	44408.10526561948	2.0727362538624004e8	2.822758165547811e7
0.13631999999999983	44408.39631278839	2.0727362050304398e8	2.8293894590702347e7
0.13663999999999982	44408.68750467458	2.072736156180508e8	2.836020752249446e7
0.1369599999999998	44408.97897878984	2.072736107282354e8	2.8426520450556934e7
0.1372799999999998	44409.270653914355	2.072736058342506e8	2.8492833374904424e7
0.13759999999999978	44409.562510677235	2.0727360093767217e8	2.8559146295732852e7
0.13791999999999977	44409.85467639871	2.0727359603539613e8	2.8625459212721217e7
0.13823999999999975	44410.14699258494	2.072735911309638e8	2.8691772126216713e7
0.13855999999999974	44410.43956813594	2.07273586221668e8	2.875808503593584e7
0.13887999999999973	44410.73236129968	2.072735813084423e8	2.882439794196737e7
0.1391999999999997	44411.02532320436	2.0727357639297158e8	2.8890710844499797e7
0.1395199999999997	44411.31857718559	2.0727357147212148e8	2.8957023743199624e7
0.1398399999999997	44411.61204573064	2.0727356654768115e8	2.9023336638244923e7
0.14015999999999967	44411.90574427699	2.0727356161988693e8	2.9089649529678445e7
0.14047999999999966	44412.199672296934	2.072735566872814e8	2.9155962417291556e7
0.14079999999999965	44412.49381236628	2.0727355175081047e8	2.9222275301197626e7
0.14111999999999963	44412.788143914055	2.0727354681180546e8	2.9288588181562956e7
0.14143999999999962	44413.082755916315	2.0727354186728513e8	2.935490105803965e7
0.1417599999999996	44413.37759749193	2.072735369204452e8	2.9421213931031503e7
0.1420799999999996	44413.67265532598	2.0727353196799603e8	2.9487526800057247e7
0.14239999999999958	44413.96788532106	2.0727352701293105e8	2.9553839665499743e7
0.14271999999999957	44414.26341431727	2.0727352205342585e8	2.9620152527204674e7
0.14303999999999956	44414.559127708075	2.0727351709011382e8	2.9686465385159872e7
0.14335999999999954	44414.855065074575	2.0727351212335172e8	2.9752778239446554e7
0.14367999999999953	44415.151254770484	2.0727350715218207e8	2.981909108994791e7
0.14399999999999952	44415.44768269981	2.072735021767721e8	2.988540393667147e7
0.1443199999999995	44415.74433273983	2.0727349719768396e8	2.9951716779680286e7
0.1446399999999995	44416.041164250826	2.072734922149086e8	3.0018029618934527e7
0.14495999999999948	44416.33826969379	2.0727348722862774e8	3.0084342454535887e7
0.14527999999999947	44416.6356125556	2.0727348223721477e8	3.0150655286213215e7
0.14559999999999945	44416.933162923866	2.0727347724272478e8	3.0216968114235014e7
0.14591999999999944	44417.230929679165	2.0727347224441305e8	3.0283280938497055e7
0.14623999999999943	44417.52897159725	2.0727346724095884e8	3.0349593758852493e7
0.1465599999999994	44417.82721334604	2.072734622347502e8	3.0415906575581826e7
0.1468799999999994	44418.12568933851	2.072734572241896e8	3.0482219388476934e7
0.1471999999999994	44418.42443024924	2.072734522088535e8	3.0548532197497226e7
0.14751999999999937	44418.72336178014	2.0727344719048777e8	3.0614845002832077e7
0.14783999999999936	44419.022531674396	2.0727344216852185e8	3.0681157804434728e7
0.14815999999999935	44419.32189523657	2.0727343714235112e8	3.0747470602173846e7
0.14847999999999933	44419.621560212014	2.0727343211126876e8	3.0813783396031998e7
0.14879999999999932	44419.92141956375	2.0727342707667184e8	3.088009618612096e7
0.1491199999999993	44420.2215398278	2.0727342203851116e8	3.094640897248645e7
0.1494399999999993	44420.52184305105	2.072734169958977e8	3.101272175492563e7
0.14975999999999928	44420.822448622304	2.07273411948833e8	3.1079034533535797e7
0.15007999999999927	44421.12324585685	2.0727340689820462e8	3.1145347308351517e7
0.15039999999999926	44421.42427874237	2.0727340184370095e8	3.1211660079359688e7
0.15071999999999924	44421.72552273649	2.0727339678492382e8	3.1277972846475508e7
0.15103999999999923	44422.0270275102	2.072733917230208e8	3.1344285609910175e7
0.15135999999999922	44422.32875351203	2.072733866558474e8	3.1410598369302284e7
0.1516799999999992	44422.63074192306	2.07273381585488e8	3.1476911124997642e7
0.1519999999999992	44422.932940183564	2.072733765107889e8	3.154322387677302e7
0.15231999999999918	44423.23540509512	2.0727337143145615e8	3.1609536624627423e7
0.15263999999999917	44423.53804517478	2.072733663492185e8	3.1675849368742496e7
0.15295999999999915	44423.8409757386	2.072733612616741e8	3.1742162108845584e7
0.15327999999999914	44424.14417808721	2.0727335616999272e8	3.1808474845094774e7
0.15359999999999913	44424.44754097847	2.072733510753737e8	3.1874787577575903e7
0.1539199999999991	44424.75115309213	2.0727334597653615e8	3.194110030616387e7
0.1542399999999991	44425.05500988429	2.072733408731773e8	3.2007413030803837e7
0.1545599999999991	44425.35910723665	2.0727333576619855e8	3.207372575162708e7
0.15487999999999907	44425.663439655815	2.07273330654725e8	3.2140038468489736e7
0.15519999999999906	44425.968016372164	2.0727332553917897e8	3.2206351181460615e7
0.15551999999999905	44426.27279519422	2.0727332042034674e8	3.2272663890622213e7
0.15583999999999903	44426.577834465614	2.0727331529686955e8	3.2338976595808692e7
0.15615999999999902	44426.88319587942	2.0727331016760147e8	3.2405289296888452e7
0.156479999999999	44427.188711125105	2.0727330503549626e8	3.247160199417586e7
0.156799999999999	44427.49448982206	2.072732998996953e8	3.2537914687625833e7
0.15711999999999898	44427.800438260434	2.0727329476036215e8	3.260422737718129e7
0.15743999999999897	44428.10668800241	2.07273289615347e8	3.2670540062611062e7
0.15775999999999896	44428.41321004838	2.0727328446678397e8	3.2736852744221654e7
0.15807999999999894	44428.71991898239	2.072732793146391e8	3.2803165421932116e7
0.15839999999999893	44429.026878492936	2.0727327415745023e8	3.2869478095560834e7
0.15871999999999892	44429.334098204024	2.0727326899671963e8	3.293579076534925e7
0.1590399999999989	44429.64154765717	2.0727326383151078e8	3.3002103431119166e7
0.1593599999999989	44429.949212392516	2.072732586633007e8	3.3068416093089275e7
0.15967999999999888	44430.25719175463	2.072732534892474e8	3.313472875088617e7
0.15999999999999887	44430.56531119779	2.0727324831268936e8	3.320104140489147e7
0.16031999999999885	44430.87376243005	2.0727324313069525e8	3.3267354054793663e7
0.16063999999999884	44431.18239240851	2.072732379448637e8	3.3333666700715557e7
0.16095999999999883	44431.49127698815	2.0727323275455552e8	3.339997934261406e7
0.1612799999999988	44431.80045221093	2.072732275605982e8	3.346629198064831e7
0.1615999999999988	44432.10986976162	2.0727322236139104e8	3.353260461451535e7
0.1619199999999988	44432.41945384881	2.0727321715960225e8	3.359891724457843e7
0.16223999999999877	44432.72936333065	2.0727321195218518e8	3.366522987047369e7
0.16255999999999876	44433.0394341206	2.0727320674284708e8	3.373154249266067e7
0.16287999999999875	44433.34985800784	2.072732015255992e8	3.3797855110322475e7
0.16319999999999873	44433.66044433513	2.0727319630712304e8	3.3864167724382035e7
0.16351999999999872	44433.971315243616	2.07273191082882e8	3.393048033419837e7
0.1638399999999987	44434.28237287096	2.0727318585543126e8	3.399679294010249e7
0.1641599999999987	44434.59374863965	2.0727318062263945e8	3.406310554185108e7
0.16447999999999868	44434.90532996176	2.0727317538720658e8	3.4129418139788754e7
0.16479999999999867	44435.21717901125	2.0727317014630285e8	3.419573073349834e7
0.16511999999999866	44435.52924478766	2.0727316490141907e8	3.4262043323177926e7
0.16543999999999864	44435.84162483259	2.0727315965177524e8	3.4328355908775836e7
0.16575999999999863	44436.15417982252	2.0727315439908558e8	3.439466849045512e7
0.16607999999999862	44436.46702275624	2.0727314914070022e8	3.4460981067866825e7
0.1663999999999986	44436.78008315463	2.0727314387912422e8	3.45272936413633e7
0.1667199999999986	44437.09338342931	2.072731386124126e8	3.4593606210635684e7
0.16703999999999858	44437.40695426595	2.0727313334252432e8	3.46599187760316e7
0.16735999999999857	44437.72080040867	2.0727312806704682e8	3.4726231337147914e7
0.16767999999999855	44438.03485386313	2.07273122788503e8	3.479254389434545e7
0.16799999999999854	44438.349171848226	2.0727311750580508e8	3.4858856447485924e7
0.16831999999999853	44438.66375919854	2.0727311221676502e8	3.492516899620083e7
0.1686399999999985	44438.978560188385	2.072731069254115e8	3.499148154111688e7
0.1689599999999985	44439.29363642552	2.0727310162905148e8	3.505779408182784e7
0.1692799999999985	44439.60895307784	2.0727309632832602e8	3.512410661840822e7
0.16959999999999847	44439.92449264202	2.072730910240946e8	3.5190419150984816e7
0.16991999999999846	44440.240346905084	2.0727308571403646e8	3.525673167923592e7
0.17023999999999845	44440.55642613025	2.072730804008549e8	3.532304420354135e7
0.17055999999999844	44440.87278057644	2.0727307508189082e8	3.5389356723486096e7
0.17087999999999842	44441.189332016686	2.0727306976013118e8	3.545566923950985e7
0.1711999999999984	44441.50619765148	2.0727306443313012e8	3.552198175128816e7
0.1715199999999984	44441.82325517414	2.0727305910272e8	3.558829425902864e7
0.17183999999999838	44442.140602753905	2.0727305376735407e8	3.5654606762543365e7
0.17215999999999837	44442.45814462733	2.0727304842758617e8	3.5720919261843346e7
0.17247999999999836	44442.776014228875	2.0727304308266965e8	3.578723175690581e7
0.17279999999999834	44443.09411117279	2.0727303773478132e8	3.585354424801863e7
0.17311999999999833	44443.412418602704	2.0727303238296932e8	3.591985673499999e7
0.17343999999999832	44443.73105726495	2.072730270244691e8	3.5986169217466265e7
0.1737599999999983	44444.04993020199	2.07273021663478e8	3.605248169605991e7
0.1740799999999983	44444.369004904605	2.0727301629749575e8	3.6118794170316234e7
0.17439999999999828	44444.68838653698	2.0727301092678154e8	3.618510664036227e7
0.17471999999999827	44445.00807100798	2.0727300555093518e8	3.625141910611988e7
0.17503999999999825	44445.32789738098	2.0727300017272702e8	3.6317731567935996e7
0.17535999999999824	44445.64810249791	2.0727299478842357e8	3.6384044025348835e7
0.17567999999999823	44445.96838195527	2.0727298940163547e8	3.6450356478735566e7
0.1759999999999982	44446.289061622156	2.0727298400878957e8	3.651666892773337e7
0.1763199999999982	44446.60997918234	2.0727297861173558e8	3.65829813725285e7
0.1766399999999982	44446.93113487473	2.0727297321048713e8	3.6649293813119285e7
0.17695999999999817	44447.2525625743	2.072729678045651e8	3.671560624944456e7
0.17727999999999816	44447.57427225765	2.072729623931275e8	3.678191868135853e7
0.17759999999999815	44447.89616878028	2.0727295697960696e8	3.684823110938702e7
0.17791999999999814	44448.21841100257	2.072729515600793e8	3.6914543532960236e7
0.17823999999999812	44448.54084711353	2.0727294613603705e8	3.698085595221338e7
0.1785599999999981	44448.8635763229	2.0727294070800745e8	3.704716836731756e7
0.1788799999999981	44449.18654815777	2.0727293527465165e8	3.711348077798772e7
0.17919999999999808	44449.50977446508	2.072729298377211e8	3.7179793184542105e7
0.17951999999999807	44449.83325271986	2.0727292439643896e8	3.724610558683551e7
0.17983999999999806	44450.15706324134	2.0727291895005992e8	3.731241798479536e7
0.18015999999999804	44450.481027983435	2.0727291349985918e8	3.737873037850021e7
0.18047999999999803	44450.80532366797	2.072729080446444e8	3.744504276787586e7
0.18079999999999802	44451.1298736296	2.072729025852163e8	3.751135515299918e7
0.181119999999998	44451.454678363756	2.0727289712099323e8	3.75776675337609e7
0.181439999999998	44451.779727943365	2.0727289165254772e8	3.764397991025195e7
0.18175999999999798	44452.1050479965	2.0727288617862847e8	3.7710292282261565e7
0.18207999999999797	44452.43062332895	2.072728807020188e8	3.777660465027859e7
0.18239999999999795	44452.75651564013	2.0727287521875218e8	3.7842917013627164e7
0.18271999999999794	44453.0826381822	2.0727286973158768e8	3.790922937273381e7
0.18303999999999793	44453.409024117	2.0727286424038965e8	3.7975541727596834e7
0.1833599999999979	44453.73563015473	2.0727285874437737e8	3.804185407803361e7
0.1836799999999979	44454.062595062234	2.072728532435708e8	3.8108166424156256e7
0.1839999999999979	44454.389780530335	2.072728477382857e8	3.8174478765905045e7
0.18431999999999787	44454.71721370113	2.0727284222889426e8	3.824079110336622e7
0.18463999999999786	44455.04487747856	2.0727283671505436e8	3.830710343645849e7
0.18495999999999785	44455.37288201339	2.0727283119620442e8	3.837341576516328e7
0.18527999999999784	44455.70110700588	2.0727282567255116e8	3.843972808941573e7
0.18559999999999782	44456.02962389455	2.072728201442369e8	3.850604040929562e7
0.1859199999999978	44456.35841333199	2.0727281461190447e8	3.857235272490195e7
0.1862399999999978	44456.68738773208	2.0727280907484722e8	3.863866503602773e7
0.18655999999999778	44457.01670628402	2.0727280353279856e8	3.8704977342748e7
0.18687999999999777	44457.346296038006	2.0727279798585907e8	3.877128964501711e7
0.18719999999999776	44457.67611810598	2.072727924351387e8	3.88376019430063e7
0.18751999999999774	44458.00624524482	2.0727278687905478e8	3.890391423647402e7
0.18783999999999773	44458.33657978948	2.0727278131933725e8	3.897022652566048e7
0.18815999999999772	44458.66725805088	2.072727757542698e8	3.903653881034971e7
0.1884799999999977	44458.99818298303	2.0727277018410838e8	3.910285109050573e7
0.1887999999999977	44459.32940585231	2.0727276460881335e8	3.916916336615751e7
0.18911999999999768	44459.66081992346	2.072727590312295e8	3.92354756377513e7
0.18943999999999767	44459.99256692873	2.07272753446566e8	3.930178790449202e7
0.18975999999999765	44460.32452400378	2.0727274785895687e8	3.93681001670575e7
0.19007999999999764	44460.65679191592	2.0727274226633576e8	3.943441242513352e7
0.19039999999999763	44460.98935906047	2.0727273666786212e8	3.950072467854555e7
0.1907199999999976	44461.32215611785	2.072727310653227e8	3.956703692757235e7
0.1910399999999976	44461.65526190228	2.072727254580801e8	3.96333491721518e7
0.1913599999999976	44461.98861028153	2.072727198464026e8	3.9699661412276916e7
0.19167999999999757	44462.32222089305	2.0727271423020935e8	3.9765973647943616e7
0.19199999999999756	44462.656145444686	2.0727270860883537e8	3.983228587906141e7
0.19231999999999755	44462.9903153004	2.0727270298216388e8	3.989859810554711e7
0.19263999999999754	44463.3247612802	2.0727269735169685e8	3.996491032770964e7
0.19295999999999752	44463.65948859914	2.0727269171672326e8	4.0031222545412086e7
0.1932799999999975	44463.99446309472	2.0727268607686874e8	4.0097534758549936e7
0.1935999999999975	44464.32971916469	2.0727268043228135e8	4.016384696717469e7
0.19391999999999748	44464.665274617895	2.0727267478162456e8	4.0230159171036676e7
0.19423999999999747	44465.0010667156	2.0727266912845224e8	4.029647137076955e7
0.19455999999999746	44465.33722747279	2.0727266346768993e8	4.0362783565489724e7
0.19487999999999744	44465.67356595682	2.072726578048468e8	4.042909575610944e7
0.19519999999999743	44466.01020761512	2.0727265213600206e8	4.049540794196216e7
0.19551999999999742	44466.3471089133	2.072726464627853e8	4.056172012332543e7
0.1958399999999974	44466.68435454473	2.072726407837216e8	4.062803229997405e7
0.1961599999999974	44467.0218206377	2.0727263510132834e8	4.069434447229633e7
0.19647999999999738	44467.35961077027	2.072726294125381e8	4.076065663976939e7
0.19679999999999737	44467.69761615939	2.0727262372029167e8	4.082696880287816e7
0.19711999999999735	44468.03596457515	2.0727261802282304e8	4.089328096137357e7
0.19743999999999734	44468.37453170878	2.0727261232050925e8	4.0959593115224965e7
0.19775999999999733	44468.713404497255	2.0727260661351547e8	4.102590526452989e7
0.1980799999999973	44469.05256871914	2.0727260090064543e8	4.10922174090352e7
0.1983999999999973	44469.391960200956	2.0727259518506965e8	4.1158529549312554e7
0.1987199999999973	44469.73168764677	2.0727258946308896e8	4.122484168471115e7
0.19903999999999727	44470.07172305443	2.0727258373651412e8	4.12911538155625e7
0.19935999999999726	44470.41198142354	2.072725780048073e8	4.135746594168662e7
0.19967999999999725	44470.75251856207	2.0727257226897562e8	4.142377806332413e7
0.19999999999999724	44471.09336809599	2.072725665280216e8	4.1490090180298224e7
0.20031999999999722	44471.43447891582	2.0727256078149325e8	4.155640229247225e7
0.2006399999999972	44471.77586912631	2.0727255503121883e8	4.162271440022191e7
0.2009599999999972	44472.117573775315	2.0727254927473947e8	4.168902650307722e7
0.20127999999999718	44472.4595744475	2.072725435138791e8	4.1755338601384304e7
0.20159999999999717	44472.801790110905	2.0727253774851477e8	4.182165069504922e7
0.20191999999999716	44473.144333277836	2.0727253197825843e8	4.188796278407885e7
0.20223999999999714	44473.48715789581	2.0727252620278952e8	4.1954274868366644e7
0.20255999999999713	44473.830271005376	2.072725204223679e8	4.2020586947965555e7
0.20287999999999712	44474.173606418684	2.0727251463860175e8	4.2086899023144074e7
0.2031999999999971	44474.51730621351	2.0727250884769073e8	4.215321109323975e7
0.2035199999999971	44474.861252236085	2.0727250305263534e8	4.221952315876192e7
0.20383999999999708	44475.20551775801	2.0727249725219512e8	4.228583521951186e7
0.20415999999999707	44475.5499908899	2.0727249144843104e8	4.235214727581582e7
0.20447999999999705	44475.894830395235	2.0727248563795298e8	4.241845932710349e7
0.20479999999999704	44476.2399352768	2.0727247982336444e8	4.248477137382095e7
0.20511999999999703	44476.585354389696	2.0727247400232118e8	4.2551083415522e7
0.20543999999999701	44476.93097554921	2.07272468178387e8	4.261739545284314e7
0.205759999999997	44477.27693355717	2.0727246234964442e8	4.268370748549392e7
0.206079999999997	44477.623230732985	2.0727245651345897e8	4.2750019512928344e7
0.20639999999999697	44477.96973904538	2.072724506744235e8	4.281633153598529e7
0.20671999999999696	44478.31658162429	2.072724448293907e8	4.288264355410889e7
0.20703999999999695	44478.66368211765	2.072724389800885e8	4.294895556759026e7
0.20735999999999694	44479.01111251971	2.072724331248649e8	4.301526757613958e7
0.20767999999999692	44479.358807112534	2.0727242726501012e8	4.308157957996672e7
0.2079999999999969	44479.706851425835	2.072724213996065e8	4.314789157894384e7
0.2083199999999969	44480.05508839262	2.0727241553082928e8	4.32142035733941e7
0.20863999999999688	44480.40363912051	2.072724096556064e8	4.328051556276893e7
0.20895999999999687	44480.75254210429	2.0727240377558425e8	4.334682754743634e7
0.20927999999999686	44481.101688957	2.072723978901773e8	4.3413139527183145e7
0.20959999999999684	44481.45112877589	2.072723920010213e8	4.3479451502385594e7
0.20991999999999683	44481.80085746998	2.0727238610614404e8	4.354576347262257e7
0.21023999999999682	44482.15091857571	2.0727238020498285e8	4.3612075437804386e7
0.2105599999999968	44482.50122171624	2.0727237430013976e8	4.367838739840124e7
0.2108799999999968	44482.851834726316	2.0727236839005432e8	4.374469935413381e7
0.21119999999999678	44483.20275688288	2.0727236247450867e8	4.381101130495019e7
0.21151999999999677	44483.5539488738	2.0727235655437416e8	4.3877323250998154e7
0.21183999999999675	44483.90548519088	2.0727235062890384e8	4.3943635192173526e7
0.21215999999999674	44484.25724733386	2.072723446983707e8	4.400994712843539e7
0.21247999999999673	44484.60939572886	2.0727233876185346e8	4.4076259059709266e7
0.21279999999999671	44484.96172839718	2.0727233282158682e8	4.414257098630559e7
0.2131199999999967	44485.31444432536	2.0727232687508383e8	4.420888290784713e7
0.2134399999999967	44485.66746101451	2.072723209236289e8	4.42751948245368e7
0.21375999999999667	44486.02071987561	2.0727231496707606e8	4.434150673629229e7
0.21407999999999666	44486.37431569963	2.0727230900585648e8	4.440781864327526e7
0.21439999999999665	44486.72820441295	2.072723030380728e8	4.44741305450395e7
0.21471999999999664	44487.0823488397	2.0727229706719604e8	4.454044244229453e7
0.21503999999999662	44487.43682038871	2.072722910905213e8	4.460675433451153e7
0.2153599999999966	44487.791575828145	2.0727228510757643e8	4.467306622154901e7
0.2156799999999966	44488.146645417706	2.0727227912076414e8	4.473937810394263e7
0.21599999999999658	44488.50204199407	2.0727227312801263e8	4.480568998125094e7
0.21631999999999657	44488.85772716691	2.072722671297441e8	4.4872001853529155e7
0.21663999999999656	44489.21365102186	2.07272261128444e8	4.493831372127105e7
0.21695999999999654	44489.569995000595	2.0727225511829832e8	4.5004625583354175e7
0.21727999999999653	44489.92652413903	2.0727224910624918e8	4.507093744109408e7
0.21759999999999652	44490.283406581504	2.0727224308750647e8	4.513724929357799e7
0.2179199999999965	44490.64056264214	2.0727223706405002e8	4.520356114116829e7
0.2182399999999965	44490.99805586892	2.072722310345048e8	4.526987298360976e7
0.21855999999999648	44491.35585368753	2.0727222500002247e8	4.533618482112248e7
0.21887999999999647	44491.713904498916	2.0727221896086794e8	4.540249665371912e7
0.21919999999999645	44492.07233859453	2.0727221291605145e8	4.5468808481279716e7
0.21951999999999644	44492.43104012772	2.072722068652462e8	4.553512030363631e7
0.21983999999999643	44492.78996485939	2.072722008115253e8	4.560143212142396e7
0.22015999999999641	44493.149338269366	2.0727219474918482e8	4.566774393355974e7
0.2204799999999964	44493.50893369838	2.0727218868378714e8	4.5734055741084635e7
0.2207999999999964	44493.86884656935	2.0727218261245474e8	4.580036754343451e7
0.22111999999999638	44494.229011701784	2.072721765366573e8	4.586667934087754e7
0.22143999999999636	44494.58957841295	2.0727217045456567e8	4.593299113312044e7
0.22175999999999635	44494.95042001599	2.0727216436646694e8	4.5999302920121826e7
0.22207999999999634	44495.31153809986	2.0727215827480084e8	4.606561470241873e7
0.22239999999999632	44495.67302736613	2.072721521762436e8	4.6131926479341894e7
0.2227199999999963	44496.03470516577	2.0727214607492834e8	4.61982382516629e7
0.2230399999999963	44496.39681749143	2.072721399657324e8	4.6264550018427506e7
0.22335999999999628	44496.759233281475	2.0727213385085037e8	4.63308617800161e7
0.22367999999999627	44497.12186266527	2.0727212773218775e8	4.639717353677941e7
0.22399999999999626	44497.484845551175	2.0727212160819408e8	4.646348528847484e7
0.22431999999999624	44497.84815139421	2.072721154785071e8	4.652979703499201e7
0.22463999999999623	44498.21180804671	2.0727210934293884e8	4.659610877630449e7
0.22495999999999622	44498.5756764657	2.0727210320199284e8	4.666242051241182e7
0.2252799999999962	44498.93991104777	2.0727209705653614e8	4.672873224362356e7
0.2255999999999962	44499.30449796339	2.0727209090437105e8	4.679504396942855e7
0.22591999999999618	44499.669339005755	2.0727208474733517e8	4.6861355690159105e7
0.22623999999999617	44500.034471691644	2.072720785853443e8	4.692766740582032e7
0.22655999999999615	44500.39997823741	2.072720724171836e8	4.699397911619549e7
0.22687999999999614	44500.7657281319	2.0727206624531162e8	4.706029082173523e7
0.22719999999999613	44501.13185216063	2.0727206006607914e8	4.712660252170773e7
0.22751999999999611	44501.498308646325	2.0727205388250142e8	4.7192914216759376e7
0.2278399999999961	44501.86501688951	2.0727204769336256e8	4.725922590654636e7
0.2281599999999961	44502.232091678925	2.072720414977399e8	4.732553759094117e7
0.22847999999999608	44502.59945011721	2.0727203529752192e8	4.7391849270304754e7
0.22879999999999606	44502.96709488136	2.0727202909252784e8	4.7458160944593124e7
0.22911999999999605	44503.335122958946	2.0727202288072512e8	4.75244726134105e7
0.22943999999999604	44503.7034282117	2.0727201666416886e8	4.759078427713972e7
0.22975999999999602	44504.07203593992	2.0727201044163775e8	4.765709593551483e7
0.230079999999996	44504.440986581416	2.0727200421432114e8	4.772340758883457e7
0.230399999999996	44504.81027653411	2.072719979802129e8	4.778971923662904e7
0.23071999999999598	44505.17981411938	2.0727199174225992e8	4.7856030879500784e7
0.23103999999999597	44505.54979446025	2.0727198549735567e8	4.792234251687817e7
0.23135999999999596	44505.91994868134	2.0727197924815166e8	4.7988654149160884e7
0.23167999999999594	44506.290487798775	2.0727197299309394e8	4.805496577614675e7
0.23199999999999593	44506.66136675067	2.0727196673204762e8	4.812127739776387e7
0.23231999999999592	44507.03253410962	2.0727196046553642e8	4.8187589014088355e7
0.2326399999999959	44507.40401721794	2.0727195419393107e8	4.825390062522193e7
0.2329599999999959	44507.77587512388	2.0727194791527998e8	4.8320212230750024e7
0.23327999999999588	44508.148006383984	2.0727194163188672e8	4.838652383112513e7
0.23359999999999587	44508.52043985578	2.0727193534419042e8	4.8452835426467136e7
0.23391999999999585	44508.89327707545	2.0727192904933402e8	4.851914701618105e7
0.23423999999999584	44509.266386250434	2.0727192274878466e8	4.8585458600502394e7
0.23455999999999583	44509.63976860183	2.0727191644452766e8	4.865177017989202e7
0.23487999999999581	44510.01351483258	2.0727191013344073e8	4.871808175368216e7
0.2351999999999958	44510.387603436386	2.072719038164458e8	4.878439332206629e7
0.2355199999999958	44510.76199446071	2.0727189749375376e8	4.885070488505754e7
0.23583999999999578	44511.13677341093	2.0727189116542646e8	4.891701644273007e7
0.23615999999999576	44511.511762031754	2.0727188483240756e8	4.8983327995164804e7
0.23647999999999575	44511.88712716148	2.072718784936094e8	4.904963954222719e7
0.23679999999999574	44512.262866318124	2.072718721478416e8	4.911595108362758e7
0.23711999999999572	44512.63885987962	2.0727186579868677e8	4.918226262011714e7
0.2374399999999957	44513.015220415895	2.0727185944201347e8	4.924857415079727e7
0.2377599999999957	44513.39189875703	2.072718530798394e8	4.931488567610264e7
0.23807999999999568	44513.76890799546	2.0727184671202895e8	4.9381197196005344e7
0.23839999999999567	44514.1462595708	2.0727184033888698e8	4.944750871058104e7
0.23871999999999566	44514.52390115962	2.0727183395983738e8	4.951382021964695e7
0.23903999999999564	44514.90194647224	2.072718275752093e8	4.958013172336231e7
0.23935999999999563	44515.28025639715	2.0727182118466687e8	4.964644322153518e7
0.23967999999999562	44515.65890159408	2.0727181478825957e8	4.971275471422521e7
0.2399999999999956	44516.03787995609	2.072718083865319e8	4.9779066201555505e7
0.2403199999999956	44516.41715568989	2.072718019791632e8	4.984537768341642e7
0.24063999999999558	44516.7968294456	2.072717955660859e8	4.991168915986241e7
0.24095999999999557	44517.17682478827	2.072717891466474e8	4.997800063067233e7
0.24127999999999555	44517.55708911097	2.0727178272267738e8	5.0044312096241325e7
0.24159999999999554	44517.93779021381	2.0727177629080495e8	5.0110623555877656e7
0.24191999999999553	44518.31870338854	2.0727176985464337e8	5.017693501027706e7
0.24223999999999551	44518.70002785062	2.0727176341288224e8	5.024324645926877e7
0.2425599999999955	44519.08161292594	2.0727175696573943e8	5.030955790278572e7
0.2428799999999955	44519.46361199771	2.0727175051141977e8	5.037586934050261e7
0.24319999999999548	44519.84595298043	2.072717440512733e8	5.044218077268594e7
0.24351999999999546	44520.22863842464	2.0727173758470008e8	5.050849219918562e7
0.24383999999999545	44520.61156417533	2.072717311143769e8	5.057480362056909e7
0.24415999999999544	44520.99482278667	2.0727172463860947e8	5.0641115036488794e7
0.24447999999999542	44521.378544790074	2.072717181553904e8	5.070742644654706e7
0.2447999999999954	44521.76253771306	2.07271711665751e8	5.077373785084338e7
0.2451199999999954	44522.14686045951	2.07271705171597e8	5.084004924988293e7
0.24543999999999538	44522.531477406155	2.0727169867197746e8	5.090636064340078e7
0.24575999999999537	44522.91651960574	2.0727169216464996e8	5.097267203093916e7
0.24607999999999536	44523.3018032646	2.0727168565288126e8	5.103898341315558e7
0.24639999999999534	44523.68745188848	2.0727167913595638e8	5.1105294789962426e7
0.24671999999999533	44524.07358020391	2.0727167260922387e8	5.1171606160293244e7
0.24703999999999532	44524.45992023309	2.0727166607961503e8	5.123791752564866e7
0.2473599999999953	44524.84655466623	2.0727165954530814e8	5.130422888563735e7
0.2476799999999953	44525.23359833776	2.0727165300371045e8	5.137054023969873e7
0.24799999999999528	44525.62100660953	2.0727164645634753e8	5.143685158817018e7
0.24831999999999527	44526.00871349221	2.0727163990203133e8	5.1503162930701196e7
0.24863999999999525	44526.39674706744	2.072716333432349e8	5.156947426792082e7
0.24895999999999524	44526.7851772141	2.0727162677673316e8	5.1635785599074e7
0.24927999999999523	44527.17390928499	2.072716202067743e8	5.170209692514089e7
0.24959999999999521	44527.56301113637	2.072716136288329e8	5.176840824503926e7
0.2499199999999952	44527.95245680331	2.0727160704464963e8	5.183471955917664e7
0.2502399999999952	44528.34226583369	2.0727160045483005e8	5.190103086771291e7
0.2505599999999952	44528.7323300739	2.072715938607073e8	5.196734217089528e7
0.25087999999999516	44529.122775474134	2.0727158726009396e8	5.203365346826494e7
0.25119999999999515	44529.51364686543	2.0727158065143135e8	5.209996475945733e7
0.25151999999999514	44529.90478142223	2.0727157403799984e8	5.2166276045167506e7
0.2518399999999951	44530.29629744592	2.0727156741911253e8	5.223258732530619e7
0.2521599999999951	44530.68815675717	2.0727156079363787e8	5.229889859955387e7
0.2524799999999951	44531.08035372216	2.0727155416243276e8	5.236520986811602e7
0.2527999999999951	44531.47291318777	2.07271547524692e8	5.243152113080185e7
0.25311999999999507	44531.86579390642	2.0727154088122383e8	5.2497832387778506e7
0.25343999999999506	44532.25905346557	2.07271534232074e8	5.256414363909477e7
0.25375999999999505	44532.65261825695	2.0727152757642063e8	5.263045488448132e7
0.25407999999999503	44533.0466228472	2.072715209138059e8	5.269676612391569e7
0.254399999999995	44533.44086613046	2.0727151424703032e8	5.2763077357953265e7
0.254719999999995	44533.83550045715	2.07271507572729e8	5.282938858584627e7
0.255039999999995	44534.23054263204	2.072715008920266e8	5.289569980788647e7
0.255359999999995	44534.625862583576	2.07271494206532e8	5.296201102438129e7
0.25567999999999497	44535.021553474835	2.072714875139113e8	5.302832223479848e7
0.25599999999999495	44535.4176031689	2.0727148081689093e8	5.309463343981979e7
0.25631999999999494	44535.8139950556	2.072714741115409e8	5.316094463842096e7
0.2566399999999949	44536.210783667084	2.0727146740114376e8	5.322725583147663e7
0.2569599999999949	44536.607956841515	2.0727146068281054e8	5.329356701823019e7
0.2572799999999949	44537.005401500704	2.0727145395994827e8	5.3359878199466236e7
0.2575999999999949	44537.40328000689	2.0727144723001525e8	5.342618937464594e7
0.2579199999999949	44537.801394582755	2.072714404960662e8	5.349250054440323e7
0.25823999999999486	44538.19991339352	2.0727143375411573e8	5.355881170782954e7
0.25855999999999485	44538.59882745539	2.0727142700688243e8	5.362512286561308e7
0.25887999999999484	44538.99809341975	2.0727142025180823e8	5.369143401705404e7
0.2591999999999948	44539.39765951147	2.0727141349252188e8	5.375774516304676e7
0.2595199999999948	44539.79763281639	2.0727140672676048e8	5.382405630307895e7
0.2598399999999948	44540.19799503029	2.0727139995305595e8	5.3890367436748974e7
0.2601599999999948	44540.59866430236	2.072713931737355e8	5.395667856459375e7
0.26047999999999477	44540.99969172619	2.0727138638925704e8	5.402298968676461e7
0.26079999999999476	44541.40109970289	2.0727137959761935e8	5.4089300802750945e7
0.26111999999999475	44541.802890091305	2.0727137279954097e8	5.4155611912734486e7
0.26143999999999473	44542.20497862396	2.0727136599626687e8	5.422192301697193e7
0.2617599999999947	44542.60746340988	2.0727135918566433e8	5.428823411497218e7
0.2620799999999947	44543.01034598847	2.07271352368823e8	5.4354545207014546e7
0.2623999999999947	44543.41350350722	2.0727134554648513e8	5.442085629319678e7
0.2627199999999947	44543.817059051304	2.0727133871736035e8	5.448716737326511e7
0.26303999999999467	44544.22102015936	2.072713318814356e8	5.455347844721473e7
0.26335999999999465	44544.62539029173	2.0727132503852615e8	5.461978951499264e7
0.26367999999999464	44545.03002733424	2.0727131819218433e8	5.468610057742378e7
0.26399999999999463	44545.43503602468	2.072713113370641e8	5.475241163317032e7
0.2643199999999946	44545.84040078625	2.072713044769715e8	5.481872268321805e7
0.2646399999999946	44546.24614019751	2.072712976098928e8	5.488503372704256e7
0.2649599999999946	44546.65230841347	2.0727129073630404e8	5.495134476480278e7
0.2652799999999946	44547.058800772305	2.0727128385548884e8	5.5017655796225056e7
0.26559999999999456	44547.465666718104	2.0727127696958706e8	5.5083966821906835e7
0.26591999999999455	44547.87286355792	2.0727127007690322e8	5.515027784136066e7
0.26623999999999454	44548.280482766306	2.0727126317717344e8	5.521658885457656e7
0.2665599999999945	44548.68841818652	2.0727125627229172e8	5.528289986197438e7
0.2668799999999945	44549.096801487205	2.072712493585886e8	5.534921086266609e7
0.2671999999999945	44549.505499860425	2.0727124244110835e8	5.541552185789331e7
0.2675199999999945	44549.91453950054	2.072712355168824e8	5.548183284687713e7
0.26783999999999447	44550.32398645023	2.072712285852633e8	5.554814382948569e7
0.26815999999999446	44550.733818213834	2.072712216466149e8	5.561445480579263e7
0.26847999999999445	44551.14396566111	2.0727121470369893e8	5.5680765776481695e7
0.26879999999999443	44551.55455556605	2.0727120775271398e8	5.574707674061939e7
0.2691199999999944	44551.96543383269	2.072712007954626e8	5.581338769857001e7
0.2694399999999944	44552.37679359068	2.0727119383120364e8	5.587969865026868e7
0.2697599999999944	44552.78845231542	2.0727118686107376e8	5.5946009595881514e7
0.2700799999999944	44553.20048163853	2.072711798844935e8	5.60123205352984e7
0.27039999999999437	44553.61297556319	2.0727117290004882e8	5.607863146819901e7
0.27071999999999435	44554.02579234782	2.0727116591086188e8	5.6144942395317204e7
0.27103999999999434	44554.438941110726	2.0727115891388914e8	5.621125331582986e7
0.27135999999999433	44554.85250036538	2.072711519114843e8	5.6277564230425075e7
0.2716799999999943	44555.26638130684	2.0727114490269777e8	5.634387513877458e7
0.2719999999999943	44555.680759984454	2.0727113788576594e8	5.641018604052042e7
0.2723199999999943	44556.09540777292	2.0727113086406392e8	5.647649693640703e7
0.2726399999999943	44556.51048983916	2.072711238339642e8	5.6542807825560704e7
0.27295999999999426	44556.925925665404	2.0727111679781708e8	5.660911870855596e7
0.27327999999999425	44557.3417212332	2.0727110975664118e8	5.667542958566936e7
0.27359999999999424	44557.757978038855	2.072711027060715e8	5.6741740455775216e7
0.2739199999999942	44558.17453119336	2.0727109565084124e8	5.680805132004084e7
0.2742399999999942	44558.59151391241	2.0727108858884645e8	5.687436217798118e7
0.2745599999999942	44559.00886292031	2.072710815191011e8	5.694067302927272e7
0.2748799999999942	44559.42652556347	2.0727107444476077e8	5.700698387473685e7
0.27519999999999417	44559.84471871622	2.072710673602689e8	5.7073294712996915e7
0.27551999999999416	44560.26321259856	2.0727106027176842e8	5.713960554556868e7
0.27583999999999415	44560.682054755685	2.0727105317662945e8	5.720591637175703e7
0.27615999999999413	44561.10128743584	2.072710460753779e8	5.727222719173104e7
0.2764799999999941	44561.520957055494	2.0727103896488744e8	5.7338538004653715e7
0.2767999999999941	44561.94102282564	2.0727103184957975e8	5.7404848811710164e7
0.2771199999999941	44562.36143204656	2.072710247281248e8	5.747115961248872e7
0.2774399999999941	44562.78225735734	2.0727101759791657e8	5.753747040631262e7
0.27775999999999407	44563.20339193702	2.0727101046295688e8	5.760378119420747e7
0.27807999999999405	44563.62497670758	2.0727100331971624e8	5.7670091975288644e7
0.27839999999999404	44564.04696541902	2.0727099616981983e8	5.773640274996685e7
0.27871999999999403	44564.469332329194	2.0727098901288256e8	5.780271351810941e7
0.279039999999994	44564.89203074329	2.0727098185105294e8	5.7869024280275054e7
0.279359999999994	44565.31517919843	2.072709746811112e8	5.793533503564472e7
0.279679999999994	44565.73868563663	2.0727096750449038e8	5.800164578454466e7
0.279999999999994	44566.16263470478	2.0727096032107368e8	5.806795652699637e7
0.28031999999999396	44566.58697551705	2.072709531295357e8	5.813426726258474e7
0.28063999999999395	44567.01165098961	2.0727094593220678e8	5.820057799191451e7
0.28095999999999394	44567.436713079216	2.0727093872936958e8	5.826688871509659e7
0.2812799999999939	44567.862156305964	2.0727093151962194e8	5.8333199431726985e7
0.2815999999999939	44568.28809871066	2.0727092430044702e8	5.839951014117473e7
0.2819199999999939	44568.71437494253	2.0727091707692534e8	5.8465820844743885e7
0.2822399999999939	44569.14099668729	2.072709098450772e8	5.85321315413151e7
0.28255999999999387	44569.5680722684	2.0727090260653335e8	5.8598442231418565e7
0.28287999999999386	44569.99554544053	2.0727089536173257e8	5.866475291513118e7
0.28319999999999385	44570.42335297527	2.072708881102604e8	5.873106359228388e7
0.28351999999999383	44570.851669342985	2.0727088084979433e8	5.8797374262336455e7
0.2838399999999938	44571.280285309615	2.0727087358447373e8	5.886368492630487e7
0.2841599999999938	44571.70925344415	2.072708663121494e8	5.892999558361108e7
0.2844799999999938	44572.138750258404	2.072708590323214e8	5.899630623423209e7
0.2847999999999938	44572.56851761208	2.0727085174587575e8	5.906261687822792e7
0.28511999999999377	44572.99881533504	2.072708444515302e8	5.91289275154121e7
0.28543999999999375	44573.42944988143	2.0727083715111142e8	5.919523814615966e7
0.28575999999999374	44573.86046954339	2.0727082984330562e8	5.926154877012348e7
0.28607999999999373	44574.29191220054	2.0727082252781877e8	5.932785938723905e7
0.2863999999999937	44574.72377191768	2.0727081520731142e8	5.9394169998256326e7
0.2867199999999937	44575.1559868581	2.0727080787847167e8	5.94604806021764e7
0.2870399999999937	44575.58857387464	2.0727080054356924e8	5.952679119965443e7
0.2873599999999937	44576.02166931238	2.0727079319995558e8	5.959310179002035e7
0.28767999999999366	44576.45518124975	2.0727078584902704e8	5.965941237360149e7
0.28799999999999365	44576.88896906961	2.072707784933558e8	5.972572295103114e7
0.28831999999999364	44577.32323079673	2.0727077112960222e8	5.979203352148249e7
0.2886399999999936	44577.75791551901	2.072707637581176e8	5.9858344085012525e7
0.2889599999999936	44578.19302870942	2.0727075637977383e8	5.9924654641869254e7
0.2892799999999936	44578.62847959511	2.0727074899481952e8	5.999096519205308e7
0.2895999999999936	44579.064364270635	2.0727074160269248e8	6.005727573546279e7
0.28991999999999357	44579.50064375199	2.072707342033996e8	6.012358627206539e7
0.29023999999999356	44579.937385669524	2.0727072679625502e8	6.0189896801702574e7
0.29055999999999355	44580.37450410083	2.0727071938203365e8	6.025620732453055e7
0.29087999999999353	44580.81199657576	2.0727071196204358e8	6.032251784092091e7
0.2911999999999935	44581.24992983351	2.07270704534349e8	6.038882835035135e7
0.2915199999999935	44581.688260164156	2.072706970992269e8	6.045513885286384e7
0.2918399999999935	44582.1270419349	2.0727068965685132e8	6.052144934854016e7
0.2921599999999935	44582.56619553681	2.0727068220742187e8	6.058775983737487e7
0.29247999999999347	44583.00579692484	2.0727067475032362e8	6.065407031923474e7
0.29279999999999345	44583.44573330861	2.0727066728691715e8	6.072038079443058e7
0.29311999999999344	44583.886166399985	2.072706598153746e8	6.078669126253455e7
0.29343999999999343	44584.32701767286	2.0727065233670536e8	6.085300172377907e7
0.2937599999999934	44584.76819016544	2.072706448516642e8	6.0919312178310126e7
0.2940799999999934	44585.20984160252	2.072706373587833e8	6.098562262580101e7
0.2943999999999934	44585.65193554021	2.0727062985781825e8	6.105193306614604e7
0.2947199999999934	44586.094356836926	2.0727062235157833e8	6.1118243500083774e7
0.29503999999999336	44586.53732346046	2.072706148365464e8	6.118455392672482e7
0.29535999999999335	44586.98060629936	2.0727060731501767e8	6.125086434657666e7
0.29567999999999334	44587.42438756655	2.072705997852787e8	6.131717475925448e7
0.2959999999999933	44587.86851813998	2.0727059224845612e8	6.13834851649784e7
0.2963199999999933	44588.31304873923	2.0727058470438707e8	6.144979556372873e7
0.2966399999999933	44588.758064868816	2.0727057715305755e8	6.1516105955554105e7
0.2969599999999933	44589.20343622973	2.0727056959554243e8	6.158241634067469e7
0.29727999999999327	44589.64925737796	2.0727056202874044e8	6.1648726718228705e7
0.29759999999999326	44590.09559332401	2.0727055445541456e8	6.171503708907473e7
0.29791999999999325	44590.54220880303	2.072705468756576e8	6.1781347453068465e7
0.29823999999999323	44590.989315081824	2.072705392875449e8	6.1847657809777744e7
0.2985599999999932	44591.436846805256	2.0727053169202292e8	6.191396815943078e7
0.2988799999999932	44591.8847757131	2.0727052408853695e8	6.198027850183446e7
0.2991999999999932	44592.33320406453	2.0727051647691923e8	6.204658883700223e7
0.2995199999999932	44592.78196546588	2.0727050886038515e8	6.211289916577232e7
0.29983999999999317	44593.23122483748	2.0727050123439813e8	6.21792094868949e7
0.30015999999999315	44593.68081935605	2.0727049360279495e8	6.224551980139813e7
0.30047999999999314	44594.130858326505	2.07270485963174e8	6.231183010863111e7
0.30079999999999313	44594.58140332986	2.0727047831472996e8	6.237814040838656e7
0.3011199999999931	44595.03235356304	2.0727047065917325e8	6.244445070110008e7
0.3014399999999931	44595.48369524739	2.0727046299762353e8	6.251076098709236e7
0.3017599999999931	44595.93550643091	2.0727045532700214e8	6.2577071265482746e7
0.3020799999999931	44596.38772913777	2.0727044764957517e8	6.264338153690615e7
0.30239999999999306	44596.84039229995	2.0727043996364582e8	6.270969180086272e7
0.30271999999999305	44597.29348685887	2.07270432271679e8	6.277600205808374e7
0.30303999999999304	44597.747072842336	2.072704245699952e8	6.284231230748978e7
0.303359999999993	44598.20098414491	2.072704168622142e8	6.290862255005345e7
0.303679999999993	44598.65528345742	2.072704091485769e8	6.2974932785885364e7
0.303999999999993	44599.110201934476	2.072704014235756e8	6.304124301346608e7
0.304319999999993	44599.56546435874	2.0727039369257948e8	6.310755323422658e7
0.30463999999999297	44600.021076339624	2.0727038595551842e8	6.317386344814332e7
0.30495999999999296	44600.477305005064	2.072703782085706e8	6.3240173654230304e7
0.30527999999999295	44600.933785532805	2.072703704566525e8	6.33064838537249e7
0.30559999999999293	44601.39078455453	2.0727036269542724e8	6.337279404548189e7
0.3059199999999929	44601.84824824522	2.0727035492604342e8	6.343910422980588e7
0.3062399999999929	44602.306081248054	2.0727034715017295e8	6.350541440713442e7
0.3065599999999929	44602.76442902287	2.072703393655139e8	6.357172457685612e7
0.3068799999999929	44603.223202036075	2.0727033157165915e8	6.363803473877508e7
0.30719999999999287	44603.68237224947	2.07270323774141e8	6.370434489456213e7
0.30751999999999285	44604.1420104447	2.07270315966828e8	6.377065504237686e7
0.30783999999999284	44604.60209519886	2.0727030815180483e8	6.383696518283633e7
0.30815999999999283	44605.06261691029	2.0727030032884565e8	6.390327531585647e7
0.3084799999999928	44605.523534155494	2.072702924992569e8	6.396958544180362e7
0.3087999999999928	44605.98497851523	2.0727028465974048e8	6.403589555974352e7
0.3091199999999928	44606.44680278599	2.072702768140478e8	6.410220567072408e7
0.3094399999999928	44606.90919108158	2.0727026895910016e8	6.416851577391345e7
0.30975999999999276	44607.371817379666	2.072702610995985e8	6.423482587053336e7
0.31007999999999275	44607.83501058223	2.0727025323037198e8	6.4301135959202744e7
0.31039999999999274	44608.29868306435	2.0727024535121268e8	6.4367446039786756e7
0.3107199999999927	44608.76274993693	2.0727023746798903e8	6.4433756114040315e7
0.3110399999999927	44609.227260249776	2.0727022957581246e8	6.450006618047242e7
0.3113599999999927	44609.69224613817	2.0727022167483202e8	6.456637623914256e7
0.3116799999999927	44610.15767500103	2.072702137661185e8	6.463268629035316e7
0.31199999999999267	44610.62358662856	2.07270205847788e8	6.469899633353594e7
0.31231999999999266	44611.08987790617	2.0727019792487338e8	6.476530637018217e7
0.31263999999999265	44611.55658789614	2.072701899941567e8	6.483161639930788e7
0.31295999999999263	44612.023841415285	2.0727018205361965e8	6.489792642035929e7
0.3132799999999926	44612.491588117824	2.0727017410431442e8	6.496423643362148e7
0.3135999999999926	44612.9597643249	2.0727016614747906e8	6.503054643943013e7
0.3139199999999926	44613.42830231535	2.0727015818372577e8	6.509685643792331e7
0.3142399999999926	44613.89736346391	2.072701502122383e8	6.51631664289482e7
0.31455999999999257	44614.3668004305	2.0727014223232794e8	6.5229476412179224e7
0.31487999999999255	44614.836824252154	2.072701342442662e8	6.5295786387838036e7
0.31519999999999254	44615.30722139224	2.0727012624841246e8	6.536209635588327e7
0.31551999999999253	44615.778103552744	2.0727011824482927e8	6.54284063164033e7
0.3158399999999925	44616.249429206444	2.0727011023271793e8	6.549471626910956e7
0.3161599999999925	44616.72120753772	2.072701022120296e8	6.556102621398429e7
0.3164799999999925	44617.193417613395	2.0727009418572274e8	6.5627336151940785e7
0.3167999999999925	44617.66615974127	2.0727008614958704e8	6.5693646081707954e7
0.31711999999999246	44618.13929116168	2.0727007810535842e8	6.575995600372885e7
0.31743999999999245	44618.612953473465	2.072700700525113e8	6.582626591792514e7
0.31775999999999244	44619.08703944245	2.072700619925962e8	6.589257582470759e7
0.3180799999999924	44619.56156671823	2.0727005392438233e8	6.5958885723689534e7
0.3183999999999924	44620.036568325944	2.072700458482782e8	6.602519561501517e7
0.3187199999999924	44620.51204912202	2.0727003776346374e8	6.609150549841841e7
0.3190399999999924	44620.9880736608	2.0727002966894236e8	6.6157815373616435e7
0.31935999999999237	44621.46435073808	2.0727002157105777e8	6.622412524242711e7
0.31967999999999236	44621.94134520011	2.0727001345936447e8	6.6290435101824015e7
0.31999999999999235	44622.41861120597	2.0727000534297627e8	6.635674495440645e7
0.32031999999999233	44622.89645387701	2.072699972176854e8	6.6423054799029164e7
0.3206399999999923	44623.37470329333	2.0726998908472332e8	6.648936463596252e7
0.3209599999999923	44623.853429417875	2.072699809434803e8	6.6555674465050556e7
0.3212799999999923	44624.33263244389	2.0726997279382324e8	6.662198428624223e7
0.3215999999999923	44624.81232896041	2.0726996463529575e8	6.668829409939348e7
0.32191999999999227	44625.292491507666	2.0726995646864045e8	6.675460390471578e7
0.32223999999999225	44625.7731426082	2.0726994829328012e8	6.6820913702030115e7
0.32255999999999224	44626.25421091417	2.0726994010884744e8	6.688722349116086e7
0.32287999999999223	44626.73580805822	2.0726993191870522e8	6.695353327326028e7
0.3231999999999922	44627.21785946642	2.072699237198587e8	6.7019843047304004e7
0.3235199999999922	44627.70037956103	2.0726991551207075e8	6.708615281321628e7
0.3238399999999922	44628.18335270132	2.0726990729551437e8	6.715246257103352e7
0.3241599999999922	44628.666833316056	2.072698990704587e8	6.72187723208709e7
0.32447999999999216	44629.15079005753	2.072698908374556e8	6.728508206287767e7
0.32479999999999215	44629.63519408674	2.0726988259744468e8	6.735139179733145e7
0.32511999999999214	44630.12007916495	2.0726987434622392e8	6.741770152288172e7
0.3254399999999921	44630.60547046221	2.0726986608930853e8	6.748401124132909e7
0.3257599999999921	44631.09140290881	2.0726985782120296e8	6.755032095090094e7
0.3260799999999921	44631.57768907333	2.0726984954722968e8	6.761663065319525e7
0.3263999999999921	44632.06447785564	2.072698412642262e8	6.768294034727407e7
0.3267199999999921	44632.55172918117	2.0726983297283682e8	6.774925003331183e7
0.32703999999999206	44633.03960836933	2.0726982467101422e8	6.781555971074168e7
0.32735999999999205	44633.52784691378	2.0726981636253744e8	6.788186938060956e7
0.32767999999999203	44634.01655848529	2.072698080466585e8	6.794817904274e7
0.327999999999992	44634.505800451494	2.072697997205266e8	6.801448869622898e7
0.328319999999992	44634.995544067075	2.0726979138529935e8	6.808079834142688e7
0.328639999999992	44635.485731217675	2.072697830435322e8	6.814710797912526e7
0.328959999999992	44635.97642353535	2.0726977469294488e8	6.821341760860874e7
0.32927999999999197	44636.46758739688	2.072697663324713e8	6.82797272294947e7
0.32959999999999195	44636.959257719405	2.0726975796406376e8	6.834603684244013e7
0.32991999999999194	44637.45147590366	2.0726974958692458e8	6.841234644720146e7
0.33023999999999193	44637.944009911116	2.0726974120292792e8	6.847865604423332e7
0.3305599999999919	44638.43719561228	2.0726973280791485e8	6.854496563237889e7
0.3308799999999919	44638.93074247174	2.072697244060868e8	6.861127521282272e7
0.3311999999999919	44639.42491139691	2.0726971599400905e8	6.867758478459486e7
0.3315199999999919	44639.91958152468	2.0726970757387945e8	6.874389434833269e7
0.33183999999999186	44640.41461232071	2.072696991454332e8	6.881020390384623e7
0.33215999999999185	44640.91022853655	2.0726969070828483e8	6.887651345114923e7
0.33247999999999184	44641.40630591501	2.0726968226228765e8	6.894282299010102e7
0.3327999999999918	44641.90285689985	2.072696738074868e8	6.900913252071604e7
0.3331199999999918	44642.400004186136	2.0726966534359732e8	6.907544204297224e7
0.3334399999999918	44642.8975353485	2.0726965687242368e8	6.914175155732042e7
0.3337599999999918	44643.39564674507	2.072696483905363e8	6.920806106273939e7
0.3340799999999918	44643.894240352696	2.072696399011393e8	6.927437056022345e7
0.33439999999999176	44644.39326695216	2.072696314038718e8	6.934068004961151e7
0.33471999999999175	44644.89284222	2.0726962289671648e8	6.94069895302973e7
0.33503999999999173	44645.39290416685	2.0726961438063908e8	6.947329900255315e7
0.3353599999999917	44645.893503769046	2.072696058552151e8	6.953960846626157e7
0.3356799999999917	44646.3945357201	2.072695973225705e8	6.960591792205672e7
0.3359999999999917	44646.89612813009	2.0726958878096038e8	6.967222736943005e7
0.3363199999999917	44647.39821587354	2.072695802297064e8	6.973853680810104e7
0.33663999999999167	44647.90077152551	2.0726957166952243e8	6.98048462382821e7
0.33695999999999166	44648.403901502366	2.0726956310017976e8	6.987115565995769e7
0.33727999999999164	44648.907449516344	2.072695545232905e8	6.993746507355863e7
0.33759999999999163	44649.41154884247	2.0726954593593034e8	7.00037744781783e7
0.3379199999999916	44649.916180740925	2.0726953734120783e8	7.007008387484415e7
0.3382399999999916	44650.42126048731	2.0726952873692998e8	7.01363932627508e7
0.3385599999999916	44650.92696026494	2.0726952012277126e8	7.020270264189228e7
0.3388799999999916	44651.433045268794	2.0726951150123206e8	7.026901201295066e7
0.33919999999999156	44651.93969197701	2.0726950286970726e8	7.033532137515141e7
0.33951999999999155	44652.44681522448	2.0726949422956762e8	7.040163072889356e7
0.33983999999999154	44652.95452093783	2.0726948558019847e8	7.046794007402943e7
0.3401599999999915	44653.462713799614	2.072694769216669e8	7.053424941050953e7
0.3404799999999915	44653.971381589836	2.0726946825440386e8	7.060055873846325e7
0.3407999999999915	44654.48066964157	2.0726945957701296e8	7.066686805750169e7
0.3411199999999915	44654.99035457121	2.0726945089283317e8	7.073317736860631e7
0.3414399999999915	44655.50058142356	2.0726944219762805e8	7.079948667041926e7
0.34175999999999146	44656.01131455143	2.072694334953632e8	7.086579596426125e7
0.34207999999999145	44656.52261377205	2.072694247820048e8	7.09321052487845e7
0.34239999999999143	44657.034376702344	2.0726941606084657e8	7.099841452503821e7
0.3427199999999914	44657.54665581077	2.0726940733049822e8	7.106472379257251e7
0.3430399999999914	44658.0595947496	2.072693985884085e8	7.113103305059724e7
0.3433599999999914	44658.572880443935	2.072693898401951e8	7.119734230082381e7
0.3436799999999914	44659.086725625624	2.0726938108338338e8	7.126365154253519e7
0.34399999999999137	44659.60111918877	2.0726937231564903e8	7.132996077491567e7
0.34431999999999136	44660.11609241611	2.0726936353854924e8	7.139626999851096e7
0.34463999999999134	44660.631479316435	2.0726935475275087e8	7.146257921343255e7
0.34495999999999133	44661.147430287216	2.0726934595843735e8	7.15288884198335e7
0.3452799999999913	44661.66389899324	2.072693371555477e8	7.159519761765365e7
0.3455999999999913	44662.18098804321	2.072693283394651e8	7.166150680535592e7
0.3459199999999913	44662.69853259304	2.0726931951699057e8	7.172781598517178e7
0.3462399999999913	44663.21656121089	2.0726931068557873e8	7.179412515623204e7
0.34655999999999126	44663.73518700176	2.0726930184387243e8	7.186043431813121e7
0.34687999999999125	44664.25427066317	2.0726929299415767e8	7.192674347156087e7
0.34719999999999124	44664.77396046118	2.0726928413270208e8	7.199305261531374e7
0.3475199999999912	44665.29415383853	2.07269275263025e8	7.205936175053413e7
0.3478399999999912	44665.81485535063	2.072692663849519e8	7.21256708771559e7
0.3481599999999912	44666.336101285	2.072692574970058e8	7.219197999467997e7
0.3484799999999912	44666.857844939106	2.072692486018076e8	7.225828910397923e7
0.3487999999999912	44667.38021373773	2.0726923969255972e8	7.23245982027582e7
0.34911999999999116	44667.9030429615	2.0726923077682906e8	7.239090729353733e7
0.34943999999999115	44668.4264822778	2.072692218506511e8	7.2457216375022e7
0.34975999999999113	44668.95045143916	2.0726921291539755e8	7.252352544762915e7
0.3500799999999911	44669.474907050215	2.072692039708239e8	7.258983451123577e7
0.3503999999999911	44669.99992772323	2.072691950164004e8	7.265614356569791e7
0.3507199999999911	44670.52543599244	2.0726918605324847e8	7.272245261134852e7
0.3510399999999911	44671.05140980824	2.0726917708248204e8	7.278876164855555e7
0.35135999999999107	44671.578063625675	2.0726916810032243e8	7.285507067612264e7
0.35167999999999106	44672.105326616176	2.072691591057947e8	7.292137969364938e7
0.35199999999999104	44672.63295708716	2.0726915010533693e8	7.298768870323293e7
0.35231999999999103	44673.161202804935	2.0726914109417337e8	7.305399770334513e7
0.352639999999991	44673.69000416474	2.0726913207453972e8	7.312030669472493e7
0.352959999999991	44674.21940403711	2.0726912304279828e8	7.31866156761074e7
0.353279999999991	44674.749257776	2.072691140026815e8	7.325292464870545e7
0.353599999999991	44675.27966051791	2.072691049535008e8	7.331923361232857e7
0.35391999999999096	44675.81070843681	2.0726909589385018e8	7.338554256653209e7
0.35423999999999095	44676.34216479011	2.0726908682624656e8	7.345185151204404e7
0.35455999999999094	44676.87430256009	2.0726907774635258e8	7.351816044749473e7
0.3548799999999909	44677.40686181054	2.0726906865987697e8	7.358446937472995e7
0.3551999999999909	44677.94007719543	2.0726905956054723e8	7.365077829166627e7
0.3555199999999909	44678.47380329666	2.0726905045333636e8	7.3717087199965e7
0.3558399999999909	44679.00807080604	2.0726904133703363e8	7.378339609920706e7
0.3561599999999909	44679.54298695117	2.0726903220888302e8	7.384970498847061e7
0.35647999999999086	44680.07834240403	2.0726902307211816e8	7.391601386876169e7
0.35679999999999085	44680.61422706999	2.0726901392654908e8	7.398232274006167e7
0.35711999999999083	44681.15087802828	2.0726900476780576e8	7.404863160095336e7
0.3574399999999908	44681.68774380466	2.072689956034122e8	7.411494045375842e7
0.3577599999999908	44682.22544760612	2.0726898642637995e8	7.418124929637125e7
0.3580799999999908	44682.763632644564	2.0726897724016973e8	7.424755812978914e7
0.3583999999999908	44683.302280843694	2.0726896804701042e8	7.431386695479001e7
0.35871999999999077	44683.84164135247	2.072689588398792e8	7.438017576900733e7
0.35903999999999076	44684.381486600156	2.0726894962406474e8	7.444648457417993e7
0.35935999999999074	44684.92190796465	2.0726894039910185e8	7.451279337019044e7
0.35967999999999073	44685.4629493414	2.072689311627978e8	7.457910215626891e7
0.3599999999999907	44686.004397666584	2.0726892191955787e8	7.464541093385342e7
0.3603199999999907	44686.54654108994	2.0726891266362655e8	7.47117197010474e7
0.3606399999999907	44687.08928595419	2.0726890339767575e8	7.477802845874172e7
0.3609599999999907	44687.63249301911	2.0726889412461108e8	7.484433720788601e7
0.36127999999999066	44688.17628209451	2.072688848378054e8	7.49106459461553e7
0.36159999999999065	44688.72066546165	2.072688755438195e8	7.497695467591602e7
0.36191999999999064	44689.26564948594	2.072688662373415e8	7.504326339524232e7
0.3622399999999906	44689.811139261314	2.0726885692247176e8	7.510957210554641e7
0.3625599999999906	44690.35726972051	2.072688475971351e8	7.517588080615336e7
0.3628799999999906	44690.90391356236	2.072688382610913e8	7.524218949688427e7
0.3631999999999906	44691.451061115855	2.0726882891855046e8	7.53084981792513e7
0.3635199999999906	44691.99896266165	2.0726881956069314e8	7.537480685020097e7
0.36383999999999056	44692.54726747581	2.0726881019782582e8	7.544111551324466e7
0.36415999999999055	44693.09634412118	2.0726880081904185e8	7.550742416463977e7
0.36447999999999053	44693.64580052499	2.072687914329343e8	7.557373280725309e7
0.3647999999999905	44694.19591748253	2.0726878203756914e8	7.564004144055004e7
0.3651199999999905	44694.746646256855	2.072687726301221e8	7.5706350063459e7
0.3654399999999905	44695.2978388276	2.0726876321551606e8	7.577265867767283e7
0.3657599999999905	44695.849783549726	2.0726875378763658e8	7.58389672811307e7
0.36607999999999047	44696.40222305302	2.072687443494836e8	7.590527587475422e7
0.36639999999999046	44696.9551378289	2.07268734904121e8	7.597158445964329e7
0.36671999999999044	44697.50878248271	2.0726872544536245e8	7.60378930336831e7
0.36703999999999043	44698.06302813221	2.0726871597631067e8	7.610420159791738e7
0.3673599999999904	44698.61771389944	2.072687065000883e8	7.617051015338098e7
0.3676799999999904	44699.17306056553	2.072686970113356e8	7.623681869823554e7
0.3679999999999904	44699.728990913165	2.0726868751293942e8	7.630312723348197e7
0.3683199999999904	44700.285510463	2.072686780033221e8	7.636943575853284e7
0.36863999999999036	44700.842670655984	2.0726866848285612e8	7.643574427354664e7
0.36895999999999035	44701.400430622874	2.0726865895251158e8	7.65020527788444e7
0.36927999999999034	44701.95866420085	2.0726864941220748e8	7.656836127430665e7
0.3695999999999903	44702.51756841154	2.072686398613861e8	7.663466975984141e7
0.3699199999999903	44703.076962209256	2.0726863030076444e8	7.670097823558912e7
0.3702399999999903	44703.63711209759	2.0726862072881484e8	7.676728670114212e7
0.3705599999999903	44704.1977002005	2.0726861114781368e8	7.683359515713224e7
0.3708799999999903	44704.75900423214	2.0726860155357158e8	7.689990360217136e7
0.37119999999999026	44705.320913879295	2.0726859194974023e8	7.696621203753221e7
0.37151999999999025	44705.88330066724	2.0726858233659905e8	7.703252046322806e7
0.37183999999999023	44706.44635439099	2.0726857271152225e8	7.709882887839238e7
0.3721599999999902	44707.01001296515	2.0726856307814616e8	7.716513728432739e7
0.3724799999999902	44707.574252937164	2.0726855343214986e8	7.723144567940035e7
0.3727999999999902	44708.13906232287	2.0726854377576038e8	7.729775406442133e7
0.3731199999999902	44708.70456733163	2.0726853410928226e8	7.736406243957253e7
0.37343999999999017	44709.270597005125	2.0726852443101218e8	7.743037080410042e7
0.37375999999999016	44709.83729015077	2.0726851474350008e8	7.749667915903313e7
0.37407999999999014	44710.40459525969	2.0726850504395512e8	7.756298750328496e7
0.37439999999999013	44710.972380081745	2.072684953367164e8	7.762929583838557e7
0.3747199999999901	44711.54086980121	2.0726848561572146e8	7.769560416219617e7
0.3750399999999901	44712.109946997785	2.072684758843436e8	7.776191247589464e7
0.3753599999999901	44712.67968083889	2.072684661429382e8	7.782822077964707e7
0.3756799999999901	44713.24998491624	2.072684563883057e8	7.789452907218722e7
0.37599999999999006	44713.82083272006	2.0726844662747672e8	7.79608373561288e7
0.37631999999999005	44714.3923441309	2.072684368530597e8	7.802714562875855e7
0.37663999999999004	44714.96444455943	2.0726842706995746e8	7.809345389186288e7
0.37695999999999	44715.53724759688	2.0726841727322793e8	7.815976214364067e7
0.37727999999999	44716.110528194105	2.0726840746781006e8	7.822607038580143e7
0.37759999999999	44716.68461748759	2.0726839764966446e8	7.829237861701715e7
0.37791999999999	44717.25914501422	2.072683878219329e8	7.835868683823173e7
0.37823999999999	44717.83441934523	2.072683779804901e8	7.842499504806706e7
0.37855999999998996	44718.41026300781	2.0726836813164657e8	7.84913032487879e7
0.37887999999998995	44718.98666900094	2.0726835827125293e8	7.855761143881007e7
0.37919999999998993	44719.56375067289	2.0726834839928165e8	7.862391961818193e7
0.3795199999999899	44720.14145782046	2.072683385168685e8	7.869022778729159e7
0.3798399999999899	44720.71970421805	2.0726832862340984e8	7.875653594584566e7
0.3801599999999899	44721.29868638272	2.0726831871820927e8	7.88228440936901e7
0.3804799999999899	44721.87818994446	2.0726830880231446e8	7.888915223107874e7
0.38079999999998987	44722.4584580392	2.0726829887486145e8	7.895546035782236e7
0.38111999999998986	44723.039205899986	2.072682889383499e8	7.902176847468556e7
0.38143999999998984	44723.6206173948	2.0726827898774397e8	7.908807657985204e7
0.38175999999998983	44724.20270759446	2.0726826902781716e8	7.915438467513932e7
0.3820799999999898	44724.78544813474	2.0726825905626282e8	7.92206927596389e7
0.3823999999999898	44725.368734692485	2.072682490745703e8	7.928700083384413e7
0.3827199999999898	44725.95271738784	2.0726823908050942e8	7.935330889698385e7
0.3830399999999898	44726.5373123784	2.072682290751358e8	7.941961694939815e7
0.38335999999998976	44727.12261120043	2.07268219057769e8	7.948592499087118e7
0.38367999999998975	44727.70839618282	2.0726820903233564e8	7.955223302276315e7
0.38399999999998974	44728.294898821645	2.0726819899340478e8	7.961854104312298e7
0.3843199999999897	44728.882036739735	2.072681889442221e8	7.968484905313368e7
0.3846399999999897	44729.469747622934	2.0726817888254607e8	7.975115705188428e7
0.3849599999999897	44730.05820195851	2.0726816880952325e8	7.981746503990847e7
0.3852799999999897	44730.64721639863	2.072681587270099e8	7.98837730177971e7
0.3855999999999897	44731.23694228133	2.0726814863124242e8	7.995008098418228e7
0.38591999999998966	44731.82726705435	2.0726813852552283e8	8.001638894025578e7
0.38623999999998965	44732.41818470325	2.0726812840799165e8	8.00826968852856e7
0.38655999999998963	44733.00986683862	2.072681182791353e8	8.01490048195531e7
0.3868799999999896	44733.60206914222	2.0726810814001855e8	8.021531274330886e7
0.3871999999999896	44734.19505035149	2.072680979861964e8	8.028162065497994e7
0.3875199999999896	44734.788608732284	2.072680878237531e8	8.034792855678572e7
0.3878399999999896	44735.38285547074	2.0726807764732918e8	8.04142364467068e7
0.38815999999998957	44735.97769039407	2.0726806745992956e8	8.048054432583418e7
0.38847999999998956	44736.57324094208	2.0726805726122028e8	8.054685219410498e7
0.38879999999998954	44737.1692515569	2.0726804705535588e8	8.061316005296676e7
0.38911999999998953	44737.766079317895	2.0726803683435988e8	8.067946789952649e7
0.3894399999999895	44738.36365443639	2.0726802660032585e8	8.074577573454158e7
0.3897599999999895	44738.961714624726	2.0726801635612577e8	8.081208355895813e7
0.3900799999999895	44739.560458583655	2.0726800610145193e8	8.087839137276709e7
0.3903999999999895	44740.15988883431	2.0726799583376977e8	8.094469917496978e7
0.39071999999998946	44740.76000324019	2.0726798555631283e8	8.101100696681513e7
0.39103999999998945	44741.360696388976	2.0726797526546904e8	8.10773147468165e7
0.39135999999998944	44741.962082778904	2.0726796496223146e8	8.114362251541878e7
0.3916799999999894	44742.56421309659	2.0726795464826915e8	8.120993027329397e7
0.3919999999999894	44743.16688914304	2.072679443241545e8	8.127623802053496e7
0.3923199999999894	44743.77027679993	2.0726793398624614e8	8.134254575580369e7
0.3926399999999894	44744.3743294012	2.0726792363789538e8	8.140885348037374e7
0.3929599999999894	44744.97912696438	2.0726791327430698e8	8.147516119239871e7
0.39327999999998936	44745.58447212416	2.072679029030091e8	8.154146889470413e7
0.39359999999998935	44746.1905452801	2.072678925175754e8	8.160777658486213e7
0.39391999999998933	44746.79727686988	2.072678821200481e8	8.16740842636207e7
0.3942399999999893	44747.40466813224	2.072678717124575e8	8.17403919317688e7
0.3945599999999893	44748.01269653959	2.0726786129217544e8	8.180669958824551e7
0.3948799999999893	44748.621450990424	2.0726785086087573e8	8.187300723375282e7
0.3951999999999893	44749.230887648904	2.0726784041608456e8	8.193931486727524e7
0.39551999999998927	44749.8410017976	2.072678299598743e8	8.200562248961602e7
0.39583999999998926	44750.45172057187	2.0726781949285054e8	8.207193010095923e7
0.39615999999998924	44751.06319020819	2.072678090134754e8	8.213823770077296e7
0.39647999999998923	44751.675300234885	2.0726779852080262e8	8.220454528860278e7
0.3967999999999892	44752.28807294609	2.0726778801689795e8	8.227085286526847e7
0.3971199999999892	44752.90152238739	2.0726777750089914e8	8.233716043042465e7
0.3974399999999892	44753.51573026222	2.0726776697265548e8	8.240346798404838e7
0.3977599999999892	44754.13065305989	2.0726775643125468e8	8.246977552573812e7
0.39807999999998916	44754.746014870805	2.0726774587936953e8	8.253608305637844e7
0.39839999999998915	44755.362252424195	2.0726773531697315e8	8.260239057621092e7
0.39871999999998914	44755.97917821691	2.0726772473995197e8	8.266869808347167e7
0.3990399999999891	44756.5967502705	2.0726771415053913e8	8.273500557901193e7
0.3993599999999891	44757.21504258752	2.072677035491009e8	8.280131306300986e7
0.3996799999999891	44757.833995144974	2.0726769293642434e8	8.286762053573179e7
0.3999999999999891	44758.453704046566	2.0726768230969566e8	8.293392799609843e7
0.4003199999999891	44759.07389510373	2.0726767167545193e8	8.300023544654807e7
0.40063999999998906	44759.69505171173	2.0726766102284145e8	8.306654288301513e7
0.40095999999998905	44760.31663899872	2.0726765036167112e8	8.31328503090928e7
0.40127999999998903	44760.93907940524	2.0726763968767035e8	8.31991577233117e7
0.401599999999989	44761.56218667996	2.0726762900136518e8	8.326546512575848e7
0.401919999999989	44762.18606332341	2.0726761830065647e8	8.333177251563832e7
0.402239999999989	44762.810475993625	2.0726760759194228e8	8.33980798953707e7
0.402559999999989	44763.43567914765	2.072675968675501e8	8.346438726201084e7
0.40287999999998897	44764.061645826696	2.0726758612861845e8	8.353069461598547e7
0.40319999999998896	44764.68826972135	2.0726757538141897e8	8.35970019597452e7
0.40351999999998894	44765.31559012564	2.0726756461975142e8	8.3663309290803e7
0.40383999999998893	44765.94370817801	2.0726755384437084e8	8.37296166095095e7
0.4041599999999889	44766.57239662645	2.072675430585107e8	8.379592391702218e7
0.4044799999999889	44767.20181012105	2.0726753225975844e8	8.386223121244676e7
0.4047999999999889	44767.83193215733	2.0726752144835111e8	8.392853849585624e7
0.4051199999999889	44768.46280209267	2.0726751062429026e8	8.399484576726188e7
0.40543999999998886	44769.09436025028	2.0726749978808108e8	8.406115302682012e7
0.40575999999998885	44769.72666214205	2.0726748893693155e8	8.412746027341874e7
0.40607999999998884	44770.359553870556	2.0726747807683355e8	8.419376750938448e7
0.4063999999999888	44770.99322915876	2.072674672036726e8	8.426007473315105e7
0.4067199999999888	44771.62772587441	2.0726745631503108e8	8.432638194374433e7
0.4070399999999888	44772.26274353313	2.07267445416658e8	8.439268914331056e7
0.4073599999999888	44772.89867754107	2.0726743450250643e8	8.445899632961096e7
0.4076799999999888	44773.53526392187	2.0726742357602805e8	8.45253035038803e7
0.40799999999998876	44774.172570736824	2.0726741263765815e8	8.459161066632406e7
0.40831999999998875	44774.81048846805	2.072674016889742e8	8.465791781750944e7
0.40863999999998873	44775.44926964903	2.072673907232013e8	8.472422495480675e7
0.4089599999999887	44776.08866413812	2.0726737974738443e8	8.479053208093205e7
0.4092799999999887	44776.72891231251	2.0726736875642505e8	8.485683919393039e7
0.4095999999999887	44777.36976932709	2.0726735775510752e8	8.492314629560152e7
0.4099199999999887	44778.01146816207	2.072673467393545e8	8.498945338440098e7
0.41023999999998867	44778.65374314853	2.0726733571127906e8	8.505576046102434e7
0.41055999999998866	44779.296859082024	2.0726732466917938e8	8.512206752491656e7
0.41087999999998864	44779.94073876614	2.0726731361527112e8	8.518837457692826e7
0.41119999999998863	44780.585305491404	2.0726730254643768e8	8.525468161572069e7
0.4115199999999886	44781.23053193894	2.072672914685337e8	8.532098864367206e7
0.4118399999999886	44781.876542231585	2.0726728037512285e8	8.538729565819532e7
0.4121599999999886	44782.52330933851	2.0726726926784524e8	8.54536026599349e7
0.4124799999999886	44783.17082873711	2.0726725814874154e8	8.551990964971584e7
0.41279999999998856	44783.819096564075	2.0726724701651695e8	8.558621662698933e7
0.41311999999998855	44784.46801664055	2.0726723587084153e8	8.565252359154929e7
0.41343999999998854	44785.11775106232	2.0726722471159333e8	8.571883054342684e7
0.4137599999999885	44785.76818314907	2.072672135380178e8	8.578513748222755e7
0.4140799999999885	44786.419356681115	2.0726720235389563e8	8.58514444095282e7
0.4143999999999885	44787.07132517273	2.0726719115627035e8	8.591775132412407e7
0.4147199999999885	44787.72410451255	2.072671799423702e8	8.598405822486128e7
0.4150399999999885	44788.37749116381	2.0726716871760252e8	8.605036511384858e7
0.41535999999998846	44789.03163422801	2.0726715747993436e8	8.611667199031779e7
0.41567999999998845	44789.686554788816	2.0726714622975788e8	8.618297885443106e7
0.41599999999998843	44790.342245202286	2.0726713496343955e8	8.624928570465966e7
0.4163199999999884	44790.99871383819	2.0726712368525115e8	8.631559254277065e7
0.4166399999999884	44791.65588004392	2.072671123929845e8	8.638189936778484e7
0.4169599999999884	44792.313889842546	2.0726710108670083e8	8.64482061797987e7
0.4172799999999884	44792.9725966174	2.0726708976838794e8	8.651451297954202e7
0.41759999999998837	44793.63203157942	2.072670784360985e8	8.658081976620752e7
0.41791999999998836	44794.292278970664	2.0726706709158784e8	8.664712654056372e7
0.41823999999998834	44794.953326273004	2.0726705573054063e8	8.671343330078599e7
0.41855999999998833	44795.61494228891	2.0726704435939795e8	8.677974004941924e7
0.4188799999999883	44796.2775029024	2.0726703297253478e8	8.684604678431544e7
0.4191999999999883	44796.940835079964	2.072670215714155e8	8.691235350597197e7
0.4195199999999883	44797.60481820188	2.0726701015905482e8	8.697866021556912e7
0.4198399999999883	44798.269651529525	2.072669987304567e8	8.704496691111355e7
0.42015999999998827	44798.9352388415	2.0726698729005557e8	8.71112735943962e7
0.42047999999998825	44799.60157256474	2.07266975836353e8	8.717758026477061e7
0.42079999999998824	44800.26873429967	2.072669643659573e8	8.72438869208433e7
0.4211199999999882	44800.93665061814	2.0726695288362375e8	8.731019356455751e7
0.4214399999999882	44801.60517955637	2.0726694139144012e8	8.737650019669877e7
0.4217599999999882	44802.27467635943	2.072669298808671e8	8.744280681386092e7
0.4220799999999882	44802.94489983229	2.0726691835538387e8	8.75091134173545e7
0.4223999999999882	44803.61594988437	2.0726690681919292e8	8.757542000899729e7
0.42271999999998816	44804.28762878377	2.072668952682029e8	8.764172658693463e7
0.42303999999998815	44804.96021557584	2.072668837028554e8	8.770803315149948e7
0.42335999999998813	44805.633497501425	2.0726687212503052e8	8.777433970335045e7
0.4236799999999881	44806.3076748735	2.0726686053224078e8	8.784064624153648e7
0.4239999999999881	44806.98252537568	2.072668489253429e8	8.790695276627754e7
0.4243199999999881	44807.658290265	2.0726683730446413e8	8.797325927775228e7
0.4246399999999881	44808.33468208871	2.0726682567016092e8	8.803956577601735e7
0.42495999999998807	44809.01202941028	2.0726681402020362e8	8.810587226030065e7
0.42527999999998806	44809.69011384814	2.0726680235679868e8	8.817217873139909e7
0.42559999999998804	44810.368932821075	2.072667906810353e8	8.823848518976116e7
0.42591999999998803	44811.04857529318	2.0726677898932663e8	8.830479163389762e7
0.426239999999988	44811.729034376134	2.0726676728181198e8	8.837109806384782e7
0.426559999999988	44812.41018252765	2.0726675556405312e8	8.843740448189509e7
0.426879999999988	44813.09230719771	2.0726674383081573e8	8.850371088595922e7
0.427199999999988	44813.77512767445	2.0726673208085647e8	8.857001727533253e7
0.42751999999998797	44814.45865278791	2.072667203225336e8	8.863632365357661e7
0.42783999999998795	44815.143137739855	2.0726670854339927e8	8.870263001550314e7
0.42815999999998794	44815.82831389257	2.0726669675630638e8	8.876893636644065e7
0.4284799999999879	44816.5143980137	2.0726668494869635e8	8.883524270112365e7
0.4287999999999879	44817.20125528305	2.0726667312773204e8	8.890154902252601e7
0.4291199999999879	44817.888886853034	2.072666612958734e8	8.896785533169042e7
0.4294399999999879	44818.57731154924	2.0726664944695842e8	8.90341616259702e7
0.4297599999999879	44819.26653068523	2.072666375866456e8	8.910046790778077e7
0.43007999999998786	44819.95671599309	2.0726662570749468e8	8.916677417400837e7
0.43039999999998785	44820.64755163588	2.0726661381658396e8	8.923308042750062e7
0.43071999999998783	44821.33925992314	2.0726660191072288e8	8.929938666699792e7
0.4310399999999878	44822.03181492455	2.0726658998934293e8	8.936569289222527e7
0.4313599999999878	44822.72513552784	2.0726657805475864e8	8.943199910411923e7
0.4316799999999878	44823.4192618272	2.072665661053379e8	8.949830530198461e7
0.4319999999999878	44824.11430631855	2.0726655413881442e8	8.956461148489128e7
0.43231999999998777	44824.81013875244	2.0726654215985975e8	8.96309176547676e7
0.43263999999998776	44825.50665812787	2.0726653016800556e8	8.969722381134094e7
0.43295999999998774	44826.204194139056	2.0726651815800673e8	8.976352995251429e7
0.43327999999998773	44826.90243292082	2.0726650613608238e8	8.982983608078602e7
0.4335999999999877	44827.60145413856	2.0726649409863433e8	8.989614219462892e7
0.4339199999999877	44828.30139280705	2.0726648204609808e8	8.996244829429276e7
0.4342399999999877	44829.00217801262	2.072664699781148e8	9.002875437956625e7
0.4345599999999877	44829.7038482474	2.072664578941186e8	9.009506045020959e7
0.43487999999998767	44830.4061581262	2.072664458001486e8	9.016136650869414e7
0.43519999999998765	44831.109439385094	2.0726643368656048e8	9.022767255099992e7
0.43551999999998764	44831.81363121126	2.0726642155816516e8	9.029397857916808e7
0.4358399999999876	44832.518516299395	2.0726640941910654e8	9.036028459486699e7
0.4361599999999876	44833.22425333601	2.0726639726128966e8	9.042659059464453e7
0.4364799999999876	44833.9308339258	2.072663850901733e8	9.04928965808598e7
0.4367999999999876	44834.63826345506	2.072663729047365e8	9.05592025530563e7
0.4371199999999876	44835.34657293809	2.072663607028655e8	9.062550851031297e7
0.43743999999998756	44836.05568822853	2.0726634848512393e8	9.0691814452818e7
0.43775999999998755	44836.76574280221	2.0726633625217187e8	9.075812038091941e7
0.43807999999998753	44837.47657924192	2.0726632400538152e8	9.082442629511437e7
0.4383999999999875	44838.18837289647	2.072663117415288e8	9.089073219407387e7
0.4387199999999875	44838.90079092982	2.072662994641904e8	9.095703807916296e7
0.4390399999999875	44839.61431945164	2.0726628717007947e8	9.102334394919774e7
0.4393599999999875	44840.32840219961	2.0726627486477214e8	9.10896498062991e7
0.43967999999998747	44841.04353833206	2.0726626254208654e8	9.115595564801742e7
0.43999999999998746	44841.759549323026	2.0726625020207876e8	9.122226147425967e7
0.44031999999998744	44842.476319936766	2.0726623784956005e8	9.128856728706242e7
0.44063999999998743	44843.193915697295	2.072662254799802e8	9.135487308444455e7
0.4409599999999874	44843.91257263213	2.072662130945998e8	9.142117886707672e7
0.4412799999999874	44844.63188371121	2.0726620069414645e8	9.148748463503641e7
0.4415999999999874	44845.352235208156	2.0726618827844536e8	9.1553790388447e7
0.4419199999999874	44846.07330528814	2.0726617584954563e8	9.16200961280188e7
0.44223999999998737	44846.795314714625	2.07266163401778e8	9.168640185135442e7
0.44255999999998735	44847.51824792472	2.0726615093891373e8	9.175270756009516e7
0.44287999999998734	44848.24204734253	2.0726613846009007e8	9.181901325381148e7
0.4431999999999873	44848.966565339775	2.0726612596813837e8	9.188531893365988e7
0.4435199999999873	44849.69206253782	2.0726611346102518e8	9.195162459887022e7
0.4438399999999873	44850.41848759755	2.072661009371509e8	9.201793024868847e7
0.4441599999999873	44851.145643636504	2.0726608839602843e8	9.208423588277191e7
0.4444799999999873	44851.8738189782	2.0726607584003073e8	9.215054150231814e7
0.44479999999998726	44852.60278764372	2.072660632693052e8	9.221684710725202e7
0.44511999999998725	44853.33261309203	2.0726605068263108e8	9.228315269705045e7
0.44543999999998724	44854.063399566054	2.0726603807741287e8	9.234945827059901e7
0.4457599999999872	44854.795090697095	2.072660254598776e8	9.241576383062346e7
0.4460799999999872	44855.52778887784	2.072660128224164e8	9.248206937377368e7
0.4463999999999872	44856.261088048705	2.072660001727833e8	9.254837490326615e7
0.4467199999999872	44856.99536305542	2.0726598750906527e8	9.261468041844146e7
0.44703999999998717	44857.7305686018	2.0726597482441783e8	9.26809859162003e7
0.44735999999998716	44858.46669026248	2.0726596212654075e8	9.274729139995833e7
0.44767999999998714	44859.20374938475	2.0726594941101885e8	9.281359686773711e7
0.44799999999998713	44859.94171005345	2.0726593667874447e8	9.28799023198988e7
0.4483199999999871	44860.68046625029	2.0726592393356463e8	9.294620775809266e7
0.4486399999999871	44861.42014498424	2.072659111719697e8	9.301251318080096e7
0.4489599999999871	44862.16070319875	2.0726589839351195e8	9.307881858778234e7
0.4492799999999871	44862.90226014233	2.0726588559825563e8	9.314512397911431e7
0.44959999999998707	44863.64465647013	2.0726587278707856e8	9.321142935508677e7
0.44991999999998705	44864.38803833847	2.07265859958792e8	9.327773471522915e7
0.45023999999998704	44865.132340603115	2.0726584711360097e8	9.33440400595806e7
0.450559999999987	44865.877430668916	2.0726583425472984e8	9.34103453895039e7
0.450879999999987	44866.62346404836	2.072658213774619e8	9.34766507029439e7
0.451199999999987	44867.37041798417	2.072658084855986e8	9.354295600158478e7
0.451519999999987	44868.11826730895	2.0726579557800776e8	9.360926128488661e7
0.451839999999987	44868.86718730741	2.072657826513792e8	9.367556655143388e7
0.45215999999998696	44869.616729833295	2.072657697119469e8	9.374187180378048e7
0.45247999999998695	44870.36739858357	2.0726575675462246e8	9.380817703988694e7
0.45279999999998694	44871.11899644798	2.072657437769657e8	9.387448225852223e7
0.4531199999999869	44871.87150349913	2.0726573078625137e8	9.394078746295135e7
0.4534399999999869	44872.624897227965	2.072657177765658e8	9.400709265046711e7
0.4537599999999869	44873.379313991565	2.0726570475198078e8	9.407339782297257e7
0.4540799999999869	44874.13455544315	2.0726569171083763e8	9.413970297959094e7
0.45439999999998687	44874.890817702726	2.0726567865053776e8	9.420600811923178e7
0.45471999999998686	44875.64782110759	2.0726566558005205e8	9.427231324580245e7
0.45503999999998684	44876.40586114163	2.0726565249068958e8	9.433861835549875e7
0.45535999999998683	44877.16483643622	2.0726563938123447e8	9.440492344769272e7
0.4556799999999868	44877.924779952686	2.0726562625656548e8	9.447122852460524e7
0.4559999999999868	44878.68576886937	2.0726561311250296e8	9.453753358435687e7
0.4563199999999868	44879.4475790103	2.0726559995514348e8	9.460383862958808e7
0.4566399999999868	44880.210218416876	2.0726558678133312e8	9.46701436588495e7
0.45695999999998677	44880.97395970567	2.0726557359062472e8	9.473644867206821e7
0.45727999999998675	44881.73873029135	2.072655603768491e8	9.480275366636652e7
0.45759999999998674	44882.50424664286	2.072655471531465e8	9.486905864758047e7
0.4579199999999867	44883.27072017267	2.072655339118172e8	9.493536361228856e7
0.4582399999999867	44884.03837887105	2.072655206493776e8	9.500166855900018e7
0.4585599999999867	44884.80678250266	2.0726550737256995e8	9.506797349054722e7
0.4588799999999867	44885.57613836706	2.07265494078153e8	9.51342784055401e7
0.4591999999999867	44886.34652324422	2.07265480765934e8	9.52005833039139e7
0.45951999999998666	44887.117788893775	2.0726546743891203e8	9.526688818694863e7
0.45983999999998665	44887.89006433033	2.0726545409253243e8	9.53331930526045e7
0.46015999999998664	44888.66337564066	2.072654407299244e8	9.539949790231596e7
0.4604799999999866	44889.43755824938	2.0726542734948972e8	9.546580273524168e7
0.4607999999999866	44890.21272734385	2.0726541395186847e8	9.553210755172081e7
0.4611199999999866	44890.98890778767	2.0726540053706953e8	9.559841235175335e7
0.4614399999999866	44891.76592457726	2.0726538710472772e8	9.566471713505912e7
0.46175999999998657	44892.5441493389	2.0726537365309152e8	9.573102190101169e7
0.46207999999998656	44893.32308645879	2.0726536018774775e8	9.579732665190636e7
0.46239999999998654	44894.10328036202	2.072653466996758e8	9.586363138385081e7
0.46271999999998653	44894.88412748774	2.0726533320131975e8	9.592993610225591e7
0.4630399999999865	44895.666122339724	2.0726531968035012e8	9.599624080166757e7
0.4633599999999865	44896.44912329824	2.0726530614253497e8	9.606254548465973e7
0.4636799999999865	44897.23309556341	2.0726529258778587e8	9.612885015115558e7
0.4639999999999865	44898.0180426488	2.0726527901455164e8	9.619515480042002e7
0.46431999999998647	44898.80386179221	2.0726526542486122e8	9.626145943332145e7
0.46463999999998645	44899.59090068593	2.072652518154999e8	9.632776404853565e7
0.46495999999998644	44900.378738359745	2.0726523819343403e8	9.639406864905645e7
0.4652799999999864	44901.16769659905	2.0726522454589024e8	9.646037322909972e7
0.4655999999999864	44901.95752900405	2.0726521088693792e8	9.652667779505897e7
0.4659199999999864	44902.7485016403	2.0726519720584953e8	9.659298234206635e7
0.4662399999999864	44903.540294169856	2.0726518350911883e8	9.665928687295616e7
0.4665599999999864	44904.333193144965	2.0726516979470333e8	9.672559138691251e7
0.46687999999998636	44905.12699545399	2.072651560623781e8	9.679189588370408e7
0.46719999999998635	44905.921979986655	2.0726514231087658e8	9.685820036286965e7
0.46751999999998634	44906.717753674966	2.0726512854194996e8	9.692450482499908e7
0.4678399999999863	44907.51473131074	2.0726511475289193e8	9.699080926902953e7
0.4681599999999863	44908.31256601509	2.0726510094934097e8	9.705711369739573e7
0.4684799999999863	44909.11160373064	2.072650871246566e8	9.712341810715589e7
0.4687999999999863	44909.9115072569	2.072650732818557e8	9.718972249952376e7
0.46911999999998627	44910.71238321004	2.0726505942383948e8	9.725602687589873e7
0.46943999999998626	44911.51437660358	2.0726504554578376e8	9.732233123407754e7
0.46975999999998624	44912.31737545684	2.072650316494237e8	9.738863557479559e7
0.47007999999998623	44913.12147055001	2.0726501773225364e8	9.745493989690462e7
0.4703999999999862	44913.92645358397	2.0726500379969627e8	9.752124420282409e7
0.4707199999999862	44914.732455320474	2.0726498984910473e8	9.758754849136168e7
0.4710399999999862	44915.53954204174	2.0726497587882116e8	9.765385276175322e7
0.4713599999999862	44916.347573999956	2.0726496189152607e8	9.772015701516838e7
0.47167999999998617	44917.15678625443	2.072649478845508e8	9.778646125045538e7
0.47199999999998615	44917.96686591654	2.0726493386091173e8	9.785276546885267e7
0.47231999999998614	44918.77805879647	2.0726491981642127e8	9.79190696684953e7
0.4726399999999861	44919.59028512048	2.072649057534613e8	9.798537385044584e7
0.4729599999999861	44920.40367241392	2.072648916711135e8	9.805167801431847e7
0.4732799999999861	44921.21791322229	2.0726487757165653e8	9.811798216100997e7
0.4735999999999861	44922.03340080103	2.0726486345002633e8	9.818428628831178e7
0.4739199999999861	44922.849654986145	2.0726484931626946e8	9.825059040071003e7
0.47423999999998606	44923.66705421945	2.072648351593857e8	9.831689449317461e7
0.47455999999998605	44924.485624856694	2.07264820985584e8	9.838319856864257e7
0.47487999999998604	44925.3051422298	2.0726480679166088e8	9.84495026254573e7
0.475199999999986	44926.12578357221	2.0726479257736567e8	9.851580666357249e7
0.475519999999986	44926.947388309134	2.072647783451429e8	9.858211068404567e7
0.475839999999986	44927.770070504805	2.0726476409609607e8	9.864841468744361e7
0.476159999999986	44928.5939272077	2.0726474982383534e8	9.871471867075737e7
0.47647999999998597	44929.41868020572	2.072647355374712e8	9.878102263815883e7
0.47679999999998596	44930.244619572026	2.0726472122759232e8	9.884732658529806e7
0.47711999999998594	44931.07156320321	2.0726470689980453e8	9.89136305147308e7
0.47743999999998593	44931.89948626562	2.0726469255538514e8	9.89799344270357e7
0.4777599999999859	44932.7286172299	2.0726467819059637e8	9.904623832052946e7
0.4780799999999859	44933.55868137249	2.0726466380737898e8	9.911254219597581e7
0.4783999999999859	44934.39001497505	2.072646494019008e8	9.917884605169822e7
0.4787199999999859	44935.22238085874	2.0726463497640428e8	9.924514988862403e7
0.47903999999998587	44936.055672560346	2.0726462053550968e8	9.931145370889081e7
0.47935999999998585	44936.89020090478	2.0726460607230312e8	9.937775750933048e7
0.47967999999998584	44937.72568570812	2.072645915930217e8	9.94440612927665e7
0.4799999999999858	44938.56225189123	2.0726457709142298e8	9.951036505625106e7
0.4803199999999858	44939.400076540696	2.0726456256953752e8	9.957666880082911e7
0.4806399999999858	44940.23879627267	2.072645480293731e8	9.964297252725618e7
0.4809599999999858	44941.07878158877	2.0726453346912083e8	9.97092762348362e7
0.4812799999999858	44941.919665698886	2.0726451889200127e8	9.977557992490841e7
0.48159999999998576	44942.761746555276	2.0726450429099384e8	9.984188359422909e7
0.48191999999998575	44943.604856644284	2.0726448967452666e8	9.990818724674906e7
0.48223999999998574	44944.44917654994	2.072644750356753e8	9.997449087920675e7
0.4825599999999857	44945.294571382	2.0726446037496576e8	1.0004079449176353e8
0.4828799999999857	44946.14102234295	2.0726444569712943e8	1.0010709808667238e8
0.4831999999999857	44946.988655654364	2.0726443099867108e8	1.0017340166229215e8
0.4835199999999857	44947.837269799384	2.0726441628310964e8	1.0023970522019932e8
0.48383999999998567	44948.687101362484	2.072644015421974e8	1.0030600875650805e8
0.48415999999998566	44949.53781536932	2.0726438679079658e8	1.0037231227821578e8
0.48447999999998564	44950.38990943396	2.072643720102318e8	1.0043861577652024e8
0.48479999999998563	44951.24310788442	2.0726435720859346e8	1.0050491925517231e8
0.4851199999999856	44952.0973105298	2.0726434239393613e8	1.0057122271800655e8
0.4854399999999856	44952.952696874774	2.0726432755437595e8	1.0063752615933298e8
0.4857599999999856	44953.809166253784	2.072643126949469e8	1.0070382958152008e8
0.4860799999999856	44954.66674053774	2.072642978181117e8	1.0077013298575604e8
0.48639999999998557	44955.525592300546	2.0726428291596493e8	1.0083643636826655e8
0.48671999999998555	44956.38541168054	2.0726426799808085e8	1.0090273973352702e8
0.48703999999998554	44957.24641346601	2.0726425305790138e8	1.0096904307843754e8
0.4873599999999855	44958.10853866592	2.0726423809704605e8	1.0103534640373462e8
0.4876799999999855	44958.971806458605	2.0726422311801696e8	1.0110164971062739e8
0.4879999999999855	44959.83628440517	2.072642081155859e8	1.0116795299658053e8
0.4883199999999855	44960.70176655668	2.0726419309414038e8	1.0123425626360753e8
0.4886399999999855	44961.56832252003	2.0726417805281124e8	1.0130055951130009e8
0.48895999999998546	44962.4362459297	2.07264162990636e8	1.0136686273931749e8
0.48927999999998545	44963.3051859346	2.072641479078536e8	1.0143316594757615e8
0.48959999999998544	44964.17521220244	2.0726413280463094e8	1.0149946913617261e8
0.4899199999999854	44965.04658497954	2.072641176774798e8	1.0156577230350997e8
0.4902399999999854	44965.91900914832	2.072641025322917e8	1.0163207545230177e8
0.4905599999999854	44966.792653771736	2.0726408736566836e8	1.0169837858094878e8
0.4908799999999854	44967.667297457156	2.0726407217722854e8	1.017646816891294e8
0.49119999999998537	44968.543370329266	2.0726405696675244e8	1.0183098477693258e8
0.49151999999998536	44969.42027356591	2.0726404173849946e8	1.0189728784612493e8
0.49183999999998534	44970.29857088425	2.0726402648866472e8	1.0196359089510359e8
0.49215999999998533	44971.177958832865	2.072640112148007e8	1.0202989392248788e8
0.4924799999999853	44972.05852852553	2.0726399592185482e8	1.0209619693073642e8
0.4927999999999853	44972.94020578663	2.0726398061124513e8	1.0216249992049092e8
0.4931199999999853	44973.82313725224	2.0726396527450925e8	1.0222880288763477e8
0.4934399999999853	44974.70735716744	2.0726394991778815e8	1.0229510583518918e8
0.49375999999998527	44975.59248757987	2.0726393454150727e8	1.0236140876315248e8
0.49407999999998525	44976.47890559085	2.0726391914268634e8	1.0242771167022333e8
0.49439999999998524	44977.36666860451	2.0726390372100964e8	1.0249401455625176e8
0.4947199999999852	44978.255474672165	2.0726388828077605e8	1.0256031742318872e8
0.4950399999999852	44979.14540692494	2.072638728169846e8	1.0262662026858166e8
0.4953599999999852	44980.036533901235	2.072638573356259e8	1.0269292309540904e8
0.4956799999999852	44980.9290731543	2.0726384182646614e8	1.0275922589868985e8
0.4959999999999852	44981.8226422601	2.0726382629925996e8	1.0282552868304157e8
0.49631999999998516	44982.7175099788	2.0726381074820176e8	1.0289183144569986e8
0.49663999999998515	44983.613398129106	2.0726379517911947e8	1.029581341893949e8
0.49695999999998514	44984.51058931613	2.0726377958581513e8	1.0302443691117045e8
0.4972799999999851	44985.40895908704	2.0726376397201666e8	1.0309073961279328e8
0.4975999999999851	44986.30844496103	2.0726374833980572e8	1.0315704229524699e8
0.4979199999999851	44987.20943914034	2.0726373267571434e8	1.032233449520038e8
0.4982399999999851	44988.111417320324	2.0726371699767157e8	1.0328964759170155e8
0.49855999999998507	44989.01468790848	2.0726370129492748e8	1.0335595020912106e8
0.49887999999998506	44989.91903492957	2.0726368557390407e8	1.0342225280733295e8
0.49919999999998504	44990.824836509324	2.072636698250212e8	1.0348855538172561e8
0.49951999999998503	44991.73157891461	2.072636540596674e8	1.0355485793770258e8
0.499839999999985	44992.63998169211	2.0726363826243338e8	1.0362116046790484e8
0.5001599999999851	44993.54914597303	2.072636224541201e8	1.0368746298225474e8
0.500479999999985	44994.45976710775	2.072636066198376e8	1.0375376547363609e8
0.500799999999985	44995.3716195808	2.072635907628085e8	1.0382006794352388e8
0.501119999999985	44996.284534530874	2.0726357488616073e8	1.0388637039337836e8
0.501439999999985	44997.198964841	2.0726355897977442e8	1.0395267281833088e8
0.501759999999985	44998.114410721755	2.0726354305944392e8	1.0401897522602747e8
0.502079999999985	44999.03127536069	2.072635271113407e8	1.0408527760971145e8
0.502399999999985	44999.9492831459	2.0726351113901255e8	1.0415157997100008e8
0.502719999999985	45000.86846422133	2.0726349515255353e8	1.0421788231495848e8
0.5030399999999849	45001.78909304622	2.0726347913630283e8	1.0428418463383034e8
0.5033599999999849	45002.71081833329	2.072634630997383e8	1.0435048693218197e8
0.5036799999999849	45003.63390850196	2.0726344703779483e8	1.0441678920757484e8
0.5039999999999849	45004.558015578325	2.0726343095805544e8	1.0448309146363254e8
0.5043199999999849	45005.48364357019	2.072634148530819e8	1.0454939369683558e8
0.5046399999999849	45006.410476988516	2.072633987220192e8	1.0461569590657052e8
0.5049599999999849	45007.3385083252	2.072633825756401e8	1.0468199809824726e8
0.5052799999999849	45008.26784453426	2.0726336640050262e8	1.0474830026511088e8
0.5055999999999848	45009.19845963797	2.0726335020279545e8	1.0481460241024868e8
0.5059199999999848	45010.13023376913	2.0726333398434874e8	1.0488090453450447e8
0.5062399999999848	45011.06347795213	2.0726331774016201e8	1.0494720663547935e8
0.5065599999999848	45011.99791087686	2.0726330147447264e8	1.0501350871515486e8
0.5068799999999848	45012.933589828346	2.0726328518517837e8	1.0507981077247187e8
0.5071999999999848	45013.8707012081	2.0726326887088376e8	1.0514611280679065e8
0.5075199999999848	45014.80907763665	2.072632525310165e8	1.0521241481771289e8
0.5078399999999847	45015.74871933862	2.0726323617318812e8	1.052787168090784e8
0.5081599999999847	45016.68942922046	2.0726321979456484e8	1.0534501877933177e8
0.5084799999999847	45017.631555785854	2.0726320339153972e8	1.0541132072678925e8
0.5087999999999847	45018.575181204105	2.0726318695860037e8	1.0547762264866172e8
0.5091199999999847	45019.51991452905	2.0726317050447077e8	1.0554392454916862e8
0.5094399999999847	45020.4659327247	2.072631540281708e8	1.0561022642787611e8
0.5097599999999847	45021.413209763516	2.0726313753131723e8	1.0567652828557305e8
0.5100799999999847	45022.36210347301	2.0726312100333074e8	1.057428301170175e8
0.5103999999999846	45023.312008553556	2.0726310445686415e8	1.0580913192833968e8
0.5107199999999846	45024.263402802695	2.0726308788378772e8	1.058754337156026e8
0.5110399999999846	45025.21592714957	2.0726307129011723e8	1.0594173548167807e8
0.5113599999999846	45026.169930799726	2.0726305467081645e8	1.060080372241405e8
0.5116799999999846	45027.124903796925	2.0726303803296188e8	1.0607433894633576e8
0.5119999999999846	45028.08167568095	2.0726302136180982e8	1.0614064064110117e8
0.5123199999999846	45029.03960776072	2.072630046712399e8	1.0620694231520234e8
0.5126399999999846	45029.99888274403	2.072629879539495e8	1.0627324396496497e8
0.5129599999999845	45030.95941313319	2.0726297121527666e8	1.0633954559305768e8
0.5132799999999845	45031.92135111785	2.0726295445080537e8	1.0640584719726619e8
0.5135999999999845	45032.88444082687	2.0726293766668293e8	1.0647214878059717e8
0.5139199999999845	45033.84920975366	2.0726292084999555e8	1.0653845033665039e8
0.5142399999999845	45034.81501806789	2.0726290401828176e8	1.0660475187410118e8
0.5145599999999845	45035.78248988538	2.0726288715084395e8	1.0667105338258694e8
0.5148799999999845	45036.75095674261	2.0726287027032825e8	1.0673735487340753e8
0.5151999999999844	45037.72110725817	2.072628533578731e8	1.0680365633716582e8
0.5155199999999844	45038.69220050423	2.0726283642562163e8	1.0686995777973053e8
0.5158399999999844	45039.66507801609	2.0726281946268094e8	1.0693625919587028e8
0.5161599999999844	45040.639085478324	2.072628024797483e8	1.0700256059075877e8
0.5164799999999844	45041.61456911891	2.0726278547241184e8	1.070688619622645e8
0.5167999999999844	45042.591354796095	2.0726276843938598e8	1.0713516330961408e8
0.5171199999999844	45043.56951217663	2.072627513792788e8	1.0720146463209546e8
0.5174399999999844	45044.54894537613	2.072627343003273e8	1.072677659338972e8
0.5177599999999843	45045.529748359535	2.0726271719133192e8	1.0733406720924662e8
0.5180799999999843	45046.512164115964	2.0726270005637583e8	1.0740036846034607e8
0.5183999999999843	45047.49573997012	2.072626829022187e8	1.0746666969045529e8
0.5187199999999843	45048.480804566374	2.0726266571460873e8	1.0753297089232022e8
0.5190399999999843	45049.46729908976	2.0726264850815576e8	1.0759927207346208e8
0.5193599999999843	45050.455043886555	2.0726263127568772e8	1.076655732300502e8
0.5196799999999843	45051.44435498449	2.0726261401397777e8	1.0773187436053328e8
0.5199999999999843	45052.434964924185	2.0726259673193488e8	1.0779817546938603e8
0.5203199999999842	45053.426932675044	2.0726257942116076e8	1.0786447655224617e8
0.5206399999999842	45054.420474868515	2.072625620838111e8	1.0793077761031099e8
0.5209599999999842	45055.41518281717	2.072625447254234e8	1.0799707864624248e8
0.5212799999999842	45056.41151789394	2.072625273382855e8	1.0806337965622005e8
0.5215999999999842	45057.40904661589	2.0726250992744765e8	1.081296806426413e8
0.5219199999999842	45058.40807535829	2.072624924908768e8	1.081959816045678e8
0.5222399999999842	45059.408452231284	2.07262475029699e8	1.0826228254248886e8
0.5225599999999841	45060.410515240445	2.07262457535961e8	1.0832858345238489e8
0.5228799999999841	45061.41381164363	2.0726244002155513e8	1.0839488434022528e8
0.5231999999999841	45062.418648121136	2.0726242247803965e8	1.0846118520171848e8
0.5235199999999841	45063.42476113333	2.072624049115915e8	1.0852748603994328e8
0.5238399999999841	45064.43224414011	2.0726238732212552e8	1.0859378685487631e8
0.5241599999999841	45065.441193833736	2.072623697069193e8	1.086600876451132e8
0.5244799999999841	45066.4517760154	2.0726235205779448e8	1.0872638840641728e8
0.5247999999999841	45067.46370551915	2.0726233438715085e8	1.0879268914512633e8
0.525119999999984	45068.47704702568	2.072623166899504e8	1.0885898985860355e8
0.525439999999984	45069.491864227064	2.0726229896587637e8	1.0892529054668586e8
0.525759999999984	45070.50803776762	2.0726228121792707e8	1.0899159121086586e8
0.526079999999984	45071.52567477166	2.0726226344153693e8	1.0905789184876822e8
0.526399999999984	45072.5448835978	2.072622456378833e8	1.0912419246103533e8
0.526719999999984	45073.56562466474	2.0726222780478236e8	1.091904930464705e8
0.527039999999984	45074.587624261265	2.0726220995062363e8	1.0925679360933614e8
0.527359999999984	45075.61122920998	2.0726219206633073e8	1.0932309414498822e8
0.5276799999999839	45076.636235751655	2.072621741578025e8	1.0938939465641275e8
0.5279999999999839	45077.66270856292	2.0726215622138077e8	1.0945569514168416e8
0.5283199999999839	45078.69066246204	2.0726213826073238e8	1.0952199560271847e8
0.5286399999999839	45079.72006183459	2.0726212027001315e8	1.0958829603638476e8
0.5289599999999839	45080.75101033024	2.0726210225343433e8	1.0965459644492918e8
0.5292799999999839	45081.78347142531	2.0726208420767602e8	1.0972089682655108e8
0.5295999999999839	45082.81735374185	2.0726206613731432e8	1.0978719718360151e8
0.5299199999999838	45083.8526122373	2.0726204804248396e8	1.0985349751610571e8
0.5302399999999838	45084.88965267941	2.0726202991207436e8	1.099197978183382e8
0.5305599999999838	45085.927922364026	2.0726201176117694e8	1.0998609809801055e8
0.5308799999999838	45086.96772457102	2.0726199358211443e8	1.100523983511685e8
0.5311999999999838	45088.00927337365	2.0726197537380755e8	1.1011869857731056e8
0.5315199999999838	45089.05207922728	2.072619571406762e8	1.1018499877852693e8
0.5318399999999838	45090.09658974538	2.0726193887575662e8	1.1025129895129849e8
0.5321599999999838	45091.14260019379	2.0726192058447844e8	1.1031759909838675e8
0.5324799999999837	45092.19004129787	2.0726190226725367e8	1.1038389921995197e8
0.5327999999999837	45093.23880170174	2.0726188392578915e8	1.1045019931682524e8
0.5331199999999837	45094.28926131245	2.0726186555061248e8	1.1051649938410947e8
0.5334399999999837	45095.34130280234	2.0726184714898568e8	1.1058279942558978e8
0.5337599999999837	45096.39497127217	2.0726182871927965e8	1.1064909944039074e8
0.5340799999999837	45097.45008679801	2.0726181026141322e8	1.1071539942835663e8
0.5343999999999837	45098.50669739588	2.0726179178150812e8	1.1078169939275286e8
0.5347199999999837	45099.564959448704	2.072617732622355e8	1.108479993243635e8
0.5350399999999836	45100.62446733403	2.0726175472760898e8	1.1091429923580885e8
0.5353599999999836	45101.685859294295	2.0726173615285847e8	1.1098059911410858e8
0.5356799999999836	45102.74857634519	2.0726171755945057e8	1.1104689897046205e8
0.5359999999999836	45103.81287503489	2.0726169893262613e8	1.1111319879705822e8
0.5363199999999836	45104.87885898994	2.0726168027932522e8	1.1117949859763363e8
0.5366399999999836	45105.9463494633	2.072616615977639e8	1.1124579837112111e8
0.5369599999999836	45107.01539509885	2.0726164288440338e8	1.1131209811561437e8
0.5372799999999835	45108.08600519772	2.0726162414395708e8	1.1137839783361818e8
0.5375999999999835	45109.15820485197	2.0726160537343138e8	1.1144469752350724e8
0.5379199999999835	45110.2319557128	2.072615865779616e8	1.1151099718799579e8
0.5382399999999835	45111.307176827955	2.072615677552947e8	1.1157729682580838e8
0.5385599999999835	45112.38427830251	2.072615488964983e8	1.1164359643229607e8
0.5388799999999835	45113.46270264384	2.0726153001431563e8	1.1170989601403242e8
0.5391999999999835	45114.54275622289	2.0726151110294557e8	1.1177619556800689e8
0.5395199999999835	45115.624451500385	2.0726149216148254e8	1.1184249509370707e8
0.5398399999999834	45116.70775889958	2.0726147318806517e8	1.11908794590084e8
0.5401599999999834	45117.79257636281	2.0726145418706793e8	1.119750940594215e8
0.5404799999999834	45118.87908094752	2.0726143515866295e8	1.1204139350186598e8
0.5407999999999834	45119.96721717406	2.0726141609968928e8	1.1210769291565466e8
0.5411199999999834	45121.056979086854	2.0726139701156563e8	1.1217399230152152e8
0.5414399999999834	45122.14826135374	2.0726137789337143e8	1.122402916588903e8
0.5417599999999834	45123.24104315005	2.0726135875062025e8	1.1230659099070819e8
0.5420799999999834	45124.335658806536	2.072613395699706e8	1.123728902898711e8
0.5423999999999833	45125.43178660393	2.0726132036565247e8	1.12439189563912e8
0.5427199999999833	45126.529696555255	2.0726130112750307e8	1.1250548880741465e8
0.5430399999999833	45127.6290227835	2.0726128186260796e8	1.1257178802402541e8
0.5433599999999833	45128.73010403255	2.072612625675204e8	1.1263808721199913e8
0.5436799999999833	45129.83284793802	2.072612432426012e8	1.1270438637145911e8
0.5439999999999833	45130.93713232682	2.072612238878789e8	1.12770685502335e8
0.5443199999999833	45132.043301271384	2.0726120449980676e8	1.1283698460282287e8
0.5446399999999832	45133.150938929466	2.072611850847643e8	1.1290328367617412e8
0.5449599999999832	45134.26025043079	2.0726116563741365e8	1.1296958271954583e8
0.5452799999999832	45135.37112414173	2.072611461604325e8	1.1303588173431472e8
0.5455999999999832	45136.483837451	2.072611266538707e8	1.1310218072060412e8
0.5459199999999832	45137.598175410334	2.0726110711467946e8	1.1316847967662181e8
0.5462399999999832	45138.71410713102	2.0726108754802316e8	1.1323477860514194e8
0.5465599999999832	45139.83172495964	2.0726106794881245e8	1.1330107750339681e8
0.5468799999999832	45140.95109273837	2.0726104832132423e8	1.1336737637372145e8
0.5471999999999831	45142.07194606555	2.072610286626083e8	1.1343367521435294e8
0.5475199999999831	45143.19457595422	2.0726100897214657e8	1.1349997402510792e8
0.5478399999999831	45144.319047209814	2.0726098925019395e8	1.1356627280612315e8
0.5481599999999831	45145.44491477316	2.0726096950226834e8	1.1363257156019022e8
0.5484799999999831	45146.57293830081	2.0726094971094906e8	1.1369887027807094e8
0.5487999999999831	45147.70234121524	2.0726092990110898e8	1.1376516897302146e8
0.5491199999999831	45148.833488096396	2.0726091005453652e8	1.1383146763518669e8
0.549439999999983	45149.96646545655	2.0726089017420506e8	1.1389776626620239e8
0.549759999999983	45151.10084779008	2.0726087026882002e8	1.1396406487062868e8
0.550079999999983	45152.23720058677	2.0726085033108163e8	1.1403036344467916e8
0.550399999999983	45153.37532505489	2.0726083035605168e8	1.1409666198551346e8
0.550719999999983	45154.514899585716	2.0726081035719517e8	1.141629605003651e8
0.551039999999983	45155.65647380797	2.072607903236862e8	1.14229258983491e8
0.551359999999983	45156.79970749275	2.0726077025412038e8	1.1429555743392906e8
0.551679999999983	45157.944603903416	2.0726075015782192e8	1.143618558567885e8
0.551999999999983	45159.09115570726	2.0726073002923626e8	1.1442815424897264e8
0.5523199999999829	45160.23942156259	2.0726070987254375e8	1.1449445261278407e8
0.5526399999999829	45161.38993113317	2.0726068967144206e8	1.1456075093942179e8
0.5529599999999829	45162.54159478159	2.0726066945110264e8	1.1462704924227272e8
0.5532799999999829	45163.69528018858	2.0726064919290522e8	1.1469334751140262e8
0.5535999999999829	45164.85066299381	2.0726062890338555e8	1.1475964575024666e8
0.5539199999999829	45166.00781711806	2.0726060858340317e8	1.1482594395928219e8
0.5542399999999829	45167.166898572345	2.072605882274173e8	1.1489224213547692e8
0.5545599999999828	45168.32750017116	2.0726056784189904e8	1.1495854028220166e8
0.5548799999999828	45169.48994634056	2.0726054742125553e8	1.1502483839646763e8
0.5551999999999828	45170.65419901619	2.0726052697115266e8	1.1509113648136812e8
0.5555199999999828	45171.82012780797	2.072605064899774e8	1.1515743453591909e8
0.5558399999999828	45172.9881113429	2.0726048596915e8	1.1522373255548832e8
0.5561599999999828	45174.15784481118	2.0726046541749054e8	1.1529003054480581e8
0.5564799999999828	45175.32913056262	2.0726044483787802e8	1.1535632850535478e8
0.5567999999999828	45176.50277731383	2.0726042421378982e8	1.154226264282655e8
0.5571199999999827	45177.67743665253	2.072604035702156e8	1.154889243268181e8
0.5574399999999827	45178.854404257756	2.072603828879728e8	1.1555522219087313e8
0.5577599999999827	45180.03289692136	2.0726036217417404e8	1.1562152002401206e8
0.5580799999999827	45181.213412845005	2.0726034142392236e8	1.156878178236904e8
0.5583999999999827	45182.3958792802	2.0726032064126536e8	1.1575411559209928e8
0.5587199999999827	45183.57971054084	2.072602998312647e8	1.158204133317753e8
0.5590399999999827	45184.76587792438	2.0726027897654605e8	1.1588671103340624e8
0.5593599999999826	45185.953496194226	2.0726025809618714e8	1.1595300870722821e8
0.5596799999999826	45187.14323072952	2.0726023717767516e8	1.16019306346505e8
0.5599999999999826	45188.334546985134	2.072602162299314e8	1.1608560395595866e8
0.5603199999999826	45189.527800185606	2.072601952455501e8	1.161519015315662e8
0.5606399999999826	45190.72298538943	2.0726017422951433e8	1.1621819907608217e8
0.5609599999999826	45191.92004215628	2.0726015317314857e8	1.1628449658458112e8
0.5612799999999826	45193.11883000033	2.072601320900246e8	1.1635079406457849e8
0.5615999999999826	45194.31964634923	2.0726011096876064e8	1.1641709150978531e8
0.5619199999999825	45195.522217384605	2.0726008981419417e8	1.1648338892276137e8
0.5622399999999825	45196.7266792891	2.0726006862388062e8	1.1654968630215815e8
0.5625599999999825	45197.93278838389	2.0726004740561864e8	1.1661598365222014e8
0.5628799999999825	45199.14109943648	2.0726002614669695e8	1.1668228096600655e8
0.5631999999999825	45200.3512253159	2.0726000485461637e8	1.1674857824753153e8
0.5635199999999825	45201.56324023375	2.072599835264489e8	1.1681487549514395e8
0.5638399999999825	45202.77727676616	2.072599621597447e8	1.1688117270748386e8
0.5641599999999825	45203.99285168929	2.072599407683776e8	1.1694746989212877e8
0.5644799999999824	45205.21060114713	2.072599193354276e8	1.1701376703977956e8
0.5647999999999824	45206.430360422084	2.0725989786521354e8	1.1708006415276182e8
0.5651199999999824	45207.65172472384	2.0725987636549255e8	1.1714636123524556e8
0.5654399999999824	45208.87510266175	2.072598548303027e8	1.1721265828400733e8
0.5657599999999824	45210.100451350394	2.0725983325781462e8	1.1727895529795754e8
0.5660799999999824	45211.327891736844	2.0725981164640784e8	1.1734525227619368e8
0.5663999999999824	45212.55697214288	2.0725979000528377e8	1.174115492236922e8
0.5667199999999823	45213.788081160754	2.0725976832671764e8	1.1747784613621357e8
0.5670399999999823	45215.0211509982	2.0725974660926554e8	1.1754414301287182e8
0.5673599999999823	45216.25612161433	2.0725972486165163e8	1.1761043985855146e8
0.5676799999999823	45217.493030090074	2.0725970307816765e8	1.176767366699973e8
0.5679999999999823	45218.732107439864	2.072596812526547e8	1.1774303344377461e8
0.5683199999999823	45219.972756101546	2.0725965939971423e8	1.1780933018788128e8
0.5686399999999823	45221.21563976107	2.0725963750338235e8	1.1787562689349803e8
0.5689599999999823	45222.46052701252	2.0725961557173473e8	1.1794192356507608e8
0.5692799999999822	45223.70736666339	2.0725959360529304e8	1.1800822020285451e8
0.5695999999999822	45224.95602884958	2.0725957160233733e8	1.1807451680576247e8
0.5699199999999822	45226.20683796554	2.0725954956402722e8	1.1814081337456359e8
0.5702399999999822	45227.45952034051	2.0725952748569238e8	1.18207109906441e8
0.5705599999999822	45228.714470117135	2.0725950536990398e8	1.1827340640299077e8
0.5708799999999822	45229.97082060894	2.0725948322558382e8	1.1833970286889614e8
0.5711999999999822	45231.22976419429	2.07259461038999e8	1.1840599929679541e8
0.5715199999999822	45232.49022110533	2.0725943881839886e8	1.1847229569089755e8
0.5718399999999821	45233.753071164145	2.0725941655536416e8	1.185385920467307e8
0.5721599999999821	45235.01761543488	2.072593942620589e8	1.186048883709125e8
0.5724799999999821	45236.28452114927	2.072593719236765e8	1.1867118465522109e8
0.5727999999999821	45237.55324719142	2.072593495527645e8	1.1873748090656699e8
0.5731199999999821	45238.824276815874	2.072593271440976e8	1.1880377712212878e8
0.5734399999999821	45240.09704301788	2.0725930469660044e8	1.188700733010095e8
0.5737599999999821	45241.37170727952	2.0725928221360078e8	1.1893636944514838e8
0.574079999999982	45242.648607900024	2.0725925969755775e8	1.190026655560653e8
0.574399999999982	45243.92765069073	2.0725923713165468e8	1.1906896162402685e8
0.574719999999982	45245.20861688055	2.0725921453773004e8	1.1913525766144106e8
0.575039999999982	45246.491766488776	2.072591919028194e8	1.1920155366093463e8
0.575359999999982	45247.77710559444	2.072591692257313e8	1.1926784962178317e8
0.575679999999982	45249.06408346006	2.072591465188812e8	1.193341455508577e8
0.575999999999982	45250.353179195154	2.0725912377338567e8	1.1940044144321439e8
0.576319999999982	45251.644752552515	2.0725910098054808e8	1.1946673729395449e8
0.576639999999982	45252.93807272483	2.072590781562071e8	1.19533033111854e8
0.5769599999999819	45254.23358981422	2.0725905529143432e8	1.1959932889192003e8
0.5772799999999819	45255.531439283586	2.072590323881929e8	1.1966562463530226e8
0.5775999999999819	45256.83100316677	2.0725900944771764e8	1.197319203424137e8
0.5779199999999819	45258.1327954053	2.0725898646794492e8	1.1979821601224126e8
0.5782399999999819	45259.43676347795	2.0725896344460434e8	1.1986451164225362e8
0.5785599999999819	45260.74277840017	2.0725894038807976e8	1.1993080723836021e8
0.5788799999999819	45262.05092739206	2.0725891728988898e8	1.1999710279565372e8
0.5791999999999818	45263.36128405844	2.0725889415310493e8	1.2006339831590295e8
0.5795199999999818	45264.673635132865	2.0725887097924826e8	1.201296937998603e8
0.5798399999999818	45265.988087906844	2.0725884776527905e8	1.2019598924577065e8
0.5801599999999818	45267.30503194989	2.072588245059412e8	1.2026228465070769e8
0.5804799999999818	45268.62380523545	2.07258801215683e8	1.2032858002273469e8
0.5807999999999818	45269.94482144149	2.0725877787884042e8	1.2039487535289589e8
0.5811199999999818	45271.267918168174	2.0725875450506067e8	1.2046117064668265e8
0.5814399999999817	45272.5930893961	2.072587310910676e8	1.2052746590215006e8
0.5817599999999817	45273.920715403976	2.0725870763776892e8	1.2059376111994468e8
0.5820799999999817	45275.25026425898	2.0725868414392343e8	1.2066005629908161e8
0.5823999999999817	45276.58202325022	2.072586606122653e8	1.2072635144123243e8
0.5827199999999817	45277.91602496741	2.0725863703226033e8	1.2079264654023385e8
0.5830399999999817	45279.252354019765	2.0725861341853184e8	1.2085894160459854e8
0.5833599999999817	45280.59054626598	2.0725858976723984e8	1.2092523663185842e8
0.5836799999999817	45281.931279743716	2.0725856606525782e8	1.2099153161459626e8
0.5839999999999816	45283.27416561939	2.072585423312452e8	1.2105782656349629e8
0.5843199999999816	45284.61882992307	2.0725851855665502e8	1.2112412147337608e8
0.5846399999999816	45285.96616636749	2.0725849473646042e8	1.2119041634162728e8
0.5849599999999816	45287.31571971151	2.0725847087371454e8	1.2125671116980056e8
0.5852799999999816	45288.66725514083	2.0725844697532552e8	1.2132300596179876e8
0.5855999999999816	45290.020989568475	2.0725842303533474e8	1.2138930071418628e8
0.5859199999999816	45291.377344847395	2.0725839904975113e8	1.2145559542475732e8
0.5862399999999816	45292.735740205775	2.0725837502808988e8	1.2152189009880345e8
0.5865599999999815	45294.09611301768	2.0725835096031773e8	1.2158818473037711e8
0.5868799999999815	45295.459086314804	2.07258326852874e8	1.2165447932346861e8
0.5871999999999815	45296.824072562296	2.0725830270203787e8	1.2172077387560996e8
0.5875199999999815	45298.191652899186	2.0725827851070654e8	1.2178706838869946e8
0.5878399999999815	45299.561128095695	2.0725825428071046e8	1.2185336286348355e8
0.5881599999999815	45300.93320846595	2.0725823000325838e8	1.2191965729504518e8
0.5884799999999815	45302.30727415072	2.0725820568584666e8	1.2198595168749267e8
0.5887999999999814	45303.68399084013	2.072581813235089e8	1.2205224603813523e8
0.5891199999999814	45305.06263614406	2.0725815692166108e8	1.2211854034982106e8
0.5894399999999814	45306.44363728761	2.072581324766205e8	1.2218483462051506e8
0.5897599999999814	45307.827170203076	2.0725810798871234e8	1.2225112885043745e8
0.5900799999999814	45309.21263535487	2.0725808346139017e8	1.2231742304133675e8
0.5903999999999814	45310.600756022155	2.0725805888872972e8	1.2238371718997183e8
0.5907199999999814	45311.991221951204	2.072580342663326e8	1.2245001129357144e8
0.5910399999999814	45313.38395583209	2.072580096046505e8	1.2251630535823134e8
0.5913599999999813	45314.77877421973	2.0725798490605974e8	1.2258259938524193e8
0.5916799999999813	45316.17610307447	2.0725796015987507e8	1.2264889336841741e8
0.5919999999999813	45317.57588755251	2.0725793536951604e8	1.2271518730971174e8
0.5923199999999813	45318.97774413008	2.072579105416631e8	1.2278148121288075e8
0.5926399999999813	45320.38215133943	2.0725788566555437e8	1.2284777507170343e8
0.5929599999999813	45321.789111268845	2.0725786073818076e8	1.2291406888434763e8
0.5932799999999813	45323.19814712908	2.0725783577561218e8	1.2298036266010171e8
0.5935999999999813	45324.60977264967	2.0725781076533744e8	1.2304665639171202e8
0.5939199999999812	45326.02346380033	2.0725778571664962e8	1.2311295008443685e8
0.5942399999999812	45327.43983896602	2.0725776061819458e8	1.2317924373174112e8
0.5945599999999812	45328.858293109624	2.0725773547766355e8	1.232455373379021e8
0.5948799999999812	45330.279423620705	2.0725771029295105e8	1.2331183090186691e8
0.5951999999999812	45331.70276015189	2.0725768506334683e8	1.2337812442297745e8
0.5955199999999812	45333.12870436382	2.0725765978689533e8	1.2344441790018634e8
0.5958399999999812	45334.5570436084	2.0725763446887678e8	1.2351071133650638e8
0.5961599999999811	45335.98786546556	2.0725760909856912e8	1.2357700472553866e8
0.5964799999999811	45337.42078896999	2.072575836941597e8	1.2364329807792524e8
0.5967999999999811	45338.856589936826	2.072575582353137e8	1.2370959138180837e8
0.5971199999999811	45340.294523690834	2.0725753273645422e8	1.2377588464544533e8
0.5974399999999811	45341.735165013975	2.072575071825838e8	1.2384217786006698e8
0.5977599999999811	45343.17805176748	2.0725748159707883e8	1.2390847103940547e8
0.5980799999999811	45344.62352569419	2.0725745595796737e8	1.2397476417042466e8
0.5983999999999811	45346.0712674899	2.072574302766316e8	1.2404105725975344e8
0.598719999999981	45347.521716982104	2.0725740454291207e8	1.2410735030144297e8
0.599039999999981	45348.97450274739	2.0725737876696736e8	1.2417364330137682e8
0.599359999999981	45350.42984797342	2.0725735294665688e8	1.2423993625831862e8
0.599679999999981	45351.88759287933	2.072573270805655e8	1.2430622917131078e8
0.599999999999981	45353.34784663027	2.0725730116731638e8	1.2437252203952454e8
0.600319999999981	45354.81052671928	2.0725727520778522e8	1.24438814863405e8
0.600639999999981	45356.27598920449	2.0725724920292827e8	1.2450510764362194e8
0.600959999999981	45357.74374684179	2.072572231476554e8	1.2457140037687577e8
0.6012799999999809	45359.21400011307	2.072571970471863e8	1.2463769306633434e8
0.6015999999999809	45360.686996892124	2.0725717089873073e8	1.2470398571037202e8
0.6019199999999809	45362.162404086055	2.0725714470027572e8	1.2477027830759583e8
0.6022399999999809	45363.640341772996	2.0725711845986006e8	1.2483657086284451e8
0.6025599999999809	45365.12091484881	2.0725709217340973e8	1.249028633736622e8
0.6028799999999809	45366.60399353919	2.072570658330469e8	1.2496915583520128e8
0.6031999999999809	45368.089747611055	2.072570394462113e8	1.2503544825196256e8
0.6035199999999808	45369.57785777964	2.0725701301938218e8	1.2510174062768263e8
0.6038399999999808	45371.06873471454	2.072569865356487e8	1.2516803295227209e8
0.6041599999999808	45372.562144428004	2.0725696000381327e8	1.252343252308991e8
0.6044799999999808	45374.05806059954	2.0725693342768174e8	1.2530061746580522e8
0.6047999999999808	45375.5564101272	2.072569068037801e8	1.2536690965481551e8
0.6051199999999808	45377.05790208576	2.0725688012713885e8	1.2543320179515465e8
0.6054399999999808	45378.56131197694	2.0725685340956336e8	1.2549949389343332e8
0.6057599999999808	45380.067992526005	2.0725682663269675e8	1.2556578593902376e8
0.6060799999999807	45381.57698079011	2.0725679981493926e8	1.2563207794263867e8
0.6063999999999807	45383.088687905045	2.072567729432659e8	1.2569836989649999e8
0.6067199999999807	45384.60282109034	2.0725674602969328e8	1.2576466180772899e8
0.6070399999999807	45386.11996416493	2.0725671906018636e8	1.2583095366799265e8
0.6073599999999807	45387.63937159014	2.0725669204479665e8	1.2589724548304655e8
0.6076799999999807	45389.161971736015	2.072566649733922e8	1.2596353724705172e8
0.6079999999999807	45390.68652189588	2.0725663786058062e8	1.260298289683456e8
0.6083199999999807	45392.21420286488	2.072566106988767e8	1.2609612064279564e8
0.6086399999999806	45393.744580662766	2.0725658348124945e8	1.2616241226590274e8
0.6089599999999806	45395.27765260932	2.0725655621165553e8	1.2622870384001902e8
0.6092799999999806	45396.8134010009	2.072565288957595e8	1.2629499536853637e8
0.6095999999999806	45398.351608694895	2.0725650152893686e8	1.2636128684850392e8
0.6099199999999806	45399.892715714086	2.072564741133272e8	1.2642757828134705e8
0.6102399999999806	45401.43659545894	2.072564466458345e8	1.2649386966507748e8
0.6105599999999806	45402.98299482828	2.0725641912934104e8	1.2656016100130394e8
0.6108799999999805	45404.53256919192	2.072563915528508e8	1.266264522835148e8
0.6111999999999805	45406.08428597971	2.072563639360733e8	1.2669274352329436e8
0.6115199999999805	45407.638982735465	2.0725633626381266e8	1.267590347116347e8
0.6118399999999805	45409.19658279635	2.0725630854252365e8	1.268253258523992e8
0.6121599999999805	45410.75707260161	2.0725628076165587e8	1.2689161693907425e8
0.6124799999999805	45412.31977978715	2.0725625294420367e8	1.2695790798542288e8
0.6127999999999805	45413.88573549708	2.0725622505584225e8	1.2702419897077286e8
0.6131199999999805	45415.4542542445	2.0725619713179538e8	1.2709048991638422e8
0.6134399999999804	45417.025524386016	2.0725616914991847e8	1.2715678080870864e8
0.6137599999999804	45418.5997923811	2.0725614111278027e8	1.2722307164935978e8
0.6140799999999804	45420.17690636273	2.0725611302453136e8	1.2728936244077186e8
0.6143999999999804	45421.756700340986	2.072560848841364e8	1.27355653182193e8
0.6147199999999804	45423.3392461444	2.0725605669588855e8	1.274219438762373e8
0.6150399999999804	45424.92449028526	2.0725602845473665e8	1.2748823451972894e8
0.6153599999999804	45426.51281140696	2.0725600015675429e8	1.2755452511034402e8
0.6156799999999804	45428.104066350286	2.0725597180091965e8	1.2762081564734092e8
0.6159999999999803	45429.69806824351	2.0725594339652154e8	1.2768710613631141e8
0.6163199999999803	45431.29475590742	2.0725591494471338e8	1.2775339657789361e8
0.6166399999999803	45432.89447610894	2.0725588642861068e8	1.2781968696176077e8
0.6169599999999803	45434.497069009514	2.0725585786588725e8	1.2788597729869103e8
0.6172799999999803	45436.10258452655	2.0725582924701178e8	1.279522675827725e8
0.6175999999999803	45437.71090448537	2.0725580057334885e8	1.2801855781474604e8
0.6179199999999803	45439.322003438225	2.072557718490524e8	1.2808484799711344e8
0.6182399999999802	45440.936081065774	2.0725574306793693e8	1.2815113812607554e8
0.6185599999999802	45442.55336181517	2.0725571422786736e8	1.2821742820033987e8
0.6188799999999802	45444.17334425132	2.072556853379471e8	1.2828371822528957e8
0.6191999999999802	45445.79598528831	2.0725565640129983e8	1.2835000820279196e8
0.6195199999999802	45447.42187224213	2.0725562740018103e8	1.2841629812202999e8
0.6198399999999802	45449.0507725758	2.072555983436833e8	1.2848258798848626e8
0.6201599999999802	45450.68237402272	2.0725556923612693e8	1.2854887780466531e8
0.6204799999999802	45452.31726029521	2.072555400664604e8	1.2861516756387986e8
0.6207999999999801	45453.95472950044	2.072555108474988e8	1.2868145727375658e8
0.6211199999999801	45455.595330197524	2.0725548157521567e8	1.2874774693195254e8
0.6214399999999801	45457.239144473446	2.072554522362626e8	1.2881403653014943e8
0.6217599999999801	45458.88599014338	2.0725542284685308e8	1.2888032607829216e8
0.6220799999999801	45460.535322280266	2.072553934073442e8	1.2894661557634555e8
0.6223999999999801	45462.18804722761	2.0725536390108955e8	1.2901290501424064e8
0.6227199999999801	45463.8435402351	2.0725533434840724e8	1.2907919440432689e8
0.62303999999998	45465.502412145375	2.072553047300304e8	1.2914548373478328e8
0.62335999999998	45467.164106817894	2.0725527506250727e8	1.2921177301564959e8
0.62367999999998	45468.828932552104	2.0725524533214527e8	1.2927806223845212e8
0.62399999999998	45470.496530312834	2.0725521554920754e8	1.2934435140939675e8
0.62431999999998	45472.16749592586	2.0725518570544744e8	1.2941064052350567e8
0.62463999999998	45473.84160298983	2.0725515580784875e8	1.2947692958499458e8
0.62495999999998	45475.518094752944	2.0725512585194176e8	1.2954321859073164e8
0.62527999999998	45477.19855788283	2.072550958323577e8	1.296095075378961e8
0.62559999999998	45478.88200876971	2.0725506575507367e8	1.2967579642979401e8
0.6259199999999799	45480.56807450205	2.0725503562684962e8	1.2974208527045886e8
0.6262399999999799	45482.25752831312	2.07255005438321e8	1.2980837405426376e8
0.6265599999999799	45483.95010477972	2.072549751833224e8	1.2987466277718545e8
0.6268799999999799	45485.64559518119	2.0725494488302702e8	1.2994095145235229e8
0.6271999999999799	45487.34403247792	2.0725491452316132e8	1.3000724007077792e8
0.6275199999999799	45489.0462524289	2.072548840923841e8	1.300735286255968e8
0.6278399999999799	45490.751334435045	2.0725485360835585e8	1.301398171274826e8
0.6281599999999798	45492.45946520571	2.0725482306963262e8	1.3020610557554379e8
0.6284799999999798	45494.17118558825	2.072547924606861e8	1.3027239396016668e8
0.6287999999999798	45495.8854622398	2.0725476180525962e8	1.3033868229582666e8
0.6291199999999798	45497.60327476253	2.072547310818721e8	1.3040497056932573e8
0.6294399999999798	45499.32453946804	2.07254700294577e8	1.304712587831157e8
0.6297599999999798	45501.04846245167	2.0725466945565194e8	1.3053754694456992e8
0.6300799999999798	45502.77614734437	2.0725463854696992e8	1.3060383504262304e8
0.6303999999999798	45504.506555433756	2.0725460759040844e8	1.3067012309061217e8
0.6307199999999797	45506.240556541656	2.0725457656181064e8	1.3073641107357372e8
0.6310399999999797	45507.97748262188	2.0725454548034194e8	1.3080269900328277e8
0.6313599999999797	45509.71794414231	2.0725451433211607e8	1.3086898687114353e8
0.6316799999999797	45511.46154704057	2.072544831218305e8	1.3093527467991069e8
0.6319999999999797	45513.20853500937	2.0725445185509294e8	1.3100156243315542e8
0.6323199999999797	45514.95875844604	2.0725442052521393e8	1.3106785012653537e8
0.6326399999999797	45516.71235672655	2.0725438912760028e8	1.3113413775713219e8
0.6329599999999797	45518.468902258806	2.0725435767714828e8	1.3120042533414945e8
0.6332799999999796	45520.22904972251	2.0725432616032365e8	1.3126671284920266e8
0.6335999999999796	45521.99301114879	2.07254294574501e8	1.313330003006389e8
0.6339199999999796	45523.75928951704	2.0725426293702817e8	1.3139928769883738e8
0.6342399999999796	45525.52927036498	2.0725423123243245e8	1.3146557503443965e8
0.6345599999999796	45527.302825153245	2.072541994670824e8	1.3153186231137201e8
0.6348799999999796	45529.07973591121	2.0725416763610807e8	1.3159814952640124e8
0.6351999999999796	45530.859549552355	2.0725413574509415e8	1.3166443668284324e8
0.6355199999999795	45532.64312243962	2.0725410378911245e8	1.3173072377781777e8
0.6358399999999795	45534.430227664765	2.072540717637309e8	1.3179701080835812e8
0.6361599999999795	45536.22033134046	2.0725403968014148e8	1.3186329778131992e8
0.6364799999999795	45538.01397972383	2.072540075356142e8	1.3192958469510539e8
0.6367999999999795	45539.81106840539	2.072539753199201e8	1.3199587154310091e8
0.6371199999999795	45541.611645613804	2.0725394303867587e8	1.3206215832883088e8
0.6374399999999795	45543.41582781966	2.072539106945793e8	1.3212844505399092e8
0.6377599999999795	45545.2232761215	2.0725387828688708e8	1.3219473171792038e8
0.6380799999999794	45547.033991384305	2.0725384581579682e8	1.3226101832068154e8
0.6383999999999794	45548.848389730076	2.0725381327386457e8	1.323273048576086e8
0.6387199999999794	45550.66553417611	2.0725378068618098e8	1.3239359134431744e8
0.6390399999999794	45552.48738823235	2.072537480061372e8	1.3245987775168529e8
0.6393599999999794	45554.312124556396	2.072537152755869e8	1.3252616410571958e8
0.6396799999999794	45556.14031120908	2.0725368247490507e8	1.3259245039401993e8
0.6399999999999794	45557.97227428629	2.072536496049667e8	1.3265873661719316e8
0.6403199999999794	45559.807533258674	2.072536166734099e8	1.3272502277988712e8
0.6406399999999793	45561.64634887012	2.0725358367495915e8	1.3279130887875348e8
0.6409599999999793	45563.48908764826	2.072535506023602e8	1.3285759490920654e8
0.6412799999999793	45565.33449116743	2.0725351747702372e8	1.3292388088445015e8
0.6415999999999793	45567.18416624868	2.0725348427242982e8	1.3299016678799187e8
0.6419199999999793	45569.0371141432	2.0725345100698447e8	1.3305645263120902e8
0.6422399999999793	45570.8936596489	2.0725341767654306e8	1.3312273841149439e8
0.6425599999999793	45572.75440709075	2.072533842628971e8	1.3318902411729813e8
0.6428799999999792	45574.61804489904	2.072533507972952e8	1.3325530976815704e8
0.6431999999999792	45576.485655970675	2.0725331725527564e8	1.3332159534867105e8
0.6435199999999792	45578.356500555965	2.0725328364995626e8	1.3338788086694087e8
0.6438399999999792	45580.231647441426	2.0725324996385708e8	1.3345416631202899e8
0.6441599999999792	45582.10983043287	2.072532162188212e8	1.335204516974736e8
0.6444799999999792	45583.991788057596	2.072531824115828e8	1.3358673702137306e8
0.6447999999999792	45585.87780876209	2.0725314852013767e8	1.3365302226957813e8
0.6451199999999792	45587.766927266224	2.0725311457273567e8	1.3371930745988606e8
0.6454399999999791	45589.66017542229	2.072530805447049e8	1.3378559257668181e8
0.6457599999999791	45591.55700465127	2.072530464521523e8	1.3385187763009088e8
0.6460799999999791	45593.457456566975	2.072530122877608e8	1.339181626153352e8
0.6463999999999791	45595.361740233006	2.0725297805628642e8	1.3398444753549056e8
0.6467199999999791	45597.26947044701	2.0725294375183925e8	1.3405073238654366e8
0.6470399999999791	45599.181199503335	2.0725290937616357e8	1.3411701716974472e8
0.6473599999999791	45601.096948321494	2.0725287492440337e8	1.3418330188188529e8
0.647679999999979	45603.01592922906	2.0725284041236097e8	1.342495865328458e8
0.647999999999979	45604.939068710104	2.072528058193488e8	1.343158711094859e8
0.648319999999979	45606.86590086154	2.0725277116151437e8	1.3438215562202868e8
0.648639999999979	45608.79646649114	2.0725273642850804e8	1.344484400637096e8
0.648959999999979	45610.73084039814	2.072527016256878e8	1.345147244379562e8
0.649279999999979	45612.66917996642	2.072526667477639e8	1.3458100874131858e8
0.649599999999979	45614.61100729236	2.0725263180255517e8	1.3464729297863245e8
0.649919999999979	45616.557207021855	2.0725259677164364e8	1.347135771381693e8
0.650239999999979	45618.5069435405	2.0725256167503276e8	1.347798612325575e8
0.6505599999999789	45620.46051507869	2.072525265074049e8	1.3484614525837535e8
0.6508799999999789	45622.41811626456	2.072524912663603e8	1.3491242921405697e8
0.6511999999999789	45624.37964652711	2.0725245594600388e8	1.3497871309565407e8
0.6515199999999789	45626.34482772752	2.072524205577304e8	1.350449969104137e8
0.6518399999999789	45628.31425748744	2.072523850946476e8	1.3511128065398258e8
0.6521599999999789	45630.287456728794	2.0725234955638376e8	1.351775643258758e8
0.6524799999999789	45632.2642150383	2.0725231394899273e8	1.3524384792989442e8
0.6527999999999788	45634.24556705129	2.0725227825488272e8	1.3531013145484394e8
0.6531199999999788	45636.23071869508	2.0725224248946005e8	1.3537641491042346e8
0.6534399999999788	45638.219705029725	2.0725220665430808e8	1.3544269829760766e8
0.6537599999999788	45640.21256372643	2.072521707406872e8	1.3550898161062533e8
0.6540799999999788	45642.209372228484	2.072521347545679e8	1.3557526485332942e8
0.6543999999999788	45644.21032166609	2.072520986928616e8	1.356415480236914e8
0.6547199999999788	45646.21567790238	2.0725206254069215e8	1.3570783111198685e8
0.6550399999999788	45648.22454249234	2.0725202633072135e8	1.357741141392095e8
0.6553599999999787	45650.23772423935	2.0725199003339723e8	1.3584039708621207e8
0.6556799999999787	45652.25492073805	2.0725195365975705e8	1.359066799600394e8
0.6559999999999787	45654.275924586866	2.072519172150595e8	1.3597296276399267e8
0.6563199999999787	45656.30136230242	2.072518806853786e8	1.3603924548907548e8
0.6566399999999787	45658.33123646139	2.0725184406725687e8	1.3610552813293248e8
0.6569599999999787	45660.36448519283	2.0725180739431837e8	1.3617181071719998e8
0.6572799999999787	45662.40232245516	2.0725177062786812e8	1.362380932168047e8
0.6575999999999786	45664.44400381124	2.072517337923174e8	1.3630437564745042e8
0.6579199999999786	45666.48989648389	2.0725169687519732e8	1.363706580009892e8
0.6582399999999786	45668.539878326155	2.0725165987968135e8	1.3643694027938583e8
0.6585599999999786	45670.59456012337	2.0725162279396126e8	1.3650322247499332e8
0.6588799999999786	45672.6526581448	2.072515856443326e8	1.3656950460460815e8
0.6591999999999786	45674.71539362059	2.072515484067181e8	1.366357866527103e8
0.6595199999999786	45676.78245058218	2.07251511089434e8	1.3670206862458783e8
0.6598399999999786	45678.853373828846	2.0725147369254002e8	1.367683505200448e8
0.6601599999999785	45680.92877129864	2.0725143621828535e8	1.3683463234069243e8
0.6604799999999785	45683.00821726526	2.0725139865918738e8	1.3690091408136556e8
0.6607999999999785	45685.09209509061	2.0725136102345908e8	1.3696719574753594e8
0.6611199999999785	45687.18028714137	2.072513232988476e8	1.3703347733098537e8
0.6614399999999785	45689.27277316978	2.0725128550043648e8	1.3709975884159434e8
0.6617599999999785	45691.369530087766	2.0725124761271092e8	1.3716604026901296e8
0.6620799999999785	45693.470454603084	2.0725120964551398e8	1.3723232161963344e8
0.6623999999999785	45695.575951878855	2.0725117159992936e8	1.372986028942301e8
0.6627199999999784	45697.685536064455	2.0725113346859425e8	1.3736488408767992e8
0.6630399999999784	45699.799696516915	2.0725109525407684e8	1.3743116520176437e8
0.6633599999999784	45701.91837943602	2.0725105695221943e8	1.3749744623362306e8
0.6636799999999784	45704.04105924312	2.0725101857864407e8	1.3756372719335908e8
0.6639999999999784	45706.16823550264	2.0725098011142826e8	1.37630008066511e8
0.6643199999999784	45708.29960695024	2.0725094156712192e8	1.37696288863878e8
0.6646399999999784	45710.43635589367	2.072509029244323e8	1.377625695716265e8
0.6649599999999783	45712.57633239388	2.072508642156884e8	1.378288502104341e8
0.6652799999999783	45714.721421784794	2.0725082541218987e8	1.378951307617715e8
0.6655999999999783	45716.87086699801	2.0725078651958328e8	1.3796141122904807e8
0.6659199999999783	45719.0245428006	2.0725074755437347e8	1.3802769162312317e8
0.6662399999999783	45721.183219694736	2.0725070848975348e8	1.3809397192632028e8
0.6665599999999783	45723.34622968727	2.0725066934594482e8	1.381602521517953e8
0.6668799999999783	45725.51375299576	2.07250630112037e8	1.3822653229225212e8
0.6671999999999783	45727.685297928	2.0725059080187526e8	1.3829281235667384e8
0.6675199999999782	45729.8621357505	2.0725055139413995e8	1.383590923311747e8
0.6678399999999782	45732.043309551686	2.0725051189779264e8	1.38425372221323e8
0.6681599999999782	45734.228772549235	2.072504723226161e8	1.3849165203355056e8
0.6684799999999782	45736.41950625108	2.0725043265293893e8	1.385579317576268e8
0.6687999999999782	45738.61392122942	2.0725039290949598e8	1.386242114067971e8
0.6691199999999782	45740.81376066303	2.0725035305956766e8	1.386904909596705e8
0.6694399999999782	45743.01769014112	2.0725031313159975e8	1.3875677043474126e8
0.6697599999999782	45745.22698471123	2.0725027310649133e8	1.3882304981955853e8
0.6700799999999781	45747.43962677427	2.0725023301103812e8	1.3888932913131356e8
0.6703999999999781	45749.658396908366	2.0725019279287723e8	1.38955608335748e8
0.6707199999999781	45751.88126466861	2.0725015251587063e8	1.3902188747490305e8
0.6710399999999781	45754.10903050219	2.072501121283903e8	1.3908816651433715e8
0.6713599999999781	45756.34095333385	2.072500716650645e8	1.391544454769441e8
0.6716799999999781	45758.57788493106	2.072500311071681e8	1.392207243503493e8
0.6719999999999781	45760.81999024375	2.0724999045329943e8	1.3928700313356948e8
0.672319999999978	45763.066529973315	2.07249949710576e8	1.3935328183105046e8
0.672639999999978	45765.31783488634	2.0724990888114348e8	1.3941956044425422e8
0.672959999999978	45767.57435629597	2.072498679485691e8	1.39485838962182e8
0.673279999999978	45769.83535695686	2.072498269331785e8	1.3955211739817372e8
0.673599999999978	45772.10057456254	2.0724978583027384e8	1.3961839574889544e8
0.673919999999978	45774.37186195428	2.0724974461748216e8	1.3968467399978575e8
0.674239999999978	45776.647045185	2.072497033364887e8	1.39750952178131e8
0.674559999999978	45778.92739330386	2.0724966194271728e8	1.398172302542057e8
0.6748799999999779	45781.21262255528	2.0724962046198985e8	1.3988350824523097e8
0.6751999999999779	45783.502430436485	2.0724957889754447e8	1.3994978615320686e8
0.6755199999999779	45785.79787472581	2.0724953722433543e8	1.4001606396147287e8
0.6758399999999779	45788.098068744526	2.072494954490808e8	1.4008234167417213e8
0.6761599999999779	45790.40314492162	2.0724945359280407e8	1.4014861930546027e8
0.6764799999999779	45792.713346043616	2.0724941163297066e8	1.402148968400891e8
0.6767999999999779	45795.02847999254	2.072493695829974e8	1.402811742869728e8
0.6771199999999779	45797.34840335556	2.072493274306833e8	1.4034745163771218e8
0.6774399999999778	45799.673308554826	2.072492851919815e8	1.4041372890307376e8
0.6777599999999778	45802.003711590536	2.0724924284673533e8	1.4048000606947476e8
0.6780799999999778	45804.338564689526	2.0724920041682103e8	1.4054628315130416e8
0.6783999999999778	45806.678548726755	2.072491578888895e8	1.4061256013963932e8
0.6787199999999778	45809.024340853735	2.072491152442126e8	1.406788370218876e8
0.6790399999999778	45811.37521923612	2.072490725086654e8	1.4074511381526992e8
0.6793599999999778	45813.730277773786	2.0724902968896922e8	1.4081139052396977e8
0.6796799999999777	45816.09107715256	2.072489867594872e8	1.4087766713097748e8
0.6799999999999777	45818.45704359212	2.0724894373144156e8	1.409439436436296e8
0.6803199999999777	45820.827414711675	2.0724890061665887e8	1.410102200696287e8
0.6806399999999777	45823.20435868042	2.0724885738212165e8	1.4107649638710666e8
0.6809599999999777	45825.58556533039	2.0724881406030115e8	1.411427726173168e8
0.6812799999999777	45827.97231955528	2.0724877063824466e8	1.412090487517564e8
0.6815999999999777	45830.36387822841	2.072487271114835e8	1.4127532478704137e8
0.6819199999999777	45832.76149163353	2.07248683480831e8	1.413416007240189e8
0.6822399999999776	45835.1637602839	2.072486397545373e8	1.4140787656776735e8
0.6825599999999776	45837.57107640792	2.0724859593459925e8	1.4147415231967792e8
0.6828799999999776	45839.9848927798	2.072485519917109e8	1.415404279601041e8
0.6831999999999776	45842.403249458854	2.0724850795228943e8	1.4160670350634894e8
0.6835199999999776	45844.82693909657	2.0724846381801224e8	1.4167297895971277e8
0.6838399999999776	45847.2561256348	2.072484195777312e8	1.4173925431252772e8
0.6841599999999776	45849.69042118653	2.072483752406042e8	1.4180552957082975e8
0.6844799999999776	45852.13064729915	2.0724833078423196e8	1.4187180471944827e8
0.6847999999999775	45854.57582546995	2.072482862343287e8	1.419380797755638e8
0.6851199999999775	45857.02646287577	2.0724824158129624e8	1.4200435473266566e8
0.6854399999999775	45859.48264164106	2.0724819681838706e8	1.4207062958605033e8
0.6857599999999775	45861.944498416386	2.0724815194562736e8	1.4213690433566794e8
0.6860799999999775	45864.41195366033	2.0724810696790278e8	1.4220317898473457e8
0.6863999999999775	45866.88470475188	2.0724806189572242e8	1.422694535402626e8
0.6867199999999775	45869.362894719394	2.0724801670092312e8	1.423357279828609e8
0.6870399999999774	45871.84651522801	2.072479714150885e8	1.4240200233410314e8
0.6873599999999774	45874.33632005956	2.072479260080454e8	1.424682765733925e8
0.6876799999999774	45876.83121642985	2.0724788050154155e8	1.4253455071522096e8
0.6879999999999774	45879.33187479536	2.0724783488840672e8	1.4260082475476408e8
0.6883199999999774	45881.837889463975	2.072477891661897e8	1.426670986901004e8
0.6886399999999774	45884.3500842132	2.0724774332579425e8	1.427333725151125e8
0.6889599999999774	45886.867394873065	2.0724769739587256e8	1.4279964624909016e8
0.6892799999999774	45889.390909330315	2.072476513378949e8	1.4286591986572284e8
0.6895999999999773	45891.919647297356	2.0724760517764637e8	1.4293219338235876e8
0.6899199999999773	45894.454181301866	2.072475589040408e8	1.4299846679142368e8
0.6902399999999773	45896.99472257094	2.072475125195029e8	1.4306474009454226e8
0.6905599999999773	45899.54123825471	2.0724746601521766e8	1.4313101328550476e8
0.6908799999999773	45902.09262372207	2.072474194331469e8	1.4319728639283967e8
0.6911999999999773	45904.65049819968	2.07247372710289e8	1.432635593734209e8
0.6915199999999773	45907.214532727674	2.0724732586318046e8	1.433298322384409e8
0.6918399999999773	45909.78365830932	2.072472789266466e8	1.4339610501153862e8
0.6921599999999772	45912.358780630886	2.0724723187818635e8	1.4346237767732775e8
0.6924799999999772	45914.93986195409	2.072471847092456e8	1.4352865022976002e8
0.6927999999999772	45917.526917012525	2.0724713742152125e8	1.435949226698941e8
0.6931199999999772	45920.119897290824	2.072470900291841e8	1.4366119500741744e8
0.6934399999999772	45922.718535780805	2.072470425201238e8	1.4372746723374426e8
0.6937599999999772	45925.323425259216	2.072469948918693e8	1.4379373934722427e8
0.6940799999999772	45927.934397461366	2.0724694714439255e8	1.438600113476661e8
0.6943999999999771	45930.55128461204	2.0724689928287423e8	1.439262832384957e8
0.6947199999999771	45933.17465505429	2.0724685130566153e8	1.4399255501862314e8
0.6950399999999771	45935.80328534232	2.072468032163726e8	1.4405882669007277e8
0.6953599999999771	45938.43800422584	2.0724675501154894e8	1.4412509825057954e8
0.6956799999999771	45941.079205021524	2.0724670668584815e8	1.4419136969642976e8
0.6959999999999771	45943.72640587102	2.0724665824503544e8	1.442576410313673e8
0.6963199999999771	45946.38010838785	2.07246609667638e8	1.4432391224047625e8
0.696639999999977	45949.03954514552	2.072465609873181e8	1.4439018334683695e8
0.696959999999977	45951.705147670335	2.0724651218384138e8	1.4445645433637327e8
0.697279999999977	45954.376581245335	2.0724646327034494e8	1.4452272521802005e8
0.697599999999977	45957.05522285036	2.0724641421173662e8	1.4458899596760207e8
0.697919999999977	45959.73922357143	2.0724636506208816e8	1.4465526662215245e8
0.698239999999977	45962.43014049896	2.072463157719493e8	1.447215371475203e8
0.698559999999977	45965.12672385017	2.072462663679991e8	1.4478780756182432e8
0.698879999999977	45967.830100818166	2.0724621683479568e8	1.4485407785449716e8
0.699199999999977	45970.53982308529	2.0724616718241006e8	1.449203480323151e8
0.6995199999999769	45973.255392679	2.072461174140673e8	1.4498661809726396e8
0.6998399999999769	45975.97796100604	2.072460675056327e8	1.4505288803268197e8
0.7001599999999769	45978.706539319704	2.0724601748411062e8	1.4511915785703886e8
0.7004799999999769	45981.44104728206	2.0724596734868383e8	1.4518542756962374e8
0.7007999999999769	45984.18269615384	2.0724591707041764e8	1.4525169715040657e8
0.7011199999999769	45986.93080638081	2.072458666735036e8	1.453179666160015e8
0.7014399999999769	45989.68508858423	2.0724581615398288e8	1.45384235963425e8
0.7017599999999768	45992.44612296531	2.0724576549671325e8	1.4545050518210042e8
0.7020799999999768	45995.213458712766	2.0724571472659543e8	1.4551677428923693e8
0.7023999999999768	45997.987699770405	2.0724566382499897e8	1.4558304327181393e8
0.7027199999999768	46000.768273133064	2.0724561279036883e8	1.456493121284354e8
0.7030399999999768	46003.5548837899	2.0724556163895693e8	1.4571558087030575e8
0.7033599999999768	46006.34910384995	2.0724551035161972e8	1.457818494843086e8
0.7036799999999768	46009.14912318794	2.0724545893956742e8	1.4584811797765815e8
0.7039999999999768	46011.95653672603	2.072454073872787e8	1.4591438633977425e8
0.7043199999999767	46014.77043295903	2.0724535571179014e8	1.459806545822448e8
0.7046399999999767	46017.590769561495	2.0724530391422892e8	1.4604692270572713e8
0.7049599999999767	46020.41803982364	2.0724525197630343e8	1.4611319069734854e8
0.7052799999999767	46023.2520861666	2.072451999077807e8	1.4617945856380957e8
0.7055999999999767	46026.093213115695	2.072451477043744e8	1.462457263020437e8
0.7059199999999767	46028.940861110284	2.072450953621403e8	1.4631199390896568e8
0.7062399999999767	46031.79558860876	2.072450428878648e8	1.463782613893929e8
0.7065599999999767	46034.6568540024	2.0724499029325926e8	1.4644452875130767e8
0.7068799999999766	46037.524613886126	2.0724493756659922e8	1.4651079598628762e8
0.7071999999999766	46040.39982768347	2.0724488470606294e8	1.465770630931924e8
0.7075199999999766	46043.28224951701	2.0724483169443995e8	1.4664333005963764e8
0.7078399999999766	46046.17148830188	2.0724477854925752e8	1.467095968977636e8
0.7081599999999766	46049.06784530489	2.072447252758074e8	1.467758636112709e8
0.7084799999999766	46051.97022419427	2.0724467187102693e8	1.4684213019754007e8
0.7087999999999766	46054.880489553005	2.0724461832278094e8	1.4690839664838085e8
0.7091199999999765	46057.79786278016	2.072445646241819e8	1.469746629585373e8
0.7094399999999765	46060.72215202267	2.0724451079918033e8	1.4704092914479414e8
0.7097599999999765	46063.653247237824	2.0724445685063708e8	1.4710719520902178e8
0.7100799999999765	46066.59192746966	2.072444027461255e8	1.4717346112829554e8
0.7103999999999765	46069.53795482282	2.072443484915461e8	1.472397269065812e8
0.7107199999999765	46072.49096911846	2.0724429410646343e8	1.4730599255752835e8
0.7110399999999765	46075.45059494039	2.0724423959905097e8	1.4737225808670825e8
0.7113599999999765	46078.41800333091	2.0724418493052372e8	1.4743852346674496e8
0.7116799999999764	46081.39321767095	2.0724413011268803e8	1.4750478870588544e8
0.7119999999999764	46084.37517528545	2.0724407515381265e8	1.475710538095602e8
0.7123199999999764	46087.364789594954	2.0724402005959362e8	1.4763731878194752e8
0.7126399999999764	46090.36122273376	2.0724396482751635e8	1.4770358362087733e8
0.7129599999999764	46093.36577149977	2.0724390944252446e8	1.477698483158484e8
0.7132799999999764	46096.3766588947	2.0724385392498663e8	1.4783611288072523e8
0.7135999999999764	46099.39561931241	2.07243798257607e8	1.4790237730352882e8
0.7139199999999764	46102.42206268416	2.07243742437382e8	1.4796864158179456e8
0.7142399999999763	46105.4562054448	2.0724368647207e8	1.4803490572097167e8
0.7145599999999763	46108.49793458033	2.0724363035765192e8	1.481011697180093e8
0.7148799999999763	46111.54729533722	2.0724357408748043e8	1.4816743356801793e8
0.7151999999999763	46114.60371424859	2.0724351768794337e8	1.4823369728955e8
0.7155199999999763	46117.66807454788	2.072434611351615e8	1.482999608656397e8
0.7158399999999763	46120.740050686814	2.0724340442160827e8	1.4836622429065195e8
0.7161599999999763	46123.8196357857	2.0724334756009406e8	1.4843248757359746e8
0.7164799999999762	46126.90641826912	2.072432905600395e8	1.484987507209599e8
0.7167999999999762	46130.00196211091	2.0724323340115187e8	1.485650137184964e8
0.7171199999999762	46133.10442522403	2.072431760975635e8	1.486312765756596e8
0.7174399999999762	46136.214863246896	2.0724311863267264e8	1.486975392806915e8
0.7177599999999762	46139.333439725444	2.072430610167064e8	1.487638018408163e8
0.7180799999999762	46142.45937712958	2.0724300325065398e8	1.4883006425637227e8
0.7183999999999762	46145.594035860624	2.0724294531122681e8	1.4889632651086092e8
0.7187199999999762	46148.73561039158	2.0724288724640375e8	1.4896258863808286e8
0.7190399999999761	46151.88553358921	2.0724282902002534e8	1.490288506123136e8
0.7193599999999761	46155.04331366273	2.0724277062488574e8	1.490951124280684e8
0.7196799999999761	46158.20944684886	2.0724271207236502e8	1.4916137409350684e8
0.7199999999999761	46161.3831730324	2.072426533751439e8	1.4922763561738712e8
0.7203199999999761	46164.56516768123	2.072425945093272e8	1.492938969825397e8
0.7206399999999761	46167.755088701946	2.0724253549173135e8	1.4936015820081788e8
0.7209599999999761	46170.953469240994	2.0724247631070882e8	1.4942641926381972e8
0.721279999999976	46174.15914771126	2.0724241698028657e8	1.494926801811738e8
0.721599999999976	46177.3738519774	2.0724235747599185e8	1.4955894093555114e8
0.721919999999976	46180.59667790336	2.0724229781327468e8	1.4962520153767848e8
0.722239999999976	46183.8279055932	2.072422379875862e8	1.4969146198418835e8
0.722559999999976	46187.06675559493	2.072421780070793e8	1.4975772228059092e8
0.722879999999976	46190.31405315934	2.0724211786489832e8	1.4982398242200315e8
0.723199999999976	46193.57073694149	2.0724205753433973e8	1.4989024238920948e8
0.723519999999976	46196.83460236502	2.0724199706417674e8	1.4995650221669903e8
0.723839999999976	46200.10716839094	2.072419364167946e8	1.5002276187752324e8
0.7241599999999759	46203.38873980626	2.072418756090145e8	1.5008902138376895e8
0.7244799999999759	46206.6779449462	2.0724181464705765e8	1.5015528073940274e8
0.7247999999999759	46209.97601997507	2.072417534994602e8	1.5022153992180446e8
0.7251199999999759	46213.282471120525	2.0724169219162783e8	1.5028779894907385e8
0.7254399999999759	46216.59801134959	2.072416307074076e8	1.5035405780952677e8
0.7257599999999759	46219.92209138997	2.0724156906503063e8	1.5042031651606598e8
0.7260799999999759	46223.253464630914	2.0724150726087633e8	1.5048657506556112e8
0.7263999999999758	46226.59536502904	2.0724144526350912e8	1.5055283343589988e8
0.7267199999999758	46229.94531708836	2.0724138309355545e8	1.5061909164119986e8
0.7270399999999758	46233.302987719	2.0724132078036162e8	1.5068534970253265e8
0.7273599999999758	46236.67041450397	2.0724125827573583e8	1.50751607585256e8
0.7276799999999758	46240.046945579226	2.072411955888801e8	1.5081786529569548e8
0.7279999999999758	46243.431573183305	2.0724113274424672e8	1.508841228511945e8
0.7283199999999758	46246.82570585371	2.0724106970754647e8	1.50950380227003e8
0.7286399999999758	46250.22819616765	2.0724100650936222e8	1.5101663744489998e8
0.7289599999999757	46253.63973705753	2.072409431347188e8	1.510828944939939e8
0.7292799999999757	46257.059598596425	2.0724087959991378e8	1.5114915138579464e8
0.7295999999999757	46260.49101334091	2.0724081582940876e8	1.512154080659016e8
0.7299199999999757	46263.929131723424	2.072407519327541e8	1.5128166461273074e8
0.7302399999999757	46267.376825827705	2.0724068784097773e8	1.513479209765631e8
0.7305599999999757	46270.83362646521	2.072406235763799e8	1.5141417717336738e8
0.7308799999999757	46274.299892851814	2.0724055912135965e8	1.5148043319020143e8
0.7311999999999756	46277.77486096001	2.0724049448886818e8	1.51546689036138e8
0.7315199999999756	46281.25953597565	2.0724042966717562e8	1.516129447026875e8
0.7318399999999756	46284.7535294629	2.072403646709182e8	1.5167920020026618e8
0.7321599999999756	46288.25691927469	2.0724029948834008e8	1.517454555201113e8
0.7324799999999756	46291.76937637034	2.072402341157488e8	1.5181171065924218e8
0.7327999999999756	46295.291031204324	2.0724016857271335e8	1.5187796563184282e8
0.7331199999999756	46298.82217408974	2.072401028372087e8	1.5194422042167118e8
0.7334399999999756	46302.36325138221	2.072400368989176e8	1.5201047502108535e8
0.7337599999999755	46305.913480132054	2.0723997078970873e8	1.5207672945305657e8
0.7340799999999755	46309.47324514109	2.072399044828734e8	1.52142983697908e8
0.7343999999999755	46313.0423743974	2.0723983799649227e8	1.5220923776867348e8
0.7347199999999755	46316.622026425575	2.072397713016618e8	1.5227549164424303e8
0.7350399999999755	46320.210071289555	2.0723970443185166e8	1.5234174534844366e8
0.7353599999999755	46323.80887848921	2.0723963736533117e8	1.5240799886574644e8
0.7356799999999755	46327.4169672333	2.072395701124818e8	1.524742522031983e8
0.7359999999999755	46331.03496622464	2.0723950265588865e8	1.5254050534796005e8
0.7363199999999754	46334.66228790541	2.0723943501300633e8	1.5260675831252378e8
0.7366399999999754	46338.3001816859	2.0723936716536933e8	1.5267301108342844e8
0.7369599999999754	46341.948118583125	2.072392991168175e8	1.5273926366315785e8
0.7372799999999754	46345.60484262547	2.072392308979066e8	1.5280551607370773e8
0.7375999999999754	46349.27251921338	2.0723916244841748e8	1.5287176827105668e8
0.7379199999999754	46352.95022859719	2.0723909382309708e8	1.529380202951306e8
0.7382399999999754	46356.63706380325	2.0723902499611136e8	1.53004272126442e8
0.7385599999999753	46360.33462373544	2.0723895597196394e8	1.530705237685326e8
0.7388799999999753	46364.04270833295	2.072388867276253e8	1.5313677520413467e8
0.7391999999999753	46367.75977731712	2.0723881730444777e8	1.5320302646319258e8
0.7395199999999753	46371.48812410184	2.0723874766377667e8	1.5326927751753756e8
0.7398399999999753	46375.226420185674	2.0723867781529212e8	1.5333552837376606e8
0.7401599999999753	46378.97595206705	2.072386077592946e8	1.5340177903222576e8
0.7404799999999753	46382.73395776668	2.0723853752035537e8	1.5346802951018435e8
0.7407999999999753	46386.503843929524	2.0723846705948895e8	1.5353427977946064e8
0.7411199999999752	46390.283621531635	2.0723839639422145e8	1.5360052985230422e8
0.7414399999999752	46394.07382804806	2.0723832552045017e8	1.5366677972560644e8
0.7417599999999752	46397.874963919174	2.0723825442882684e8	1.5373302939235213e8
0.7420799999999752	46401.685946873935	2.0723818313691252e8	1.5379927886507434e8
0.7423999999999752	46405.507765574126	2.072381116517254e8	1.538655281490362e8
0.7427199999999752	46409.3410266767	2.0723803991998154e8	1.5393177720462286e8
0.7430399999999752	46413.18435448521	2.0723796798813587e8	1.5399802606575105e8
0.7433599999999752	46417.03824855399	2.072378958614617e8	1.5406427473626715e8
0.7436799999999751	46420.9042287595	2.0723782348036617e8	1.5413052317204547e8
0.7439999999999751	46424.77925607629	2.0723775091375393e8	1.5419677142331734e8
0.7443199999999751	46428.66623528205	2.0723767812414053e8	1.5426301946273816e8
0.7446399999999751	46432.563505948645	2.0723760511160302e8	1.543292672897158e8
0.7449599999999751	46436.47161749239	2.072375318981681e8	1.5439551492057547e8
0.7452799999999751	46440.39147106093	2.0723745844441e8	1.5446176232596025e8
0.7455999999999751	46444.32224208093	2.0723738478574276e8	1.54528009531823e8
0.745919999999975	46448.26423981306	2.0723731089367718e8	1.5459425651678455e8
0.746239999999975	46452.21789979928	2.0723723677530771e8	1.546605032860147e8
0.746559999999975	46456.181866908264	2.0723716243231067e8	1.5472674984019303e8
0.746879999999975	46460.1570729272	2.0723708787202612e8	1.54792996184812e8
0.747199999999975	46464.14352912164	2.0723701309839258e8	1.5485924232259792e8
0.747519999999975	46468.14288683468	2.072369380637062e8	1.5492548821809256e8
0.747839999999975	46472.151067210114	2.0723686284145603e8	1.549917339249624e8
0.748159999999975	46476.173251588996	2.0723678735252592e8	1.5505797938513228e8
0.7484799999999749	46480.20521803465	2.0723671165550163e8	1.551242246411211e8
0.7487999999999749	46484.249358281326	2.0723663573703036e8	1.5519046968332195e8
0.7491199999999749	46488.30562278738	2.0723655955266035e8	1.5525671447819838e8
0.7494399999999749	46492.371713099325	2.0723648318334678e8	1.5532295908557865e8
0.7497599999999749	46496.45173800193	2.0723640654255208e8	1.5538920344142157e8
0.7500799999999749	46500.542233583255	2.072363296832524e8	1.5545544758432376e8
0.7503999999999749	46504.64514274331	2.072362525716622e8	1.555216914891977e8
0.7507199999999749	46508.75967990472	2.0723617523287505e8	1.5558793517443177e8
0.7510399999999748	46512.886314041585	2.0723609764762282e8	1.5565417862544218e8
0.7513599999999748	46517.02561880769	2.0723601981517932e8	1.5572042184157777e8
0.7516799999999748	46521.17496577843	2.0723594177641317e8	1.5578666485265654e8
0.7519999999999748	46525.3377266657	2.0723586347460452e8	1.558529076166536e8
0.7523199999999748	46529.5125236625	2.072357849306122e8	1.5591915014865482e8
0.7526399999999748	46533.69933481486	2.0723570613945198e8	1.5598539244465938e8
0.7529599999999748	46537.898207253136	2.072356271159537e8	1.5605163451559642e8
0.7532799999999747	46542.11014661891	2.072355478204776e8	1.561178763316195e8
0.7535999999999747	46546.33224409626	2.07235468332632e8	1.5618411795173118e8
0.7539199999999747	46550.569179935905	2.0723538853752196e8	1.5625035929026714e8
0.7542399999999747	46554.81725057116	2.0723530853857744e8	1.5631660042401892e8
0.7545599999999747	46559.078654947174	2.072352282405848e8	1.5638284128147548e8
0.7548799999999747	46563.35179850497	2.0723514772777414e8	1.5644908192552975e8
0.7551999999999747	46567.63742050616	2.072350669675666e8	1.565153223315416e8
0.7555199999999747	46571.93702988324	2.0723498590560475e8	1.565815624585623e8
0.7558399999999746	46576.248658687466	2.0723490462342787e8	1.5664780236743897e8
0.7561599999999746	46580.57274703879	2.072348230782268e8	1.5671404202568537e8
0.7564799999999746	46584.91042450566	2.0723474126664457e8	1.567802814307726e8
0.7567999999999746	46589.26024616687	2.0723465920972207e8	1.5684652059800428e8
0.7571199999999746	46593.62434577741	2.072345768626486e8	1.5691275949372435e8
0.7574399999999746	46597.99932831893	2.072344943034434e8	1.56978998175912e8
0.7577599999999746	46602.38818289013	2.0723441146229634e8	1.570452365921778e8
0.7580799999999746	46606.79185046488	2.0723432832565156e8	1.5711147473218912e8
0.7583999999999745	46611.20578705071	2.0723424498717302e8	1.571777126655849e8
0.7587199999999745	46615.63539229655	2.0723416132145324e8	1.572439502983152e8
0.7590399999999745	46620.077363707576	2.0723407741038084e8	1.5731018769141176e8
0.7593599999999745	46624.53234819833	2.0723399323533672e8	1.5737642483064428e8
0.7596799999999745	46629.001379717774	2.072339087835753e8	1.5744266170631278e8
0.7599999999999745	46633.48467303827	2.0723382404385608e8	1.5750889830964684e8
0.7603199999999745	46637.97996586998	2.0723373905245987e8	1.5757513466739923e8
0.7606399999999744	46642.48946306375	2.0723365379086998e8	1.5764137076575994e8
0.7609599999999744	46647.01372977669	2.0723356822432092e8	1.5770760657813594e8
0.7612799999999744	46651.55089549826	2.0723348239722317e8	1.5777384213758254e8
0.7615999999999744	46656.10113843914	2.0723339630197233e8	1.5784007743808824e8
0.7619199999999744	46660.66648456733	2.0723330989913368e8	1.5790631244981927e8
0.7622399999999744	46665.24505469321	2.0723322324313283e8	1.5797254721350446e8
0.7625599999999744	46669.83772005039	2.0723313630809397e8	1.5803878170936307e8
0.7628799999999744	46674.443073862385	2.072330491031462e8	1.5810501594374454e8
0.7631999999999743	46679.06487538344	2.072329615500658e8	1.5817124985756737e8
0.7635199999999743	46683.69929382283	2.0723287377597058e8	1.5823748354663274e8
0.7638399999999743	46688.34909904434	2.072327856842706e8	1.5830371693759117e8
0.7641599999999743	46693.01258956277	2.0723269730039045e8	1.5836995004915017e8
0.7644799999999743	46697.69048216048	2.0723260862242955e8	1.5843618287973198e8
0.7647999999999743	46702.38288031127	2.072325196659597e8	1.585024154409741e8
0.7651199999999743	46707.08986990512	2.0723243040039796e8	1.5856864770921582e8
0.7654399999999743	46711.81213734309	2.0723234084254372e8	1.5863487969716626e8
0.7657599999999742	46716.54728389098	2.072322510124184e8	1.5870111141929993e8
0.7660799999999742	46721.29847430859	2.0723216086643004e8	1.587673428426885e8
0.7663999999999742	46726.064515590006	2.0723207042015493e8	1.5883357397867224e8
0.7667199999999742	46730.84475577675	2.0723197968319836e8	1.5889980483416113e8
0.7670399999999742	46735.64016311427	2.0723188863174754e8	1.5896603539082268e8
0.7673599999999742	46740.451026922135	2.0723179727555567e8	1.5903226565589195e8
0.7676799999999742	46745.277317091146	2.0723170561233765e8	1.5909849562730032e8
0.7679999999999741	46750.11749275732	2.072316136539195e8	1.5916472531346312e8
0.7683199999999741	46754.97438410241	2.0723152135513067e8	1.5923095468003395e8
0.7686399999999741	46759.846063911384	2.0723142876604024e8	1.5929718376470914e8
0.7689599999999741	46764.73196489337	2.0723133589577404e8	1.5936341257408223e8
0.7692799999999741	46769.63421431765	2.0723124266814446e8	1.5942964104975075e8
0.7695999999999741	46774.55196546125	2.072311491445983e8	1.5949586923845032e8
0.7699199999999741	46779.485114452575	2.0723105531326884e8	1.5956209713072172e8
0.7702399999999741	46784.43460993603	2.0723096114329937e8	1.5962832470270553e8
0.770559999999974	46789.398876519226	2.0723086665872037e8	1.5969455197221643e8
0.770879999999974	46794.37899688215	2.072307718696742e8	1.5976077894700485e8
0.771199999999974	46799.37602609757	2.0723067674088493e8	1.5982700559979984e8
0.771519999999974	46804.38915092503	2.072305812719434e8	1.598932319297576e8
0.771839999999974	46809.41680201562	2.072304855163386e8	1.5995945797746295e8
0.772159999999974	46814.46179868795	2.072303893978614e8	1.6002568368442348e8
0.772479999999974	46819.52190327971	2.0723029297580072e8	1.6009190909556457e8
0.772799999999974	46824.59983860244	2.0723019619863006e8	1.6015813417137924e8
0.7731199999999739	46829.692494892326	2.072300991052155e8	1.6022435894085205e8
0.7734399999999739	46834.80219260499	2.0723000170057043e8	1.6029058340806854e8
0.7737599999999739	46839.93000612993	2.0722990390435117e8	1.6035680751078993e8
0.7740799999999739	46845.07210681003	2.0722980580738926e8	1.6042303131806883e8
0.7743999999999739	46850.23136974295	2.07229707361539e8	1.604892547929674e8
0.7747199999999739	46855.40852527674	2.0722960857056627e8	1.6055547793821627e8
0.7750399999999739	46860.60190359014	2.072295094428879e8	1.6062170075961468e8
0.7753599999999738	46865.812821007334	2.0722940995017824e8	1.606879232351569e8
0.7756799999999738	46871.04015401289	2.0722931012127337e8	1.6075414538659126e8
0.7759999999999738	46876.2841719597	2.0722920995431098e8	1.608203672121944e8
0.7763199999999738	46881.54738804318	2.072291094115427e8	1.6088658868288317e8
0.7766399999999738	46886.82512983054	2.0722900854962152e8	1.6095280984123364e8
0.7769599999999738	46892.12111393275	2.072289073215351e8	1.6101903065122774e8
0.7772799999999738	46897.435109438535	2.0722880573312593e8	1.6108525111698627e8
0.7775999999999738	46902.76700861121	2.0722870379164603e8	1.611514712437612e8
0.7779199999999737	46908.11433869331	2.0722860150081873e8	1.612176910335438e8
0.7782399999999737	46913.4818359283	2.0722849881810662e8	1.6128391045392978e8
0.7785599999999737	46918.86534603193	2.072283957953062e8	1.6135012954393038e8
0.7788799999999737	46924.26882055387	2.0722829237749007e8	1.6141634826129562e8
0.7791999999999737	46929.68717553409	2.072281886442885e8	1.614825666665525e8
0.7795199999999737	46935.12632249585	2.0722808450197095e8	1.6154878468762252e8
0.7798399999999737	46940.58301720516	2.0722797998481846e8	1.6161500235011244e8
0.7801599999999737	46946.057370310176	2.07227875118429e8	1.616812196736404e8
0.7804799999999736	46951.550728801005	2.0722776985743067e8	1.6174743662273803e8
0.7807999999999736	46957.06143450949	2.072276642432373e8	1.6181365322898063e8
0.7811199999999736	46962.59134474647	2.0722755821722e8	1.6187986944662297e8
0.7814399999999736	46968.14019231863	2.072274518305714e8	1.619460853151967e8
0.7817599999999736	46973.70772944219	2.072273450407135e8	1.6201230080099759e8
0.7820799999999736	46979.29351456454	2.072272378895086e8	1.620785159362641e8
0.7823999999999736	46984.89922582599	2.0722713033345824e8	1.621447306869638e8
0.7827199999999735	46990.52196559377	2.0722702240495527e8	1.622109450774138e8
0.7830399999999735	46996.16618865901	2.072269140619309e8	1.6227715907526517e8
0.7833599999999735	47001.82827131771	2.0722680533657163e8	1.6234337270452797e8
0.7836799999999735	47007.509417577145	2.0722669622704357e8	1.6240958596364123e8
0.7839999999999735	47013.21109626335	2.072265866914812e8	1.6247579881971258e8
0.7843199999999735	47018.931986860756	2.0722647677260858e8	1.625420113055378e8
0.7846399999999735	47024.671835693174	2.072263664437578e8	1.6260822339975116e8
0.7849599999999735	47030.431090329526	2.0722625572628045e8	1.6267443511879727e8
0.7852799999999734	47036.21024618519	2.0722614460618716e8	1.627406464514052e8
0.7855999999999734	47042.01006735195	2.0722603304720998e8	1.6280685736884108e8
0.7859199999999734	47047.82983028142	2.0722592108493093e8	1.6287306789847347e8
0.7862399999999734	47053.67033810098	2.07225808711288e8	1.6293927803372902e8
0.7865599999999734	47059.528863446125	2.0722569593298435e8	1.6300548777888328e8
0.7868799999999734	47065.41006450744	2.0722558271136048e8	1.6307169710410276e8
0.7871999999999734	47071.31023137155	2.0722546909858963e8	1.6313790604922146e8
0.7875199999999734	47077.23160967417	2.0722535503862533e8	1.6320411457018512e8
0.7878399999999733	47083.17430418521	2.0722524054418823e8	1.6327032267658812e8
0.7881599999999733	47089.136037558936	2.0722512566845766e8	1.6333653040942425e8
0.7884799999999733	47095.11795018279	2.0722501035860118e8	1.6340273772689316e8
0.7887999999999733	47101.12302458994	2.0722489457447684e8	1.634689445975246e8
0.7891199999999733	47107.149598036995	2.0722477835718486e8	1.635351510529234e8
0.7894399999999733	47113.19548049528	2.0722466172840115e8	1.6360135710930383e8
0.7897599999999733	47119.26306460262	2.072245446545565e8	1.636675627402437e8
0.7900799999999732	47125.35472926775	2.0722442710717475e8	1.6373376792329586e8
0.7903999999999732	47131.463762860294	2.072243091651479e8	1.6379997271893206e8
0.7907199999999732	47137.59715743996	2.072241907335154e8	1.6386617705313286e8
0.7910399999999732	47143.75179714626	2.0722407188306376e8	1.6393238098074874e8
0.7913599999999732	47149.927730749485	2.0722395256561115e8	1.6399858446323824e8
0.7916799999999732	47156.12680434621	2.0722383279021353e8	1.6406478750768656e8
0.7919999999999732	47162.3467641655	2.0722371254317847e8	1.6413099010231873e8
0.7923199999999732	47168.59044485891	2.0722359185842714e8	1.64197192274127e8
0.7926399999999731	47174.8553120455	2.0722347069479492e8	1.6426339398951417e8
0.7929599999999731	47181.142716049006	2.072233490782282e8	1.643295952688542e8
0.7932799999999731	47187.45312674044	2.0722322698254445e8	1.6439579609101766e8
0.7935999999999731	47193.78688072459	2.0722310441947156e8	1.6446199646489924e8
0.7939199999999731	47200.141814243485	2.0722298140213698e8	1.6452819640000412e8
0.7942399999999731	47206.5210610115	2.0722285787017176e8	1.6459439584857315e8
0.7945599999999731	47212.922006784676	2.072227339031251e8	1.6466059487275857e8
0.794879999999973	47219.34681330796	2.0722260943652105e8	1.647267934213146e8
0.795199999999973	47225.795169616715	2.0722248448993844e8	1.647929915092442e8
0.795519999999973	47232.26774212755	2.0722235904280707e8	1.648591891198362e8
0.795839999999973	47238.762811151406	2.072222331195292e8	1.6492538627165604e8
0.796159999999973	47245.28102746628	2.0722210670010096e8	1.6499158294843143e8
0.796479999999973	47251.82496288658	2.072219797906781e8	1.6505777915509015e8
0.796799999999973	47258.39248120355	2.0722185236404282e8	1.651239748690159e8
0.797119999999973	47264.98500264848	2.0722172443322083e8	1.6519017010036072e8
0.797439999999973	47271.599869589016	2.0722159600174558e8	1.6525636485089597e8
0.7977599999999729	47278.24094100633	2.072214670533874e8	1.6532255910795262e8
0.7980799999999729	47284.90617515347	2.0722133762239647e8	1.6538875289793143e8
0.7983999999999729	47291.594425673735	2.0722120767557663e8	1.65454946193611e8
0.7987199999999729	47298.30906791033	2.0722107717122412e8	1.655211389618437e8
0.7990399999999729	47305.04735837474	2.072209461984496e8	1.655873312727207e8
0.7993599999999729	47311.81300796912	2.0722081464511707e8	1.6565352303687707e8
0.7996799999999729	47318.60202092211	2.0722068262444338e8	1.657197143434661e8
0.7999999999999728	47325.41833666894	2.072205500045506e8	1.657859050873022e8
0.8003199999999728	47332.25678911634	2.0722041694914553e8	1.6585209539777017e8
0.8006399999999728	47339.12261661874	2.072202832993241e8	1.6591828514825007e8
0.8009599999999728	47346.0148056862	2.072201491178975e8	1.659844743882525e8
0.8012799999999728	47352.93326255458	2.0722001436546272e8	1.660506630856503e8
0.8015999999999728	47359.87764567654	2.0721987910359937e8	1.661168512891645e8
0.8019199999999728	47366.848892825	2.0721974325630465e8	1.6618303893751886e8
0.8022399999999728	47373.845346825445	2.072196068974395e8	1.6624922608905202e8
0.8025599999999727	47380.870011401414	2.0721946994556725e8	1.6631541267848387e8
0.8028799999999727	47387.91993823012	2.0721933246423793e8	1.6638159875565994e8
0.8031999999999727	47394.99676285644	2.0721919441877192e8	1.664477842925149e8
0.8035199999999727	47402.100484341245	2.0721905580822268e8	1.665139692877206e8
0.8038399999999727	47409.231750940395	2.072189166298715e8	1.665801537386505e8
0.8041599999999727	47416.39163197308	2.0721877685118777e8	1.666463376187827e8
0.8044799999999727	47423.576756365954	2.0721863652309382e8	1.6671252096782026e8
0.8047999999999726	47430.791540974344	2.072184956058198e8	1.6677870375406688e8
0.8051199999999726	47438.031810905966	2.0721835414242408e8	1.6684488601078212e8
0.8054399999999726	47445.3033649142	2.0721821202771133e8	1.6691106765381682e8
0.8057599999999726	47452.60099197064	2.0721806936023733e8	1.6697724876091585e8
0.8060799999999726	47459.926476768356	2.0721792610415116e8	1.6704342930297086e8
0.8063999999999726	47467.28315211101	2.0721778221188965e8	1.6710960924168038e8
0.8067199999999726	47474.66451248177	2.0721763777477524e8	1.6717578864881796e8
0.8070399999999726	47482.076060847816	2.0721749272282112e8	1.6724196746841657e8
0.8073599999999725	47489.51889379406	2.072173470096162e8	1.6730814566259775e8
0.8076799999999725	47496.98944988073	2.0721720072715783e8	1.6737432330431613e8
0.8079999999999725	47504.48854897157	2.0721705382998693e8	1.6744050035642517e8
0.8083199999999725	47512.02008758541	2.0721690624367407e8	1.6750667675889134e8
0.8086399999999725	47519.577802408814	2.0721675812043312e8	1.6757285263290963e8
0.8089599999999725	47527.16570280921	2.0721660934472257e8	1.6763902788523692e8
0.8092799999999725	47534.78409101098	2.072164599552716e8	1.6770520254661834e8
0.8095999999999725	47542.434167983585	2.0721630985571718e8	1.6777137653864852e8
0.8099199999999724	47550.1141748015	2.0721615915677232e8	1.6783754994994965e8
0.8102399999999724	47557.824893245495	2.0721600782597083e8	1.6790372275376064e8
0.8105599999999724	47565.564668711115	2.072158558726765e8	1.6796989495672178e8
0.8108799999999724	47573.337259925574	2.072157032261523e8	1.6803606650155926e8
0.8111999999999724	47581.13957797582	2.0721554992615366e8	1.6810223741924244e8
0.8115199999999724	47588.97475509491	2.0721539596357322e8	1.6816840770231506e8
0.8118399999999724	47596.84153809096	2.0721524131466818e8	1.682345773305983e8
0.8121599999999723	47604.73626244527	2.0721508608914447e8	1.6830074639181337e8
0.8124799999999723	47612.67032267206	2.0721493003776297e8	1.6836691468501484e8
0.8127999999999723	47620.63344440625	2.072147733805002e8	1.6843308238624564e8
0.8131199999999723	47628.6253401872	2.0721461611666667e8	1.6849924949428186e8
0.8134399999999723	47636.65281710661	2.0721445806408414e8	1.685654158615924e8
0.8137599999999723	47644.71322304692	2.0721429933363968e8	1.6863158157712755e8
0.8140799999999723	47652.80597922345	2.0721413993227544e8	1.686977466457487e8
0.8143999999999723	47660.93036549391	2.072139798665946e8	1.6876391107202473e8
0.8147199999999722	47669.09065648822	2.0721381904845175e8	1.688300747842657e8
0.8150399999999722	47677.28324838377	2.07213657481864e8	1.6889623778432232e8
0.8153599999999722	47685.511291702824	2.0721349522159383e8	1.689624001166779e8
0.8156799999999722	47693.77295872087	2.0721333226426992e8	1.690285617775457e8
0.8159999999999722	47702.06627562721	2.072131685900222e8	1.6909472274964705e8
0.8163199999999722	47710.39658145895	2.072130041512586e8	1.6916088299439374e8
0.8166399999999722	47718.75952782305	2.072128390374536e8	1.6922704258328736e8
0.8169599999999722	47727.158095650186	2.0721267313505983e8	1.6929320142343053e8
0.8172799999999721	47735.591567219926	2.0721250651125535e8	1.6935935956880417e8
0.8175999999999721	47744.059252902036	2.0721233915070274e8	1.6942551700601652e8
0.8179199999999721	47752.562501640794	2.072121710394157e8	1.694916737231334e8
0.8182399999999721	47761.105451183634	2.0721200210624823e8	1.695578296619376e8
0.8185599999999721	47769.679333440705	2.0721183249966773e8	1.696239849415405e8
0.8188799999999721	47778.29305389364	2.0721166205668995e8	1.696901394294144e8
0.8191999999999721	47786.94050973345	2.072114908638534e8	1.697562931945071e8
0.819519999999972	47795.627927246765	2.0721131884726253e8	1.698224461766311e8
0.819839999999972	47804.35183976207	2.0721114607512876e8	1.6988859843025523e8
0.820159999999972	47813.10967191003	2.0721097255489898e8	1.6995474996026355e8
0.820479999999972	47821.90661192575	2.0721079818666205e8	1.7002090068486166e8
0.820799999999972	47830.74063940909	2.07210623035167e8	1.7008705065598187e8
0.821119999999972	47839.61366525633	2.0721044707429212e8	1.7015319985172936e8
0.821439999999972	47848.52538340246	2.0721027028399274e8	1.7021934825476965e8
0.821759999999972	47857.47521283785	2.072100926594879e8	1.702854958602369e8
0.8220799999999719	47866.46207148077	2.0720991429970714e8	1.7035164274842918e8
0.8223999999999719	47875.4877074044	2.0720973505399567e8	1.7041778879501706e8
0.8227199999999719	47884.5535636644	2.072095549647977e8	1.7048393403428832e8
0.8230399999999719	47893.65744983973	2.0720937404811823e8	1.7055007847817975e8
0.8233599999999719	47902.80189623732	2.072091923006462e8	1.7061622212358117e8
0.8236799999999719	47911.9876173213	2.0720900965613455e8	1.7068236491521576e8
0.8239999999999719	47921.21244075271	2.0720882618693864e8	1.7074850691142118e8
0.8243199999999719	47930.4783217075	2.0720864183966815e8	1.7081464806770098e8
0.8246399999999718	47939.783078917964	2.0720845665462515e8	1.7088078841602498e8
0.8249599999999718	47949.13072902771	2.0720827053219858e8	1.7094692787407953e8
0.8252799999999718	47958.51944963703	2.0720808354139423e8	1.7101306649755424e8
0.8255999999999718	47967.948767139984	2.0720789567333412e8	1.710792042781638e8
0.8259199999999718	47977.419727392895	2.0720770694455624e8	1.711453412288682e8
0.8262399999999718	47986.93375882472	2.072075172825453e8	1.712114772891343e8
0.8265599999999718	47996.48996727382	2.072073266976874e8	1.7127761246645457e8
0.8268799999999717	48006.08832368652	2.0720713522839507e8	1.7134374679166007e8
0.8271999999999717	48015.73019812266	2.0720694282164773e8	1.714098802202394e8
0.8275199999999717	48025.41594065007	2.0720674949718088e8	1.714760127676427e8
0.8278399999999717	48035.1430565179	2.0720655522201896e8	1.7154214440521893e8
0.8281599999999717	48044.915634721634	2.0720636004470766e8	1.716082751729219e8
0.8284799999999717	48054.73240284852	2.0720616385703132e8	1.7167440497996917e8
0.8287999999999717	48064.59411667621	2.0720596679118118e8	1.7174053393503785e8
0.8291199999999717	48074.49654416598	2.0720576873177359e8	1.7180666194085172e8
0.8294399999999716	48084.450869236534	2.0720556963247356e8	1.7187278895989326e8
0.8297599999999716	48094.44512231128	2.072053696352179e8	1.7193891510685015e8
0.8300799999999716	48104.48915378876	2.0720516860109273e8	1.7200504026718616e8
0.8303999999999716	48114.57625456044	2.072049666043768e8	1.7207116450040138e8
0.8307199999999716	48124.711738007754	2.0720476360171816e8	1.7213728777041644e8
0.8310399999999716	48134.89018116742	2.0720455967376646e8	1.7220341014232603e8
0.8313599999999716	48145.119220335146	2.072043546379678e8	1.722695314647203e8
0.8316799999999716	48155.39615618855	2.072041485796575e8	1.7233565180700466e8
0.8319999999999715	48165.717504676606	2.072039415359906e8	1.724017711984791e8
0.8323199999999715	48176.08849358424	2.0720373346472824e8	1.724678896038753e8
0.8326399999999715	48186.50999648685	2.07203524288697e8	1.7253400695804778e8
0.8329599999999715	48196.97496824016	2.0720331412768078e8	1.7260012335848576e8
0.8332799999999715	48207.49323145732	2.0720310283284917e8	1.726662386818222e8
0.8335999999999715	48218.059957943784	2.0720289056226337e8	1.7273235305787385e8
0.8339199999999715	48228.675969010816	2.0720267714959463e8	1.7279846634708896e8
0.8342399999999714	48239.34214024188	2.0720246268093953e8	1.7286457862029424e8
0.8345599999999714	48250.05804434839	2.0720224715086362e8	1.7293068987182167e8
0.8348799999999714	48260.82825711785	2.072020304447146e8	1.7299680000563923e8
0.8351999999999714	48271.64567983181	2.0720181268619198e8	1.7306290912270966e8
0.8355199999999714	48282.5161508771	2.0720159381118262e8	1.7312901716936988e8
0.8358399999999714	48293.439350695095	2.0720137379132178e8	1.731951241207363e8
0.8361599999999714	48304.41267322518	2.0720115268235114e8	1.732612300218412e8
0.8364799999999714	48315.43981304064	2.0720093036097443e8	1.733273347690602e8
0.8367999999999713	48326.51998194838	2.0720070693923232e8	1.7339343845480472e8
0.8371199999999713	48337.65528738142	2.0720048231000727e8	1.7345954098864058e8
0.8374399999999713	48348.843858096785	2.0720025650375786e8	1.735256423945586e8
0.8377599999999713	48360.085388673695	2.07200029595068e8	1.735917427338117e8
0.8380799999999713	48371.3796046492	2.0719980149859065e8	1.7365784193371847e8
0.8383999999999713	48382.7340010901	2.0719957210313287e8	1.737239399010752e8
0.8387199999999713	48394.13827174583	2.0719934162824467e8	1.7379003681705588e8
0.8390399999999713	48405.60808935694	2.07199109708678e8	1.738561323766413e8
0.8393599999999712	48417.12470458615	2.0719887681170785e8	1.739222269675817e8
0.8396799999999712	48428.69957094609	2.0719864264734924e8	1.7398832034723544e8
0.8399999999999712	48440.3302218806	2.0719840719756427e8	1.7405441249878353e8
0.8403199999999712	48452.02292186958	2.0719817046297675e8	1.7412050342246282e8
0.8406399999999712	48463.773504367666	2.0719793245078847e8	1.7418659312237048e8
0.8409599999999712	48475.580578889065	2.0719769321745297e8	1.7425268164447856e8
0.8412799999999712	48487.44544583279	2.071974527445301e8	1.7431876897225347e8
0.8415999999999711	48499.370913502884	2.0719721091890937e8	1.7438485500970083e8
0.8419199999999711	48511.36068352835	2.071969676712475e8	1.7445093969766757e8
0.8422399999999711	48523.40229956624	2.0719672333018053e8	1.7451702330955204e8
0.8425599999999711	48535.50968774855	2.0719647754168886e8	1.745831055481646e8
0.8428799999999711	48547.67791562976	2.0719623044838265e8	1.7464918653148088e8
0.8431999999999711	48559.909998427	2.071959819402541e8	1.74715266165904e8
0.8435199999999711	48572.19916240336	2.071957321727803e8	1.747813445801026e8
0.8438399999999711	48584.55152913454	2.0719548097023407e8	1.748474216254831e8
0.844159999999971	48596.97492902619	2.071952282892368e8	1.749134972652091e8
0.844479999999971	48609.45278028154	2.071949743804267e8	1.7497957170687315e8
0.844799999999971	48621.99641669241	2.0719471909752622e8	1.75045644827428e8
0.845119999999971	48634.609932874344	2.071944621729891e8	1.7511171640001696e8
0.845439999999971	48647.282303938766	2.071942040710903e8	1.7517778681380948e8
0.845759999999971	48660.02552994608	2.0719394430444393e8	1.7524385565725824e8
0.846079999999971	48672.832839155795	2.0719368314998662e8	1.7530992316196528e8
0.846399999999971	48685.706662934484	2.0719342064504978e8	1.7537598935850754e8
0.8467199999999709	48698.643771134884	2.0719315664565396e8	1.7544205412311935e8
0.8470399999999709	48711.65737116421	2.071928910583366e8	1.7550811737715888e8
0.8473599999999709	48724.73599517973	2.0719262397228515e8	1.7557417919285184e8
0.8476799999999709	48737.87986776564	2.071923554760955e8	1.7564023964383206e8
0.8479999999999709	48751.097040033135	2.071920853798694e8	1.757062985688733e8
0.8483199999999709	48764.38282894353	2.0719181374384344e8	1.757723560167587e8
0.8486399999999709	48777.74057113063	2.0719154055263016e8	1.7583841197339088e8
0.8489599999999708	48791.16518541682	2.071912658210859e8	1.7590446644905266e8
0.8492799999999708	48804.667301805894	2.0719098949164584e8	1.7597051939491466e8
0.8495999999999708	48818.23569677168	2.071907116100018e8	1.7603657084650028e8
0.8499199999999708	48831.8817230932	2.0719043208484778e8	1.7610262072635677e8
0.8502399999999708	48845.60112738356	2.0719015091034865e8	1.7616866902723363e8
0.8505599999999708	48859.3900822428	2.0718986818312722e8	1.762347158290885e8
0.8508799999999708	48873.26027221895	2.0718958370847782e8	1.7630076096643537e8
0.8511999999999708	48887.203814103385	2.0718929758259025e8	1.763668045182223e8
0.8515199999999707	48901.22284635485	2.0718900983238676e8	1.7643284650603613e8
0.8518399999999707	48915.31617143445	2.0718872035698915e8	1.7649888684213555e8
0.8521599999999707	48929.49016572867	2.071884292108934e8	1.7656492557217497e8
0.8524799999999707	48943.738178528096	2.0718813634123865e8	1.7663096264842916e8
0.8527999999999707	48958.065650897006	2.0718784176788577e8	1.7669699808691072e8
0.8531199999999707	48972.473747409305	2.0718754540664992e8	1.767630318142591e8
0.8534399999999707	48986.9638816676	2.0718724716917512e8	1.768290637534812e8
0.8537599999999707	49001.53248110029	2.0718694728175938e8	1.7689509409537885e8
0.8540799999999706	49016.18824690825	2.071866454399362e8	1.769611225795236e8
0.8543999999999706	49030.91680087377	2.0718634190077236e8	1.7702714942150003e8
0.8547199999999706	49045.73110668967	2.0718603657196015e8	1.7709317454259488e8
0.8550399999999706	49060.633308643846	2.0718572920404276e8	1.7715919772802305e8
0.8553599999999706	49075.610691561466	2.0718542019282043e8	1.772252193124552e8
0.8556799999999706	49090.67593648717	2.0718510921645507e8	1.7729123902068135e8
0.8559999999999706	49105.827691997685	2.0718479642691052e8	1.7735725698061696e8
0.8563199999999705	49121.07470808566	2.071844814478081e8	1.77423272869395e8
0.8566399999999705	49136.398637460035	2.071841647528655e8	1.7748928708799726e8
0.8569599999999705	49151.80899374621	2.07183846143698e8	1.775552994660558e8
0.8572799999999705	49167.31502742039	2.0718352534976342e8	1.776213097710398e8
0.8575999999999705	49182.90243726396	2.0718320280431712e8	1.776873183702833e8
0.8579199999999705	49198.59042095608	2.071828780533426e8	1.777533248752446e8
0.8582399999999705	49214.368246014055	2.0718255126457787e8	1.7781932942614776e8
0.8585599999999705	49230.2268657782	2.071822226705221e8	1.7788533221928522e8
0.8588799999999704	49246.18843684715	2.0718189177353925e8	1.7795133282856348e8
0.8591999999999704	49262.24740124267	2.07181558817684e8	1.7801733146058205e8
0.8595199999999704	49278.38880003375	2.0718122387693706e8	1.7808332817475745e8
0.8598399999999704	49294.62567834716	2.0718088687701362e8	1.7814932290706035e8
0.8601599999999704	49310.96641552124	2.0718054751847067e8	1.7821531539902514e8
0.8604799999999704	49327.40337250959	2.0718020603613824e8	1.7828130584928864e8
0.8607999999999704	49343.938233539004	2.0717986241838065e8	1.7834729424593803e8
0.8611199999999704	49360.56676290225	2.0717951669525707e8	1.7841328061212566e8
0.8614399999999703	49377.29587344083	2.071791686696858e8	1.7847926477692422e8
0.8617599999999703	49394.12580624115	2.0717881835057834e8	1.785452467457397e8
0.8620799999999703	49411.06153088051	2.071784657683968e8	1.786112265432197e8
0.8623999999999703	49428.09970562887	2.0717811080597532e8	1.7867720406558648e8
0.8627199999999703	49445.24239536921	2.0717775359862646e8	1.787431794274769e8
0.8630399999999703	49462.48509173549	2.0717739403648967e8	1.7880915253120404e8
0.8633599999999703	49479.83947172132	2.071770321689412e8	1.7887512341863635e8
0.8636799999999702	49497.29283904692	2.0717666789601353e8	1.7894109199938262e8
0.8639999999999702	49514.85371880086	2.071763012272666e8	1.7900705828045794e8
0.8643199999999702	49532.5285303673	2.0717593210750574e8	1.790730222126242e8
0.8646399999999702	49550.302945788804	2.0717556067782643e8	1.791389839134764e8
0.8649599999999702	49568.20534465022	2.0717518635267547e8	1.7920494287805375e8
0.8652799999999702	49586.20176797736	2.0717481000114143e8	1.7927089985088366e8
0.8655999999999702	49604.320644127736	2.0717443080718365e8	1.7933685412738657e8
0.8659199999999702	49622.55146455108	2.071740492025758e8	1.794028060771886e8
0.8662399999999701	49640.8923492787	2.071736650027257e8	1.7946875553771555e8
0.8665599999999701	49659.36135710095	2.0717327796662733e8	1.7953470229993388e8
0.8668799999999701	49677.93822643085	2.071728884981697e8	1.7960064670842385e8
0.8671999999999701	49696.63631759803	2.071724963749077e8	1.7966658856961673e8
0.8675199999999701	49715.45318134935	2.0717210144601977e8	1.7973252774968234e8
0.8678399999999701	49734.39138215257	2.0717170391327134e8	1.7979846442125225e8
0.8681599999999701	49753.44746105053	2.0717130370534295e8	1.798643985193376e8
0.86847999999997	49772.637216572555	2.0717090040318793e8	1.799303296794012e8
0.86879999999997	49791.94141525308	2.071704945847575e8	1.7999625839794478e8
0.86911999999997	49811.36317696634	2.0717008617179832e8	1.8006218460483974e8
0.86943999999997	49830.92439470264	2.071696745453232e8	1.8012810776216856e8
0.86975999999997	49850.61271365944	2.0716926004325652e8	1.801940281590164e8
0.87007999999997	49870.426344093314	2.0716884262023553e8	1.8025994575279894e8
0.87039999999997	49890.381434359726	2.0716842206710374e8	1.8032586036063477e8
0.87071999999997	49910.45204659602	2.0716799889064282e8	1.8039177241729486e8
0.87103999999997	49930.68597829237	2.0716757212845144e8	1.8045768108802387e8
0.8713599999999699	49951.02505560616	2.0716714295573732e8	1.805235873857682e8
0.8716799999999699	49971.50832250968	2.0716671042495435e8	1.8058949048716593e8
0.8719999999999699	49992.12933348758	2.0716627476394635e8	1.8065539058670968e8
0.8723199999999699	50012.88338662723	2.0716583628457737e8	1.807212879527071e8
0.8726399999999699	50033.797371261564	2.071653938913744e8	1.807871816297959e8
0.8729599999999699	50054.83953096868	2.071649488223917e8	1.808530726908028e8
0.8732799999999699	50076.02656200309	2.071645004516036e8	1.809189605884561e8
0.8735999999999698	50097.35734272754	2.071640488256087e8	1.8098484536001366e8
0.8739199999999698	50118.84057713147	2.0716359363655e8	1.810507267342675e8
0.8742399999999698	50140.47602304308	2.0716313515757996e8	1.8111660494642112e8
0.8745599999999698	50162.24927126712	2.0716267339755514e8	1.8118247999910817e8
0.8748799999999698	50184.18293630859	2.0716220801739132e8	1.8124835159521806e8
0.8751999999999698	50206.25639820278	2.0716173954602918e8	1.8131422019147697e8
0.8755199999999698	50228.501091944134	2.0716126710373524e8	1.8138008501847193e8
0.8758399999999698	50250.88794265033	2.0716079140727285e8	1.8144594669638655e8
0.8761599999999697	50273.44387469848	2.071603119537864e8	1.8151180478471267e8
0.8764799999999697	50296.15451954839	2.0715982890524048e8	1.8157765941986516e8
0.8767999999999697	50319.03827098007	2.0715934198885682e8	1.8164351036133838e8
0.8771199999999697	50342.0731510276	2.0715885162619802e8	1.8170935797231334e8
0.8774399999999697	50365.27852091597	2.071583572261841e8	1.8177520173307222e8
0.8777599999999697	50388.65161532026	2.0715785925442752e8	1.8184104204793346e8
0.8780799999999697	50412.18478224335	2.071573574429927e8	1.819068786771054e8
0.8783999999999696	50435.89675072945	2.0715685167158026e8	1.819727115133547e8
0.8787199999999696	50459.78550405075	2.0715634184725484e8	1.8203854047079942e8
0.8790399999999696	50483.848046834384	2.0715582799251735e8	1.821043655647959e8
0.8793599999999696	50508.0763168781	2.0715531036414647e8	1.821701870161364e8
0.8796799999999696	50532.50086033689	2.0715478843122324e8	1.8223600435767567e8
0.8799999999999696	50557.09606629249	2.0715426235923666e8	1.8230181772764993e8
0.8803199999999696	50581.866763014965	2.071537323375452e8	1.8236762728919566e8
0.8806399999999696	50606.84902808249	2.0715319765575963e8	1.8243343241706184e8
0.8809599999999695	50632.00318690492	2.0715265878652647e8	1.8249923351823142e8
0.8812799999999695	50657.33596322481	2.071521159885629e8	1.8256503081731996e8
0.8815999999999695	50682.873346586224	2.0715156865039444e8	1.8263082377438566e8
0.8819199999999695	50708.598077161965	2.0715101658745304e8	1.826966122200612e8
0.8822399999999695	50734.54354858992	2.0715045993074042e8	1.827623962691384e8
0.8825599999999695	50760.671474158094	2.071498989462622e8	1.8282817614726478e8
0.8828799999999695	50786.99131302767	2.0714933356124717e8	1.8289395178697017e8
0.8831999999999695	50813.520777728205	2.071487633369857e8	1.829597227984463e8
0.8835199999999694	50840.26339355942	2.071481883237202e8	1.8302548922164702e8
0.8838399999999694	50867.20660847609	2.0714760854353002e8	1.8309125106982687e8
0.8841599999999694	50894.36657041678	2.071470239553627e8	1.8315700830379066e8
0.8844799999999694	50921.76825329273	2.0714643380856502e8	1.8322276025766185e8
0.8847999999999694	50949.354052683986	2.0714583940652415e8	1.832885080724731e8
0.8851199999999694	50977.15959875765	2.0714524001222572e8	1.833542510957096e8
0.8854399999999694	51005.200785788824	2.071446351332386e8	1.8341998888817045e8
0.8857599999999693	51033.46823563391	2.0714402509128124e8	1.8348572172825816e8
0.8860799999999693	51061.93409907097	2.0714341060560027e8	1.835514502449365e8
0.8863999999999693	51090.66425228885	2.0714278993434575e8	1.836171728972568e8
0.8867199999999693	51119.6196672702	2.0714216420336398e8	1.8368289067291647e8
0.8870399999999693	51148.81756365498	2.0714153292386773e8	1.8374860313521326e8
0.8873599999999693	51178.2392718918	2.071408962058833e8	1.8381431037411782e8
0.8876799999999693	51207.920781750385	2.0714025357528767e8	1.838800119673672e8
0.8879999999999693	51237.83692443633	2.071396058680441e8	1.8394570864855236e8
0.8883199999999692	51268.016730588955	2.0713895196247125e8	1.8401139941940457e8
0.8886399999999692	51298.442342495306	2.071382924068404e8	1.8407708475894755e8
0.8889599999999692	51329.130722323884	2.0713762660774273e8	1.84142764135888e8
0.8892799999999692	51360.06678928698	2.0713695541599482e8	1.8420843829892442e8
0.8895999999999692	51391.27758484743	2.07136277710213e8	1.8427410624804446e8
0.8899199999999692	51422.75864311078	2.0713559389529133e8	1.843397683365627e8
0.8902399999999692	51454.49968609399	2.0713490406897518e8	1.8440542464424363e8
0.8905599999999692	51486.518237096076	2.0713420781420657e8	1.8447107479556927e8
0.8908799999999691	51518.80967510717	2.0713350555334535e8	1.8453671915986967e8
0.8911999999999691	51551.39124385821	2.0713279626007617e8	1.846023568183408e8
0.8915199999999691	51584.25709717177	2.071320805308362e8	1.8466798829505458e8
0.8918399999999691	51617.442652488426	2.0713135752454957e8	1.847336128372852e8
0.8921599999999691	51650.89139540134	2.0713062811863935e8	1.8479923121444696e8
0.8924799999999691	51684.64920267264	2.071298919576286e8	1.8486484310782024e8
0.8927999999999691	51718.69470309365	2.0712914907703272e8	1.8493044854004058e8
0.893119999999969	51753.0615104545	2.0712839881599042e8	1.8499604691774517e8
0.893439999999969	51787.73718702803	2.071276413940173e8	1.8506163842833906e8
0.893759999999969	51822.71423572684	2.071268771167555e8	1.8512722333702537e8
0.894079999999969	51858.059550452635	2.0712610451811796e8	1.8519280033322006e8
0.894399999999969	51893.67783556665	2.0712532537012598e8	1.852583709834137e8
0.894719999999969	51929.67171590478	2.0712453750293556e8	1.8532393335045832e8
0.895039999999969	51965.97952500371	2.0712374264901817e8	1.8538948896978176e8
0.895359999999969	52002.618262285265	2.0712294009756565e8	1.854550371997249e8
0.895679999999969	52039.608908833725	2.071221294113707e8	1.8552057764317146e8
0.8959999999999689	52076.967908387815	2.071213101089371e8	1.855861098622637e8
0.8963199999999689	52114.683624673096	2.0712048278566658e8	1.8565163438084045e8
0.8966399999999689	52152.740532231284	2.0711964745882887e8	1.857171512047393e8
0.8969599999999689	52191.18161209532	2.0711880361742702e8	1.8578265987203422e8
0.8972799999999689	52230.00814223666	2.0711795063537195e8	1.8584815981253648e8
0.8975999999999689	52269.179048254504	2.0711708963805687e8	1.8591365202304795e8
0.8979199999999689	52308.75585962591	2.0711621952989265e8	1.859791355180729e8
0.8982399999999688	52348.756329339674	2.0711533943920428e8	1.8604460950730848e8
0.8985599999999688	52389.118034181796	2.0711445134872672e8	1.861100757560388e8
0.8988799999999688	52429.90488991391	2.071135531142998e8	1.8617553233535782e8
0.8991999999999688	52471.08019858534	2.071126462231926e8	1.8624098056877235e8
0.8995199999999688	52512.68604080857	2.0711172913997883e8	1.8630641907068068e8
0.8998399999999688	52554.71368966664	2.071108024588769e8	1.863718483647125e8
0.9001599999999688	52597.185447301	2.0710986577537245e8	1.8643726807934785e8
0.9004799999999687	52640.09262111579	2.071089188264413e8	1.8650267796684504e8
0.9007999999999687	52683.4605001449	2.0710796137982863e8	1.8656807781022477e8
0.9011199999999687	52727.27272365633	2.0710699405287066e8	1.8663346815364325e8
0.9014399999999687	52771.556895900794	2.0710601532080463e8	1.8669884761542732e8
0.9017599999999687	52816.288602995715	2.0710502681648692e8	1.8676421765422112e8
0.9020799999999687	52861.55977239308	2.0710402590227017e8	1.868295758898463e8
0.9023999999999687	52907.297078835625	2.071030141028101e8	1.8689492367856425e8
0.9027199999999687	52953.51944930476	2.0710199075819963e8	1.869602604156075e8
0.9030399999999686	53000.21655393442	2.0710095675302652e8	1.8702558688724363e8
0.9033599999999686	53047.47097673394	2.070999102539591e8	1.8709090143460518e8
0.9036799999999686	53095.23318104461	2.070988522111405e8	1.8715620489901698e8
0.9039999999999686	53143.53111689091	2.0709778155472824e8	1.8722149630445504e8
0.9043199999999686	53192.40999341084	2.0709669783451918e8	1.8728677523549405e8
0.9046399999999686	53241.796128350856	2.0709560233416483e8	1.8735204283325118e8
0.9049599999999686	53291.814711673054	2.0709449245791975e8	1.8741729674878272e8
0.9052799999999686	53342.33056723472	2.0709337106981918e8	1.8748253954763073e8
0.9055999999999685	53393.49285295759	2.0709223526706207e8	1.8754776860357022e8
0.9059199999999685	53445.267998036055	2.0709108567672122e8	1.8761298446706203e8
0.9062399999999685	53497.64520239063	2.0708992187575564e8	1.8767818673989245e8
0.9065599999999685	53550.61163541888	2.0708874470361593e8	1.8774337616765475e8
0.9068799999999685	53604.25689053505	2.0708755176160958e8	1.878085505699636e8
0.9071999999999685	53658.50789992303	2.0708634523745897e8	1.8787371190894938e8
0.9075199999999685	53713.45889954863	2.0708512324959058e8	1.8793885847214094e8
0.9078399999999684	53769.09471412168	2.070838849320613e8	1.8800398945648488e8
0.9081599999999684	53825.40226322889	2.070826321005888e8	1.8806910649340805e8
0.9084799999999684	53882.44425556266	2.0708136174300873e8	1.881342068375803e8
0.9087999999999684	53940.17660618442	2.0708007655176237e8	1.881992929143416e8
0.9091199999999684	53998.65989038065	2.0707877412938988e8	1.8826436253471524e8
0.9094399999999684	54057.88631231205	2.070774547804572e8	1.8832941595771688e8
0.9097599999999684	54117.91952115465	2.0707611710015398e8	1.8839445189408714e8
0.9100799999999684	54178.74849892553	2.0707476152664194e8	1.8845947072322476e8
0.9103999999999683	54240.34999643328	2.0707338870614302e8	1.8852447301342574e8
0.9107199999999683	54302.81622770711	2.0707199628324744e8	1.8858945661050537e8
0.9110399999999683	54366.08349947776	2.0707058598428628e8	1.886544230619057e8
0.9113599999999683	54430.265810259334	2.0706915465232664e8	1.8871936948269928e8
0.9116799999999683	54495.32928212928	2.0706770405021614e8	1.887842974559767e8
0.9119999999999683	54561.28084192294	2.0706623317228258e8	1.8884920604582924e8
0.9123199999999683	54628.1206760999	2.0706474235271338e8	1.8891409553684178e8
0.9126399999999683	54695.9481938665	2.0706323021016508e8	1.889789646570327e8
0.9129599999999682	54764.743038971	2.0706169566974303e8	1.8904381240187615e8
0.9132799999999682	54834.53479446992	2.0706013894281113e8	1.8910863894454136e8
0.9135999999999682	54905.417166937346	2.070585588028368e8	1.8917344315030834e8
0.9139199999999682	54977.302099889355	2.0705695561949718e8	1.8923822532592905e8
0.9142399999999682	55050.238609020824	2.0705532925317267e8	1.893029853248771e8
0.9145599999999682	55124.306837526805	2.070536775470215e8	1.893677211581736e8
0.9148799999999682	55199.5258370385	2.0705200069923022e8	1.894324329833444e8
0.9151999999999682	55275.93056468911	2.0705029793498522e8	1.8949712006900376e8
0.9155199999999681	55353.536576688384	2.0704856856919435e8	1.8956178176323223e8
0.9158399999999681	55432.38517399004	2.0704681165790632e8	1.8962641717830658e8
0.9161599999999681	55512.4056006532	2.0704502903250283e8	1.8969102795849675e8
0.9164799999999681	55593.77468294759	2.070432172779334e8	1.897556109629353e8
0.9167999999999681	55676.48720671023	2.0704137588437337e8	1.898201656945225e8
0.9171199999999681	55760.56406821373	2.0703950483856106e8	1.898846921130845e8
0.9174399999999681	55846.13396867486	2.0703760034392327e8	1.899491867163428e8
0.917759999999968	55933.131773087756	2.070356663823614e8	1.900136531198264e8
0.918079999999968	56021.60373184513	2.0703370016879663e8	1.900780887407399e8
0.918399999999968	56111.65928904517	2.070316987791913e8	1.9014249087020063e8
0.918719999999968	56203.28528186792	2.0702966389449823e8	1.9020686101617453e8
0.919039999999968	56296.66530903468	2.0702759170172036e8	1.9027119565556586e8
0.919359999999968	56391.6996380759	2.070254839000272e8	1.9033549630498117e8
0.919679999999968	56488.52643006963	2.0702333780549347e8	1.9039976047139245e8
0.919999999999968	56587.205288431454	2.0702115166908458e8	1.9046398651197428e8
0.9203199999999679	56687.772066796904	2.070189263168462e8	1.9052817514959154e8
0.9206399999999679	56790.27792825603	2.0701665857395804e8	1.9059232342597848e8
0.9209599999999679	56894.92799239298	2.0701434778266332e8	1.906564307090235e8
0.9212799999999679	57001.61748828251	2.0701199190403402e8	1.907204950686705e8
0.9215999999999679	57110.54260722094	2.070095887479792e8	1.907845144566714e8
0.9219199999999679	57221.61329848289	2.0700714149106044e8	1.9084849174699813e8
0.9222399999999679	57334.913532721075	2.0700464712571582e8	1.9091242412808982e8
0.9225599999999679	57450.74488980531	2.0700210072569886e8	1.9097630703117836e8
0.9228799999999678	57569.04304411617	2.0699950137838492e8	1.9104013955667678e8
0.9231999999999678	57689.910860509204	2.0699684968467274e8	1.911039222140373e8
0.9235199999999678	57813.63540112218	2.0699413837635335e8	1.9116764826015866e8
0.9238399999999678	57940.19465609612	2.0699136865938702e8	1.9123131874750644e8
0.9241599999999678	58069.52975590064	2.069885427642186e8	1.912949356741103e8
0.9244799999999678	58201.92711499265	2.0698565318308663e8	1.9135849206422898e8
0.9247999999999678	58337.71291447257	2.069826950817859e8	1.9142198340764007e8
0.9251199999999677	58476.76209588059	2.069796716309992e8	1.9148541255920905e8
0.9254399999999677	58619.21717936498	2.0697657727221683e8	1.9154877431962654e8
0.9257599999999677	58765.510623405076	2.0697340660942772e8	1.916120636542458e8
0.9260799999999677	58915.577326981984	2.069701594694526e8	1.9167528032094e8
0.9263999999999677	59069.81958084253	2.069668296516127e8	1.9173841852796847e8
0.9267199999999677	59228.162010522254	2.0696341987307465e8	1.9180148070448118e8
0.9270399999999677	59391.23720098174	2.0695991303261587e8	1.9186445096241572e8
0.9273599999999677	59558.67841823449	2.0695632236859503e8	1.919273414541339e8
0.9276799999999676	59731.12753917386	2.0695263383087173e8	1.9199013910736004e8
0.9279999999999676	59908.66099425127	2.0694884518856642e8	1.9205284175857452e8
0.9283199999999676	60091.768914575514	2.069449478467901e8	1.9211544136312127e8
0.9286399999999676	60280.77063138902	2.0694093722755486e8	1.921779335827821e8
0.9289599999999676	60475.95704126398	2.0693680753190064e8	1.9224031293681592e8
0.9292799999999676	60677.64511103332	2.069325538550988e8	1.9230257476952177e8
0.9295999999999676	60886.615094875924	2.069281570239515e8	1.9236470118716127e8
0.9299199999999676	61102.478100006876	2.069236340258344e8	1.9242670781496245e8
0.9302399999999675	61326.897226337205	2.0691894696676484e8	1.924885593907071e8
0.9305599999999675	61559.18290310575	2.0691411468911687e8	1.9255027323475868e8
0.9308799999999675	61800.773170701585	2.069091091447032e8	1.9261182319005615e8
0.9311999999999675	62051.742639622826	2.0690392869116953e8	1.9267320755710393e8
0.9315199999999675	62313.17744743778	2.0689855634370902e8	1.927344104116767e8
0.9318399999999675	62585.57919034918	2.0689297917994314e8	1.927954195521091e8
0.9321599999999675	62870.22024700113	2.0688718187641078e8	1.9285622057364988e8
0.9324799999999674	63167.91827948903	2.0688114503870225e8	1.9291679522352457e8
0.9327999999999674	63479.63016114341	2.068748596613293e8	1.9297713492322806e8
0.9331199999999674	63806.96018447516	2.0686829205492193e8	1.9303720809177914e8
0.9334399999999674	64150.6771088834	2.0686143474412405e8	1.930970075166168e8
0.9337599999999674	64513.21225848774	2.0685424202273786e8	1.9315649038632494e8
0.9340799999999674	64895.397436202446	2.06846707378905e8	1.9321565033307984e8
0.9343999999999674	65299.10841869969	2.068387942604218e8	1.9327445297844365e8
0.9347199999999674	65725.66495297813	2.068304833886876e8	1.9333288000447544e8
0.9350399999999673	66179.04118539525	2.0682171207800773e8	1.93390872651929e8
0.9353599999999673	66661.91996286153	2.0681242550802532e8	1.934483793496862e8
0.9356799999999673	67177.69705529769	2.0680258346477562e8	1.935053621657891e8
0.9359999999999673	67728.88980712237	2.067921355013698e8	1.9356177347822303e8
0.9363199999999673	68320.31526158504	2.0678101480938882e8	1.9361755042399603e8
0.9366399999999673	68956.07186474252	2.0676915985396093e8	1.9367263494232056e8
0.9369599999999673	69641.8452084218	2.0675647166427347e8	1.9372693391247284e8
0.9372799999999673	70384.79972234122	2.0674284482234508e8	1.937803481297194e8
0.9375999999999672	71193.30621985151	2.067281564852341e8	1.9383276198285684e8
0.9379199999999672	72080.74371386567	2.0671219585945624e8	1.9388397751306418e8
0.9382399999999672	73062.81914263069	2.0669472098110572e8	1.939337673730161e8
0.9385599999999672	74161.87791592695	2.0667539796928686e8	1.9398181802382624e8
0.9388799999999672	75403.886471904	2.066537985236566e8	1.9402772704342508e8
0.9391999999999672	76830.86830349886	2.06629310125721e8	1.9407091938686323e8
0.9395199999999672	78468.17648119132	2.0660153936448738e8	1.9411102401902997e8
0.9398399999999671	80393.46049389147	2.0656928957458824e8	1.9414691758435753e8
0.9401599999999671	82684.10497731999	2.0653141605543613e8	1.9417752393551388e8
0.9404799999999671	85440.62980676233	2.0648639723315653e8	1.9420141229611838e8
0.9407999999999671	88793.07491441708	2.0643223577508816e8	1.942167039672311e8
0.9411199999999671	92856.21798277528	2.063669999004908e8	1.9422157832045794e8
0.9414399999999671	97706.25831426999	2.0628938374364743e8	1.9421479911009952e8
0.9417599999999671	103299.79632818414	2.0619985676308036e8	1.9419679328532994e8
0.942079999999967	109432.28840935668	2.0610149715367958e8	1.9417043675667635e8
0.942399999999967	115839.41798540147	2.0599819528491515e8	1.9413937158697322e8
0.942719999999967	122273.7036605536	2.058938511925479e8	1.9410725523397762e8
0.943039999999967	128434.27121293517	2.0579321594637698e8	1.9407854998215285e8
0.943359999999967	134270.6395352435	2.0569727433912933e8	1.9405418580957755e8
0.943679999999967	139784.22620138567	2.0560597955811042e8	1.9403412343701053e8
0.943999999999967	144967.43266048067	2.0551947084423375e8	1.9401849865317887e8
0.944319999999967	149903.95375196138	2.0543642370280948e8	1.9400607028317517e8
0.944639999999967	154587.38296893047	2.0535704944482243e8	1.9399704114507145e8
0.9449599999999669	159074.67777950142	2.052804386656457e8	1.9399055879174677e8
0.9452799999999669	163434.49320230802	2.052054749622751e8	1.9398557450780064e8
0.9455999999999669	167673.1574559146	2.0513209237865224e8	1.939820279730124e8
0.9459199999999669	171813.93018974274	2.0505986320168015e8	1.9397951749707118e8
0.9462399999999669	175878.72035035084	2.049885499817073e8	1.9397782077468997e8
0.9465599999999669	179896.69323578474	2.0491760554331446e8	1.9397642238235947e8
0.9468799999999669	183847.88293334568	2.0484740678066275e8	1.939756785320086e8
0.9471999999999668	187766.8216858526	2.0477731988259897e8	1.9397499148097596e8
0.9475199999999668	191671.37247782949	2.047070499693107e8	1.9397408290054214e8
0.9478399999999668	195545.85158095803	2.046369574290744e8	1.9397329340118557e8
0.9481599999999668	199379.52018130716	2.0456716691829368e8	1.9397274081956875e8
0.9484799999999668	203167.98420764023	2.0449774013604742e8	1.9397248377877784e8
0.9487999999999668	206957.4228725327	2.0442786965520227e8	1.939717589489002e8
0.9491199999999668	210740.8640915005	2.0435768438243473e8	1.9397068789621463e8
0.9494399999999668	214543.34863466644	2.0428666592120188e8	1.939687794039261e8
0.9497599999999667	218362.77022351575	2.042148437178163e8	1.9396606051500246e8
0.9500799999999667	222194.94407646428	2.0414232750163332e8	1.939626344843533e8
0.9503999999999667	226033.8754001393	2.040691773700704e8	1.9395855745272797e8
0.9507199999999667	229859.61969948898	2.0399572612114206e8	1.9395414421994418e8
0.9510399999999667	233660.50542242057	2.0392221530401465e8	1.9394962366106877e8
0.9513599999999667	237442.12880621222	2.0384854065852824e8	1.9394489682603577e8
0.9516799999999667	241188.7491807299	2.037749762529459e8	1.9394022364075717e8
0.9519999999999667	244920.24738745263	2.0370110393372473e8	1.9393520711677375e8
0.9523199999999666	248616.2671437818	2.0362736750480828e8	1.9393026864578965e8
0.9526399999999666	252279.06522140326	2.035537582443607e8	1.9392540019042987e8
0.9529599999999666	255896.40744397003	2.0348050591342163e8	1.9392082028225365e8
0.9532799999999666	259478.1406062712	2.0340746044964826e8	1.9391638671616304e8
0.9535999999999666	263037.39952362597	2.0333431405869493e8	1.939118068217026e8
0.9539199999999666	266573.18699441804	2.0326112387385035e8	1.9390713497819325e8
0.9542399999999666	270106.0874252539	2.031874556999545e8	1.939019577816784e8
0.9545599999999665	273648.79397224187	2.0311307841895133e8	1.938960547367855e8
0.9548799999999665	277200.6045949251	2.030379498680492e8	1.9388938486127537e8
0.9551999999999665	280736.2861265328	2.0296259751511595e8	1.9388245013205042e8
0.9555199999999665	284262.02765569533	2.0288681324306273e8	1.9387505176499465e8
0.9558399999999665	287780.84419453563	2.0281057320059365e8	1.9386716669012827e8
0.9561599999999665	291312.51956718	2.0273350653349227e8	1.9385844074791503e8
0.9564799999999665	294864.0249716978	2.026554395388885e8	1.9384870729251605e8
0.9567999999999665	298456.2888025546	2.0257598038312235e8	1.9383759134224096e8
0.9571199999999664	302112.3266701549	2.024946531000001e8	1.9382463695163295e8
0.9574399999999664	305913.0357319957	2.0240979908918217e8	1.9380825769874054e8
0.9577599999999664	310000.80421184166	2.023184282102317e8	1.9378559223659462e8
0.9580799999999664	314511.31472387834	2.0221760845047295e8	1.9375383061853558e8
0.9583999999999664	319637.1799030735	2.0210282995292795e8	1.9370864913356334e8
0.9587199999999664	325525.21165573946	2.019703747332018e8	1.936464753449456e8
0.9590399999999664	332076.35211593384	2.018219502089573e8	1.9356892497577432e8
0.9593599999999664	338904.263391584	2.016656762291809e8	1.9348375621648443e8
0.9596799999999663	345715.8457718319	2.0150838210102516e8	1.9339750339760658e8
0.9599999999999663	352482.0564914273	2.0135061840932518e8	1.9331069295520505e8
0.9603199999999663	359179.37860879075	2.011926817629927e8	1.9322360838837358e8
0.9606399999999663	365695.3026461579	2.01037119588005e8	1.9313869232812652e8
0.9609599999999663	372102.45387703273	2.0088249791948736e8	1.9305457208050317e8
0.9612799999999663	378410.34610754135	2.007286299880865e8	1.9297106948354232e8
0.9615999999999663	384676.6278527722	2.005742867352187e8	1.928870057070891e8
0.9619199999999662	391041.18549722637	2.0041595883859047e8	1.9279900997435394e8
0.9622399999999662	397618.6911301499	2.0025090793415582e8	1.9270444773233244e8
0.9625599999999662	404415.2983667621	2.000787311885766e8	1.9260292480164042e8
0.9628799999999662	411815.75447745004	1.998904521459316e8	1.9248580516307408e8
0.9631999999999662	419683.7406666921	1.9968858735912567e8	1.9235549170595965e8
0.9635199999999662	427859.42532341724	1.9947671090344593e8	1.922154088015173e8
0.9638399999999662	436079.1767735761	1.9926113464561856e8	1.920716206398584e8
0.9641599999999662	444213.05015597853	1.9904544227793166e8	1.9192757422240147e8
0.9644799999999661	452157.8181577244	1.988324134802697e8	1.9178594679914477e8
0.9647999999999661	460098.9963553488	1.9861700689868703e8	1.9164188374051824e8
0.9651199999999661	468112.6248605592	1.9839700648992726e8	1.9149324667190704e8
0.9654399999999661	476445.09870234045	1.981652334989059e8	1.9133310897178814e8
0.9657599999999661	485625.1172533459	1.9790657511597994e8	1.9114688178801686e8
0.9660799999999661	495233.6724741704	1.9763369416132858e8	1.9094675758153996e8
0.9663999999999661	505198.33383178385	1.9734894225819084e8	1.907349924623257e8
0.966719999999966	515388.971954752	1.9705601856771937e8	1.9051514641476563e8
0.967039999999966	525953.734140469	1.9675036714130798e8	1.9028281047540107e8
0.967359999999966	537146.0521115472	1.9642310376305643e8	1.9002938610336453e8
0.967679999999966	548280.2384736328	1.960938494649917e8	1.89773816667584e8
0.967999999999966	559220.3353729121	1.957662273151621e8	1.895196030918022e8
0.968319999999966	569893.2822985759	1.954430994917883e8	1.8926951631906503e8
0.968639999999966	580254.5986169372	1.9512618218265402e8	1.89025221893612e8
0.968959999999966	590663.9275443624	1.948049652155596e8	1.8877655330357298e8
0.969279999999966	600835.4300932976	1.9448814444506127e8	1.8853192631211486e8
0.9695999999999659	610933.331793318	1.9417057250828004e8	1.8828635947730824e8
0.9699199999999659	620749.3648765185	1.9385856767070562e8	1.880459740960597e8
0.9702399999999659	630205.2011013872	1.9355484318388888e8	1.8781340595751455e8
0.9705599999999659	639540.2339942124	1.9325159308505255e8	1.8758109424911082e8
0.9708799999999659	648880.1977608942	1.9294419688227934e8	1.873445572604196e8
0.9711999999999659	658250.8188292738	1.9263196933713245e8	1.8710312624379876e8
0.9715199999999659	667951.1466341888	1.9230412738706818e8	1.8684632908773407e8
0.9718399999999658	678249.9978019954	1.919508566724047e8	1.8656462006844136e8
0.9721599999999658	689169.6722991773	1.9157146119185057e8	1.8625729819593972e8
0.9724799999999658	700651.406262345	1.9116925958744076e8	1.859275634902882e8
0.9727999999999658	712411.4113908454	1.907529726768537e8	1.855838694104266e8
0.9731199999999658	724844.4326665098	1.9030719773685548e8	1.852112240800324e8
0.9734399999999658	737569.8155302332	1.8984463637867355e8	1.8482195269074997e8
0.9737599999999658	750387.330659723	1.8937413801210445e8	1.844246507942169e8
0.9740799999999658	763775.4728904075	1.8887637402755305e8	1.8400049547300977e8
0.9743999999999657	777272.9087486396	1.8836818702029905e8	1.835658596190369e8
0.9747199999999657	790917.8909910581	1.8784810267391485e8	1.831192970425961e8
0.9750399999999657	804403.8081880164	1.8732849991263112e8	1.8267285847385782e8
0.9753599999999657	817933.4670046944	1.868010631675014e8	1.822184388516748e8
0.9756799999999657	831625.7401994962	1.862606028509664e8	1.8175097012762618e8
0.9759999999999657	846479.9930188531	1.856664683939127e8	1.8123078867228493e8
0.9761599999999657	855362.9520347011	1.8530849426600283e8	1.809111316154715e8
0.9764799999999657	871651.2682008677	1.8464527507112205e8	1.8032291943927103e8
0.9766399999999658	881454.517640818	1.8424301106732875e8	1.7995968510632178e8
0.9767999999999658	891645.549897071	1.838218275603628e8	1.7957784733771372e8
0.9769599999999659	901764.4953991093	1.8340015687863773e8	1.791953939181217e8
0.9771199999999659	911668.6910504459	1.8298375191765088e8	1.7881794265342006e8
0.977279999999966	921541.3124099257	1.8256685675005946e8	1.7843987518330988e8
0.9775999999999659	938286.3637301618	1.8185149880248895e8	1.7779904284385458e8
0.9779199999999659	954405.6176269086	1.811532055102729e8	1.7717441600863713e8
0.9782399999999659	970242.929623536	1.8045773948750418e8	1.765520915623986e8
0.9785599999999659	985584.0705012012	1.7977252773291552e8	1.7593933566078725e8
0.978719999999966	993891.912350529	1.793981608811807e8	1.756017180375179e8
0.9790399999999659	1.0086505197105923e6	1.7872256992961127e8	1.7499768617877367e8
0.9793599999999659	1.0225601811870013e6	1.7807578187256154e8	1.7442140337684554e8
0.9796799999999659	1.0361777504513002e6	1.774310607620843e8	1.738467167392819e8
0.9799999999999659	1.0500742198937158e6	1.7676155033659893e8	1.7324732081425884e8
0.9800799999999659	1.0548772473379415e6	1.7652932387958843e8	1.73033872902668e8
0.9800899999999658	1.0562385790155982e6	1.7646670536343986e8	1.7297428296975598e8
0.9800999999999658	1.0586766490493228e6	1.7636566901377222e8	1.7287705986570823e8
0.9801099999999657	1.0908037220491946e6	1.749060203227365e8	1.7144883566454285e8
0.9801299999999658	1.0971518689248608e6	1.746109585262736e8	1.7116323918798614e8
0.9804499999999657	1.114491823570847e6	1.7375537375642523e8	1.7038024451463202e8
0.9807699999999657	1.1321811066390376e6	1.7286512292208785e8	1.6956269845097086e8
0.9809299999999658	1.1419928136842707e6	1.723654309316169e8	1.6910019996670207e8
0.9810899999999658	1.1526807285248241e6	1.7181654488913256e8	1.6858929121784964e8
0.9812499999999659	1.1641090205591696e6	1.7122453740979975e8	1.6803590437749568e8
0.9814099999999659	1.175651788200725e6	1.7062002113227236e8	1.674700503061603e8
0.981569999999966	1.1872415428533903e6	1.7000526559460294e8	1.6689394941132346e8
0.981729999999966	1.1989998942174413e6	1.6937604350694224e8	1.6630344892013204e8
0.9818899999999661	1.2104443170575444e6	1.687581087789775e8	1.6572382057556644e8
0.9820499999999661	1.2213050379468407e6	1.681672354577639e8	1.6517055600672254e8
0.9822099999999662	1.2314392679191849e6	1.6761151608641768e8	1.6465161451981097e8
0.9823699999999662	1.241584464527656e6	1.670501602288601e8	1.6412695503812933e8
0.9825299999999663	1.2518291500918975e6	1.6647751696696714e8	1.6359102420080075e8
0.9826899999999663	1.2620180762358771e6	1.6590201471361598e8	1.6305209637181738e8
0.9828499999999664	1.2722967087029996e6	1.6531585609591705e8	1.6250250905242082e8
0.9830099999999664	1.2829855080099136e6	1.647003238523392e8	1.6192386327386355e8
0.9831699999999665	1.2940833407032231e6	1.640551663155777e8	1.613158972891051e8
0.9833299999999665	1.3058207884362908e6	1.633671538898191e8	1.606655914670136e8
0.9834899999999666	1.317355920395508e6	1.6268552591344687e8	1.6002133742685622e8
0.9836499999999666	1.3282020408593903e6	1.6203880934001988e8	1.5941119091067326e8
0.9838099999999667	1.3389088437082549e6	1.6139410737692392e8	1.5880281371266583e8
0.9839699999999667	1.3498336519031182e6	1.607297173502777e8	1.5817485781458744e8
0.9841299999999668	1.360893627234729e6	1.600499978744657e8	1.5753160179005685e8
0.9842899999999668	1.3725820699392292e6	1.5932369400456798e8	1.5684228203606972e8
0.9844499999999669	1.3846861643789352e6	1.585636419357295e8	1.561195091734798e8
0.9846099999999669	1.3970039148424752e6	1.5778285033665794e8	1.55376072160221e8
0.984769999999967	1.4096065831843975e6	1.569756380738852e8	1.5460636741427666e8
0.984929999999967	1.422205658456767e6	1.5616004258842868e8	1.538281433858889e8
0.985089999999967	1.4343872366558574e6	1.5536317572764212e8	1.5306809749123645e8
0.9852499999999671	1.446247413494874e6	1.5457879348923144e8	1.523200884346093e8
0.9854099999999671	1.4583857618142164e6	1.537667597642218e8	1.5154458058752164e8
0.9855699999999672	1.4710611920645735e6	1.5290932914455163e8	1.5072407493799227e8
0.9857299999999672	1.483941945785525e6	1.520288391760431e8	1.4988056349256238e8
0.9858899999999673	1.4971848273974103e6	1.5111382286557394e8	1.4900273210285038e8
0.9860499999999673	1.51124676045447e6	1.501300938110856e8	1.4805686089472446e8
0.9862099999999674	1.5262776793357874e6	1.490654775219699e8	1.4703091195613518e8
0.9862899999999674	1.5343921081797085e6	1.4848522716172805e8	1.4647053121313912e8
0.9863699999999673	1.542595794644346e6	1.4789438380382252e8	1.4589960893325263e8
0.9864499999999673	1.551384367017175e6	1.4725626351617616e8	1.452819624037003e8
0.9865299999999673	1.560726799103208e6	1.4657344077698988e8	1.44620119519703e8
0.9866099999999672	1.5699179344332272e6	1.4589873133174524e8	1.439661685203505e8
0.9866899999999672	1.5790991100545109e6	1.452213645448812e8	1.4330948599193892e8
0.9867699999999672	1.5887486431731917e6	1.4450513226252687e8	1.4261434850723812e8
0.9868099999999672	1.59499492363804e6	1.4403941301237598e8	1.4216057113778085e8
0.9868499999999673	1.6015517430275902e6	1.4354891263297898e8	1.4168230483727148e8
0.9868899999999673	1.608564909106855e6	1.430225442785662e8	1.4116860700902796e8
0.9869299999999673	1.6163876833335534e6	1.424333849185027e8	1.4059290676463443e8
0.9869699999999674	1.6253156927799138e6	1.4175875346536136e8	1.3993281477118003e8
0.9870099999999674	1.6337026903351098e6	1.411231843981589e8	1.3931121603076974e8
0.9870499999999675	1.64180505169336e6	1.40507340215689e8	1.3870903153531072e8
0.9870899999999675	1.6496446966961096e6	1.3990972558138815e8	1.3812478793716228e8
0.9871299999999675	1.65719682717107e6	1.39332389980478e8	1.3756051024459046e8
0.9871699999999676	1.6647248656138638e6	1.387551593117439e8	1.369962890377956e8
0.9871799999999675	1.667413822642276e6	1.3854867790808102e8	1.3679386010250124e8
0.9871899999999675	1.6713177523313558e6	1.3827688028996134e8	1.3652696303384984e8
0.9872299999999675	1.6787640490539176e6	1.3771331399535835e8	1.3597615279253963e8
0.9873099999999675	1.6909546412125705e6	1.3677407800502497e8	1.350598731695338e8
0.9873899999999675	1.7033959330414596e6	1.3580912708765036e8	1.3411805381778638e8
0.9874699999999674	1.7165174213080886e6	1.347842723865825e8	1.3311693341686328e8
0.9875499999999674	1.7299452732028028e6	1.3372789512864892e8	1.3208452065294433e8
0.9876299999999674	1.7440636690823722e6	1.3260959684233138e8	1.3099079019697401e8
0.9877099999999673	1.7577875170262298e6	1.3151500452516153e8	1.2992028832812731e8
0.9877499999999674	1.7657910105443194e6	1.308730467794969e8	1.2929148289632301e8
0.9877899999999674	1.7739143868349711e6	1.302185748878305e8	1.2865026558310916e8
0.9878299999999675	1.782598586735045e6	1.2951610251238279e8	1.2796158576960349e8
0.9878699999999675	1.7927646356069953e6	1.2869068172926636e8	1.2715140999491614e8
0.9879099999999675	1.802783069800021e6	1.2787527113141005e8	1.2635105475074108e8
0.9879899999999675	1.8168986024377893e6	1.26720818935211e8	1.2522072285201034e8
0.9880699999999675	1.827309680111655e6	1.2586323208917946e8	1.2438348353483523e8
0.9881499999999674	1.8358480998146988e6	1.2515355927796388e8	1.2369224440049879e8
0.9882299999999674	1.8441860556896657e6	1.2445435347497743e8	1.2301123180444841e8
0.9883099999999674	1.8522092640124166e6	1.2377637661340028e8	1.2235108309708196e8
0.9883899999999674	1.8618955391942922e6	1.2295244529743437e8	1.2154658401473725e8
0.9884299999999674	1.8678291952687239e6	1.2244545609800112e8	1.2105037295473258e8
0.9884699999999674	1.8743723981911014e6	1.2188475846980724e8	1.205010387183976e8
0.9885099999999675	1.8806855563942748e6	1.2134190567960966e8	1.1996929626039001e8
0.9885299999999675	1.8841370810660475e6	1.21044482179099e8	1.1967771302082068e8
0.9885399999999674	1.88875871434825e6	1.206476506389413e8	1.1928667373748161e8
0.9885499999999674	1.8976237827256303e6	1.198883107261667e8	1.1853731736066045e8
0.9885599999999674	1.9218655206724824e6	1.1781075505362467e8	1.1648498615736392e8
0.9885999999999674	1.9312437054726596e6	1.1700773587565017e8	1.1569586386490639e8
0.9886799999999674	1.941288959412448e6	1.1613473851835138e8	1.1484206866934046e8
0.9887599999999673	1.9517511815263093e6	1.1521661392105795e8	1.1394351686386192e8
0.9887999999999674	1.957807515416362e6	1.1468218099412525e8	1.1341966801116003e8
0.9888399999999674	1.964521332838989e6	1.1408723331012149e8	1.1283594384445137e8
0.9888799999999675	1.9714180230290904e6	1.1347343061023416e8	1.122335282302608e8
0.9889199999999675	1.9784934283897541e6	1.1284108392130853e8	1.1161272641864339e8
0.9889599999999675	1.985885556275489e6	1.1217767178549358e8	1.1096115446551943e8
0.9889999999999676	1.9935418436478784e6	1.1148748681985568e8	1.1028305342511384e8
0.9890799999999675	2.0062697039524908e6	1.1033331641562507e8	1.0915038506553008e8
0.9891199999999676	2.0142011335515825e6	1.096135141522701e8	1.0844283362662295e8
0.9891599999999676	2.022238102041292e6	1.0888170470764606e8	1.0772334808963783e8
0.9891999999999677	2.0305933598518367e6	1.0811778413488258e8	1.0697204247450882e8
0.9892399999999677	2.0378603547894978e6	1.074510967620321e8	1.0631685033828676e8
0.9892799999999677	2.0446195395194616e6	1.06828805626966e8	1.057055191521052e8
0.9893199999999678	2.0513497953730344e6	1.0620685016646774e8	1.050944694225011e8
0.9893599999999678	2.0584825167940413e6	1.0554517941604578e8	1.0444408096103442e8
0.9893999999999679	2.066403586695557e6	1.0480754984436068e8	1.0371849369402613e8
0.9894399999999679	2.075463759249253e6	1.0396061622001894e8	1.0288470901002994e8
0.9894799999999679	2.0859827283756088e6	1.0297361961389548e8	1.0191228167385659e8
0.989519999999968	2.097379333452313e6	1.0190004861439152e8	1.0085411664032409e8
0.989559999999968	2.1058505048990757e6	1.0109870550952826e8	1.0006522010327677e8
0.989639999999968	2.1164247006576085e6	1.0009147095056607e8	9.907644947141388e7
0.989719999999968	2.125670554948242e6	9.920276783829655e7	9.820481527822061e7
0.989759999999968	2.130934855418604e6	9.869220464433824e7	9.770341724169661e7
0.989769999999968	2.1402285795475203e6	9.779388965494514e7	9.681535270214075e7
0.9897799999999679	2.145670752203231e6	9.726923018940173e7	9.629706741195051e7
0.9897999999999679	2.1513906381006325e6	9.671370157442972e7	9.574916600287613e7
0.989819999999968	2.158292864861618e6	9.604075538608205e7	9.508503191761303e7
0.989839999999968	2.1646007903808774e6	9.542405458638592e7	9.447653853581552e7
0.989879999999968	2.1746340922462284e6	9.443991788532187e7	9.350619321333298e7
0.989959999999968	2.1876179293004256e6	9.316052972974971e7	9.224716169527029e7
0.990039999999968	2.1992929650535504e6	9.200142376955244e7	9.110699454673676e7
0.9901199999999679	2.209517629299498e6	9.097777407759354e7	9.010074370388155e7
0.9901999999999679	2.220578808993224e6	8.986116006664892e7	8.900228237032108e7
0.9902399999999679	2.226855685487481e6	8.922381670802347e7	8.837472636844073e7
0.990279999999968	2.23349091330512e6	8.854755012450829e7	8.770857746897262e7
0.9903599999999679	2.243962855911694e6	8.747656880439873e7	8.665492648305258e7
0.9904399999999679	2.2523773529147934e6	8.66098839424583e7	8.580342617945956e7
0.9905199999999679	2.2605279493163037e6	8.576251478474304e7	8.497091594954051e7
0.9905999999999678	2.2690491784534813e6	8.486832528624998e7	8.409189209083404e7
0.9906799999999678	2.278383591816258e6	8.387975472468072e7	8.31192299457198e7
0.9907599999999678	2.286950910260814e6	8.296567117340466e7	8.222019979817061e7
0.9908399999999677	2.2952792923485506e6	8.20699794667878e7	8.133924321318737e7
0.9909199999999677	2.3045607865104405e6	8.106300030669418e7	8.034787367584836e7
0.9909999999999677	2.3154214473351357e6	7.987424823442197e7	7.917621879333568e7
0.9910399999999677	2.321570001270751e6	7.91969544013844e7	7.850815095715691e7
0.9910799999999678	2.3282010135136168e6	7.846326325135814e7	7.778413849619411e7
0.9911199999999678	2.335545659256741e6	7.76469322283623e7	7.697816711562622e7
0.9911599999999678	2.3441048420889946e6	7.669135666093938e7	7.603412695485836e7
0.9911999999999679	2.354371055302845e6	7.554008805596231e7	7.489605374635416e7
0.9912399999999679	2.3656545483110743e6	7.42689614652465e7	7.363908849665184e7
0.991279999999968	2.3770538281646036e6	7.297878671731573e7	7.236313960652007e7
0.991319999999968	2.386461414476017e6	7.190869650751957e7	7.130524350690973e7
0.991359999999968	2.393791104838066e6	7.107017891947162e7	7.047681492875099e7
0.9913999999999681	2.4009312395557435e6	7.02489724197006e7	6.966547926554918e7
0.9914399999999681	2.408340705002567e6	6.939273814714998e7	6.881935170504306e7
0.9914799999999682	2.416419164973563e6	6.845499292225543e7	6.789234427384129e7
0.9915199999999682	2.424190930613527e6	6.754948101348895e7	6.699721855358409e7
0.9915599999999682	2.4321203039878807e6	6.662165891757068e7	6.6079899211670004e7
0.9915999999999683	2.4407575221060845e6	6.5606272123349965e7	6.507568180069751e7
0.9916399999999683	2.450277800561576e6	6.448170679036373e7	6.396312404400702e7
0.9916799999999684	2.460380952682738e6	6.328242442589721e7	6.2776385024198145e7
0.9916999999999684	2.465868166044658e6	6.262884049688208e7	6.212948782653423e7
0.9917199999999684	2.4717921054034056e6	6.192224798929262e7	6.142999821457214e7
0.9917399999999684	2.478854643783751e6	6.107861058638856e7	6.059457660230079e7
0.9917599999999684	2.48670428447767e6	6.013865711506036e7	5.966360502373454e7
0.9917799999999685	2.4944233892810256e6	5.921193450314301e7	5.874571656178528e7
0.9917999999999685	2.5025462614238914e6	5.823419448952258e7	5.777719497405041e7
0.9918199999999685	2.5114503593971976e6	5.715959013893908e7	5.671256835554071e7
0.9918399999999685	2.5215316048416784e6	5.593972548927179e7	5.5503833027173154e7
0.9918599999999685	2.5331844045142415e6	5.452600163918504e7	5.410278010689318e7
0.9918699999999685	2.5397658681100593e6	5.372600904360473e7	5.3309864886586346e7
0.9918799999999685	2.5469262665932784e6	5.285449038602325e7	5.244599296537189e7
0.9918899999999684	2.5549743767693317e6	5.1882482179968596e7	5.148243609168309e7
0.9919299999999684	2.5654423906015325e6	5.06007354858869e7	5.0213090670606434e7
0.9920099999999684	2.5752962201635814e6	4.93866380248746e7	4.901261540385348e7
0.9920899999999684	2.580296904928998e6	4.876304474807137e7	4.839773921263066e7
0.9921299999999684	2.583227192162577e6	4.839476747338113e7	4.8034230651366495e7
0.9921699999999685	2.5868298844561074e6	4.793953157457867e7	4.7584419920343585e7
0.9921899999999685	2.589079859335252e6	4.765416843833238e7	4.7302210096528985e7
0.9922099999999685	2.5918489595623193e6	4.730204028127727e7	4.6953747890879706e7
0.9922299999999685	2.595309492844832e6	4.686086251846582e7	4.651691917145535e7
0.9922499999999685	2.5990256076872717e6	4.63858800362207e7	4.6046531914398186e7
0.9922699999999686	2.6030060390984765e6	4.587577820164296e7	4.554127967282513e7
0.9922799999999685	2.6052308297937815e6	4.5590121024133086e7	4.525827767183143e7
0.9922899999999685	2.649408198048212e6	4.0060601544585735e7	3.977216124388275e7
0.9923299999999685	2.6539736314631947e6	3.947144724861002e7	3.918905722596534e7
0.9923699999999686	2.659277500127108e6	3.8782610104059756e7	3.8506989076290615e7
0.9924099999999686	2.6657051315301014e6	3.794330162142864e7	3.76755446640692e7
0.9924499999999686	2.6719964853120055e6	3.711734388101393e7	3.6857281508175306e7
0.9924899999999687	2.677909155476685e6	3.633670145926523e7	3.6083923929062724e7
0.9925299999999687	2.683075723298707e6	3.565008176142755e7	3.54038182263217e7
0.9925699999999688	2.6881031005255026e6	3.497765025880352e7	3.47377389234165e7
0.9926099999999688	2.6935696750820116e6	3.424207734852061e7	3.4008933876812905e7
0.9926499999999688	2.6998113589046746e6	3.3397451101507306e7	3.317182344939822e7
0.9926899999999689	2.7071638402980785e6	3.2397078425219625e7	3.2180045149602924e7
0.9927099999999689	2.711391896229421e6	3.181951283932805e7	3.1607314637651958e7
0.9927499999999689	2.7189594822984906e6	3.078182286588183e7	3.057836710634998e7
0.992789999999969	2.725836567514061e6	2.9837339151703775e7	2.9641865218070928e7
0.992829999999969	2.732936608088195e6	2.8856395520633936e7	2.866909032023017e7
0.992869999999969	2.7412288423591433e6	2.7704208272668988e7	2.7526222229330108e7
0.9928899999999691	2.7460158690276993e6	2.7036304085547328e7	2.686360013632712e7
0.9929099999999691	2.751330789484218e6	2.6292642851595342e7	2.6125734949074246e7
0.9929299999999691	2.7572657237877543e6	2.545988048530209e7	2.5299372998937484e7
0.9929499999999691	2.7639688807467576e6	2.4516665166645855e7	2.4363308657829594e7
0.9929699999999692	2.7715865097088846e6	2.3441735867820174e7	2.3296424717832014e7
0.9929899999999692	2.780334661487687e6	2.2203772689676195e7	2.2067614389097996e7
0.9930099999999692	2.7904863450646363e6	2.076310404294452e7	2.0637475445235785e7
0.9930899999999692	2.803405745098102e6	1.892059457280183e7	1.88092247980019e7
0.9931699999999691	2.810050746435975e6	1.795892467014897e7	1.7855457861249544e7
0.9932499999999691	2.817069079394738e6	1.693159159501189e7	1.6836318568031035e7
0.9933299999999691	2.8216821940134466e6	1.6248721720594674e7	1.6159163366951961e7
0.993409999999969	2.82687474470465e6	1.547055735559681e7	1.538723548719064e7
0.9935699999999691	2.829162788275242e6	1.5123270682867497e7	1.504421956910489e7
0.9936499999999691	2.8299809283123934e6	1.4996076462806642e7	1.4918821756162226e7
0.993729999999969	2.8311801379662193e6	1.480709477462253e7	1.4732005789850324e7
0.993809999999969	2.8331271244976996e6	1.4496235858704388e7	1.4424041215639288e7
0.993849999999969	2.8346095957781994e6	1.4257338573034525e7	1.4187088789824044e7
0.9938899999999691	2.8366690684156446e6	1.3923269375287324e7	1.3855530247411994e7
0.9939299999999691	2.8396649556235773e6	1.3434096266270876e7	1.3369788068214921e7
0.9939499999999691	2.8417057248572093e6	1.3099280974280357e7	1.303722264402103e7
0.9939699999999692	2.8442791500475323e6	1.2675675400444329e7	1.2616392081054132e7
0.9939899999999692	2.8475901711993394e6	1.2128840026206136e7	1.2073059714577258e7
0.9940099999999692	2.8519545990126505e6	1.1405621549845397e7	1.1354385084809646e7
0.9940199999999692	2.8546755585279353e6	1.095363589396432e7	1.090520411115816e7
0.9940299999999691	2.8578659465343533e6	1.042278655697161e7	1.0377623980927067e7
0.9940399999999691	2.8616163900148836e6	9.797709020478278e6	9.756369908400502e6
0.9941999999999691	2.865000009307113e6	9.230830302595854e6	9.193908486894581e6
0.9943599999999692	2.8665701815938936e6	8.956616436428726e6	8.92226857555127e6
0.9944399999999691	2.8681838026704113e6	8.66924739551428e6	8.636993481937889e6
0.9944799999999692	2.869454565506906e6	8.440646472764552e6	8.409893493436316e6
0.9945199999999692	2.871275235168393e6	8.110780236753672e6	8.082067749344824e6
0.9945599999999692	2.8740270022801906e6	7.6086432301466465e6	7.582886917866907e6
0.9945799999999693	2.875966629508737e6	7.252866942063004e6	7.229144142368824e6
0.9945999999999693	2.8784837837217352e6	6.789491353862554e6	6.768371912983674e6
0.9946199999999693	2.881835342056591e6	6.1702764181844e6	6.152584605194732e6
0.9946299999999693	2.883945120390796e6	5.779451581202388e6	5.76390271150774e6
0.9946399999999692	2.886438683692912e6	5.316692798319966e6	5.30366663626549e6
0.9946499999999692	2.8894157596715265e6	4.763196493098557e6	4.753171766174665e6
0.9946599999999691	2.8930108037936185e6	4.093587652270347e6	4.087176571899444e6
0.9946699999999691	2.89740861311838e6	3.272958136603415e6	3.270956457643228e6
0.9997899999999691	2.899408e6	2.899408e6	2.899408e6
