lambda	f0	f1	fla
0.0	56.5759913519515	10421.984097696379	56.5759913519515
0.00032	56.891466417665015	10421.995764745992	60.20829979313008
0.0009600000000000001	57.388448367835196	10421.998527300912	67.33847404361096
0.0016000000000000003	57.870335659051605	10421.999640835553	74.452942547334
0.0022400000000000002	58.35257390122627	10421.99999150535	81.5671441166595
0.00288	58.93748587404481	10421.999997051766	88.78310590623664
0.00352	59.80009025553175	10421.999995129747	96.27503392068898
0.0041600000000000005	61.02237091139319	10421.999992037407	104.1240378152774
0.0044800000000000005	62.546706762686874	10421.999989922322	108.95705747124204
0.0048000000000000004	64.34937302103327	10421.999986966408	114.06609596797108
0.00512	66.36943020728786	10421.99998262062	119.39025863564413
0.00576	68.64705552151189	10421.99997557478	128.2823683410187
0.0064	71.06791992003565	10421.99996699992	137.3138850213469
0.00704	73.50898846572585	10421.999954573195	146.36236486712244
0.00768	75.8634786718859	10421.99994087999	155.32180670164416
0.008320000000000001	78.05742174303614	10421.999923248262	164.11902335555965
0.008960000000000001	80.04961385547179	10421.99990556118	172.71348846915498
0.009600000000000001	81.8272403231045	10421.999883048195	181.09289769326537
0.01024	83.39445096943712	10421.999861318602	189.26177037141258
0.01088	84.766716256955	10421.999838708369	197.2358126292264
0.01152	85.96468241999591	10421.999809277488	205.03580708139424
0.01216	87.00885267028407	10421.999780807018	212.68234235642677
0.0128	87.91983343052081	10421.999749874129	220.196056360999
0.01344	88.71603026103955	10421.999717597348	227.59536301883952
0.01408	89.41380083644687	10421.999683480633	234.89661006407704
0.01472	90.02688057332018	10421.999652765742	242.11351977999266
0.01536	90.56803315790512	10421.999614655222	249.25882224970388
0.016	91.0473804182695	10421.999570193948	256.34261545468036
0.016640000000000002	91.47278520979735	10421.999531391217	263.3727502662562
0.017280000000000004	91.85204772132393	10421.999491759316	270.35699555430045
0.017920000000000005	92.19169761337393	10421.999444607129	277.30185243950206
0.018560000000000007	92.49643781450219	10421.999399689446	284.21201278690125
0.01920000000000001	92.77097332087605	10421.999352439703	291.0921581999576
0.01984000000000001	93.01913244004511	10421.999302585948	297.94609901573995
0.020480000000000012	93.24414350159566	10421.999249521388	304.77704807288114
0.021120000000000014	93.44868187984986	10421.999195377648	311.5876687249235
0.021760000000000015	93.63525113045866	10421.999137467796	318.38044929715926
0.022400000000000017	93.80571835730177	10421.999080078343	325.1572496598533
0.02304000000000002	93.9621091529869	10421.99901748776	331.9200795210203
0.02368000000000002	94.10568360832293	10421.99895592348	338.6701962967461
0.024320000000000022	94.23795934184281	10421.99889189745	345.4091052215954
0.024960000000000024	94.36018812723273	10421.998822660958	352.1380484451947
0.025600000000000026	94.47312421403117	10421.998755401044	358.857780372419
0.026240000000000027	94.57787423266771	10421.998684839713	365.5693963029969
0.02688000000000003	94.67524489685363	10421.998610591907	372.27369696673696
0.02752000000000003	94.76578513188909	10421.998536963882	378.97123046230587
0.028160000000000032	94.85032552526832	10421.998457969868	385.66281693490856
0.028800000000000034	94.92930240235172	10421.998376679603	392.34889174153693
0.029440000000000036	95.00306546431715	10421.998297496448	399.0298050953434
0.030080000000000037	95.0724000059233	10421.998210189735	405.70632837625277
0.03072000000000004	95.13738471401467	10421.998123930345	412.3785466227407
0.03136000000000004	95.198613757499	10421.998031315823	419.0470434921284
0.03200000000000004	95.25602801331229	10421.997944587296	425.7117693436802
0.032640000000000044	95.31037227272063	10421.997848740717	432.3734515046365
0.033280000000000046	95.36165440370316	10421.997751834082	439.0321037261866
0.03392000000000005	95.41000115108343	10421.99765770842	445.6878544615088
0.03456000000000005	95.4560493326897	10421.99755145167	452.34132364592216
0.03520000000000005	95.49960050564988	10421.997446564246	458.992324686913
0.03584000000000005	95.54082331977332	10421.997343532335	465.6410250041921
0.036480000000000054	95.58015427413763	10421.99723221679	472.2878492774862
0.037120000000000056	95.61748785479058	10421.997121761371	478.93269986540344
0.03776000000000006	95.65305876068041	10421.997008427736	485.57580630010904
0.03840000000000006	95.68705219490329	10421.996889582848	492.217349950601
0.03904000000000006	95.71942761341407	10421.996771199367	498.85729510701026
0.03968000000000006	95.7504717953898	10421.996645898791	505.4959199838134
0.040320000000000064	95.78007651426242	10421.996521741448	512.1331235858232
0.040960000000000066	95.8083745371642	10421.99639703058	518.7690359384951
0.04160000000000007	95.83569765854669	10421.996260894146	525.4039770891484
0.04224000000000007	95.86164842781223	10421.996133586425	532.0375690809127
0.04288000000000007	95.88667205713362	10421.995998906563	538.6702399924378
0.04352000000000007	95.910744361492	10421.995860484618	545.3019686151712
0.044160000000000074	95.93404988619861	10421.995712403781	551.9329329029758
0.044800000000000076	95.95633037978276	10421.995568882998	558.5628882647276
0.04544000000000008	95.9778310009285	10421.9954211254	565.1920702961853
0.04608000000000008	95.99856091480201	10421.995270812678	571.820489306897
0.04672000000000008	96.01857423225894	10421.995117325629	578.448198325582
0.04736000000000008	96.03790794256663	10421.994960887181	585.0752339700244
0.048000000000000084	96.05656051544156	10421.994803447862	591.7015961761986
0.048640000000000086	96.07478690562279	10421.994633800858	598.3275282586079
0.04928000000000009	96.09227216286475	10421.994469492902	604.9527324472898
0.04992000000000009	96.10926725162325	10421.994299407039	611.5774480568225
0.05056000000000009	96.12576679592398	10421.994125175299	618.2016709955861
0.05120000000000009	96.14166600009708	10421.993953797848	624.8253031353429
0.051840000000000094	96.15722340867285	10421.993772840235	631.448590131206
0.052480000000000096	96.17239994605353	10421.9935854992	638.0714957638836
0.0531200000000001	96.18699999669519	10421.993403675902	644.6938361601357
0.0537600000000001	96.20131294059074	10421.993212589054	651.3158854656932
0.0544000000000001	96.21522512948792	10421.993019662592	657.9375371520898
0.0550400000000001	96.22884038285436	10421.992819859994	664.5588898132772
0.055680000000000104	96.24203946839249	10421.992621086727	671.1798318529025
0.056320000000000106	96.25496712400056	10421.992415910361	677.8005002396495
0.05696000000000011	96.26757378260557	10421.99220801847	684.4208489486815
0.05760000000000011	96.2799190531452	10421.991994749633	691.040934613264
0.05824000000000011	96.29188173113714	10421.991784286056	697.6606440559368
0.05888000000000011	96.30371766022557	10421.991561717836	704.2802179183388
0.059520000000000114	96.31526198577467	10421.991337855967	710.8995020215697
0.060160000000000116	96.32655413172365	10421.991111001918	717.5185338730358
0.06080000000000012	96.33755103768677	10421.990884660097	724.1372737219306
0.06144000000000012	96.34847153900613	10421.990645352256	730.7559266980934
0.06208000000000012	96.35907922910114	10421.990408949567	737.3742721781489
0.06272000000000012	96.36955517067372	10421.99016426475	743.9924797730554
0.06336000000000012	96.37978603005752	10421.98991929086	750.6104440734632
0.06400000000000013	96.38985103598064	10421.989669356826	757.2282394085161
0.06464000000000013	96.39978097303083	10421.989412769943	763.8458947723846
0.06528000000000013	96.40956585010919	10421.989150679456	770.4634011477702
0.06592000000000013	96.41911878623914	10421.988889630908	777.080678080321
0.06656000000000013	96.42860512113133	10421.9886185093	783.6978796122493
0.06720000000000013	96.43782095932904	10421.988352185566	790.3148166577336
0.06784000000000014	96.44696152743693	10421.98807727101	796.9316708194823
0.06848000000000014	96.45605154825944	10421.98779213875	803.5484651438977
0.06912000000000014	96.46498952147637	10421.987504532655	810.1651057590504
0.06976000000000014	96.4737214209169	10421.987218908547	816.7815430056554
0.07040000000000014	96.48243534788958	10421.986921679112	823.3979511856091
0.07104000000000014	96.49102409323834	10421.98662106646	830.0142313022175
0.07168000000000015	96.49948002512507	10421.986318080439	836.6303765769314
0.07232000000000015	96.50790819708666	10421.986004866125	843.2464841481931
0.07296000000000015	96.51612581516564	10421.985695971967	849.8623856538073
0.07360000000000015	96.52434707403552	10421.985374988293	856.4782787285264
0.07424000000000015	96.53247752373197	10421.985049484781	863.0940764661219
0.07488000000000015	96.54047658980765	10421.984723032101	869.7097417634083
0.07552000000000016	96.54841048726814	10421.984390648211	876.3253357090242
0.07616000000000016	96.55629194557972	10421.984051465832	882.9408701106438
0.07680000000000016	96.56416034209212	10421.983702386377	889.5563811710948
0.07744000000000016	96.57184013587478	10421.98335819551	896.1717080944146
0.07808000000000016	96.57952873554295	10421.983002746925	902.7870319863533
0.07872000000000016	96.58717233870564	10421.982640659224	909.4023036048985
0.07936000000000017	96.59472511545707	10421.982276023775	916.0174811555429
0.08000000000000017	96.60220231067866	10421.981907792759	922.6325787492468
0.08064000000000017	96.60968687920895	10421.981528943907	929.247672223308
0.08128000000000017	96.61707016686212	10421.981149109892	935.8626625033532
0.08192000000000017	96.62444896768449	10421.980759966687	942.4776379647245
0.08256000000000017	96.63182544826573	10421.9803613284	949.0926005705314
0.08320000000000018	96.63909928480393	10421.979962333508	955.707459090458
0.08384000000000018	96.64631350592907	10421.979559411235	962.3222528426318
0.08448000000000018	96.65353218640615	10421.979146835089	968.9370401119287
0.08512000000000018	96.66070718352057	10421.978729086246	975.5517772078824
0.08576000000000018	96.66782295952817	10421.978307831167	982.1664501421218
0.08640000000000018	96.67497278040098	10421.977874377542	988.7811434783958
0.08704000000000019	96.68203343911284	10421.977440451525	995.395745665475
0.08768000000000019	96.68908480948824	10421.976998653055	1002.0103290952941
0.08832000000000019	96.69612636837367	10421.976549092951	1008.6248933034103
0.08896000000000019	96.70316155265205	10421.976091483895	1015.2394413993374
0.0896000000000002	96.7101268713211	10421.975632145013	1021.8539161438459
0.0902400000000002	96.71713031355644	10421.975160594799	1028.4684149661377
0.0908800000000002	96.72409567125268	10421.974684371433	1035.082869172327
0.0915200000000002	96.73103433730732	10421.974202452668	1041.6972890832271
0.0921600000000002	96.737925230782	10421.97371710584	1048.3116558099894
0.0928000000000002	96.74485679275277	10421.973219453113	1054.9260488476364
0.0934400000000002	96.75176180298048	10421.97271636639	1061.5404077973876
0.0940800000000002	96.75865915991422	10421.972205980599	1068.1547496448063
0.0947200000000002	96.7655271973209	10421.971690598548	1074.7690549946872
0.09536000000000021	96.77244348287422	10421.97116221245	1081.3833933009287
0.09600000000000021	96.77925219323474	10421.970637221724	1087.997625155972
0.09664000000000021	96.78618386591292	10421.970091310797	1094.6119566813888
0.09728000000000021	96.79304313577494	10421.969545232789	1101.2262132597746
0.09792000000000022	96.79991578088584	10421.968989916397	1107.8404715202373
0.09856000000000022	96.80674057517356	10421.968432041436	1114.4546768860907
0.09920000000000022	96.81363847165528	10421.967858518332	1121.068937100288
0.09984000000000022	96.82044959999646	10421.96728685987	1127.6831098320245
0.10048000000000022	96.82736676108895	10421.96669584515	1134.2973665474578
0.10112000000000022	96.83425064374178	10421.966100878326	1140.9115833394653
0.10176000000000023	96.84118562296348	10421.965492517003	1147.5258350925033
0.10240000000000023	96.84802768401816	10421.964887094015	1154.139994087604
0.10304000000000023	96.85495709445694	10421.964264186672	1160.7542200972412
0.10368000000000023	96.8618745339738	10421.963635114094	1167.3684250709232
0.10432000000000023	96.86876455466657	10421.963001724544	1173.9825953762306
0.10496000000000023	96.8757166777088	10421.96235365395	1180.5968100947373
0.10560000000000024	96.88268200390497	10421.96169653625	1187.211025938523
0.10624000000000024	96.88959066900556	10421.961038680425	1193.8251813057411
0.10688000000000024	96.89660746341279	10421.960360573741	1200.4394213958471
0.10752000000000024	96.9035758072739	10421.959680808115	1207.053608216967
0.10816000000000024	96.91058485747584	10421.958988744293	1213.6678202218764
0.10880000000000024	96.91764145860162	10421.958283495003	1220.2820633121646
0.10944000000000025	96.92464315207646	10421.957577546613	1226.896247492217
0.11008000000000025	96.931697506193	10421.956857819652	1233.5104671535012
0.11072000000000025	96.93877016862555	10421.956128451684	1240.1246920777285
0.11136000000000025	96.94586515773493	10421.955388953613	1246.7389257276466
0.11200000000000025	96.95296510295786	10421.954641483577	1253.3531528575897
0.11264000000000025	96.96014126958413	10421.953877063674	1259.967435669433
0.11328000000000026	96.96731209876819	10421.953105896837	1266.5817028202162
0.11392000000000026	96.9745311147229	10421.952321174023	1273.196000958281
0.11456000000000026	96.98173087911663	10421.951531553266	1279.81027124435
0.11520000000000026	96.9889623219628	10421.950730478906	1286.4245580136453
0.11584000000000026	96.99621510643189	10421.949919264069	1293.0388521960551
0.11648000000000026	97.00351251285319	10421.94909483898	1299.653173942203
0.11712000000000027	97.01083856133762	10421.948259233784	1306.2675092704972
0.11776000000000027	97.01818408360991	10421.947413649888	1312.8818501573378
0.11840000000000027	97.02554864683759	10421.946558138796	1319.496196170688
0.11904000000000027	97.03297291984116	10421.945687220215	1326.1105824301605
0.11968000000000027	97.04045292602949	10421.94480128504	1332.7250053376388
0.12032000000000027	97.04790479118897	10421.943911687646	1339.3393923409735
0.12096000000000028	97.0554211097071	10421.943005846228	1345.9538233594394
0.12160000000000028	97.06298821603269	10421.942085510314	1352.5682864470202
0.12224000000000028	97.07055707282437	10421.941157425612	1359.1827392599519
0.12288000000000028	97.07817865429895	10421.94021446281	1365.7972256144515
0.12352000000000028	97.08576999120187	10421.939268231505	1372.411674093847
0.12416000000000028	97.09355623341273	10421.938286997565	1379.026278005093
0.12480000000000029	97.10122095227574	10421.937315327912	1385.6407655303583
0.12544000000000027	97.10902275044866	10421.93631655794	1392.2553584856632
0.12608000000000028	97.1168261182936	10421.935309892538	1398.8699405525533
0.12672000000000028	97.12468025162121	10421.93428822594	1405.4845537741298
0.12736000000000028	97.13256388467303	10421.933254594247	1412.0991798534471
0.12800000000000028	97.14054407080282	10421.932199121917	1418.7138759173483
0.12864000000000028	97.14846453855486	10421.931144653145	1425.3285085084988
0.12928000000000028	97.1565121911925	10421.930063692907	1431.943236929337
0.12992000000000029	97.16457453424633	10421.928972695792	1438.5579651433973
0.1305600000000003	97.17267421152604	10421.927868313986	1445.172712353546
0.1312000000000003	97.18084085851032	10421.926745993767	1451.787503612259
0.1318400000000003	97.18903018161589	10421.925612335068	1458.40230117273
0.1324800000000003	97.19729568846321	10421.924459166456	1465.0171503060305
0.1331200000000003	97.20557140511418	10421.923296469295	1471.6319949656609
0.1337600000000003	97.21390047174619	10421.922117602851	1478.246871595206
0.1344000000000003	97.22230198539636	10421.92091953147	1484.8617961835919
0.1350400000000003	97.23077209486762	10421.91970266991	1491.4767652797243
0.1356800000000003	97.23931087087406	10421.918466871375	1498.0917787570252
0.1363200000000003	97.24783890169203	10421.917224571976	1504.7067695562685
0.1369600000000003	97.25646802698405	10421.915958101565	1511.3218317876017
0.1376000000000003	97.26510907876192	10421.914681455723	1517.9368902378349
0.1382400000000003	97.2738821604835	10421.913375412127	1524.5520457075938
0.1388800000000003	97.28266736138102	10421.912058975935	1531.1671972688134
0.1395200000000003	97.2914783455614	10421.91072998521	1537.7823563343284
0.1401600000000003	97.30037790504808	10421.909378177827	1544.397575383284
0.1408000000000003	97.3093438870737	10421.908007008367	1551.0128356545551
0.14144000000000032	97.3183348125014	10421.906623176292	1557.628102318679
0.14208000000000032	97.32741880636222	10421.9052154085	1564.243432147597
0.14272000000000032	97.33652428009312	10421.903795415843	1570.8587652165907
0.14336000000000032	97.34578771028458	10421.902340375933	1577.4742151004352
0.14400000000000032	97.35504914055574	10421.900876807085	1584.0896483245392
0.14464000000000032	97.36441244671833	10421.899387193313	1590.705151194069
0.14528000000000033	97.3737487293092	10421.897893255618	1597.3206164460948
0.14592000000000033	97.38322271888931	10421.896366989346	1603.9361807308378
0.14656000000000033	97.39276769467632	10421.894819544237	1610.5517884137514
0.14720000000000033	97.40235882258884	10421.893255063134	1617.1674187492006
0.14784000000000033	97.41204772116458	10421.89166453773	1623.7831142713292
0.14848000000000033	97.42176584143984	10421.890059721041	1630.3988181166865
0.14912000000000034	97.43158530742923	10421.888427947792	1637.0145896819636
0.14976000000000034	97.44144164498863	10421.886780350002	1643.6303755694548
0.15040000000000034	97.45144963914827	10421.885096620554	1650.2462701451552
0.15104000000000034	97.46144745054998	10421.88340513706	1656.8621399395238
0.15168000000000034	97.4715756414316	10421.881680914721	1663.4781004092877
0.15232000000000034	97.4817561041279	10421.879937670397	1670.0940871203056
0.15296000000000035	97.4920094558802	10421.87817161908	1676.710116820367
0.15360000000000035	97.50240055438934	10421.876370873555	1683.3262423954168
0.15424000000000035	97.51279996512619	10421.874558686526	1689.9423576303184
0.15488000000000035	97.52329185714623	10421.87271973084	1696.5585312462274
0.15552000000000035	97.53384184344944	10421.870860140993	1703.174734929087
0.15616000000000035	97.54453490770166	10421.868964130652	1709.7910377751614
0.15680000000000036	97.55526991589322	10421.867050130688	1716.4073570535766
0.15744000000000036	97.56615727743738	10421.865097525513	1723.0237824300982
0.15808000000000036	97.57707193251169	10421.863129393923	1729.6402118960154
0.15872000000000036	97.58810602490777	10421.861128395514	1736.2567201355741
0.15936000000000036	97.59922138378911	10421.8591014792	1742.8732758757976
0.16000000000000036	97.61041586896103	10421.857048910819	1749.489877155662
0.16064000000000037	97.62170796373285	10421.854967042234	1756.1065387021072
0.16128000000000037	97.63307148411742	10421.85286069379	1762.7232390878573
0.16192000000000037	97.64457505105473	10421.850716507033	1769.3400334756104
0.16256000000000037	97.65611006455886	10421.848555238916	1775.956833952106
0.16320000000000037	97.66778302210332	10421.846356143695	1782.573726155551
0.16384000000000037	97.67960103092196	10421.84411752509	1789.1907154133303
0.16448000000000038	97.69143505191704	10421.841864404214	1795.8076976717866
0.16512000000000038	97.70341648681543	10421.839570905984	1802.4247783045125
0.16576000000000038	97.71549213966415	10421.837247256795	1809.0419142678836
0.16640000000000038	97.72770090481276	10421.83488550019	1815.6591364214876
0.16704000000000038	97.73999706143019	10421.832494520868	1822.2764078370587
0.16768000000000038	97.7524081326597	10421.830068619418	1828.8937502430833
0.16832000000000039	97.76486764783502	10421.827621035718	1835.5111102980875
0.1689600000000004	97.77752349112902	10421.825121676977	1842.1286056806139
0.1696000000000004	97.79020942511303	10421.822603993682	1848.7461035439462
0.1702400000000004	97.80307906928623	10421.820036526076	1855.3637259067343
0.1708800000000004	97.81607417776695	10421.817430809551	1861.9814259990103
0.1715200000000004	97.82910908717817	10421.814804328555	1868.5991355349831
0.1721600000000004	97.8422775580933	10421.812137618115	1875.2169286660308
0.1728000000000004	97.85556321567636	10421.809433801725	1881.8347920529495
0.1734400000000004	97.86903297508387	10421.8066786405	1888.452778239298
0.1740800000000004	97.88260502026867	10421.803888875886	1895.0708221138586
0.1747200000000004	97.89628182236129	10421.801063852969	1901.688925338753
0.1753600000000004	97.91012572520128	10421.798190117383	1908.3071366970184
0.1760000000000004	97.9240662257707	10421.795282347864	1914.9254002632633
0.1766400000000004	97.93809873659946	10421.792341370327	1921.5437121554253
0.1772800000000004	97.95231941995485	10421.789346333026	1928.1621475511083
0.1779200000000004	97.96654019232463	10421.786337495327	1934.7805585284789
0.1785600000000004	97.98085606491209	10421.78329438773	1941.3990194518387
0.17920000000000041	97.9952309172586	10421.780224791228	1948.0175018194782
0.17984000000000042	98.00975031497572	10421.777109931501	1954.636072268416
0.18048000000000042	98.0242784189572	10421.773979409101	1961.2546244536627
0.18112000000000042	98.0389031400744	10421.770813955469	1967.873226826963
0.18176000000000042	98.05358231766164	10421.767622763584	1974.4918463091167
0.18240000000000042	98.06838546214756	10421.764390338803	1981.110536751654
0.18304000000000042	98.08330284823599	10421.761118610917	1987.7292902454415
0.18368000000000043	98.09829389742553	10421.757816527946	1994.348075014204
0.18432000000000043	98.11342098267508	10421.754469937785	2000.9669391260852
0.18496000000000043	98.12858527184831	10421.751100944975	2007.5858057707544
0.18560000000000043	98.14386705245985	10421.747691362374	2014.2047368443846
0.18624000000000043	98.15930683010639	10421.74423166738	2020.8237632318048
0.18688000000000043	98.17481496793637	10421.740742120228	2027.442815434161
0.18752000000000044	98.19041924257488	10421.737216238402	2034.0619146152367
0.18816000000000044	98.20615830849083	10421.733644956237	2040.6810901961353
0.18880000000000044	98.22204934878441	10421.730023980941	2047.30035495934
0.18944000000000044	98.23797048536986	10421.72638148799	2053.919615065711
0.19008000000000044	98.25412628867942	10421.722669542762	2060.53902699042
0.19072000000000044	98.2703250411746	10421.718932705615	2067.1584434949414
0.19136000000000045	98.2866936156775	10421.715141014	2073.777961309825
0.19200000000000045	98.3031914264186	10421.71130371674	2080.397548986165
0.19264000000000045	98.31974373625393	10421.70743838302	2087.0171492330114
0.19328000000000045	98.33649504805251	10421.703510431806	2093.636871781429
0.19392000000000045	98.353337913926	10421.69954518531	2100.2566344279976
0.19456000000000045	98.37036862324926	10421.695519275034	2106.8765099340653
0.19520000000000046	98.38747939215465	10421.691458431058	2113.4964161005532
0.19584000000000046	98.40471740452331	10421.687351041608	2120.1163883760146
0.19648000000000046	98.42212229311677	10421.683187223778	2126.736456330698
0.19712000000000046	98.43970024250065	10421.678965054643	2133.3566241222748
0.19776000000000046	98.45731997001256	10421.674716507061	2139.976792309184
0.19840000000000046	98.47517000978749	10421.670395007734	2146.597102649385
0.19904000000000047	98.49312304628782	10421.66603156796	2153.2174587584464
0.19968000000000047	98.5112448901688	10421.661609627059	2159.837909720836
0.20032000000000047	98.52948959346949	10421.65714031554	2166.4584205861192
0.20096000000000047	98.54789306821571	10421.652614391573	2173.0790178653624
0.20160000000000047	98.56644244779703	10421.64803476703	2179.699691459359
0.20224000000000047	98.58519849237376	10421.64338574885	2186.3204862831285
0.20288000000000048	98.60401758168105	10421.638703364531	2192.9412946333105
0.20352000000000048	98.62302636142259	10421.633955277994	2199.562210614528
0.20416000000000048	98.64215843678905	10421.629158056998	2206.183184279256
0.20480000000000048	98.6615270617304	10421.624282310135	2212.804299336609
0.20544000000000048	98.68107147121826	10421.619343159471	2219.4255100068576
0.20608000000000049	98.700616437076	10421.614385692437	2226.0466860052256
0.2067200000000005	98.72048096407084	10421.609327020924	2232.6680632209486
0.2073600000000005	98.74049861091468	10421.60420974178	2239.289517751016
0.2080000000000005	98.76052040273763	10421.599072700066	2245.910939280587
0.2086400000000005	98.78087103027792	10421.593830505708	2252.5325668952364
0.2092800000000005	98.80135688607021	10421.58853344454	2259.1542571962314
0.2099200000000005	98.82199759672392	10421.583176054617	2265.77602417861
0.2105600000000005	98.84279013916293	10421.5777588537	2272.397865151701
0.2112000000000005	98.86373122257146	10421.572282420271	2279.019777235531
0.2118400000000005	98.88495102520463	10421.566711466156	2285.6418551570205
0.2124800000000005	98.90622776723417	10421.561105072687	2292.263936097102
0.2131200000000005	98.92776349307732	10421.555408543018	2298.8861672061257
0.2137600000000005	98.94950164959772	10421.549636578195	2305.50850649194
0.2144000000000005	98.97140794352421	10421.543798041928	2312.130928380627
0.2150400000000005	98.99348360994952	10421.537892268872	2318.7534332479695
0.2156800000000005	99.0157825249614	10421.531904080515	2325.3760596220686
0.2163200000000005	99.03814930103775	10421.525875783565	2331.998694293743
0.2169600000000005	99.06085357515683	10421.51973267084	2338.6215319837615
0.21760000000000052	99.08356692491188	10421.513565159757	2345.2443345408196
0.21824000000000052	99.10661927258114	10421.507281399558	2351.8673397751777
0.21888000000000052	99.12995081719441	10421.500897117052	2358.4905035433126
0.21952000000000052	99.15333311039048	10421.494475808946	2365.1136607555827
0.22016000000000052	99.17699501166025	10421.487952969086	2371.736975515573
0.22080000000000052	99.2007247618137	10421.48138786385	2378.360295174749
0.22144000000000053	99.22483060472928	10421.474692840626	2384.983840098251
0.22208000000000053	99.2490002256023	10421.46795590982	2391.607385903959
0.22272000000000053	99.27349115623798	10421.461103412425	2398.2311161579414
0.22336000000000053	99.29815134068583	10421.454178098762	2404.8549214773752
0.22400000000000053	99.32305580036778	10421.44715800455	2411.47885469411
0.22464000000000053	99.34821960919629	10421.440038157909	2418.1029257279847
0.22528000000000054	99.37353527203922	10421.432849105557	2424.7270574924596
0.22592000000000054	99.39902506131587	10421.425584092873	2431.351265277731
0.22656000000000054	99.42477930299096	10421.41821638125	2437.975612407447
0.22720000000000054	99.45086980718948	10421.410724104959	2444.6001487036483
0.22784000000000054	99.47705199983821	10421.403178479184	2451.2247006568978
0.22848000000000054	99.50361707724869	10421.39549328682	2457.849472953617
0.22912000000000055	99.53030222552812	10421.387745474594	2464.4742796227597
0.22976000000000055	99.55737620991363	10421.379854766028	2471.0993088829723
0.23040000000000055	99.58460053361098	10421.371891402314	2477.724392349766
0.23104000000000055	99.6120718422148	10421.363826126273	2484.3495971520097
0.23168000000000055	99.63968320832424	10421.35569058276	2490.974847796839
0.23232000000000055	99.66781823707232	10421.347368554249	2497.6004113667645
0.23296000000000056	99.69607322493225	10421.338980897352	2504.2260049963047
0.23360000000000056	99.72450593668954	10421.3305099649	2510.8516684776855
0.23424000000000056	99.75322623931767	10421.321921831452	2517.477477494825
0.23488000000000056	99.78235932069653	10421.313177350912	2524.1035178596394
0.23552000000000056	99.81180285630919	10421.304306840104	2530.729717394578
0.23616000000000056	99.84133795100418	10421.295377120054	2537.3559238411726
0.23680000000000057	99.87109350538229	10421.286348263344	2543.9822258320737
0.23744000000000057	99.90140328765135	10421.277115915293	2550.608852493964
0.23808000000000057	99.93195332272907	10421.267776407327	2557.235586082716
0.23872000000000057	99.9626997726948	10421.258342958326	2563.8623957139744
0.23936000000000057	99.9939239494083	10421.248726735486	2570.48947354429
0.24000000000000057	100.02526350974472	10421.239040713475	2577.116570038646
0.24064000000000058	100.05701256482575	10421.229191665625	2583.743885743648
0.24128000000000058	100.0890377738324	10421.219220896875	2590.3713283577663
0.24192000000000058	100.1214444887485	10421.20909409245	2596.998968680882
0.24256000000000058	100.15417319850893	10421.198829346755	2603.626764993833
0.24320000000000058	100.18719889204331	10421.188433875244	2610.254699239964
0.24384000000000058	100.22066642815008	10421.17786028744	2616.8828685788058
0.24448000000000059	100.25435801596366	10421.167177759356	2623.5111241868344
0.2451200000000006	100.28859404053394	10421.156281920525	2630.139681693683
0.2457600000000006	100.32291537276778	10421.14532071734	2636.768229710256
0.2464000000000006	100.35781311146361	10421.134133821168	2643.397098534341
0.2470400000000006	100.39295446010746	10421.122828627718	2650.0260625744804
0.2476800000000006	100.42846081517966	10421.111364752545	2656.6552024623925
0.2483200000000006	100.46455853696742	10421.099666537897	2663.2846685557643
0.2489600000000006	100.50096809453497	10421.08782486898	2669.9142719571073
0.2496000000000006	100.53777146898385	10421.075811770206	2676.5440663281747
0.2502400000000006	100.57491525040506	10421.063644106227	2683.174014759292
0.25088000000000055	100.61252957858103	10421.051277563813	2689.804202673122
0.2515200000000005	100.65063426855497	10421.038704214914	2696.434641621469
0.2521600000000005	100.68899147224202	10421.026002912618	2703.0651722770526
0.25280000000000047	100.72794725100833	10421.01305623582	2709.696022802374
0.25344000000000044	100.7672251568271	10420.999956250704	2716.327008525264
0.2540800000000004	100.80713614302036	10420.98659645933	2722.9583334201925
0.2547200000000004	100.847348785583	10420.973088242336	2729.589777140011
0.25536000000000036	100.88814796662619	10420.959333421233	2736.2215258843185
0.25600000000000034	100.9293802777182	10420.945383141805	2742.8534770109277
0.2566400000000003	100.97054301671257	10420.931409928395	2749.48529990093
0.2572800000000003	101.01157429856889	10420.917436351396	2756.1169544875233
0.25792000000000026	101.05265358216779	10420.903401435746	2762.7485584685655
0.25856000000000023	101.09385887339891	10420.889278570323	2769.380162590238
0.2592000000000002	101.1350302374241	10420.8751239757	2776.0116625343876
0.2598400000000002	101.17629934377466	10420.860892303725	2782.64314397849
0.26048000000000016	101.21779144184306	10420.846539726268	2789.2746877949717
0.26112000000000013	101.25933432285026	10420.832126842934	2795.906181905696
0.2617600000000001	101.30101675538974	10420.817622634344	2802.5376835102657
0.2624000000000001	101.34282959184483	10420.803030417892	2809.1691862886
0.26304000000000005	101.38493205046086	10420.788293426302	2815.800792226763
0.26368	101.4271375953271	10420.773477808705	2822.4323805827908
0.26432	101.469507641859	10420.7585616467	2829.063990396419
0.26496	101.51217437769105	10420.743497219277	2835.6957056777974
0.26559999999999995	101.55487794572707	10420.72837769533	2842.3273594792213
0.2662399999999999	101.59788995444607	10420.71310488963	2848.9591247787885
0.2668799999999999	101.64081874302592	10420.697820504462	2855.5907513731167
0.26751999999999987	101.6839064332719	10420.68243693595	2862.222393313347
0.26815999999999984	101.72723566928022	10420.666923634144	2868.8541023939365
0.2687999999999998	101.7707488245268	10420.651301086951	2875.4858412726644
0.2694399999999998	101.81442756302535	10420.63557561526	2882.1175976942177
0.27007999999999976	101.85801521395837	10420.619841755346	2888.749209326254
0.27071999999999974	101.90183100955466	10420.603981620896	2895.380877223054
0.2713599999999997	101.94554037491548	10420.588119074768	2902.012390530904
0.2719999999999997	101.98953687635476	10420.572107669384	2908.6439961320557
0.27263999999999966	102.03344290737547	10420.556087817355	2915.275456815629
0.27327999999999963	102.07734273381564	10420.54002826902	2921.9068254368726
0.2739199999999996	102.12146568019162	10420.52384258789	2928.5382447627444
0.2745599999999996	102.16543346326529	10420.507672870533	2935.1694787149204
0.27519999999999956	102.20946724538011	10420.491435763586	2941.8006649815857
0.27583999999999953	102.2533832894614	10420.475200813233	2948.4316894352137
0.2764799999999995	102.29744767434609	10420.458866691788	2955.062716804283
0.2771199999999995	102.34132788248309	10420.442559941897	2961.6935413107826
0.27775999999999945	102.3852723354733	10420.426185544688	2968.324316388459
0.2783999999999994	102.42896202200401	10420.40986596242	2974.95484567901
0.2790399999999994	102.47264921003448	10420.393504227064	2981.5852845939803
0.2796799999999994	102.51617766863495	10420.37716060383	2988.2155373759438
0.28031999999999935	102.55979543141343	10420.360738613623	2994.8457558242435
0.2809599999999993	102.60312277590066	10420.344385781773	3001.4757080300237
0.2815999999999993	102.6462711194221	10420.328059058736	3008.105462603126
0.28223999999999927	102.68943396019154	10420.311682507423	3014.7351373901547
0.28287999999999924	102.73240119047479	10420.295338272634	3021.364604832268
0.2835199999999992	102.77513735023969	10420.279040518853	3027.993843976597
0.2841599999999992	102.81759601427403	10420.2628079693	3034.622827443406
0.28479999999999916	102.86014135197881	10420.246496041153	3041.251775167447
0.28543999999999914	102.90227342127602	10420.230303180631	3047.8803862357777
0.2860799999999991	102.9444380465335	10420.214051833373	3054.5089291586632
0.2867199999999991	102.98621794025938	10420.19790862587	3061.1371538936282
0.28735999999999906	103.02796079507799	10420.181734276928	3067.765269142813
0.28799999999999903	103.0693572410386	10420.165653087093	3074.3930904446925
0.288639999999999	103.11076094295062	10420.149522238347	3081.0208290032433
0.289279999999999	103.15160774266876	10420.133570372403	3087.648149892188
0.28991999999999896	103.19260913776195	10420.117508540476	3094.2754759725863
0.29055999999999893	103.23317677691888	10420.101576097335	3100.9024588834477
0.2911999999999989	103.27369234542095	10420.085617196884	3107.5293248621556
0.2918399999999989	103.3138843284134	10420.06974299591	3114.155914121924
0.29247999999999885	103.35387679539551	10420.053902777516	3120.782300394634
0.2931199999999988	103.39379242809923	10420.038045638597	3127.4085559291484
0.2937599999999988	103.43338596231095	10420.022272998216	3134.034537417966
0.2943999999999988	103.47288048795988	10420.006492388042	3140.6603758313313
0.29503999999999875	103.51204056808425	10419.990801889577	3147.2859343083646
0.2956799999999987	103.55098910048484	10419.975150532802	3153.9112851527793
0.2963199999999987	103.59010826085007	10419.959377501582	3160.53665012225
0.29695999999999867	103.62902315144747	10419.943639500141	3167.1618116223417
0.29759999999999864	103.66741470055041	10419.928071854456	3173.786586269539
0.2982399999999986	103.70596098437468	10419.912388122608	3180.4113658140673
0.2988799999999986	103.74424272629497	10419.896765440852	3187.035908715207
0.29951999999999857	103.78256132202965	10419.881075528656	3193.6603882971835
0.30015999999999854	103.82039544534078	10419.865541060719	3200.2845063532377
0.3007999999999985	103.85846881475234	10419.849852317999	3206.908676972513
0.3014399999999985	103.8960510709698	10419.834322693274	3213.5324836687814
0.30207999999999846	103.93403879506634	10419.818565856518	3220.1564367297738
0.30271999999999843	103.97163369410809	10419.802925843735	3226.780082453627
0.3033599999999984	104.00904758132609	10419.787311791753	3233.403541812185
0.3039999999999984	104.04641738787511	10419.77166422184	3240.0268924253837
0.30463999999999836	104.08397149168592	10419.755882912315	3246.6502625868497
0.30527999999999833	104.12126989730888	10419.740159815346	3253.27340461147
0.3059199999999983	104.15854136330692	10419.72439498518	3259.896447303293
0.3065599999999983	104.19612027790279	10419.708440336497	3266.519577115048
0.30719999999999825	104.23318112042375	10419.692660157765	3273.142333080677
0.3078399999999982	104.2704249015485	10419.676744897275	3279.7651064490146
0.3084799999999982	104.30757577219815	10419.660816412823	3286.3877434449996
0.3091199999999982	104.3449712270452	10419.644724004282	3293.0104308055256
0.30975999999999815	104.38232987759461	10419.628592575742	3299.6330122109534
0.3103999999999981	104.41964733404001	10419.612424099305	3306.255485241959
0.3110399999999981	104.45710496028256	10419.596136832508	3312.8779494338
0.31167999999999807	104.4946629513584	10419.579748060987	3319.5003822783074
0.31231999999999804	104.53206242924374	10419.563374789586	3326.122641905606
0.312959999999998	104.56968253271788	10419.546845092527	3332.7449353274155
0.313599999999998	104.60743202795052	10419.530199630533	3339.3672119481
0.31423999999999797	104.64532316923841	10419.51343223305	3345.9894777614295
0.31487999999999794	104.68299879209832	10419.49670638279	3352.611539038234
0.3155199999999979	104.72106165401705	10419.479745486733	3359.233721576894
0.3161599999999979	104.75923214582336	10419.46267700375	3365.8558732720835
0.31679999999999786	104.79746268935858	10419.44552268424	3372.477968095715
0.31743999999999784	104.83593091051794	10419.428199793509	3379.100100744712
0.3180799999999978	104.87461713333813	10419.410716636023	3385.7222596631295
0.3187199999999978	104.91344316988246	10419.393108938266	3392.3444022435588
0.31935999999999776	104.9524510397518	10419.375356679113	3398.966550184715
0.31999999999999773	104.99168510978852	10419.357438285879	3405.588726126114
0.3206399999999977	105.03089937011177	10419.339469147977	3412.210799183663
0.3212799999999977	105.07064349548973	10419.321189589802	3418.8330589446464
0.32191999999999765	105.11042584177972	10419.302830745824	3425.4552448284658
0.3225599999999976	105.15038025711388	10419.284329141085	3432.077426809103
0.3231999999999976	105.19069584931997	10419.265594096874	3438.699702962905
0.3238399999999976	105.23115570703423	10419.24672814231	3445.321958684449
0.32447999999999755	105.27217959973895	10419.227529494254	3451.944411533486
0.3251199999999975	105.31303943559463	10419.208346545453	3458.5666816831263
0.3257599999999975	105.35457704926694	10419.18877401362	3465.189205052349
0.32639999999999747	105.39629030502562	10419.169052352103	3471.8117198371656
0.32703999999999744	105.43844979466948	10419.149049827905	3478.4343644295127
0.3276799999999974	105.48082318775218	10419.128877997557	3485.057017787802
0.3283199999999974	105.52330279904788	10419.108589120875	3491.679624004203
0.32895999999999737	105.56640119379702	10419.08793212604	3498.302444009241
0.32959999999999734	105.60982232048379	10419.067050088384	3504.9253245927566
0.3302399999999973	105.65346100948345	10419.045993926438	3511.5482110799508
0.3308799999999973	105.69751770951571	10419.024664242736	3518.1712039543995
0.33151999999999726	105.74189139950018	10419.003109766218	3524.7942505124065
0.33215999999999724	105.78680782893494	10418.981217460449	3531.41746293211
0.3327999999999972	105.83207637390693	10418.959080392238	3538.0407433111786
0.3334399999999972	105.87786096883868	10418.936615676437	3544.6641721385113
0.33407999999999716	105.92389623774278	10418.913954665582	3551.287614957286
0.33471999999999713	105.97043149091827	10418.890971538498	3557.9111946556145
0.3353599999999971	106.01757386183284	10418.86761061952	3564.534962188861
0.3359999999999971	106.06504206936324	10418.844012048598	3571.158775982356
0.33663999999999705	106.11292308224242	10418.820131008679	3577.7826775585677
0.337279999999997	106.1614151772338	10418.795865566	3584.4067626043266
0.337919999999997	106.2104362563523	10418.771255413918	3591.030988266046
0.338559999999997	106.2598591992553	10418.746363934992	3597.655290242555
0.33919999999999695	106.30984944341627	10418.721105250805	3604.2797474132512
0.3398399999999969	106.36033795941397	10418.695513085055	3610.9043238740796
0.3404799999999969	106.41133430863079	10418.669581019058	3617.529022148565
0.34111999999999687	106.46309621865456	10418.643174151215	3624.153964402977
0.34175999999999684	106.51531620463786	10418.616449339757	3630.778999464864
0.3423999999999968	106.56812131858266	10418.589339281138	3637.4041863489288
0.3430399999999968	106.62148818874684	10418.561854348862	3644.0295113962793
0.34367999999999677	106.67539127587942	10418.534006332013	3650.654960098338
0.34431999999999674	106.73002949773601	10418.50568922788	3657.280624655986
0.3449599999999967	106.78532020642808	10418.476944050175	3663.906462767533
0.3455999999999967	106.84127179111839	10418.447764280661	3670.5324755954703
0.34623999999999666	106.89794084648389	10418.418117915593	3677.158686954858
0.34687999999999664	106.95519668294614	10418.388071991554	3683.785032469961
0.3475199999999966	107.01319300457553	10418.357543051394	3690.411581532811
0.3481599999999966	107.07191149842524	10418.32653845705	3697.0383224203047
0.34879999999999656	107.1311908008131	10418.295142351857	3703.665177101782
0.34943999999999653	107.19153682961496	10418.263081608366	3710.292377437066
0.3500799999999965	107.25245378562731	10418.2306191727	3716.919689924298
0.3507199999999965	107.31425546914683	10418.197584196005	3723.5472565201944
0.35135999999999645	107.37685582118067	10418.164020223961	3730.1750339057053
0.3519999999999964	107.44014598954081	10418.129983876435	3736.8029689256905
0.3526399999999964	107.50416934983954	10418.095449581904	3743.431078410838
0.3532799999999964	107.56931430696267	10418.06020311783	3750.0595355060286
0.35391999999999635	107.6352880036805	10418.024400631772	3756.688202744977
0.3545599999999963	107.7019897845092	10417.98809489399	3763.3170312120888
0.3551999999999963	107.76973835652618	10417.951108340401	3769.9461609747605
0.35583999999999627	107.83846260550811	10417.91347655671	3776.5755555698656
0.35647999999999624	107.90800591321845	10417.8752831064	3783.205140887005
0.3571199999999962	107.97840867160416	10417.836503566685	3789.834931520496
0.3577599999999962	108.04926309346666	10417.797363076752	3796.4647433434475
0.35839999999999617	108.12097378895109	10417.75763574428	3803.0947534337015
0.35903999999999614	108.19388692256429	10417.717125461138	3809.7251104874144
0.3596799999999961	108.26702659014802	10417.676376108135	3816.355381424737
0.3603199999999961	108.34145581441092	10417.634790143882	3822.9860300399655
0.36095999999999606	108.41663384313986	10417.592668174226	3829.616815195248
0.36159999999999604	108.49306472478439	10417.549722938793	3836.247952334929
0.362239999999996	108.57029503225388	10417.506207263803	3842.8792398789687
0.362879999999996	108.65883777662569	10417.459743301819	3849.5165103735662
0.362889999999996	111.83575979488253	10415.836264704703	3851.0545030215662
0.362899999999996	122.21408275266697	10410.732255357207	3855.9173275908133
0.362909999999996	127.5107150711634	10408.2241540568	3858.4844292133994
0.363549999999996	129.65736721220156	10407.234228043058	3866.0704349672183
0.36418999999999596	130.7395525088553	10406.737083138636	3873.1550931888737
0.36482999999999594	131.37850730425444	10406.443024133136	3880.0302949788934
0.3654699999999959	131.79984274902216	10406.248245351268	3886.802500448023
0.3661099999999959	132.09944694147575	10406.10896312154	3893.5170709101167
0.36674999999999586	132.3263213711609	10406.002629631304	3900.197107425526
0.36738999999999583	132.50320497642733	10405.919254424556	3906.8535273831326
0.3680299999999958	132.64892812508452	10405.849804671268	3913.4950467203334
0.3686699999999958	132.77108778346113	10405.79104522809	3920.125355494529
0.36930999999999575	132.87579690689833	10405.7402026324	3926.74735058534
0.3699499999999957	132.96797205725693	10405.69494533021	3933.363315819542
0.3705899999999957	133.04982967204106	10405.654359417127	3939.9743423502287
0.3712299999999957	133.12389367254139	10405.617245208832	3946.581600563314
0.37186999999999565	133.1914232501648	10405.583072496318	3953.185705855287
0.3725099999999956	133.25410381704413	10405.551006847223	3959.787423164771
0.3731499999999956	133.31229383319527	10405.520961396638	3966.3869581344484
0.37378999999999557	133.3678498942295	10405.49193108865	3972.9851102038465
0.37442999999999554	133.41908680175746	10405.465000338556	3979.5812382072954
0.3750699999999955	133.46881376799283	10405.438557308542	3986.1765054777006
0.3757099999999955	133.5157666739487	10405.41341067115	3992.770430500091
0.37634999999999547	133.56150726564712	10405.388666862173	3999.3636587797528
0.37698999999999544	133.60520078023816	10405.364864446692	4005.9558763858076
0.3776299999999954	133.64779156852586	10405.341464578478	4012.547473307227
0.3782699999999954	133.6890228963958	10405.318648625702	4019.138361420973
0.37890999999999536	133.72903473934898	10405.296354837488	4025.7286079976875
0.37954999999999534	133.76874670091124	10405.274041522001	4032.318581350208
0.3801899999999953	133.80704012297682	10405.252407665026	4038.90785440874
0.3808299999999953	133.84466525617924	10405.231010392214	4045.496727074287
0.38146999999999526	133.881985986243	10405.20963763126	4052.085345259219
0.38210999999999523	133.9184609357885	10405.18863342381	4058.6735065451376
0.3827499999999952	133.9543850656539	10405.167826525761	4065.2613297844605
0.3833899999999952	133.9902914066495	10405.146894417947	4071.8490214351013
0.38402999999999515	134.02514666140232	10405.1264863386	4078.436194137587
0.3846699999999951	134.0598869183515	10405.10602806524	4085.023206033275
0.3853099999999951	134.09468651677037	10405.085414806177	4091.6101240339112
0.3859499999999951	134.12883621282367	10405.065095542821	4098.196685501185
0.38658999999999505	134.16238122160945	10405.045048847958	4104.782911699229
0.387229999999995	134.19606903895237	10405.024809002263	4111.369082014894
0.387869999999995	134.2297692945863	10405.004460153541	4117.955148637998
0.38850999999999497	134.2626392216684	10404.98453988461	4124.540804848176
0.38914999999999494	134.29586864587236	10404.964297630875	4131.126487785335
0.3897899999999949	134.32878459382036	10404.944162722515	4137.711952834552
0.3904299999999949	134.3618231835842	10404.923859646993	4144.29735907994
0.39106999999999487	134.39427853492123	10404.90384238782	4150.882453670822
0.39170999999999484	134.42697101899495	10404.883587900342	4157.467532417534
0.3923499999999948	134.45946665214552	10404.863376476342	4164.052440671616
0.3929899999999948	134.49194435945313	10404.843095609787	4170.637243289269
0.39362999999999476	134.52438960459008	10404.822757865804	4177.221936303198
0.39426999999999474	134.5570295446036	10404.802218139012	4183.8066000516665
0.3949099999999947	134.5894112471547	10404.781772611212	4190.39107667338
0.3955499999999947	134.62175038632017	10404.761283630101	4196.975442760843
0.39618999999999466	134.65412322066226	10404.740702745159	4203.559725162418
0.39682999999999463	134.6867127975647	10404.719910541797	4210.143986658352
0.3974699999999946	134.7190933545409	10404.699187463844	4216.72808136011
0.3981099999999946	134.75162763547138	10404.67829578515	4223.3121334924845
0.39874999999999455	134.7840269071546	10404.657426589081	4229.896045030267
0.3993899999999945	134.81652619687074	10404.636425042814	4236.479895596896
0.4000299999999945	134.849009655719	10404.61536824701	4243.063646082936
0.4006699999999945	134.8813179817311	10404.594363010678	4249.647243733422
0.40130999999999445	134.91370564826036	10404.573240239422	4256.230773474983
0.4019499999999944	134.9460007638812	10404.552115132203	4262.814178434171
0.4025899999999944	134.97844077800096	10404.530828422552	4269.397536519763
0.40322999999999437	135.01081332250251	10404.509522766577	4275.980777931579
0.40386999999999434	135.0430734941009	10404.488229093382	4282.5638884859245
0.4045099999999943	135.07534799252488	10404.46686206377	4289.146909349425
0.4051499999999943	135.1077024010866	10404.445376922959	4295.729861233564
0.40578999999999427	135.1396358232365	10404.424115039541	4302.312584644362
0.40642999999999424	135.1707804438265	10404.403331195062	4308.894966045593
0.4070699999999942	135.20157158655124	10404.382731555952	4315.477146375236
0.4077099999999942	135.23180604226607	10404.36245813146	4322.059064205492
0.40834999999999416	135.2615294445183	10404.342482769323	4328.640736734643
0.40898999999999414	135.29084706664798	10404.322735519296	4335.222199124836
0.4096299999999941	135.31971073927332	10404.303251950532	4341.803438725581
0.4102699999999941	135.34818159350792	10404.283991978678	4348.384476520171
0.41090999999999406	135.3763507943483	10404.264893842592	4354.96534201824
0.41154999999999403	135.40403897249283	10404.246084172994	4361.545982674697
0.412189999999994	135.43151501069136	10404.22737689545	4368.126481320908
0.412829999999994	135.45847321171385	10404.208987426275	4374.706747994849
0.41346999999999395	135.4852159142515	10404.190705188073	4381.286874564237
0.4141099999999939	135.51154895204365	10404.17266781831	4387.866804885691
0.4147499999999939	135.53754150729867	10404.154828057533	4394.446561103946
0.4153899999999939	135.5633427269727	10404.137081133773	4401.0261879237105
0.41602999999999385	135.58874721013373	10404.119573589696	4407.60562690876
0.4166699999999938	135.61376801212873	10404.10229757524	4414.1848836251265
0.4173099999999938	135.63844451368084	10404.085226406285	4420.76397106522
0.41794999999999377	135.66291681897022	10404.068260524917	4427.342930220806
0.41858999999999374	135.68707681006126	10404.051477908668	4433.921731465863
0.4192299999999937	135.71068023080815	10404.03505580975	4440.500308204703
0.4198699999999937	135.73428431981245	10404.018593410103	4447.0788171774875
0.42050999999999367	135.75745172743197	10404.002406742551	4453.657137760774
0.42114999999999364	135.78028302196773	10403.986424390649	4460.235299459322
0.4217899999999936	135.80283139712148	10403.970608427235	4466.813318070588
0.4224299999999936	135.82492588582238	10403.955084587084	4473.39114882593
0.42306999999999356	135.8468331983783	10403.939658989908	4479.968865005935
0.42370999999999354	135.86853695568038	10403.924343689485	4486.546462826795
0.4243499999999935	135.889844048536	10403.909281018767	4493.123892126787
0.4249899999999935	135.91087195003482	10403.894385649859	4499.701185437256
0.42562999999999346	135.93157275882703	10403.879693612293	4506.278331437621
0.42626999999999343	135.95190714556767	10403.86523510653	4512.8553214554195
0.4269099999999934	135.97202071185868	10403.850902804006	4519.43219426575
0.4275499999999934	135.9920068603365	10403.83662723008	4526.008974299352
0.42818999999999335	136.01153203146796	10403.82265776304	4532.585577958402
0.4288299999999933	136.03074576298607	10403.808884039623	4539.162044800088
0.4294699999999933	136.04979869552213	10403.795193605614	4545.7384134474905
0.4301099999999933	136.06851240407894	10403.78172095313	4552.314640533043
0.43074999999999325	136.08708766498356	10403.768315331134	4558.890776482109
0.4313899999999932	136.10528353030296	10403.755159326025	4565.46676344975
0.4320299999999932	136.1231822943812	10403.742191816018	4572.042622977944
0.43266999999999317	136.14093185659837	10403.729300905368	4578.61839149286
0.43330999999999315	136.15840095735848	10403.71658696251	4585.19403853518
0.4339499999999931	136.17564558762183	10403.704007800161	4591.769578369683
0.4345899999999931	136.19272379957195	10403.691519425805	4598.345025390706
0.43522999999999307	136.20939218564445	10403.679309530358	4604.920324311513
0.43586999999999304	136.22602421315833	10403.667091444815	4611.495562187349
0.436509999999993	136.24226646618064	10403.655138249971	4618.070659128452
0.437149999999993	136.25841635770044	10403.64322072452	4624.645683586583
0.43778999999999296	136.2743924778177	10403.631401980636	4631.220617667984
0.43842999999999294	136.2900684933555	10403.619780965964	4637.795434332648
0.4390699999999929	136.30556898170437	10403.60826151111	4644.370162190518
0.4397099999999929	136.32092525000246	10403.596819387692	4650.944808661213
0.44034999999999286	136.33596253222544	10403.585592305879	4657.519337002981
0.44098999999999283	136.35098205018664	10403.574344191504	4664.093812520812
0.4416299999999928	136.3657116950905	10403.563289623306	4670.668178035455
0.4422699999999928	136.38043323537468	10403.552206566743	4677.242493426565
0.44290999999999275	136.39476636125966	10403.541396645163	4683.816680380229
0.44354999999999273	136.40924397790687	10403.530437218955	4690.3908492399
0.4441899999999927	136.42343048170383	10403.519674674955	4696.96491118983
0.4448299999999927	136.4373433077912	10403.509096561966	4703.53887130777
0.44546999999999265	136.45122461762614	10403.49850972876	4710.112778716008
0.4461099999999926	136.46485131214996	10403.488093585403	4716.686589922595
0.4467499999999926	136.4784806245663	10403.47764169725	4723.260355833712
0.44738999999999257	136.4919418887825	10403.467291593593	4729.834043593141
0.44802999999999255	136.50523315443442	10403.457045627554	4736.4076536966895
0.4486699999999925	136.51834308416582	10403.446913780737	4742.98118489852
0.4493099999999925	136.53142400238556	10403.43677265373	4749.554666204844
0.44994999999999247	136.54456593802473	10403.426548385405	4756.128113940146
0.45058999999999244	136.5573837187861	10403.416555880687	4762.701458103139
0.4512299999999924	136.5700593517817	10403.406647512722	4769.274733027565
0.4518699999999924	136.58284957301467	10403.396612404578	4775.8479845836355
0.45250999999999236	136.5953767748373	10403.386761271686	4782.421146173428
0.45314999999999234	136.60779912689563	10403.376964699431	4788.994246506011
0.4537899999999923	136.62021840597006	10403.36713859204	4795.567303317129
0.4544299999999923	136.63249563104793	10403.357398392616	4802.140293192909
0.45506999999999226	136.6447229834746	10403.34766786184	4808.713232109193
0.45570999999999223	136.65689645713616	10403.337950400228	4815.2861195494625
0.4563499999999922	136.66893139636602	10403.328317267591	4821.85894213862
0.4569899999999922	136.68099850349947	10403.318625600892	4828.431727710657
0.45762999999999215	136.6928781542342	10403.30906007198	4835.004441485172
0.45826999999999213	136.70462580794276	10403.299575062225	4841.577093202622
0.4589099999999921	136.71648895294334	10403.28996143344	4848.149721208887
0.4595499999999921	136.72823264885156	10403.28041780662	4854.722289338023
0.46018999999999205	136.73993063461947	10403.270882073779	4861.294809177324
0.460829999999992	136.7515251466231	10403.261403631992	4867.867272448954
0.461469999999992	136.76312899005936	10403.251886525537	4874.439695929875
0.46210999999999197	136.7745937773662	10403.242457961338	4881.012058495339
0.46274999999999195	136.78606518968812	10403.23299335377	4887.584381197535
0.4633899999999919	136.7974860717483	10403.223541900921	4894.156656082346
0.4640299999999919	136.80887549332328	10403.214087220298	4900.728885890909
0.46466999999999187	136.82020067713256	10403.204657957123	4907.301066441342
0.46530999999999184	136.8314601962116	10403.195255665407	4913.873197865899
0.4659499999999918	136.84274699935304	10403.185799705801	4920.445292407839
0.4665899999999918	136.8540350960759	10403.176312422655	4927.0173464738
0.46722999999999176	136.8651735977546	10403.166925965646	4933.589341356521
0.46786999999999174	136.87630151168796	10403.157519248534	4940.1612948541415
0.4685099999999917	136.88752570435418	10403.147998004793	4946.733219581748
0.4691499999999917	136.8986150713086	10403.138565638807	4953.305087879965
0.46978999999999166	136.90967650620854	10403.12912845002	4959.876912834806
0.47042999999999163	136.92072897478076	10403.119669659454	4966.448696640986
0.4710699999999916	136.93181962605706	10403.110147323325	4973.020444454323
0.4717099999999916	136.9428544493053	10403.100644944983	4979.592145803935
0.47234999999999155	136.95392381876715	10403.091082091085	4986.16381052861
0.47298999999999153	136.96488291621495	10403.08158832113	4992.735423405599
0.4736299999999915	136.97578243791102	10403.072118878179	4999.306990266028
0.4742699999999915	136.98673338229014	10403.06257403901	5005.878522330465
0.47490999999999145	136.99780191711835	10403.052893509474	5012.450025465156
0.4755499999999914	137.0087122606682	10403.043326320643	5019.021472976801
0.4761899999999914	137.01961198560406	10403.033739613162	5025.592879420482
0.47682999999999137	137.03056003031568	10403.024079699127	5032.164250013907
0.47746999999999135	137.04145117906424	10403.014442255619	5038.735575228297
0.4781099999999913	137.05236747111348	10403.004752628594	5045.306862338668
0.4787499999999913	137.06329233966264	10402.995025804481	5051.878109735855
0.47938999999999127	137.07425871453395	10402.985231396691	5058.449319908544
0.48002999999999124	137.0851419516303	10402.975484259847	5065.020482969754
0.4806699999999912	137.09613934166913	10402.96560260773	5071.591614249676
0.4813099999999912	137.10710598263435	10402.955720275873	5078.162702528022
0.48194999999999116	137.1181887403456	10402.945701045794	5084.733758295865
0.48258999999999114	137.1291297270168	10402.935784740512	5091.304763369889
0.4832299999999911	137.14014772835	10402.925768272911	5097.875733144007
0.4838699999999911	137.15119997757574	10402.915691169866	5104.446664330698
0.48450999999999106	137.16220089365905	10402.9056337201	5111.017551532306
0.48514999999999103	137.1733008616295	10402.89545490515	5117.588403895752
0.485789999999991	137.18438667521443	10402.885260870762	5124.159214350578
0.486429999999991	137.19546952981634	10402.875041316662	5130.729983633999
0.48706999999999095	137.20658531144616	10402.86476221599	5137.3007135362495
0.48770999999999093	137.21768755672016	10402.854467669118	5143.871401585245
0.4883499999999909	137.22881000468757	10402.844125588854	5150.442049370122
0.4889899999999909	137.23989553904923	10402.83379054671	5157.012654258751
0.48962999999999085	137.25109584951693	10402.823317450779	5163.583222712049
0.4902699999999908	137.2621961474274	10402.812911864447	5170.153745541916
0.4909099999999908	137.27338999058634	10402.802388101429	5176.7242304530855
0.49154999999999077	137.28460562516455	10402.79181469768	5183.294674244666
0.49218999999999075	137.29573704995062	10402.781294197946	5189.8650734225275
0.4928299999999907	137.30698406499206	10402.770633259075	5196.4354342972165
0.4934699999999907	137.31822104931953	10402.759953202873	5203.005752615038
0.49410999999999067	137.32951037235105	10402.749193248035	5209.57602987796
0.49474999999999064	137.34072747849632	10402.738474819083	5216.146262975156
0.4953899999999906	137.35201390625497	10402.727659688653	5222.716455070301
0.4960299999999906	137.36323646758385	10402.716878234578	5229.28660339317
0.49666999999999056	137.37453211258494	10402.705995888835	5235.856710226238
0.49730999999999054	137.38581938430627	10402.69509257879	5242.426774036558
0.4979499999999905	137.3970889885497	10402.684177578813	5248.9967947519735
0.4985899999999905	137.40846946264304	10402.673123238885	5255.566773188842
0.49922999999999046	137.41985554806774	10402.662033457867	5262.13670802588
0.49986999999999043	137.43127785739188	10402.650877539294	5268.706599150286
0.5005099999999905	137.4426189252029	10402.63977280081	5275.276446411385
0.5011499999999904	137.45400220655182	10402.628595917351	5281.846249844621
0.5017899999999904	137.46538811605646	10402.61738635464	5288.416009312096
0.5024299999999904	137.47673718358766	10402.606183973616	5294.985725134203
0.5030699999999904	137.4883222948491	10402.594712748358	5301.555394140197
0.5037099999999903	137.49973181979482	10402.583388328301	5308.125020439596
0.5043499999999903	137.51125100290335	10402.57192195463	5314.694600397307
0.5049899999999903	137.52274238330682	10402.560452932654	5321.264135833522
0.5056299999999903	137.53420397879168	10402.548983381259	5327.833626887961
0.5062699999999902	137.54576684355433	10402.537379233012	5334.403070447865
0.5069099999999902	137.55733441547525	10402.5257388025	5340.972468283202
0.5075499999999902	137.56887917677938	10402.514090415298	5347.541821140789
0.5081899999999901	137.58047046562365	10402.502362503286	5354.1111267801425
0.5088299999999901	137.5920954519066	10402.490567890285	5360.680385182626
0.5094699999999901	137.60368926456243	10402.4787737424	5367.249598553385
0.5101099999999901	137.61534753897092	10402.466880639126	5373.818763088589
0.51074999999999	137.62704589900198	10402.454913400896	5380.387879225493
0.51138999999999	137.63868235174044	10402.442978398254	5386.9569513068645
0.51202999999999	137.65038990121803	10402.430936620432	5393.525973237754
0.51266999999999	137.66211928809733	10402.418839235426	5400.094946903392
0.5133099999999899	137.67394811310146	10402.406604147794	5406.663867782167
0.5139499999999899	137.6857011771532	10402.394415612389	5413.232744961039
0.5145899999999899	137.69742402983385	10402.382226061087	5419.8015763069925
0.5152299999999899	137.7092843987867	10402.36985756852	5426.370351512925
0.5158699999999898	137.72117568363188	10402.357422413692	5432.939076284164
0.5165099999999898	137.73302308889356	10402.345000149075	5439.507755360143
0.5171499999999898	137.7449381136443	10402.332471769785	5446.076381143813
0.5177899999999898	137.75680325506428	10402.319962778285	5452.644961624488
0.5184299999999897	137.76875442110222	10402.307327348914	5459.213486783962
0.5190699999999897	137.7807232530466	10402.294638503507	5465.781961241997
0.5197099999999897	137.792665150823	10402.281944273087	5472.350388403349
0.5203499999999897	137.80482173095487	10402.268982843892	5478.918747965966
0.5209899999999896	137.81678878622523	10402.256191732107	5485.487073326894
0.5216299999999896	137.82884904672048	10402.243264504805	5492.055340582015
0.5222699999999896	137.84099831743623	10402.230204847312	5498.6235492116875
0.5229099999999895	137.85317135696425	10402.217083457666	5505.191704633435
0.5235499999999895	137.8652839486848	10402.203992614031	5511.759814870319
0.5241899999999895	137.8775020475636	10402.19075013883	5518.3278635644165
0.5248299999999895	137.88974205534961	10402.177447362512	5524.895858431599
0.5254699999999894	137.90198470967084	10402.164105376884	5531.463801256563
0.5261099999999894	137.91431444184153	10402.150630481246	5538.031682673224
0.5267499999999894	137.9266006777653	10402.137167199082	5544.599516592761
0.5273899999999894	137.93893314477293	10402.123615808254	5551.167292934557
0.5280299999999893	137.95136598082118	10402.109915380766	5557.735004820365
0.5286699999999893	137.9637897319574	10402.096187735211	5564.302664584228
0.5293099999999893	137.97621543713896	10402.082420488812	5570.87027083293
0.5299499999999893	137.98871275068868	10402.068535251274	5577.437814684764
0.5305899999999892	138.0012175783529	10402.05460374724	5584.005303745593
0.5312299999999892	138.01375958484923	10402.040592311345	5590.572733934035
0.5318699999999892	138.02640264458307	10402.026428055258	5597.140096159647
0.5325099999999892	138.0389963490627	10402.01228140156	5603.707410372256
0.5331499999999891	138.05162562191128	10401.998055841515	5610.274664893382
0.5337899999999891	138.0643581076532	10401.983673694094	5616.841849574427
0.5344299999999891	138.07708394076352	10401.9692600604	5623.408979624269
0.535069999999989	138.08985855199924	10401.954751213098	5629.976046668061
0.535709999999989	138.10263885150192	10401.940196454872	5636.54305683509
0.536349999999989	138.11549592605522	10401.925513635499	5643.109998924403
0.536989999999989	138.1284445286201	10401.910684891402	5649.6768697809175
0.537629999999989	138.14138242070354	10401.895828209967	5656.243685110272
0.5382699999999889	138.15433986383508	10401.880908485882	5662.810439955911
0.5389099999999889	138.16731337458089	10401.865929680373	5669.377134687821
0.5395499999999889	138.1804253551267	10401.850748299745	5675.943748099781
0.5401899999999888	138.19349372357635	10401.835576839661	5682.51031060194
0.5408299999999888	138.2066481123299	10401.820263187199	5689.076799553157
0.5414699999999888	138.21983890714904	10401.804865149352	5695.6432230663995
0.5421099999999888	138.233038496556	10401.789415058121	5702.209585794231
0.5427499999999887	138.24631598280376	10401.77383091981	5708.775874714748
0.5433899999999887	138.2596581811127	10401.75812767711	5715.342091520427
0.5440299999999887	138.27297910995892	10401.742407321488	5721.908252139761
0.5446699999999887	138.2864057741899	10401.726518283487	5728.4743318545125
0.5453099999999886	138.29985217180283	10401.710562635679	5735.040346694743
0.5459499999999886	138.3133544342358	10401.694496821092	5741.606289120224
0.5465899999999886	138.32689022511607	10401.678347326757	5748.172163162185
0.5472299999999886	138.34050270906164	10401.662061685556	5754.737959427652
0.5478699999999885	138.35412221443454	10401.645723610865	5761.30369187138
0.5485099999999885	138.367793644766	10401.629278571967	5767.869350742067
0.5491499999999885	138.3815881075077	10401.612639524847	5774.434919993221
0.5497899999999885	138.3953950592729	10401.595940232499	5781.000422789943
0.5504299999999884	138.4092226337057	10401.579170705003	5787.565857150471
0.5510699999999884	138.42307632575051	10401.562324078863	5794.131221584938
0.5517099999999884	138.4370488473626	10401.545286111977	5800.696494428504
0.5523499999999884	138.45101359231526	10401.528211841598	5807.261704045187
0.5529899999999883	138.4650328634102	10401.511024427251	5813.8268357381785
0.5536299999999883	138.47918473130105	10401.493626492236	5820.391870123288
0.5542699999999883	138.49327351042757	10401.476260108597	5826.9568534920745
0.5549099999999882	138.50754036499464	10401.458625341267	5833.521726929057
0.5555499999999882	138.5217897203128	10401.440964909707	5840.086537496661
0.5561899999999882	138.53603884577973	10401.423257414704	5846.651280941509
0.5568299999999882	138.5504614181154	10401.40528477348	5853.215912706962
0.5574699999999881	138.56488233942818	10401.387265840203	5859.780476469484
0.5581099999999881	138.57940484424284	10401.369070332395	5866.344945049714
0.5587499999999881	138.59389441536464	10401.350867579087	5872.909353170473
0.5593899999999881	138.60849343399806	10401.332477374466	5879.473662810334
0.560029999999988	138.6231526888497	10401.313961210784	5886.037886185266
0.560669999999988	138.63787197554103	10401.29531883624	5892.602022706807
0.561309999999988	138.65262913701415	10401.276578060093	5899.166077906904
0.561949999999988	138.66747218339705	10401.257677050553	5905.730037808372
0.5625899999999879	138.68233897863877	10401.238694813832	5912.293919207837
0.5632299999999879	138.6973061556433	10401.219532486932	5918.857699692091
0.5638699999999879	138.71229104105788	10401.200295897315	5925.4214023392315
0.5645099999999879	138.72736771675702	10401.180889045978	5931.985005042191
0.5651499999999878	138.74249951759228	10401.16135864844	5938.548517755266
0.5657899999999878	138.7577211373615	10401.141658981891	5945.111929330293
0.5664299999999878	138.77301775653203	10401.121808615588	5951.675243362702
0.5670699999999878	138.78830105120582	10401.101922456019	5958.238486341107
0.5677099999999877	138.8037268851152	10401.08179611911	5964.801609569819
0.5683499999999877	138.81916251065604	10401.061602952379	5971.364653535583
0.5689899999999877	138.83469060164572	10401.041233876142	5977.927591659275
0.5696299999999876	138.8502489818969	10401.0207702467	5984.49044300984
0.5702699999999876	138.86589361197142	10401.000137604491	5991.053188933458
0.5709099999999876	138.88162123153492	10400.97933949624	5997.615829565911
0.5715499999999876	138.89742729149802	10400.958381179507	6004.178365486062
0.5721899999999875	138.91333236770691	10400.937234371931	6010.740788855376
0.5728299999999875	138.9292377203691	10400.916030445736	6017.303132197113
0.5734699999999875	138.9452455487851	10400.89463227881	6023.8653603567245
0.5741099999999875	138.96130407485995	10400.873108560909	6030.427490148217
0.5747499999999874	138.97745561166252	10400.85140167935	6036.989506113938
0.5753899999999874	138.99371465589	10400.82949109098	6043.551402058748
0.5760299999999874	139.009951120568	10400.807552406952	6050.113223389434
0.5766699999999874	139.0263331399179	10400.785357086887	6056.674909479287
0.5773099999999873	139.04276045472065	10400.763040471273	6063.236495310946
0.5779499999999873	139.05925961936404	10400.740565886908	6069.797970576561
0.5785899999999873	139.07576484540735	10400.71802297477	6076.359358976345
0.5792299999999873	139.0922283231803	10400.69547773985	6082.9206784826665
0.5798699999999872	139.10879756128153	10400.672727302073	6089.4818734999435
0.5805099999999872	139.12536299309016	10400.649922252567	6096.042984888678
0.5811499999999872	139.14196623353675	10400.627005066888	6102.603996551407
0.5817899999999872	139.15857510709387	10400.60402020417	6109.16492060999
0.5824299999999871	139.17515092448176	10400.581021834329	6115.725772318371
0.5830699999999871	139.19166034552381	10400.558057242488	6122.2865653841045
0.5837099999999871	139.20823176184928	10400.53494737784	6128.847248933927
0.584349999999987	139.22482743770198	10400.511744793843	6135.40783759463
0.584989999999987	139.2414817374384	10400.48840092343	6141.968316991919
0.585629999999987	139.2581380422278	10400.464995268041	6148.528709839247
0.586269999999987	139.27484960383933	10400.441452466326	6155.088993863896
0.5869099999999869	139.29161451966843	10400.417774747915	6161.649169219095
0.5875499999999869	139.3084032503359	10400.394003697575	6168.209247792976
0.5881899999999869	139.32525874800208	10400.370077820644	6174.769210878205
0.5888299999999869	139.34215330778693	10400.346036132567	6181.329069631367
0.5894699999999868	139.35904737267444	10400.32193509191	6187.888840796397
0.5901099999999868	139.37603603001767	10400.297637930009	6194.448482527086
0.5907499999999868	139.39303999140037	10400.273258120931	6201.008028851285
0.5913899999999868	139.41009676765512	10400.248741308094	6207.56746276229
0.5920299999999867	139.42721865149892	10400.224069122365	6214.126778035629
0.5926699999999867	139.44433916088425	10400.199337628901	6220.686004102788
0.5933099999999867	139.4614969733	10400.174490555995	6227.245123195712
0.5939499999999867	139.47871772138112	10400.149490064185	6233.804122954252
0.5945899999999866	139.49595294437142	10400.124406568997	6240.3630251849
0.5952299999999866	139.51324658008974	10400.099175373938	6246.921808975915
0.5958699999999866	139.53053497402863	10400.073889748754	6253.480503783507
0.5965099999999866	139.5478729897643	10400.048468711742	6260.039083343744
0.5971499999999865	139.56523570456346	10400.022948693142	6266.597559015555
0.5977899999999865	139.58261298747684	10399.997344522728	6273.155935351796
0.5984299999999865	139.6000026622815	10399.971659329716	6279.714213161636
0.5990699999999864	139.61745208238872	10399.945822335401	6286.272368849722
0.5997099999999864	139.634870895237	10399.919968171956	6292.830446582919
0.6003499999999864	139.6523252016484	10399.8939979585	6299.388413441084
0.6009899999999864	139.66978791938388	10399.867952070483	6305.946282592413
0.6016299999999863	139.68729448923298	10399.841776969171	6312.504035783498
0.6022699999999863	139.70477090975717	10399.815584119642	6319.061710381534
0.6029099999999863	139.72223360098417	10399.789349012146	6325.619298153388
0.6035499999999863	139.73968167390885	10399.763073171785	6332.176799612311
0.6041899999999862	139.7572071079714	10399.736616311955	6338.734166354785
0.6048299999999862	139.77465141483222	10399.710220036055	6345.291481383864
0.6054699999999862	139.79214860211968	10399.683679642454	6351.848673900969
0.6061099999999862	139.80959784276692	10399.657149503138	6358.4057973794925
0.6067499999999861	139.82695855131365	10399.630692750272	6364.96287427639
0.6073899999999861	139.8444134501186	10399.60402780067	6371.519805610357
0.6080299999999861	139.8617779861185	10399.577439543807	6378.076691682898
0.6086699999999861	139.87912196447834	10399.550820380922	6384.633494639473
0.609309999999986	139.89650106667926	10399.524083556216	6391.190183353236
0.609949999999986	139.91371225365728	10399.497545853408	6397.7468715576815
0.610589999999986	139.93100389319045	10399.47081995324	6404.303420181152
0.611229999999986	139.94819976331806	10399.444181418754	6410.859928630426
0.6118699999999859	139.9653457006373	10399.417558947594	6417.4163714199085
0.6125099999999859	139.98241416960929	10399.390996491084	6423.972764927191
0.6131499999999859	139.99948554822683	10399.364367273565	6430.529062777973
0.6137899999999858	140.01644241647114	10399.337857391558	6437.085333713884
0.6144299999999858	140.03333305198592	10399.311391077374	6443.64155024438
0.6150699999999858	140.05011726042238	10399.28503289006	6450.197736816599
0.6157099999999858	140.0668977508259	10399.258619300641	6456.7538326261165
0.6163499999999857	140.08358038971713	10399.232300929221	6463.309894294094
0.6169899999999857	140.10015252302108	10399.20609885421	6469.865930349755
0.6176299999999857	140.11664172780053	10399.179969365061	6476.421924776255
0.6182699999999857	140.13305680918188	10399.15389871827	6482.977872736166
0.6189099999999856	140.14937982710845	10399.127916241074	6489.533785798928
0.6195499999999856	140.1656118486578	10399.102020764203	6496.089663992137
0.6201899999999856	140.1817073457706	10399.076286990694	6502.645536695607
0.6208299999999856	140.19768140868374	10399.05069128862	6509.201395532296
0.6214699999999855	140.2135741862682	10399.025168475302	6515.7572156889255
0.6221099999999855	140.22938463852861	10398.999720450729	6522.312998250508
0.6227499999999855	140.24499028561956	10398.974549676812	6528.868823396336
0.6233899999999855	140.26049845919562	10398.949480161837	6535.424622762655
0.6240299999999854	140.27593156212015	10398.924475145805	6541.980382214497
0.6246699999999854	140.29124300082538	10398.899612018735	6548.536132875093
0.6253099999999854	140.30633613659367	10398.875052656467	6555.091940263485
0.6259499999999854	140.3214465403877	10398.850404839151	6561.647647987349
0.6265899999999853	140.33624892906806	10398.826212778411	6568.203475377277
0.6272299999999853	140.35111600445154	10398.801852796527	6574.759171642394
0.6278699999999853	140.36572301669077	10398.777870329612	6581.314957949904
0.6285099999999852	140.38025245566087	10398.753959250485	6587.870710913125
0.6291499999999852	140.39455198888385	10398.730377682345	6594.426536723773
0.6297899999999852	140.4087448207567	10398.706918165408	6600.982351411333
0.6304299999999852	140.4229036794596	10398.68345675882	6607.538104157129
0.6310699999999851	140.43686132163802	10398.660278676574	6614.093913311665
0.6317099999999851	140.4506689550268	10398.637297657726	6620.649744172656
0.6323499999999851	140.46440336382224	10398.61438251673	6627.20554268101
0.6329899999999851	140.47793985970443	10398.591747897932	6633.7613992096685
0.633629999999985	140.49142227464023	10398.569146669843	6640.317210783019
0.634269999999985	140.50469258541395	10398.546852224763	6646.87309317971
0.634909999999985	140.51780757580667	10398.524767536159	6653.429006524079
0.635549999999985	140.53082072185495	10398.502800485987	6659.9849124607945
0.6361899999999849	140.54379497760647	10398.480841077302	6666.5407643356175
0.6368299999999849	140.55656717499934	10398.45917462194	6673.096684675279
0.6374699999999849	140.56928050374356	10398.437551136392	6679.652566983783
0.6381099999999849	140.58180734115615	10398.416195114345	6686.20850852295
0.6387499999999848	140.59426872436265	10398.394894250443	6692.764418278991
0.6393899999999848	140.606613734939	10398.373738351818	6699.32033554357
0.6400299999999848	140.6188425314866	10398.352727739473	6705.876261080998
0.6406699999999848	140.63099343877715	10398.331794641239	6712.432165745002
0.6413099999999847	140.64303915529493	10398.310987819852	6718.988071313205
0.6419499999999847	140.65481593969412	10398.290601377255	6725.544108401179
0.6425899999999847	140.66664526781813	10398.270060415984	6732.100023807721
0.6432299999999846	140.67827282739287	10398.249821479176	6738.656020066522
0.6438699999999846	140.6899720305559	10398.22939247493	6745.2118786719175
0.6445099999999846	140.701570992355	10398.209082519817	6751.7677372467615
0.6451499999999846	140.7130018217013	10398.189015787248	6758.323652231415
0.6457899999999845	140.72432866538983	10398.169077026969	6764.879572709656
0.6464299999999845	140.73559172482237	10398.149193444076	6771.4354662840415
0.6470699999999845	140.74682613491004	10398.12930065054	6777.99130391958
0.6477099999999845	140.7579792036381	10398.109495138546	6784.547129589678
0.6483499999999844	140.7690215417592	10398.089831478537	6791.10296866411
0.6489899999999844	140.77999257358073	10398.070237916714	6797.6587888986605
0.6496299999999844	140.79098596455296	10398.050541078435	6804.214510753024
0.6502699999999844	140.80183091645438	10398.031057314993	6810.770279966471
0.6509099999999843	140.81260838938218	10398.011637483385	6817.326028416799
0.6515499999999843	140.82347134780497	10397.991995949698	6823.881623552008
0.6521899999999843	140.83417388468067	10397.97259168685	6830.437278590916
0.6528299999999843	140.8447903326659	10397.953287096205	6836.992930274646
0.6534699999999842	140.8554377957132	10397.933862076616	6843.548475710393
0.6541099999999842	140.86607955453601	10397.914385013086	6850.103946637865
0.6547499999999842	140.87662846134683	10397.895020631566	6856.659420734635
0.6553899999999842	140.88711092821734	10397.875719766687	6863.214875274699
0.6560299999999841	140.8975659891822	10397.856408698932	6869.7702755718965
0.6566699999999841	140.908006592826	10397.837062612849	6876.325609809331
0.6573099999999841	140.91842473533214	10397.81769660737	6882.880885129378
0.657949999999984	140.92887040907183	10397.798214627328	6889.43605543731
0.658589999999984	140.93928113389387	10397.77873623174	6895.99117786662
0.659229999999984	140.94964791066724	10397.75927900646	6902.546261017782
0.659869999999984	140.95995615871215	10397.739871781305	6909.101319080428
0.6605099999999839	140.9702465842194	10397.720436025545	6915.656314211945
0.6611499999999839	140.98057302629843	10397.700866662486	6922.211195163699
0.6617899999999839	140.99090789900197	10397.681216727806	6928.765987378651
0.6624299999999839	141.00122272061486	10397.661541816922	6935.320717899416
0.6630699999999838	141.01151840973938	10397.64184016458	6941.8753858555565
0.6637099999999838	141.02179014237905	10397.622121457802	6948.429996039572
0.6643499999999838	141.03212590914436	10397.602211715279	6954.984462414284
0.6649899999999838	141.04240357919247	10397.582352101692	6961.538903947003
0.6656299999999837	141.0526429258401	10397.562504007114	6968.0933017572015
0.6662699999999837	141.0630179976125	10397.542320532562	6974.647482897406
0.6669099999999837	141.07336823715312	10397.522120548807	6981.20160564115
0.6675499999999837	141.08366957399497	10397.501952775614	6987.755694525068
0.6681899999999836	141.0940017539882	10397.481657350574	6994.309669346903
0.6688299999999836	141.10441557652396	10397.461131027161	7000.863477571205
0.6694699999999836	141.11473422043557	10397.440730317667	7007.417298827481
0.6701099999999836	141.12513468246567	10397.420097478638	7013.97095220164
0.6707499999999835	141.13553063255048	10397.399406747494	7020.52452553648
0.6713899999999835	141.14596381257934	10397.378572952566	7027.077975262906
0.6720299999999835	141.1564179744639	10397.357628597025	7033.631317548974
0.6726699999999834	141.16685317882707	10397.336655351579	7040.184594006202
0.6733099999999834	141.17739032242395	10397.315404422985	7046.737676596303
0.6739499999999834	141.18786622534842	10397.294211222026	7053.290737435689
0.6745899999999834	141.19848446955498	10397.272654819633	7059.843559045844
0.6752299999999833	141.20905337350604	10397.251131079636	7066.396345502845
0.6758699999999833	141.21969294196998	10397.229390700117	7072.948967365598
0.6765099999999833	141.23033081616936	10397.20758376829	7079.501502210636
0.6771499999999833	141.24104529832027	10397.185546079	7086.053864001786
0.6777899999999832	141.25177012100264	10397.163415684397	7092.606124367244
0.6784299999999832	141.26255163915383	10397.141094615235	7099.158231550246
0.6790699999999832	141.2733835631349	10397.11859512967	7105.7101913814495
0.6797099999999832	141.28419808347425	10397.09606029117	7112.2620789444945
0.6803499999999831	141.29507904069544	10397.073312164395	7118.8137999462315
0.6809899999999831	141.30600666698788	10397.050391693017	7125.36537542569
0.6816299999999831	141.31707958885107	10397.027086886137	7131.916691862726
0.6822699999999831	141.32809561231883	10397.003829252764	7138.467978403011
0.682909999999983	141.339130045322	10396.980457875705	7145.019149233794
0.683549999999983	141.35033184726245	10396.956650773314	7151.570031148991
0.684189999999983	141.36156639247827	10396.93269651008	7158.120777907467
0.684829999999983	141.3728520561445	10396.90855478045	7164.671367352656
0.6854699999999829	141.38423931424532	10396.884114780694	7171.2217389500565
0.6861099999999829	141.39576257853386	10396.859299647296	7177.771849996607
0.6867499999999829	141.40737171315308	10396.83421723808	7184.321757877221
0.6873899999999828	141.4192066800888	10396.808558968332	7190.871293549329
0.6880299999999828	141.43139514547673	10396.782040449718	7197.420299633977
0.6886699999999828	141.4442406885661	10396.753986598585	7203.968403404243
0.6893099999999828	141.4589533384954	10396.721709161504	7210.514123554677
0.6899499999999827	141.48135701310102	10396.6722463627	7217.0503111196795
0.6905899999999827	141.5115079208597	10396.605436906251	7223.576824338704
0.6912299999999827	141.5555481286742	10396.507618230147	7230.086067544738
0.6918699999999827	141.62657944398023	10396.34957670187	7236.561779556619
0.6925099999999826	141.74925307158063	10396.076283688108	7242.973265043654
0.6928299999999826	141.93312278941792	10395.666392853907	7246.02714428802
0.6928399999999826	142.1681078842316	10395.142305673107	7245.838751080098
0.6928499999999825	142.45269837860613	10394.507253143829	7245.588696647512
0.6928899999999826	142.77962791739643	10393.77744210245	7245.5935033879
0.6929699999999825	143.11268933311771	10393.035118381658	7246.001434990706
0.6929799999999825	143.60694083629917	10391.960047429631	7245.510676643167
0.6929899999999825	144.44798163442744	10390.166628982432	7244.628547059941
0.6929999999999824	145.25254600920024	10388.471051352326	7243.802970211806
0.6930099999999824	145.83353882470183	10387.253759601908	7243.240166025333
0.6936499999999823	146.26536572150684	10386.347460088535	7249.298310479015
0.6942899999999823	146.5757944916094	10385.695548992551	7255.494248843887
0.6949299999999823	146.80642396187542	10385.210286255153	7261.780419985161
0.6955699999999823	146.98489733442074	10384.83355442155	7268.125287744333
0.6962099999999822	147.1265358991197	10384.533603389418	7274.511710356359
0.6968499999999822	147.2439791341456	10384.283662654696	7280.9250825952595
0.6974899999999822	147.3429901069007	10384.07196616623	7287.35908361834
0.6981299999999822	147.42862882097802	10383.887892664472	7293.807934687854
0.6987699999999821	147.504432649407	10383.724010308351	7300.267586929965
0.6994099999999821	147.57228949449646	10383.576483367424	7306.735982730977
0.7000499999999821	147.63453369585505	10383.440291318631	7313.210354319496
0.700689999999982	147.69208703162496	10383.313586332391	7319.689715376496
0.701329999999982	147.74525603113108	10383.195894342032	7326.173852197531
0.701969999999982	147.795867483687	10383.083122021657	7332.660461551522
0.702609999999982	147.84328821134037	10382.976908512128	7339.150521170692
0.703249999999982	147.8893337865491	10382.873090980585	7345.64166103307
0.7038899999999819	147.93343616557914	10382.773104201515	7352.134730099208
0.7045299999999819	147.97584677081193	10382.676437228032	7358.629453765452
0.7051699999999819	148.0170278388946	10382.582060061328	7365.125251611003
0.7058099999999818	148.05724696988938	10382.489390019035	7371.62179785522
0.7064499999999818	148.09677062443146	10382.397831166534	7378.118754844213
0.7070899999999818	148.1354649406233	10382.307744522303	7384.616342109846
0.7077299999999818	148.17322742217752	10382.219415394473	7391.1147360356235
0.7083699999999817	148.21104177506595	10382.130492246044	7397.612562905006
0.7090099999999817	148.2482798716525	10382.04251591684	7404.110731169864
0.7096499999999817	148.28489823742902	10381.955618092697	7410.609324582532
0.7102899999999817	148.3214534504468	10381.868459380186	7417.107556292094
0.7109299999999816	148.35732234933644	10381.782582378133	7423.606342461421
0.7115699999999816	148.3934051123166	10381.695790682725	7430.104383612464
0.7122099999999816	148.42946634151087	10381.608667504514	7436.602025201624
0.7128499999999816	148.465204155462	10381.521969116904	7443.099719058037
0.7134899999999815	148.5008603709343	10381.435106730074	7449.597115805528
0.7141299999999815	148.5364145615871	10381.348138383304	7456.094250894201
0.7147699999999815	148.5719854248047	10381.260773939119	7462.590950790991
0.7154099999999814	148.6076180035734	10381.17290323995	7469.0871487143395
0.7160499999999814	148.64333991378163	10381.084459668844	7475.582803714204
0.7166899999999814	148.67886604657969	10380.996164724	7482.07835083551
0.7173299999999814	148.71462826418164	10380.906931612446	7488.5731332248015
0.7179699999999813	148.7502744524505	10380.817653035097	7495.067690253242
0.7186099999999813	148.78624512156776	10380.727210599449	7501.561342323437
0.7192499999999813	148.82217440681728	10380.636535140851	7508.054653364579
0.7198899999999813	148.85824922170082	10380.545150759554	7514.5473327695945
0.7205299999999812	148.89444376558782	10380.45312216826	7521.039418314872
0.7211699999999812	148.9308290268553	10380.360265314373	7527.5307955941325
0.7218099999999812	148.96735163431708	10380.266715368842	7534.021545371342
0.7224499999999812	149.00401380560933	10380.172465499612	7540.51166173175
0.7230899999999811	149.04083692631178	10380.077458671652	7547.001107743958
0.7237299999999811	149.07787512190856	10379.981550681085	7553.489792234158
0.7243699999999811	149.11499770855528	10379.885080820082	7559.977922811859
0.7250099999999811	149.15252219835205	10379.787212562349	7566.464979058959
0.725649999999981	149.190092361699	10379.688878261195	7572.951536349474
0.726289999999981	149.22779417363554	10379.589851324208	7579.43745266133
0.726929999999981	149.26592782527052	10379.489330713803	7585.922226086836
0.727569999999981	149.30423111346903	10379.38800635899	7592.406283468658
0.7282099999999809	149.34266872890956	10379.285970762263	7598.889680702423
0.7288499999999809	149.38121793675856	10379.183282686019	7605.372452829062
0.7294899999999809	149.41906686845513	10379.082131333631	7611.855975764961
0.7301299999999808	149.45648510052342	10378.981810927762	7618.339811246569
0.7307699999999808	149.49362681116844	10378.88191742377	7624.823707941943
0.7314099999999808	149.53048802233894	10378.782470802476	7631.3076807473635
0.7320499999999808	149.56715914439928	10378.683232655529	7637.791580758025
0.7326899999999807	149.6035365312321	10378.584492421785	7644.275593102484
0.7333299999999807	149.64003695253462	10378.485112273194	7650.758996037237
0.7339699999999807	149.6762790655963	10378.38613976845	7657.242455525472
0.7346099999999807	149.71226714779814	10378.287569211276	7663.725969796452
0.7352499999999806	149.7484131297895	10378.1882626536	7670.208812491974
0.7358899999999806	149.7841860412955	10378.089692868016	7676.691925459812
0.7365299999999806	149.82000181589177	10377.990705962231	7683.1745705405965
0.7371699999999806	149.8556679434806	10377.891838388612	7689.65709171032
0.7378099999999805	149.8911382326881	10377.793221754428	7696.139574475664
0.7384499999999805	149.92645657926087	10377.694734525361	7702.62194142836
0.7390899999999805	149.9618060932645	10377.595859657331	7709.103858741731
0.7397299999999805	149.99689048282832	10377.49743440411	7715.585867837518
0.7403699999999804	150.03195876556654	10377.398753035104	7722.067512238704
0.7410099999999804	150.06679741056544	10377.300422764245	7728.549186133695
0.7416499999999804	150.10156677681007	10377.201986075679	7735.030592749616
0.7422899999999804	150.13603480891837	10377.104108687216	7741.512166367838
0.7429299999999803	150.17039545354547	10377.00623451978	7747.993545370822
0.7435699999999803	150.2047019836759	10376.908208114139	7754.474628036903
0.7442099999999803	150.23873922177503	10376.810651768328	7760.9558222578435
0.7448499999999803	150.27277074478957	10376.712799328072	7767.436626034845
0.7454899999999802	150.30651672997087	10376.615465591876	7773.917575016831
0.7461299999999802	150.34022296978503	10376.517931788896	7780.398196850786
0.7467699999999802	150.37367565967736	10376.420824446184	7786.878904958775
0.7474099999999801	150.40722621114344	10376.323106745644	7793.3590144812315
0.7480499999999801	150.44041518103964	10376.22613434009	7799.839422397764
0.7486899999999801	150.4736463003359	10376.12871085577	7806.319336582141
0.7493299999999801	150.50674227862604	10376.031359869043	7812.799103977449
0.74996999999998	150.53976779114643	10375.933887392479	7819.278595668354
0.75060999999998	150.57261259929578	10375.83662217062	7825.758030823423
0.75124999999998	150.60545803216394	10375.739018187884	7832.237045098944
0.75188999999998	150.63817785037995	10375.641453414883	7838.715890714369
0.7525299999999799	150.6708796189415	10375.54360085955	7845.194348533931
0.7531699999999799	150.70340024446028	10375.445954527897	7851.672749853911
0.7538099999999799	150.73609104416957	10375.347441503576	7858.150373133769
0.7544499999999799	150.7687362120217	10375.248715364103	7864.627656483103
0.7550899999999798	150.8014580944615	10375.14939710377	7871.104343360795
0.7557299999999798	150.83422306796544	10375.049585151288	7877.580498654987
0.7563699999999798	150.86682196267458	10374.949924716922	7884.056558392698
0.7570099999999798	150.89955179914924	10374.849493500267	7890.531897166105
0.7576499999999797	150.9322646687635	10374.74874729879	7897.006822733196
0.7582899999999797	150.96494865972986	10374.647721835752	7903.481358731168
0.7589299999999797	150.9980439346406	10374.54503062323	7909.954558542005
0.7595699999999797	151.03098653746116	10374.442439795715	7916.427624088625
0.7602099999999796	151.06408480807124	10374.338975376879	7922.899889367176
0.7608499999999796	151.0972534672085	10374.234902560542	7929.371533779662
0.7614899999999796	151.13075518356234	10374.129379612468	7935.841977699721
0.7621299999999795	151.1643023743045	10374.023315263015	7942.311841866968
0.7627699999999795	151.19786377992796	10373.916807748434	7948.781192670576
0.7634099999999795	151.23167436622717	10373.809098232565	7955.249505519818
0.7640499999999795	151.26566546159427	10373.700400557655	7961.71692481153
0.7646899999999794	151.29997441932466	10373.590261774565	7968.183134256794
0.7653299999999794	151.33428237216714	10373.47971036116	7974.648842774773
0.7659699999999794	151.36890714044398	10373.367707549332	7981.113328289429
0.7666099999999794	151.4037632733574	10373.254522731691	7987.5767739815
0.7672499999999793	151.4390231353153	10373.139579902963	7994.038775315082
0.7678899999999793	151.47429686188045	10373.024154892475	8000.500217344782
0.7685299999999793	151.5098735748718	10372.907289199531	8006.96042940468
0.7691699999999793	151.54567782598636	10372.789223965692	8013.419576210052
0.7698099999999792	151.5819099220138	10372.669281951692	8019.877179783968
0.7704499999999792	151.61843336727125	10372.547907652506	8026.333546830118
0.7710899999999792	151.655210678487	10372.42521738833	8032.788755152167
0.7717299999999792	151.69227713083242	10372.301084570418	8039.24271209597
0.7723699999999791	151.72975767923597	10372.175076180503	8045.695108329846
0.7730099999999791	151.76733999842182	10372.048242466693	8052.146680415207
0.7736499999999791	151.80556108408086	10371.918746200095	8058.596126748872
0.774289999999979	151.8440049983294	10371.787991953823	8065.044434657884
0.774929999999979	151.8828796747642	10371.655257640701	8071.491088531693
0.775569999999979	151.92193376345585	10371.52139776106	8077.936690055863
0.776209999999979	151.96160790443403	10371.384880304277	8084.380146173701
0.776849999999979	152.00167835188373	10371.246462153878	8090.821988648248
0.7774899999999789	152.04210820074195	10371.106259611364	8097.262295280771
0.7781299999999789	152.08288190307388	10370.964316288517	8103.701092441203
0.7787699999999789	152.12410424894136	10370.820252794922	8110.1381038518775
0.7794099999999788	152.16589883691037	10370.673617894972	8116.573000147739
0.7800499999999788	152.20795533739195	10370.525492126926	8123.006549909852
0.7806899999999788	152.2507607351786	10370.374135462871	8129.437498151124
0.7813299999999788	152.29370527052276	10370.22169910359	8135.8673846918955
0.7819699999999787	152.33737636116874	10370.066075562345	8142.2946872752955
0.7826099999999787	152.3816045599093	10369.907847943145	8148.719817893845
0.7832499999999787	152.42606219334687	10369.748181398685	8155.1436120607095
0.7838899999999787	152.47128826607093	10369.585116221855	8161.564646862113
0.7845299999999786	152.51694598639415	10369.41985046582	8167.983781637419
0.7851699999999786	152.5631491873826	10369.25195402078	8174.4006980782015
0.7858099999999786	152.60997079874636	10369.081141232336	8180.815181236947
0.7864499999999786	152.6573738642158	10368.907526641551	8187.2273065157315
0.7870899999999785	152.70533515261542	10368.731176131214	8193.637114328241
0.7877299999999785	152.75392072485457	10368.55182539352	8200.044404169283
0.7883699999999785	152.80308410155533	10368.3696258285	8206.449278602606
0.7890099999999785	152.8528447443502	10368.184484814848	8212.851662076155
0.7896499999999784	152.90325512839325	10367.99618498334	8219.251387188131
0.7902899999999784	152.95443524249947	10367.804251310676	8225.648096382798
0.7909299999999784	153.00613623147902	10367.60959656299	8232.042451111261
0.7915699999999783	153.05856212801916	10367.411428953914	8238.433860921172
0.7922099999999783	153.11176888824247	10367.209509267994	8244.822139794263
0.7928499999999783	153.16557315449631	10367.00450957062	8251.207773891798
0.7934899999999783	153.22025283204897	10366.795342157338	8257.589950460551
0.7941299999999782	153.27537453986673	10366.583645421159	8263.969871694604
0.7947699999999782	153.33113018228534	10366.36866373024	8270.346970719971
0.7954099999999782	153.38746580370605	10366.150586301474	8276.721379478613
0.7960499999999782	153.44431890086636	10365.929638256057	8283.093257373343
0.7966899999999781	153.50179721556992	10365.70538133394	8289.462270646613
0.7973299999999781	153.55988539361977	10365.477854243243	8295.828439496267
0.7979699999999781	153.61871197204158	10365.246527859366	8302.191360215425
0.7986099999999781	153.6782845991945	10365.011344549728	8308.550979606065
0.799249999999978	153.7384516137401	10364.772879420652	8314.90771803819
0.799889999999978	153.79957360962743	10364.529670659967	8321.260470939
0.800529999999978	153.86121598770066	10364.28342314309	8327.61050548158
0.801169999999978	153.92376809464025	10364.032550436074	8333.956621242902
0.8018099999999779	153.98711212593557	10363.777491967792	8340.29913658671
0.8024499999999779	154.05103635201306	10363.519076232224	8346.638664953663
0.8030899999999779	154.11599629795677	10363.255424628682	8352.973779795853
0.8037299999999779	154.181643722941	10362.987919107103	8359.305511437227
0.8043699999999778	154.2482699835899	10362.715334934237	8365.632923017716
0.8050099999999778	154.31577102899428	10362.438060036926	8371.956294903042
0.8056499999999778	154.38412404683086	10362.156152168494	8378.275658502822
0.8062899999999777	154.45338204077925	10361.869354923107	8384.590806815844
0.8069299999999777	154.52348491116175	10361.577880983195	8390.90188873334
0.8075699999999777	154.59460785480482	10361.2809594276	8397.20830479422
0.8082099999999777	154.666572833994	10360.979295755451	8403.510578626117
0.8088499999999776	154.7396597498269	10360.671669686308	8409.807765986721
0.8094899999999776	154.8136170346732	10360.359099143549	8416.100629346758
0.8101299999999776	154.88869752001028	10360.04046799266	8422.38830133279
0.8107699999999776	154.96480630926197	10359.716131596915	8428.671038312505
0.8114099999999775	155.04179432470292	10359.386684912	8434.949281995912
0.8120499999999775	155.1201037945398	10359.050179102649	8441.22152144826
0.8126899999999775	155.19943222840143	10358.707863731855	8447.488699426714
0.8133299999999775	155.28001267807755	10358.358677841545	8453.749983415251
0.8139699999999774	155.36160357653173	10358.00361904992	8460.006124911175
0.8146099999999774	155.44455748526784	10357.641093097436	8466.255877360067
0.8152499999999774	155.528723416001	10357.271700098348	8472.499685156054
0.8158899999999774	155.61405916121694	10356.895571024648	8478.737631875241
0.8165299999999773	155.70072437926845	10356.51194083337	8484.969106950304
0.8171699999999773	155.788968821913	10356.11963038172	8491.193175528508
0.8178099999999773	155.87835968618913	10355.72050342707	8497.411263258688
0.8184499999999773	155.9692657696097	10355.31284600726	8503.622019014883
0.8190899999999772	156.06155356237502	10354.897188254135	8509.825833581815
0.8197299999999772	156.1554710698233	10354.472336827193	8516.02175543688
0.8203699999999772	156.25073519940767	10354.039504594348	8522.210707947703
0.8210099999999771	156.34787587202226	10353.596197503211	8528.390720414212
0.8216499999999771	156.44649400570495	10353.144158377381	8534.56312993646
0.8222899999999771	156.54691518183213	10352.681810572127	8540.726678312083
0.8229299999999771	156.6490450577604	10352.20950243048	8546.881612243258
0.823569999999977	156.7529239276963	10351.726962124514	8553.027692565216
0.824209999999977	156.85875089425446	10351.233169680938	8559.164090602193
0.824849999999977	156.96649152894187	10350.72818883596	8565.2908275524
0.825489999999977	157.07640029888293	10350.210720328396	8571.40685013981
0.8261299999999769	157.18803202943607	10349.682766776554	8577.513707245838
0.8267699999999769	157.30208165205676	10349.140929028305	8583.608685497082
0.8274099999999769	157.41803557422855	10348.587541643266	8589.693596590576
0.8280499999999769	157.53636606847098	10348.020237631814	8595.766535916262
0.8286899999999768	157.65633315119948	10347.442470485648	8601.830207298646
0.8293299999999768	157.77811813888414	10346.853290510422	8607.883830841534
0.8299699999999768	157.901845037863	10346.252007056875	8613.926829008546
0.8306099999999768	158.02752305150537	10345.638480142477	8619.959060120602
0.8312499999999767	158.1554957015881	10345.010921682135	8625.97906854768
0.8318899999999767	158.28560206639563	10344.37000513087	8631.987356131463
0.8325299999999767	158.41804433508432	10343.714615509616	8637.98299873478
0.8331699999999767	158.55271922364273	10343.045141536315	8643.966270721654
0.8338099999999766	158.6900663331173	10342.359258693214	8649.93527561465
0.8344499999999766	158.82951941845715	10341.659669474777	8655.892138132715
0.8350899999999766	158.97187882210937	10340.942209354514	8661.833482146178
0.8357299999999765	159.1170963992643	10340.20695325786	8667.75932247146
0.8363699999999765	159.2646831991141	10339.456233411389	8673.671490049916
0.8370099999999765	159.41516464310348	10338.687221501685	8679.567668954065
0.8376499999999765	159.56884701048975	10337.898166901961	8685.44640181734
0.8382899999999764	159.72548076979788	10337.090170369469	8691.308526414066
0.8389299999999764	159.88534589218486	10336.261599245865	8697.152676117948
0.8395699999999764	160.04835246629887	10335.412730591703	8702.979023408805
0.8402099999999764	160.21470375278463	10334.542307609125	8708.78649978868
0.8408499999999763	160.3847833506608	10333.648101686316	8714.573244572957
0.8414899999999763	160.55843842873855	10332.73069387103	8720.33966966063
0.8421299999999763	160.73584345773648	10331.788935724384	8726.084784048007
0.8427699999999763	160.91717496057956	10330.821652178822	8731.807571225556
0.8434099999999762	161.10279419213668	10329.82665528496	8737.506185876193
0.8440499999999762	161.2923080008121	10328.80580408788	8743.18207437286
0.8446899999999762	161.4858211896813	10327.758295233443	8748.834517289464
0.8453299999999762	161.6800315434162	10326.70193207269	8754.477994717585
0.8459699999999761	161.8758968794342	10325.631490670985	8760.10821655903
0.8466099999999761	162.07376482268143	10324.544995470285	8765.723533401006
0.8472499999999761	162.27440825490794	10323.438058245525	8771.320310709216
0.847889999999976	162.47704016325363	10322.314883318159	8776.901948995623
0.848529999999976	162.68187897865198	10321.17412260254	8782.467302460585
0.849169999999976	162.88918451051876	10320.014154992186	8788.014995694193
0.849809999999976	163.0984833644485	10318.837459790924	8793.547022921188
0.850449999999976	163.30963735643408	10317.64465309776	8799.0638514934
0.8510899999999759	163.52298915136691	10316.433603747373	8804.563684127637
0.8517299999999759	163.73799401012394	10315.207228985551	8810.048885515502
0.8523699999999759	163.95196535636475	10313.980858212302	8815.532092759735
0.8530099999999758	164.16324266091587	10312.76420565502	8821.021350104273
0.8536499999999758	164.3727185475023	10311.552261190358	8826.512535124331
0.8542899999999758	164.5803923862277	10310.345100053255	8832.005724498846
0.8549299999999758	164.78621818364218	10309.143026110472	8837.501183984283
0.8555699999999757	164.9895866366083	10307.949657621682	8843.001934569062
0.8562099999999757	165.1924268489808	10306.753556769927	8848.498481898348
0.8568499999999757	165.39253695994432	10305.567747568752	8854.001666169856
0.8574899999999757	165.59179964525356	10304.380969733631	8859.50212510409
0.8581299999999756	165.79021181093367	10303.193136987424	8864.999783992389
0.8587699999999756	165.98796900445402	10302.002966830363	8870.493568687163
0.8594099999999756	166.18586077876793	10300.805546688194	8875.979365045941
0.8600499999999756	166.3832356686908	10299.60474108109	8881.460391398377
0.8606899999999755	166.58177566633174	10298.390119163658	8886.927898830798
0.8613299999999755	166.7824735770796	10297.155333345738	8892.376528881368
0.8619699999999755	166.9842431056491	10295.906906233577	8897.81171104178
0.8626099999999755	167.18866324402947	10294.634806529106	8903.224980902922
0.8632499999999754	167.39587862399924	10293.337867648836	8908.61530064944
0.8638899999999754	167.60678617548808	10292.01014337317	8913.977602424744
0.8645299999999754	167.82124210680908	10290.652226939705	8919.312313424143
0.8651699999999753	168.03994750596155	10289.259326594121	8924.615317711416
0.8658099999999753	168.26332740901933	10287.828349431638	8929.883919126174
0.8664499999999753	168.4921134022475	10286.354164321196	8935.11368742072
0.8670899999999753	168.7266420551044	10284.834126396638	8940.302280652555
0.8677299999999752	168.96686949273905	10283.268055181452	8945.449437350157
0.8683699999999752	169.21419163484353	10281.64628784569	8950.546851021205
0.8690099999999752	169.46870978841312	10279.967549493054	8955.593306479892
0.8696499999999752	169.73111182168998	10278.226656956667	8960.584262648072
0.8702899999999751	169.9972258737881	10276.450931784064	8965.54282159019
0.8709299999999751	170.2648884619253	10274.654799058204	8970.48119329729
0.8715699999999751	170.53550628644317	10272.828768556165	8975.391244882612
0.8722099999999751	170.81023210155732	10270.964798205589	8980.266046202903
0.872849999999975	171.0890207978217	10269.062843830852	8985.105472231951
0.873489999999975	171.37245079586205	10267.118518686537	8989.905683637435
0.874129999999975	171.66033673653507	10265.132612668283	8994.667257296502
0.874769999999975	171.9525255183662	10263.105682796027	8999.390572909893
0.8754099999999749	172.25010839404703	10261.029550716466	9004.068519997263
0.8760499999999749	172.55316319370635	10258.903000852742	9008.69993847465
0.8766899999999749	172.86190336944142	10256.723836382305	9013.282821422235
0.8773299999999749	173.17640777935554	10254.490805100595	9017.815967980945
0.8779699999999748	173.4997008720708	10252.181472668992	9022.27993605636
0.8786099999999748	173.82970380971696	10249.809845242586	9026.686615873796
0.8792499999999748	174.17046461479234	10247.345732470843	9031.00981887697
0.8798899999999747	174.5209851925846	10244.795243774985	9035.254602576399
0.8805299999999747	174.8838581662389	10242.138263819028	9039.403379975434
0.8811699999999747	175.25965223792633	10239.369283925058	9043.451136391423
0.8818099999999747	175.6483804227725	10236.491552217725	9047.400497743025
0.8818899999999746	176.11133032377083	10233.07223715464	9045.244584448592
0.8818999999999746	183.94268795695825	10175.615007898772	8995.59850691339
0.8819099999999745	191.36222215890038	10121.175784378282	8948.564100815542
0.8822299999999745	194.5692927388873	10097.514147431146	8931.244331893788
0.8828699999999745	197.42213743766357	10076.292346793714	8919.180279171587
0.8835099999999745	199.24455998210433	10062.672767388565	8913.682015507535
0.8841499999999745	200.418924423419	10053.864068481722	8912.342448542315
0.8847899999999744	201.16537287938007	10048.250906964604	8913.768182582393
0.8854299999999744	201.67098335018153	10044.438010821324	8916.752192483704
0.8860699999999744	202.03372019636382	10041.69261066316	8920.660273272026
0.8867099999999744	202.30965994895652	10039.594241017723	8925.12827082819
0.8873499999999743	202.53175460163976	10037.895308095829	8929.941603794456
0.8879899999999743	202.71859426165202	10036.45627445931	8934.979316900117
0.8886299999999743	202.88375885298137	10035.17420005295	8940.152013616256
0.8892699999999742	203.03306673172827	10034.005825301429	8945.422211744753
0.8899099999999742	203.172110038817	10032.908611875346	8950.75292038791
0.8905499999999742	203.30411539421033	10031.85811395273	8956.122878810247
0.8911899999999742	203.43163105686642	10030.834763301278	8961.51502848151
0.8918299999999741	203.55693785825497	10029.820635176242	8966.9136910371
0.8924699999999741	203.6801895119742	10028.814953746534	8972.318212548138
0.8931099999999741	203.8032420390982	10027.802707492725	8977.715404630131
0.8937499999999741	203.91863179049722	10026.84678858439	8983.160671924783
0.894389999999974	204.0245402931276	10025.963963117141	8988.668940672442
0.895029999999974	204.12405132680826	10025.12947466567	8994.218535377535
0.895669999999974	204.21864618642752	10024.331429832779	8999.7990631147
0.896309999999974	204.30878519492333	10023.566358948581	9005.407541125809
0.8969499999999739	204.39554667979394	10022.825308457192	9011.036121505775
0.8975899999999739	204.47968465743008	10022.101911038371	9016.679218834443
0.8982299999999739	204.5617026512368	10021.391888196002	9022.333080212855
0.8988699999999739	204.64281072679665	10020.684608530491	9027.988301518348
0.8995099999999738	204.72315579890696	10019.978726329344	9033.643694046483
0.9001499999999738	204.80412239109856	10019.261779972805	9039.288182863014
0.9007899999999738	204.88561552295005	10018.5344342657	9044.922334957975
0.9014299999999738	204.9665932366829	10017.806117448004	9050.554525546237
0.9020699999999737	205.04798278354883	10017.068436885906	9056.177273815403
0.9027099999999737	205.1307803178679	10016.312108611102	9061.782277181195
0.9033499999999737	205.21542689128776	10015.53277096334	9067.365599658518
0.9039899999999736	205.30284896193376	10014.721410611495	9072.919134507261
0.9046299999999736	205.39376592854893	10013.870744157673	9078.436294743704
0.9052699999999736	205.4891116664287	10012.97130126088	9083.90851344034
0.9059099999999736	205.5895715725534	10012.015796042087	9089.32915258149
0.9065499999999735	205.69706406693064	10010.984843663588	9094.680700660021
0.9071899999999735	205.81250491156933	10009.86838064919	9099.953954821722
0.9078299999999735	205.93726162323105	10008.651715089984	9105.135523913694
0.9084699999999735	206.07255457610324	10007.321333768781	9110.213033009015
0.9091099999999734	206.21331077860003	10005.926331421215	9115.230414974747
0.9097499999999734	206.36235861650755	10004.437865648744	9120.161551138825
0.9103899999999734	206.52183732700306	10002.83311049029	9124.985657301866
0.9110299999999734	206.69301104033988	10001.097495327022	9129.689328359775
0.9116699999999733	206.87843741018395	9999.202702572427	9134.246700230386
0.9123099999999733	207.08048052653348	9997.121648870336	9138.632938818006
0.9129499999999733	207.3024792558462	9994.816374902279	9142.813290285994
0.9135899999999733	207.54976153299458	9992.22700084696	9146.733040597579
0.9142299999999732	207.82814258852494	9989.286994147542	9150.331268449065
0.9148699999999732	208.14613869132188	9985.899351223896	9153.519220240736
0.9155099999999732	208.51607669538936	9981.923610569303	9156.168408032034
0.9161499999999732	208.9553464393184	9977.160820434672	9158.0967914399
0.9167899999999731	209.4600134401466	9971.642133117142	9159.330958938557
0.9174299999999731	210.0298390425342	9965.36023546404	9159.862604631255
0.9180699999999731	210.57837081257023	9959.271599888421	9160.561163629975
0.918709999999973	211.09510155130098	9953.502325418143	9161.542042189745
0.919349999999973	211.56013963939054	9948.281305511937	9163.014743484053
0.919989999999973	211.96627732740293	9943.694295364485	9165.058736641075
0.920629999999973	212.3229297310451	9939.63755281444	9167.580591180047
0.9212699999999729	212.6301194772032	9936.117029480598	9170.586905055769
0.9219099999999729	212.8947237965291	9933.060598244465	9174.012845108562
0.9225499999999729	213.13099346203927	9930.307364599956	9177.71205465506
0.9231899999999729	213.35061823422512	9927.722946484182	9181.562007951039
0.9238299999999728	213.56363597412926	9925.189551469355	9185.455005485821
0.9244699999999728	213.7765354968765	9922.62961246125	9189.319939557867
0.9251099999999728	213.99543478843262	9919.968110483444	9193.08781680038
0.9257499999999728	214.22440686577067	9917.153354156968	9196.710879820332
0.9263899999999727	214.47028765904486	9914.097584537589	9200.108019214096
0.9270299999999727	214.73657218712145	9910.75270913323	9203.234411620007
0.9276699999999727	214.97708785478665	9907.705430170445	9206.630389170488
0.9283099999999727	215.18907151957671	9905.00098709062	9210.338370863066
0.9289499999999726	215.37413740433445	9902.625846270303	9214.346612355112
0.9295899999999726	215.5315053807376	9900.595156145882	9218.669824495244
0.9302299999999726	215.66293428682275	9898.889935712452	9223.29118782272
0.9308699999999726	215.77155776355093	9897.472399014414	9228.176419858477
0.9311899999999725	215.92194148958347	9895.47669940563	9229.426536513161
0.9313499999999726	216.2082090459465	9891.640805658422	9227.42235790071
0.9315099999999726	216.6525153336325	9885.66021799797	9223.429880442227
0.9316699999999727	217.25497206972963	9877.520749641151	9217.43478905943
0.9319899999999727	218.0352346355617	9866.950397554156	9210.727677323799
0.9326299999999726	219.02082094398983	9853.540767468206	9204.463158670607
0.9332699999999726	219.73439433732898	9843.79106920235	9201.577767288345
0.9339099999999726	220.19292083597497	9837.493196010437	9201.885820823894
0.9345499999999726	220.51193620506993	9833.074664683627	9203.932434104441
0.9351899999999725	220.7625315636163	9829.56311384538	9206.816748107434
0.9358299999999725	220.98079882606206	9826.462668915547	9210.078897311641
0.9364699999999725	221.18582313271853	9823.50868908503	9213.473117410816
0.9371099999999725	221.3921876619839	9820.492586610031	9216.805162519924
0.9377499999999724	221.606931788275	9817.310289806033	9219.977755769165
0.9383899999999724	221.8350420677259	9813.884763650243	9222.91858030328
0.9390299999999724	222.08327045541688	9810.108898407789	9225.526975871267
0.9396699999999724	222.34840900797943	9806.026529646715	9227.843228628315
0.9403099999999723	222.56979475586508	9802.585880372855	9230.754720222112
0.9409499999999723	222.76074893740798	9799.596069983692	9234.083944275644
0.9415899999999723	222.91905288864453	9797.101979207462	9237.873954480914
0.9422299999999723	223.04529945947053	9795.10189829418	9242.124188579233
0.9428699999999722	223.14356542605904	9793.536716477984	9246.78015575812
0.9435099999999722	223.2204370992028	9792.304758336984	9251.747185029995
0.9441499999999722	223.28125671529682	9791.322931002896	9256.947803493667
0.9447899999999722	223.33116529393703	9790.509637379524	9262.305713935411
0.9454299999999721	223.37330350395712	9789.815228716301	9267.774492857197
0.9460699999999721	223.41020644372514	9789.199060532503	9273.316067631227
0.9467099999999721	223.44369150725655	9788.631674670269	9278.902807047245
0.947349999999972	223.4751970170518	9788.089170556872	9284.512244849733
0.947989999999972	223.50518721481106	9787.564309684642	9290.137594724718
0.948629999999972	223.53475102327775	9787.038058708566	9295.760893792503
0.949269999999972	223.56404867216423	9786.507769001204	9301.379634068644
0.9499099999999719	223.59374032156614	9785.961242322439	9306.982254146948
0.9505499999999719	223.62404169259244	9785.394189181392	9312.564655387801
0.9511899999999719	223.6553019234912	9784.799527196192	9318.120077560361
0.9518299999999719	223.6877561285999	9784.172073307018	9323.643543748265
0.9524699999999718	223.721828062873	9783.502635678726	9329.126253892475
0.9531099999999718	223.75765705960563	9782.78734969159	9334.564447403807
0.9537499999999718	223.79568054493973	9782.016059481322	9339.948366955245
0.9543899999999718	223.83606397558523	9781.183805348861	9345.273174864556
0.9550299999999717	223.87944553170675	9780.275427694844	9350.524300376697
0.9556699999999717	223.92606401862852	9779.283611144701	9355.694611080331
0.9563099999999717	223.97660433402868	9778.191028731146	9360.767400528965
0.9569499999999717	224.03171282470706	9776.980378906948	9365.725938831836
0.9575899999999716	224.092215750941	9775.629517056428	9370.548820107791
0.9582299999999716	224.15911740055262	9774.111199865714	9375.209701380873
0.9588699999999716	224.23377521099593	9772.388705746493	9379.673093453297
0.9595099999999716	224.31792817397468	9770.414547185264	9383.893095081225
0.9601499999999715	224.41400716236825	9768.12232901314	9387.805552387115
0.9607899999999715	224.52515632159873	9765.424965813116	9391.32628428268
0.9614299999999715	224.65590935247207	9762.196576534201	9394.33363300073
0.9620699999999714	224.81283579142587	9758.253516219513	9396.650111210603
0.9627099999999714	225.00593905029413	9753.314502484029	9398.003876153312
0.9633499999999714	225.25066761578745	9746.941215198523	9397.971256629344
0.9639899999999714	225.57331721133073	9738.38339260473	9395.827101789542
0.9646299999999713	226.01960159299202	9726.323871408169	9390.298109384534
0.9652699999999713	226.5827135223749	9710.836082368303	9381.447962868013
0.9659099999999713	227.1563233237017	9694.818832506715	9372.066217568396
0.9665499999999713	227.6430851863139	9681.025182915104	9364.809551745804
0.9671899999999712	228.0720235737703	9668.638352255166	9358.893371010858
0.9678299999999712	228.51905321389907	9655.431476754597	9352.16770408902
0.9684699999999712	229.0299197510293	9639.99398856541	9343.266291475422
0.9685099999999712	229.11859482743208	9637.304472940563	9341.04069963851
0.9685299999999712	229.14646579230862	9636.466501619196	9340.418140091453
0.9685399999999712	229.1624025887362	9635.98946766661	9340.05068819899
0.9685499999999712	229.24727730990762	9633.386922798727	9337.626730947833
0.9685599999999711	229.58524056918043	9622.993057151423	9327.664315397808
0.9685699999999711	230.23049139244054	9603.1393550331	9308.548829448602
0.968579999999971	231.06850655530454	9577.34978395947	9283.68962622316
0.968589999999971	231.8792255941633	9552.397950447825	9259.6404572999
0.968609999999971	232.6253906290864	9529.430895499881	9237.604170701718
0.968689999999971	233.50521153643834	9502.339794294785	9212.132583508352
0.968849999999971	234.31150749978005	9477.477047337363	9189.552440771155
0.969169999999971	235.06358145066721	9454.151459647712	9169.92698036263
0.969809999999971	235.66027685127628	9435.436644902387	9157.695396350657
0.970449999999971	236.0964717538885	9421.445403178583	9150.018342254716
0.9710899999999709	236.5588829616224	9406.200122640697	9141.10579440131
0.9717299999999709	237.1774118949627	9385.256298460194	9126.64010833673
0.9723699999999709	237.90217347206504	9360.169140325017	9108.120904030604
0.9730099999999708	238.4391974252253	9341.212219880987	9095.52837600464
0.9736499999999708	238.90602431695675	9324.320597015754	9084.919923024876
0.9742899999999708	239.40537897560932	9305.735913926681	9072.640555872826
0.9749299999999708	240.0094750525112	9282.611185219708	9055.913160345552
0.9755699999999707	240.8077722265973	9251.188288076408	9031.064692073933
0.9758899999999707	241.33979069041774	9229.82966846761	9013.11717751414
0.9760499999999708	241.66990891605244	9216.443061420665	9001.497244417918
0.9762099999999708	242.09109852765	9199.233828909202	8986.143403353164
0.9762899999999708	242.38347163921264	9187.226586470208	8975.144356217303
0.9763699999999708	242.76014017233672	9171.702503680312	8960.711595630357
0.9764499999999707	243.16446465403547	9154.990805894013	8945.117295557551
0.9766099999999708	243.82795572879317	9127.455981412895	8919.667921891883
0.9766899999999707	244.18338922006765	9112.653447407954	8905.929410351335
0.9767299999999708	244.36769028242315	9104.964376775044	8898.778291880102
0.9768099999999708	244.6782720415881	9091.941078967679	8886.773054474805
0.9769699999999708	245.30598319411982	9065.471329764456	8862.342921832684
0.9771299999999709	245.9881549530416	9036.504267690043	8835.465164191492
0.9772899999999709	246.75076537814553	9003.86548758964	8804.991412247964
0.977449999999971	247.62815742651802	8966.020174690828	8769.420434701264
0.977609999999971	248.6442191335646	8921.858797061479	8727.665522661422
0.977769999999971	249.62140664225464	8879.111516210209	8687.277951074262
0.9779299999999711	250.23154810918584	8852.276318621645	8662.429190536186
0.9779699999999711	250.42039670632064	8843.95307605745	8654.637551131098
0.9779899999999712	250.5148651401126	8839.785482926643	8650.735636628915
0.9779999999999711	251.06460582323686	8815.3855989933	8626.97053714331
0.9780099999999711	252.795093314941	8738.528806007576	8551.92752166522
0.978019999999971	254.26638847571988	8673.171879954218	8488.124337251278
0.978029999999971	255.12824181634053	8634.879523647145	8450.776387985079
0.978069999999971	256.1946150613937	8587.441901004087	8404.737648023121
0.9781099999999711	257.1248136004971	8545.984235557331	8364.541102810457
0.9782699999999711	258.44747112807585	8486.848445106814	8308.045291942019
0.9785899999999711	259.89134624448906	8421.55533735434	8246.814111304444
0.9786699999999711	260.2783537011171	8403.908580807129	8230.204948062721
0.9787099999999711	260.472564024603	8395.024140459129	8221.839537396603
0.9787199999999711	260.52841030198636	8392.474982080408	8219.427159032728
0.978729999999971	260.7514899483911	8382.225886717442	8209.48212629793
0.978739999999971	261.5748023240534	8344.365177341055	8172.525053967958
0.9787499999999709	262.7214101438913	8291.627916974849	8121.013653704457
0.9787599999999709	263.5625650814177	8252.93572615615	8083.2414402146915
0.9788399999999708	264.68880501970085	8201.072952612125	8033.139064048837
0.9789999999999709	265.8167055760288	8148.848535286019	7983.30486686188
0.9791599999999709	266.8432088565248	8100.899640380778	7937.637904347585
0.9792399999999709	267.4145524407148	8074.048849050054	7911.983121052216
0.9793199999999709	268.05699102286604	8043.713663613164	7882.91308362377
0.9793599999999709	268.44053290907993	8025.549146211937	7865.44242443314
0.979399999999971	268.90254874391394	8003.6165700148185	7844.281461176413
0.979419999999971	269.1904689893095	7989.928532349185	7831.035743005014
0.979439999999971	269.5445896092743	7973.0733453130815	7814.688794095588
0.979459999999971	269.99455341624764	7951.633052259219	7793.852197492762
0.979479999999971	270.45011252048965	7929.907236268867	7772.735176089329
0.9795199999999711	271.1804329683388	7895.041663018303	7738.904985026659
0.979599999999971	272.16152199332527	7848.104858085386	7693.555614028888
0.979919999999971	273.51115115746717	7783.073832499961	7632.281813858386
0.980239999999971	274.23351629401355	7747.70630956801	7600.0304871726985
0.9803999999999711	274.56009207684434	7731.504990063201	7585.348870062453
0.980479999999971	274.74687052299873	7722.171872209847	7576.798136176703
0.980489999999971	274.79712060891717	7719.661261554512	7574.411962164448
0.980499999999971	275.8796509353642	7666.315719030043	7522.202215701982
0.980659999999971	276.58602533222387	7631.073045961095	7488.83726698192
0.980739999999971	276.8305712613927	7618.72353479723	7477.318676319316
0.9808199999999709	277.07629635609436	7606.216889901357	7465.643973316945
0.9808299999999709	277.2210387533087	7598.835043456081	7458.479702985715
0.9808499999999709	277.45701712742186	7586.781367816445	7446.8078065005375
0.980889999999971	277.7985840189918	7569.311472483736	7429.970661184963
0.980929999999971	278.1488636255386	7551.372001811536	7412.671636566119
0.980969999999971	278.5010174389181	7533.284924912339	7395.22638715291
0.981049999999971	279.10511236886225	7502.135948318424	7365.25951397697
0.981129999999971	279.61147723089914	7475.920124330496	7340.1257801595175
0.9811399999999709	280.34630608350164	7437.740278951385	7302.751828622889
0.9811499999999709	281.6413332994743	7370.420279751058	7236.796796610239
0.9811599999999708	282.4433588839038	7328.722714351399	7195.970811294185
0.9811999999999709	283.1031172937472	7294.401225857318	7162.588821416119
0.9813599999999709	284.04873625727294	7244.964339308572	7115.212872467493
0.981519999999971	284.73573244136867	7208.715918829893	7080.760764985232
0.981679999999971	285.5063860011313	7167.648067961533	7041.567232347819
0.9818399999999711	286.48158432849493	7115.1912323223205	6991.181865114555
0.9819999999999711	287.4025756459651	7065.229016447799	6943.22814051317
0.9821599999999712	288.2101299668215	7021.063811220154	6900.9497015464
0.9824799999999712	289.1220634000877	6970.59594024338	6853.536517920893
0.9825599999999711	289.2754025551208	6962.026458536076	6845.653680119574
0.9825999999999712	289.344898873405	6958.12828203509	6842.091451167884
0.9826099999999711	291.39721420933637	6842.255345946984	6728.335923035877
0.9826199999999711	293.75582009645495	6710.352428944555	6598.83197988259
0.982629999999971	294.0721261900526	6693.141293709249	6581.989462269255
0.9826699999999711	294.57306026110626	6664.831327876384	6554.434752098427
0.9828299999999711	295.1937375390136	6629.564959364812	6520.80380548588
0.9829899999999712	295.74184115886726	6598.102841341697	6490.899680728406
0.9831499999999712	296.3716681394627	6561.5642198627365	6455.995725366019
0.9831699999999712	296.4667759382262	6556.024979970557	6450.676615396513
0.9831899999999713	296.5743736381661	6549.743120858542	6444.627354217588
0.9831999999999712	296.64507622708817	6545.6106838269625	6440.628061619105
0.9832099999999712	296.6554063915267	6545.081041670231	6440.169975253721
0.9832199999999711	296.78470628764944	6537.645042027653	6432.923405593755
0.9833799999999712	297.40969986814633	6500.922155892157	6397.819778872859
0.9834599999999711	297.76054494204993	6480.14875884971	6377.892057791499
0.9834699999999711	297.8393837707119	6475.470883148663	6373.354634463767
0.983479999999971	302.23298730561066	6214.06583461594	6116.402355978202
0.983489999999971	305.0090142079222	6048.894546547408	5954.062996408316
0.983569999999971	305.9090635442735	5995.324611244665	5901.847513795783
0.983729999999971	306.24421499604557	5975.244228867612	5883.009598641757
0.983809999999971	306.4206039536776	5964.582093175671	5872.976458665003
0.983889999999971	306.6864000718273	5948.4029749997035	5857.514920977452
0.983929999999971	306.9277785593188	5933.652671440268	5843.231202411508
0.984089999999971	307.455942139905	5901.224581262724	5812.227722214118
0.984169999999971	307.6981014974473	5886.242541969706	5797.934183476868
0.984249999999971	307.9773184497969	5868.854779696982	5781.270959682178
0.984329999999971	308.3738492655664	5844.017236045267	5757.273704174268
0.984369999999971	308.6580903035102	5826.144188767408	5739.9058810482575
0.984409999999971	309.0442607661677	5801.7941546527145	5716.162183806864
0.9844499999999711	309.60221071562046	5766.517316037153	5681.662286149245
0.9844699999999711	309.9858032911289	5742.217948175277	5657.855382965069
0.9844899999999711	310.4774056170286	5711.034850182601	5627.272204217234
0.9845099999999711	311.12214411145976	5670.083850615405	5587.073533781505
0.9845299999999712	311.9203584102712	5619.319936504315	5537.2144650310465
0.9845399999999711	312.40927627314073	5588.198118578668	5506.634423076472
0.9845499999999711	312.9379052142867	5554.526716363745	5473.544169231334
0.984559999999971	313.52290818690045	5517.239993722675	5436.894601921851
0.984569999999971	314.18310496168664	5475.1322544846025	5395.498809107314
0.9845799999999709	314.94758978297995	5426.339778517301	5347.522110966869
0.9845899999999709	315.8510997604497	5368.6350331218	5290.7716327085545
0.9846099999999709	316.9774237907767	5296.651512136148	5220.014327916368
0.984769999999971	317.87488449285826	5239.119156460452	5164.168606198243
0.984929999999971	318.47032962422713	5200.438217182012	5126.866961116374
0.985009999999971	318.87424775569565	5173.97912983181	5101.201107649348
0.9850899999999709	319.4015804484178	5139.2360825768255	5067.372350149951
0.985129999999971	319.7357352470741	5117.131728727765	5045.794450304568
0.985169999999971	320.1342215227777	5090.697602045848	5019.950147112553
0.985179999999971	325.06777528077583	4762.812618838062	4697.045240256414
0.9851899999999709	327.42687844913723	4606.023000008058	4542.656991447647
0.9852699999999709	328.1630260621043	4557.015985034641	4494.724980948853
0.9853099999999709	328.4151164330037	4540.148300676413	4478.277940199755
0.985349999999971	328.7218435029072	4519.553343422745	4458.157661948797
0.9853599999999709	328.82138382643063	4512.859554073933	4451.605235261389
0.9853699999999709	329.2553289484875	4484.065668472016	4423.280793204666
0.9854099999999709	329.55100298601707	4464.147064924964	4403.823308381154
0.985449999999971	329.88670216118135	4441.449525297736	4381.62628622098
0.985469999999971	330.0989737207413	4427.0663228164785	4367.537387233999
0.9854799999999709	330.2380546488121	4418.175835787346	4358.818979205095
0.9855599999999709	330.73097405467075	4384.647402083399	4326.108848862546
0.9856399999999709	331.304736568019	4345.3789955411885	4287.736889182217
0.9856499999999708	332.85705300443715	4238.797239085236	4182.746997414862
0.9856599999999708	333.70562690624024	4180.529379668325	4125.3659270536045
0.9857399999999708	334.0584895334015	4156.2616748913715	4101.757057468055
0.9857599999999708	334.11486037725064	4152.371245266813	4097.999274345874
0.9857699999999707	346.70881809866853	3280.490529740382	3238.7428159836345
0.9859299999999708	347.536900890184	3222.974314125415	3182.5169097211115
0.9860099999999707	347.82123324534666	3203.00118186653	3163.057214385236
0.9860899999999707	348.1691439115471	3178.4107426516366	3139.0420820130794
0.9861699999999707	348.6138670920772	3146.7901445587268	3108.091366641281
0.9861799999999706	352.7549714719412	2851.473925992248	2816.9416300407042
0.9864999999999706	352.9979391480548	2834.1469664897213	2800.6514546205362
0.9866599999999707	352.99975912533347	2834.017176988593	2800.9204046342243
0.9866799999999707	352.9998685875381	2834.009370305612	2800.9623237426545
0.9866899999999706	352.9998685875381	2834.009370305612	2800.9871338376715
0.9866999999999706	385.99999999999994	386.0	386.0
