lambda	f0	f1	fla
0.0	53547.19995529437	1.3324255057742247e8	53547.19995529437
0.00032	53558.48790141717	1.3324133732995655e8	96178.57713087482
0.00064	53565.10057677199	1.332408461501837e8	138804.96044852043
0.0009600000000000001	53568.66675247512	1.3324059305088611e8	181428.21016124342
0.00128	53570.646679159974	1.3324046855631198e8	224049.87600349
0.0016	53572.13771102822	1.3324038306449804e8	266671.0351938874
0.00192	53572.803620848004	1.3324034055659206e8	309291.39770655276
0.0022400000000000002	53573.430213584514	1.3324030494915296e8	351911.70881600876
0.00256	53573.95786889577	1.3324027620218389e8	394531.9156143422
0.00288	53574.471376968795	1.3324025131220815e8	437152.1006785626
0.0032	53574.95328638142	1.3324023039176776e8	479772.25068952184
0.00352	53575.41514956436	1.3324021237623934e8	522392.3772526004
0.00384	53575.85531355607	1.3324019670767169e8	565012.4793866113
0.0041600000000000005	53576.27678610248	1.3324018294466165e8	607632.5605244648
0.0044800000000000005	53576.68194760083	1.3324017074745059e8	650252.6233610543
0.0048000000000000004	53577.06756780728	1.3324015992958568e8	692872.6653054932
0.00512	53577.451510189436	1.332401500730285e8	735492.7033323633
0.00544	53577.82658573766	1.332401409221448e8	778112.729825579
0.00576	53578.1901254414	1.3324013305930646e8	820732.7461719242
0.00608	53578.55407763065	1.332401259653274e8	863352.7623380293
0.0064	53578.90596912014	1.3324011926396747e8	905972.7642603096
0.00672	53579.26477551467	1.3324011245285264e8	948592.7677993929
0.00704	53579.6145870679	1.3324010592982617e8	991212.7598463512
0.00736	53579.969544425556	1.3324009938442594e8	1.0338327524379536e6
0.00768	53580.32222671246	1.3324009296931079e8	1.0764527393563183e6
0.008	53580.674956000796	1.3324008659021644e8	1.1190727222780844e6
0.008320000000000001	53581.02597558417	1.3324008030787271e8	1.1616927000009683e6
0.008640000000000002	53581.37701325715	1.3324007407638767e8	1.2043126739358522e6
0.008960000000000003	53581.728673284735	1.3324006789553985e8	1.2469326447284096e6
0.009280000000000004	53582.07986484312	1.3324006175567433e8	1.2895526112563557e6
0.009600000000000004	53582.43069404327	1.3324005564521149e8	1.3321725735534113e6
0.009920000000000005	53582.781288072416	1.332400495787003e8	1.3747925319184025e6
0.010240000000000006	53583.131912259836	1.3324004354593775e8	1.4174124865518818e6
0.010560000000000007	53583.4826458001	1.3324003754849508e8	1.4600324375811694e6
0.010880000000000008	53583.83278710077	1.3324003157629684e8	1.5026523842364878e6
0.011200000000000009	53584.183243231084	1.3324002563344382e8	1.5452723274854787e6
0.01152000000000001	53584.53337171122	1.332400197139683e8	1.5878922666521852e6
0.01184000000000001	53584.88372151823	1.332400137965234e8	1.630512202049094e6
0.012160000000000011	53585.234019925774	1.3324000790882558e8	1.6731321337455641e6
0.012480000000000012	53585.58459511423	1.3324000203131194e8	1.7157520618501417e6
0.012800000000000013	53585.93530183766	1.332399961635942e8	1.7583719862239815e6
0.013120000000000014	53586.28563876716	1.3323999031716317e8	1.800991906532369e6
0.013440000000000014	53586.63656604958	1.3323998446835233e8	1.843611823425259e6
0.013760000000000015	53586.98729915483	1.33239978639643e8	1.8862317364354082e6
0.014080000000000016	53587.33808706376	1.3323997281349628e8	1.9288516455808275e6
0.014400000000000017	53587.68924696294	1.3323996698877901e8	1.9714715511602266e6
0.014720000000000018	53588.04059861607	1.3323996117240188e8	2.0140914530987623e6
0.015040000000000019	53588.39203905152	1.3323995536033222e8	2.0567113512421832e6
0.01536000000000002	53588.74363200807	1.332399495520306e8	2.0993312456490127e6
0.01568000000000002	53589.095386768495	1.3323994374432923e8	2.141951136282189e6
0.01600000000000002	53589.44730932772	1.3323993794178927e8	2.18457102322101e6
0.016320000000000022	53589.7993762688	1.3323993213957834e8	2.2271909063683692e6
0.016640000000000023	53590.15174334151	1.3323992633731599e8	2.2698107858712734e6
0.016960000000000024	53590.50424437205	1.332399205364831e8	2.312430661591144e6
0.017280000000000025	53590.85689167078	1.3323991473656684e8	2.3550505335324607e6
0.017600000000000025	53591.20971880535	1.3323990893563563e8	2.3976704016949446e6
0.017920000000000026	53591.562121096824	1.3323990314605606e8	2.440290265705215e6
0.018240000000000027	53591.91447457886	1.3323989735911855e8	2.482910125784889e6
0.018560000000000028	53592.266866532664	1.3323989157282585e8	2.5255299819851415e6
0.01888000000000003	53592.619310190916	1.3323988578685138e8	2.568149834313372e6
0.01920000000000003	53592.97196519043	1.3323987999720773e8	2.6107696828498514e6
0.01952000000000003	53593.32481111063	1.3323987422748782e8	2.653389528031364e6
0.01984000000000003	53593.67817743839	1.3323986845795293e8	2.696009369808188e6
0.020160000000000032	53594.032161650284	1.3323986267790957e8	2.7386292080599326e6
0.020480000000000033	53594.38651617365	1.3323985689104924e8	2.781249042609015e6
0.020800000000000034	53594.74121978	1.3323985109871085e8	2.8238688734555985e6
0.021120000000000035	53595.09622930557	1.3323984530107567e8	2.8664887005556654e6
0.021440000000000035	53595.45150846773	1.3323983949959932e8	2.9091085238995403e6
0.021760000000000036	53595.80701956747	1.3323983369245599e8	2.9517283434066693e6
0.022080000000000037	53596.16285476992	1.332398278811242e8	2.994348159194164e6
0.022400000000000038	53596.51886269398	1.3323982206617162e8	3.036967971122419e6
0.02272000000000004	53596.87517829225	1.3323981624654074e8	3.079587779295652e6
0.02304000000000004	53597.23171943314	1.3323981042336515e8	3.1222075836549555e6
0.02336000000000004	53597.58849845382	1.3323980459580176e8	3.164827384189064e6
0.02368000000000004	53597.945540104716	1.3323979876456793e8	3.207447180934689e6
0.024000000000000042	53598.30275382769	1.3323979292982149e8	3.2500669738034573e6
0.024320000000000043	53598.66029453247	1.3323978709003319e8	3.292686762905782e6
0.024640000000000044	53599.01802218703	1.3323978124615356e8	3.33530654812335e6
0.024960000000000045	53599.376118505104	1.3323977539732257e8	3.3779263296077643e6
0.025280000000000045	53599.73430866097	1.3323976954617135e8	3.420546107152556e6
0.025600000000000046	53600.09280618812	1.3323976369030061e8	3.463165880902052e6
0.025920000000000047	53600.45151715972	1.3323975783102605e8	3.5057856507940367e6
0.026240000000000048	53600.8105494695	1.3323975196641757e8	3.5484054168794546e6
0.02656000000000005	53601.16978298652	1.3323974609845465e8	3.5910251790885124e6
0.02688000000000005	53601.52922117525	1.3323974022661015e8	3.6336449374069977e6
0.02720000000000005	53601.888969368636	1.3323973434979898e8	3.676264691903941e6
0.02752000000000005	53602.248871267584	1.3323972847076026e8	3.7188844424976595e6
0.027840000000000052	53602.609122114736	1.3323972258537848e8	3.761504189261099e6
0.028160000000000053	53602.96960183325	1.332397166967804e8	3.8041239321591887e6
0.028480000000000054	53603.33028854413	1.3323971080421168e8	3.846743671145882e6
0.028800000000000055	53603.69123565791	1.3323970490742277e8	3.889363406261854e6
0.029120000000000056	53604.05248908636	1.3323969900600098e8	3.93198313753536e6
0.029440000000000056	53604.41387544295	1.3323969310196541e8	3.974602864852819e6
0.029760000000000057	53604.775434766394	1.332396871950221e8	4.017222588241693e6
0.030080000000000058	53605.13721428932	1.3323968128478976e8	4.059842307733367e6
0.03040000000000006	53605.499292017164	1.3323967536950885e8	4.102462023346617e6
0.03072000000000006	53605.86163349651	1.3323966945079477e8	4.1450817350925384e6
0.03104000000000006	53606.224242728444	1.3323966352594589e8	4.1877014428876024e6
0.03136000000000006	53606.58709086555	1.3323965759760758e8	4.230321146780678e6
0.03168000000000006	53606.95027909249	1.3323965166352315e8	4.272940846794672e6
0.03200000000000006	53607.313624414244	1.3323964572697252e8	4.315560542851562e6
0.032320000000000064	53607.67722224727	1.3323963978646263e8	4.3581802349929055e6
0.032640000000000065	53608.04111265739	1.332396338399126e8	4.400799923185496e6
0.032960000000000066	53608.40532881456	1.3323962788813952e8	4.443419607482264e6
0.033280000000000066	53608.7696892339	1.3323962193541029e8	4.486039287844439e6
0.03360000000000007	53609.134348769825	1.332396159769175e8	4.528658964259089e6
0.03392000000000007	53609.49931745909	1.3323961001339288e8	4.571278636754907e6
0.03424000000000007	53609.864464429826	1.3323960404659936e8	4.613898305260739e6
0.03456000000000007	53610.229885779336	1.3323959807530983e8	4.656517969823644e6
0.03488000000000007	53610.595571984435	1.3323959209950262e8	4.699137630429095e6
0.03520000000000007	53610.96148809694	1.3323958611943498e8	4.741757287047837e6
0.03552000000000007	53611.3277185259	1.3323958013550285e8	4.784376939771034e6
0.03584000000000007	53611.69414485739	1.3323957414716351e8	4.826996588461055e6
0.036160000000000074	53612.06082674912	1.33239568154569e8	4.869616233176478e6
0.036480000000000075	53612.427754260956	1.3323956215829755e8	4.91223587392449e6
0.036800000000000076	53612.79501977729	1.332395561564808e8	4.954855510721553e6
0.03712000000000008	53613.16241836906	1.3323955015225732e8	4.997475143481201e6
0.03744000000000008	53613.53020713692	1.3323954414281407e8	5.040094772343151e6
0.03776000000000008	53613.898160502584	1.3323953812821768e8	5.0827143970874725e6
0.03808000000000008	53614.26639468761	1.33239532109667e8	5.125334017866507e6
0.03840000000000008	53614.634879901	1.332395260873779e8	5.167953634655835e6
0.03872000000000008	53615.003533057374	1.3323952006346169e8	5.210573247453504e6
0.03904000000000008	53615.37260287746	1.3323951403072232e8	5.253192856215871e6
0.03936000000000008	53615.7417631523	1.3323950799696389e8	5.295812460927865e6
0.03968000000000008	53616.11136908573	1.3323950195656289e8	5.338432061706387e6
0.040000000000000084	53616.4810748602	1.3323949591318665e8	5.381051658359343e6
0.040320000000000085	53616.8510817836	1.3323948986588517e8	5.423671251038667e6
0.040640000000000086	53617.22138741723	1.3323948381431721e8	5.466290839724096e6
0.04096000000000009	53617.591942070394	1.3323947775734577e8	5.508910424317017e6
0.04128000000000009	53617.96269708498	1.332394716972108e8	5.551530004857823e6
0.04160000000000009	53618.33368278612	1.3323946563290901e8	5.594149581330609e6
0.04192000000000009	53618.705019241774	1.3323945956395084e8	5.636769153825666e6
0.04224000000000009	53619.07665839936	1.3323945348821354e8	5.6793887222025e6
0.04256000000000009	53619.448372472965	1.3323944741279429e8	5.722008286538277e6
0.04288000000000009	53619.82046394659	1.3323944133058111e8	5.764627846817783e6
0.04320000000000009	53620.192803687365	1.3323943524397387e8	5.807247403014252e6
0.04352000000000009	53620.56543153919	1.3323942915314476e8	5.84986695516883e6
0.043840000000000094	53620.938259961964	1.3323942305862033e8	5.892486503216573e6
0.044160000000000095	53621.31139664033	1.332394169579402e8	5.935106047148017e6
0.044480000000000096	53621.68474201958	1.3323941085525104e8	5.977725587046274e6
0.0448000000000001	53622.05836276388	1.3323940474735598e8	6.020345122829673e6
0.0451200000000001	53622.43224708658	1.3323939863559675e8	6.062964654542237e6
0.0454400000000001	53622.806467589646	1.3323939251814707e8	6.105584182166318e6
0.0457600000000001	53623.18080904714	1.3323938639863226e8	6.1482037056566505e6
0.0460800000000001	53623.55549199866	1.3323938027303688e8	6.1908232250364795e6
0.0464000000000001	53623.93041980178	1.332393741430885e8	6.233442740287643e6
0.0467200000000001	53624.305680531914	1.3323936800843894e8	6.276062251473418e6
0.0470400000000001	53624.68110195466	1.3323936187083222e8	6.31868175850688e6
0.0473600000000001	53625.05685128577	1.3323935572815756e8	6.361301261444365e6
0.047680000000000104	53625.43282463244	1.3323934958089909e8	6.403920760204837e6
0.048000000000000105	53625.809094099386	1.3323934342909338e8	6.446540254854079e6
0.048320000000000106	53626.18554631037	1.3323933727381743e8	6.489159745331585e6
0.04864000000000011	53626.56234958456	1.3323933111425033e8	6.5317792317540515e6
0.04896000000000011	53626.939386261525	1.3323932494897363e8	6.574398713935673e6
0.04928000000000011	53627.31668600785	1.3323931878058238e8	6.617018192026836e6
0.04960000000000011	53627.694248978696	1.33239312606898e8	6.659637665916384e6
0.04992000000000011	53628.07204564146	1.3323930642973524e8	6.702257135661521e6
0.05024000000000011	53628.45022220262	1.3323930024612913e8	6.744876601248582e6
0.05056000000000011	53628.82848548059	1.3323929406050813e8	6.787496062616561e6
0.05088000000000011	53629.20710444505	1.3323928786919658e8	6.830115519831708e6
0.051200000000000113	53629.586037835805	1.3323928167387512e8	6.87273497293512e6
0.051520000000000114	53629.96525755982	1.3323927547350265e8	6.915354421842362e6
0.051840000000000115	53630.3446191346	1.3323926926961626e8	6.957973866491001e6
0.052160000000000116	53630.724294499334	1.3323926306146006e8	7.000593307001071e6
0.05248000000000012	53631.10426955987	1.33239256847788e8	7.043212743289423e6
0.05280000000000012	53631.484487033376	1.3323925063126335e8	7.0858321754368385e6
0.05312000000000012	53631.86497508657	1.332392444083614e8	7.128451603279783e6
0.05344000000000012	53632.24574240915	1.332392381812828e8	7.171071026937704e6
0.05376000000000012	53632.62677944723	1.3323923195099331e8	7.213690446449201e6
0.05408000000000012	53633.00804444757	1.3323922571568131e8	7.256309861673465e6
0.05440000000000012	53633.38961349636	1.3323921947590478e8	7.298929272707758e6
0.05472000000000012	53633.77146223333	1.3323921323117585e8	7.341548679497779e6
0.055040000000000124	53634.15353841795	1.3323920698319335e8	7.384168082082642e6
0.055360000000000124	53634.53592480049	1.3323920072905815e8	7.426787480376679e6
0.055680000000000125	53634.91858459303	1.3323919447156096e8	7.469406874494334e6
0.056000000000000126	53635.30148535129	1.3323918820905994e8	7.512026264309545e6
0.05632000000000013	53635.68455341104	1.3323918194396499e8	7.554645649883488e6
0.05664000000000013	53636.06803291907	1.3323917567217717e8	7.597265031211667e6
0.05696000000000013	53636.45183606595	1.3323916939498842e8	7.639884408278041e6
0.05728000000000013	53636.83576715595	1.3323916311640441e8	7.682503781122075e6
0.05760000000000013	53637.22001772924	1.3323915683162037e8	7.725123149646059e6
0.05792000000000013	53637.60456336463	1.3323915054162239e8	7.767742513877841e6
0.05824000000000013	53637.98939613693	1.3323914424787974e8	7.81036187389024e6
0.05856000000000013	53638.37447257046	1.3323913794959271e8	7.852981229591624e6
0.058880000000000134	53638.75981077092	1.3323913164701165e8	7.895600581009177e6
0.059200000000000134	53639.145440789005	1.3323912533877724e8	7.938219928086325e6
0.059520000000000135	53639.53129002786	1.3323911902809021e8	7.980839270939593e6
0.059840000000000136	53639.91745424322	1.3323911271140303e8	8.023458609444156e6
0.06016000000000014	53640.30393831333	1.3323910638980688e8	8.066077943664185e6
0.06048000000000014	53640.69061303649	1.3323910006454389e8	8.1086972735483935e6
0.06080000000000014	53641.077594087925	1.3323909373463169e8	8.151316599141993e6
0.06112000000000014	53641.46484757873	1.3323908739988466e8	8.193935920397063e6
0.06144000000000014	53641.85237693118	1.3323908106010672e8	8.236555237299868e6
0.06176000000000014	53642.24019787381	1.3323907471602757e8	8.279174549905134e6
0.06208000000000014	53642.62829544975	1.3323906836737241e8	8.321793858177366e6
0.06240000000000014	53643.01662749127	1.3323906201553921e8	8.364413162159602e6
0.06272000000000014	53643.405255512516	1.332390556576939e8	8.407032461728467e6
0.06304000000000014	53643.7941777132	1.3323904929572958e8	8.44965175699556e6
0.06336000000000014	53644.1833906909	1.3323904292755264e8	8.49227104782081e6
0.06368000000000014	53644.572880772546	1.3323903655614643e8	8.534890334375149e6
0.06400000000000014	53644.96262316441	1.3323903017952073e8	8.577509616504626e6
0.06432000000000014	53645.35261268484	1.3323902379967451e8	8.62012889432772e6
0.06464000000000014	53645.74291402147	1.3323901741458762e8	8.662748167771023e6
0.06496000000000014	53646.133424558284	1.3323901102605611e8	8.705367436849924e6
0.06528000000000014	53646.52436871687	1.3323900462985203e8	8.747986701494686e6
0.06560000000000014	53646.91549116125	1.3323899823024186e8	8.790605961738827e6
0.06592000000000015	53647.30691508669	1.3323899182669565e8	8.833225217659041e6
0.06624000000000015	53647.69861009412	1.3323898541732113e8	8.875844469097532e6
0.06656000000000015	53648.09058930618	1.3323897900481828e8	8.918463716240406e6
0.06688000000000015	53648.48287443811	1.3323897258626586e8	8.961082958909277e6
0.06720000000000015	53648.87535455562	1.3323896616440071e8	9.003702197178477e6
0.06752000000000015	53649.26817170763	1.3323895973758933e8	9.046321431066805e6
0.06784000000000015	53649.66127423056	1.3323895330566408e8	9.088940660509657e6
0.06816000000000015	53650.0546329477	1.332389468691896e8	9.13155988551315e6
0.06848000000000015	53650.448226077635	1.3323894042895344e8	9.174179106106307e6
0.06880000000000015	53650.842189760304	1.332389339827594e8	9.216798322260972e6
0.06912000000000015	53651.23641511264	1.3323892753157897e8	9.25941753393686e6
0.06944000000000015	53651.630914835594	1.3323892107634144e8	9.30203674120528e6
0.06976000000000016	53652.02568929105	1.3323891461734596e8	9.34465594408328e6
0.07008000000000016	53652.42070770361	1.3323890815271588e8	9.387275142406857e6
0.07040000000000016	53652.816155075	1.332389016817878e8	9.42989433629564e6
0.07072000000000016	53653.21172019723	1.3323889520858565e8	9.472513525738543e6
0.07104000000000016	53653.607608581886	1.3323888873007296e8	9.515132710708473e6
0.07136000000000016	53654.00385835507	1.3323888224585116e8	9.557751891206982e6
0.07168000000000016	53654.40030630316	1.3323887575820784e8	9.600371067240708e6
0.07200000000000016	53654.79708921921	1.3323886926453403e8	9.642990238745267e6
0.07232000000000016	53655.194113180354	1.3323886276740023e8	9.685609405813321e6
0.07264000000000016	53655.591514149695	1.3323885626370525e8	9.728228568342134e6
0.07296000000000016	53655.989053380225	1.3323884975798583e8	9.770847726434713e6
0.07328000000000016	53656.38706259405	1.3323884324419002e8	9.813466879952915e6
0.07360000000000017	53656.785236144235	1.332388367270805e8	9.85608602895591e6
0.07392000000000017	53657.18364663321	1.3323883020681268e8	9.89870517351909e6
0.07424000000000017	53657.58240755074	1.3323882368066056e8	9.941324313541876e6
0.07456000000000017	53657.98149785142	1.3323881714885622e8	9.983943449016115e6
0.07488000000000017	53658.380827577	1.3323881061253059e8	1.0026562579937521e7
0.07520000000000017	53658.78046826286	1.3323880407216525e8	1.0069181706403898e7
0.07552000000000017	53659.18036907294	1.3323879752723594e8	1.0111800828324482e7
0.07584000000000017	53659.58061202528	1.3323879097591151e8	1.0154419945631562e7
0.07616000000000017	53659.98103275846	1.332387844222637e8	1.019703905847693e7
0.07648000000000017	53660.3819087521	1.3323877786047274e8	1.023965816666935e7
0.07680000000000017	53660.7829368459	1.332387712958394e8	1.0282277270327786e7
0.07712000000000017	53661.184327307164	1.332387647262034e8	1.0324896369476816e7
0.07744000000000018	53661.58591704886	1.3323875815286967e8	1.0367515464061882e7
0.07776000000000018	53661.987911632415	1.3323875157242417e8	1.041013455400335e7
0.07808000000000018	53662.39013094022	1.3323874498811263e8	1.0452753639381375e7
0.07840000000000018	53662.79257804788	1.3323873840128899e8	1.049537272030101e7
0.07872000000000018	53663.19537017405	1.3323873180737151e8	1.0537991796506943e7
0.07904000000000018	53663.598500253705	1.3323872520867355e8	1.0580610868168376e7
0.07936000000000018	53664.001938734	1.332387186041346e8	1.062322993516902e7
0.07968000000000018	53664.40565861486	1.3323871199463145e8	1.0665848997547995e7
0.08000000000000018	53664.809571346195	1.3323870538261563e8	1.0708468055414913e7
0.08032000000000018	53665.21381022155	1.3323869876536046e8	1.075108710867076e7
0.08064000000000018	53665.6184001554	1.332386921415995e8	1.0793706157230977e7
0.08096000000000018	53666.023355890495	1.332386855119746e8	1.0836325201154487e7
0.08128000000000019	53666.42841114624	1.3323867888070332e8	1.0878944240533479e7
0.08160000000000019	53666.83391050804	1.3323867224187553e8	1.0921563275200479e7
0.08192000000000019	53667.23964542503	1.3323866560067092e8	1.0964182305380657e7
0.08224000000000019	53667.645630672814	1.3323865895317854e8	1.1006801330763435e7
0.08256000000000019	53668.051952709706	1.3323865230111165e8	1.1049420351563297e7
0.08288000000000019	53668.458554421704	1.3323864564407171e8	1.109203936769012e7
0.08320000000000019	53668.86553769448	1.332386389810166e8	1.1134658379145565e7
0.08352000000000019	53669.272747922856	1.332386323137074e8	1.1177277385928884e7
0.08384000000000019	53669.68024802322	1.3323862564070112e8	1.1219896387972435e7
0.08416000000000019	53670.08805591657	1.3323861896472073e8	1.1262515385516053e7
0.0844800000000002	53670.49621730325	1.3323861228139664e8	1.1305134378229281e7
0.0848000000000002	53670.904570103856	1.332386055948121e8	1.134775336630265e7
0.0851200000000002	53671.31323674128	1.3323859890402815e8	1.1390372349764932e7
0.0854400000000002	53671.72227930151	1.3323859220681009e8	1.1432991328477638e7
0.0857600000000002	53672.131617091385	1.3323858550263895e8	1.1475610302315952e7
0.0860800000000002	53672.54115965641	1.3323857879682262e8	1.1518229271647152e7
0.0864000000000002	53672.951078665756	1.332385720850794e8	1.1560848236256355e7
0.0867200000000002	53673.36126941796	1.332385653684239e8	1.160346719612988e7
0.0870400000000002	53673.7718448933	1.3323855864553249e8	1.1646086151250688e7
0.0873600000000002	53674.18252573916	1.332385519205724e8	1.1688705101721523e7
0.0876800000000002	53674.59366913204	1.3323854518755902e8	1.1731324047341425e7
0.0880000000000002	53675.005083710945	1.332385384504266e8	1.1773942988273913e7
0.0883200000000002	53675.416736575244	1.3323853170859021e8	1.1816561924433116e7
0.0886400000000002	53675.82869012731	1.3323852496205862e8	1.1859180855871938e7
0.0889600000000002	53676.24099392337	1.3323851821066524e8	1.1901799782615911e7
0.0892800000000002	53676.653637400756	1.3323851145265138e8	1.1944418704493398e7
0.08960000000000021	53677.06652907874	1.3323850469073772e8	1.19870376216582e7
0.08992000000000021	53677.47968626497	1.332384979242286e8	1.202965653405954e7
0.09024000000000021	53677.89320897225	1.3323849115254538e8	1.2072275441731516e7
0.09056000000000021	53678.30703262445	1.3323848437515615e8	1.211489434456192e7
0.09088000000000021	53678.72114106594	1.3323847759324634e8	1.2157513242638022e7
0.09120000000000021	53679.13560701027	1.3323847080429657e8	1.2200132135791525e7
0.09152000000000021	53679.55026609812	1.3323846401321837e8	1.2242751024315517e7
0.09184000000000021	53679.965299773365	1.3323845721590148e8	1.2285369907995062e7
0.09216000000000021	53680.38063705647	1.3323845041229083e8	1.2327988786754297e7
0.09248000000000021	53680.79628207376	1.3323844360520299e8	1.2370607660851108e7
0.09280000000000022	53681.21223048878	1.3323843679287408e8	1.2413226530114243e7
0.09312000000000022	53681.62849654953	1.3323842997393864e8	1.2455845394424146e7
0.09344000000000022	53682.04502492413	1.3323842315199861e8	1.2498464254060574e7
0.09376000000000022	53682.46178352539	1.3323841632443821e8	1.2541083108746057e7
0.09408000000000022	53682.87905618199	1.332384094899876e8	1.2583701958612638e7
0.09440000000000022	53683.29646281505	1.3323840265300791e8	1.2626320803720701e7
0.09472000000000022	53683.714328641065	1.3323839580781245e8	1.2668939643823456e7
0.09504000000000022	53684.13230626418	1.3323838896192852e8	1.2711558479313593e7
0.09536000000000022	53684.55069302858	1.332383821079477e8	1.2754177309752863e7
0.09568000000000022	53684.96937393364	1.3323837524943292e8	1.2796796135370007e7
0.09600000000000022	53685.38845093971	1.3323836838474408e8	1.283941495609511e7
0.09632000000000022	53685.807794913504	1.3323836151522197e8	1.2882033771934317e7
0.09664000000000023	53686.227361635865	1.3323835464106068e8	1.2924652582861543e7
0.09696000000000023	53686.6473801703	1.3323834776118197e8	1.2967271388974423e7
0.09728000000000023	53687.06755451801	1.3323834087723029e8	1.3009890190159807e7
0.09760000000000023	53687.48816352639	1.3323833398693502e8	1.3052508986443654e7
0.09792000000000023	53687.90903648282	1.3323832709226117e8	1.3095127777857874e7
0.09824000000000023	53688.33019708536	1.332383201917937e8	1.3137746564280367e7
0.09856000000000023	53688.75171355309	1.3323831328611052e8	1.3180365345823748e7
0.09888000000000023	53689.17345389698	1.3323830637703522e8	1.322298412254405e7
0.09920000000000023	53689.59559018275	1.3323829946094906e8	1.3265602894233815e7
0.09952000000000023	53690.018006332655	1.3323829254008447e8	1.3308221661003578e7
0.09984000000000023	53690.44074293876	1.3323828561350936e8	1.3350840422791969e7
0.10016000000000023	53690.86387646175	1.3323827868166256e8	1.339345917970595e7
0.10048000000000024	53691.28719761572	1.3323827174472328e8	1.3436077931569824e7
0.10080000000000024	53691.71088216393	1.332382648024411e8	1.3478696678511336e7
0.10112000000000024	53692.134875080956	1.3323825785647713e8	1.3521315420643512e7
0.10144000000000024	53692.559213295666	1.3323825090297444e8	1.3563934157604458e7
0.10176000000000024	53692.98381871987	1.3323824394573955e8	1.3606552889703816e7
0.10208000000000024	53693.40877930966	1.3323823698172557e8	1.3649171616705695e7
0.10240000000000024	53693.83405578375	1.3323823001472612e8	1.3691790338956458e7
0.10272000000000024	53694.2596626653	1.3323822304037334e8	1.3734409056017298e7
0.10304000000000024	53694.6855195435	1.3323821606218767e8	1.377702776817146e7
0.10336000000000024	53695.11173769551	1.3323820907786354e8	1.3819646475276496e7
0.10368000000000024	53695.53814568774	1.332382020901559e8	1.386226517745814e7
0.10400000000000025	53695.96503921252	1.3323819509508781e8	1.39048838745643e7
0.10432000000000025	53696.39221581337	1.3323818809454137e8	1.3947502566602448e7
0.10464000000000025	53696.819720463456	1.332381810876782e8	1.3990121253519593e7
0.10496000000000025	53697.247466453	1.332381740783722e8	1.4032739935638353e7
0.10528000000000025	53697.67559963803	1.3323816706273131e8	1.4075358612676894e7
0.10560000000000025	53698.10405755815	1.3323816004201265e8	1.4117977284705648e7
0.10592000000000025	53698.53283498491	1.3323815301388136e8	1.416059595146745e7
0.10624000000000025	53698.96186986016	1.3323814598351392e8	1.420321461344936e7
0.10656000000000025	53699.39125455999	1.3323813894596657e8	1.4245833270204706e7
0.10688000000000025	53699.820957209806	1.332381319034481e8	1.428845192193387e7
0.10720000000000025	53700.25101505717	1.332381248545927e8	1.4331070568518613e7
0.10752000000000025	53700.68138333145	1.33238117801998e8	1.4373689210191855e7
0.10784000000000026	53701.112086118104	1.3323811074255455e8	1.4416307846635867e7
0.10816000000000026	53701.5430282776	1.3323810367888285e8	1.4458926478042344e7
0.10848000000000026	53701.97433831604	1.3323809661034587e8	1.450154510445245e7
0.10880000000000026	53702.40606780197	1.332380895340581e8	1.454416372559318e7
0.10912000000000026	53702.837980510056	1.3323808245464253e8	1.4586782341750706e7
0.10944000000000026	53703.27030303349	1.332380753693438e8	1.462940095282209e7
0.10976000000000026	53703.70295712482	1.3323806827619195e8	1.4672019558515413e7
0.11008000000000026	53704.13589612903	1.3323806117984799e8	1.4714638159294384e7
0.11040000000000026	53704.569200621496	1.3323805407768537e8	1.4757256754937373e7
0.11072000000000026	53705.00270221352	1.3323804697268867e8	1.479987534561915e7
0.11104000000000026	53705.43665893783	1.3323803985770456e8	1.484249393077188e7
0.11136000000000026	53705.87088513287	1.3323803274015926e8	1.4885112511047535e7
0.11168000000000027	53706.30542754954	1.3323802561756796e8	1.4927731086207425e7
0.11200000000000027	53706.74040084861	1.3323801848674195e8	1.4970349655991087e7
0.11232000000000027	53707.17550089233	1.3323801135378991e8	1.5012968220806351e7
0.11264000000000027	53707.61115189731	1.3323800421311902e8	1.5055586780397508e7
0.11296000000000027	53708.04699832837	1.3323799706709181e8	1.5098205334708124e7
0.11328000000000027	53708.48316837693	1.3323798991789475e8	1.5140823884094216e7
0.11360000000000027	53708.91976336602	1.3323798275931756e8	1.5183442427936759e7
0.11392000000000027	53709.35667665407	1.3323797559629185e8	1.5226060966693655e7
0.11424000000000027	53709.79379298894	1.3323796843061008e8	1.5268679500463009e7
0.11456000000000027	53710.23132107164	1.3323796125758258e8	1.5311298028889624e7
0.11488000000000027	53710.669144537525	1.3323795407956894e8	1.5353916552134128e7
0.11520000000000027	53711.107358571324	1.3323794689529558e8	1.5396535070128951e7
0.11552000000000028	53711.54585708619	1.332379397062657e8	1.5439153582947526e7
0.11584000000000028	53711.98460142654	1.3323793251185586e8	1.5481772090478618e7
0.11616000000000028	53712.423933257975	1.3323792530851294e8	1.5524390592606071e7
0.11648000000000028	53712.86339254902	1.3323791810435762e8	1.5567009089860197e7
0.11680000000000028	53713.30321218111	1.3323791089231904e8	1.56096275816199e7
0.11712000000000028	53713.74337615552	1.3323790367610116e8	1.5652246068296945e7
0.11744000000000028	53714.18393844328	1.3323789645173064e8	1.5694864549467996e7
0.11776000000000028	53714.624756589175	1.3323788922321849e8	1.57374830254715e7
0.11808000000000028	53715.06589162243	1.3323788199016584e8	1.578010149630996e7
0.11840000000000028	53715.507476535444	1.3323787474902412e8	1.5822719961675808e7
0.11872000000000028	53715.94929362309	1.3323786750376458e8	1.5865338421840454e7
0.11904000000000028	53716.39140331619	1.332378602547602e8	1.5907956876897357e7
0.11936000000000029	53716.833913495924	1.332378529986782e8	1.595057532653985e7
0.11968000000000029	53717.27679651451	1.3323784573567463e8	1.5993193770755086e7
0.12000000000000029	53717.71992197809	1.332378384695436e8	1.6035812209876612e7
0.12032000000000029	53718.163522158255	1.3323783119472793e8	1.6078430643436873e7
0.12064000000000029	53718.60736975753	1.3323782391579632e8	1.6121049071778378e7
0.12096000000000029	53719.051536839484	1.3323781663143744e8	1.6163667494801654e7
0.12128000000000029	53719.49604392162	1.3323780934168081e8	1.6206285912522802e7
0.12160000000000029	53719.94087943392	1.3323780204660897e8	1.6248904324936183e7
0.12192000000000029	53720.38612323206	1.3323779474466464e8	1.6291522731916638e7
0.12224000000000029	53720.831778221356	1.3323778743623623e8	1.6334141133507207e7
0.1225600000000003	53721.27753504704	1.332377801245985e8	1.6376759529831182e7
0.1228800000000003	53721.72381803676	1.3323777280688111e8	1.6419377920904865e7
0.1232000000000003	53722.17035076937	1.3323776548372552e8	1.6461996306558577e7
0.1235200000000003	53722.6172070732	1.3323775815302448e8	1.6504614686591279e7
0.1238400000000003	53723.064487225995	1.3323775081681107e8	1.654723306133505e7
0.1241600000000003	53723.51198297129	1.3323774347747818e8	1.6589851430898895e7
0.1244800000000003	53723.96003661246	1.3323773612913164e8	1.6632469794845602e7
0.1248000000000003	53724.40830933144	1.3323772877635628e8	1.667508815344163e7
0.1251200000000003	53724.85687714401	1.3323772141932179e8	1.6717706506770257e7
0.12544000000000027	53725.305823447736	1.3323771405418351e8	1.6760324854417771e7
0.12576000000000026	53725.75505055005	1.3323770668617284e8	1.6802943196948525e7
0.12608000000000025	53726.204749812845	1.3323769930921727e8	1.6845561533761103e7
0.12640000000000023	53726.65473405263	1.3323769192901705e8	1.6888179865403455e7
0.12672000000000022	53727.10502900019	1.332376845413243e8	1.6930798191356372e7
0.1270400000000002	53727.555726983664	1.3323767714888187e8	1.6973416512041405e7
0.1273600000000002	53728.006688926034	1.332376697509153e8	1.7016034827233624e7
0.12768000000000018	53728.45802695519	1.3323766234756993e8	1.7058653137043826e7
0.12800000000000017	53728.909805445895	1.3323765493607508e8	1.710127144116798e7
0.12832000000000016	53729.3617148899	1.3323764752243051e8	1.714388974009794e7
0.12864000000000014	53729.814259038976	1.3323764009872651e8	1.7186508033252954e7
0.12896000000000013	53730.267013129545	1.3323763267143647e8	1.7229126321087584e7
0.12928000000000012	53730.71999201561	1.3323762524030739e8	1.7271744603578404e7
0.1296000000000001	53731.1735128142	1.3323761779951811e8	1.7314362880243115e7
0.1299200000000001	53731.627250043275	1.332376103553194e8	1.7356981151600827e7
0.13024000000000008	53732.08137317675	1.3323760290549153e8	1.739959941750636e7
0.13056000000000006	53732.535928506135	1.3323759544786301e8	1.7442217677710682e7
0.13088000000000005	53732.990668039936	1.3323758798624526e8	1.7484835932489194e7
0.13120000000000004	53733.44590798306	1.3323758051769441e8	1.7527454181726366e7
0.13152000000000003	53733.90142712987	1.3323757304373485e8	1.7570072425423443e7
0.13184	53734.35736570308	1.3323756556150414e8	1.761269066331932e7
0.13216	53734.813597856686	1.3323755807636951e8	1.765530889600576e7
0.13248	53735.27020172383	1.3323755058564347e8	1.7697927123191446e7
0.13279999999999997	53735.7270973986	1.3323754308829965e8	1.7740545344665054e7
0.13311999999999996	53736.18436791428	1.3323753558589968e8	1.7783163560699817e7
0.13343999999999995	53736.64197861453	1.3323752807721409e8	1.782578177109643e7
0.13375999999999993	53737.09993006176	1.3323752056284685e8	1.78683999759298e7
0.13407999999999992	53737.55840225349	1.3323751303918308e8	1.7911018174865335e7
0.1343999999999999	53738.017065492095	1.3323750551271096e8	1.7953636368480228e7
0.1347199999999999	53738.476153324475	1.3323749797939104e8	1.7996254556429494e7
0.13503999999999988	53738.93559325619	1.3323749043956043e8	1.8038872738688968e7
0.13535999999999987	53739.39529368619	1.3323748289578629e8	1.8081490915520344e7
0.13567999999999986	53739.85541143462	1.3323747534502468e8	1.812410908664214e7
0.13599999999999984	53740.31591263742	1.3323746778818125e8	1.8166727252141148e7
0.13631999999999983	53740.77674245062	1.3323746022571799e8	1.8209345412026774e7
0.13663999999999982	53741.23796654997	1.3323745265671605e8	1.8251963566224456e7
0.1369599999999998	53741.69938209029	1.3323744508455417e8	1.8294581715015233e7
0.1372799999999998	53742.161328796814	1.3323743750355755e8	1.8337199857909933e7
0.13759999999999978	53742.62357232481	1.3323742991631125e8	1.8379817995053172e7
0.13791999999999977	53743.08618983816	1.3323742232361569e8	1.8422436126615576e7
0.13823999999999975	53743.549252577504	1.3323741472345649e8	1.8465054252374493e7
0.13855999999999974	53744.01256671302	1.3323740712037869e8	1.8507672372785106e7
0.13887999999999973	53744.476302650124	1.3323739950907362e8	1.8550290487253845e7
0.1391999999999997	53744.94030839572	1.332373918923915e8	1.8592908596038327e7
0.1395199999999997	53745.404709620474	1.3323738427073728e8	1.863552669929776e7
0.1398399999999997	53745.86946103179	1.3323737664287187e8	1.8678144796814762e7
0.14015999999999967	53746.334690033545	1.3323736900665748e8	1.8720762888392948e7
0.14047999999999966	53746.800116704595	1.3323736136612406e8	1.8763380974349372e7
0.14079999999999965	53747.26599070425	1.3323735371964726e8	1.88059990546655e7
0.14111999999999963	53747.732331855244	1.3323734606459051e8	1.884861712898015e7
0.14143999999999962	53748.198837839045	1.3323733840742305e8	1.889123519794008e7
0.1417599999999996	53748.66577148388	1.3323733074284211e8	1.893385326101696e7
0.1420799999999996	53749.1330358075	1.3323732307204965e8	1.897647131829084e7
0.14239999999999958	53749.6007718778	1.3323731539407235e8	1.9019089369737808e7
0.14271999999999957	53750.068766153534	1.3323730771198912e8	1.906170741560688e7
0.14303999999999956	53750.53724604416	1.33237300020982e8	1.9104325455399577e7
0.14335999999999954	53751.005981863185	1.332372923260201e8	1.9146943489622485e7
0.14367999999999953	53751.475136651075	1.3323728462424327e8	1.9189561518000226e7
0.14399999999999952	53751.94459023262	1.3323727691690262e8	1.9232179540603153e7
0.1443199999999995	53752.41454213299	1.3323726920171727e8	1.927479755726718e7
0.1446399999999995	53752.88480614127	1.3323726148138963e8	1.9317415568215907e7
0.14495999999999948	53753.355350465295	1.3323725375695443e8	1.9360033573566906e7
0.14527999999999947	53753.82629092279	1.3323724602446578e8	1.9402651572841696e7
0.14559999999999945	53754.29760598428	1.3323723828738153e8	1.944526956651723e7
0.14591999999999944	53754.7693865011	1.3323723054104692e8	1.9487887553987116e7
0.14623999999999943	53755.241439838326	1.3323722279044655e8	1.9530505535806503e7
0.1465599999999994	53755.71393821631	1.3323721503285761e8	1.9573123511718966e7
0.1468799999999994	53756.1867417241	1.3323720727016374e8	1.961574148187467e7
0.1471999999999994	53756.65996148601	1.332371995001317e8	1.9658359446034458e7
0.14751999999999937	53757.13347499613	1.3323719172425276e8	1.970097740430645e7
0.14783999999999936	53757.60746070302	1.3323718394248258e8	1.974359535683025e7
0.14815999999999935	53758.08168892136	1.3323717615503128e8	1.9786213303435236e7
0.14847999999999933	53758.55634026922	1.3323716836090693e8	1.9828831244122237e7
0.14879999999999932	53759.0314982712	1.3323716055919483e8	1.9871449178819433e7
0.1491199999999993	53759.50690774371	1.3323715275211065e8	1.991406710763231e7
0.1494399999999993	53759.982713838035	1.3323714493921149e8	1.9956685030612756e7
0.14975999999999928	53760.45891907211	1.3323713711960883e8	1.9999302947623875e7
0.15007999999999927	53760.93537300327	1.3323712929507886e8	2.004192085879756e7
0.15039999999999926	53761.41231197331	1.3323712146300912e8	2.008453876393673e7
0.15071999999999924	53761.8895903659	1.3323711362447457e8	2.0127156663072012e7
0.15103999999999923	53762.367272972115	1.3323710578071226e8	2.016977455643874e7
0.15135999999999922	53762.84532129728	1.3323709792932162e8	2.021239244363548e7
0.1516799999999992	53763.32372927177	1.3323709007259475e8	2.025501032499708e7
0.1519999999999992	53763.80253185947	1.332370822097179e8	2.029762820042403e7
0.15231999999999918	53764.28180388692	1.3323707433819735e8	2.034024606959363e7
0.15263999999999917	53764.761305825145	1.3323706646284488e8	2.0382863933028635e7
0.15295999999999915	53765.24123695452	1.3323705858060963e8	2.0425481790427286e7
0.15327999999999914	53765.721540998915	1.3323705069295755e8	2.0468099641959615e7
0.15359999999999913	53766.20224611354	1.3323704279691124e8	2.0510717487186562e7
0.1539199999999991	53766.683276132135	1.3323703489627166e8	2.055333532662029e7
0.1542399999999991	53767.164789367715	1.332370269872909e8	2.0595953159811884e7
0.1545599999999991	53767.64655122684	1.3323701907430583e8	2.0638570987224855e7
0.15487999999999907	53768.128877148505	1.3323701115165263e8	2.0681188808244493e7
0.15519999999999906	53768.61143538443	1.3323700322569314e8	2.072380662356806e7
0.15551999999999905	53769.09442067537	1.33236995292647e8	2.0766424432768706e7
0.15583999999999903	53769.57780111759	1.3323698735263313e8	2.080904223583081e7
0.15615999999999902	53770.06148390733	1.3323697940750143e8	2.085166003295787e7
0.156479999999999	53770.54567950248	1.3323697145322672e8	2.089427782369236e7
0.156799999999999	53771.03021826659	1.3323696349381134e8	2.0936895608509526e7
0.15711999999999898	53771.515019408274	1.3323695552985932e8	2.097951338743092e7
0.15743999999999897	53772.00039111759	1.3323694755700985e8	2.1022131160025034e7
0.15775999999999896	53772.486039767035	1.3323693957851256e8	2.106474892654814e7
0.15807999999999894	53772.97198667648	1.3323693159514394e8	2.110736668713524e7
0.15839999999999893	53773.45850275059	1.3323692360272814e8	2.1149984441347912e7
0.15871999999999892	53773.94532127713	1.332369156052278e8	2.1192602189581495e7
0.1590399999999989	53774.432543846386	1.3323690760116746e8	2.12352199316816e7
0.1593599999999989	53774.92009253371	1.3323689959029435e8	2.127783766753575e7
0.15967999999999888	53775.40815049384	1.3323689157268482e8	2.1320455397303186e7
0.15999999999999887	53775.89654769782	1.332368835485211e8	2.1363073120863292e7
0.16031999999999885	53776.38532965687	1.3323687551781431e8	2.1405690838249445e7
0.16063999999999884	53776.87445461432	1.3323686748188174e8	2.1448308549631555e7
0.16095999999999883	53777.363969968465	1.3323685943865104e8	2.1490926254710477e7
0.1612799999999988	53777.853938037624	1.3323685138861412e8	2.153354395361044e7
0.1615999999999988	53778.34420831108	1.3323684333256887e8	2.1576161646327216e7
0.1619199999999988	53778.83502255935	1.3323683526850557e8	2.1618779332731966e7
0.16223999999999877	53779.32618127375	1.3323682719853228e8	2.166139701299134e7
0.16255999999999876	53779.8175615501	1.3323681912335394e8	2.1704014687110998e7
0.16287999999999875	53780.30954735137	1.332368110398893e8	2.1746632354905285e7
0.16319999999999873	53780.801778615685	1.332368029502469e8	2.1789250016408473e7
0.16351999999999872	53781.29445563354	1.3323679485468228e8	2.1831867671823725e7
0.1638399999999987	53781.78760862424	1.3323678675191556e8	2.1874485320960503e7
0.1641599999999987	53782.281069778765	1.3323677864274943e8	2.1917102963802937e7
0.16447999999999868	53782.774907076215	1.3323677052695918e8	2.195972060036443e7
0.16479999999999867	53783.26920229995	1.3323676240542994e8	2.200233823085244e7
0.16511999999999866	53783.76384458406	1.3323675427624193e8	2.2044955854851454e7
0.16543999999999864	53784.25894922685	1.332367461388374e8	2.2087573472357746e7
0.16575999999999863	53784.75439517391	1.3323673799620283e8	2.2130191083757028e7
0.16607999999999862	53785.25018728351	1.3323672984937546e8	2.2172808689220272e7
0.1663999999999986	53785.74647050343	1.332367216923025e8	2.221542628785676e7
0.1667199999999986	53786.24307584314	1.3323671353135775e8	2.2258043880578015e7
0.16703999999999858	53786.740107287886	1.3323670536257984e8	2.230066146680491e7
0.16735999999999857	53787.23750586361	1.3323669718663773e8	2.234327904659238e7
0.16767999999999855	53787.73541770367	1.3323668900406104e8	2.2385896620143626e7
0.16799999999999854	53788.233697120595	1.3323668081347361e8	2.2428514187099375e7
0.16831999999999853	53788.73230435516	1.3323667261811906e8	2.247113174796449e7
0.1686399999999985	53789.231412818765	1.3323666441524225e8	2.2513749302413616e7
0.1689599999999985	53789.73081906619	1.3323665620707315e8	2.2556366850646757e7
0.1692799999999985	53790.23068119275	1.3323664798946927e8	2.2598984392088637e7
0.16959999999999847	53790.73098449067	1.3323663976759191e8	2.2641601927592903e7
0.16991999999999846	53791.23163578807	1.3323663153748123e8	2.2684219456404842e7
0.17023999999999845	53791.73266457921	1.3323662330104937e8	2.27268369788662e7
0.17055999999999844	53792.234104446536	1.332366150590671e8	2.276945449512987e7
0.17087999999999842	53792.735879657106	1.3323660681013998e8	2.2812072004889052e7
0.1711999999999984	53793.23825594323	1.3323659855135372e8	2.285468950785807e7
0.1715199999999984	53793.7409222851	1.3323659028866497e8	2.2897307004790895e7
0.17183999999999838	53794.24410722764	1.3323658201777911e8	2.293992449513479e7
0.17215999999999837	53794.7476045506	1.3323657373962823e8	2.298254197887113e7
0.17247999999999836	53795.25142775072	1.3323656545652547e8	2.3025159456402786e7
0.17279999999999834	53795.7557935552	1.3323655716463836e8	2.3067776927241717e7
0.17311999999999833	53796.26049003238	1.332365488669595e8	2.3110394391721804e7
0.17343999999999832	53796.76561224354	1.3323654056374079e8	2.3153011849959437e7
0.1737599999999983	53797.271144952894	1.3323653225237918e8	2.319562930148399e7
0.1740799999999983	53797.777085102956	1.3323652393316536e8	2.3238246746335324e7
0.17439999999999828	53798.283542541874	1.3323651560739696e8	2.3280864184822522e7
0.17471999999999827	53798.79021718745	1.3323650727607647e8	2.332348161686629e7
0.17503999999999825	53799.297532614466	1.3323649893541919e8	2.3366099042148046e7
0.17535999999999824	53799.805009467906	1.3323649059138407e8	2.3408716461307883e7
0.17567999999999823	53800.31295558377	1.3323648223930635e8	2.345133387377665e7
0.1759999999999982	53800.821348819605	1.3323647388037255e8	2.349395127973676e7
0.1763199999999982	53801.33028665542	1.3323646551169775e8	2.3536568678752817e7
0.1766399999999982	53801.83957822904	1.3323645713794693e8	2.3579186071481835e7
0.17695999999999817	53802.349205648774	1.3323644875770989e8	2.3621803457654316e7
0.17727999999999816	53802.85925558046	1.3323644037037063e8	2.3664420837225813e7
0.17759999999999815	53803.36973217173	1.3323643197679609e8	2.370703821034648e7
0.17791999999999814	53803.88071806995	1.3323642357301193e8	2.3749655576370746e7
0.17823999999999812	53804.39201861791	1.3323641516531438e8	2.3792272936250605e7
0.1785599999999981	53804.9037241	1.3323640675058396e8	2.3834890289499145e7
0.1788799999999981	53805.415863901624	1.3323639832839735e8	2.3877507636057634e7
0.17919999999999808	53805.928497977955	1.3323638989892222e8	2.3920124975997746e7
0.17951999999999807	53806.4413998025	1.3323638146311921e8	2.3962742309298612e7
0.17983999999999806	53806.954873189614	1.3323637301948231e8	2.4005359635932237e7
0.18015999999999804	53807.46864877741	1.3323636456858961e8	2.404797695577386e7
0.18047999999999803	53807.98290108247	1.3323635611071655e8	2.4090594269008957e7
0.18079999999999802	53808.497576291986	1.3323634764642745e8	2.4133211575688317e7
0.181119999999998	53809.0126581019	1.3323633917470233e8	2.4175828875607286e7
0.181439999999998	53809.528143250915	1.3323633069608426e8	2.42184461688542e7
0.18175999999999798	53810.044092517324	1.3323632221045284e8	2.42610634554499e7
0.18207999999999797	53810.56047685512	1.3323631371767609e8	2.430368073533942e7
0.18239999999999795	53811.07729593483	1.3323630521628134e8	2.43462980082466e7
0.18271999999999794	53811.5944224432	1.3323629671032704e8	2.438891527480026e7
0.18303999999999793	53812.112140746875	1.3323628819513278e8	2.443153253437133e7
0.1833599999999979	53812.63014061032	1.3323627967427723e8	2.4474149787353225e7
0.1836799999999979	53813.14858651296	1.3323627114693631e8	2.4516767033723123e7
0.1839999999999979	53813.66748144431	1.3323626261089823e8	2.455938427306985e7
0.18431999999999787	53814.18684798715	1.3323625406696814e8	2.460200150555145e7
0.18463999999999786	53814.70654977549	1.3323624551843815e8	2.464461873165656e7
0.18495999999999785	53815.22683790105	1.3323623696079884e8	2.468723595075103e7
0.18527999999999784	53815.747350386315	1.3323622839680068e8	2.472985316304025e7
0.18559999999999782	53816.2684660624	1.3323621982386568e8	2.4772470368347943e7
0.1859199999999978	53816.78993153858	1.3323621124585696e8	2.48150875671769e7
0.1862399999999978	53817.31177929738	1.3323620266051543e8	2.4857704759127624e7
0.18655999999999778	53817.83404558174	1.3323619406893769e8	2.4900321944426756e7
0.18687999999999777	53818.35687483517	1.3323618546707106e8	2.4942939122428007e7
0.18719999999999776	53818.880093208	1.3323617685756893e8	2.4985556293476366e7
0.18751999999999774	53819.403718161586	1.3323616824369831e8	2.502817345819094e7
0.18783999999999773	53819.927694307364	1.332361596225036e8	2.507079061596698e7
0.18815999999999772	53820.45225060082	1.332361509920581e8	2.5113407766620476e7
0.1884799999999977	53820.97722715063	1.3323614235571142e8	2.515602491064356e7
0.1887999999999977	53821.502461962744	1.3323613371363768e8	2.519864204793163e7
0.18911999999999768	53822.028257973565	1.3323612506135711e8	2.524125917787737e7
0.18943999999999767	53822.55451346766	1.3323611640232019e8	2.5283876301041663e7
0.18975999999999765	53823.081141582414	1.3323610773732084e8	2.5326493417497844e7
0.19007999999999764	53823.60825799693	1.3323609906233053e8	2.536911052656779e7
0.19039999999999763	53824.13584419057	1.3323609038182408e8	2.5411727629078444e7
0.1907199999999976	53824.66364598602	1.3323608169647798e8	2.545434472494739e7
0.1910399999999976	53825.19211990105	1.3323607300093302e8	2.549696181351524e7
0.1913599999999976	53825.72091788186	1.3323606429779205e8	2.5539578894988198e7
0.19167999999999757	53826.250215116655	1.3323605558953732e8	2.5582195969976075e7
0.19199999999999756	53826.78002579083	1.3323604687094037e8	2.5624813037481066e7
0.19231999999999755	53827.3101318657	1.3323603814712659e8	2.5667430098302364e7
0.19263999999999754	53827.840687549346	1.3323602941453966e8	2.571004715187409e7
0.19295999999999752	53828.37178982775	1.3323602067521507e8	2.5752664198658433e7
0.1932799999999975	53828.903240083964	1.3323601192798093e8	2.5795281238261662e7
0.1935999999999975	53829.43509747516	1.3323600317463244e8	2.5837898271071114e7
0.19391999999999748	53829.967549782516	1.3323599441313747e8	2.588051529683781e7
0.19423999999999747	53830.50029599088	1.3323598564411223e8	2.592313231543052e7
0.19455999999999746	53831.03355606473	1.3323597686732815e8	2.596574932697442e7
0.19487999999999744	53831.56720739954	1.3323596808394863e8	2.600836633158959e7
0.19519999999999743	53832.10144974197	1.3323595929162607e8	2.6050983328971818e7
0.19551999999999742	53832.6359307987	1.3323595049364708e8	2.6093600319471143e7
0.1958399999999974	53833.17102929696	1.3323594168599617e8	2.6136217302600063e7
0.1961599999999974	53833.70644511995	1.3323593287350312e8	2.617883427905487e7
0.19647999999999738	53834.24238962991	1.3323592405193053e8	2.6221451248167876e7
0.19679999999999737	53834.77872274066	1.3323591522328688e8	2.6264068210212614e7
0.19711999999999735	53835.31556843947	1.3323590638700928e8	2.6306685165170506e7
0.19743999999999734	53835.85271538197	1.3323589754413241e8	2.6349302113068406e7
0.19775999999999733	53836.39053761959	1.3323588869096866e8	2.6391919053470507e7
0.1980799999999973	53836.92867598863	1.3323587983120605e8	2.6434535986808784e7
0.1983999999999973	53837.46723529372	1.3323587096746127e8	2.6477152913679767e7
0.1987199999999973	53838.006246677825	1.33235862093096e8	2.6519769832785014e7
0.19903999999999727	53838.54584912476	1.332358532099508e8	2.656238674459156e7
0.19935999999999726	53839.085809980075	1.3323584432057077e8	2.6605003649411526e7
0.19967999999999725	53839.62624501272	1.3323583542365812e8	2.6647620547072098e7
0.19999999999999724	53840.16714067581	1.3323582651869664e8	2.66902374374515e7
0.20031999999999722	53840.70843601972	1.3323581760734102e8	2.67328543208243e7
0.2006399999999972	53841.25022153321	1.3323580868725234e8	2.6775471196787022e7
0.2009599999999972	53841.79245962499	1.3323579975941525e8	2.6818088065498654e7
0.20127999999999718	53842.3350817159	1.3323579082577302e8	2.6860704927287687e7
0.20159999999999717	53842.87834331803	1.3323578188105065e8	2.690332178128874e7
0.20191999999999716	53843.42182598581	1.3323577293224436e8	2.6945938628569283e7
0.20223999999999714	53843.96586972091	1.3323576397395903e8	2.6988555468305323e7
0.20255999999999713	53844.5104011682	1.3323575500901462e8	2.703117230099993e7
0.20287999999999712	53845.05546107888	1.3323574603361678e8	2.7073789125908926e7
0.2031999999999971	53845.600820706626	1.332357370541198e8	2.7116405944130696e7
0.2035199999999971	53846.14660040296	1.3323572806696002e8	2.7159022755031608e7
0.20383999999999708	53846.69304803398	1.3323571906733592e8	2.7201639557822485e7
0.20415999999999707	53847.23982732024	1.3323571006512746e8	2.724425635424021e7
0.20447999999999705	53847.78707795361	1.3323570105278105e8	2.728687314284853e7
0.20479999999999704	53848.33485747295	1.3323569203218119e8	2.7329489924068976e7
0.20511999999999703	53848.883061334265	1.3323568300393608e8	2.7372106697934765e7
0.20543999999999701	53849.431733772704	1.3323567396919252e8	2.74147234647089e7
0.205759999999997	53849.98092332332	1.3323566492374627e8	2.7457340223558176e7
0.206079999999997	53850.53038787352	1.3323565587449798e8	2.7499956975701682e7
0.20639999999999697	53851.0803059003	1.3323564681875555e8	2.7542573720721506e7
0.20671999999999696	53851.63091346388	1.3323563775089318e8	2.758519045763527e7
0.20703999999999695	53852.18201270171	1.3323562867339392e8	2.7627807186787862e7
0.20735999999999694	53852.73346889195	1.3323561959182708e8	2.7670423909217637e7
0.20767999999999692	53853.28531370809	1.3323561050266455e8	2.7713040624212723e7
0.2079999999999969	53853.83768975374	1.3323560140443936e8	2.775565733157326e7
0.2083199999999969	53854.39046695101	1.3323559229935211e8	2.7798274031645495e7
0.20863999999999688	53854.94385584202	1.3323558318467611e8	2.784089072402017e7
0.20895999999999687	53855.49753887086	1.3323557406400795e8	2.7883507409187835e7
0.20927999999999686	53856.051917584664	1.3323556493329452e8	2.792612408661173e7
0.20959999999999684	53856.606572330325	1.3323555579675166e8	2.7968740756833497e7
0.20991999999999683	53857.16180630789	1.3323554665131931e8	2.8011357419444453e7
0.21023999999999682	53857.71744382881	1.3323553749833263e8	2.8053974074577466e7
0.2105599999999968	53858.27356162482	1.3323552833818671e8	2.8096590722368658e7
0.2108799999999968	53858.83023989921	1.3323551916714785e8	2.813920736208662e7
0.21119999999999678	53859.38724563376	1.3323550999224836e8	2.818182399502178e7
0.21151999999999677	53859.94478154429	1.3323550080752838e8	2.822444062006932e7
0.21183999999999675	53860.50286887671	1.3323549161266226e8	2.8267057237167075e7
0.21215999999999674	53861.06133832659	1.3323548241269426e8	2.8309673847241566e7
0.21247999999999673	53861.62036122119	1.3323547320343152e8	2.8352290449531563e7
0.21279999999999671	53862.17980992938	1.3323546398576154e8	2.8394907044115994e7
0.2131199999999967	53862.73981363955	1.33235454759299e8	2.843752363100592e7
0.2134399999999967	53863.30031754318	1.3323544552556235e8	2.848014021047335e7
0.21375999999999667	53863.86110432054	1.3323543628538188e8	2.8522756782517448e7
0.21407999999999666	53864.42249291505	1.3323542703634347e8	2.8565373346865598e7
0.21439999999999665	53864.98430064189	1.3323541778073068e8	2.8607989903854795e7
0.21471999999999664	53865.54667798799	1.3323540851388897e8	2.865060645259708e7
0.21503999999999662	53866.10943458644	1.3323539924180214e8	2.8693222994218454e7
0.2153599999999966	53866.67277196038	1.3323538995828804e8	2.873583952754025e7
0.2156799999999966	53867.236533818184	1.3323538066895069e8	2.8778456053637035e7
0.21599999999999658	53867.80078440575	1.3323537137207437e8	2.882107257218258e7
0.21631999999999657	53868.36553558629	1.3323536206514615e8	2.8863689082634885e7
0.21663999999999656	53868.93071695204	1.3323535275120905e8	2.89063055855879e7
0.21695999999999654	53869.49647218911	1.332353434286615e8	2.894892208079952e7
0.21727999999999653	53870.06271790438	1.3323533409881008e8	2.899153856847955e7
0.21759999999999652	53870.62943868772	1.3323532475914694e8	2.9034155048062738e7
0.2179199999999965	53871.19646035904	1.3323531541509452e8	2.907677152058465e7
0.2182399999999965	53871.764161360734	1.3323530605928756e8	2.9119387984729238e7
0.21855999999999648	53872.33230893255	1.3323529669662501e8	2.9162004441373385e7
0.21887999999999647	53872.90095808088	1.3323528732368524e8	2.9204620889804132e7
0.21919999999999645	53873.4701034591	1.3323527794452494e8	2.9247237330896176e7
0.21951999999999644	53874.03971625666	1.3323526855602492e8	2.928985376393586e7
0.21983999999999643	53874.6098471162	1.3323525916021678e8	2.9332470189399906e7
0.22015999999999641	53875.180309337586	1.3323524975782207e8	2.937508660729406e7
0.2204799999999964	53875.751459637715	1.3323524034334742e8	2.9417703016678575e7
0.2207999999999964	53876.32302583537	1.3323523092288257e8	2.9460319418673724e7
0.22111999999999638	53876.89510934916	1.3323522149394886e8	2.950293581280426e7
0.22143999999999636	53877.46774818511	1.3323521205449778e8	2.954555219863753e7
0.22175999999999635	53878.04081629863	1.3323520260928676e8	2.958816857711982e7
0.22207999999999634	53878.614301956695	1.3323519315621603e8	2.9630784947769746e7
0.22239999999999632	53879.18838573945	1.332351836926442e8	2.967340131013233e7
0.2227199999999963	53879.76280984453	1.3323517422394513e8	2.97160176651934e7
0.2230399999999963	53880.337845677	1.3323516474499515e8	2.9758634012015805e7
0.22335999999999628	53880.91352718101	1.3323515525541545e8	2.980125035053085e7
0.22367999999999627	53881.489408851034	1.3323514576199141e8	2.9843866681899622e7
0.22399999999999626	53882.06597240882	1.3323513625634223e8	2.988648300461475e7
0.22431999999999624	53882.64309819655	1.3323512674283081e8	2.9929099319549717e7
0.22463999999999623	53883.22048835501	1.332351172235193e8	2.9971715626928724e7
0.22495999999999622	53883.79860976518	1.3323510769298065e8	3.0014331925886936e7
0.2252799999999962	53884.37712314991	1.3323509815488632e8	3.005694821697713e7
0.2255999999999962	53884.95610575983	1.3323508860846038e8	3.0099564500076458e7
0.22591999999999618	53885.53569481568	1.3323507905389366e8	3.0142180775325786e7
0.22623999999999617	53886.11572228045	1.3323506949021557e8	3.018479704236713e7
0.22655999999999615	53886.69631635817	1.3323505991815181e8	3.0227413301454887e7
0.22687999999999614	53887.27730066576	1.3323505033785927e8	3.0270029552479688e7
0.22719999999999613	53887.85888059072	1.3323504074977523e8	3.0312645795691337e7
0.22751999999999611	53888.440786662795	1.3323503115496846e8	3.0355262031116784e7
0.2278399999999961	53889.0235061171	1.3323502154612078e8	3.039787825745812e7
0.2281599999999961	53889.60667369359	1.3323501193001105e8	3.0440494475965824e7
0.22847999999999608	53890.19006872026	1.3323500230837926e8	3.048311068685979e7
0.22879999999999606	53890.7741280009	1.3323499267867525e8	3.0525726889887888e7
0.22911999999999605	53891.35879958594	1.3323498303711069e8	3.0568343084133696e7
0.22943999999999604	53891.94394821962	1.3323497338775517e8	3.061095927041476e7
0.22975999999999602	53892.52953741081	1.3323496373207699e8	3.0653575449032377e7
0.230079999999996	53893.11552724575	1.3323495406762825e8	3.0696191619386114e7
0.230399999999996	53893.70229748928	1.3323494439087301e8	3.0738807780944757e7
0.23071999999999598	53894.28953437083	1.332349347068764e8	3.0781423934622988e7
0.23103999999999597	53894.87710015326	1.3323492501547816e8	3.0824040080270473e7
0.23135999999999596	53895.465250962574	1.3323491531616911e8	3.086665621795885e7
0.23167999999999594	53896.05405762772	1.332349056057142e8	3.0909272346984882e7
0.23199999999999593	53896.64315726136	1.3323489588820256e8	3.095188846800723e7
0.23231999999999592	53897.2329038658	1.3323488616186747e8	3.0994504580880146e7
0.2326399999999959	53897.82306267989	1.3323487642825826e8	3.1037120685774833e7
0.2329599999999959	53898.413859302105	1.332348666841073e8	3.107973678209573e7
0.23327999999999588	53899.00516804812	1.3323485693072024e8	3.1122352870040316e7
0.23359999999999587	53899.59690504971	1.3323484717120211e8	3.1164968950260293e7
0.23391999999999585	53900.18924457529	1.3323483739982244e8	3.1207585021542396e7
0.23423999999999584	53900.78209357862	1.3323482762124248e8	3.1250201084895264e7
0.23455999999999583	53901.375330176	1.3323481783500063e8	3.1292817140109923e7
0.23487999999999581	53901.969210843796	1.3323480803939043e8	3.1335433186974067e7
0.2351999999999958	53902.56361304475	1.3323479823338276e8	3.1378049225142326e7
0.2355199999999958	53903.158592070315	1.3323478841814409e8	3.14206652549212e7
0.23583999999999578	53903.753983358205	1.3323477859658176e8	3.1463281276861202e7
0.23615999999999576	53904.34995635245	1.3323476876378301e8	3.150589728992509e7
0.23647999999999575	53904.94637576879	1.3323475892506234e8	3.1548513295255005e7
0.23679999999999574	53905.54344667282	1.3323474907507837e8	3.159112929173649e7
0.23711999999999572	53906.14100142551	1.3323473921845038e8	3.1633745280325554e7
0.2374399999999957	53906.73909574365	1.3323472934947218e8	3.1676361259702954e7
0.2377599999999957	53907.33766391285	1.3323471947457236e8	3.1718977231334694e7
0.23807999999999568	53907.93672930004	1.3323470959000525e8	3.1761593194340665e7
0.23839999999999567	53908.53632769783	1.3323469969806825e8	3.180420914928607e7
0.23871999999999566	53909.13657167227	1.332346897932067e8	3.1846825094923012e7
0.23903999999999564	53909.737320187836	1.3323467988073778e8	3.188944103240215e7
0.23935999999999563	53910.33852546923	1.33234669961482e8	3.1932056961875763e7
0.23967999999999562	53910.94018084949	1.3323466003383993e8	3.1974672882948473e7
0.2399999999999956	53911.54255789375	1.3323465009464216e8	3.2017288795057535e7
0.2403199999999956	53912.14543516474	1.3323464014650212e8	3.2059904698650986e7
0.24063999999999558	53912.748796918684	1.3323463019037381e8	3.2102520593937393e7
0.24095999999999557	53913.35267035816	1.332346202255131e8	3.2145136480749957e7
0.24127999999999555	53913.95710596835	1.3323461025150147e8	3.2187752359017123e7
0.24159999999999554	53914.56212556232	1.3323460026757456e8	3.2230368228561446e7
0.24191999999999553	53915.16763224622	1.3323459027408126e8	3.2272984089383796e7
0.24223999999999551	53915.77374612967	1.3323458027270289e8	3.231559994197282e7
0.2425599999999955	53916.38023152695	1.3323457026204965e8	3.2358215785804734e7
0.2428799999999955	53916.98738019483	1.3323456024266276e8	3.2400831621222623e7
0.24319999999999548	53917.594985657146	1.3323455021419217e8	3.2443447447976075e7
0.24351999999999546	53918.20321131549	1.3323454017564134e8	3.2486063265936874e7
0.24383999999999545	53918.81184372719	1.3323453013090004e8	3.252867907588181e7
0.24415999999999544	53919.42123396176	1.3323452007249436e8	3.2571294876245093e7
0.24447999999999542	53920.031029270154	1.3323451000830127e8	3.261391066867212e7
0.2447999999999954	53920.641412456025	1.3323449993408825e8	3.2656526452258877e7
0.2451199999999954	53921.252387571316	1.3323448984883137e8	3.2699142226747263e7
0.24543999999999538	53921.86379149256	1.332344797571206e8	3.2741757993129574e7
0.24575999999999537	53922.475833346485	1.3323446965468904e8	3.2784373750508305e7
0.24607999999999536	53923.08831101128	1.3323445954489085e8	3.282698949954556e7
0.24639999999999534	53923.70137032881	1.3323444942529488e8	3.286960523974472e7
0.24671999999999533	53924.315070981385	1.3323443929440062e8	3.2912220970770568e7
0.24703999999999532	53924.92927180767	1.3323442915566078e8	3.2954836693358317e7
0.2473599999999953	53925.54398724124	1.3323441900674129e8	3.2997452406933457e7
0.2476799999999953	53926.15933037	1.3323440884987883e8	3.3040068112124786e7
0.24799999999999528	53926.775095721954	1.3323439868396553e8	3.3082683808494806e7
0.24831999999999527	53927.39150060594	1.3323438850817586e8	3.3125299495992772e7
0.24863999999999525	53928.008393314856	1.3323437832429938e8	3.3167915174939565e7
0.24895999999999524	53928.6260047691	1.3323436812599525e8	3.3210530843921762e7
0.24927999999999523	53929.244100682976	1.332343579219778e8	3.3253146504921257e7
0.24959999999999521	53929.86262272463	1.3323434770933662e8	3.3295762157161877e7
0.2499199999999952	53930.481775081134	1.3323433748754546e8	3.3338377800656576e7
0.2502399999999952	53931.10144097559	1.3323432725743909e8	3.3380993435517304e7
0.2505599999999952	53931.721781955086	1.3323431701400319e8	3.3423609060600266e7
0.25087999999999516	53932.34259878518	1.3323430676410773e8	3.3466224677466307e7
0.25119999999999515	53932.96394932751	1.3323429650202455e8	3.350884028471318e7
0.25151999999999514	53933.585949964996	1.3323428623305851e8	3.3551455883750062e7
0.2518399999999951	53934.20836891266	1.3323427595542808e8	3.3594071473947644e7
0.2521599999999951	53934.83146180308	1.3323426566683137e8	3.363668705490795e7
0.2524799999999951	53935.4550424211	1.3323425536841998e8	3.367930262677134e7
0.2527999999999951	53936.07928169427	1.3323424505959341e8	3.372191818950384e7
0.25311999999999507	53936.70392929369	1.3323423474568523e8	3.37645337442579e7
0.25343999999999506	53937.329359626485	1.3323422441820566e8	3.380714928915611e7
0.25375999999999505	53937.95510952002	1.332342140832069e8	3.384976482537485e7
0.25407999999999503	53938.58152603009	1.33234203737303e8	3.389238035230518e7
0.254399999999995	53939.20862880848	1.3323419338099484e8	3.3934995870078065e7
0.254719999999995	53939.83612764788	1.3323418301627758e8	3.397761137897477e7
0.255039999999995	53940.464214015956	1.3323417264280748e8	3.402022687904182e7
0.255359999999995	53941.093029440846	1.3323416225913465e8	3.40628423700054e7
0.25567999999999497	53941.7223614534	1.3323415186395945e8	3.410545785136456e7
0.25599999999999495	53942.35224076719	1.3323414145977025e8	3.414807332376764e7
0.25631999999999494	53942.98255503036	1.332341310496686e8	3.4190688787916906e7
0.2566399999999949	53943.61357508671	1.3323412062695593e8	3.423330424228847e7
0.2569599999999949	53944.24505193339	1.3323411019568756e8	3.427591968772659e7
0.2572799999999949	53944.87713862464	1.3323409975451273e8	3.4318535123988755e7
0.2575999999999949	53945.50995024553	1.3323408930284068e8	3.436115055099814e7
0.2579199999999949	53946.14313401473	1.3323407884236807e8	3.4403765968919784e7
0.25823999999999486	53946.77709338657	1.3323406837048033e8	3.444638137736894e7
0.25855999999999485	53947.411349630056	1.3323405789295204e8	3.4488996777472064e7
0.25887999999999484	53948.0465038518	1.3323404740078633e8	3.453161216733981e7
0.2591999999999948	53948.68197014375	1.3323403690273352e8	3.457422754879132e7
0.2595199999999948	53949.31819217678	1.3323402639156331e8	3.461684292027276e7
0.2598399999999948	53949.954851148745	1.3323401587368663e8	3.465945828320067e7
0.2601599999999948	53950.59231336215	1.3323400534191136e8	3.470207363596808e7
0.26047999999999477	53951.23009172382	1.3323399480517252e8	3.474468898052807e7
0.26079999999999476	53951.868662346526	1.332339842549634e8	3.478730431500896e7
0.26111999999999475	53952.507594125505	1.3323397369828442e8	3.4829919640906475e7
0.26143999999999473	53953.14729174988	1.3323396312909174e8	3.487253495693284e7
0.2617599999999947	53953.7874198102	1.332339525540306e8	3.4915150264567144e7
0.2620799999999947	53954.42826867884	1.3323394196379277e8	3.4957765561578125e7
0.2623999999999947	53955.069721083186	1.3323393136534509e8	3.500038084969212e7
0.2627199999999947	53955.71166217763	1.332339207591138e8	3.504299612892795e7
0.26303999999999467	53956.354249085955	1.3323391014005679e8	3.508561139806723e7
0.26335999999999465	53956.997407365976	1.3323389951276438e8	3.512822665825108e7
0.26367999999999464	53957.64114631382	1.3323388887464812e8	3.5170841908795364e7
0.26399999999999463	53958.28543116547	1.3323387822755013e8	3.521345715014986e7
0.2643199999999946	53958.930382602935	1.332338675691039e8	3.52560723817687e7
0.2646399999999946	53959.575744746166	1.3323385690495385e8	3.529868760494593e7
0.2649599999999946	53960.2220549278	1.3323384622406372e8	3.534130281714646e7
0.2652799999999946	53960.868583582356	1.3323383554023238e8	3.538391802147785e7
0.26559999999999456	53961.51591019258	1.3323382484136711e8	3.5426533215150826e7
0.26591999999999455	53962.1638311434	1.3323381413436797e8	3.546914839983557e7
0.26623999999999454	53962.81221883649	1.332338034166879e8	3.551176357475196e7
0.2665599999999945	53963.461385578514	1.3323379268704456e8	3.555437873977651e7
0.2668799999999945	53964.11101791302	1.33233781950966e8	3.559699389614253e7
0.2671999999999945	53964.76114026744	1.3323377120446396e8	3.563960904279562e7
0.2675199999999945	53965.4121979805	1.3323376044411676e8	3.568222417913616e7
0.26783999999999447	53966.0635797167	1.3323374967725435e8	3.572483930666559e7
0.26815999999999446	53966.71570424775	1.3323373889859661e8	3.5767454424267925e7
0.26847999999999445	53967.36815584872	1.3323372811237578e8	3.581006953276328e7
0.26879999999999443	53968.02147823601	1.3323371731276216e8	3.585268463097461e7
0.2691199999999944	53968.67538978899	1.3323370650417213e8	3.589529971987095e7
0.2694399999999944	53969.329748371994	1.3323369568684894e8	3.59379147994048e7
0.2697599999999944	53969.984942711366	1.332336848553644e8	3.598052986838692e7
0.2700799999999944	53970.64044644575	1.332336740191623e8	3.602314492896927e7
0.27039999999999437	53971.296945184666	1.3323366316563745e8	3.606575997823882e7
0.27071999999999435	53971.9536833147	1.3323365230909458e8	3.61083750194995e7
0.27103999999999434	53972.61130700056	1.332336414365621e8	3.615099004970339e7
0.27135999999999433	53973.26931283978	1.3323363055790696e8	3.619360507114498e7
0.2716799999999943	53973.92802603807	1.3323361966764043e8	3.623622008256372e7
0.2719999999999943	53974.58723354364	1.3323360876830354e8	3.6278835084483825e7
0.2723199999999943	53975.2472164496	1.3323359785738628e8	3.632145007641713e7
0.2726399999999943	53975.90772924369	1.3323358693514492e8	3.636406505824309e7
0.27295999999999426	53976.56898881399	1.332335760019517e8	3.64066800302096e7
0.27327999999999425	53977.23068610864	1.3323356506126447e8	3.64492949930258e7
0.27359999999999424	53977.89306050307	1.3323355410821821e8	3.649190994552688e7
0.2739199999999942	53978.55606409148	1.3323354314530358e8	3.65345248883478e7
0.2742399999999942	53979.21969695945	1.3323353217156681e8	3.657713982121698e7
0.2745599999999942	53979.88391124227	1.3323352118840669e8	3.661975474447274e7
0.2748799999999942	53980.54874267068	1.3323351019380035e8	3.666236965757535e7
0.27519999999999417	53981.214216514	1.3323349918828891e8	3.670498456068046e7
0.27551999999999416	53981.880197596416	1.33233488175926e8	3.6747599454795904e7
0.27583999999999415	53982.546974939905	1.3323347714868593e8	3.679021433791012e7
0.27615999999999413	53983.21427584362	1.3323346611287293e8	3.683282921155163e7
0.2764799999999941	53983.88217325097	1.3323345506733263e8	3.687544407544533e7
0.2767999999999941	53984.5507190069	1.3323344400993736e8	3.691805892902986e7
0.2771199999999941	53985.22005414213	1.3323343294091344e8	3.696067377245788e7
0.2774399999999941	53985.88977713729	1.3323342186443812e8	3.700328860658629e7
0.27775999999999407	53986.560106139485	1.3323341077588798e8	3.704590343028091e7
0.27807999999999405	53987.231291480864	1.3323339967524913e8	3.708851824370643e7
0.27839999999999404	53987.90302375394	1.3323338856454493e8	3.713113304719046e7
0.27871999999999403	53988.57519050787	1.332333774466366e8	3.717374784143917e7
0.279039999999994	53989.24829153777	1.3323336631287248e8	3.721636262439141e7
0.279359999999994	53989.92189755351	1.3323335517032164e8	3.725897739769651e7
0.279679999999994	53990.59597691414	1.3323334401932852e8	3.730159216141909e7
0.279999999999994	53991.2708670406	1.3323333285593678e8	3.734420691468576e7
0.28031999999999396	53991.9463416805	1.3323332168160984e8	3.738682165773125e7
0.28063999999999395	53992.622424949455	1.3323331049730773e8	3.742943639083125e7
0.28095999999999394	53993.299082626414	1.3323329930287836e8	3.747205111390827e7
0.2812799999999939	53993.97661652318	1.332332880947709e8	3.7514665826170176e7
0.2815999999999939	53994.65462265775	1.3323327687720372e8	3.755728052850067e7
0.2819199999999939	53995.33311757444	1.332332656525195e8	3.759989522156255e7
0.2822399999999939	53996.01234799507	1.3323325441422158e8	3.764250990369198e7
0.28255999999999387	53996.6923336359	1.3323324316446285e8	3.768512457549765e7
0.28287999999999386	53997.37292054627	1.332332319045581e8	3.772773923722936e7
0.28319999999999385	53998.05417014438	1.3323322063192868e8	3.777035388819054e7
0.28351999999999383	53998.73577158226	1.3323320935513961e8	3.781296853057399e7
0.2838399999999938	53999.41832238301	1.3323319806146908e8	3.785558316119232e7
0.2841599999999938	54000.10159528682	1.3323318675507373e8	3.78981977810469e7
0.2844799999999938	54000.78535767085	1.3323317544178368e8	3.794081239161691e7
0.2847999999999938	54001.46972525789	1.3323316411752048e8	3.7983426991816506e7
0.28511999999999377	54002.15479599972	1.332331527793456e8	3.8026041580866754e7
0.28543999999999375	54002.84037609476	1.3323314143458284e8	3.806865616070564e7
0.28575999999999374	54003.52679536167	1.3323313007523718e8	3.811127072927727e7
0.28607999999999373	54004.21384713244	1.332331187069976e8	3.8153885288046785e7
0.2863999999999937	54004.90145377163	1.3323310732770759e8	3.819649983633203e7
0.2867199999999937	54005.58975344669	1.3323309593602914e8	3.823911437383677e7
0.2870399999999937	54006.27866288794	1.3323308453344253e8	3.8281728900914e7
0.2873599999999937	54006.9681763027	1.332330731221805e8	3.832434341819011e7
0.28767999999999366	54007.658712496734	1.3323306169298342e8	3.836695792329071e7
0.28799999999999365	54008.34942851543	1.3323305026260628e8	3.840957242042287e7
0.28831999999999364	54009.040997606644	1.3323303881543973e8	3.845218690556391e7
0.2886399999999936	54009.733225958116	1.3323302735844336e8	3.8494801380567856e7
0.2889599999999936	54010.42611073315	1.332330158890154e8	3.853741584467082e7
0.2892799999999936	54011.11968288202	1.332330044086002e8	3.858003029830003e7
0.2895999999999936	54011.813807597784	1.3323299292053555e8	3.862264474231516e7
0.28991999999999357	54012.50866165972	1.3323298141657715e8	3.866525917444366e7
0.29023999999999356	54013.20413399833	1.3323296990530147e8	3.870787359707999e7
0.29055999999999355	54013.90036869807	1.332329583795329e8	3.8750488008233786e7
0.29087999999999353	54014.597269310616	1.3323294684341106e8	3.879310240902616e7
0.2911999999999935	54015.29482309944	1.3323293529560573e8	3.8835716799050145e7
0.2915199999999935	54015.992841421896	1.3323292374062376e8	3.887833117947406e7
0.2918399999999935	54016.69170901451	1.3323291217112039e8	3.8920945548419565e7
0.2921599999999935	54017.39123288478	1.3323290058871053e8	3.8963559906207085e7
0.29247999999999347	54018.09138241414	1.3323288899890663e8	3.900617425441423e7
0.29279999999999345	54018.792239873	1.3323287739379014e8	3.904878859077292e7
0.29311999999999344	54019.49375046189	1.3323286577766089e8	3.9091402916489415e7
0.29343999999999343	54020.19584612729	1.3323285415451416e8	3.9134017232676804e7
0.2937599999999934	54020.8987597756	1.3323284251755993e8	3.917663153749763e7
0.2940799999999934	54021.60218639363	1.3323283086952735e8	3.921924583152515e7
0.2943999999999934	54022.30648251	1.3323281920951359e8	3.926186011473398e7
0.2947199999999934	54023.01133826204	1.3323280753535964e8	3.9304474386256956e7
0.29503999999999336	54023.71676138473	1.3323279585498987e8	3.934708864842343e7
0.29535999999999335	54024.42293157578	1.3323278416172741e8	3.938970289938143e7
0.29567999999999334	54025.12983049058	1.332327724549949e8	3.943231713893422e7
0.2959999999999933	54025.83742876187	1.3323276073824836e8	3.9474931368070476e7
0.2963199999999933	54026.54562899075	1.3323274901017572e8	3.951754558632258e7
0.2966399999999933	54027.25460499465	1.3323273726960589e8	3.956015979345397e7
0.2969599999999933	54027.964041126696	1.3323272551881826e8	3.9602773989906855e7
0.29727999999999327	54028.674477085944	1.3323271375424987e8	3.964538817499104e7
0.29759999999999326	54029.38562552057	1.3323270197556561e8	3.9688002348390795e7
0.29791999999999325	54030.097069500625	1.3323269019261335e8	3.973061651273303e7
0.29823999999999323	54030.80936170509	1.3323267839693497e8	3.977323066587866e7
0.2985599999999932	54031.52244830999	1.3323266658396235e8	3.981584480641304e7
0.2988799999999932	54032.236248564324	1.332326547629951e8	3.985845893704166e7
0.2991999999999932	54032.9505843703	1.3323264292906965e8	3.990107305614626e7
0.2995199999999932	54033.665568586286	1.332326310887977e8	3.9943687165773265e7
0.29983999999999317	54034.38143399807	1.332326192292974e8	3.998630126221645e7
0.30015999999999315	54035.09787018491	1.3323260736227793e8	4.00289153487539e7
0.30047999999999314	54035.81513815649	1.3323259548064792e8	4.007152942342962e7
0.30079999999999313	54036.53288407972	1.3323258359166467e8	4.0114143488164365e7
0.3011199999999931	54037.25149417444	1.3323257168710113e8	4.0156757540743224e7
0.3014399999999931	54037.97070856253	1.3323255977343456e8	4.019937158292137e7
0.3017599999999931	54038.69045070138	1.332325478471673e8	4.0241985613580585e7
0.3020799999999931	54039.41122935237	1.3323253590667953e8	4.028459963257402e7
0.30239999999999306	54040.13256070798	1.3323252395642282e8	4.032721364089569e7
0.30271999999999305	54040.85450018558	1.3323251199668077e8	4.036982763866017e7
0.30303999999999304	54041.57732677078	1.3323250002032183e8	4.041244162389107e7
0.303359999999993	54042.30072196342	1.3323248803489135e8	4.045505559863866e7
0.303679999999993	54043.02482897674	1.3323247603653447e8	4.049766956182277e7
0.303999999999993	54043.74959536767	1.3323246402775314e8	4.0540283514154404e7
0.304319999999993	54044.475194895815	1.3323245200447771e8	4.058289745450531e7
0.30463999999999297	54045.20154013938	1.3323243997023898e8	4.0625511383875616e7
0.30495999999999296	54045.92843098575	1.332324279261736e8	4.066812530246164e7
0.30527999999999295	54046.65599623296	1.3323241586808805e8	4.071073920906269e7
0.30559999999999293	54047.384274210286	1.3323240380059886e8	4.0753353105102085e7
0.3059199999999929	54048.11351689951	1.3323239171523839e8	4.079596698815459e7
0.3062399999999929	54048.843226211335	1.3323237962468328e8	4.083858086173868e7
0.3065599999999929	54049.57365503548	1.3323236751948495e8	4.088119472312771e7
0.3068799999999929	54050.30494790371	1.3323235540000579e8	4.092380857251832e7
0.30719999999999287	54051.036809234196	1.3323234326929605e8	4.096642241062824e7
0.30751999999999285	54051.76953851808	1.3323233112687433e8	4.100903623750547e7
0.30783999999999284	54052.5028374182	1.3323231897377762e8	4.10516500532507e7
0.30815999999999283	54053.23686812789	1.3323230680683751e8	4.109426385698894e7
0.3084799999999928	54053.97162892852	1.3323229463003379e8	4.1136877649932705e7
0.3087999999999928	54054.70691743569	1.3323228244288895e8	4.117949143178447e7
0.3091199999999928	54055.44348251911	1.3323227023398755e8	4.122210519952248e7
0.3094399999999928	54056.180259538574	1.3323225802125986e8	4.126471895793772e7
0.30975999999999276	54056.91797606442	1.3323224579290715e8	4.130733270387375e7
0.31007999999999275	54057.65636692744	1.3323223355348106e8	4.134994643854311e7
0.31039999999999274	54058.39553125001	1.332322212999916e8	4.139256016107478e7
0.3107199999999927	54059.13526517714	1.332322090374411e8	4.1435173872868314e7
0.3110399999999927	54059.87586341987	1.3323219676086119e8	4.147778757257216e7
0.3113599999999927	54060.616993906806	1.3323218447522858e8	4.1520401261492886e7
0.3116799999999927	54061.35917231348	1.3323217216859578e8	4.1563014936252445e7
0.31199999999999267	54062.10179491283	1.3323215985916853e8	4.160562860209451e7
0.31231999999999266	54062.84525819514	1.3323214753248194e8	4.1648242254770935e7
0.31263999999999265	54063.58957347936	1.3323213519256127e8	4.1690855895530604e7
0.31295999999999263	54064.33438468206	1.3323212284443791e8	4.173346952568996e7
0.3132799999999926	54065.08011482067	1.3323211048027372e8	4.177608314307562e7
0.3135999999999926	54065.826484501595	1.332320981037947e8	4.1818696748647995e7
0.3139199999999926	54066.57350989813	1.3323208571886897e8	4.186131034362003e7
0.3142399999999926	54067.321444504676	1.332320733161844e8	4.1903923925230585e7
0.31455999999999257	54068.070095841	1.3323206090478279e8	4.194653749617398e7
0.31487999999999255	54068.81936064077	1.3323204847932814e8	4.198915105469022e7
0.31519999999999254	54069.5694291328	1.3323203604125033e8	4.203176460134618e7
0.31551999999999253	54070.32026276856	1.3323202359020728e8	4.2074378135994665e7
0.3158399999999925	54071.07194383462	1.3323201112383203e8	4.21169916579312e7
0.3161599999999925	54071.824227323035	1.3323199864854074e8	4.215960516900126e7
0.3164799999999925	54072.577309211716	1.3323198615936765e8	4.220221866775807e7
0.3167999999999925	54073.33108892792	1.3323197365922382e8	4.224483215504106e7
0.31711999999999246	54074.08560712768	1.3323196114357847e8	4.2287445629429996e7
0.31743999999999245	54074.840921330135	1.3323194861892524e8	4.233005909300989e7
0.31775999999999244	54075.596998416564	1.3323193607884179e8	4.237267254370796e7
0.3180799999999924	54076.353687042625	1.332319235273577e8	4.24152859826872e7
0.3183999999999924	54077.11120603871	1.3323191096278098e8	4.2457899409546494e7
0.3187199999999924	54077.86961794936	1.332318983850202e8	4.250051282428594e7
0.3190399999999924	54078.628611582295	1.3323188579625608e8	4.254312622737587e7
0.31935999999999237	54079.38837425702	1.3323187319232738e8	4.2585739617603704e7
0.31967999999999236	54080.14904981984	1.3323186057392402e8	4.262835299527259e7
0.31999999999999235	54080.91018985667	1.3323184794848122e8	4.267096636244207e7
0.32031999999999233	54081.67238108851	1.3323183530507518e8	4.271357971600464e7
0.3206399999999923	54082.43515368307	1.3323182265125111e8	4.275619305804214e7
0.3209599999999923	54083.19882493356	1.332318099807215e8	4.279880638674143e7
0.3212799999999923	54083.963127918396	1.3323179730382088e8	4.284141970522472e7
0.3215999999999923	54084.72818697047	1.3323178461107355e8	4.288403301052227e7
0.32191999999999227	54085.49406496998	1.3323177190395232e8	4.292664630313488e7
0.32223999999999225	54086.26083953054	1.3323175918243118e8	4.296925958309219e7
0.32255999999999224	54087.02816377446	1.3323174645142911e8	4.30118728517312e7
0.32287999999999223	54087.79628736264	1.3323173370744152e8	4.305448610807978e7
0.3231999999999922	54088.565260267	1.332317209475537e8	4.3097099351216465e7
0.3235199999999922	54089.334988177055	1.3323170817725036e8	4.31397125828358e7
0.3238399999999922	54090.10542762506	1.332316953909627e8	4.3182325801094264e7
0.3241599999999922	54090.87672657025	1.3323168259497741e8	4.322493900811372e7
0.32447999999999216	54091.64873433121	1.3323166978416924e8	4.326755220211921e7
0.32479999999999215	54092.42149905372	1.3323165695957115e8	4.331016538346383e7
0.32511999999999214	54093.195155209294	1.332316441220017e8	4.3352778552490495e7
0.3254399999999921	54093.969540942504	1.3323163127128226e8	4.339539170901859e7
0.3257599999999921	54094.744654997055	1.3323161840794599e8	4.343800485320762e7
0.3260799999999921	54095.52048209903	1.3323160553159103e8	4.348061798490345e7
0.3263999999999921	54096.29717229703	1.3323159264513378e8	4.352323110514587e7
0.3267199999999921	54097.07465006118	1.3323157973763591e8	4.356584421029974e7
0.32703999999999206	54097.8528097607	1.3323156682288757e8	4.360845730478295e7
0.32735999999999205	54098.63189980469	1.332315538949101e8	4.365107038679779e7
0.32767999999999203	54099.411763736825	1.3323154095038836e8	4.369368345513919e7
0.327999999999992	54100.19216213265	1.3323152799753186e8	4.373629651232234e7
0.328319999999992	54100.97372866819	1.3323151502442878e8	4.377890955485347e7
0.328639999999992	54101.7557242499	1.3323150204419205e8	4.382152258652524e7
0.328959999999992	54102.53886815254	1.3323148904422447e8	4.38641356036691e7
0.32927999999999197	54103.32259557027	1.3323147603551601e8	4.390674860950494e7
0.32959999999999195	54104.107090225065	1.3323146301177828e8	4.394936160207433e7
0.32991999999999194	54104.892405746665	1.3323144997500362e8	4.399197458205537e7
0.33023999999999193	54105.67847790533	1.3323143692518434e8	4.403458754938916e7
0.3305599999999919	54106.46560616405	1.3323142385928763e8	4.407720050326043e7
0.3308799999999919	54107.25324187291	1.3323141078185911e8	4.411981344478966e7
0.3311999999999919	54108.04161898481	1.3323139769513866e8	4.4162426374863625e7
0.3315199999999919	54108.83100661863	1.3323138458863746e8	4.420503929017531e7
0.33183999999999186	54109.621038227604	1.332313714712264e8	4.424765219340359e7
0.33215999999999185	54110.41209972248	1.33231358337029e8	4.429026508284315e7
0.33247999999999184	54111.203889284974	1.332313451904022e8	4.433287795972401e7
0.3327999999999918	54111.996475160544	1.3323133203040154e8	4.437549082376477e7
0.3331199999999918	54112.78964714608	1.3323131885989688e8	4.441810367576765e7
0.3334399999999918	54113.583892122115	1.3323130567315167e8	4.446071651413374e7
0.3337599999999918	54114.378758501414	1.3323129247132634e8	4.450332933893285e7
0.3340799999999918	54115.1744235801	1.3323127926072297e8	4.454594215237338e7
0.33439999999999176	54115.97105389296	1.3323126603125156e8	4.4588554951182894e7
0.33471999999999175	54116.76836955665	1.332312527908425e8	4.4631167737810604e7
0.33503999999999173	54117.566520950604	1.33231239537549e8	4.467378051169309e7
0.3353599999999917	54118.365675909976	1.332312262639088e8	4.471639327042619e7
0.3356799999999917	54119.165448814194	1.3323121298244101e8	4.475900601793565e7
0.3359999999999917	54119.96587844659	1.3323119968780491e8	4.480161875244463e7
0.3363199999999917	54120.76747241933	1.3323118637427531e8	4.484423147235126e7
0.33663999999999167	54121.56978859439	1.332311730496501e8	4.488684417996807e7
0.33695999999999166	54122.37281333984	1.332311597115612e8	4.492945687447671e7
0.33727999999999164	54123.17674926721	1.3323114635841933e8	4.497206955546183e7
0.33759999999999163	54123.981327666974	1.3323113299353719e8	4.5014682223848484e7
0.3379199999999916	54124.787130952966	1.3323111961074899e8	4.505729487792684e7
0.3382399999999916	54125.59331910999	1.3323110621767093e8	4.509990751969875e7
0.3385599999999916	54126.400589705285	1.3323109280765656e8	4.514252014736514e7
0.3388799999999916	54127.20859507997	1.3323107938726395e8	4.518513276290127e7
0.33919999999999156	54128.01744638639	1.3323106594812277e8	4.522774536353069e7
0.33951999999999155	54128.82721176928	1.332310524972153e8	4.527035795165025e7
0.33983999999999154	54129.63768613712	1.3323103903116181e8	4.531297052596378e7
0.3401599999999915	54130.44895825748	1.332310255531333e8	4.535558308759331e7
0.3404799999999915	54131.26122878844	1.3323101205798191e8	4.5398195634906165e7
0.3407999999999915	54132.07415930987	1.332309985520135e8	4.544080816981088e7
0.3411199999999915	54132.88802429753	1.332309850304052e8	4.548342069083213e7
0.3414399999999915	54133.702837461766	1.3323097149242422e8	4.552603319771283e7
0.34175999999999146	54134.51833481118	1.3323095794226694e8	4.556864569169672e7
0.34207999999999145	54135.33458665769	1.3323094437774752e8	4.561125817206999e7
0.34239999999999143	54136.151688085105	1.3323093080214477e8	4.5653870640003316e7
0.3427199999999914	54136.96999727965	1.3323091720493762e8	4.569648309211489e7
0.3430399999999914	54137.7888328481	1.3323090359805651e8	4.573909553202779e7
0.3433599999999914	54138.60851574295	1.3323088997655307e8	4.578170795824389e7
0.3436799999999914	54139.42913629137	1.3323087634008828e8	4.582432037069113e7
0.34399999999999137	54140.25059154797	1.3323086268975006e8	4.586693276966093e7
0.34431999999999136	54141.07292948105	1.33230849022947e8	4.590954515427836e7
0.34463999999999134	54141.8959812741	1.3323083534399971e8	4.59521575259052e7
0.34495999999999133	54142.71993972159	1.3323082165009014e8	4.599476988368326e7
0.3452799999999913	54143.54482959352	1.3323080793848054e8	4.603738222666823e7
0.3455999999999913	54144.37053168452	1.3323079421605629e8	4.607999455714383e7
0.3459199999999913	54145.19710464716	1.3323078047772387e8	4.612260687337529e7
0.3462399999999913	54146.02452861212	1.3323076672587338e8	4.616521917616106e7
0.34655999999999126	54146.852823010144	1.3323075295675384e8	4.620783146420012e7
0.34687999999999125	54147.68193423059	1.3323073917581347e8	4.62504437393299e7
0.34719999999999124	54148.51184701954	1.3323072538033725e8	4.629305600058566e7
0.3475199999999912	54149.342615550566	1.3323071157042255e8	4.633566824802187e7
0.3478399999999912	54150.174573104654	1.3323069774056979e8	4.637828047992822e7
0.3481599999999912	54151.00704837334	1.332306839008612e8	4.642089269935707e7
0.3484799999999912	54151.840541210244	1.3323067004560135e8	4.64635049046394e7
0.3487999999999912	54152.6748186531	1.3323065617541066e8	4.650611709582397e7
0.34911999999999116	54153.509959301846	1.3323064229101172e8	4.654872927319914e7
0.34943999999999115	54154.3459823962	1.332306283919124e8	4.659134143659099e7
0.34975999999999113	54155.18285683568	1.3323061447783622e8	4.663395358586765e7
0.3500799999999911	54156.020717724154	1.3323060054717068e8	4.667656572053719e7
0.3503999999999911	54156.85933955037	1.3323058660277577e8	4.671917784143841e7
0.3507199999999911	54157.69892761576	1.332305726438975e8	4.676178994842627e7
0.3510399999999911	54158.53946512637	1.33230558667461e8	4.68044020403956e7
0.35135999999999107	54159.38072578789	1.3323054467855728e8	4.684701411897067e7
0.35167999999999106	54160.22284835622	1.3323053067569019e8	4.688962618370258e7
0.35199999999999104	54161.06587421877	1.3323051665691866e8	4.693223823392067e7
0.35231999999999103	54161.90990136534	1.332305026211578e8	4.697485026929004e7
0.352639999999991	54162.75476635515	1.3323048857132156e8	4.701746229071519e7
0.352959999999991	54163.60042200081	1.3323047450657034e8	4.7060074297854915e7
0.353279999999991	54164.446961281006	1.3323046042835602e8	4.7102686291267216e7
0.353599999999991	54165.29437494111	1.3323044633581227e8	4.714529827062598e7
0.35391999999999096	54166.14282816198	1.3323043222514002e8	4.7187910234678775e7
0.35423999999999095	54166.9921898464	1.3323041809849194e8	4.723052218408509e7
0.35455999999999094	54167.842353239495	1.3323040395740262e8	4.7273134119303934e7
0.3548799999999909	54168.693414184745	1.3323038980172983e8	4.7315746040332034e7
0.3551999999999909	54169.54534612614	1.3323037563233677e8	4.735835794744399e7
0.3555199999999909	54170.39818248719	1.3323036144806464e8	4.7400969840235375e7
0.3558399999999909	54171.252147491345	1.3323034724267407e8	4.744358171661525e7
0.3561599999999909	54172.106697962656	1.3323033302712108e8	4.748619358011464e7
0.35647999999999086	54172.96217483197	1.332303187941608e8	4.752880542835998e7
0.35679999999999085	54173.81848684669	1.3323030454924327e8	4.757141726321952e7
0.35711999999999083	54174.675943498274	1.3323029028618479e8	4.761402908267165e7
0.3574399999999908	54175.53427160951	1.3323027600589205e8	4.76566408868464e7
0.3577599999999908	54176.39326185951	1.3323026171429303e8	4.769925267771275e7
0.3580799999999908	54177.25350196568	1.3323024740316552e8	4.774186445269227e7
0.3583999999999908	54178.114516528534	1.3323023307765517e8	4.7784476213304184e7
0.35871999999999077	54178.976313808394	1.3323021873807557e8	4.782708795965175e7
0.35903999999999076	54179.83918048983	1.3323020438269737e8	4.7869699691283554e7
0.35935999999999074	54180.702927515296	1.33230190008352e8	4.791231140692362e7
0.35967999999999073	54181.567491559916	1.3323017562527044e8	4.795492311019224e7
0.3599999999999907	54182.43307009761	1.3323016122064582e8	4.7997534796596125e7
0.3603199999999907	54183.299412201326	1.3323014680395989e8	4.804014646936959e7
0.3606399999999907	54184.16699689622	1.3323013236680432e8	4.8082758125774205e7
0.3609599999999907	54185.03531764357	1.3323011791816615e8	4.81253697687094e7
0.36127999999999066	54185.90464228669	1.3323010345021215e8	4.816798139550452e7
0.36159999999999065	54186.774723554765	1.3323008897009522e8	4.8210593008568704e7
0.36191999999999064	54187.6458756678	1.3323007447427697e8	4.825320460680942e7
0.3622399999999906	54188.51792182925	1.3323005996041588e8	4.829581618924963e7
0.3625599999999906	54189.39078515843	1.332300454325511e8	4.833842775728656e7
0.3628799999999906	54190.264663035836	1.332300308889701e8	4.838103931041033e7
0.3631999999999906	54191.139421730586	1.332300163273912e8	4.842365084769099e7
0.3635199999999906	54192.01526696416	1.3323000174992988e8	4.8466262370010376e7
0.36383999999999056	54192.8919176205	1.3322998715905401e8	4.850887387807127e7
0.36415999999999055	54193.76950880137	1.3322997255021982e8	4.855148537029126e7
0.36447999999999053	54194.64833089421	1.3322995792279473e8	4.859409684660621e7
0.3647999999999905	54195.52758577162	1.3322994328562906e8	4.8636708309718706e7
0.3651199999999905	54196.40804894269	1.3322992862782368e8	4.8679319756131835e7
0.3654399999999905	54197.2895582956	1.3322991395407882e8	4.872193118743941e7
0.3657599999999905	54198.17176954829	1.332298992655399e8	4.876454260382572e7
0.36607999999999047	54199.05509156631	1.3322988456047136e8	4.880715400489973e7
0.36639999999999046	54199.93925147246	1.3322986983925837e8	4.884976539061273e7
0.36671999999999044	54200.82448837801	1.3322985510140593e8	4.889237676091831e7
0.36703999999999043	54201.710496935004	1.3322984034930028e8	4.893498811648204e7
0.3673599999999904	54202.59773744354	1.3322982557841246e8	4.897759945591694e7
0.3676799999999904	54203.485747006285	1.3322981079167312e8	4.902021077998865e7
0.3679999999999904	54204.37462859069	1.3322979599154365e8	4.9062822089652054e7
0.3683199999999904	54205.26453100169	1.3322978117388748e8	4.91054333834639e7
0.36863999999999036	54206.155392112596	1.3322976633919516e8	4.914804466154799e7
0.36895999999999035	54207.047240810694	1.3322975148799577e8	4.919065592410048e7
0.36927999999999034	54207.94015191665	1.3322973661811925e8	4.923326717035041e7
0.3695999999999903	54208.833867441055	1.3322972173358175e8	4.927587840160056e7
0.3699199999999903	54209.72851024174	1.3322970683651957e8	4.931848961870376e7
0.3702399999999903	54210.62428205825	1.3322969191651346e8	4.936110081791652e7
0.3705599999999903	54211.52095143942	1.3322967698394339e8	4.940371200291645e7
0.3708799999999903	54212.4184707287	1.3322966203681637e8	4.944632317292147e7
0.37119999999999026	54213.317263900615	1.3322964706648299e8	4.9488934324972734e7
0.37151999999999025	54214.21677956438	1.3322963208314824e8	4.953154546249156e7
0.37183999999999023	54215.11729186452	1.3322961708347538e8	4.957415658439624e7
0.3721599999999902	54216.01872548659	1.3322960206898865e8	4.961676769119012e7
0.3724799999999902	54216.92150671785	1.3322958703210282e8	4.965937878030025e7
0.3727999999999902	54217.8248211056	1.3322957198543827e8	4.970198985589787e7
0.3731199999999902	54218.7293077583	1.332295569155485e8	4.9744600913356595e7
0.37343999999999017	54219.634832404176	1.3322954183223093e8	4.97872119562276e7
0.37375999999999016	54220.541155427934	1.332295267348774e8	4.982982298411964e7
0.37407999999999014	54221.4486223192	1.3322951161627853e8	4.987243399453784e7
0.37439999999999013	54222.35694401468	1.332294964845143e8	4.9915044990305014e7
0.3747199999999901	54223.266254317416	1.3322948133323503e8	4.995765596911201e7
0.3750399999999901	54224.17681117592	1.3322946616202593e8	5.00002669309448e7
0.3753599999999901	54225.08805020989	1.3322945098101577e8	5.0042877879232444e7
0.3756799999999901	54226.000577607316	1.3322943577621e8	5.008548880908586e7
0.37599999999999006	54226.91372407638	1.3322942056021897e8	5.012809972480484e7
0.37631999999999005	54227.82814217075	1.3322940532613666e8	5.0170710624186136e7
0.37663999999999004	54228.74349543255	1.3322939007271627e8	5.021332150653184e7
0.37695999999999	54229.65983646632	1.3322937480344702e8	5.025593237317057e7
0.37727999999999	54230.57719137215	1.332293595151896e8	5.029854322291802e7
0.37759999999999	54231.49551188425	1.3322934421263331e8	5.03411540574956e7
0.37791999999999	54232.41481089355	1.3322932889347343e8	5.038376487602571e7
0.37823999999999	54233.33518439812	1.3322931355346215e8	5.0426375676944435e7
0.37855999999998996	54234.25654197304	1.3322929819822358e8	5.046898646230362e7
0.37887999999998995	54235.178862994515	1.3322928282699193e8	5.0511597231784746e7
0.37919999999998993	54236.10225123598	1.3322926743622193e8	5.055420798409159e7
0.3795199999999899	54237.026615170245	1.3322925203130852e8	5.059681872119505e7
0.3798399999999899	54237.95212975092	1.3322923660479741e8	5.0639429440357685e7
0.3801599999999899	54238.87848856906	1.3322922116494916e8	5.0682040144508086e7
0.3804799999999899	54239.805985560866	1.3322920570481576e8	5.0724650831171125e7
0.38079999999998987	54240.73457533138	1.3322919022410855e8	5.076726150018823e7
0.38111999999998986	54241.66386067058	1.332291747340098e8	5.0809872155554555e7
0.38143999999998984	54242.59441577377	1.3322915922082052e8	5.085248279239025e7
0.38175999999998983	54243.52577955597	1.3322914369441742e8	5.089509341415739e7
0.3820799999999898	54244.458427289406	1.332291281454688e8	5.093770401757076e7
0.3823999999999898	54245.392131543995	1.3322911257982413e8	5.0980314604703836e7
0.3827199999999898	54246.32669741002	1.3322909699896319e8	5.102292517598561e7
0.3830399999999898	54247.262215669216	1.3322908140141535e8	5.106553573089335e7
0.38335999999998976	54248.19907283989	1.3322906578072797e8	5.110814626717479e7
0.38367999999998975	54249.13661466719	1.3322905014941211e8	5.115075678920342e7
0.38399999999998974	54250.07548103159	1.3322903449271004e8	5.11933672916956e7
0.3843199999999897	54251.01520026022	1.3322901882350744e8	5.123597777928751e7
0.3846399999999897	54251.95596355002	1.3322900313774869e8	5.1278588250524014e7
0.3849599999999897	54252.897946937315	1.3322898742903283e8	5.132119870303239e7
0.3852799999999897	54253.84080540968	1.3322897170639433e8	5.136380914005814e7
0.3855999999999897	54254.78465914693	1.3322895596591981e8	5.140641956015188e7
0.38591999999998966	54255.729753864056	1.3322894020503643e8	5.144902996245353e7
0.38623999999998965	54256.67558062487	1.3322892443297078e8	5.149164035019361e7
0.38655999999998963	54257.622880878866	1.3322890863371482e8	5.1534250717627466e7
0.3868799999999896	54258.57100400099	1.3322889282097389e8	5.1576861069630966e7
0.3871999999999896	54259.52018838149	1.3322887698763171e8	5.161947140358105e7
0.3875199999999896	54260.47045297249	1.3322886114025238e8	5.166208172201225e7
0.3878399999999896	54261.42151443329	1.3322884527585605e8	5.1704692023580894e7
0.38815999999998957	54262.374084771334	1.3322882938737264e8	5.174730230596121e7
0.38847999999998956	54263.327539685866	1.3322881348215328e8	5.178991257160258e7
0.38879999999998954	54264.28192771622	1.3322879756343196e8	5.1832522821775176e7
0.38911999999998953	54265.23770071488	1.3322878161984459e8	5.187513305231915e7
0.3894399999999895	54266.19436384859	1.332287656587966e8	5.191774326579114e7
0.3897599999999895	54267.15208561816	1.3322874968435396e8	5.196035346386113e7
0.3900799999999895	54268.11061444072	1.3322873369263895e8	5.200296364484916e7
0.3903999999999895	54269.070535697836	1.3322871767736511e8	5.20455738066405e7
0.39071999999998946	54270.031351306796	1.3322870164737538e8	5.208818395236283e7
0.39103999999998945	54270.99328803324	1.3322868559715326e8	5.213079407998209e7
0.39135999999998944	54271.95641400049	1.3322866952713639e8	5.217340418969051e7
0.3916799999999894	54272.92053571382	1.3322865344137211e8	5.22160142829355e7
0.3919999999999894	54273.88567451135	1.3322863733755577e8	5.225862435881056e7
0.3923199999999894	54274.852079189644	1.3322862121232447e8	5.230123441612921e7
0.3926399999999894	54275.8193818633	1.3322860506858428e8	5.2343844455787286e7
0.3929599999999894	54276.7877909089	1.3322858890961167e8	5.238645447918018e7
0.39327999999998936	54277.75744068661	1.3322857272925496e8	5.2429064483954385e7
0.39359999999998935	54278.728003787175	1.3322855653326428e8	5.2471674472152896e7
0.39391999999998933	54279.6999008157	1.3322854031140505e8	5.2514284439983144e7
0.3942399999999893	54280.672543786095	1.3322852407867992e8	5.2556894392977476e7
0.3945599999999893	54281.64640850493	1.3322850782462995e8	5.259950432728613e7
0.3948799999999893	54282.62153597601	1.332284915520764e8	5.2642114244026355e7
0.3951999999999893	54283.59747045846	1.332284752613469e8	5.2684724143033005e7
0.39551999999998927	54284.574755485686	1.3322845894958332e8	5.2727334023485966e7
0.39583999999998926	54285.553151173306	1.3322844261901684e8	5.2769943886102006e7
0.39615999999998924	54286.53260431486	1.332284262682958e8	5.2812553730294414e7
0.39647999999998923	54287.51307108001	1.332284099030787e8	5.285516355825987e7
0.3967999999999892	54288.494625317246	1.3322839351657514e8	5.2897773367333576e7
0.3971199999999892	54289.47742323856	1.3322837711117807e8	5.294038315853852e7
0.3974399999999892	54290.46133508798	1.3322836068530242e8	5.2982992931147225e7
0.3977599999999892	54291.44641403994	1.332283442405935e8	5.302560268582542e7
0.39807999999998916	54292.43231379354	1.3322832778156798e8	5.3068212424143456e7
0.39839999999998915	54293.41962545657	1.332283112961474e8	5.311082214163036e7
0.39871999999998914	54294.40792418083	1.3322829479773997e8	5.315343184335008e7
0.3990399999999891	54295.39714646827	1.3322827827692784e8	5.319604152549298e7
0.3993599999999891	54296.38771485592	1.3322826174106422e8	5.323865119122701e7
0.3996799999999891	54297.37965398591	1.3322824517640063e8	5.328126083505624e7
0.3999999999999891	54298.37227207505	1.3322822859965868e8	5.332387046322527e7
0.4003199999999891	54299.36639458625	1.3322821200098766e8	5.336648007227343e7
0.40063999999998906	54300.361246804794	1.3322819538743019e8	5.340908966453546e7
0.40095999999998905	54301.35771238191	1.3322817875014977e8	5.345169923698262e7
0.40127999999998903	54302.35484130677	1.3322816209724014e8	5.3494308792269655e7
0.401599999999989	54303.35328098824	1.3322814542015366e8	5.353691832733559e7
0.401919999999989	54304.35309662765	1.3322812872336349e8	5.357952784399282e7
0.402239999999989	54305.35379861004	1.3322811200899938e8	5.36221373427851e7
0.402559999999989	54306.35569358767	1.3322809527477553e8	5.366474682295775e7
0.40287999999998897	54307.35867231479	1.332280785225072e8	5.3707356285156645e7
0.40319999999998896	54308.36288183896	1.332280617503877e8	5.374996572872273e7
0.40351999999998894	54309.368238292496	1.3322804495619819e8	5.3792575152690396e7
0.40383999999998893	54310.37452556286	1.3322802814892231e8	5.3835184560536474e7
0.4041599999999889	54311.38245355434	1.3322801131104584e8	5.3877793945591934e7
0.4044799999999889	54312.39116771383	1.3322799445965868e8	5.392040331422946e7
0.4047999999999889	54313.40103349511	1.3322797758839117e8	5.39630126640744e7
0.4051199999999889	54314.41215344095	1.3322796069708392e8	5.4005621995102994e7
0.40543999999998886	54315.424346445805	1.3322794378677316e8	5.404823130760725e7
0.40575999999998885	54316.43781619905	1.3322792685817997e8	5.409084060198152e7
0.40607999999998884	54317.45239782128	1.3322790990493977e8	5.413344987552457e7
0.4063999999999888	54318.468080525214	1.3322789293246664e8	5.417605913040555e7
0.4067199999999888	54319.48522673561	1.3322787593831101e8	5.4218668365823686e7
0.4070399999999888	54320.50351524332	1.3322785892394768e8	5.426127758216657e7
0.4073599999999888	54321.52248818972	1.3322784189571986e8	5.430388678172635e7
0.4076799999999888	54322.54302503029	1.3322782484527926e8	5.434649596160654e7
0.40799999999998876	54323.5645661734	1.3322780777286796e8	5.4389105121551804e7
0.40831999999998875	54324.58737591694	1.3322779068242215e8	5.443171426330369e7
0.40863999999998873	54325.61145930063	1.3322777356562275e8	5.4474323383447155e7
0.4089599999999887	54326.636475767904	1.3322775643754855e8	5.451693248792099e7
0.4092799999999887	54327.662705015784	1.33227739286236e8	5.455954157198228e7
0.4095999999999887	54328.690326242555	1.3322772211125028e8	5.4602150635535225e7
0.4099199999999887	54329.718992948336	1.3322770491879943e8	5.464475968089612e7
0.41023999999998867	54330.748948854256	1.3322768770421395e8	5.468736870627529e7
0.41055999999998866	54331.780148508056	1.3322767046837798e8	5.472997771198649e7
0.41087999999998864	54332.81248104411	1.3322765321049482e8	5.477258669761544e7
0.41119999999998863	54333.845919657666	1.3322763593529738e8	5.4815195665070266e7
0.4115199999999886	54334.880366313155	1.3322761864504462e8	5.485780461520521e7
0.4118399999999886	54335.91642600851	1.3322760132394361e8	5.490041354185654e7
0.4121599999999886	54336.95352679984	1.3322758398725504e8	5.494302245094671e7
0.4124799999999886	54337.991809837	1.3322756662852608e8	5.498563133988103e7
0.41279999999998856	54339.031409291485	1.332275492512989e8	5.5028240210178204e7
0.41311999999998855	54340.07187940456	1.3322753185278012e8	5.5070849060403585e7
0.41343999999998854	54341.11417983873	1.3322751442772679e8	5.511345788893116e7
0.4137599999999885	54342.157203730705	1.3322749698984537e8	5.5156066700756006e7
0.4140799999999885	54343.20144735236	1.3322747952797243e8	5.5198675491533324e7
0.4143999999999885	54344.24717717068	1.3322746204356244e8	5.524128426199769e7
0.4147199999999885	54345.29379334038	1.3322744454213245e8	5.5283893014063e7
0.4150399999999885	54346.34197510683	1.3322742701509058e8	5.532650174454342e7
0.41535999999998846	54347.39137528493	1.3322740946518387e8	5.536911045435088e7
0.41567999999998845	54348.44146874337	1.3322739190492341e8	5.541171914835604e7
0.41599999999998843	54349.49328525215	1.3322737431390923e8	5.545432781866329e7
0.4163199999999884	54350.54627125488	1.3322735670470001e8	5.549693647014677e7
0.4166399999999884	54351.60031398028	1.332273390753662e8	5.553954510191819e7
0.4169599999999884	54352.65566514116	1.3322732142615628e8	5.558215371420758e7
0.4172799999999884	54353.712240145855	1.3322730375224505e8	5.562476230493185e7
0.41759999999998837	54354.770274388975	1.3322728605745256e8	5.566737087579845e7
0.41791999999998836	54355.82926385262	1.3322726834255594e8	5.570997942681733e7
0.41823999999998834	54356.8896289784	1.3322725060475807e8	5.5752587957043014e7
0.41855999999998833	54357.95146894245	1.3322723284219636e8	5.579519646573026e7
0.4188799999999883	54359.01409281011	1.3322721506785421e8	5.583780495789083e7
0.4191999999999883	54360.07824539379	1.3322719726612619e8	5.5880413427403465e7
0.4195199999999883	54361.143634749336	1.3322717944119239e8	5.592302187582457e7
0.4198399999999883	54362.21019614841	1.3322716159849852e8	5.596563030537946e7
0.42015999999998827	54363.278267650916	1.3322714372963504e8	5.6008238712712616e7
0.42047999999998825	54364.34721665915	1.332271258444633e8	5.6050847101577364e7
0.42079999999998824	54365.41753579504	1.3322710793813659e8	5.609345547020304e7
0.4211199999999882	54366.48934181824	1.3322709000356264e8	5.613606381564893e7
0.4214399999999882	54367.56216522401	1.3322707205413179e8	5.617867214325804e7
0.4217599999999882	54368.636413231936	1.332270540795065e8	5.622128044889068e7
0.4220799999999882	54369.71186633941	1.3322703608197652e8	5.626388873336087e7
0.4223999999999882	54370.78847763841	1.3322701806567362e8	5.6306496998363644e7
0.42271999999998816	54371.86665929805	1.3322700002363992e8	5.634910524117657e7
0.42303999999998815	54372.94587395591	1.3322698196289317e8	5.639171346443219e7
0.42335999999998813	54374.026388537844	1.3322696387846215e8	5.6434321666160844e7
0.4236799999999881	54375.10807356783	1.3322694577485082e8	5.647692984817217e7
0.4239999999999881	54376.19142401045	1.3322692764189418e8	5.6519538006421775e7
0.4243199999999881	54377.27577993897	1.3322690949214073e8	5.656214614582456e7
0.4246399999999881	54378.361512082556	1.3322689132110892e8	5.6604754264673695e7
0.42495999999998807	54379.448427542	1.3322687312806399e8	5.664736236252426e7
0.42527999999998806	54380.53677347266	1.3322685491074544e8	5.6689970438534684e7
0.42559999999998804	54381.62643533846	1.3322683667040177e8	5.673257849314585e7
0.42591999999998803	54382.717249783906	1.332268184111041e8	5.677518652797462e7
0.426239999999988	54383.80920858872	1.3322680012863098e8	5.68177945411976e7
0.426559999999988	54384.90276480162	1.3322678182231662e8	5.686040253276723e7
0.426879999999988	54385.99752903306	1.3322676349446546e8	5.690301050341965e7
0.427199999999988	54387.09352270142	1.332267451433964e8	5.694561845242715e7
0.42751999999998797	54388.19105876914	1.332267267685243e8	5.698822637969523e7
0.42783999999998795	54389.289802738254	1.3322670837220441e8	5.703083428601586e7
0.42815999999998794	54390.38976765541	1.3322668995608799e8	5.707344217208176e7
0.4284799999999879	54391.49118500743	1.332266715137096e8	5.7116050035234734e7
0.4287999999999879	54392.59400204168	1.3322665304736751e8	5.715865787640354e7
0.4291199999999879	54393.697884494	1.3322663456201272e8	5.7201265697497584e7
0.4294399999999879	54394.80291779746	1.3322661605648422e8	5.7243873498047754e7
0.4297599999999879	54395.90981354673	1.3322659751886468e8	5.728648127331775e7
0.43007999999998786	54397.01757368417	1.3322657896558435e8	5.732908902977249e7
0.43039999999998785	54398.12696813194	1.3322656038806453e8	5.737169676414241e7
0.43071999999998783	54399.237580647634	1.3322654178660055e8	5.741430447629288e7
0.4310399999999878	54400.34949419151	1.3322652316504079e8	5.745691216790577e7
0.4313599999999878	54401.4628140397	1.3322650451575829e8	5.749951983573045e7
0.4316799999999878	54402.57743048759	1.3322648584866355e8	5.754212748395475e7
0.4319999999999878	54403.6934407706	1.3322646715442583e8	5.7584735108584695e7
0.43231999999998777	54404.81082980113	1.3322644843564507e8	5.762734271070831e7
0.43263999999998776	54405.92958423758	1.332264296956765e8	5.766995029174476e7
0.43295999999998774	54407.04955104094	1.3322641093412203e8	5.771255785141326e7
0.43327999999998773	54408.17085367211	1.332263921487988e8	5.77551653888161e7
0.4335999999999877	54409.293719408124	1.332263733390256e8	5.779777290376254e7
0.4339199999999877	54410.41779989132	1.3322635450411475e8	5.784038039573199e7
0.4342399999999877	54411.54315824274	1.3322633565170012e8	5.788298786804983e7
0.4345599999999877	54412.669938337625	1.3322631677170658e8	5.792559531640111e7
0.43487999999998767	54413.79808011385	1.332262978706619e8	5.796820274356284e7
0.43519999999998765	54414.9276100169	1.332262789448224e8	5.80108101478992e7
0.43551999999998764	54416.05875046078	1.3322625998865056e8	5.80534175270989e7
0.4358399999999876	54417.19074594005	1.3322624101997255e8	5.809602488847441e7
0.4361599999999876	54418.32453591523	1.3322622202059653e8	5.813863222460807e7
0.4364799999999876	54419.45967316003	1.3322620299930708e8	5.818123953905092e7
0.4367999999999876	54420.59606725403	1.3322618395306747e8	5.822384683040329e7
0.4371199999999876	54421.73370352013	1.3322616488617638e8	5.8266454100510806e7
0.43743999999998756	54422.87297522309	1.3322614579282582e8	5.830906134703301e7
0.43775999999998755	54424.01371346769	1.3322612667518963e8	5.835166857079961e7
0.43807999999998753	54425.15584408396	1.3322610753210653e8	5.839427577123548e7
0.4383999999999875	54426.29893126303	1.3322608837302148e8	5.8436882952210754e7
0.4387199999999875	54427.44363078722	1.3322606918728097e8	5.8479490109403335e7
0.4390399999999875	54428.58992209524	1.3322604997136846e8	5.852209724123064e7
0.4393599999999875	54429.73747671464	1.3322603073323584e8	5.856470435097177e7
0.43967999999998747	54430.88631654444	1.3322601147317417e8	5.860731143874444e7
0.43999999999998746	54432.036655241616	1.3322599218770812e8	5.864991850311684e7
0.44031999999998744	54433.18857803657	1.3322597287608618e8	5.869252554377995e7
0.44063999999998743	54434.341610022915	1.332259535452314e8	5.8735132563492075e7
0.4409599999999874	54435.49636725499	1.3322593418696512e8	5.877773955897161e7
0.4412799999999874	54436.65247428881	1.3322591480107942e8	5.8820346529889084e7
0.4415999999999874	54437.80979490985	1.3322589539501208e8	5.886295347942513e7
0.4419199999999874	54438.96854856337	1.3322587596770097e8	5.890556040721231e7
0.44223999999998737	54440.12894816984	1.3322585651052587e8	5.894816730953541e7
0.44255999999998735	54441.290678603225	1.3322583702840625e8	5.899077418836567e7
0.44287999999998734	54442.45378477082	1.3322581752439645e8	5.903338104505558e7
0.4431999999999873	54443.61846105947	1.3322579799507852e8	5.907598787817623e7
0.4435199999999873	54444.784266336304	1.3322577844111669e8	5.911859468775091e7
0.4438399999999873	54445.951759325704	1.3322575886190021e8	5.9161201473794565e7
0.4441599999999873	54447.120670293676	1.3322573925427182e8	5.920380823472906e7
0.4444799999999873	54448.29087300969	1.3322571962847827e8	5.9246414975010104e7
0.44479999999998726	54449.46270628968	1.3322569997410765e8	5.928902169017592e7
0.44511999999998725	54450.63566867126	1.3322568029981506e8	5.9331628383771814e7
0.44543999999998724	54451.8107572263	1.3322566058685939e8	5.937423504798248e7
0.4457599999999872	54452.98671111301	1.3322564086282419e8	5.9416841694365576e7
0.4460799999999872	54454.1641768362	1.3322562111090578e8	5.945944831577198e7
0.4463999999999872	54455.3432966881	1.33225601330477e8	5.950205491197228e7
0.4467199999999872	54456.52387632199	1.3322558152348152e8	5.954466148369825e7
0.44703999999998717	54457.70554574808	1.3322556170027663e8	5.9587268035348535e7
0.44735999999998716	54458.88926048952	1.3322554183830172e8	5.9629874557341866e7
0.44767999999998714	54460.07405996638	1.3322552196090814e8	5.967248105956245e7
0.44799999999998713	54461.260388968156	1.332255020548721e8	5.9715087536315694e7
0.4483199999999871	54462.448211149414	1.3322548212330644e8	5.975769398894815e7
0.4486399999999871	54463.63745541138	1.3322546216725579e8	5.980030041786334e7
0.4489599999999871	54464.82837331698	1.3322544218636933e8	5.9842906823017485e7
0.4492799999999871	54466.020596144735	1.3322542217971401e8	5.98855132037629e7
0.44959999999998707	54467.214576763094	1.3322540214322366e8	5.992811955849468e7
0.44991999999998705	54468.40949730256	1.3322538208956195e8	5.997072589243027e7
0.45023999999998704	54469.60617966743	1.332253620058022e8	6.0013332200183995e7
0.450559999999987	54470.80450131835	1.33225341894224e8	6.0055938482685044e7
0.450879999999987	54472.00434650542	1.332253217534019e8	6.009854473919887e7
0.451199999999987	54473.205582675175	1.3322530159490094e8	6.014115097484134e7
0.451519999999987	54474.40843198125	1.3322528140206704e8	6.018375718219635e7
0.451839999999987	54475.612653582335	1.3322526118787205e8	6.022636336695856e7
0.45215999999998696	54476.818303357606	1.3322524095140263e8	6.0268969528723784e7
0.45247999999998695	54478.02558452841	1.3322522068500149e8	6.031157566411577e7
0.45279999999998694	54479.234420655266	1.3322520039149849e8	6.035418177434376e7
0.4531199999999869	54480.44445095092	1.332251800791672e8	6.039678786293183e7
0.4534399999999869	54481.6564819405	1.3322515972828904e8	6.04393939213604e7
0.4537599999999869	54482.86984987273	1.3322513935939635e8	6.048199995854474e7
0.4540799999999869	54484.084578949645	1.3322511896422493e8	6.0524605970726855e7
0.45439999999998687	54485.300965081806	1.3322509854181324e8	6.0567211957604736e7
0.45471999999998686	54486.518925203396	1.3322507808788241e8	6.060981791715968e7
0.45503999999998684	54487.73831992123	1.3322505761292447e8	6.065242385405823e7
0.45535999999998683	54488.95928419994	1.3322503710944481e8	6.0695029764939584e7
0.4556799999999868	54490.181789949485	1.3322501657962629e8	6.073763565075426e7
0.4559999999999868	54491.4058649496	1.3322499602369814e8	6.078024151159512e7
0.4563199999999868	54492.631646144444	1.3322497543967947e8	6.082284734660616e7
0.4566399999999868	54493.85875778463	1.3322495483082452e8	6.086545315704058e7
0.45695999999998677	54495.08742057782	1.3322493419443251e8	6.090805894175899e7
0.45727999999998675	54496.31774131264	1.3322491353024325e8	6.095066470067243e7
0.45759999999998674	54497.5494583873	1.332248928413922e8	6.099327043504554e7
0.4579199999999867	54498.78279116147	1.3322487212331796e8	6.103587614288343e7
0.4582399999999867	54500.01790890587	1.332248513763458e8	6.107848182439726e7
0.4585599999999867	54501.25439104013	1.3322483060409456e8	6.1121087480989315e7
0.4588799999999867	54502.49259810586	1.3322480980642034e8	6.1163693112763084e7
0.4591999999999867	54503.732072474086	1.3322478898526432e8	6.120629872033639e7
0.45951999999998666	54504.97331930302	1.3322476813099867e8	6.124890429953435e7
0.45983999999998665	54506.21637682217	1.3322474724736099e8	6.129150985206281e7
0.46015999999998664	54507.46074915561	1.332247263377163e8	6.133411537917258e7
0.4604799999999866	54508.70659934778	1.3322470540621935e8	6.1376720882838584e7
0.4607999999999866	54509.95419555584	1.332246844440123e8	6.1419326359101325e7
0.4611199999999866	54511.20352950103	1.3322466345017065e8	6.146193180749889e7
0.4614399999999866	54512.45418098381	1.3322464243538904e8	6.150453723270784e7
0.46175999999998657	54513.70647746416	1.3322462139430037e8	6.154714263240478e7
0.46207999999998656	54514.96044059161	1.3322460031771453e8	6.158974800232794e7
0.46239999999998654	54516.21605202158	1.3322457921560076e8	6.163235334704157e7
0.46271999999998653	54517.473161258684	1.3322455808781546e8	6.1674958666372254e7
0.4630399999999865	54518.731914903015	1.332245369363363e8	6.171756396128839e7
0.4633599999999865	54519.99226204138	1.3322451575210306e8	6.176016922754018e7
0.4636799999999865	54521.25429336353	1.3322449454085264e8	6.180277446780337e7
0.4639999999999865	54522.51787672704	1.3322447330017339e8	6.184537968086058e7
0.46431999999998647	54523.78306019711	1.332244520314872e8	6.188798486736802e7
0.46463999999998645	54525.05013059916	1.3322443073425375e8	6.1930590027199775e7
0.46495999999998644	54526.31858582146	1.3322440941030733e8	6.1973195160910845e7
0.4652799999999864	54527.58846368073	1.3322438806314234e8	6.201580027012036e7
0.4655999999999864	54528.8605346468	1.3322436667950161e8	6.205840534904385e7
0.4659199999999864	54530.133794054505	1.3322434527100804e8	6.210101040252299e7
0.4662399999999864	54531.40872555226	1.3322432383515622e8	6.214361542962277e7
0.4665599999999864	54532.685366962636	1.3322430237080874e8	6.218622042980486e7
0.46687999999998636	54533.96374406047	1.3322428087609598e8	6.2228825402181104e7
0.46719999999998635	54535.24376900917	1.3322425935275893e8	6.227143034748728e7
0.46751999999998634	54536.5254930485	1.3322423780034545e8	6.2314035265510224e7
0.4678399999999863	54537.808509900766	1.3322421622661509e8	6.2356640159634404e7
0.4681599999999863	54539.09348003631	1.3322419461391598e8	6.23992450219255e7
0.4684799999999863	54540.38024487028	1.332241729758143e8	6.244184985861541e7
0.4687999999999863	54541.66829745471	1.3322415131125589e8	6.248445466891454e7
0.46911999999998627	54542.958341914455	1.3322412961573586e8	6.2527059451056734e7
0.46943999999998626	54544.24987568701	1.3322410789258756e8	6.2569664206308514e7
0.46975999999998624	54545.543416588866	1.3322408613760762e8	6.261226893294193e7
0.47007999999998623	54546.838310916755	1.3322406435866374e8	6.265487363427654e7
0.4703999999999862	54548.13491524526	1.3322404254477653e8	6.269747830531216e7
0.4707199999999862	54549.43317700467	1.3322402070691201e8	6.274008295114771e7
0.4710399999999862	54550.73310182744	1.3322399884157667e8	6.2782687570115976e7
0.4713599999999862	54552.034844342415	1.3322397694091126e8	6.28252921585662e7
0.47167999999998617	54553.33834565129	1.3322395501209225e8	6.28678967198166e7
0.47199999999998615	54554.64347475916	1.3322393305367672e8	6.291050125308824e7
0.47231999999998614	54555.95015820127	1.3322391106641246e8	6.295310575866557e7
0.4726399999999861	54557.25867550756	1.3322388904969612e8	6.299571023638164e7
0.4729599999999861	54558.56892510672	1.3322386700680327e8	6.303831468770212e7
0.4732799999999861	54559.88097209044	1.3322384492685252e8	6.3080919107484534e7
0.4735999999999861	54561.19451550162	1.3322382282642755e8	6.312352350338719e7
0.4739199999999861	54562.51001432896	1.3322380068733197e8	6.316612786700685e7
0.47423999999998606	54563.82729322437	1.3322377851874667e8	6.320873220256626e7
0.47455999999998605	54565.14620443357	1.3322375632337222e8	6.325133651123932e7
0.47487999999998604	54566.46633858831	1.3322373410357797e8	6.329394079390896e7
0.475199999999986	54567.788753079985	1.3322371184882997e8	6.333654504609975e7
0.475519999999986	54569.112836806074	1.3322368956459488e8	6.337914927005494e7
0.475839999999986	54570.438540510506	1.3322366724808374e8	6.34217534643917e7
0.476159999999986	54571.76605698161	1.3322364490481625e8	6.346435763180673e7
0.47647999999998597	54573.09514088875	1.3322362252646965e8	6.350696176817855e7
0.47679999999998596	54574.426089219625	1.332236001255973e8	6.35495658796128e7
0.47711999999998594	54575.75884867877	1.3322357768643066e8	6.3592169958534725e7
0.47743999999998593	54577.09351721208	1.33223555219881e8	6.3634774010166466e7
0.4777599999999859	54578.42975207566	1.3322353272502737e8	6.367737803386092e7
0.4780799999999859	54579.767687213534	1.3322351019628312e8	6.371998202698846e7
0.4783999999999859	54581.107516504904	1.3322348763923481e8	6.3762585992288664e7
0.4787199999999859	54582.4490878215	1.3322346505186935e8	6.380518992868951e7
0.47903999999998587	54583.7924581919	1.3322344242869928e8	6.384779383356124e7
0.47935999999998585	54585.13767433306	1.3322341977631608e8	6.389039771005176e7
0.47967999999998584	54586.48422483425	1.3322339710229184e8	6.393300156149732e7
0.4799999999999858	54587.83312996451	1.3322337438588966e8	6.397560537845273e7
0.4803199999999858	54589.18350576557	1.3322335164557071e8	6.4018209169282906e7
0.4806399999999858	54590.53589895196	1.3322332887197176e8	6.406081292974709e7
0.4809599999999858	54591.88984898821	1.3322330606504409e8	6.410341665954893e7
0.4812799999999858	54593.24568593326	1.3322328322747892e8	6.414602036012137e7
0.48159999999998576	54594.603555865775	1.332232603582063e8	6.4188624030993626e7
0.48191999999998575	54595.96278318962	1.3322323746112119e8	6.423122767366034e7
0.48223999999998574	54597.324291095225	1.33223214526226e8	6.427383128375028e7
0.4825599999999857	54598.687360067124	1.3322319156324157e8	6.4316434865543544e7
0.4828799999999857	54600.05203266844	1.3322316857476066e8	6.435903842028566e7
0.4831999999999857	54601.41870307485	1.3322314555185105e8	6.440164194383827e7
0.4835199999999857	54602.78740930783	1.3322312249065885e8	6.444424543432262e7
0.48383999999998567	54604.15772750986	1.3322309940689255e8	6.448684889908162e7
0.48415999999998566	54605.52971379596	1.3322307628823829e8	6.45294523321591e7
0.48447999999998564	54606.90413522957	1.3322305313195801e8	6.45720557325889e7
0.48479999999998563	54608.2798403585	1.3322302994795316e8	6.4614659104539536e7
0.4851199999999856	54609.65772002065	1.3322300673124352e8	6.4657262446025826e7
0.4854399999999856	54611.037114324725	1.3322298348786896e8	6.469986575960674e7
0.4857599999999856	54612.418469312404	1.3322296020490143e8	6.474246903920466e7
0.4860799999999856	54613.80199126269	1.3322293689136118e8	6.478507228927027e7
0.48639999999998557	54615.187106739264	1.3322291354571204e8	6.4827675508730434e7
0.48671999999998555	54616.57419949981	1.3322289016834007e8	6.4870278697937675e7
0.48703999999998554	54617.96312261707	1.3322286676002629e8	6.491288185716466e7
0.4873599999999855	54619.35361526628	1.3322284331913961e8	6.495548498545129e7
0.4876799999999855	54620.74618477729	1.3322281984848744e8	6.499808808439381e7
0.4879999999999855	54622.14061370036	1.3322279634179673e8	6.504069115078909e7
0.4883199999999855	54623.537225353095	1.332227727989002e8	6.5083294184684485e7
0.4886399999999855	54624.93547591099	1.3322274922716117e8	6.512589718936306e7
0.48895999999998546	54626.33550384605	1.3322272562416023e8	6.516850016368334e7
0.48927999999998545	54627.737449350825	1.332227019888033e8	6.521110310714987e7
0.48959999999998544	54629.14139763884	1.3322267831794032e8	6.5253706018231e7
0.4899199999999854	54630.547346639025	1.3322265461061677e8	6.5296308896422e7
0.4902399999999854	54631.9549005015	1.3322263087714574e8	6.533891174654006e7
0.4905599999999854	54633.36448000982	1.3322260711030115e8	6.538151456522809e7
0.4908799999999854	54634.7759644586	1.3322258330736834e8	6.542411735105805e7
0.49119999999998537	54636.189465874464	1.332225594683679e8	6.5466720104060605e7
0.49151999999998536	54637.605028595906	1.3322253560108776e8	6.5509322828049645e7
0.49183999999998534	54639.02222839422	1.332225116970462e8	6.555192551860883e7
0.49215999999998533	54640.441490322664	1.3322248776146443e8	6.5594528178486824e7
0.4924799999999853	54641.86244430697	1.3322246379661816e8	6.5637130808584295e7
0.4927999999999853	54643.28574767487	1.3322243978890143e8	6.567973340249989e7
0.4931199999999853	54644.710766291486	1.3322241574969508e8	6.5722335965480894e7
0.4934399999999853	54646.137591613246	1.3322239168298359e8	6.5764938499507874e7
0.49375999999998527	54647.56660546266	1.3322236757420479e8	6.580754099755574e7
0.49407999999998525	54648.99756077425	1.3322234343484737e8	6.585014346513338e7
0.49439999999998524	54650.43019630197	1.332223192679908e8	6.589274590359993e7
0.4947199999999852	54651.86508939364	1.3322229506009403e8	6.593534830652012e7
0.4950399999999852	54653.30180223764	1.332222708165961e8	6.597795067632383e7
0.4953599999999852	54654.740216428785	1.3322224654891236e8	6.602055301857007e7
0.4956799999999852	54656.18112931714	1.332222222376194e8	6.606315532400835e7
0.4959999999999852	54657.62377723415	1.3322219789076751e8	6.610575759620244e7
0.49631999999998516	54659.06846715851	1.3322217351474516e8	6.614835983844188e7
0.49663999999998515	54660.51526638307	1.3322214910194016e8	6.6190962046950065e7
0.49695999999998514	54661.963514074596	1.3322212466068593e8	6.6233564225498624e7
0.4972799999999851	54663.4141196514	1.3322210017837703e8	6.627616636824758e7
0.4975999999999851	54664.86682194068	1.3322207566052495e8	6.631876847776657e7
0.4979199999999851	54666.321581897464	1.3322205110366343e8	6.636137055227395e7
0.4982399999999851	54667.77798739337	1.3322202652426207e8	6.64039725997293e7
0.49855999999998507	54669.23655953304	1.3322200190125288e8	6.644657460986706e7
0.49887999999998506	54670.69732986274	1.3322197724367933e8	6.64891765871707e7
0.49919999999998504	54672.159518301654	1.3322195256391515e8	6.6531778537391216e7
0.49951999999998503	54673.624473401935	1.332219278314274e8	6.657438044592907e7
0.499839999999985	54675.09114885797	1.3322190307204762e8	6.6616982325119294e7
0.5001599999999851	54676.559893857004	1.33221878273027e8	6.6659584168732546e7
0.500479999999985	54678.030694274676	1.3322185344136322e8	6.670218598022387e7
0.500799999999985	54679.50327356438	1.3322182858057538e8	6.674478776118432e7
0.501119999999985	54680.9781346482	1.332218036780482e8	6.6787389505513325e7
0.501439999999985	54682.45482314611	1.3322177874079879e8	6.682999121646077e7
0.501759999999985	54683.933987419856	1.3322175376326719e8	6.6872592891524844e7
0.502079999999985	54685.414972447565	1.3322172875525522e8	6.691519453525963e7
0.502399999999985	54686.89765159622	1.3322170371514511e8	6.695779614675833e7
0.502719999999985	54688.38266793636	1.3322167863345683e8	6.700039772154252e7
0.5030399999999849	54689.87003264853	1.3322165351100034e8	6.704299925998303e7
0.5033599999999849	54691.35916844053	1.3322162836124177e8	6.708560076853006e7
0.5036799999999849	54692.85055551098	1.3322160317238167e8	6.71282022414509e7
0.5039999999999849	54694.3440089965	1.332215779428371e8	6.717080367781636e7
0.5043199999999849	54695.83901409171	1.3322155269100954e8	6.721340508661042e7
0.5046399999999849	54697.33675542415	1.3322152738726342e8	6.725600645344177e7
0.5049599999999849	54698.83649842462	1.3322150205579412e8	6.729860779011196e7
0.5052799999999849	54700.33828862844	1.332214766809759e8	6.734120908871964e7
0.5055999999999848	54701.84204047551	1.332214512777009e8	6.738381035670836e7
0.5059199999999848	54703.34790352382	1.3322142583204539e8	6.742641158707856e7
0.5062399999999848	54704.855854690475	1.3322140035331707e8	6.746901278448802e7
0.5065599999999848	54706.36605813265	1.3322137483548439e8	6.751161394592868e7
0.5068799999999848	54707.87832993419	1.3322134928102367e8	6.755421507252531e7
0.5071999999999848	54709.39253328154	1.332213236936229e8	6.75968161660439e7
0.5075199999999848	54710.90919482287	1.3322129806472208e8	6.763941722236599e7
0.5078399999999847	54712.42806590548	1.3322127239286274e8	6.76820182405863e7
0.5081599999999847	54713.948638104564	1.3322124669761212e8	6.772461923035471e7
0.5084799999999847	54715.47152928895	1.3322122095769343e8	6.776722018113199e7
0.5087999999999847	54716.99665186144	1.3322119517763363e8	6.780982109513335e7
0.5091199999999847	54718.52399777712	1.33221169360422e8	6.785242197383603e7
0.5094399999999847	54720.053252726175	1.3322114350979944e8	6.789502281895384e7
0.5097599999999847	54721.5847261744	1.3322111761958362e8	6.793762362745306e7
0.5100799999999847	54723.11846582869	1.33221091693032e8	6.79802244009785e7
0.5103999999999846	54724.6545104338	1.3322106572793275e8	6.802282513838314e7
0.5107199999999846	54726.1924715271	1.3322103972656809e8	6.806542584060328e7
0.5110399999999846	54727.73287631231	1.332210136794462e8	6.810802650300933e7
0.5113599999999846	54729.2751932412	1.3322098760228275e8	6.815062713333169e7
0.5116799999999846	54730.819646455646	1.3322096148997654e8	6.81932277290389e7
0.5119999999999846	54732.36639287501	1.3322093533519578e8	6.823582828641792e7
0.5123199999999846	54733.915640281964	1.3322090913233684e8	6.827842880265622e7
0.5126399999999846	54735.466565329916	1.3322088290713467e8	6.832102929049674e7
0.5129599999999845	54737.020298633055	1.3322085663269454e8	6.836362973667118e7
0.5132799999999845	54738.57584713904	1.332208303233922e8	6.8406230148025e7
0.5135999999999845	54740.13367420668	1.332208039748165e8	6.844883052248283e7
0.5139199999999845	54741.693616052864	1.3322077759227361e8	6.849143086265208e7
0.5142399999999845	54743.25598975457	1.332207511624199e8	6.853403116179033e7
0.5145599999999845	54744.8206841684	1.3322072469317396e8	6.857663142387046e7
0.5148799999999845	54746.3871941136	1.3322069819429281e8	6.861923165363102e7
0.5151999999999844	54747.95584198837	1.3322067165891448e8	6.866183184766287e7
0.5155199999999844	54749.527547845486	1.3322064507267939e8	6.870443199897198e7
0.5158399999999844	54751.10065333765	1.3322061845522162e8	6.874703211683176e7
0.5161599999999844	54752.676526723924	1.3322059179426542e8	6.878963219553666e7
0.5164799999999844	54754.25464289452	1.3322056509247474e8	6.883223223616421e7
0.5167999999999844	54755.83475034812	1.3322053835581271e8	6.88748322416333e7
0.5171199999999844	54757.41771806061	1.3322051156606236e8	6.891743220290779e7
0.5174399999999844	54759.00223071473	1.332204847568296e8	6.896003213668829e7
0.5177599999999843	54760.589245923664	1.3322045790064624e8	6.900263202919446e7
0.5180799999999843	54762.178759282404	1.3322043099493499e8	6.904523187904151e7
0.5183999999999843	54763.770346032106	1.3322040405979915e8	6.908783169639644e7
0.5187199999999843	54765.364383252185	1.3322037708116598e8	6.913043147411071e7
0.5190399999999843	54766.96035140207	1.3322035006771806e8	6.91730312163969e7
0.5193599999999843	54768.558902972814	1.3322032300918572e8	6.921563091819972e7
0.5196799999999843	54770.15998932705	1.3322029590857486e8	6.925823058101216e7
0.5199999999999843	54771.76266317448	1.3322026877305819e8	6.93008302080665e7
0.5203199999999842	54773.36872208189	1.3322024158685218e8	6.934342979197742e7
0.5206399999999842	54774.976389989155	1.3322021436881882e8	6.938602934166203e7
0.5209599999999842	54776.58618984959	1.3322018711585385e8	6.94286288557215e7
0.5212799999999842	54778.19891350928	1.3322015981146212e8	6.947122832590075e7
0.5215999999999842	54779.81392013499	1.3322013246279082e8	6.951382775556898e7
0.5219199999999842	54781.43097865565	1.332201050843026e8	6.955642715211938e7
0.5222399999999842	54783.05038800079	1.3322007766014528e8	6.959902650738554e7
0.5225599999999841	54784.67210703976	1.3322005019856714e8	6.964162582561192e7
0.5228799999999841	54786.29637009121	1.3322002269106515e8	6.968422510242613e7
0.5231999999999841	54787.92325971514	1.3321999514112101e8	6.972682433964263e7
0.5235199999999841	54789.55210627384	1.332199675542549e8	6.9769423539789e7
0.5238399999999841	54791.18327746746	1.3321993992383648e8	6.981202269952978e7
0.5241599999999841	54792.817085405084	1.3321991224615048e8	6.985462181702204e7
0.5244799999999841	54794.45317128872	1.3321988453386953e8	6.989722089869379e7
0.5247999999999841	54796.09157789571	1.3321985678079444e8	6.993981994127661e7
0.525119999999984	54797.73283299918	1.3321982897846979e8	6.998241894053966e7
0.525439999999984	54799.375795257656	1.3321980114372234e8	7.002501790473273e7
0.525759999999984	54801.021362126776	1.332197732623118e8	7.006761682676171e7
0.526079999999984	54802.66970515556	1.3321974533885416e8	7.011021570908894e7
0.526399999999984	54804.31989819867	1.3321971737440278e8	7.015281455178727e7
0.526719999999984	54805.9731372381	1.3321968936220033e8	7.019541335182242e7
0.527039999999984	54807.628355901754	1.3321966131430627e8	7.023801211499706e7
0.527359999999984	54809.286275073086	1.33219633225566e8	7.028061083889739e7
0.5276799999999839	54810.94632102835	1.3321960508738637e8	7.032320951867625e7
0.5279999999999839	54812.608839054556	1.332195769110778e8	7.036580816041897e7
0.5283199999999839	54814.27438786022	1.3321954867841059e8	7.0408406754719e7
0.5286399999999839	54815.94154636548	1.3321952042939118e8	7.04510053219985e7
0.5289599999999839	54817.6115041502	1.3321949212016332e8	7.049360383960237e7
0.5292799999999839	54819.284294025376	1.3321946376642703e8	7.053620231579524e7
0.5295999999999839	54820.959406111055	1.332194353734749e8	7.057880075309479e7
0.5299199999999838	54822.6366564629	1.332194069358727e8	7.062139914849497e7
0.5302399999999838	54824.31646937976	1.3321937846089244e8	7.06639975060061e7
0.5305599999999838	54825.99898152916	1.3321934993616623e8	7.070659581909208e7
0.5308799999999838	54827.684061209286	1.3321932136505716e8	7.074919408942619e7
0.5311999999999838	54829.371628750196	1.3321929275054562e8	7.079179231850724e7
0.5315199999999838	54831.06112220897	1.3321926410258959e8	7.083439051132078e7
0.5318399999999838	54832.753555282296	1.3321923540645327e8	7.087698866047038e7
0.5321599999999838	54834.448924720506	1.3321920665574503e8	7.091958676250406e7
0.5324799999999837	54836.146173824505	1.3321917786802585e8	7.096218482622343e7
0.5327999999999837	54837.845792284956	1.3321914904994334e8	7.10047828553618e7
0.5331199999999837	54839.548643226524	1.3321912016812998e8	7.104738083250184e7
0.5334399999999837	54841.25384093483	1.3321909124420825e8	7.108997876870032e7
0.5337599999999837	54842.96125042626	1.3321906228275067e8	7.113257666629222e7
0.5340799999999837	54844.671416751975	1.3321903327280451e8	7.117517451964375e7
0.5343999999999837	54846.384166935844	1.3321900421818295e8	7.121777233066292e7
0.5347199999999837	54848.099669564064	1.3321897512128283e8	7.126037010066442e7
0.5350399999999836	54849.817399967214	1.3321894597527942e8	7.130296782570961e7
0.5353599999999836	54851.53756173699	1.3321891679559621e8	7.13455655141009e7
0.5356799999999836	54853.260742456805	1.3321888755687453e8	7.138816315249231e7
0.5359999999999836	54854.98613630841	1.3321885828167257e8	7.143076075254156e7
0.5363199999999836	54856.71446483126	1.3321882895532121e8	7.147335830667873e7
0.5366399999999836	54858.445113901784	1.3321879958678971e8	7.151595581938063e7
0.5369599999999836	54860.178459951494	1.3321877017360224e8	7.155855328944936e7
0.5372799999999835	54861.91444250959	1.3321874071382837e8	7.160115071577436e7
0.5375999999999835	54863.653268904716	1.3321871120165384e8	7.164374809527844e7
0.5379199999999835	54865.39437726246	1.3321868165031911e8	7.168634543477131e7
0.5382399999999835	54867.13829069619	1.3321865205616054e8	7.172894273248276e7
0.5385599999999835	54868.88453106533	1.3321862241063394e8	7.177153998354684e7
0.5388799999999835	54870.63360108043	1.3321859272080868e8	7.181413719195332e7
0.5391999999999835	54872.385249128136	1.3321856298689829e8	7.185673435765615e7
0.5395199999999835	54874.13961807527	1.332185332063893e8	7.189933147932027e7
0.5398399999999834	54875.89664429487	1.3321850337638114e8	7.194192855530323e7
0.5401599999999834	54877.65676198445	1.3321847349043381e8	7.198452558227596e7
0.5404799999999834	54879.418769870674	1.33218443573732e8	7.202712257324159e7
0.5407999999999834	54881.18406852707	1.3321841360081248e8	7.206971951504144e7
0.5411199999999834	54882.95167655756	1.332183835815905e8	7.211231641253337e7
0.5414399999999834	54884.721927284256	1.3321835352109417e8	7.215491326854599e7
0.5417599999999834	54886.49471719787	1.33218323414717e8	7.219751008049409e7
0.5420799999999834	54888.27079994648	1.3321829325501715e8	7.224010684464218e7
0.5423999999999833	54890.048903811374	1.3321826305280463e8	7.228270356621741e7
0.5427199999999833	54891.83054004742	1.3321823279286005e8	7.232530023760813e7
0.5430399999999833	54893.614183331156	1.3321820249719587e8	7.236789687001224e7
0.5433599999999833	54895.40109491827	1.3321817214230944e8	7.241049345119902e7
0.5436799999999833	54897.19048710479	1.3321814174691199e8	7.245308999092196e7
0.5439999999999833	54898.9824167849	1.3321811130344197e8	7.249568648505226e7
0.5443199999999833	54900.77731211178	1.3321808081138538e8	7.253828293345664e7
0.5446399999999832	54902.57492103217	1.3321805027269517e8	7.258087933703451e7
0.5449599999999832	54904.37513167304	1.3321801968704219e8	7.26234756955082e7
0.5452799999999832	54906.17813371441	1.3321798904959899e8	7.266607200628407e7
0.5455999999999832	54907.98395447999	1.3321795836360684e8	7.270866827109057e7
0.5459199999999832	54909.79264577064	1.3321792762932856e8	7.27512644900454e7
0.5462399999999832	54911.60432595837	1.3321789683922681e8	7.279386065903597e7
0.5465599999999832	54913.41824806864	1.3321786601813714e8	7.28364567912412e7
0.5468799999999832	54915.23560896771	1.3321783512466747e8	7.287905286453503e7
0.5471999999999831	54917.055267890835	1.3321780420226e8	7.292164890209973e7
0.5475199999999831	54918.87751577026	1.3321777322415592e8	7.296424488938594e7
0.5478399999999831	54920.70275588357	1.3321774220136033e8	7.30068408325491e7
0.5481599999999831	54922.53157100228	1.33217711115325e8	7.304943672163935e7
0.5484799999999831	54924.36241423093	1.3321767999085826e8	7.309203256950095e7
0.5487999999999831	54926.195878495746	1.3321764882025518e8	7.313462837213416e7
0.5491199999999831	54928.033212840426	1.3321761758343537e8	7.317722411902878e7
0.549439999999983	54929.87226055776	1.3321758631412637e8	7.321981982767706e7
0.549759999999983	54931.71489107658	1.3321755498138435e8	7.326241548187616e7
0.550079999999983	54933.5604936006	1.3321752360237741e8	7.330501109073079e7
0.550399999999983	54935.408288687264	1.3321749217788532e8	7.33476066542724e7
0.550719999999983	54937.25934426729	1.3321746070124309e8	7.339020216926453e7
0.551039999999983	54939.11325290412	1.332174291727218e8	7.343279763562039e7
0.551359999999983	54940.97013451007	1.3321739759125407e8	7.347539305275272e7
0.551679999999983	54942.82964671338	1.3321736596300374e8	7.351798842385486e7
0.551999999999983	54944.69249246414	1.3321733427714963e8	7.356058374322094e7
0.5523199999999829	54946.55769829234	1.3321730255416195e8	7.360317902166283e7
0.5526399999999829	54948.42653196329	1.3321727075954294e8	7.364577424064487e7
0.5529599999999829	54950.29774777232	1.3321723892465076e8	7.368836941687778e7
0.5532799999999829	54952.1715467023	1.3321720704829517e8	7.373096454975182e7
0.5535999999999829	54954.04885529308	1.3321717511038963e8	7.377355962851843e7
0.5539199999999829	54955.92883856181	1.3321714312049149e8	7.381615465803666e7
0.5542399999999829	54957.81171722556	1.3321711108216085e8	7.385874964032562e7
0.5545599999999828	54959.697773078035	1.3321707898685096e8	7.390134457072183e7
0.5548799999999828	54961.58701732918	1.332170468407973e8	7.394393945263247e7
0.5551999999999828	54963.47853240659	1.3321701465167303e8	7.398653428985779e7
0.5555199999999828	54965.373495180786	1.3321698240046932e8	7.402912907231756e7
0.5558399999999828	54967.271228936064	1.3321695010375032e8	7.407172380885532e7
0.5561599999999828	54969.172049397384	1.3321691774900351e8	7.411431849260591e7
0.5564799999999828	54971.0763262246	1.3321688533178622e8	7.41569131212023e7
0.5567999999999828	54972.98258513896	1.3321685288726154e8	7.419950771350667e7
0.5571199999999827	54974.89328663691	1.3321682036136046e8	7.424210224045762e7
0.5574399999999827	54976.805586137736	1.3321678780224316e8	7.428469672756034e7
0.5577599999999827	54978.72171187704	1.3321675518117863e8	7.432729115974174e7
0.5580799999999827	54980.64062283195	1.3321672251002644e8	7.43698855430973e7
0.5583999999999827	54982.562448198536	1.3321668978764905e8	7.441247987699805e7
0.5587199999999827	54984.48763646889	1.3321665700625458e8	7.445507415723647e7
0.5590399999999827	54986.41535417166	1.3321662418061683e8	7.449766839164428e7
0.5593599999999826	54988.346805847286	1.3321659129150906e8	7.454026256995273e7
0.5596799999999826	54990.281233952606	1.3321655834728648e8	7.458285669643992e7
0.5599999999999826	54992.218377831145	1.3321652535131973e8	7.462545077282299e7
0.5603199999999826	54994.15860169	1.3321649230820742e8	7.466804480178647e7
0.5606399999999826	54996.10217163382	1.3321645920270301e8	7.471063877485123e7
0.5609599999999826	54998.04813535346	1.332164260522948e8	7.475323270134631e7
0.5612799999999826	54999.99812097528	1.3321639283413018e8	7.47958265691139e7
0.5615999999999826	55001.95115397957	1.3321635956325808e8	7.48384203861093e7
0.5619199999999825	55003.90693337806	1.3321632625130613e8	7.488101415868099e7
0.5622399999999825	55005.86566585149	1.332162928727906e8	7.492360787254934e7
0.5625599999999825	55007.82804975238	1.3321625943751998e8	7.4966201533471e7
0.5628799999999825	55009.793510962576	1.3321622594805253e8	7.500879514257699e7
0.5631999999999825	55011.7610739811	1.332161924196521e8	7.505138870798285e7
0.5635199999999825	55013.73306498449	1.3321615881239234e8	7.50939822081652e7
0.5638399999999825	55015.70804121032	1.3321612515337223e8	7.513657565769431e7
0.5641599999999825	55017.685885166255	1.332160914461575e8	7.517916905847807e7
0.5644799999999824	55019.66674341349	1.3321605768538325e8	7.522176240750289e7
0.5647999999999824	55021.651377874856	1.3321602385954197e8	7.52643556985466e7
0.5651199999999824	55023.638317152756	1.3321598999026695e8	7.530694894312869e7
0.5654399999999824	55025.6291927093	1.3321595605195166e8	7.534954212743518e7
0.5657599999999824	55027.6230491007	1.332159220611316e8	7.539213526033631e7
0.5660799999999824	55029.61995786399	1.3321588801931593e8	7.543472834266414e7
0.5663999999999824	55031.62023325737	1.3321585390998004e8	7.54773213651435e7
0.5667199999999823	55033.62418794754	1.3321581974665304e8	7.551991433550902e7
0.5670399999999823	55035.63098596771	1.3321578552545342e8	7.556250725114243e7
0.5673599999999823	55037.64076844568	1.3321575125535539e8	7.560510011713813e7
0.5676799999999823	55039.653959539144	1.332157169238016e8	7.564769292650113e7
0.5679999999999823	55041.6705488579	1.3321568253393242e8	7.569028568094836e7
0.5683199999999823	55043.69037816341	1.3321564808175424e8	7.573287837808265e7
0.5686399999999823	55045.71346597485	1.3321561358161491e8	7.577547102600783e7
0.5689599999999823	55047.74017608487	1.3321557901014955e8	7.581806361153783e7
0.5692799999999822	55049.76938661529	1.3321554439593057e8	7.58606561503832e7
0.5695999999999822	55051.80251447137	1.3321550971756323e8	7.590324863092388e7
0.5699199999999822	55053.83914489601	1.3321547497114062e8	7.594584105068953e7
0.5702399999999822	55055.87876558585	1.3321544016904701e8	7.598843341645329e7
0.5705599999999822	55057.921872510684	1.3321540531558941e8	7.603102573082925e7
0.5708799999999822	55059.96806041638	1.3321537040646608e8	7.607361799113506e7
0.5711999999999822	55062.017754676475	1.3321533542554256e8	7.611621018828073e7
0.5715199999999822	55064.07048673791	1.3321530039797297e8	7.615880233636929e7
0.5718399999999821	55066.12723543094	1.332152652998784e8	7.620139442211722e7
0.5721599999999821	55068.18683955121	1.332152301529493e8	7.624398645736653e7
0.5724799999999821	55070.24998301349	1.332151949337479e8	7.628657842894235e7
0.5727999999999821	55072.31657639516	1.3321515966869743e8	7.632917035186894e7
0.5731199999999821	55074.38671886097	1.3321512433048043e8	7.63717622104851e7
0.5734399999999821	55076.459830874985	1.332150889458159e8	7.641435401979174e7
0.5737599999999821	55078.536470889936	1.3321505349169889e8	7.645694576678012e7
0.574079999999982	55080.61679604903	1.3321501797615813e8	7.649953745605624e7
0.574399999999982	55082.70009035491	1.3321498241688065e8	7.65421290974123e7
0.574719999999982	55084.787459778265	1.3321494677087195e8	7.658472066656402e7
0.575039999999982	55086.8777188216	1.332149110796085e8	7.662731218677106e7
0.575359999999982	55088.971470750046	1.3321487533024961e8	7.666990365085536e7
0.575679999999982	55091.068879307175	1.3321483950628147e8	7.671249504932058e7
0.575999999999982	55093.170057263895	1.3321480362529764e8	7.675508639227332e7
0.576319999999982	55095.273916216094	1.3321476769387129e8	7.679767768298233e7
0.576639999999982	55097.38174707293	1.3321473169867274e8	7.684026891425668e7
0.5769599999999819	55099.49317607058	1.3321469563771729e8	7.688286008472817e7
0.5772799999999819	55101.607966697666	1.3321465950546238e8	7.692545119103059e7
0.5775999999999819	55103.72638376285	1.332146233186289e8	7.696804224286215e7
0.5779199999999819	55105.848543243206	1.3321458706663294e8	7.701063323409924e7
0.5782399999999819	55107.973920836186	1.3321455075442323e8	7.705322416731612e7
0.5785599999999819	55110.10255620275	1.3321451438511911e8	7.709581504427338e7
0.5788799999999819	55112.2351776397	1.3321447794973022e8	7.713840586001542e7
0.5791999999999818	55114.370890125436	1.3321444145265985e8	7.718099661664873e7
0.5795199999999818	55116.51071725268	1.3321440489012663e8	7.722358731235017e7
0.5798399999999818	55118.654076285115	1.332143682603427e8	7.726617794577138e7
0.5801599999999818	55120.8005786083	1.3321433157622322e8	7.730876852417417e7
0.5804799999999818	55122.95067353629	1.3321429482912874e8	7.735135904267679e7
0.5807999999999818	55125.10540994001	1.3321425799663441e8	7.739394948863068e7
0.5811199999999818	55127.26251830544	1.3321422112687755e8	7.743653988897231e7
0.5814399999999817	55129.424009176444	1.3321418417939726e8	7.747913022097959e7
0.5817599999999817	55131.589256715284	1.3321414716520113e8	7.752172049071571e7
0.5820799999999817	55133.75777317023	1.332141100923267e8	7.756431070258765e7
0.5823999999999817	55135.92904269907	1.3321407296782349e8	7.760690086042619e7
0.5827199999999817	55138.10558252513	1.3321403575614765e8	7.76494909445174e7
0.5830399999999817	55140.285169180774	1.3321399848792467e8	7.769208097170131e7
0.5833599999999817	55142.46799304939	1.3321396116329972e8	7.77346709420847e7
0.5836799999999817	55144.654850364925	1.3321392375974834e8	7.777726084279478e7
0.5839999999999816	55146.845661428546	1.3321388629299025e8	7.781985068289901e7
0.5843199999999816	55149.03990849877	1.3321384876480593e8	7.786244046315812e7
0.5846399999999816	55151.23819955557	1.332138111706241e8	7.79050301810898e7
0.5849599999999816	55153.43992112085	1.3321377350678569e8	7.794761983423176e7
0.5852799999999816	55155.64514714025	1.332137357853033e8	7.799020942957528e7
0.5855999999999816	55157.85416688665	1.3321369799098668e8	7.80327989582861e7
0.5859199999999816	55160.067123562614	1.3321366013335963e8	7.807538842593014e7
0.5862399999999816	55162.28333943583	1.3321362221585354e8	7.811797783417405e7
0.5865599999999815	55164.504455222595	1.33213584210837e8	7.816056716742808e7
0.5868799999999815	55166.7283466574	1.3321354616076237e8	7.820315644964033e7
0.5871999999999815	55168.95633468685	1.3321350803831041e8	7.824574566526836e7
0.5875199999999815	55171.18850455516	1.3321346984002492e8	7.828833481224333e7
0.5878399999999815	55173.42439599877	1.3321343157071921e8	7.833092389312817e7
0.5881599999999815	55175.66367581531	1.3321339324697019e8	7.837351291746376e7
0.5884799999999815	55177.90668313391	1.3321335485671727e8	7.841610187823676e7
0.5887999999999814	55180.154054121536	1.3321331639283802e8	7.845869077144761e7
0.5891199999999814	55182.40482416402	1.3321327785813963e8	7.85012795982789e7
0.5894399999999814	55184.65998891494	1.3321323924931207e8	7.854386835711707e7
0.5897599999999814	55186.918228311195	1.3321320059310843e8	7.858645706312312e7
0.5900799999999814	55189.180935436816	1.3321316185129276e8	7.862904569425741e7
0.5903999999999814	55191.447707668754	1.3321312303813326e8	7.867163425869246e7
0.5907199999999814	55193.718259735426	1.3321308415626135e8	7.871422275779358e7
0.5910399999999814	55195.992472406026	1.3321304521286157e8	7.875681119568874e7
0.5913599999999813	55198.270358093156	1.332130062079578e8	7.879939957233457e7
0.5916799999999813	55200.55265553007	1.3321296711838755e8	7.884198787426537e7
0.5919999999999813	55202.83866530268	1.3321292796524467e8	7.88845761135978e7
0.5923199999999813	55205.128990329635	1.3321288873838559e8	7.892716428450485e7
0.5926399999999813	55207.422947423634	1.332128494427303e8	7.896975238954905e7
0.5929599999999813	55209.72109095483	1.332128100735699e8	7.901234042609437e7
0.5932799999999813	55212.02250473029	1.3321277065271206e8	7.905492840663163e7
0.5935999999999813	55214.32869705147	1.3321273113627696e8	7.909751630567399e7
0.5939199999999812	55216.63908325018	1.3321269155013505e8	7.914010413825265e7
0.5942399999999812	55218.95252299556	1.332126519091274e8	7.91826919126531e7
0.5945599999999812	55221.27098614159	1.3321261218367347e8	7.922527961203101e7
0.5948799999999812	55223.59319644592	1.3321257239174052e8	7.926786724647184e7
0.5951999999999812	55225.91913078149	1.3321253252580681e8	7.931045481142186e7
0.5955199999999812	55228.248771392166	1.3321249260342851e8	7.935304231725429e7
0.5958399999999812	55230.58370541498	1.3321245257975021e8	7.939562973782624e7
0.5961599999999811	55232.92177142395	1.3321241250304438e8	7.94382171009406e7
0.5964799999999811	55235.264098379776	1.33212372351133e8	7.948080439377028e7
0.5967999999999811	55237.61066482345	1.3321233213273047e8	7.952339162143108e7
0.5971199999999811	55239.96120563843	1.3321229182983011e8	7.956597877299616e7
0.5974399999999811	55242.31627428788	1.3321225145184405e8	7.960856585422657e7
0.5977599999999811	55244.674927974615	1.3321221100630534e8	7.96511528691696e7
0.5980799999999811	55247.03761643295	1.3321217049027003e8	7.969373981617698e7
0.5983999999999811	55249.404563453296	1.3321212990502152e8	7.973632669603504e7
0.598719999999981	55251.776487538584	1.3321208922523677e8	7.977891349380016e7
0.599039999999981	55254.15169985441	1.3321204849119543e8	7.982150023282875e7
0.599359999999981	55256.53156337779	1.3321200767846188e8	7.986408689896594e7
0.599679999999981	55258.915435460505	1.332119667868187e8	7.990667349174403e7
0.599999999999981	55261.303300336775	1.3321192582399426e8	7.994926001571415e7
0.600319999999981	55263.69601684498	1.3321188477820536e8	7.999184646407373e7
0.600639999999981	55266.09251914185	1.3321184367016453e8	8.003443284875353e7
0.600959999999981	55268.49345203875	1.3321180247615063e8	8.007701915569206e7
0.6012799999999809	55270.898306857765	1.3321176121363607e8	8.011960539510547e7
0.6015999999999809	55273.307982736645	1.3321171986285801e8	8.016219155539316e7
0.6019199999999809	55275.72155569235	1.3321167844818495e8	8.020477765076584e7
0.6022399999999809	55278.13911628412	1.332116369608791e8	8.024736367593218e7
0.6025599999999809	55280.56171542313	1.3321159538103074e8	8.028994961923952e7
0.6028799999999809	55282.98782329436	1.3321155374019115e8	8.033253549900827e7
0.6031999999999809	55285.41862717635	1.33211512016562e8	8.03751213024989e7
0.6035199999999808	55287.85373267179	1.332114702156247e8	8.04177070327792e7
0.6038399999999808	55290.29362542086	1.3321142833630455e8	8.046029268931423e7
0.6041599999999808	55292.73677920355	1.3321138638914827e8	8.050287827779195e7
0.6044799999999808	55295.185500143176	1.3321134435371873e8	8.054546378670235e7
0.6047999999999808	55297.63784255945	1.3321130224512096e8	8.058804922432198e7
0.6051199999999808	55300.09481196632	1.3321126005168772e8	8.063063458391407e7
0.6054399999999808	55302.55663386697	1.332112177878267e8	8.06732198742047e7
0.6057599999999808	55305.02210696149	1.332111754401409e8	8.071580508653264e7
0.6060799999999807	55307.492375513895	1.3321113301507382e8	8.075839022516994e7
0.6063999999999807	55309.96719169388	1.332110905108055e8	8.080097528883655e7
0.6067199999999807	55312.44633112604	1.3321104792812125e8	8.084356027784027e7
0.6070399999999807	55314.930250115634	1.3321100526016161e8	8.088614518811701e7
0.6073599999999807	55317.418346263294	1.332109625235212e8	8.092873002942275e7
0.6076799999999807	55319.91040199454	1.3321091970668639e8	8.097131479460552e7
0.6079999999999807	55322.407686335486	1.3321087680272435e8	8.101389947986686e7
0.6083199999999807	55324.90919633298	1.3321083382299832e8	8.105648409163778e7
0.6086399999999806	55327.415633878016	1.3321079075605026e8	8.109906862314233e7
0.6089599999999806	55329.92620362388	1.3321074760591567e8	8.114165307643849e7
0.6092799999999806	55332.44142662008	1.3321070438777454e8	8.11842374608949e7
0.6095999999999806	55334.96127606558	1.3321066108130725e8	8.122682176404448e7
0.6099199999999806	55337.485446362494	1.3321061769672161e8	8.126940599190477e7
0.6102399999999806	55340.014034494	1.3321057423524494e8	8.131199014518338e7
0.6105599999999806	55342.547717651505	1.3321053067688112e8	8.135457421185711e7
0.6108799999999805	55345.08582380893	1.3321048705195671e8	8.139715821009248e7
0.6111999999999805	55347.62882470756	1.332104433291647e8	8.143974212086992e7
0.6115199999999805	55350.176275087004	1.332103995287193e8	8.148232595627917e7
0.6118399999999805	55352.72837072151	1.3321035564408827e8	8.152490971232074e7
0.6121599999999805	55355.284978784184	1.3321031168307762e8	8.156749339363638e7
0.6124799999999805	55357.84647810346	1.3321026763195452e8	8.16100769918841e7
0.6127999999999805	55360.412866883235	1.3321022350608863e8	8.165266051639058e7
0.6131199999999805	55362.983787014455	1.3321017928297555e8	8.169524395314288e7
0.6134399999999804	55365.55859944495	1.3321013499583717e8	8.173782732217595e7
0.6137599999999804	55368.1387314677	1.3321009061756065e8	8.178041060733508e7
0.6140799999999804	55370.72410500421	1.3321004614405751e8	8.182299380598684e7
0.6143999999999804	55373.31386929017	1.3321000158907527e8	8.186557692615323e7
0.6147199999999804	55375.90844606614	1.3320995695786773e8	8.190815997114393e7
0.6150399999999804	55378.50778369038	1.3320991222599538e8	8.195074292582999e7
0.6153599999999804	55381.11201887897	1.3320986741958404e8	8.199332580623956e7
0.6156799999999804	55383.72130351334	1.3320982252147406e8	8.20359086017899e7
0.6159999999999803	55386.33457628267	1.332097775431024e8	8.207849131902575e7
0.6163199999999803	55388.95335992817	1.3320973247142006e8	8.212107395040813e7
0.6166399999999803	55391.57600154721	1.3320968733905315e8	8.216365651532707e7
0.6169599999999803	55394.20472392555	1.3320964209124985e8	8.220623898079234e7
0.6172799999999803	55396.837899353275	1.3320959676871203e8	8.224882137118877e7
0.6175999999999803	55399.47539522495	1.332095513577471e8	8.229140367793311e7
0.6179199999999803	55402.119087798535	1.332095058518188e8	8.233398589761432e7
0.6182399999999802	55404.76683213212	1.3320946025832154e8	8.237656803388792e7
0.6185599999999802	55407.41929880305	1.3320941458500268e8	8.241915009171396e7
0.6188799999999802	55410.07716739957	1.3320936881853618e8	8.246173206302308e7
0.6191999999999802	55412.7398600408	1.3320932296926162e8	8.250431395390287e7
0.6195199999999802	55415.40767047897	1.3320927702399112e8	8.25468957562108e7
0.6198399999999802	55418.07971857691	1.3320923100794311e8	8.258947748514664e7
0.6201599999999802	55420.75737108112	1.3320918488220684e8	8.263205911702658e7
0.6204799999999802	55423.44036190644	1.3320913866103524e8	8.267464066048265e7
0.6207999999999801	55426.12758112637	1.3320909237761348e8	8.271722213559857e7
0.6211199999999801	55428.82047506428	1.332090459813886e8	8.275980351145904e7
0.6214399999999801	55431.518457945596	1.3320899949490535e8	8.280238480173878e7
0.6217599999999801	55434.22077245608	1.3320895293879099e8	8.284496601888502e7
0.6220799999999801	55436.92868350659	1.332089062778267e8	8.288754714139585e7
0.6223999999999801	55439.64226295846	1.3320885951340218e8	8.293012817005736e7
0.6227199999999801	55442.35974920174	1.3320881268089528e8	8.297270912613064e7
0.62303999999998	55445.083381926874	1.3320876573759589e8	8.301528998378074e7
0.62335999999998	55447.81138908626	1.3320871872246552e8	8.305787076651503e7
0.62367999999998	55450.545254441684	1.3320867158936344e8	8.310045144604169e7
0.62399999999998	55453.28422709731	1.332086243845601e8	8.314303205083223e7
0.62431999999998	55456.028034973686	1.3320857707824068e8	8.318561256209674e7
0.62463999999998	55458.77713610949	1.332085296797055e8	8.322819298571439e7
0.62495999999998	55461.531946706826	1.3320848218001303e8	8.327077331615956e7
0.62527999999998	55464.290394505384	1.3320843461509585e8	8.331335357502109e7
0.62559999999998	55467.05575739497	1.3320838693057391e8	8.335593372943993e7
0.6259199999999799	55469.825692523074	1.332083391534213e8	8.339851379530184e7
0.6262399999999799	55472.60065233182	1.3320829129831399e8	8.34410937818733e7
0.6265599999999799	55475.38120390122	1.3320824334304601e8	8.348367367537302e7
0.6268799999999799	55478.167392382595	1.3320819528977601e8	8.352625347706956e7
0.6271999999999799	55480.95846878023	1.332081471309909e8	8.356883318187197e7
0.6275199999999799	55483.75502395799	1.3320809888639778e8	8.361141280226097e7
0.6278399999999799	55486.55775835662	1.3320805053274827e8	8.365399232381335e7
0.6281599999999798	55489.36431268974	1.332080021108398e8	8.369657177116847e7
0.6284799999999798	55492.17766621319	1.3320795356797808e8	8.373915111224674e7
0.6287999999999798	55494.99532922451	1.3320790493794753e8	8.378173036724493e7
0.6291199999999798	55497.818932150185	1.3320785620803231e8	8.382430952868015e7
0.6294399999999798	55500.64766679382	1.332078073875711e8	8.386688860202947e7
0.6297599999999798	55503.482229558824	1.3320775846880193e8	8.390946758257069e7
0.6300799999999798	55506.32247120343	1.3320770943544498e8	8.395204645989104e7
0.6303999999999798	55509.16769828973	1.3320766032456028e8	8.399462525698139e7
0.6307199999999797	55512.018835796116	1.3320761109736732e8	8.403720394964449e7
0.6310399999999797	55514.87491799684	1.3320756178319442e8	8.407978255591406e7
0.6313599999999797	55517.73649144809	1.3320751238044637e8	8.412236107489613e7
0.6316799999999797	55520.60430262395	1.3320746285872869e8	8.416493948757578e7
0.6319999999999797	55523.477320384154	1.3320741324049605e8	8.420751780764471e7
0.6323199999999797	55526.35584654335	1.3320736352243704e8	8.425009603302234e7
0.6326399999999797	55529.23991616199	1.3320731372053887e8	8.42926741737346e7
0.6329599999999797	55532.12960659767	1.3320726379926172e8	8.43352522072288e7
0.6332799999999796	55535.02472289392	1.3320721379068494e8	8.437783015362862e7
0.6335999999999796	55537.9263281158	1.3320716366885756e8	8.442040799679206e7
0.6339199999999796	55540.83193400869	1.3320711347184148e8	8.446298575982143e7
0.6342399999999796	55543.74458712624	1.332070631471482e8	8.450556341046475e7
0.6345599999999796	55546.66259403487	1.332070127239776e8	8.454814096650286e7
0.6348799999999796	55549.58677208568	1.3320696219536453e8	8.459071842371254e7
0.6351999999999796	55552.51601440377	1.3320691156962751e8	8.463329578686672e7
0.6355199999999795	55555.450728920856	1.3320686085028972e8	8.467587305825508e7
0.6358399999999795	55558.392441350115	1.3320681000021115e8	8.471845021472298e7
0.6361599999999795	55561.338498492885	1.3320675907845825e8	8.476102729274857e7
0.6364799999999795	55564.2912546565	1.3320670803701444e8	8.480360426255313e7
0.6367999999999795	55567.24893970488	1.3320665690446703e8	8.484618114157678e7
0.6371199999999795	55570.21380735448	1.3320660563857764e8	8.488875790363427e7
0.6374399999999795	55573.18305394905	1.3320655430231422e8	8.493133458771248e7
0.6377599999999795	55576.15973548767	1.3320650282825343e8	8.497391115184677e7
0.6380799999999794	55579.140987302744	1.3320645127150895e8	8.501648763002782e7
0.6383999999999794	55582.128493356475	1.3320639960730088e8	8.505906400696135e7
0.6387199999999794	55585.12244163023	1.3320634782537827e8	8.510164027605858e7
0.6390399999999794	55588.12162307323	1.3320629595444448e8	8.514421645510653e7
0.6393599999999794	55591.12714497574	1.3320624396497919e8	8.518679252553992e7
0.6396799999999794	55594.13825131783	1.3320619187119772e8	8.522936849605972e7
0.6399999999999794	55597.15570135162	1.3320613966195583e8	8.527194435970148e7
0.6403199999999794	55600.17964437968	1.3320608734496461e8	8.531452012133949e7
0.6406399999999793	55603.20791193838	1.3320603494304189e8	8.535709579470284e7
0.6409599999999793	55606.24381518343	1.3320598241002873e8	8.539967135130866e7
0.6412799999999793	55609.28503140589	1.3320592977658565e8	8.544224680985256e7
0.6415999999999793	55612.33255404374	1.332058770272335e8	8.548482216065763e7
0.6419199999999793	55615.38632876359	1.3320582417523423e8	8.55273974121002e7
0.6422399999999793	55618.44621505127	1.3320577120450673e8	8.556997255369753e7
0.6425599999999793	55621.512579405025	1.3320571812370604e8	8.561254759102216e7
0.6428799999999792	55624.58383363444	1.3320566495134048e8	8.565512253529367e7
0.6431999999999792	55627.66260990145	1.3320561165369712e8	8.569769736567444e7
0.6435199999999792	55630.74653098364	1.332055582500805e8	8.57402720936124e7
0.6438399999999792	55633.83720597935	1.332055047322449e8	8.578284671426508e7
0.6441599999999792	55636.93421835128	1.3320545109450048e8	8.582542122370292e7
0.6444799999999792	55640.037092244136	1.3320539735271537e8	8.586799563186227e7
0.6447999999999792	55643.14619514349	1.3320534350033545e8	8.591056993454204e7
0.6451199999999792	55646.26214357668	1.332052895324087e8	8.595314412865424e7
0.6454399999999791	55649.384273090945	1.3320523544211876e8	8.599571820944622e7
0.6457599999999791	55652.511903763545	1.3320518125703207e8	8.603829219435504e7
0.6460799999999791	55655.64585042936	1.3320512696308063e8	8.608086607448372e7
0.6463999999999791	55658.78741872093	1.3320507252609305e8	8.612343982809503e7
0.6467199999999791	55661.9342831069	1.3320501799688497e8	8.61660134870862e7
0.6470399999999791	55665.08825557621	1.3320496333083563e8	8.620858702313177e7
0.6473599999999791	55668.24861204449	1.3320490856847669e8	8.625116046207683e7
0.647679999999979	55671.413914384146	1.3320485369938587e8	8.629373379656576e7
0.647999999999979	55674.58709119392	1.332047986913101e8	8.633630700662224e7
0.648319999999979	55677.766279051	1.332047435894296e8	8.637888012074122e7
0.648639999999979	55680.95214484071	1.3320468834471889e8	8.642145310726129e7
0.648959999999979	55684.14452810074	1.3320463299680531e8	8.646402599169913e7
0.649279999999979	55687.34400752734	1.3320457752423139e8	8.650659876022048e7
0.649599999999979	55690.54974380733	1.3320452192765053e8	8.65491714128292e7
0.649919999999979	55693.76153362624	1.3320446623087992e8	8.659174396480837e7
0.650239999999979	55696.979940862635	1.3320441041357544e8	8.66343164030246e7
0.6505599999999789	55700.20511103739	1.3320435447509824e8	8.66768887269911e7
0.6508799999999789	55703.43631313851	1.3320429842351288e8	8.67194609415789e7
0.6511999999999789	55706.675109363474	1.3320424223981008e8	8.676203303483966e7
0.6515199999999789	55709.92061875026	1.3320418592838089e8	8.680460500919312e7
0.6518399999999789	55713.17254995593	1.3320412949983196e8	8.684717687132265e7
0.6521599999999789	55716.43122392643	1.3320407296738386e8	8.688974862984318e7
0.6524799999999789	55719.6962020558	1.3320401630587214e8	8.693232026807678e7
0.6527999999999788	55722.96834075924	1.3320395952324441e8	8.697489179137903e7
0.6531199999999788	55726.247319802394	1.3320390261421919e8	8.70174631960663e7
0.6534399999999788	55729.53284908043	1.3320384558144076e8	8.7060034483638e7
0.6537599999999788	55732.82480225857	1.3320378843456191e8	8.71026056602359e7
0.6540799999999788	55736.12452856659	1.3320373115647385e8	8.714517671502052e7
0.6543999999999788	55739.43127433474	1.3320367374774444e8	8.718774764796954e7
0.6547199999999788	55742.74447183053	1.3320361621405238e8	8.723031846247278e7
0.6550399999999788	55746.064198651045	1.3320355857193416e8	8.727288916926289e7
0.6553599999999787	55749.39098869876	1.3320350080433744e8	8.731545975723809e7
0.6556799999999787	55752.72519027963	1.332034428974595e8	8.735803021734095e7
0.6559999999999787	55756.065174389565	1.3320338488708514e8	8.7400600572345e7
0.6563199999999787	55759.41375109897	1.3320332672032343e8	8.74431707883978e7
0.6566399999999787	55762.76884604514	1.3320326843731435e8	8.748574089098623e7
0.6569599999999787	55766.130361079486	1.332032100402358e8	8.752831088138954e7
0.6572799999999787	55769.49963464625	1.3320315149424244e8	8.757088073704763e7
0.6575999999999786	55772.87596080537	1.3320309283372845e8	8.761345048018596e7
0.6579199999999786	55776.259057855474	1.3320303405087419e8	8.765602010544682e7
0.6582399999999786	55779.6492974991	1.3320297513537979e8	8.769858960605346e7
0.6585599999999786	55783.04679556228	1.3320291608092348e8	8.774115897774799e7
0.6588799999999786	55786.45159816895	1.3320285690149003e8	8.778372822962007e7
0.6591999999999786	55789.8630479425	1.3320279759508838e8	8.782629736000614e7
0.6595199999999786	55793.28225252035	1.3320273816414985e8	8.78688663707586e7
0.6598399999999786	55796.70873882497	1.3320267858791935e8	8.791143524789445e7
0.6601599999999785	55800.14207809682	1.3320261889592595e8	8.795400401061545e7
0.6604799999999785	55803.58302899954	1.3320255906079023e8	8.799657264097787e7
0.6607999999999785	55807.03080698551	1.3320249909804106e8	8.80391411488324e7
0.6611199999999785	55810.48619009048	1.3320243901042409e8	8.808170953612882e7
0.6614399999999785	55813.94962483826	1.3320237876934269e8	8.812427778397615e7
0.6617599999999785	55817.41916892983	1.3320231841849568e8	8.816684592048055e7
0.6620799999999785	55820.89699199505	1.3320225791464622e8	8.820941391763763e7
0.6623999999999785	55824.38179500755	1.3320219729115106e8	8.825198179694958e7
0.6627199999999784	55827.87427926219	1.3320213652441171e8	8.829454954289217e7
0.6630399999999784	55831.374635615684	1.3320207561852866e8	8.833711715810359e7
0.6633599999999784	55834.882560016995	1.3320201457469578e8	8.837968464313233e7
0.6636799999999784	55838.397265889536	1.3320195341930738e8	8.842225201509151e7
0.6639999999999784	55841.91953418992	1.332018921095135e8	8.846481924567758e7
0.6643199999999784	55845.449144006976	1.3320183066866042e8	8.850738635017027e7
0.6646399999999784	55848.98777611547	1.3320176907117856e8	8.854995331200583e7
0.6649599999999783	55852.53204887331	1.332017073646271e8	8.85925201615172e7
0.6652799999999783	55856.086338359615	1.3320164548855436e8	8.863508685984173e7
0.6655999999999783	55859.64668699171	1.3320158348952603e8	8.867765343647777e7
0.6659199999999783	55863.215574840215	1.3320152135469675e8	8.8720219883576e7
0.6662399999999783	55866.790960901446	1.3320145908881378e8	8.876278620347951e7
0.6665599999999783	55870.37546214902	1.3320139665644301e8	8.880535237330987e7
0.6668799999999783	55873.96666617123	1.3320133410486574e8	8.884791842362581e7
0.6671999999999783	55877.56581302175	1.3320127141023098e8	8.88904843388058e7
0.6675199999999782	55881.17315353263	1.3320120856660719e8	8.893305011482882e7
0.6678399999999782	55884.78774763684	1.3320114559023154e8	8.897561576207559e7
0.6681599999999782	55888.41197085966	1.3320108243876968e8	8.901818125291386e7
0.6684799999999782	55892.04242083525	1.3320101917667133e8	8.906074662912169e7
0.6687999999999782	55895.68124318106	1.3320095576130672e8	8.910331186278677e7
0.6691199999999782	55899.32826085946	1.3320089219969831e8	8.914587695839418e7
0.6694399999999782	55902.98310463683	1.332008284989935e8	8.918844192045838e7
0.6697599999999782	55906.64545807803	1.3320076465204631e8	8.92310067439477e7
0.6700799999999781	55910.31609495833	1.3320070066331963e8	8.927357143196036e7
0.6703999999999781	55913.995051412756	1.3320063653231214e8	8.931613598402809e7
0.6707199999999781	55917.6819338654	1.3320057224106379e8	8.935870038783057e7
0.6710399999999781	55921.37687513154	1.3320050781063493e8	8.94012646573824e7
0.6713599999999781	55925.07925265622	1.3320044324227044e8	8.944382879317336e7
0.6716799999999781	55928.79146530048	1.3320037849135837e8	8.948639276588656e7
0.6719999999999781	55932.51080474747	1.3320031362024191e8	8.95289566163436e7
0.672319999999978	55936.2388481363	1.332002485873195e8	8.957152031696948e7
0.672639999999978	55939.97484150323	1.3320018342135336e8	8.96140838867003e7
0.672959999999978	55943.718375727854	1.3320011810329421e8	8.965664731244753e7
0.673279999999978	55947.47111707527	1.3320005261419201e8	8.969921058184364e7
0.673599999999978	55951.23179117131	1.3319998699440265e8	8.974177372148332e7
0.673919999999978	55955.0017672313	1.3319992120506705e8	8.978433670549211e7
0.674239999999978	55958.779852707514	1.3319985526900055e8	8.982689954869282e7
0.674559999999978	55962.565576212684	1.3319978918972066e8	8.986946225315616e7
0.6748799999999779	55966.361100608025	1.3319972294427882e8	8.991202480395299e7
0.6751999999999779	55970.162907450685	1.3319965655845442e8	8.995458721717782e7
0.6755199999999779	55973.97502249024	1.3319959001133078e8	8.999714947986652e7
0.6758399999999779	55977.79486703159	1.3319952331594859e8	9.003971159983185e7
0.6761599999999779	55981.62320190642	1.3319945644871084e8	9.008227356121509e7
0.6764799999999779	55985.46014409659	1.3319938946064425e8	9.012483539839949e7
0.6767999999999779	55989.30650381498	1.3319932227556965e8	9.016739705996463e7
0.6771199999999779	55993.16134477563	1.3319925493650278e8	9.020995857453682e7
0.6774399999999778	55997.024332765875	1.3319918745390558e8	9.025251994893962e7
0.6777599999999778	56000.89612065699	1.3319911982618813e8	9.029508118216023e7
0.6780799999999778	56004.775773996706	1.3319905202932897e8	9.033764225746161e7
0.6783999999999778	56008.66591229331	1.3319898405837996e8	9.03802031721594e7
0.6787199999999778	56012.56401620962	1.3319891593126811e8	9.042276393743446e7
0.6790399999999778	56016.47161587851	1.331988476377372e8	9.046532454665594e7
0.6793599999999778	56020.38714059557	1.3319877920502064e8	9.050788501765262e7
0.6796799999999777	56024.31193440998	1.3319871059488454e8	9.0550445324727e7
0.6799999999999777	56028.24569797236	1.3319864183285843e8	9.059300548496412e7
0.6803199999999777	56032.18830571084	1.3319857290587048e8	9.063556548927641e7
0.6806399999999777	56036.139943452086	1.3319850381612736e8	9.067812533905831e7
0.6809599999999777	56040.100391723754	1.3319843455333184e8	9.072068502706285e7
0.6812799999999777	56044.06935707872	1.3319836513232283e8	9.076324456313142e7
0.6815999999999777	56048.048941940026	1.3319829552974185e8	9.080580393185219e7
0.6819199999999777	56052.03623126225	1.331982257941285e8	9.084836316521358e7
0.6822399999999776	56056.03258183892	1.33198155885937e8	9.08909222365319e7
0.6825599999999776	56060.0392975061	1.331980857932546e8	9.093348113791549e7
0.6828799999999776	56064.05413958958	1.3319801555177547e8	9.09760398928422e7
0.6831999999999776	56068.07866797853	1.331979451274491e8	9.101859847839226e7
0.6835199999999776	56072.11207769447	1.3319787454212664e8	9.106115690906176e7
0.6838399999999776	56076.15550194078	1.3319780377006847e8	9.110371516744412e7
0.6841599999999776	56080.207206004416	1.3319773285278478e8	9.11462732812022e7
0.6844799999999776	56084.26888014353	1.3319766175837122e8	9.1188831228884e7
0.6847999999999775	56088.3404811291	1.3319759049562313e8	9.123138901631938e7
0.6851199999999775	56092.42059051657	1.3319751905411178e8	9.127394663574561e7
0.6854399999999775	56096.510628305325	1.3319744743140149e8	9.131650408576009e7
0.6857599999999775	56100.6095953264	1.331973756535427e8	9.135906138372968e7
0.6860799999999775	56104.71893505958	1.3319730370444825e8	9.140161851891296e7
0.6863999999999775	56108.83702123303	1.3319723156872185e8	9.144417548005754e7
0.6867199999999775	56112.96586296958	1.3319715924606915e8	9.148673226740316e7
0.6870399999999774	56117.10355776443	1.3319708675406216e8	9.152928889223729e7
0.6873599999999774	56121.25126663263	1.3319701409491885e8	9.157184535627642e7
0.6876799999999774	56125.408011394116	1.3319694126099212e8	9.161440165378618e7
0.6879999999999774	56129.57487533113	1.3319686824911566e8	9.165695778274967e7
0.6883199999999774	56133.750950880414	1.331967950755164e8	9.169951375387281e7
0.6886399999999774	56137.93695592194	1.3319672170316005e8	9.174206954171172e7
0.6889599999999774	56142.13332684092	1.33196648144553e8	9.17846251548182e7
0.6892799999999774	56146.33954251383	1.3319657442403464e8	9.182718060961823e7
0.6895999999999773	56150.55614082264	1.3319650049978986e8	9.18697358772782e7
0.6899199999999773	56154.7820029641	1.3319642640008332e8	9.191229097674595e7
0.6902399999999773	56159.01700643019	1.3319635215013038e8	9.195484592521088e7
0.6905599999999773	56163.262894235675	1.3319627769037883e8	9.199740068193497e7
0.6908799999999773	56167.518757914135	1.3319620304871857e8	9.203995526569411e7
0.6911999999999773	56171.78426951282	1.3319612822655267e8	9.20825096771726e7
0.6915199999999773	56176.06090683228	1.3319605320428817e8	9.212506390309486e7
0.6918399999999773	56180.34735117897	1.3319597800376816e8	9.216761795796368e7
0.6921599999999772	56184.642719072246	1.3319590265683754e8	9.221017186336827e7
0.6924799999999772	56188.9505276284	1.3319582708141364e8	9.225272556340055e7
0.6927999999999772	56193.26724016834	1.3319575131561473e8	9.229527908315103e7
0.6931199999999772	56197.59330039283	1.331956753973234e8	9.233783244882178e7
0.6934399999999772	56201.93134690513	1.3319559925742038e8	9.238038561313626e7
0.6937599999999772	56206.27852521379	1.3319552294074419e8	9.242293860610321e7
0.6940799999999772	56210.638282491505	1.3319544640570557e8	9.246549139973247e7
0.6943999999999771	56215.00587684582	1.3319536972606993e8	9.250804404357588e7
0.6947199999999771	56219.38513188239	1.3319529282707432e8	9.25505964867151e7
0.6950399999999771	56223.773822269875	1.3319521575701928e8	9.259314876182048e7
0.6953599999999771	56228.17510116661	1.3319513845835358e8	9.263570082966052e7
0.6956799999999771	56232.58541025493	1.3319506100170065e8	9.267825273805211e7
0.6959999999999771	56237.00692947879	1.3319498334340145e8	9.272080445711093e7
0.6963199999999771	56241.43947350018	1.331949054660844e8	9.276335597448015e7
0.696639999999977	56245.88054717689	1.3319482743202323e8	9.28059073325644e7
0.696959999999977	56250.33569853155	1.3319474915687837e8	9.284845847410497e7
0.697279999999977	56254.79918100991	1.3319467071989456e8	9.28910094523731e7
0.697599999999977	56259.27358145793	1.3319459209090036e8	9.293356024694006e7
0.697919999999977	56263.759542476735	1.3319451323811257e8	9.297611083562306e7
0.698239999999977	56268.25753938041	1.3319443415689966e8	9.301866121510564e7
0.698559999999977	56272.764736238314	1.331943549328473e8	9.306121144408885e7
0.698879999999977	56277.283584964534	1.3319427548224501e8	9.310376146466143e7
0.699199999999977	56281.81252040464	1.3319419584757167e8	9.314631130582517e7
0.6995199999999769	56286.35371194718	1.3319411598347944e8	9.318886093632382e7
0.6998399999999769	56290.906104141985	1.3319403592101957e8	9.323141037733948e7
0.7001599999999769	56295.469648015984	1.3319395565273564e8	9.327395962343557e7
0.7004799999999769	56300.04466008861	1.3319387519138305e8	9.331650868343352e7
0.7007999999999769	56304.629450765904	1.3319379453162841e8	9.335905755289377e7
0.7011199999999769	56309.226514833914	1.3319371364352822e8	9.340160621136819e7
0.7014399999999769	56313.83505306694	1.331936325409598e8	9.344415466812122e7
0.7017599999999768	56318.45441386125	1.3319355125182697e8	9.34867029423234e7
0.7020799999999768	56323.08448940481	1.3319346976599737e8	9.352925102663943e7
0.7023999999999768	56327.72747554036	1.3319338803190552e8	9.357179888530406e7
0.7027199999999768	56332.38080704086	1.3319330612395349e8	9.361434656958783e7
0.7030399999999768	56337.04689483933	1.3319322397454855e8	9.365689403250942e7
0.7033599999999768	56341.72255392671	1.331931416391623e8	9.36994413118965e7
0.7036799999999768	56346.410461604595	1.3319305910331847e8	9.374198839816804e7
0.7039999999999768	56351.111934031695	1.3319297629271203e8	9.378453523919865e7
0.7043199999999767	56355.82417160298	1.3319289330779709e8	9.382708190463562e7
0.7046399999999767	56360.54725125466	1.3319281010818718e8	9.386962836586605e7
0.7049599999999767	56365.28229198859	1.3319272669903846e8	9.391217462663849e7
0.7052799999999767	56370.029950803306	1.331926430604174e8	9.39547206728752e7
0.7055999999999767	56374.78906080124	1.3319255919022818e8	9.39972665025214e7
0.7059199999999767	56379.56060975176	1.3319247510423733e8	9.403981212676422e7
0.7062399999999767	56384.34388580373	1.3319239080446981e8	9.408235754660554e7
0.7065599999999767	56389.13851883755	1.3319230628705803e8	9.412490275898758e7
0.7068799999999766	56393.94442953815	1.331922215718596e8	9.416744777770418e7
0.7071999999999766	56398.76322764741	1.3319213661867738e8	9.420999257459858e7
0.7075199999999766	56403.59517629134	1.3319205141762845e8	9.425253714251454e7
0.7078399999999766	56408.43965575089	1.3319196599494812e8	9.429508149959078e7
0.7081599999999766	56413.2943081298	1.3319188037982689e8	9.433762566558598e7
0.7084799999999766	56418.163402520746	1.3319179450799526e8	9.438016959601647e7
0.7087999999999766	56423.04360539216	1.3319170842910206e8	9.44227133248423e7
0.7091199999999765	56427.93629370809	1.3319162211864181e8	9.446525683487728e7
0.7094399999999765	56432.84115848155	1.3319153557302967e8	9.450780012325405e7
0.7097599999999765	56437.7584527784	1.3319144882142304e8	9.455034321050343e7
0.7100799999999765	56442.68984091153	1.3319136179225844e8	9.459288604608242e7
0.7103999999999765	56447.63150240534	1.3319127457788275e8	9.463542869420788e7
0.7107199999999765	56452.58739958709	1.331911871075476e8	9.467797110555604e7
0.7110399999999765	56457.554761836705	1.3319109940299992e8	9.472051329452991e7
0.7113599999999765	56462.53594887879	1.331910114698306e8	9.476305526555185e7
0.7116799999999764	56467.52904777052	1.3319092331275256e8	9.480559702119166e7
0.7119999999999764	56472.53535578991	1.3319083491101252e8	9.484813854682024e7
0.7123199999999764	56477.55518565946	1.3319074624477877e8	9.489067982815349e7
0.7126399999999764	56482.58652688229	1.3319065740558319e8	9.493322092957602e7
0.7129599999999764	56487.63175251093	1.3319056826481742e8	9.497576175989932e7
0.7132799999999764	56492.68968261128	1.3319047890646107e8	9.501830237838322e7
0.7135999999999764	56497.76043817187	1.3319038932454893e8	9.506084278058447e7
0.7139199999999764	56502.84462467835	1.3319029949202448e8	9.51033829471332e7
0.7142399999999763	56507.942362999725	1.3319020940703213e8	9.514592287648514e7
0.7145599999999763	56513.05264295886	1.331901190816447e8	9.518846257672329e7
0.7148799999999763	56518.17758100142	1.3319002847179139e8	9.523100201670296e7
0.7151999999999763	56523.313758151744	1.3318993769948316e8	9.527354128242552e7
0.7155199999999763	56528.46485162845	1.3318984661940953e8	9.531608027079774e7
0.7158399999999763	56533.62841806846	1.3318975532299706e8	9.535861904626232e7
0.7161599999999763	56538.80605182225	1.3318966376197876e8	9.54011575744853e7
0.7164799999999762	56543.99757082952	1.3318957193922454e8	9.544369585720372e7
0.7167999999999762	56549.2019901137	1.3318947987684359e8	9.548623390972193e7
0.7171199999999762	56554.42167550619	1.3318938754904498e8	9.552877171397154e7
0.7174399999999762	56559.65237177302	1.3318929500876772e8	9.557130930646132e7
0.7177599999999762	56564.89881782786	1.3318920217015097e8	9.561384662668672e7
0.7180799999999762	56570.15792698484	1.3318910911658962e8	9.565638373336028e7
0.7183999999999762	56575.431167991475	1.3318901578595582e8	9.56989205820444e7
0.7187199999999762	56580.71857794865	1.3318892218949349e8	9.574145718055119e7
0.7190399999999761	56586.02039095182	1.3318882835505635e8	9.578399354870558e7
0.7193599999999761	56591.335128986466	1.3318873425468501e8	9.582652966573763e7
0.7196799999999761	56596.66419574665	1.3318863990749668e8	9.586906554553138e7
0.7199999999999761	56602.006697001714	1.3318854527756216e8	9.591160116171673e7
0.7203199999999761	56607.36518981062	1.3318845038320464e8	9.595413652792306e7
0.7206399999999761	56612.7367499675	1.3318835525098334e8	9.599667166220392e7
0.7209599999999761	56618.123368368324	1.3318825983126679e8	9.603920652909163e7
0.721279999999976	56623.52412071861	1.331881641619215e8	9.608174115535048e7
0.721599999999976	56628.93949267008	1.3318806820448044e8	9.612427551310466e7
0.721919999999976	56634.36737866566	1.331879720184476e8	9.616680964443515e7
0.722239999999976	56639.813323548275	1.3318787550120343e8	9.620934347653472e7
0.722559999999976	56645.27126074289	1.33187778758826e8	9.62518770840327e7
0.722879999999976	56650.74508905905	1.3318768172275966e8	9.629441041822438e7
0.723199999999976	56656.23271974059	1.3318758443367486e8	9.633694350764728e7
0.723519999999976	56661.735107742235	1.3318748687355162e8	9.637947633927146e7
0.723839999999976	56667.25244595382	1.3318738903206359e8	9.642200890540117e7
0.7241599999999759	56672.78538678603	1.3318729093198411e8	9.646454122242351e7
0.7244799999999759	56678.33231375123	1.3318719252589785e8	9.650707325527835e7
0.7247999999999759	56683.89589096585	1.3318709382631819e8	9.654960501346141e7
0.7251199999999759	56689.47224633761	1.3318699490074705e8	9.659213654455756e7
0.7254399999999759	56695.064511605815	1.3318689567418231e8	9.663466779478791e7
0.7257599999999759	56700.6737791751	1.3318679612909277e8	9.667719875142436e7
0.7260799999999759	56706.29675864812	1.3318669634184833e8	9.671972946869415e7
0.7263999999999758	56711.93650968308	1.3318659623495883e8	9.676225989089993e7
0.7267199999999758	56717.58843505035	1.3318649589508235e8	9.680479007943857e7
0.7270399999999758	56723.260136470984	1.3318639521098198e8	9.684731995527597e7
0.7273599999999758	56728.943263040586	1.3318629430902745e8	9.688984960770223e7
0.7276799999999758	56734.64463187071	1.3318619304203159e8	9.693237893124849e7
0.7279999999999758	56740.359699961424	1.331860915636025e8	9.697490803613779e7
0.7283199999999758	56746.09182258738	1.3318598975012536e8	9.701743683303444e7
0.7286399999999758	56751.83868219027	1.3318588764976823e8	9.705996535606869e7
0.7289599999999757	56757.60382014263	1.3318578522226512e8	9.710249357655856e7
0.7292799999999757	56763.38373746477	1.331856825313982e8	9.714502153974025e7
0.7295999999999757	56769.17902417779	1.3318557952575187e8	9.718754920799348e7
0.7299199999999757	56774.99034736071	1.3318547624760173e8	9.723007661203924e7
0.7302399999999757	56780.817508051616	1.3318537265768856e8	9.727260372287823e7
0.7305599999999757	56786.66060581518	1.3318526878622326e8	9.731513056229366e7
0.7308799999999757	56792.51989760639	1.3318516460929205e8	9.735765711259097e7
0.7311999999999756	56798.395668220204	1.3318506012980507e8	9.740018337566584e7
0.7315199999999756	56804.288951173556	1.3318495531715831e8	9.744270932910201e7
0.7318399999999756	56810.197557906315	1.3318485022276093e8	9.748523500959924e7
0.7321599999999756	56816.12419430977	1.331847447997357e8	9.752776038327545e7
0.7324799999999756	56822.06612597154	1.3318463910198425e8	9.757028548854819e7
0.7327999999999756	56828.02562036229	1.331845330627011e8	9.761281027678989e7
0.7331199999999756	56833.99956382088	1.3318442675427684e8	9.765533479989578e7
0.7334399999999756	56839.993679515086	1.3318432007610191e8	9.769785898532815e7
0.7337599999999755	56846.00269589132	1.3318421310785355e8	9.774038288977312e7
0.7340799999999755	56852.029543881166	1.3318410582691467e8	9.778290649711457e7
0.7343999999999755	56858.07156696288	1.3318399824403468e8	9.782542981422399e7
0.7347199999999755	56864.13397994282	1.3318389029323083e8	9.78679527937015e7
0.7350399999999755	56870.210286905494	1.3318378207687046e8	9.791047550869723e7
0.7353599999999755	56876.303783232215	1.3318367355253376e8	9.795299792862114e7
0.7356799999999755	56882.41797881682	1.3318356463682881e8	9.799551999273913e7
0.7359999999999755	56888.546514387395	1.3318345544712006e8	9.80380417853569e7
0.7363199999999754	56894.69389739599	1.3318334592320396e8	9.808056326305714e7
0.7366399999999754	56900.858432898196	1.3318323606807068e8	9.81230844272572e7
0.7369599999999754	56907.04138387787	1.3318312588550231e8	9.816560528074212e7
0.7372799999999754	56913.24078608344	1.3318301537378761e8	9.820812582140216e7
0.7375999999999754	56919.457414286815	1.3318290454852636e8	9.825064606061529e7
0.7379199999999754	56925.69271004021	1.3318279338696101e8	9.829316598164845e7
0.7382399999999754	56931.94545001911	1.3318268188107562e8	9.833568557792298e7
0.7385599999999753	56938.21625982391	1.33182570043209e8	9.837820485836813e7
0.7388799999999753	56944.50549023264	1.3318245788670978e8	9.842072383260244e7
0.7391999999999753	56950.81370057018	1.3318234534231639e8	9.84632424492501e7
0.7395199999999753	56957.140756991845	1.3318223248617423e8	9.850576076419666e7
0.7398399999999753	56963.483812645994	1.3318211929518215e8	9.854827875929298e7
0.7401599999999753	56969.844239162805	1.3318200579078092e8	9.859079645042822e7
0.7404799999999753	56976.227491537305	1.3318189188026701e8	9.863331377005541e7
0.7407999999999753	56982.626499970786	1.331817776518139e8	9.867583078124923e7
0.7411199999999752	56989.04568680405	1.3318166304235046e8	9.871834743809088e7
0.7414399999999752	56995.481353852345	1.3318154814686099e8	9.876086380966417e7
0.7417599999999752	57001.93687721695	1.3318143286742923e8	9.880337982392018e7
0.7420799999999752	57008.41142244936	1.3318131723485701e8	9.884589550311346e7
0.7423999999999752	57014.90369652448	1.3318120127595097e8	9.888841086645493e7
0.7427199999999752	57021.416524271306	1.3318108494187494e8	9.89309258780694e7
0.7430399999999752	57027.94832709002	1.3318096823862387e8	9.89734405416259e7
0.7433599999999752	57034.49982086157	1.331808511569949e8	9.901595485009444e7
0.7436799999999751	57041.06850006358	1.331807337766933e8	9.90584688617259e7
0.7439999999999751	57047.66004670146	1.3318061597168069e8	9.910098248389907e7
0.7443199999999751	57054.26741815185	1.3318049786267611e8	9.914349580423725e7
0.7446399999999751	57060.895579796954	1.3318037936074759e8	9.918600875747903e7
0.7449599999999751	57067.54408365183	1.331802604714118e8	9.922852134722272e7
0.7452799999999751	57074.21191616697	1.331801412389027e8	9.927103360578537e7
0.7455999999999751	57080.90055673556	1.3318002161457595e8	9.931354549692614e7
0.745919999999975	57087.609982881506	1.3317990158174318e8	9.9356057007795e7
0.746239999999975	57094.336279450705	1.3317978126087052e8	9.939856822688296e7
0.746559999999975	57101.08281467544	1.3317966054019219e8	9.94410790713111e7
0.746879999999975	57107.8523018994	1.3317953940326335e8	9.948358952908066e7
0.747199999999975	57114.641901639116	1.3317941787568824e8	9.952609961818366e7
0.747519999999975	57121.44930120262	1.3317929605703756e8	9.956860941207296e7
0.747839999999975	57128.277763503254	1.3317917380015159e8	9.961111880122288e7
0.748159999999975	57135.12832076256	1.3317905112368992e8	9.965362779941282e7
0.7484799999999749	57141.99745757366	1.3317892813275352e8	9.969613648400055e7
0.7487999999999749	57148.8911130108	1.3317880467817247e8	9.97386447444598e7
0.7491199999999749	57155.802257693766	1.3317868087891784e8	9.9781152667682e7
0.7494399999999749	57162.73416107537	1.3317855668514563e8	9.982366021678361e7
0.7497599999999749	57169.6871268221	1.331784321198846e8	9.986616740870795e7
0.7500799999999749	57176.6614756961	1.331783071510944e8	9.990867421912555e7
0.7503999999999749	57183.65790813959	1.3317818174626242e8	9.995118062340583e7
0.7507199999999749	57190.67515694145	1.3317805597719303e8	9.999368667469811e7
0.7510399999999748	57197.71237929266	1.3317792981649764e8	1.0003619235185298e8
0.7513599999999748	57204.774930589716	1.3317780318549804e8	1.000786975966912e8
0.7516799999999748	57211.85642581374	1.3317767619709714e8	1.0012120249201828e8
0.7519999999999748	57218.961136478574	1.331775487989291e8	1.0016370699915317e8
0.7523199999999748	57226.08803382993	1.3317742095633295e8	1.0020621109134927e8
0.7526399999999748	57233.23266785493	1.3317729279014203e8	1.0024871485800186e8
0.7529599999999748	57240.40229505899	1.3317716412799454e8	1.0029121817079437e8
0.7532799999999747	57247.593051534364	1.3317703511723232e8	1.0033372113926308e8
0.7535999999999747	57254.80862552947	1.3317690563566375e8	1.0037622367187817e8
0.7539199999999747	57262.04541236635	1.3317677571452168e8	1.0041872579082389e8
0.7542399999999747	57269.301900819104	1.331766454339013e8	1.004612275556975e8
0.7545599999999747	57276.585455327084	1.331765146611504e8	1.0050372886784843e8
0.7548799999999747	57283.88892983134	1.331763835380606e8	1.0054622983206229e8
0.7551999999999747	57291.215137574116	1.3317625194074333e8	1.0058873035511166e8
0.7555199999999747	57298.5642583157	1.3317611993838617e8	1.0063123048883602e8
0.7558399999999746	57305.93647063715	1.3317598752901378e8	1.0067373023137508e8
0.7561599999999746	57313.33226993751	1.3317585461153741e8	1.0071622950599745e8
0.7564799999999746	57320.749549945656	1.3317572132549392e8	1.0075872841723667e8
0.7567999999999746	57328.19216712125	1.331755875648974e8	1.0080122688544601e8
0.7571199999999746	57335.65906531945	1.3317545334305447e8	1.008437249199638e8
0.7574399999999746	57343.145460661595	1.3317531874948913e8	1.0088622258697261e8
0.7577599999999746	57350.65922483433	1.3317518367043528e8	1.0092871980179627e8
0.7580799999999746	57358.19740247341	1.3317504810877581e8	1.0097121656541298e8
0.7583999999999745	57365.75486693603	1.331749121662021e8	1.0101371295322013e8
0.7587199999999745	57373.339541827765	1.3317477572771165e8	1.0105620887949064e8
0.7590399999999745	57380.949142998856	1.3317463883544269e8	1.0109870437515654e8
0.7593599999999745	57388.58091680078	1.3317450150720778e8	1.0114119945262173e8
0.7596799999999745	57396.236397480534	1.3317436374909092e8	1.0118369411643705e8
0.7599999999999745	57403.91896192038	1.3317422543990205e8	1.0122618827487302e8
0.7603199999999745	57411.62511210462	1.3317408672778079e8	1.0126868203916976e8
0.7606399999999744	57419.35469290357	1.3317394753943372e8	1.0131117535313074e8
0.7609599999999744	57427.11053477918	1.3317380791287346e8	1.0135366824587901e8
0.7612799999999744	57434.88848139976	1.3317366779027623e8	1.0139616067195636e8
0.7615999999999744	57442.69568102477	1.3317352718787259e8	1.0143865264493072e8
0.7619199999999744	57450.525243407355	1.3317338613618775e8	1.0148114418593071e8
0.7622399999999744	57458.37872935928	1.331732446425044e8	1.0152363530042583e8
0.7625599999999744	57466.259896374766	1.3317310262082137e8	1.0156612592327993e8
0.7628799999999744	57474.16704692884	1.3317296010149825e8	1.0160861607671773e8
0.7631999999999743	57482.1005988472	1.3317281708746244e8	1.0165110576256973e8
0.7635199999999743	57490.05683943774	1.3317267366494888e8	1.0169359504529974e8
0.7638399999999743	57498.04202361122	1.3317252968728556e8	1.0173608381393707e8
0.7641599999999743	57506.05012099888	1.3317238525808369e8	1.0177857214567435e8
0.7644799999999743	57514.087222974704	1.3317224031442772e8	1.0182105999339303e8
0.7647999999999743	57522.147361497744	1.3317209489726251e8	1.0186354738648237e8
0.7651199999999743	57530.23897723904	1.3317194889771223e8	1.0190603424314514e8
0.7654399999999743	57538.35309917929	1.3317180249133678e8	1.0194852069506834e8
0.7657599999999742	57546.49608820131	1.3317165554866578e8	1.0199100664418659e8
0.7660799999999742	57554.66453912644	1.3317150809823748e8	1.0203349211102334e8
0.7663999999999742	57562.859384960015	1.331713601559167e8	1.0207597710744347e8
0.7667199999999742	57571.083869728325	1.3317121166284336e8	1.0211846158857696e8
0.7670399999999742	57579.333422013224	1.3317106267110229e8	1.0216094559275286e8
0.7673599999999742	57587.61018305287	1.3317091319881676e8	1.0220342913387357e8
0.7676799999999742	57595.914496095815	1.3317076318399023e8	1.0224591216393791e8
0.7679999999999741	57604.24627441686	1.331706126457103e8	1.0228839469703773e8
0.7683199999999741	57612.60565467981	1.33170461590751e8	1.0233087673788045e8
0.7686399999999741	57620.99534037408	1.3317030998982427e8	1.0237335826405703e8
0.7689599999999741	57629.40976560601	1.3317015788469139e8	1.0241583930584109e8
0.7692799999999741	57637.853714572826	1.3317000522075997e8	1.0245831982183181e8
0.7695999999999741	57646.324870340904	1.3316985205740674e8	1.025007998566269e8
0.7699199999999741	57654.8280576115	1.3316969826263475e8	1.0254327930920379e8
0.7702399999999741	57663.358444101425	1.3316954399152666e8	1.0258575829726616e8
0.770559999999974	57671.91575779033	1.3316938918165164e8	1.0262823677216148e8
0.770879999999974	57680.503918262686	1.3316923380333067e8	1.0267071471136585e8
0.771199999999974	57689.118960655156	1.3316907789723018e8	1.0271319214475866e8
0.771519999999974	57697.76666891429	1.3316892140023363e8	1.027556690244333e8
0.771839999999974	57706.440424824206	1.3316876440719342e8	1.0279814542149204e8
0.772159999999974	57715.14492489765	1.3316860682770227e8	1.028406212666948e8
0.772479999999974	57723.88049422647	1.3316844864634232e8	1.028830965476131e8
0.772799999999974	57732.64295867877	1.3316828995630525e8	1.0292557133470944e8
0.7731199999999739	57741.43785813547	1.3316813066007003e8	1.0296804555333114e8
0.7734399999999739	57750.260351557365	1.3316797082417245e8	1.0301051925322972e8
0.7737599999999739	57759.1168118184	1.3316781037761167e8	1.0305299238036485e8
0.7740799999999739	57767.99979595825	1.3316764941099532e8	1.0309546500257368e8
0.7743999999999739	57776.91676747965	1.3316748776636839e8	1.0313793699869496e8
0.7747199999999739	57785.86433377089	1.3316732557453819e8	1.0318040846861985e8
0.7750399999999739	57794.84278368108	1.3316716281279024e8	1.0322287939425409e8
0.7753599999999738	57803.85035192201	1.3316699944577008e8	1.0326534974721187e8
0.7756799999999738	57812.889077573534	1.3316683552145837e8	1.0330781956455924e8
0.7759999999999738	57821.96107774803	1.3316667098344563e8	1.0335028880243173e8
0.7763199999999738	57831.06018400192	1.3316650591045387e8	1.0339275751994203e8
0.7766399999999738	57840.19812061797	1.3316634009483147e8	1.0343522555789866e8
0.7769599999999738	57849.361761639295	1.3316617380337454e8	1.0347769311991371e8
0.7772799999999738	57858.55982400741	1.3316600682840247e8	1.035201600460212e8
0.7775999999999738	57867.791254414726	1.3316583923098616e8	1.0356262638278633e8
0.7779199999999737	57877.05169797633	1.3316567112183283e8	1.0360509221473378e8
0.7782399999999737	57886.34977922042	1.331655022563822e8	1.0364755735293043e8
0.7785599999999737	57895.67999438046	1.3316533278167884e8	1.0369002190987833e8
0.7788799999999737	57905.03980368128	1.3316516275839454e8	1.0373248593165623e8
0.7791999999999737	57914.434329134325	1.3316499205014145e8	1.037749493125666e8
0.7795199999999737	57923.86043950462	1.3316482075261259e8	1.0381741212582277e8
0.7798399999999737	57933.32258963369	1.3316464877071078e8	1.0385987429764892e8
0.7801599999999737	57942.81512378612	1.331644762116436e8	1.0390233590974918e8
0.7804799999999736	57952.34566307388	1.3316430295038603e8	1.0394479686563374e8
0.7807999999999736	57961.90810558663	1.3316412906671959e8	1.039872572255479e8
0.7811199999999736	57971.50476238524	1.3316395452994262e8	1.0402971696538766e8
0.7814399999999736	57981.137161727056	1.3316377933768898e8	1.0407217608297823e8
0.7817599999999736	57990.80176905507	1.3316360348249312e8	1.0411463457104838e8
0.7820799999999736	58000.50414533053	1.3316342693796301e8	1.0415709240950194e8
0.7823999999999736	58010.239757727664	1.3316324975412972e8	1.0419954963579886e8
0.7827199999999735	58020.00945468194	1.3316307188069443e8	1.0424200621010794e8
0.7830399999999735	58029.81440770753	1.3316289339660463e8	1.0428446219380766e8
0.7833599999999735	58039.656976806524	1.3316271416669752e8	1.043269174809081e8
0.7836799999999735	58049.53299929586	1.3316253431184222e8	1.0436937216447939e8
0.7839999999999735	58059.44659710284	1.3316235373607485e8	1.0441182616954413e8
0.7843199999999735	58069.39848504971	1.331621724162571e8	1.044542794773805e8
0.7846399999999735	58079.38220184169	1.3316199053057024e8	1.0449673222565408e8
0.7849599999999735	58089.404758293254	1.3316180786760548e8	1.0453918424935128e8
0.7852799999999734	58099.46372714803	1.3316162448134385e8	1.0458163558955766e8
0.7855999999999734	58109.56140231948	1.3316144038112687e8	1.0462408625337438e8
0.7859199999999734	58119.690945292175	1.3316125567829359e8	1.0466653632611853e8
0.7862399999999734	58129.86478545445	1.331610701521103e8	1.047089856362882e8
0.7865599999999734	58140.069579650204	1.3316088399587029e8	1.0475143433223927e8
0.7868799999999734	58150.31593534173	1.3316069710101058e8	1.047938823301718e8
0.7871999999999734	58160.59918766356	1.3316050940903592e8	1.0483632958229667e8
0.7875199999999734	58170.921414898134	1.331603210708314e8	1.0487877620707983e8
0.7878399999999733	58181.28303925229	1.3316013190389453e8	1.0492122206017032e8
0.7881599999999733	58191.67786780822	1.3315994212594168e8	1.0496366731101817e8
0.7884799999999733	58202.115216656544	1.3315975153100434e8	1.0500611179857337e8
0.7887999999999733	58212.59256809394	1.3315956019275047e8	1.050485555795884e8
0.7891199999999733	58223.11067905069	1.3315936803208719e8	1.0509099859105709e8
0.7894399999999733	58233.666452159814	1.3315917521705882e8	1.0513344096415953e8
0.7897599999999733	58244.26129840029	1.331589816175506e8	1.0517588259576857e8
0.7900799999999732	58254.89904667024	1.3315878721518768e8	1.052183234713798e8
0.7903999999999732	58265.57120342326	1.3315859210035968e8	1.0526076365984496e8
0.7907199999999732	58276.28793442839	1.3315839616982229e8	1.0530320308093724e8
0.7910399999999732	58287.04491328384	1.3315819946030693e8	1.0534564176198271e8
0.7913599999999732	58297.84211957	1.3315800200677717e8	1.0538807972985944e8
0.7916799999999732	58308.68216139449	1.331578036880903e8	1.0543051688845162e8
0.7919999999999732	58319.56059657923	1.3315760466481301e8	1.0547295336313242e8
0.7923199999999732	58330.48330283227	1.3315740476652361e8	1.0551538901938075e8
0.7926399999999731	58341.44526205724	1.331572041228295e8	1.0555782395800553e8
0.7929599999999731	58352.44891707066	1.3315700267716561e8	1.0560025813390546e8
0.7932799999999731	58363.496648849585	1.3315680037299864e8	1.0564269150191604e8
0.7935999999999731	58374.589238457214	1.331565972803629e8	1.0568512411691125e8
0.7939199999999731	58385.721376673166	1.3315639335385081e8	1.0572755594094695e8
0.7942399999999731	58396.89719082491	1.3315618863985124e8	1.0576998701087785e8
0.7945599999999731	58408.11782336715	1.3315598304857211e8	1.058124172547955e8
0.794879999999973	58419.37968260273	1.3315577662860021e8	1.0585484670969865e8
0.795199999999973	58430.68646133499	1.3315556938852187e8	1.0589727538233629e8
0.795519999999973	58442.03939151844	1.3315536126273088e8	1.0593970321993886e8
0.795839999999973	58453.43335234118	1.3315515234322539e8	1.0598213029378211e8
0.796159999999973	58464.873026989226	1.331549425304155e8	1.0602455652472983e8
0.796479999999973	58476.35742202076	1.3315473186222565e8	1.0606698194188441e8
0.796799999999973	58487.88718545469	1.3315452032904987e8	1.0610940653685942e8
0.797119999999973	58499.464763970194	1.3315430789331535e8	1.0615183027932724e8
0.797439999999973	58511.08744947662	1.3315409456875193e8	1.0619425317877571e8
0.7977599999999729	58522.75205041848	1.331538804266387e8	1.0623667529052636e8
0.7980799999999729	58534.463295743786	1.3315366538255593e8	1.0627909654733531e8
0.7983999999999729	58546.22477066142	1.3315344938309921e8	1.0632151690637657e8
0.7987199999999729	58558.02952882565	1.3315323258946387e8	1.0636393649403654e8
0.7990399999999729	58569.88293846179	1.3315301480146861e8	1.0640635515063718e8
0.7993599999999729	58581.78534580053	1.3315279612456322e8	1.0644877295953903e8
0.7996799999999729	58593.73361353277	1.3315257653852718e8	1.0649118990304327e8
0.7999999999999728	58605.730659544985	1.3315235600769587e8	1.0653360595228499e8
0.8003199999999728	58617.77636073465	1.3315213453445825e8	1.0657602110819772e8
0.8006399999999728	58629.86984137858	1.3315191217143896e8	1.0661843541178885e8
0.8009599999999728	58642.0123096662	1.3315168882988757e8	1.0666084879131325e8
0.8012799999999728	58654.20675208738	1.3315146447954586e8	1.0670326122213265e8
0.8015999999999728	58666.443403389625	1.3315123930454014e8	1.06745672848887e8
0.8019199999999728	58678.734644778815	1.3315101312551214e8	1.0678808352936551e8
0.8022399999999728	58691.07559571653	1.3315078596489654e8	1.068304932795848e8
0.8025599999999727	58703.46570407516	1.3315055782822983e8	1.068729021028891e8
0.8028799999999727	58715.908860443	1.3315032870542593e8	1.0691530999096332e8
0.8031999999999727	58728.4016383253	1.3315009862548353e8	1.0695771696542716e8
0.8035199999999727	58740.94566689192	1.3314986752083074e8	1.0700012297133891e8
0.8038399999999727	58753.53852637002	1.3314963552607346e8	1.0704252811539258e8
0.8041599999999727	58766.18582980157	1.3314940244592363e8	1.0708493224074322e8
0.8044799999999727	58778.88849493575	1.3314916834123327e8	1.0712733539543024e8
0.8047999999999726	58791.63996370011	1.331489332085868e8	1.0716973757438792e8
0.8051199999999726	58804.44397931699	1.3314869713735352e8	1.0721213884926511e8
0.8054399999999726	58817.30307603169	1.3314845994383465e8	1.0725453907164502e8
0.8057599999999726	58830.21936177435	1.3314822172362603e8	1.072969383178341e8
0.8060799999999726	58843.18216462395	1.3314798253765303e8	1.0733933663383308e8
0.8063999999999726	58856.206163448165	1.3314774222114366e8	1.0738173388863984e8
0.8067199999999726	58869.27748791083	1.3314750090652011e8	1.074241301852571e8
0.8070399999999726	58882.41149573672	1.3314725845528057e8	1.074665254138682e8
0.8073599999999725	58895.59406348506	1.3314701501489265e8	1.0750891968966046e8
0.8076799999999725	58908.834021363386	1.3314677050113769e8	1.0755131294531423e8
0.8079999999999725	58922.13551409419	1.3314652480385515e8	1.0759370509153001e8
0.8083199999999725	58935.489498614115	1.3314627803833482e8	1.0763609621857023e8
0.8086399999999725	58948.897921203476	1.3314603024841942e8	1.0767848636118442e8
0.8089599999999725	58962.36175877352	1.3314578136439398e8	1.0772087546212688e8
0.8092799999999725	58975.895866882565	1.3314553115726604e8	1.0776326333780833e8
0.8095999999999725	58989.47313492202	1.3314528006730251e8	1.0780565033816934e8
0.8099199999999724	59003.11635398533	1.3314502771680129e8	1.0784803616074459e8
0.8102399999999724	59016.8146975714	1.331447743189207e8	1.0789042097491565e8
0.8105599999999724	59030.56982783377	1.33144519842501e8	1.0793280475468212e8
0.8108799999999724	59044.39267386229	1.3314426399873352e8	1.0797518726683185e8
0.8111999999999724	59058.27154011677	1.3314400707477476e8	1.0801756874072038e8
0.8115199999999724	59072.20979126508	1.3314374905598113e8	1.0805994916400759e8
0.8118399999999724	59086.208411932406	1.3314348982790133e8	1.0810232844285452e8
0.8121599999999723	59100.26826128002	1.3314322936064382e8	1.08144706551927e8
0.8124799999999723	59114.39203660961	1.3314296773445791e8	1.0818708355568339e8
0.8127999999999723	59128.57176320683	1.3314270497063881e8	1.0822945946876562e8
0.8131199999999723	59142.819084317016	1.3314244096352598e8	1.0827183420628904e8
0.8134399999999723	59157.126136248735	1.3314217568531892e8	1.0831420774291411e8
0.8137599999999723	59171.497395379294	1.331419092321193e8	1.0835658015640062e8
0.8140799999999723	59185.930830410456	1.331416415737263e8	1.083989514205954e8
0.8143999999999723	59200.43101333648	1.3314137257917972e8	1.0844132142847635e8
0.8147199999999722	59214.994896353826	1.3314110237569952e8	1.0848369028178062e8
0.8150399999999722	59229.621326665336	1.3314083094999963e8	1.0852605796824458e8
0.8153599999999722	59244.30971819064	1.3314055830483685e8	1.0856842448877445e8
0.8156799999999722	59259.06972869587	1.3314028428699708e8	1.0861078971894647e8
0.8159999999999722	59273.89463131547	1.331400089761512e8	1.0865315372114784e8
0.8163199999999722	59288.78783986831	1.3313973238275662e8	1.086955165032386e8
0.8166399999999722	59303.747719264575	1.3313945445152967e8	1.087378780184753e8
0.8169599999999722	59318.77029494533	1.3313917531603976e8	1.0878023837390292e8
0.8172799999999721	59333.87130231861	1.3313889466769917e8	1.0882259731897783e8
0.8175999999999721	59349.027201698256	1.3313861293937892e8	1.0886495520179409e8
0.8179199999999721	59364.25996799065	1.3313832969363308e8	1.0890731166746764e8
0.8182399999999721	59379.55660554553	1.3313804525822906e8	1.0894966698029827e8
0.8185599999999721	59394.93056376436	1.3313775924532259e8	1.0899202082404903e8
0.8188799999999721	59410.37038910803	1.3313747202257736e8	1.0903437349612932e8
0.8191999999999721	59425.88211212766	1.3313718331588513e8	1.0907672477185525e8
0.819519999999972	59441.46268141049	1.3313689336197731e8	1.0911907484318867e8
0.819839999999972	59457.11792217708	1.3313660184806839e8	1.0916142345348151e8
0.820159999999972	59472.84090036561	1.3313630904224786e8	1.092037708197938e8
0.820479999999972	59488.64476882207	1.3313601469529079e8	1.0924611673869736e8
0.820799999999972	59504.516828054206	1.3313571899237444e8	1.092884613583528e8
0.821119999999972	59520.46464893368	1.3313542190895474e8	1.0933080465859358e8
0.821439999999972	59536.48783255453	1.3313512316324848e8	1.0937314640648247e8
0.821759999999972	59552.58390044144	1.3313482314014387e8	1.0941548691619532e8
0.8220799999999719	59568.75623978249	1.33134521576946e8	1.0945782597108223e8
0.8223999999999719	59585.00835901289	1.331342184319489e8	1.095001635359156e8
0.8227199999999719	59601.32696463976	1.3313391400914183e8	1.0954249985684171e8
0.8230399999999719	59617.72700952739	1.3313360806575547e8	1.0958483473540725e8
0.8233599999999719	59634.204226306676	1.33133300512535e8	1.0962716809583162e8
0.8236799999999719	59650.7652285505	1.3313299137388068e8	1.096694999577594e8
0.8239999999999719	59667.3938519322	1.331326808803332e8	1.0971183050670876e8
0.8243199999999719	59684.1103958585	1.3313236864900285e8	1.0975415942925663e8
0.8246399999999718	59700.912083651834	1.3313205481033598e8	1.0979648683073471e8
0.8249599999999718	59717.7899074283	1.3313173945950027e8	1.0983881278645098e8
0.8252799999999718	59734.74107135523	1.3313142270608592e8	1.0988113738483483e8
0.8255999999999718	59751.77650259149	1.3313110420026171e8	1.0992346033755438e8
0.8259199999999718	59768.90126289173	1.3313078402339558e8	1.0996578171093096e8
0.8262399999999718	59786.10285258864	1.3313046237670802e8	1.1000810166735914e8
0.8265599999999718	59803.388464110554	1.3313013903295359e8	1.1005042001876958e8
0.8268799999999717	59820.75691670027	1.3312981406892073e8	1.1009273682674284e8
0.8271999999999717	59838.21473370633	1.3312948740565029e8	1.1013505202545613e8
0.8275199999999717	59855.76044253031	1.3312915894538398e8	1.101773655320415e8
0.8278399999999717	59873.390687002604	1.3312882889840755e8	1.1021967751819462e8
0.8281599999999717	59891.102316173005	1.3312849718616305e8	1.1026198791671105e8
0.8284799999999717	59908.89799742039	1.3312816385636508e8	1.103042967659021e8
0.8287999999999717	59926.79469042499	1.3312782852824748e8	1.1034660375145873e8
0.8291199999999717	59944.769384161074	1.3312749171695268e8	1.1038890929454839e8
0.8294399999999716	59962.84194295666	1.3312715292622784e8	1.1043121298544843e8
0.8297599999999716	59980.995061005706	1.3312681266909546e8	1.1047351524490406e8
0.8300799999999716	59999.246041870094	1.3312647032211143e8	1.105158155568619e8
0.8303999999999716	60017.587041750485	1.3312612630231306e8	1.1055811426419926e8
0.8307199999999716	60036.01140770958	1.3312578057107145e8	1.106004113320078e8
0.8310399999999716	60054.53887783882	1.3312543291035594e8	1.1064270658070722e8
0.8313599999999716	60073.15362565552	1.3312508352816899e8	1.1068500017860222e8
0.8316799999999716	60091.869817117964	1.3312473207785037e8	1.1072729183803043e8
0.8319999999999715	60110.66661579218	1.3312437907431345e8	1.1076958198181646e8
0.8323199999999715	60129.57118690363	1.3312402397105864e8	1.1081187015808435e8
0.8326399999999715	60148.57738349889	1.3312366689732334e8	1.108541564712944e8
0.8329599999999715	60167.67760015058	1.3312330793097086e8	1.1089644098304403e8
0.8332799999999715	60186.872162463136	1.3312294713381124e8	1.1093872374298535e8
0.8335999999999715	60206.15786464744	1.3312258446918984e8	1.1098100471818154e8
0.8339199999999715	60225.558462612506	1.3312221961994894e8	1.1102328364621349e8
0.8342399999999714	60245.049841595224	1.3312185300232379e8	1.1106556086811654e8
0.8345599999999714	60264.63355513887	1.3312148454563604e8	1.1110783632337758e8
0.8348799999999714	60284.32801219275	1.3312111391792543e8	1.1115010973603515e8
0.8351999999999714	60304.13345889995	1.3312074101297031e8	1.1119238101522304e8
0.8355199999999714	60324.03889642129	1.3312036629963504e8	1.1123465054858495e8
0.8358399999999714	60344.04215194114	1.33119989418449e8	1.1127691803347227e8
0.8361599999999714	60364.15309746769	1.3311961060016319e8	1.1131918366227213e8
0.8364799999999714	60384.370216177726	1.3311922966906987e8	1.113614472857975e8
0.8367999999999713	60404.69186842758	1.3311884664311287e8	1.1140370891666597e8
0.8371199999999713	60425.12895524953	1.3311846135230273e8	1.1144596841224007e8
0.8374399999999713	60445.67812449213	1.3311807386539333e8	1.1148822582726708e8
0.8377599999999713	60466.325517704565	1.331176843799426e8	1.1153048132278888e8
0.8380799999999713	60487.08041381824	1.3311729292290439e8	1.1157273492088449e8
0.8383999999999713	60507.95182183011	1.3311689896242404e8	1.116149861751069e8
0.8387199999999713	60528.9355125847	1.3311650291294232e8	1.1165723542985862e8
0.8390399999999713	60550.03168778246	1.3311610457554172e8	1.1169948251615916e8
0.8393599999999712	60571.243716738805	1.3311570408569749e8	1.1174172754595788e8
0.8396799999999712	60592.57252085486	1.3311530119468738e8	1.1178397030837782e8
0.8399999999999712	60614.01969479411	1.3311489594717546e8	1.1182621083877473e8
0.8403199999999712	60635.57081197666	1.3311448868686707e8	1.1186844942129156e8
0.8406399999999712	60657.25575736398	1.331140787496202e8	1.1191068550035438e8
0.8409599999999712	60679.040818431014	1.3311366687270232e8	1.1195291968791567e8
0.8412799999999712	60700.96449882728	1.3311325216335082e8	1.119951512370652e8
0.8415999999999711	60723.008500004034	1.3311283511323197e8	1.1203738055583858e8
0.8419199999999711	60745.16300378343	1.3311241595668289e8	1.1207960783761425e8
0.8422399999999711	60767.44832383313	1.3311199417412114e8	1.1212183264585552e8
0.8425599999999711	60789.84747847508	1.3311157012946002e8	1.1216405528186099e8
0.8428799999999711	60812.38067301318	1.331111434097017e8	1.1220627539841686e8
0.8431999999999711	60835.043096246234	1.3311071423249006e8	1.1224849317558926e8
0.8435199999999711	60857.82805901911	1.3311028247437991e8	1.1229070850571977e8
0.8438399999999711	60880.74155333474	1.3310984821166426e8	1.123329214515279e8
0.844159999999971	60903.784326577574	1.3310941142860499e8	1.123751319973168e8
0.844479999999971	60926.95768664227	1.3310897204763697e8	1.1241734007524404e8
0.844799999999971	60950.26001041358	1.3310853013430426e8	1.1245954573781e8
0.845119999999971	60973.702931638276	1.3310808537934831e8	1.1250174872290103e8
0.845439999999971	60997.271116675314	1.331076382906807e8	1.1254394945469302e8
0.845759999999971	61020.97855717742	1.3310718829422344e8	1.1258614744745122e8
0.846079999999971	61044.82809324311	1.3310673546390511e8	1.1262834276123708e8
0.846399999999971	61068.805995359144	1.3310628012297289e8	1.1267053566468127e8
0.8467199999999709	61092.920817428654	1.3310582211223468e8	1.1271272602177039e8
0.8470399999999709	61117.186878294866	1.3310536102560444e8	1.1275491348802902e8
0.8473599999999709	61141.58495073699	1.331048973589013e8	1.1279709847756162e8
0.8476799999999709	61166.13624152061	1.3310443063582787e8	1.1283928058724701e8
0.8479999999999709	61190.81867393546	1.3310396134703588e8	1.12881460226721e8
0.8483199999999709	61215.65572794046	1.3310348895149279e8	1.129236369379873e8
0.8486399999999709	61240.639611816674	1.331030137065967e8	1.1296581093517399e8
0.8489599999999708	61265.76498579392	1.3310253559468351e8	1.1300798219960208e8
0.8492799999999708	61291.0399148623	1.3310205448163399e8	1.1305015061569421e8
0.8495999999999708	61316.4540507572	1.3310157062767348e8	1.1309231639995675e8
0.8499199999999708	61342.0446147682	1.3310108331189941e8	1.1313447894250146e8
0.8502399999999708	61367.76378454876	1.331005933937425e8	1.1317663896339612e8
0.8505599999999708	61393.66088395368	1.3310010000242469e8	1.1321879572674096e8
0.8508799999999708	61419.70421198423	1.3309960361520456e8	1.1326094963039346e8
0.8511999999999708	61445.91392709174	1.3309910398889065e8	1.1330310046733218e8
0.8515199999999707	61472.26456425527	1.3309860150635414e8	1.1334524855652928e8
0.8518399999999707	61498.777769405395	1.3309809593696886e8	1.1338739370185797e8
0.8521599999999707	61525.46763916098	1.3309758663073458e8	1.1342953534837866e8
0.8524799999999707	61552.31264837872	1.3309707438395694e8	1.134716741679936e8
0.8527999999999707	61579.31808645569	1.3309655887151103e8	1.1351380988124304e8
0.8531199999999707	61606.501777931946	1.3309603986916998e8	1.1355594229616354e8
0.8534399999999707	61633.84347603279	1.3309551766452536e8	1.1359807165170847e8
0.8537599999999707	61661.34944434689	1.3309499226162542e8	1.1364019794902416e8
0.8540799999999706	61689.04349278309	1.3309446287749603e8	1.1368232051963438e8
0.8543999999999706	61716.905444940356	1.3309393050032853e8	1.1372444020090957e8
0.8547199999999706	61744.93278750602	1.3309339457042496e8	1.1376655651106508e8
0.8550399999999706	61773.15201690048	1.330928549613268e8	1.1380866934224533e8
0.8553599999999706	61801.53186975927	1.3309231203514767e8	1.1385077899594964e8
0.8556799999999706	61830.107124094626	1.3309176520467363e8	1.1389288497139136e8
0.8559999999999706	61858.84816816793	1.3309121521715209e8	1.1393498790001449e8
0.8563199999999705	61887.78851626906	1.3309066128433369e8	1.1397708710845073e8
0.8566399999999705	61916.91996901723	1.3309010340632702e8	1.1401918259163882e8
0.8569599999999705	61946.23340801275	1.3308954197428413e8	1.1406127467950529e8
0.8572799999999705	61975.72511903934	1.3308897679248215e8	1.1410336320014417e8
0.8575999999999705	62005.408241357734	1.3308840792877385e8	1.141454482098461e8
0.8579199999999705	62035.2965268113	1.3308783504313567e8	1.1418752941513355e8
0.8582399999999705	62065.36266442602	1.3308725844678245e8	1.1422960707517396e8
0.8585599999999705	62095.64939360124	1.3308667766429202e8	1.1427168078410085e8
0.8588799999999704	62126.11771736416	1.330860930966642e8	1.143137508765913e8
0.8591999999999704	62156.777969571915	1.3308550477031839e8	1.1435581737299174e8
0.8595199999999704	62187.641701474575	1.3308491225379805e8	1.143978799002868e8
0.8598399999999704	62218.73556844959	1.3308431520866936e8	1.144399381669956e8
0.8601599999999704	62250.024035481656	1.3308371428007361e8	1.1448199271850531e8
0.8604799999999704	62281.516049294456	1.330831094509172e8	1.145240435374405e8
0.8607999999999704	62313.21531176469	1.3308250024852043e8	1.1456609021349384e8
0.8611199999999704	62345.14834548393	1.3308188642603645e8	1.1460813253338678e8
0.8614399999999703	62377.27978536882	1.3308126873600009e8	1.1465017113582303e8
0.8617599999999703	62409.63267051035	1.3308064644547321e8	1.1469220538846742e8
0.8620799999999703	62442.200734671555	1.3308002002169913e8	1.1473423568862776e8
0.8623999999999703	62474.99111269113	1.3307938911746714e8	1.1477626173367682e8
0.8627199999999703	62508.031729445305	1.3307875313423757e8	1.1481828300656131e8
0.8630399999999703	62541.27658083235	1.3307811304506397e8	1.1486030033564857e8
0.8633599999999703	62574.75693718388	1.3307746828546347e8	1.1490231323372169e8
0.8636799999999702	62608.470033307654	1.3307681886039798e8	1.149443216999795e8
0.8639999999999702	62642.420891229944	1.3307616473226619e8	1.1498632569791523e8
0.8643199999999702	62676.59633622808	1.330755060636369e8	1.1502832536150958e8
0.8646399999999702	62711.01220472383	1.3307484257155855e8	1.1507032044368045e8
0.8649599999999702	62745.67266491326	1.3307417421968773e8	1.151123109086938e8
0.8652799999999702	62780.57440987637	1.3307350103385241e8	1.1515429677355234e8
0.8655999999999702	62815.72840478247	1.3307282281342612e8	1.1519627786119528e8
0.8659199999999702	62851.12230257025	1.3307213960017048e8	1.1523825420105399e8
0.8662399999999701	62886.796351525576	1.330714510391683e8	1.1528022548604515e8
0.8665599999999701	62922.69814054098	1.33070757578436e8	1.153221920920054e8
0.8668799999999701	62958.86419283629	1.3307005908713292e8	1.1536415390545115e8
0.8671999999999701	62995.289425094714	1.3306935531619947e8	1.1540611070463985e8
0.8675199999999701	63031.98709288213	1.3306864595762013e8	1.154480622188007e8
0.8678399999999701	63068.95854048171	1.3306793137478454e8	1.1549000875784974e8
0.8681599999999701	63106.17442714344	1.3306721175474468e8	1.1553195047503163e8
0.86847999999997	63143.68162750496	1.330664862466455e8	1.1557388663249035e8
0.86879999999997	63181.458605558146	1.3306575531873734e8	1.1561581762828407e8
0.86911999999997	63219.53413075135	1.3306501840977529e8	1.1565774297292694e8
0.86943999999997	63257.870537285664	1.3306427634447253e8	1.1569966337251157e8
0.86975999999997	63296.51168292726	1.3306352810053363e8	1.1574157793839772e8
0.87007999999997	63335.416143492395	1.3306277457180113e8	1.1578348743669409e8
0.87039999999997	63374.625713070454	1.3306201493289477e8	1.1582539114908002e8
0.87071999999997	63414.13120219564	1.3306124919864517e8	1.1586728908112216e8
0.87103999999997	63453.95843683662	1.3306047705143844e8	1.1590918095336094e8
0.8713599999999699	63494.0648162821	1.3305969950762331e8	1.1595106763945661e8
0.8716799999999699	63534.48847244967	1.3305891551012674e8	1.1599294821742405e8
0.8719999999999699	63575.204418013825	1.3305812550675832e8	1.1603482306805477e8
0.8723199999999699	63616.241505480546	1.3305732896942998e8	1.1607669172832458e8
0.8726399999999699	63657.62875640362	1.3305652562327702e8	1.1611855395549087e8
0.8729599999999699	63699.307659242964	1.33055716343189e8	1.161604104989913e8
0.8732799999999699	63741.31386361568	1.3305490045398718e8	1.1620226076774672e8
0.8735999999999698	63783.655967158535	1.3305407781214851e8	1.1624410463080318e8
0.8739199999999698	63826.3307865705	1.3305324847563992e8	1.1628594213161281e8
0.8742399999999698	63869.32417659552	1.330524126970709e8	1.163277734824917e8
0.8745599999999698	63912.69460062956	1.3305156971307485e8	1.1636959801667343e8
0.8748799999999698	63956.38506781586	1.3305071968158667e8	1.1641141585792221e8
0.8751999999999698	64000.46187061081	1.330498621968401e8	1.1645322665231189e8
0.8755199999999698	64044.87647326291	1.3304899804561485e8	1.1649503107511608e8
0.8758399999999698	64089.6338592842	1.33048126625025e8	1.1653682859219784e8
0.8761599999999697	64134.75666054917	1.3304724837316139e8	1.165786195828899e8
0.8764799999999697	64180.24819460003	1.3304636209012985e8	1.1662040298900999e8
0.8767999999999697	64226.09487526253	1.3304546925418141e8	1.1666218009695086e8
0.8771199999999697	64272.36443797239	1.3304456756104591e8	1.167039488872827e8
0.8774399999999697	64318.9727087556	1.3304365921736965e8	1.1674571127697998e8
0.8777599999999697	64366.009022158796	1.3304274207261576e8	1.1678746538259804e8
0.8780799999999697	64413.415606343224	1.3304181773701803e8	1.1682921260214749e8
0.8783999999999696	64461.23387999599	1.3304088481351937e8	1.1687095170623118e8
0.8787199999999696	64509.449033544566	1.3303994406301457e8	1.1691268335302691e8
0.8790399999999696	64558.0737519189	1.3303899515809536e8	1.1695440724836913e8
0.8793599999999696	64607.104516732616	1.3303803793930873e8	1.1699612324339539e8
0.8796799999999696	64656.571432879624	1.3303707208956404e8	1.1703783105441844e8
0.8799999999999696	64706.43055765688	1.3303609818032861e8	1.1707953117035204e8
0.8803199999999696	64756.74141789296	1.3303511525200371e8	1.1712122274545276e8
0.8806399999999696	64807.48592358572	1.3303412348000515e8	1.1716290592294753e8
0.8809599999999695	64858.67702878359	1.3303312298483875e8	1.17204580801633e8
0.8812799999999695	64910.31469716542	1.3303211356888945e8	1.1724624719854769e8
0.8815999999999695	64962.41332135451	1.3303109463389438e8	1.1728790457897449e8
0.8819199999999695	65014.9506710201	1.3303006696389903e8	1.1732955362217301e8
0.8822399999999695	65067.968530109174	1.330290296231952e8	1.1737119349873778e8
0.8825599999999695	65121.499695385835	1.330279816472798e8	1.1741282335154343e8
0.8828799999999695	65175.4166664869	1.3302692637022772e8	1.1745444609854257e8
0.8831999999999695	65229.88026722229	1.330258598727001e8	1.1749605828957987e8
0.8835199999999694	65284.8404772804	1.3302478338161595e8	1.1753766099154006e8
0.8838399999999694	65340.29616332467	1.3302369708590649e8	1.1757925436120586e8
0.8841599999999694	65396.291588743516	1.3302259993527073e8	1.1762083746518254e8
0.8844799999999694	65452.73744176754	1.3302149369253293e8	1.1766241184139673e8
0.8847999999999694	65509.765788399294	1.3302037538228779e8	1.17703974863263e8
0.8851199999999694	65567.24652492839	1.3301924842386386e8	1.177455295302071e8
0.8854399999999694	65625.35622848819	1.3301810843495034e8	1.1778707197344789e8
0.8857599999999693	65683.94030158587	1.330169590897609e8	1.1782860541668259e8
0.8860799999999693	65743.12658148687	1.3301579780950984e8	1.1787012758002657e8
0.8863999999999693	65802.90393992834	1.330146246614964e8	1.179116385098339e8
0.8867199999999693	65863.16213896594	1.3301344166884914e8	1.1795313997560494e8
0.8870399999999693	65924.01487546957	1.3301224691817544e8	1.179946302830146e8
0.8873599999999693	65985.5051577783	1.3301103916482814e8	1.1803610832059878e8
0.8876799999999693	66047.57567518431	1.3300981972650424e8	1.1807757523851903e8
0.8879999999999693	66110.27017067523	1.3300858796526393e8	1.181190304634094e8
0.8883199999999692	66173.52721927546	1.3300734486510944e8	1.1816047485008977e8
0.8886399999999692	66237.44674700928	1.330060887738164e8	1.1820190693002987e8
0.8889599999999692	66301.96419929422	1.3300482007327159e8	1.1824332702243611e8
0.8892799999999692	66367.17544397483	1.3300353742643397e8	1.1828473393624027e8
0.8895999999999692	66433.03951097424	1.330022420307026e8	1.1832612871807095e8
0.8899199999999692	66499.55150151195	1.3300093361714132e8	1.183675111151916e8
0.8902399999999692	66566.71748116853	1.3299961219196849e8	1.1840888112068465e8
0.8905599999999692	66634.57701097862	1.3299827669373332e8	1.1845023778047512e8
0.8908799999999691	66703.13180389264	1.3299692713171409e8	1.1849158108883978e8
0.8911999999999691	66772.41080106252	1.3299556342937875e8	1.1853291096655339e8
0.8915199999999691	66842.43852344679	1.3299418437592772e8	1.1857422632255399e8
0.8918399999999691	66913.14948694085	1.3299279174218345e8	1.1861552871359329e8
0.8921599999999691	66984.57150579135	1.3299138489315014e8	1.186568175624599e8
0.8924799999999691	67056.81070005328	1.3298996201604825e8	1.186980912483651e8
0.8927999999999691	67129.80803822866	1.3298852325663315e8	1.1873934987893966e8
0.893119999999969	67203.57657880672	1.3298707019797146e8	1.187805948534729e8
0.893439999999969	67278.18337842739	1.3298559908523336e8	1.1882182280992758e8
0.893759999999969	67353.59167257996	1.329841125633936e8	1.1886303609023383e8
0.894079999999969	67429.73879646418	1.3298261143945462e8	1.1890423539371678e8
0.894399999999969	67506.75290904014	1.3298109258627608e8	1.189454179222684e8
0.894719999999969	67584.61049196577	1.3297955673528054e8	1.1898658430997868e8
0.895039999999969	67663.33763177905	1.329780033780988e8	1.1902773408744727e8
0.895359999999969	67742.89568975549	1.3297643444276147e8	1.1906886895927176e8
0.895679999999969	67823.47289470918	1.3297484466630475e8	1.191099842154041e8
0.8959999999999689	67904.82639879549	1.329732397993881e8	1.1915108496219307e8
0.8963199999999689	67987.12865652055	1.3297161468799868e8	1.1919216658264196e8
0.8966399999999689	68070.42706992604	1.3296997057415995e8	1.192332301749526e8
0.8969599999999689	68154.56777782168	1.329683099438615e8	1.192742779339057e8
0.8972799999999689	68239.80900649361	1.329666271699812e8	1.1931530482025774e8
0.8975999999999689	68326.01911266871	1.3296492492823826e8	1.1935631319993967e8
0.8979199999999689	68413.19480052101	1.3296320354444619e8	1.1939730334555022e8
0.8982399999999688	68501.37502748576	1.3296146206539005e8	1.1943827438553461e8
0.8985599999999688	68590.80745377117	1.3295969634183013e8	1.1947922259641886e8
0.8988799999999688	68681.03680986984	1.3295791416840768e8	1.1952015491413637e8
0.8991999999999688	68772.51040808768	1.3295610741793108e8	1.1956106405924861e8
0.8995199999999688	68865.10456416702	1.329542780927524e8	1.196019517956951e8
0.8998399999999688	68958.78088641318	1.3295242798366371e8	1.1964281970830938e8
0.9001599999999688	69053.61939984307	1.3295055470442222e8	1.1968366563608944e8
0.9004799999999687	69149.64552749817	1.3294865802211581e8	1.197244893484736e8
0.9007999999999687	69246.8638414612	1.3294673665290168e8	1.1976528966582274e8
0.9011199999999687	69345.40694932266	1.3294479098709163e8	1.1980606692812301e8
0.9014399999999687	69445.07147447766	1.3294282136759672e8	1.1984682139984675e8
0.9017599999999687	69546.09733046236	1.3294082535532728e8	1.198875508810175e8
0.9020799999999687	69648.49388633278	1.3293880299835998e8	1.1992825538927776e8
0.9023999999999687	69752.0641195987	1.3293675673974845e8	1.1996893708340292e8
0.9027199999999687	69856.98205332612	1.3293468490839535e8	1.2000959444771664e8
0.9030399999999686	69963.36989333935	1.3293258372589266e8	1.200502240561708e8
0.9033599999999686	70071.10574633686	1.3293045590122789e8	1.200908283145884e8
0.9036799999999686	70180.38879249585	1.3292829825886993e8	1.201314043456199e8
0.9039999999999686	70291.16117250592	1.3292611038067792e8	1.2017195173560123e8
0.9043199999999686	70403.41664984338	1.3292389445119208e8	1.2021247242900291e8
0.9046399999999686	70517.22301779393	1.3292164662767297e8	1.2025296292764089e8
0.9049599999999686	70632.5518876677	1.3291937064390157e8	1.202934265756324e8
0.9052799999999686	70749.49917037183	1.3291706219854198e8	1.2033385945965333e8
0.9055999999999685	70868.22676626436	1.3291471818438402e8	1.2037425874838072e8
0.9059199999999685	70988.51529412395	1.3291234515029751e8	1.2041463031807221e8
0.9062399999999685	71110.63756021275	1.3290993707091472e8	1.2045496870451921e8
0.9065599999999685	71234.52744143836	1.3290749300348264e8	1.2049527301147716e8
0.9068799999999685	71360.33279198172	1.3290501362282638e8	1.205355438284542e8
0.9071999999999685	71487.793601611	1.3290250096925344e8	1.2057578294654876e8
0.9075199999999685	71617.31753178147	1.328999480219157e8	1.206159839983701e8
0.9078399999999684	71748.8630134381	1.3289735583541845e8	1.2065614789683741e8
0.9081599999999684	71882.28607220284	1.3289472795208743e8	1.206962778061164e8
0.9084799999999684	72017.80208561012	1.3289205988804351e8	1.2073636963633244e8
0.9087999999999684	72155.39049088312	1.3288935216291809e8	1.2077642381726854e8
0.9091199999999684	72295.37564547769	1.3288659780568638e8	1.2081643400084007e8
0.9094399999999684	72437.4042816057	1.3288380451902667e8	1.2085640711311115e8
0.9097599999999684	72581.46652550226	1.3288097203960897e8	1.2089634287428972e8
0.9100799999999684	72728.05246838232	1.3287809271059091e8	1.2093623432052833e8
0.9103999999999683	72876.93542168512	1.3287516919497536e8	1.2097608380851516e8
0.9107199999999683	73028.3460642805	1.3287219778303523e8	1.2101588793569826e8
0.9110399999999683	73182.22289559006	1.3286918074799678e8	1.2105564871919958e8
0.9113599999999683	73338.76293161752	1.3286611177815373e8	1.2109536037808023e8
0.9116799999999683	73498.01901294146	1.3286299048163305e8	1.2113502250733022e8
0.9119999999999683	73659.80242221977	1.3285982496131526e8	1.2117464242732847e8
0.9123199999999683	73824.75022724416	1.3285659847319019e8	1.2121420487315658e8
0.9126399999999683	73992.49220430238	1.3285331833657579e8	1.2125371643080728e8
0.9129599999999682	74163.09075934441	1.3284998683783309e8	1.2129317913888358e8
0.9132799999999682	74337.16811229746	1.3284658861314264e8	1.2133257896782538e8
0.9135999999999682	74514.30402944871	1.328431352726108e8	1.2137192642092116e8
0.9139199999999682	74694.63025929361	1.3283962197482876e8	1.2141121702900401e8
0.9142399999999682	74878.95216689013	1.32836035643665e8	1.214504388457979e8
0.9145599999999682	75066.56724521119	1.328323894444408e8	1.21489603777809e8
0.9148799999999682	75258.07613604871	1.3282866936682831e8	1.2152869899776036e8
0.9151999999999682	75453.04339850838	1.328248886152538e8	1.2156773647875625e8
0.9155199999999681	75652.7075462578	1.3282101876801813e8	1.2160669024322523e8
0.9158399999999681	75856.38209157022	1.3281707952979413e8	1.2164557818967925e8
0.9161599999999681	76064.3558236758	1.3281306140077168e8	1.2168439156851901e8
0.9164799999999681	76276.84461640313	1.3280896186761403e8	1.2172312801448904e8
0.9167999999999681	76494.382762499	1.3280476836877285e8	1.2176177597313257e8
0.9171199999999681	76716.47139656973	1.3280049859690776e8	1.2180035153434116e8
0.9174399999999681	76943.68929782935	1.3279613471609952e8	1.2183883830492254e8
0.917759999999968	77176.03034843245	1.3279168040425366e8	1.2187723956453946e8
0.918079999999968	77414.66662055296	1.327871181587598e8	1.2191553924867952e8
0.918399999999968	77658.85341583639	1.3278245541620845e8	1.2195374401668033e8
0.918719999999968	77909.66672115106	1.327776772589978e8	1.219918401490933e8
0.919039999999968	78166.44248580451	1.3277279641311207e8	1.2202983917068592e8
0.919359999999968	78430.51326508606	1.3276779184551224e8	1.2206772174767558e8
0.919679999999968	78702.06617499185	1.3276265526228808e8	1.2210548014157201e8
0.919999999999968	78981.28202097912	1.3275739032742904e8	1.2214311760379213e8
0.9203199999999679	79269.04551247749	1.3275197947518688e8	1.2218061790814617e8
0.9206399999999679	79565.36340630402	1.3274642453864637e8	1.2221798259449506e8
0.9209599999999679	79870.7664490036	1.3274071944959186e8	1.22255205969672e8
0.9212799999999679	80185.51523670858	1.3273486006278169e8	1.2229228408239469e8
0.9215999999999679	80510.89936017017	1.3272882581525208e8	1.2232919792584188e8
0.9219199999999679	80848.23717174085	1.3272259446340732e8	1.2236592691805859e8
0.9222399999999679	81197.7288647486	1.3271616924842148e8	1.2240247386305648e8
0.9225599999999679	81561.13875193524	1.3270951882314359e8	1.2243880978006004e8
0.9228799999999678	81938.76042826545	1.3270264311927558e8	1.2247493439911702e8
0.9231999999999678	82333.60929172234	1.3269549798451686e8	1.2251080696049531e8
0.9235199999999678	82747.01584709848	1.326880624502478e8	1.2254640792582057e8
0.9238399999999678	83179.91586591862	1.3268032533364208e8	1.2258172673861998e8
0.9241599999999678	83636.55033394083	1.3267223130936773e8	1.2261671228283833e8
0.9244799999999678	84118.81131035376	1.3266374860184823e8	1.2265133496006255e8
0.9247999999999678	84631.31649971716	1.3265481296293023e8	1.2268553530311438e8
0.9251199999999677	85177.75094952842	1.32645377872999e8	1.2271927008785565e8
0.9254399999999677	85765.09632441003	1.3263534145107116e8	1.2275244503805695e8
0.9257599999999677	86396.88934859204	1.326246731877054e8	1.2278503155531111e8
0.9260799999999677	87081.84134304554	1.3261324046485353e8	1.2281690681939936e8
0.9263999999999677	87828.27881854193	1.3260094386732283e8	1.2284797856000464e8
0.9267199999999677	88643.93330895361	1.3258768083387585e8	1.2287815140979803e8
0.9270399999999677	89548.04969356247	1.3257318567458865e8	1.2290717947347201e8
0.9273599999999677	90558.40647006627	1.3255722748817272e8	1.2293484864607356e8
0.9276799999999676	91688.37500058112	1.3253960928246287e8	1.2296097564243092e8
0.9279999999999676	92962.77154274979	1.3251999992445834e8	1.2298525324944413e8
0.9283199999999676	94404.74429926669	1.3249809652383594e8	1.2300739989707446e8
0.9286399999999676	96050.05352069072	1.3247341561501521e8	1.2302696680854267e8
0.9289599999999676	97937.83078785999	1.3244543058778775e8	1.230434647023262e8
0.9292799999999676	100100.517070486	1.3241369941349399e8	1.2305648169953462e8
0.9295999999999676	102571.2105183872	1.3237779366726458e8	1.2306561800630537e8
0.9299199999999676	105391.39923014838	1.3233715021781474e8	1.2307034855980405e8
0.9302399999999675	108565.29703287908	1.3229171087946934e8	1.2307061464363427e8
0.9305599999999675	112115.50456689043	1.3224118784249353e8	1.2306614505934362e8
0.9308799999999675	116055.93992220433	1.3218529627695937e8	1.2305667038485907e8
0.9311999999999675	120244.57268694161	1.3212600924032538e8	1.2304401263118756e8
0.9315199999999675	124632.9822028813	1.3206395088096818e8	1.2302874639125644e8
0.9318399999999675	129116.56305303045	1.3200058669949402e8	1.230122272949899e8
0.9321599999999675	133682.96047227178	1.319360103564944e8	1.2299454046594396e8
0.9324799999999674	138260.83251261708	1.318711694973554e8	1.2297656350430092e8
0.9327999999999674	142768.76966807072	1.3180724149711728e8	1.229593889298284e8
0.9331199999999674	147169.31138249085	1.317447039157515e8	1.2294346080140701e8
0.9334399999999674	151449.69322958123	1.3168366438773364e8	1.2292888017766316e8
0.9337599999999674	155571.55214735155	1.3162464617951776e8	1.2291613467619646e8
0.9340799999999674	159538.54698005578	1.3156757779004405e8	1.22905159843137e8
0.9343999999999674	163365.7587995088	1.315122557212724e8	1.228957685397299e8
0.9347199999999674	167108.59342170542	1.3145793717571452e8	1.2288727188585816e8
0.9350399999999673	170806.2321350053	1.3140402257139364e8	1.2287911283799112e8
0.9353599999999673	174533.08069478726	1.313495037545607e8	1.2287035365019771e8
0.9356799999999673	178260.15818198698	1.3129471701179455e8	1.228613065069659e8
0.9359999999999673	181964.24698471974	1.3124000370646946e8	1.2285228918105815e8
0.9363199999999673	185657.46610478905	1.311852016207561e8	1.2284315064898363e8
0.9366399999999673	189294.27622780338	1.3113105865086882e8	1.2283458846008728e8
0.9369599999999673	192895.39410032346	1.3107716025194849e8	1.2282621619530545e8
0.9372799999999673	196472.53287504727	1.3102339822516611e8	1.2281793344574134e8
0.9375999999999672	200071.25886221355	1.3096907753188944e8	1.2280909154044825e8
0.9379199999999672	203665.6680796098	1.3091456570940247e8	1.2280003303483286e8
0.9382399999999672	207243.630626556	1.3086000157327375e8	1.2279088724273157e8
0.9385599999999672	210770.5948348839	1.3080592836241727e8	1.2278216186917272e8
0.9388799999999672	214239.6245958371	1.3075255640934962e8	1.2277405448746118e8
0.9391999999999672	217644.31639756376	1.3069990087220882e8	1.2276657967361121e8
0.9395199999999672	220973.08165872842	1.3064812176481345e8	1.2275988781245197e8
0.9398399999999671	224180.60922663694	1.3059787347263673e8	1.227545921099697e8
0.9401599999999671	227293.41854061477	1.3054874719438915e8	1.227503114004381e8
0.9404799999999671	230326.44316154637	1.3050053102010798e8	1.2274684844368386e8
0.9407999999999671	233286.66570298775	1.3045313924651997e8	1.2274412397373132e8
0.9411199999999671	236183.49255373565	1.3040639741941024e8	1.2274197522339265e8
0.9414399999999671	239030.1696625744	1.3036008066686851e8	1.2274019194974785e8
0.9417599999999671	241832.78011246122	1.3031406889319512e8	1.2273866186196491e8
0.942079999999967	244590.7014328896	1.3026844731776027e8	1.227374655425383e8
0.942399999999967	247294.51921986652	1.3022335322894059e8	1.227367322472564e8
0.942719999999967	249954.19404578698	1.3017867154116672e8	1.2273635461151935e8
0.943039999999967	252568.18913616418	1.3013446037337928e8	1.227363877945605e8
0.943359999999967	255134.7425728696	1.3009069685723029e8	1.2273681061905181e8
0.943679999999967	257670.9167482673	1.3004714351552325e8	1.2273740041875596e8
0.943999999999967	260169.9415353715	1.3000387955610533e8	1.2273823181768513e8
0.944319999999967	262651.50166598655	1.2996062191307937e8	1.2273903892056759e8
0.944639999999967	265121.9997375762	1.299173045184497e8	1.227397596942095e8
0.9449599999999669	267600.842158855	1.2987356523643903e8	1.2274005295617357e8
0.9452799999999669	270090.81179276906	1.2982934225420147e8	1.227398600152686e8
0.9455999999999669	272600.3576787531	1.2978448935931246e8	1.2273904259761931e8
0.9459199999999669	275129.2382891346	1.2973903591803534e8	1.2273762784479038e8
0.9462399999999669	277673.29646759207	1.296929823175178e8	1.2273561530454186e8
0.9465599999999669	280238.4114416941	1.2964623909517935e8	1.2273292001863614e8
0.9468799999999669	282817.13123852824	1.2959893464475435e8	1.2272966248243211e8
0.9471999999999668	285406.4250644329	1.295511423950738e8	1.2272591153585303e8
0.9475199999999668	288008.01700238505	1.2950278739912824e8	1.2272159577714999e8
0.9478399999999668	290619.335518429	1.2945395899410573e8	1.2271679919750953e8
0.9481599999999668	293234.5064492025	1.2940476897782233e8	1.2271162703082207e8
0.9484799999999668	295876.0562818414	1.2935478574959598e8	1.2270567072219215e8
0.9487999999999668	298547.0572155038	1.2930396527830954e8	1.2269888786538525e8
0.9491199999999668	301235.2920698981	1.2925253098131074e8	1.2269148905663787e8
0.9494399999999668	303932.14766898076	1.2920067103218375e8	1.226836519141784e8
0.9497599999999667	306638.11398804147	1.2914837938651475e8	1.2267537030497873e8
0.9500799999999667	309346.34018597787	1.2909571600891006e8	1.2266670043504307e8
0.9503999999999667	312077.5699279679	1.2904232346017088e8	1.2265730326401055e8
0.9507199999999667	314835.39103118505	1.2898804659079087e8	1.2264703074286242e8
0.9510399999999667	317595.7207980176	1.2893333958371454e8	1.2263631276418187e8
0.9513599999999667	320367.040031048	1.2887800639833814e8	1.226249628199458e8
0.9516799999999667	323131.8967418353	1.2882240937739076e8	1.2261332428952152e8
0.9519999999999667	325879.97295442695	1.2876677535368043e8	1.226016123754013e8
0.9523199999999666	328604.18504538777	1.2871121173116556e8	1.2258992900336227e8
0.9526399999999666	331309.20572985476	1.2865564438483995e8	1.2257820387075302e8
0.9529599999999666	333987.32851756277	1.2860020787541254e8	1.2256656486088231e8
0.9532799999999666	336650.1862383915	1.2854469949452317e8	1.2255481943083583e8
0.9535999999999666	339300.6530188267	1.28489090707897e8	1.2254294044934636e8
0.9539199999999666	341949.19568381313	1.2843318781251067e8	1.22530743537043e8
0.9542399999999666	344592.9849811316	1.2837715666852206e8	1.2251838655435894e8
0.9545599999999665	347211.20566796366	1.2832126758529204e8	1.2250612646339764e8
0.9548799999999665	349822.4780472446	1.2826523144625182e8	1.2249368819360216e8
0.9551999999999665	352438.71780081536	1.2820873736290652e8	1.224807751836015e8
0.9555199999999665	355078.60520345415	1.2815134808467345e8	1.2246697001822235e8
0.9558399999999665	357740.861267075	1.2809306868117502e8	1.224522766046436e8
0.9561599999999665	360410.3029154105	1.2803421933839068e8	1.2243699955027117e8
0.9564799999999665	363082.4364246192	1.2797491917333893e8	1.2242125203854415e8
0.9567999999999665	365769.6673111014	1.2791494372145805e8	1.2240481940231463e8
0.9571199999999664	368481.42185485514	1.2785399175404409e8	1.2238741307099552e8
0.9574399999999664	371209.63074288686	1.2779224636372311e8	1.223692070403632e8
0.9577599999999664	373980.64458414604	1.2772903481348172e8	1.223495573253832e8
0.9580799999999664	376797.82181461516	1.276642620420418e8	1.223283715419256e8
0.9583999999999664	379671.1138323643	1.2759758470591246e8	1.2230531950047766e8
0.9587199999999664	382634.88043482293	1.2752824045762885e8	1.22279669859398e8
0.9590399999999664	385696.30264895357	1.2745610718215394e8	1.2225130315252514e8
0.9593599999999664	388863.6931652642	1.2738094277957116e8	1.2221998468549535e8
0.9596799999999663	392115.38149136474	1.2730308889751613e8	1.2218603844534574e8
0.9599999999999663	395499.2571001399	1.2722138053867577e8	1.2214834528740847e8
0.9603199999999663	399084.454090845	1.2713409585107252e8	1.22105250598836e8
0.9606399999999663	402880.40321270993	1.2704103073274685e8	1.2205655313577212e8
0.9609599999999663	406962.04238178587	1.269402849225834e8	1.2200042399733606e8
0.9612799999999663	411332.17054424714	1.2683176628483783e8	1.219367670759281e8
0.9615999999999663	415918.89422685833	1.2671724921731529e8	1.2186727813290444e8
0.9619199999999662	420501.6591848953	1.266015714499591e8	1.2179659631232215e8
0.9619299999999662	422116.0611812971	1.2656111733590733e8	1.2175900555737424e8
0.9620099999999662	425574.8815414811	1.2647446923094548e8	1.2168587173460735e8
0.9623299999999662	432157.43386794266	1.2630770952926171e8	1.2156597748182397e8
0.9626499999999661	438123.62239526224	1.2615519976631093e8	1.2145966697233143e8
0.9629699999999661	443884.176790846	1.2600650830994956e8	1.2135692433829445e8
0.9632899999999661	449563.98792524	1.2585861938185368e8	1.2125485295833832e8
0.9636099999999661	455265.46668603003	1.2570853237606065e8	1.2115056599322426e8
0.9639299999999661	461917.6569271962	1.2553151578076473e8	1.2102025537643367e8
0.963939999999966	464162.4545691216	1.254737294852357e8	1.2096588449810562e8
0.963949999999966	468502.34921715077	1.2537983533029564e8	1.2087678177632351e8
0.963959999999966	468672.3628002693	1.2538662331236091e8	1.208845803601345e8
0.9639699999999659	471400.5120256501	1.253204096589247e8	1.2082209985935767e8
0.9642899999999659	477343.38012337714	1.2516312210519652e8	1.207105929469199e8
0.9646099999999659	483139.4391929626	1.2500748131372449e8	1.2060056485478057e8
0.9649299999999659	488971.8863203163	1.2484892891046336e8	1.2048762521762243e8
0.9652499999999659	494955.13007092045	1.2468444463675684e8	1.2036885987639527e8
0.9655699999999658	501227.10204085417	1.2451072506935745e8	1.2024107805433851e8
0.9658899999999658	507926.08859367855	1.243236430209777e8	1.2010028891640987e8
0.9662099999999658	514979.6776168025	1.2412506155834156e8	1.1994827689158764e8
0.9665299999999658	522421.2304050231	1.2391365254564783e8	1.1978374803352244e8
0.9668499999999658	529899.6749156009	1.2369882111456351e8	1.1961577136883497e8
0.9671699999999658	537109.7030788254	1.2348952396210629e8	1.194529962019782e8
0.9674899999999658	543974.8765322494	1.2328817281272075e8	1.1929775893781105e8
0.9678099999999658	550910.3537829155	1.2308270434733596e8	1.191384058986793e8
0.9681299999999657	558071.5615858547	1.2286853637475766e8	1.1897050186115769e8
0.9684499999999657	565215.921514919	1.2265282472786261e8	1.1880096067001815e8
0.9687699999999657	572235.053313848	1.224393642988613e8	1.1863345385251866e8
0.9690899999999657	579178.7423878091	1.2222580220693468e8	1.1846570507564136e8
0.9694099999999657	586168.8793015828	1.2200866206866233e8	1.1829434800199562e8
0.9697299999999657	593322.2779511558	1.2178408135699953e8	1.1811563707967257e8
0.9700499999999657	600714.8197240203	1.2154941073826213e8	1.1792699729549776e8
0.9703699999999656	608413.7330933588	1.213024403238487e8	1.1772627631596047e8
0.9706899999999656	616372.6259684603	1.2104440189097382e8	1.1751465635321237e8
0.9710099999999656	624580.3149220037	1.2077486546437238e8	1.1729170869788568e8
0.9713299999999656	633106.8452849097	1.2049143602819331e8	1.1705509773051521e8
0.9716499999999656	642155.8833252781	1.201866275128228e8	1.1679754174212244e8
0.9719699999999656	652023.0510442976	1.1985008192580135e8	1.165089603355378e8
0.9722899999999656	662321.4759189432	1.1949521796766183e8	1.1620235840587154e8
0.9726099999999656	672860.7604997645	1.1912810907467489e8	1.1588361982334554e8
0.9729299999999655	683164.5229782719	1.1876522459193385e8	1.1556874322586316e8
0.9732499999999655	693562.1751683595	1.1839486183768445e8	1.1524635207170808e8
0.9735699999999655	703326.4811500284	1.180424699096131e8	1.1494119634879479e8
0.9738899999999655	712714.5663322954	1.176989882023763e8	1.1464447659773517e8
0.9742099999999655	721802.4678048299	1.1736215347216535e8	1.1435399881975886e8
0.9745299999999655	730604.1295891246	1.1703141343470539e8	1.1406923182170007e8
0.9748499999999655	739079.978841533	1.1670838841886422e8	1.1379176031159364e8
0.9751699999999655	747340.4459817496	1.1638918348369603e8	1.1351779652106558e8
0.9754899999999654	755442.0387582058	1.1607149318314475e8	1.1324509676959184e8
0.9758099999999654	763439.8324909947	1.1575282541186342e8	1.1297123217469442e8
0.9761299999999654	771423.5881920349	1.1542919558588481e8	1.1269231456829591e8
0.9764499999999654	779472.1678493622	1.1509781076854447e8	1.1240561389449415e8
0.9767699999999654	787941.6205635978	1.147437093952488e8	1.1209651690983891e8
0.9770899999999654	796784.0882149204	1.1436874718399814e8	1.117668135094698e8
0.9774099999999654	806779.1372311389	1.1393852650162548e8	1.1138288032865989e8
0.9775699999999654	812609.3225446533	1.1368492551934369e8	1.1115319946704558e8
0.9777299999999655	818864.0036325167	1.1341064633437273e8	1.1090322734186324e8
0.9778899999999655	826233.8348845352	1.1308349196022607e8	1.106014839830709e8
0.9779299999999655	829678.8846788125	1.1292918948440558e8	1.1045515328546575e8
0.9780099999999655	835053.0016910057	1.1269104707967049e8	1.1023133376989187e8
0.9781699999999656	843345.1108026439	1.1232308938161772e8	1.0988948656418198e8
0.9783299999999656	851079.4050805268	1.1197742922702444e8	1.0956932122637908e8
0.9784899999999657	858877.6701290767	1.1162603450385313e8	1.0924343296035592e8
0.9786499999999657	867014.0388329667	1.1125675373002343e8	1.0889993278761272e8
0.9788099999999658	875265.1587292812	1.1087942517908235e8	1.085484370282473e8
0.9789699999999658	883612.1656413522	1.104948191522593e8	1.0818969546932699e8
0.9791299999999659	892158.3870997842	1.1009807504319754e8	1.0781894756258106e8
0.9792899999999659	900676.9536227789	1.0969944099783e8	1.0744621859447077e8
0.979449999999966	909113.1851119332	1.0930185148846775e8	1.070743807163301e8
0.979609999999966	917425.5893323622	1.0890660022970226e8	1.0670470095878145e8
0.9797699999999661	925866.2564604058	1.0850168520288414e8	1.0632542638559434e8
0.9799299999999661	934519.7097298133	1.080830019923032e8	1.0593253195288831e8
0.9800899999999662	943167.9873785361	1.0766132471380395e8	1.055365662133772e8
0.9802499999999662	951904.7482582699	1.0723215867982242e8	1.0513312366467044e8
0.9803299999999662	956933.2939480401	1.06986332545519e8	1.04900734262237e8
0.9803399999999661	962904.2642686731	1.0671578019524233e8	1.046366786544358e8
0.9803799999999662	967894.1587984012	1.0647826935644454e8	1.0440815579506315e8
0.9806999999999662	981627.6614138089	1.0579761038819636e8	1.037746619215659e8
0.9810199999999661	993800.6286538772	1.0518136449851964e8	1.0320388453626606e8
0.9813399999999661	1.0055592049777746e6	1.0457562633059114e8	1.0264300887802368e8
0.9816599999999661	1.0174232111215083e6	1.0395265413270618e8	1.0206482199760082e8
0.9819799999999661	1.0298163930530023e6	1.0328987525117804e8	1.0144714899055116e8
0.9822999999999661	1.042800982140323e6	1.0258201885154781e8	1.0078477469525585e8
0.9824599999999661	1.0499238130557807e6	1.0218774584924679e8	1.0041378845072857e8
0.9826199999999662	1.0574161427810965e6	1.0176790548087698e8	1.0001755717617747e8
0.9826999999999662	1.0614242420675359e6	1.0154182860017604e8	9.980351760477735e7
0.9827399999999662	1.0635451536746898e6	1.0142182788267326e8	9.968964392276736e7
0.9827799999999662	1.0656487875134307e6	1.0130274644780816e8	9.95766636260945e7
0.9827999999999663	1.0667599553558906e6	1.0123970575985321e8	9.951673109201248e7
0.9828199999999663	1.0678494340938125e6	1.011778727006307e8	9.945798250090821e7
0.9828399999999663	1.068928030667993e6	1.0111660921851113e8	9.939979100932437e7
0.9828499999999663	1.0694989864429163e6	1.010841351051922e8	9.936888409575228e7
0.9828599999999662	1.0908057502492478e6	9.985577992178376e7	9.816294826448032e7
0.9830199999999663	1.1018565160909658e6	9.922715207282934e7	9.75609845542726e7
0.9831799999999663	1.1095680774822305e6	9.878267654815422e7	9.713981486367422e7
0.9833399999999664	1.117262407731705e6	9.833425277750112e7	9.671461771793748e7
0.9834999999999664	1.1252862034061279e6	9.786201462568638e7	9.626585860671552e7
0.9836599999999665	1.1334152873669718e6	9.737902499727687e7	9.580637173461372e7
0.9838199999999665	1.1416880280645886e6	9.688252373236457e7	9.533343701066579e7
0.9839799999999665	1.150307979045672e6	9.635989690568629e7	9.483463929107831e7
0.9841399999999666	1.1588790070927725e6	9.583503389852116e7	9.433347008193995e7
0.9842999999999666	1.1670671882090045e6	9.532919550153098e7	9.385085008700868e7
0.9844599999999667	1.1753076963566255e6	9.481530122650784e7	9.336013572704616e7
0.9846199999999667	1.1832245806312468e6	9.431626409573251e7	9.288387794798715e7
0.9847799999999668	1.1907474779082772e6	9.383687176142593e7	9.242679774982771e7
0.9849399999999668	1.198142625291614e6	9.336001134139149e7	9.197205359852397e7
0.9850999999999669	1.2053609446991405e6	9.288929299426049e7	9.1523202406719e7
0.9852599999999669	1.2128677073489986e6	9.239416574555713e7	9.105015341247092e7
0.985419999999967	1.2207230225291015e6	9.186982170178382e7	9.054815784303729e7
0.985579999999967	1.2289518932064367e6	9.131383921682689e7	9.001481514161731e7
0.9857399999999671	1.237508592162239e6	9.072843995729089e7	8.945229927602121e7
0.9858999999999671	1.2466830735430387e6	9.009214426498531e7	8.883942326218306e7
0.9860599999999672	1.2570356466237847e6	8.936394515443353e7	8.813573483589178e7
0.9862199999999672	1.2676818697777684e6	8.860718345760426e7	8.740364512572116e7
0.9863799999999673	1.2777382370361642e6	8.788532733389361e7	8.670573197039159e7
0.9865399999999673	1.2879246093075648e6	8.714737619987833e7	8.599170798146646e7
0.9866199999999673	1.2935130228549358e6	8.673922142862046e7	8.559595785014851e7
0.9867799999999673	1.3041624330780555e6	8.595526068425491e7	8.48361731653716e7
0.9868599999999673	1.309848497394975e6	8.553316833455005e7	8.44264739118871e7
0.9869399999999673	1.3155773682263708e6	8.510484072967175e7	8.401055295016852e7
0.9870199999999673	1.321213197969081e6	8.46799832921597e7	8.359798645633438e7
0.9870999999999672	1.327114489999467e6	8.423174278030868e7	8.316227307536097e7
0.9871799999999672	1.3334771684713282e6	8.374502507794878e7	8.268850903374657e7
0.9872599999999672	1.3405874863878575e6	8.319791759817685e7	8.215505521254997e7
0.9872999999999672	1.3449253289074653e6	8.286280380305651e7	8.182752674643214e7
0.9873099999999672	1.3474162792597434e6	8.267043913001774e7	8.163844997003895e7
0.9873199999999671	1.358793262480636e6	8.179880103508896e7	8.077882173652963e7
0.9873999999999671	1.3659693568728562e6	8.124331446479893e7	8.023685991643643e7
0.987479999999967	1.3719537977981097e6	8.077577384911564e7	7.978163802207053e7
0.987489999999967	1.3739606926688638e6	8.06234168830144e7	7.963200618607055e7
0.987529999999967	1.3776152858527403e6	8.033978913135706e7	7.935513082350102e7
0.987609999999967	1.383379372061624e6	7.988460451295084e7	7.891197433345263e7
0.987689999999967	1.3889938192451205e6	7.943667434256989e7	7.847590739532518e7
0.987769999999967	1.3949673252305335e6	7.895620350342795e7	7.800762958496603e7
0.9878499999999669	1.4016582301368713e6	7.841447283878046e7	7.74787671412829e7
0.9879299999999669	1.4090372364664883e6	7.78132671321683e7	7.689106807732464e7
0.9880099999999669	1.417174337976373e6	7.714594071161032e7	7.623795280278794e7
0.9880499999999669	1.421628745565779e6	7.677919016829127e7	7.58786673092872e7
0.9880899999999669	1.4265217935700952e6	7.637594726342395e7	7.548329960607553e7
0.9880999999999669	1.4393019228020238e6	7.540516069419421e7	7.45249669748122e7
0.9881799999999669	1.4477131797637516e6	7.471829562548737e7	7.385223734097649e7
0.9882599999999668	1.4538343779178413e6	7.420708378878263e7	7.335296064069666e7
0.9883399999999668	1.460663582794728e6	7.363163494648413e7	7.279012142038111e7
0.9884199999999668	1.4688026006437072e6	7.29405301298477e7	7.211288752505714e7
0.9884599999999668	1.4736322687766247e6	7.25283423850528e7	7.170837103030862e7
0.9884999999999668	1.4788650256444756e6	7.20794893422096e7	7.126758216256677e7
0.9885399999999669	1.4851273112295412e6	7.153938468753064e7	7.07365628979959e7
0.9885799999999669	1.4914762402085685e6	7.099017427227032e7	7.019649914074187e7
0.988619999999967	1.4986517876393965e6	7.036690921780008e7	6.958318844824257e7
0.988639999999967	1.5039020079551244e6	6.990869398374496e7	6.913161554689774e7
0.988659999999967	1.508672607447193e6	6.949203770242009e7	6.872110634224084e7
0.988699999999967	1.5149754764244098e6	6.894170398066989e7	6.817978194856969e7
0.988779999999967	1.5237151821646113e6	6.817706505809394e7	6.742921447248381e7
0.988859999999967	1.5302185936679868e6	6.760459533223887e7	6.686852677536901e7
0.988939999999967	1.535187083005031e6	6.716476829166463e7	6.643890512349469e7
0.988979999999967	1.5384308659368036e6	6.687609513893564e7	6.6156074078645036e7
0.989019999999967	1.541632407907135e6	6.658984196169686e7	6.587561262079411e7
0.9890599999999671	1.5451957651408107e6	6.62697912160251e7	6.556170414179029e7
0.9890799999999671	1.5474485748820803e6	6.60668986769193e7	6.536234628180293e7
0.9890999999999671	1.5499666267198073e6	6.583970713917132e7	6.513894896758348e7
0.9891199999999671	1.5527173042362318e6	6.559145840931563e7	6.489471690609026e7
0.9891399999999672	1.5561090272948996e6	6.528503747798917e7	6.459294131501254e7
0.9891599999999672	1.559798887734404e6	6.495078818024191e7	6.426362985630905e7
0.9891799999999672	1.563620155060822e6	6.460374625819293e7	6.392165209375497e7
0.9891999999999672	1.5677443848663105e6	6.4228164455507115e7	6.3551431918742135e7
0.9892199999999672	1.5725185419354064e6	6.3792258377898365e7	6.312152958246465e7
0.9892299999999672	1.5759444269315195e6	6.347905411403425e7	6.281235762270213e7
0.9892399999999671	1.5800497872169344e6	6.3103259943533495e7	6.2441270202249505e7
0.9892499999999671	1.583700464210704e6	6.276872424766661e7	6.2110985241992444e7
0.9892699999999671	1.5898396228774963e6	6.220475189151999e7	6.1554353882875465e7
0.9892799999999671	1.5936412995684855e6	6.185496604258287e7	6.120896464133578e7
0.989289999999967	1.5974812459580856e6	6.150111811205526e7	6.085955016121738e7
0.989309999999967	1.603830183475222e6	6.091562553381285e7	6.028158244151579e7
0.9893299999999671	1.60920091454027e6	6.042025446834168e7	5.979274052692068e7
0.9893699999999671	1.6171101184820042e6	5.968853067177391e7	5.907123147129051e7
0.9894499999999671	1.6270195881088995e6	5.876229730001134e7	5.815952012014888e7
0.989529999999967	1.6359369246522258e6	5.791945641295758e7	5.7330167963913165e7
0.989609999999967	1.6439399242324862e6	5.715531839628893e7	5.657855517396244e7
0.989689999999967	1.6505748585685014e6	5.6516792702264324e7	5.5951121996294014e7
0.989769999999967	1.6562055364422146e6	5.597122715492281e7	5.541558448376396e7
0.9898499999999669	1.6614778504009135e6	5.545691113488069e7	5.491088748704144e7
0.9899299999999669	1.6664347619459294e6	5.4970653994687706e7	5.443388050701223e7
0.9900099999999669	1.6714628601556488e6	5.447391106220855e7	5.394641460466829e7
0.9900899999999668	1.6768617756916864e6	5.3936304508024305e7	5.341841343054516e7
0.9901699999999668	1.682819343024711e6	5.3338232856641695e7	5.283046014180112e7
0.9902499999999668	1.689485661526419e6	5.2663473320295975e7	5.216647694062127e7
0.9903299999999667	1.6968641068904668e6	5.191051317775881e7	5.1424947191241845e7
0.9904099999999667	1.7046129107006434e6	5.111348670704353e7	5.063965560733496e7
0.9904899999999667	1.7124298581866957e6	5.030292015375526e7	4.984082459104279e7
0.9905699999999666	1.7208712724320323e6	4.942003070328294e7	4.897022762984842e7
0.9906499999999666	1.7305023207873292e6	4.840391065547164e7	4.796751428754078e7
0.9906899999999667	1.735923121951997e6	4.782831560255912e7	4.739919542856313e7
0.9907299999999667	1.741619950162013e6	4.7220804220914915e7	4.679921218272352e7
0.9907699999999667	1.7475374292283785e6	4.658706007237977e7	4.617319127838199e7
0.9908099999999668	1.753615959489386e6	4.593324717559497e7	4.552723636471749e7
0.9908899999999667	1.7611121218938022e6	4.512201271026726e7	4.472699490590573e7
0.9909699999999667	1.7655044972826852e6	4.4642111650897086e7	4.425493588829852e7
0.9910499999999667	1.7698673244104048e6	4.4160667479410455e7	4.378126981802179e7
0.9911299999999666	1.7747210757709073e6	4.362014969270684e7	4.324898074087322e7
0.9912099999999666	1.7794301073571064e6	4.309214112034263e7	4.2729002390537106e7
0.9912899999999666	1.7834914959038286e6	4.263502683290824e7	4.2279209960121565e7
0.9913699999999666	1.7877277158140985e6	4.215363322427437e7	4.1805275459735006e7
0.9914499999999665	1.7925770608018136e6	4.159744487075287e7	4.125711325097646e7
0.9914899999999666	1.7951524769501127e6	4.1300196983724e7	4.096400905497003e7
0.9915299999999666	1.7979422262877293e6	4.097693110178366e7	4.064508506600691e7
0.9915499999999666	1.7996118126198428e6	4.0783022510547206e7	4.045361269014842e7
0.9915699999999666	1.8017414388501204e6	4.053527046880707e7	4.020874681908324e7
0.9915899999999667	1.8039191934783345e6	4.02810863344906e7	3.99574933588334e7
0.9916099999999667	1.8060468833327347e6	4.003197327218571e7	3.9711257749781966e7
0.9916299999999667	1.8081544146647519e6	3.978445438125461e7	3.946659275053299e7
0.9916699999999667	1.8121128425632184e6	3.931736124059428e7	3.9004942521437444e7
0.9917099999999668	1.8159767488825235e6	3.8858852315654084e7	3.8551766877204314e7
0.9917499999999668	1.8200574982349197e6	3.837197022460781e7	3.8070416944614016e7
0.9917599999999668	1.8470803564106086e6	3.51474088301872e7	3.487301412356217e7
0.9917699999999667	1.869368411689958e6	3.2479783847673804e7	3.222786012863464e7
0.9918099999999668	1.8769848893807682e6	3.1566314463200822e7	3.132315885399025e7
0.9918499999999668	1.8818235378621044e6	3.0982714547263175e7	3.0745542285535593e7
0.9918899999999669	1.8877083473906303e6	3.026927501195167e7	3.003910050630114e7
0.9919099999999669	1.8910428115299244e6	2.9863447421589017e7	2.9637150668292712e7
0.9919299999999669	1.8947115476842693e6	2.9415686336099163e7	2.9193592069555745e7
0.9919399999999668	1.9082657684744736e6	2.7816096563818127e7	2.76072794476068e7
0.9919799999999669	1.9130935068105923e6	2.722409483010094e7	2.7021100599487312e7
0.9920199999999669	1.9181669881750622e6	2.6598656646833494e7	2.6401706339356583e7
0.992059999999967	1.921622737179158e6	2.6170909613260463e7	2.5978370275463574e7
0.992099999999967	1.924969509167941e6	2.5754498273805827e7	2.5566244996564403e7
0.992139999999967	1.928841600552135e6	2.5269947799371988e7	2.508648670464849e7
0.9921799999999671	1.9335829523130395e6	2.467322799386172e7	2.449540396963606e7
0.9921999999999671	1.936414145768036e6	2.4315406022255033e7	2.41408498856177e7
0.9922199999999671	1.9396216402561013e6	2.39088517217564e7	2.3737931111721605e7
0.9922399999999671	1.9433054133931708e6	2.344058880328393e7	2.327376988417767e7
0.9922599999999672	1.9475710202368286e6	2.2896798465330496e7	2.2734651444904786e7
0.9922799999999672	1.9525530942759896e6	2.2259847336560115e7	2.2103075025009014e7
0.9922999999999672	1.9572671134566881e6	2.1655758951101378e7	2.1504080563950866e7
0.9923199999999672	1.9614195856862376e6	2.1122462058884263e7	2.0975305252689473e7
0.9923399999999672	1.9654581625116658e6	2.06024281424433e7	2.045966895239641e7
0.9923599999999673	1.9697305776413905e6	2.0050743113240167e7	1.9912604177467603e7
0.9923799999999673	1.9743672143473045e6	1.945030960668999e7	1.9317142925659765e7
0.9923999999999673	1.9793921476120502e6	1.8797763296906233e7	1.8669943676171046e7
0.9924399999999673	1.9850230853772303e6	1.8064094754187107e7	1.794253697237038e7
0.9924799999999674	1.9898516508989874e6	1.7431404963865235e7	1.7315284482951228e7
0.9925199999999674	1.9954197592209792e6	1.6697625339302063e7	1.6587652841562577e7
0.9925999999999674	1.99872890787437e6	1.6262515495709017e7	1.6156963474958574e7
0.9926799999999674	2.0011533739960513e6	1.5942312776101053e7	1.584026348927719e7
0.9927599999999673	2.0040400086146141e6	1.5557166995543033e7	1.5459042356157228e7
0.9928399999999673	2.0078320732553327e6	1.5045599295153186e7	1.4952248881843971e7
0.9928799999999673	2.0102749906933212e6	1.4713262947980255e7	1.4622817673723957e7
0.9929199999999674	2.0132565091900427e6	1.430519170901762e7	1.4218164807802439e7
0.9929599999999674	2.0170357856620585e6	1.378462449029857e7	1.3701780665817546e7
0.9929799999999674	2.0178292908463678e6	1.3675029248247609e7	1.3593195704546273e7
0.9929999999999675	2.0220339835100041e6	1.3091525868595108e7	1.3014039425399153e7
0.9930199999999675	2.0252069580770687e6	1.2649259534353167e7	1.2575103647370415e7
0.9930399999999675	2.0290164266800964e6	1.2116327495433599e7	1.2046119810394745e7
0.9930599999999675	2.033679120328562e6	1.1461566882032871e7	1.1396137340966338e7
0.9930699999999675	2.036425640814322e6	1.107478431156832e7	1.10121484859797e7
0.9930799999999674	2.0395156204717439e6	1.0638776482299939e7	1.0579269597135808e7
0.9930899999999674	2.0430175403837035e6	1.0143652981606007e7	1.0087677590706896e7
0.9930999999999673	2.0470164544052542e6	9.577111661758766e6	9.52515400482778e6
0.9931099999999673	2.051631183993044e6	8.921986855993226e6	8.874650105412921e6
0.9931199999999673	2.0569084541860064e6	8.171225088677347e6	8.129158590231846e6
0.9931999999999672	2.0619892819259574e6	7.438878926732272e6	7.402316077147412e6
0.9932799999999672	2.0658840791968468e6	6.8671235042052865e6	6.834859175269072e6
0.9933599999999672	2.070422514636305e6	6.1924905611810535e6	6.165120029351861e6
0.9934399999999671	2.0758830120866296e6	5.370759066960722e6	5.34914468004064e6
0.9935999999999672	2.0794000185447184e6	4.83216846081762e6	4.814550742786983e6
0.9936799999999671	2.0812287183977913e6	4.546266652982667e6	4.530687613236009e6
0.9937599999999671	2.0833932776430591e6	4.203513246892527e6	4.1902836982843406e6
0.9938399999999671	2.0859964304480988e6	3.7859603248678e6	3.7754885472781183e6
0.993919999999967	2.089170492187753e6	3.270138136282593e6	3.2629578530064574e6
0.993999999999967	2.093103986212742e6	2.622387387651041e6	2.619211687242394e6
0.999119999999967	2.0962639999999998e6	2.096264e6	2.096264e6
