lambda	f0	f1	fla
0.0	15264.97232057555	7.621790576408472e6	15264.97232057555
0.00064	15265.362176711367	7.621788089638058e6	20133.53672228663
0.00128	15265.752029443456	7.621785654030291e6	25002.097504004545
0.0019200000000000003	15266.142418054123	7.621783214905141e6	29870.65519722933
0.00256	15266.533379508075	7.6217807719403235e6	34739.209830223765
0.0032	15266.92486488307	7.621778325707665e6	39607.76134757997
0.00384	15267.316934130775	7.621775875659418e6	44476.309799635885
0.0044800000000000005	15267.70955702389	7.621773421952587e6	49344.85514855602
0.00512	15268.10274908303	7.621770964602039e6	54213.39740177017
0.00576	15268.496479882953	7.621768503716401e6	59081.936521565294
0.0064	15268.890758143534	7.621766039304469e6	63950.47250884002
0.00704	15269.285629540887	7.621763571029854e6	68819.0053987591
0.00768	15269.681042339187	7.621761099205219e6	73687.53513383011
0.008320000000000001	15270.077028469525	7.621758623611793e6	78556.06173604279
0.008960000000000001	15270.473574784071	7.621756144486834e6	83424.58518615605
0.009600000000000001	15270.870667786203	7.621753661801192e6	88293.1054626669
0.01024	15271.268351554818	7.621751175209681e6	93161.62259778203
0.01088	15271.666617330648	7.621748684821886e6	98030.13657539622
0.01152	15272.065435260347	7.621746190940349e6	102898.64736107897
0.01216	15272.464817911237	7.621743693282676e6	107767.15495604278
0.0128	15272.864773005094	7.621741191987295e6	112635.659361348
0.01344	15273.265283990035	7.621738687018567e6	117504.16055210275
0.01408	15273.666398671527	7.6217361781897275e6	122372.6585646896
0.01472	15274.06809548691	7.621733665492665e6	127241.15336917338
0.01536	15274.470346156058	7.621731149257356e6	132109.64493423208
0.016	15274.873199229756	7.621728629049941e6	136978.13329284114
0.016640000000000002	15275.276625536073	7.621726105083815e6	141846.61841108184
0.017280000000000004	15275.680603750208	7.6217235775649445e6	146715.10026323967
0.017920000000000005	15276.085204023122	7.621721046056419e6	151583.5789024981
0.018560000000000007	15276.490374421037	7.621718510749783e6	156452.0542725878
0.01920000000000001	15276.896108042438	7.621715971882864e6	161320.52636291907
0.01984000000000001	15277.30242671078	7.621713429144317e6	166188.99518078816
0.020480000000000012	15277.709363097165	7.621710882311403e6	171057.46074507857
0.021120000000000014	15278.116884502098	7.621708331761971e6	175925.92302271436
0.021760000000000015	15278.524982258134	7.62170577742038e6	180794.3819953118
0.022400000000000017	15278.933689759822	7.621703219142206e6	185662.83768389476
0.02304000000000002	15279.342939715309	7.621700657362013e6	190531.2900240052
0.02368000000000002	15279.752838969553	7.621698091287448e6	195399.73909342967
0.024320000000000022	15280.163299568538	7.621695521539496e6	200268.18481196376
0.024960000000000024	15280.574372689582	7.62169294780252e6	205136.62721349834
0.025600000000000026	15280.98605113691	7.621690370186565e6	210005.06628500405
0.026240000000000027	15281.398288452314	7.621687788915309e6	214873.50197850124
0.02688000000000003	15281.811167362934	7.621685203459649e6	219741.93435217981
0.02752000000000003	15282.224645008906	7.621682614085133e6	224610.36336240137
0.028160000000000032	15282.638696391597	7.621680020990044e6	229478.7889817811
0.028800000000000034	15283.05336826883	7.62167742384243e6	234347.21123792493
0.029440000000000036	15283.468662970423	7.621674822609839e6	239215.63012316648
0.030080000000000037	15283.884527324948	7.62167221766153e6	244084.0455880021
0.03072000000000004	15284.301026565547	7.6216696086727325e6	248952.45767745608
0.03136000000000004	15284.71813984028	7.621666995573584e6	253820.8663601628
0.03200000000000004	15285.135855858893	7.621664378569193e6	258689.27162268592
0.032640000000000044	15285.554174264464	7.621661757667227e6	263557.6734562751
0.033280000000000046	15285.973121141238	7.621659132686491e6	268426.0718714764
0.03392000000000005	15286.39266275567	7.6216565037896335e6	273294.46683217975
0.03456000000000005	15286.812825558396	7.621653870797073e6	278162.8583490543
0.03520000000000005	15287.233621083644	7.621651233732188e6	283031.2464249949
0.03584000000000005	15287.655019091173	7.62164859273484e6	287899.631026824
0.036480000000000054	15288.077050783842	7.621645947649748e6	292768.01217023446
0.037120000000000056	15288.499708592159	7.621643298377575e6	297636.38983518525
0.03776000000000006	15288.92296007686	7.6216406452897545e6	302504.763995246
0.03840000000000006	15289.346850922564	7.621637988085092e6	307373.1346743151
0.03904000000000006	15289.771353265955	7.621635326830982e6	312241.50183911645
0.03968000000000006	15290.196498757268	7.621632661404872e6	317109.86550623237
0.040320000000000064	15290.62229784312	7.621629991679367e6	321978.2256713066
0.040960000000000066	15291.048692207616	7.621627318017361e6	326846.58228376636
0.04160000000000007	15291.47575210775	7.621624640142131e6	331714.93539073324
0.04224000000000007	15291.903411456884	7.621621958265704e6	336583.2849285008
0.04288000000000007	15292.331720203387	7.621619272201209e6	341451.6309280295
0.04352000000000007	15292.760643993051	7.621616582077329e6	346319.9733527724
0.044160000000000074	15293.190226338904	7.621613887715987e6	351188.3122274823
0.044800000000000076	15293.620433995591	7.621611189183724e6	356056.647513984
0.04544000000000008	15294.05129074133	7.621608486542849e6	360924.9792285977
0.04608000000000008	15294.482783496194	7.621605779642893e6	365793.30734277784
0.04672000000000008	15294.914906862743	7.621603068601494e6	370661.6318474765
0.04736000000000008	15295.347694151616	7.621600353260615e6	375529.9527577799
0.048000000000000084	15295.78113128151	7.62159763370997e6	380398.27005505917
0.048640000000000086	15296.21519874165	7.621594910026742e6	385266.58371517627
0.04928000000000009	15296.649922949744	7.621592182068493e6	390134.8937470828
0.04992000000000009	15297.08528887849	7.621589449889824e6	395003.2001297584
0.05056000000000009	15297.521338069266	7.621586713224265e6	399871.502879836
0.05120000000000009	15297.957991879915	7.621583972617056e6	404739.8019406897
0.051840000000000094	15298.395345207271	7.621581227469114e6	409608.09736251127
0.052480000000000096	15298.83331696616	7.621578478259663e6	414476.3890835596
0.0531200000000001	15299.271952124209	7.621575724755294e6	419344.6771250293
0.0537600000000001	15299.711271899247	7.6215729667766895e6	424212.96148783754
0.0544000000000001	15300.151227767054	7.621570204668151e6	429081.24213492475
0.0550400000000001	15300.591857293977	7.621567437979332e6	433949.51906785177
0.055680000000000104	15301.033131616652	7.621564667212608e6	438817.79227724706
0.056320000000000106	15301.475093691375	7.6215618919167165e6	443686.061769165
0.05696000000000011	15301.917715893718	7.621559112324659e6	448554.3275208098
0.05760000000000011	15302.360984584137	7.621556328495692e6	453422.5895132248
0.05824000000000011	15302.80493388626	7.621553540213186e6	458290.8477565535
0.05888000000000011	15303.249584431773	7.621550747347746e6	463159.1022527366
0.059520000000000114	15303.694873971279	7.621547950267792e6	468027.35295501235
0.060160000000000116	15304.140844392292	7.62154514881953e6	472895.5998841775
0.06080000000000012	15304.587508209697	7.621542342769222e6	477763.8430280802
0.06144000000000012	15305.034831375255	7.621539532475799e6	482632.0823666496
0.06208000000000012	15305.482828683767	7.621536717697374e6	487500.317889333
0.06272000000000012	15305.931504784972	7.6215338984995745e6	492368.5495946991
0.06336000000000012	15306.380873307782	7.621531074718058e6	497236.7774753121
0.06400000000000013	15306.830926227372	7.621528246562552e6	502105.00152695307
0.06464000000000013	15307.281662635509	7.621525413925716e6	506973.221732122
0.06528000000000013	15307.733075740513	7.621522576793651e6	511841.43807364674
0.06592000000000013	15308.185192567618	7.621519735008356e6	516709.6505564254
0.06656000000000013	15308.6379699789	7.621516888970254e6	521577.85915655823
0.06720000000000013	15309.091470452679	7.621514038195674e6	526446.0638903886
0.06784000000000014	15309.545625890394	7.621511183187039e6	531314.2647180398
0.06848000000000014	15310.000501294471	7.621508323390218e6	536182.4616527291
0.06912000000000014	15310.456086162674	7.621505458947192e6	541050.6546839181
0.06976000000000014	15310.912344769022	7.62150259013327e6	545918.843787296
0.07040000000000014	15311.369317268021	7.621499716610578e6	550787.0289667181
0.07104000000000014	15311.82700069931	7.621496838420108e6	555655.2102119352
0.07168000000000015	15312.285343583417	7.6214939559366405e6	560523.3874916949
0.07232000000000015	15312.744431615622	7.621491068552799e6	565391.5608320608
0.07296000000000015	15313.204219134901	7.621488176661816e6	570259.7302085541
0.07360000000000015	15313.664699425972	7.6214852801076155e6	575127.8955934698
0.07424000000000015	15314.12589428113	7.621482379006267e6	579996.0570053161
0.07488000000000015	15314.587800399939	7.621479473137191e6	584864.21441442
0.07552000000000016	15315.050407728839	7.621476562682809e6	589732.3678147441
0.07616000000000016	15315.513730850966	7.621473647564458e6	594600.5172036197
0.07680000000000016	15315.977777743363	7.621470727728851e6	599468.6625739896
0.07744000000000016	15316.442538009358	7.621467803208059e6	604336.8039082992
0.07808000000000016	15316.908031550656	7.621464873876479e6	609204.941204724
0.07872000000000016	15317.374222270675	7.621461939912381e6	614073.0744333974
0.07936000000000017	15317.841148607573	7.621459001189372e6	618941.2036094439
0.08000000000000017	15318.30880078236	7.621456057703949e6	623809.328713037
0.08064000000000017	15318.77716522099	7.621453109521283e6	628677.4497264151
0.08128000000000017	15319.246269438856	7.6214501564522125e6	633545.566649096
0.08192000000000017	15319.716100843814	7.621447198703728e6	638413.6794756734
0.08256000000000017	15320.186651279677	7.621444236143835e6	643281.7881773863
0.08320000000000018	15320.657941284	7.621441268814673e6	648149.8927659513
0.08384000000000018	15321.129960331617	7.621438296654307e6	653017.9932159559
0.08448000000000018	15321.602715986766	7.621435319657152e6	657886.0895231777
0.08512000000000018	15322.076237063755	7.621432337627904e6	662754.1816866534
0.08576000000000018	15322.550479218022	7.621429350952098e6	667622.2696877735
0.08640000000000018	15323.025437013917	7.62142635947479e6	672490.3534978791
0.08704000000000019	15323.501173739407	7.621423362925214e6	677358.4331405892
0.08768000000000019	15323.977617989593	7.621420361750786e6	682226.5085787546
0.08832000000000019	15324.454812880072	7.621417355628287e6	687094.5798128983
0.08896000000000019	15324.932793847027	7.621414344368897e6	691962.646847565
0.0896000000000002	15325.411504176036	7.621411328321726e6	696830.70965103
0.0902400000000002	15325.89095695051	7.621408307357862e6	701698.7682129702
0.0908800000000002	15326.371188676909	7.621405281296427e6	706566.8225392707
0.0915200000000002	15326.852134772333	7.621402250570446e6	711434.8725996068
0.0921600000000002	15327.333853059607	7.621399214741942e6	716302.9183957805
0.0928000000000002	15327.816354933866	7.621396173761085e6	721170.9599222263
0.0934400000000002	15328.299566124515	7.621393128131236e6	726038.99714725
0.0940800000000002	15328.78358454467	7.621390077215674e6	730907.0300893629
0.0947200000000002	15329.2683466711	7.621387021436074e6	735775.0587193009
0.09536000000000021	15329.75388418039	7.621383960479844e6	740643.0830251445
0.09600000000000021	15330.240217357343	7.621380894351795e6	745511.1030142651
0.09664000000000021	15330.727263238066	7.621377823572231e6	750379.1186505408
0.09728000000000021	15331.215116336332	7.621374747412283e6	755247.1299380877
0.09792000000000022	15331.703720064887	7.621371666377432e6	760115.1368634759
0.09856000000000022	15332.193104965503	7.62136858016951e6	764983.1394140486
0.09920000000000022	15332.683288847193	7.621365488687993e6	769851.1375844441
0.09984000000000022	15333.174206940135	7.6213623924950985e6	774719.1313608316
0.10048000000000022	15333.66594263041	7.621359290771656e6	779587.1207254527
0.10112000000000022	15334.1584496465	7.621356184027972e6	784455.1056761284
0.10176000000000023	15334.651747226239	7.621353072127929e6	789323.0862051683
0.10240000000000023	15335.145820426718	7.621349955179677e6	794191.0622988157
0.10304000000000023	15335.640685225506	7.621346832916308e6	799059.033932718
0.10368000000000023	15336.136374597845	7.621343705155253e6	803927.0011057779
0.10432000000000023	15336.63280030549	7.621340572755561e6	808794.9638164396
0.10496000000000023	15337.130040068318	7.6213374348994745e6	813662.9220381135
0.10560000000000024	15337.628072490426	7.621334291775646e6	818530.8757595454
0.10624000000000024	15338.12690211645	7.621331143487768e6	823398.824984178
0.10688000000000024	15338.626542327382	7.621327989850454e6	828266.7696927018
0.10752000000000024	15339.12698887604	7.621324830867389e6	833134.7098698956
0.10816000000000024	15339.628218668258	7.621321666770575e6	838002.6455084443
0.10880000000000024	15340.130279989276	7.621318497157914e6	842870.5765963093
0.10944000000000025	15340.63309923761	7.621315322631185e6	847738.5031216157
0.11008000000000025	15341.136761381718	7.621312142532984e6	852606.4250767215
0.11072000000000025	15341.641242862035	7.621308956977788e6	857474.342441035
0.11136000000000025	15342.146538272156	7.621305766102098e6	862342.2552129017
0.11200000000000025	15342.652620312385	7.621302570052366e6	867210.1633727043
0.11264000000000025	15343.159528903543	7.621299368548907e6	872078.0669129187
0.11328000000000026	15343.667263592202	7.6212961616281355e6	876945.9658252096
0.11392000000000026	15344.17583540874	7.621292949198497e6	881813.8600969337
0.11456000000000026	15344.685210843805	7.621289731423296e6	886681.7497049443
0.11520000000000026	15345.195408441847	7.621286508257358e6	891549.634648639
0.11584000000000026	15345.706436244522	7.621283279614943e6	896417.5149132669
0.11648000000000026	15346.218300636441	7.621280045463243e6	901285.3904885388
0.11712000000000027	15346.730999197605	7.621276805818449e6	906153.2613620303
0.11776000000000027	15347.244520566059	7.621273560794018e6	911021.1275249298
0.11840000000000027	15347.758859628031	7.621270310271701e6	915888.9889468196
0.11904000000000027	15348.274055487567	7.62126705420401e6	920756.8456443698
0.11968000000000027	15348.79010899003	7.621263792450468e6	925624.6975892201
0.12032000000000027	15349.306976030319	7.621260525309819e6	930492.5447659538
0.12096000000000028	15349.82469040139	7.62125725261412e6	935360.3871720565
0.12160000000000028	15350.343261655253	7.621253974301264e6	940228.2247960737
0.12224000000000028	15350.86267260375	7.62125069039834e6	945096.0576137999
0.12288000000000028	15351.382937592438	7.621247400814982e6	949963.8856143682
0.12352000000000028	15351.904054519346	7.621244105657753e6	954831.7087965528
0.12416000000000028	15352.426031503328	7.621240804828759e6	959699.5271429728
0.12480000000000029	15352.948813845016	7.621237498739211e6	964567.3406445328
0.12544000000000027	15353.472524695522	7.621234186501454e6	969435.1492859421
0.12608000000000028	15353.997067547523	7.621230868740924e6	974302.9530481289
0.12672000000000028	15354.522472933693	7.62122754527813e6	979170.7519228102
0.12736000000000028	15355.048742534122	7.62122421615767e6	984038.545904528
0.12800000000000028	15355.575873871432	7.621220881283094e6	988906.3349662541
0.12864000000000028	15356.103846479355	7.621217540926232e6	993774.119112421
0.12928000000000028	15356.632734481484	7.621214194529746e6	998641.8983233755
0.12992000000000029	15357.162490676867	7.621210842391844e6	1.0035096725834387e6
0.1305600000000003	15357.693110629734	7.621207484491935e6	1.0083774418733752e6
0.1312000000000003	15358.224628934311	7.621204120686248e6	1.0132452061916561e6
0.1318400000000003	15358.756982159397	7.621200751424999e6	1.0181129655295055e6
0.1324800000000003	15359.29023819251	7.621197376096911e6	1.0229807198527578e6
0.1331200000000003	15359.824378134435	7.621193994983955e6	1.0278484691691836e6
0.1337600000000003	15360.359427272128	7.621190607929866e6	1.0327162134669813e6
0.1344000000000003	15360.895347862464	7.621187214993883e6	1.0375839527082898e6
0.1350400000000003	15361.43214384976	7.621183816341123e6	1.0424516869058518e6
0.1356800000000003	15361.969837577275	7.621180411859993e6	1.0473194160511809e6
0.1363200000000003	15362.508445563877	7.621177001193723e6	1.052187140096995e6
0.1369600000000003	15363.047918628405	7.621173584852579e6	1.0570548590571047e6
0.1376000000000003	15363.588333893471	7.621170162312687e6	1.0619225729133778e6
0.1382400000000003	15364.129605178616	7.621166734042935e6	1.0667902816426565e6
0.1388800000000003	15364.671812244656	7.62116329968277e6	1.0716579852509056e6
0.1395200000000003	15365.21492888599	7.621159859178029e6	1.0765256836945289e6
0.1401600000000003	15365.758937478935	7.621156412910453e6	1.0813933769983335e6
0.1408000000000003	15366.303860822183	7.621152960545953e6	1.0862610651220912e6
0.14144000000000032	15366.849708470452	7.6211495020831125e6	1.0911287480603424e6
0.14208000000000032	15367.396412131337	7.621146037901879e6	1.095996425794997e6
0.14272000000000032	15367.944136670654	7.621142567020053e6	1.1008640983145894e6
0.14336000000000032	15368.49272523877	7.62113909045612e6	1.1057317656159403e6
0.14400000000000032	15369.042236890635	7.621135607699196e6	1.110599427663465e6
0.14464000000000032	15369.592665490944	7.621132118892181e6	1.1154670844589218e6
0.14528000000000033	15370.144012901495	7.621128624064489e6	1.1203347359947986e6
0.14592000000000033	15370.696325156017	7.6211251228336245e6	1.1252023822412742e6
0.14656000000000033	15371.249562455545	7.621121615484296e6	1.1300700231919629e6
0.14720000000000033	15371.80371285673	7.621118102063105e6	1.134937658830016e6
0.14784000000000033	15372.358803687106	7.62111458246422e6	1.1398052891496627e6
0.14848000000000033	15372.91481115707	7.621111056756717e6	1.1446729141272365e6
0.14912000000000034	15373.471825978126	7.621107524346131e6	1.1495405337377859e6
0.14976000000000034	15374.02971462749	7.621103986189301e6	1.154408147996277e6
0.15040000000000034	15374.588602329704	7.621100441445503e6	1.1592757568699457e6
0.15104000000000034	15375.148411494021	7.621096890647405e6	1.1641433603588087e6
0.15168000000000034	15375.709202392194	7.6210933332667975e6	1.1690109584204839e6
0.15232000000000034	15376.270891984212	7.621089769960716e6	1.1738785510701363e6
0.15296000000000035	15376.833564828981	7.621086200169006e6	1.1787461382806066e6
0.15360000000000035	15377.397201452563	7.621082623892932e6	1.1836137200212665e6
0.15424000000000035	15377.96181128081	7.621079041148882e6	1.188481296288315e6
0.15488000000000035	15378.527332002406	7.621075452535429e6	1.1933488671075117e6
0.15552000000000035	15379.09388635984	7.621071857024243e6	1.1982164324095661e6
0.15616000000000035	15379.66137877845	7.621068255228398e6	1.2030839921943378e6
0.15680000000000036	15380.229843862675	7.621064647033076e6	1.207951546459134e6
0.15744000000000036	15380.79927412022	7.621061032450201e6	1.212819095185365e6
0.15808000000000036	15381.36969602574	7.621057411256103e6	1.2176866383458455e6
0.15872000000000036	15381.94108756239	7.621053783614987e6	1.222554175933518e6
0.15936000000000036	15382.51344963487	7.621050149561038e6	1.227421707940351e6
0.16000000000000036	15383.086823601125	7.621046508867318e6	1.2322892343505987e6
0.16064000000000037	15383.661142957237	7.621042861844105e6	1.2371567551435924e6
0.16128000000000037	15384.23646675333	7.621039208233103e6	1.242024270313233e6
0.16192000000000037	15384.812787601168	7.621035547901176e6	1.246891779817194e6
0.16256000000000037	15385.390085487588	7.621031881071108e6	1.251759283660113e6
0.16320000000000037	15385.968411374717	7.621028207555542e6	1.2566267818397055e6
0.16384000000000037	15386.547726885337	7.621024527388884e6	1.2614942743147102e6
0.16448000000000038	15387.128022725978	7.621020840706718e6	1.266361761084992e6
0.16512000000000038	15387.70933350754	7.6210171473339265e6	1.2712292421361397e6
0.16576000000000038	15388.291655575418	7.621013447252315e6	1.276096717447294e6
0.16640000000000038	15388.87499340267	7.62100974040816e6	1.280964186998421e6
0.16704000000000038	15389.45932543723	7.621006026956372e6	1.2858316507825116e6
0.16768000000000038	15390.044697179288	7.621002306562686e6	1.2906991087667905e6
0.16832000000000039	15390.631052305695	7.620998579668311e6	1.2955665609633548e6
0.1689600000000004	15391.21844002851	7.620994846009533e6	1.3004340073541747e6
0.1696000000000004	15391.806846120631	7.620991105501762e6	1.3053014478981204e6
0.1702400000000004	15392.396290372342	7.62098735812189e6	1.3101688825925728e6
0.1708800000000004	15392.986760762971	7.620983603909083e6	1.3150363114190707e6
0.1715200000000004	15393.578247914349	7.620979842947832e6	1.3199037343692472e6
0.1721600000000004	15394.170767914551	7.620976075099969e6	1.324771151417724e6
0.1728000000000004	15394.764357772943	7.620972300187075e6	1.3296385625490793e6
0.1734400000000004	15395.358930252622	7.620968518702961e6	1.3345059677612341e6
0.1740800000000004	15395.954583752982	7.620964730123811e6	1.3393733670297693e6
0.1747200000000004	15396.551292010807	7.620960934533698e6	1.3442407603320014e6
0.1753600000000004	15397.14903033585	7.6209571320067365e6	1.3491081476450805e6
0.1760000000000004	15397.747820305038	7.620953322530114e6	1.3539755289692346e6
0.1766400000000004	15398.347640909233	7.6209495062872525e6	1.3588429043042024e6
0.1772800000000004	15398.948559619073	7.620945682639626e6	1.3637102735773257e6
0.1779200000000004	15399.550489483972	7.620941852281979e6	1.3685776368244078e6
0.1785600000000004	15400.153461146108	7.620938014957425e6	1.3734449940099248e6
0.17920000000000041	15400.75755976557	7.620934170212874e6	1.378312345107206e6
0.17984000000000042	15401.362708245868	7.6209303184727905e6	1.3831796901129447e6
0.18048000000000042	15401.968934917819	7.620926459632974e6	1.3880470290161062e6
0.18112000000000042	15402.576216284939	7.620922593675389e6	1.3929143617784812e6
0.18176000000000042	15403.184561824284	7.620918720681254e6	1.397781688406895e6
0.18240000000000042	15403.794000135582	7.62091484031695e6	1.4026490088483258e6
0.18304000000000042	15404.404508270643	7.620910952968779e6	1.4075163231384852e6
0.18368000000000043	15405.016121796729	7.6209070582261095e6	1.41238363121552e6
0.18432000000000043	15405.62880515615	7.62090315631718e6	1.4172509330761756e6
0.18496000000000043	15406.242581391996	7.620899247110245e6	1.4221182286990518e6
0.18560000000000043	15406.857438058072	7.620895330816784e6	1.426985518097153e6
0.18624000000000043	15407.473398573902	7.620891407122532e6	1.431852801215327e6
0.18688000000000043	15408.090492190182	7.620887475911205e6	1.436720078039299e6
0.18752000000000044	15408.708632267133	7.62088353773359e6	1.4415873485853507e6
0.18816000000000044	15409.32792791783	7.620879591839936e6	1.4464546127856066e6
0.18880000000000044	15409.94828340191	7.620875638837272e6	1.451321870659976e6
0.18944000000000044	15410.569771469372	7.620871678383952e6	1.4561891221870214e6
0.19008000000000044	15411.192373344482	7.620867710499051e6	1.461056367338682e6
0.19072000000000044	15411.816047391669	7.620863735473083e6	1.465923606120263e6
0.19136000000000045	15412.440909140048	7.6208597524649035e6	1.4707908384484544e6
0.19200000000000045	15413.066846852433	7.620855762355151e6	1.4756580643844493e6
0.19264000000000045	15413.693924728439	7.620851764573439e6	1.4805252838544995e6
0.19328000000000045	15414.322137444049	7.620847759325683e6	1.4853924968771902e6
0.19392000000000045	15414.951494684052	7.620843746449551e6	1.4902597034123351e6
0.19456000000000045	15415.581949587828	7.62083972614667e6	1.4951269034445756e6
0.19520000000000046	15416.213586918913	7.620835698006937e6	1.49999409694571e6
0.19584000000000046	15416.84630972833	7.620831662725341e6	1.5048612839565652e6
0.19648000000000046	15417.48023880027	7.620827619309656e6	1.5097284643634455e6
0.19712000000000046	15418.115289586776	7.6208235683982e6	1.5145956382063602e6
0.19776000000000046	15418.751452734214	7.620819510107536e6	1.5194628054843112e6
0.19840000000000046	15419.388786259438	7.620815444060541e6	1.5243299661526803e6
0.19904000000000047	15420.027294747395	7.620811370055852e6	1.5291971201579212e6
0.19968000000000047	15420.666959596883	7.620807288428707e6	1.5340642675345524e6
0.20032000000000047	15421.307792339441	7.620803198984401e6	1.538931408235937e6
0.20096000000000047	15421.949743787167	7.620799102113835e6	1.5437985422840756e6
0.20160000000000047	15422.592932887628	7.620794996947151e6	1.5486656695821665e6
0.20224000000000047	15423.237253622936	7.6207908842294775e6	1.5535327901780233e6
0.20288000000000048	15423.882743623564	7.620786763691154e6	1.5583999040302623e6
0.20352000000000048	15424.529438991874	7.620782635165889e6	1.5632670111165335e6
0.20416000000000048	15425.17731161747	7.620778498744062e6	1.568134111415269e6
0.20480000000000048	15425.826369412325	7.620774354388388e6	1.573001204907702e6
0.20544000000000048	15426.476595767994	7.62077020219602e6	1.5778682915830873e6
0.20608000000000049	15427.128033050825	7.62076604206673e6	1.5827353714371151e6
0.2067200000000005	15427.780645702873	7.620761873937278e6	1.587602444410941e6
0.2073600000000005	15428.43448532978	7.620757697684754e6	1.592469510502366e6
0.2080000000000005	15429.08948854958	7.62075351361437e6	1.5973365697067238e6
0.2086400000000005	15429.74571127195	7.620749321397239e6	1.6022036219823959e6
0.2092800000000005	15430.403164817351	7.620745121063754e6	1.6070706673267104e6
0.2099200000000005	15431.061809002833	7.620740912604352e6	1.6119377056879664e6
0.2105600000000005	15431.72165227946	7.620736696297707e6	1.6168047371136243e6
0.2112000000000005	15432.382756831355	7.6207324715137025e6	1.6216717615022864e6
0.2118400000000005	15433.045051841771	7.620728238683112e6	1.6265387788706939e6
0.2124800000000005	15433.708578554295	7.620723997706607e6	1.6314057892124867e6
0.2131200000000005	15434.373325594786	7.6207197485423e6	1.636272792491783e6
0.2137600000000005	15435.039323033487	7.620715491056652e6	1.6411397886856156e6
0.2144000000000005	15435.706551425925	7.620711225283222e6	1.646006777767527e6
0.2150400000000005	15436.374988962141	7.620706951468615e6	1.6508737597551504e6
0.2156800000000005	15437.044720838898	7.620702668982295e6	1.6557407345615537e6
0.2163200000000005	15437.715654207761	7.620698378463268e6	1.6606077022330675e6
0.2169600000000005	15438.387873286028	7.620694079307888e6	1.6654746626869412e6
0.21760000000000052	15439.061312095493	7.620689772047064e6	1.6703416159680288e6
0.21824000000000052	15439.736015889324	7.620685456301415e6	1.6752085620110065e6
0.21888000000000052	15440.411981382724	7.620681132155043e6	1.6800755008129976e6
0.21952000000000052	15441.089216448028	7.620676799385284e6	1.6849424323127149e6
0.22016000000000052	15441.767707766918	7.620672458348893e6	1.689809356559321e6
0.22080000000000052	15442.447478070373	7.620668108651748e6	1.6946762734652224e6
0.22144000000000053	15443.128533686091	7.620663750416255e6	1.699543183043366e6
0.22208000000000053	15443.81084562548	7.620659383723007e6	1.7044100852702383e6
0.22272000000000053	15444.494454916963	7.620655008468693e6	1.7092769801360692e6
0.22336000000000053	15445.179343519707	7.620650624512592e6	1.7141438675764878e6
0.22400000000000053	15445.865505196816	7.62064623201611e6	1.7190107476036453e6
0.22464000000000053	15446.552991381242	7.620641830739738e6	1.7238776201847761e6
0.22528000000000054	15447.241744083756	7.620637420928584e6	1.728744485310772e6
0.22592000000000054	15447.931793121985	7.620633002357033e6	1.7336113429349249e6
0.22656000000000054	15448.62318543345	7.620628574936021e6	1.7384781930540507e6
0.22720000000000054	15449.315819234169	7.620624139081989e6	1.7433450356645363e6
0.22784000000000054	15450.00978105873	7.620619694400645e6	1.7482118707247893e6
0.22848000000000054	15450.70511905196	7.620615240479111e6	1.7530786981581224e6
0.22912000000000055	15451.40170892403	7.620610778110124e6	1.757945518029971e6
0.22976000000000055	15452.099662551029	7.620606306748791e6	1.7628123302826895e6
0.23040000000000055	15452.798924849885	7.620601826444538e6	1.7676791348653904e6
0.23104000000000055	15453.4995402461	7.620597337115319e6	1.7725459317735953e6
0.23168000000000055	15454.201451015084	7.620592839170307e6	1.7774127210378249e6
0.23232000000000055	15454.904693073046	7.6205883322195355e6	1.782279502576025e6
0.23296000000000056	15455.609332294502	7.620583815990884e6	1.7871462763554836e6
0.23360000000000056	15456.315276501533	7.620579290930481e6	1.7920130423892753e6
0.23424000000000056	15457.022581781379	7.620574756741198e6	1.7968798006312873e6
0.23488000000000056	15457.731218913808	7.620570213639064e6	1.8017465510897627e6
0.23552000000000056	15458.441217602158	7.620565661360818e6	1.8066132937057368e6
0.23616000000000056	15459.152594932912	7.620561099803257e6	1.811480028447655e6
0.23680000000000057	15459.865321676125	7.620556529293302e6	1.8163467553501616e6
0.23744000000000057	15460.579426717748	7.620551949509819e6	1.8212134743392535e6
0.23808000000000057	15461.294848923277	7.620547360801583e6	1.826080185430937e6
0.23872000000000057	15462.011725317368	7.620542762476263e6	1.8309468885445874e6
0.23936000000000057	15462.729961670695	7.620538154910665e6	1.8358135836774663e6
0.24000000000000057	15463.449562497546	7.620533538079956e6	1.8406802708066918e6
0.24064000000000058	15464.170570307746	7.6205289120647395e6	1.8455469499635324e6
0.24128000000000058	15464.892915637283	7.620524276903965e6	1.8504136210843453e6
0.24192000000000058	15465.616757919603	7.6205196317118015e6	1.855280284055567e6
0.24256000000000058	15466.341937948288	7.6205149775464935e6	1.8601469389911615e6
0.24320000000000058	15467.068533093558	7.620510313868787e6	1.8650135857987388e6
0.24384000000000058	15467.796545395522	7.620505640642357e6	1.8698802244500031e6
0.24448000000000059	15468.525931956166	7.62050095813592e6	1.8747468549571857e6
0.2451200000000006	15469.256773034058	7.6204962659633625e6	1.879613477265772e6
0.2457600000000006	15469.989026386867	7.620491564265487e6	1.8844800913571524e6
0.2464000000000006	15470.72270085629	7.620486853013055e6	1.8893466972097866e6
0.2470400000000006	15471.457812371369	7.620482132040976e6	1.8942132947738103e6
0.2476800000000006	15472.19437381159	7.620477401337598e6	1.8990798840346069e6
0.2483200000000006	15472.93230583419	7.620472661423145e6	1.9039464650402493e6
0.2489600000000006	15473.671767624523	7.620467911254969e6	1.9088130376303985e6
0.2496000000000006	15474.41260419793	7.620463151839325e6	1.9136796019172901e6
0.2502400000000006	15475.154932459553	7.620458382318329e6	1.9185461577535039e6
0.25088000000000055	15475.898690548796	7.620453603287468e6	1.9234127052198278e6
0.2515200000000005	15476.643949192092	7.620448814080556e6	1.9282792441806367e6
0.2521600000000005	15477.390604296314	7.62044401551938e6	1.9331457747428874e6
0.25280000000000047	15478.138811751916	7.620439206484348e6	1.9380122967193876e6
0.25344000000000044	15478.888425192783	7.620434387916708e6	1.942878810216326e6
0.2540800000000004	15479.63952826942	7.620429559363797e6	1.9477453151600836e6
0.2547200000000004	15480.392118867387	7.620424720984845e6	1.9526118115676122e6
0.25536000000000036	15481.146204454502	7.620419872317937e6	1.9574782993047961e6
0.25600000000000034	15481.901762674248	7.6204150137581e6	1.962344778433506e6
0.2566400000000003	15482.658814714414	7.620410145221361e6	1.9672112489261185e6
0.2572800000000003	15483.417352907378	7.6204052665479295e6	1.972077710713805e6
0.25792000000000026	15484.177445743466	7.620400377593748e6	1.9769441637879189e6
0.25856000000000023	15484.939013341267	7.620395478609268e6	1.981810608131266e6
0.2592000000000002	15485.702101479908	7.620390569427135e6	1.9866770437122914e6
0.2598400000000002	15486.466684575369	7.620385650026276e6	1.9915434704840842e6
0.26048000000000016	15487.232782984254	7.620380720443778e6	1.996409888448869e6
0.26112000000000013	15488.000443091369	7.620375780430013e6	2.0012762975532776e6
0.2617600000000001	15488.76961159079	7.62037083015844e6	2.0061426977803349e6
0.2624000000000001	15489.54033497721	7.620365869559393e6	2.0110090891234647e6
0.26304000000000005	15490.312578879117	7.620360898567013e6	2.0158754715171985e6
0.26368	15491.086351846352	7.6203559173157485e6	2.0207418449804084e6
0.26432	15491.86172055027	7.620350925282148e6	2.0256082094011516e6
0.26496	15492.638613053487	7.620345922998944e6	2.030474564843939e6
0.26559999999999995	15493.417048073317	7.620340910246508e6	2.0353409112415772e6
0.2662399999999999	15494.197069492595	7.620335886902171e6	2.0402072485705442e6
0.2668799999999999	15494.978671114324	7.620330852774855e6	2.0450735767519197e6
0.26751999999999987	15495.761801219098	7.620325808381375e6	2.0499398958623414e6
0.26815999999999984	15496.546539661698	7.620320753162363e6	2.054806205787604e6
0.2687999999999998	15497.332840264326	7.620315687375229e6	2.0596725065392614e6
0.2694399999999998	15498.120779133298	7.620310610609421e6	2.0645387980390044e6
0.27007999999999976	15498.910253048647	7.620305523329864e6	2.0694050803128332e6
0.27071999999999974	15499.701342399127	7.620300425262769e6	2.0742713533221197e6
0.2713599999999997	15500.494037090544	7.620295316325293e6	2.0791376170132149e6
0.2719999999999997	15501.288316328546	7.620290196656862e6	2.0840038713849515e6
0.27263999999999966	15502.084218083346	7.620285066005444e6	2.088870116372587e6
0.27327999999999963	15502.881724167339	7.620279924609583e6	2.0937363520038908e6
0.2739199999999996	15503.680879456406	7.620274772026368e6	2.0986025781664154e6
0.2745599999999996	15504.481679214357	7.620269608341337e6	2.1034687948555634e6
0.27519999999999956	15505.284058803449	7.620264433923022e6	2.108335002101433e6
0.27583999999999953	15506.088105599772	7.620259248352203e6	2.1132011998280194e6
0.2764799999999995	15506.893806382992	7.620254051464381e6	2.1180673879556623e6
0.2771199999999995	15507.701124619836	7.620248843709421e6	2.122933566557716e6
0.27775999999999945	15508.510092179402	7.620243624910111e6	2.127799735584004e6
0.2783999999999994	15509.320727359118	7.620238394656405e6	2.1326658949092007e6
0.2790399999999994	15510.133002332097	7.620233153439095e6	2.137532044625002e6
0.2796799999999994	15510.946983768777	7.620227900631378e6	2.1423981845799275e6
0.28031999999999935	15511.762589924716	7.6202226367828e6	2.1472643148436663e6
0.2809599999999993	15512.579901109424	7.620217361534313e6	2.152130435348769e6
0.2815999999999993	15513.39889210009	7.620212074804738e6	2.1569965460290937e6
0.28223999999999927	15514.219575690122	7.620206776631402e6	2.1618626468790886e6
0.28287999999999924	15515.041924091014	7.6202014672458945e6	2.166728737919117e6
0.2835199999999992	15515.86597118569	7.620196146213647e6	2.171594819025522e6
0.2841599999999992	15516.69177229804	7.62019081362484e6	2.17646089023791e6
0.28479999999999916	15517.519223497296	7.6201854696662575e6	2.181326951509589e6
0.28543999999999914	15518.348461596435	7.620180113686267e6	2.18619300272732e6
0.2860799999999991	15519.17932144733	7.620174746558289e6	2.191059043996556e6
0.2867199999999991	15520.011985945948	7.620169367300751e6	2.1959250751418e6
0.28735999999999906	15520.846350473015	7.62016397662242e6	2.2007910962654124e6
0.28799999999999903	15521.682421660431	7.620158574379098e6	2.205657107305395e6
0.288639999999999	15522.520278059368	7.620153159834689e6	2.210523108079678e6
0.289279999999999	15523.359875783066	7.6201477336680405e6	2.2153890987263997e6
0.28991999999999896	15524.201205278587	7.620142295726251e6	2.220255079168791e6
0.29055999999999893	15525.044292937846	7.620136845880576e6	2.225121049362234e6
0.2911999999999989	15525.889168813177	7.620131383860269e6	2.229987009222957e6
0.2918399999999989	15526.73578170021	7.620125910232651e6	2.234852958853457e6
0.29247999999999885	15527.584170605023	7.620120424386042e6	2.239718898076807e6
0.2931199999999988	15528.434352026014	7.62011492652826e6	2.244584826938715e6
0.2937599999999988	15529.286330458792	7.620109416314642e6	2.249450745314603e6
0.2943999999999988	15530.140081155907	7.620103894208475e6	2.2543166532962294e6
0.29503999999999875	15530.995612104323	7.620098360056232e6	2.2591825508176903e6
0.2956799999999987	15531.852962848012	7.620092813345656e6	2.264048437728827e6
0.2963199999999987	15532.71215213431	7.620087254440424e6	2.2689143141229902e6
0.29695999999999867	15533.573114257948	7.620081683297369e6	2.2737801799142244e6
0.29759999999999864	15534.435892050384	7.6200760999101885e6	2.278646035103838e6
0.2982399999999986	15535.300506551332	7.620070504109893e6	2.2835118796292017e6
0.2988799999999986	15536.166980887007	7.6200648956493735e6	2.2883777134053134e6
0.29951999999999857	15537.035260970615	7.620059274948331e6	2.2932435364921177e6
0.30015999999999854	15537.905331994718	7.620053642046526e6	2.2981093488642178e6
0.3007999999999985	15538.777319745237	7.620047996148778e6	2.302975150343507e6
0.3014399999999985	15539.651189065293	7.620042337483112e6	2.307840940945531e6
0.30207999999999846	15540.526877528935	7.620036666467415e6	2.31270672072483e6
0.30271999999999843	15541.404437101442	7.620030982712116e6	2.317572489572502e6
0.3033599999999984	15542.283876947578	7.620025286186241e6	2.3224382474574824e6
0.3039999999999984	15543.165171238079	7.620019577093531e6	2.327303994395603e6
0.30463999999999836	15544.048375689488	7.620013855134767e6	2.3321697303067623e6
0.30527999999999833	15544.933446198129	7.620008120220504e6	2.337035455104646e6
0.3059199999999983	15545.8204321562	7.620002372466862e6	2.3419011688306006e6
0.3065599999999983	15546.709297896861	7.619996612003248e6	2.3467668714712365e6
0.30719999999999825	15547.600121252488	7.619990838050683e6	2.35163256281316e6
0.3078399999999982	15548.492811140544	7.619985051531184e6	2.356498243047505e6
0.3084799999999982	15549.387453146202	7.61997925171794e6	2.361363911981536e6
0.3091199999999982	15550.284015572846	7.619973438812313e6	2.366229569626327e6
0.30975999999999815	15551.18249933695	7.619967612810975e6	2.3710952159526558e6
0.3103999999999981	15552.082932592722	7.619961773661308e6	2.375960850934772e6
0.3110399999999981	15552.985281685576	7.619955921313846e6	2.380826474505114e6
0.31167999999999807	15553.889654234086	7.619950055362864e6	2.3856920865822854e6
0.31231999999999804	15554.795883027758	7.619944176693677e6	2.3905576872977945e6
0.312959999999998	15555.70418162026	7.619938283911064e6	2.395423276333732e6
0.313599999999998	15556.614384098628	7.619932378266519e6	2.40028885393761e6
0.31423999999999797	15557.526613476894	7.619926458712227e6	2.4051544198361724e6
0.31487999999999794	15558.440805825598	7.619920525878816e6	2.410019974153593e6
0.3155199999999979	15559.356987541609	7.61991457953369e6	2.4148855168052865e6
0.3161599999999979	15560.27515231372	7.619908619581414e6	2.4197510477270023e6
0.31679999999999786	15561.195322369815	7.619902646078376e6	2.4246165669218563e6
0.31743999999999784	15562.11756194353	7.6198966583181005e6	2.429482074179562e6
0.3180799999999978	15563.041783671664	7.619890657253119e6	2.434347569712177e6
0.3187199999999978	15563.968012108222	7.619884642383515e6	2.439213053347746e6
0.31935999999999776	15564.896288745094	7.619878613493171e6	2.4440785250151334e6
0.31999999999999773	15565.826589669417	7.619872571003552e6	2.4489439848020948e6
0.3206399999999977	15566.758935758084	7.619866514444694e6	2.4538094325421257e6
0.3212799999999977	15567.693328450887	7.619860443935539e6	2.4586748682434787e6
0.32191999999999765	15568.629840691287	7.619854358986736e6	2.4635402917673686e6
0.3225599999999976	15569.568315790086	7.619848260588525e6	2.4684057032952653e6
0.3231999999999976	15570.508944301888	7.619842147631407e6	2.473271102567956e6
0.3238399999999976	15571.451623704295	7.619836020658511e6	2.4781364896599175e6
0.32447999999999755	15572.396387436402	7.619829879447017e6	2.4830018644905905e6
0.3251199999999975	15573.343233133195	7.619823724025006e6	2.4878672270361683e6
0.3257599999999975	15574.292217740904	7.619817554022474e6	2.492732577183232e6
0.32639999999999747	15575.243270616864	7.619811369875943e6	2.497597914994576e6
0.32703999999999744	15576.196456693244	7.619805171254454e6	2.5024632403745335e6
0.3276799999999974	15577.151750243202	7.619798958179974e6	2.5073285532811177e6
0.3283199999999974	15578.109189173536	7.619792730386821e6	2.5121938536207653e6
0.32895999999999737	15579.068739117389	7.619786488302098e6	2.5170591414785353e6
0.32959999999999734	15580.030461696744	7.619780231384105e6	2.5219244166857023e6
0.3302399999999973	15580.9942983888	7.619773959892156e6	2.526789679256054e6
0.3308799999999973	15581.96032716588	7.619767673593876e6	2.5316549291328345e6
0.33151999999999726	15582.92852366274	7.6197613723788755e6	2.536520166230522e6
0.33215999999999724	15583.898864582856	7.619755056639681e6	2.5413853906311383e6
0.3327999999999972	15584.87139974877	7.619748725760018e6	2.546250602130825e6
0.3334399999999972	15585.846113259426	7.619742379993492e6	2.5511158007702627e6
0.33407999999999716	15586.823007009165	7.619736019382637e6	2.5559809865321573e6
0.33471999999999713	15587.802104390325	7.619729643713559e6	2.560846159327789e6
0.3353599999999971	15588.783457710084	7.619723252697321e6	2.5657113190618837e6
0.3359999999999971	15589.76700970572	7.619716846506767e6	2.570576465720696e6
0.33663999999999705	15590.752731019786	7.619710425518536e6	2.5754415993781867e6
0.337279999999997	15591.740748329914	7.619703988863579e6	2.5803067197926184e6
0.337919999999997	15592.730972630347	7.6196975371092735e6	2.585171827062302e6
0.338559999999997	15593.72345144525	7.619691069941261e6	2.590036921079014e6
0.33919999999999695	15594.718185302652	7.619684587318783e6	2.5949020017953557e6
0.3398399999999969	15595.715193457769	7.619678089122788e6	2.599767069149578e6
0.3404799999999969	15596.714449623742	7.619671575566354e6	2.6046321231626244e6
0.34111999999999687	15597.715966318501	7.619665046559558e6	2.609497163778261e6
0.34175999999999684	15598.719816632396	7.619658501594726e6	2.61436219083709e6
0.3423999999999968	15599.72593429146	7.619651940930686e6	2.619227204349033e6
0.3430399999999968	15600.734346271547	7.619645364793114e6	2.624092204374732e6
0.34367999999999677	15601.745078378974	7.619638772652035e6	2.6289571907148683e6
0.34431999999999674	15602.758157664588	7.619632164422357e6	2.633822163322699e6
0.3449599999999967	15603.773532100551	7.619625540473632e6	2.6386871222562264e6
0.3455999999999967	15604.791218706658	7.619618900727391e6	2.643552067464883e6
0.34623999999999666	15605.811294987412	7.619612244566814e6	2.6484169987509996e6
0.34687999999999664	15606.833689382716	7.619605572600343e6	2.6532819162427913e6
0.3475199999999966	15607.858435568904	7.619598884355207e6	2.6581468197631356e6
0.3481599999999966	15608.885600238382	7.6195921796956025e6	2.6630117092724545e6
0.34879999999999656	15609.91508277807	7.619585459079902e6	2.6678765848289486e6
0.34943999999999653	15610.946982820717	7.619578721879784e6	2.6727414462427893e6
0.3500799999999965	15611.9812396181	7.619571968602146e6	2.6776062936154655e6
0.3507199999999965	15613.017899220262	7.619565198617885e6	2.682471126720844e6
0.35135999999999645	15614.05699497978	7.619558412114985e6	2.6873359456099183e6
0.3519999999999964	15615.098475946384	7.619551609178971e6	2.6922007502433835e6
0.3526399999999964	15616.14239420979	7.619544789610227e6	2.6970655405484387e6
0.3532799999999964	15617.18878062681	7.619537953004654e6	2.7019303163656634e6
0.35391999999999635	15618.23758364993	7.619531099883495e6	2.7067950778087834e6
0.3545599999999963	15619.288828272533	7.619524229980329e6	2.7116598247631174e6
0.3551999999999963	15620.342552270866	7.619517343050486e6	2.716524557129209e6
0.35583999999999627	15621.398700290456	7.619510439415109e6	2.7213892749482235e6
0.35647999999999624	15622.457356408539	7.619503518632669e6	2.726253978080141e6
0.3571199999999962	15623.51848554679	7.619496580845958e6	2.731118666515668e6
0.3577599999999962	15624.582129565684	7.619489625843165e6	2.7359833401685143e6
0.35839999999999617	15625.648234123322	7.619482653869079e6	2.7408479990536626e6
0.35903999999999614	15626.716889847648	7.6194756643390255e6	2.745712642981971e6
0.3596799999999961	15627.788084221755	7.619468657390597e6	2.750577271956309e6
0.3603199999999961	15628.861770839434	7.6194616333394805e6	2.7554418860224225e6
0.36095999999999606	15629.937967564765	7.6194545919812685e6	2.7603064850803213e6
0.36159999999999604	15631.016791659056	7.619447532670521e6	2.7651710689334255e6
0.362239999999996	15632.09811794147	7.619440456105181e6	2.770035637715209e6
0.362879999999996	15633.18199380023	7.619433361964734e6	2.774900191301622e6
0.36351999999999596	15634.268508071462	7.619426249780749e6	2.7797647295402843e6
0.36415999999999593	15635.357590724348	7.619419119919247e6	2.7846292524802485e6
0.3647999999999959	15636.449255875877	7.6194119721381515e6	2.7894937600032985e6
0.3654399999999959	15637.543482945724	7.6194048068202855e6	2.7943582521969117e6
0.36607999999999585	15638.640395836092	7.619397623077441e6	2.7992227287758864e6
0.3667199999999958	15639.739866737073	7.619390421606993e6	2.804087189874492e6
0.3673599999999958	15640.842041154252	7.619383201611273e6	2.8089516352528012e6
0.3679999999999958	15641.946792617962	7.6193759639745075e6	2.813816065115521e6
0.36863999999999575	15643.054241036429	7.619368707554757e6	2.818680479078574e6
0.3692799999999957	15644.164305935705	7.61936143323234e6	2.823544877375046e6
0.3699199999999957	15645.27709330735	7.619354140154037e6	2.8284092597166994e6
0.37055999999999567	15646.392510770247	7.61934682891766e6	2.8332736262256745e6
0.37119999999999564	15647.510640667728	7.6193394990261905e6	2.838137976729341e6
0.3718399999999956	15648.631442576672	7.619332150803104e6	2.843002311281562e6
0.3724799999999956	15649.754943923057	7.619324783857752e6	2.8478666297137123e6
0.37311999999999557	15650.881211782107	7.619317397901756e6	2.8527309319191114e6
0.37375999999999554	15652.010212067593	7.619309993117775e6	2.857595217902871e6
0.3743999999999955	15653.141931258615	7.619302569572403e6	2.862459487640069e6
0.3750399999999955	15654.276390569536	7.619295127059687e6	2.867323741025481e6
0.37567999999999546	15655.413644609162	7.619287665499598e6	2.872187978021457e6
0.37631999999999544	15656.553644743411	7.619280184886756e6	2.877052198553703e6
0.3769599999999954	15657.696403653707	7.619272685173586e6	2.8819164025703324e6
0.3775999999999954	15658.841958749123	7.619265166100284e6	2.886780589954558e6
0.37823999999999536	15659.990327310701	7.619257627772454e6	2.8916447607145268e6
0.37887999999999533	15661.141490720807	7.619250070158304e6	2.896508914784259e6
0.3795199999999953	15662.295509003987	7.619242492806317e6	2.9013730519872447e6
0.3801599999999953	15663.452302417294	7.619234896189569e6	2.9062371724105207e6
0.38079999999999525	15664.612000131332	7.619227279613918e6	2.911101275827425e6
0.3814399999999952	15665.774507991535	7.619219643662046e6	2.9159653623580774e6
0.3820799999999952	15666.939911639507	7.6192119876516685e6	2.920829431752113e6
0.3827199999999952	15668.108137661708	7.619204312265119e6	2.9256934841812854e6
0.38335999999999515	15669.279293916683	7.6191966165239895e6	2.9305575192944007e6
0.3839999999999951	15670.453339491889	7.619188900961136e6	2.9354215372261666e6
0.3846399999999951	15671.630228523807	7.61918116553454e6	2.9402855378885926e6
0.38527999999999507	15672.810134191921	7.619173409368862e6	2.9451495210072882e6
0.38591999999999504	15673.992933226878	7.619165633242592e6	2.9500134867613795e6
0.386559999999995	15675.178658597564	7.6191578368898295e6	2.9548774350244245e6
0.387199999999995	15676.367330133431	7.619150020158477e6	2.95974136570523e6
0.38783999999999497	15677.558938692458	7.61914218305272e6	2.9646052787550385e6
0.38847999999999494	15678.753565612524	7.619134325065801e6	2.969469173981967e6
0.3891199999999949	15679.951167299147	7.61912644665093e6	2.974333051489851e6
0.3897599999999949	15681.151749314055	7.6191185475029675e6	2.979196911118219e6
0.39039999999999486	15682.355285263631	7.619110627870307e6	2.984060752902426e6
0.39103999999999484	15683.56195942255	7.619102686595467e6	2.988924576457062e6
0.3916799999999948	15684.77156955426	7.619094724995934e6	2.9937883821275593e6
0.3923199999999948	15685.98425066586	7.619086742108937e6	2.998652169573583e6
0.39295999999999476	15687.19997808996	7.619078738228866e6	3.0035159388490748e6
0.39359999999999473	15688.418740546964	7.619070713270059e6	3.008379689867323e6
0.3942399999999947	15689.640627582354	7.619062666563682e6	3.0132434223725903e6
0.3948799999999947	15690.865580755204	7.619054598907435e6	3.018107136596754e6
0.39551999999999465	15692.093644372973	7.6190465093228845e6	3.022970832133497e6
0.3961599999999946	15693.324767438056	7.61903839884359e6	3.0278345093134055e6
0.3967999999999946	15694.559088128197	7.619030266136473e6	3.0326981676448705e6
0.3974399999999946	15695.796471433147	7.619022112161609e6	3.0375618073792956e6
0.39807999999999455	15697.037056672094	7.619013936010152e6	3.042425428192032e6
0.3987199999999945	15698.280756257758	7.619005738255231e6	3.0472890302102068e6
0.3993599999999945	15699.527700107199	7.618997518002632e6	3.0521526131072817e6
0.39999999999999447	15700.77775459575	7.618989276283145e6	3.0570161771659735e6
0.40063999999999445	15702.031012657046	7.618981012336454e6	3.061879722090181e6
0.4012799999999944	15703.287466019234	7.618972726032726e6	3.0667432477740245e6
0.4019199999999944	15704.547178695591	7.618964417349707e6	3.0716067541977856e6
0.40255999999999437	15705.810105517681	7.618956086229754e6	3.076470241262047e6
0.40319999999999434	15707.07627877712	7.618947732649355e6	3.0813337089273515e6
0.4038399999999943	15708.345702663917	7.618939356403505e6	3.0861971570640486e6
0.4044799999999943	15709.618419963992	7.618930957329995e6	3.0910605855822503e6
0.40511999999999426	15710.894380347845	7.618922535774234e6	3.0959239945417955e6
0.40575999999999424	15712.173649122951	7.618914091340392e6	3.100787383771488e6
0.4063999999999942	15713.456261595104	7.618905623502143e6	3.1056507530281097e6
0.4070399999999942	15714.742156433596	7.61889713286233e6	3.1105141024693176e6
0.40767999999999416	15716.031418693432	7.61888861898791e6	3.1153774319188674e6
0.40831999999999413	15717.323986306345	7.618880082218198e6	3.1202407414275077e6
0.4089599999999941	15718.619986178212	7.618871521383387e6	3.125104030541536e6
0.4095999999999941	15719.919307387363	7.618862937465189e6	3.129967299544778e6
0.41023999999999405	15721.221998391316	7.61885433028647e6	3.1348305483424477e6
0.41087999999999403	15722.528104444857	7.618845699289413e6	3.1396937766808793e6
0.411519999999994	15723.837643925206	7.618837044486515e6	3.1445569845237425e6
0.412159999999994	15725.150598041631	7.61882836572916e6	3.1494201717464374e6
0.41279999999999395	15726.467012507514	7.618819663175609e6	3.1542833383885897e6
0.4134399999999939	15727.786873947183	7.618810936383442e6	3.1591464842071068e6
0.4140799999999939	15729.110151983994	7.618802185972844e6	3.164009609387839e6
0.41471999999999387	15730.4369370846	7.61879341118828e6	3.1688727136184936e6
0.41535999999999385	15731.767247546859	7.618784611874166e6	3.1737357967916126e6
0.4159999999999938	15733.10105027427	7.618775788129974e6	3.1785988588753827e6
0.4166399999999938	15734.438404870556	7.61876693973544e6	3.1834618997591916e6
0.41727999999999377	15735.779265093244	7.618758066902005e6	3.1883249194501764e6
0.41791999999999374	15737.123675309484	7.6187491693338305e6	3.1931879177968707e6
0.4185599999999937	15738.471647891563	7.618740247021523e6	3.198050894748231e6
0.4191999999999937	15739.823229336525	7.618731299590696e6	3.2029138501199703e6
0.41983999999999366	15741.17842758103	7.618722326863277e6	3.2077767837867755e6
0.42047999999999364	15742.537175503661	7.618713329372966e6	3.212639695878644e6
0.4211199999999936	15743.899591943235	7.618704306498286e6	3.2175025861482937e6
0.4217599999999936	15745.265634378333	7.618695258139052e6	3.222365454473101e6
0.42239999999999356	15746.635262597792	7.6186861849566875e6	3.2272283010533326e6
0.42303999999999353	15748.008647291386	7.618677085472758e6	3.2320911253074873e6
0.4236799999999935	15749.38567996939	7.618667960579134e6	3.236953927493198e6
0.4243199999999935	15750.766462533275	7.618658809515806e6	3.2418167072908483e6
0.42495999999999345	15752.150888512071	7.618649633116887e6	3.2466794649362327e6
0.42559999999999343	15753.539070894394	7.618640430467558e6	3.251542200049265e6
0.4262399999999934	15754.93104983711	7.618631201299243e6	3.2564049124808935e6
0.4268799999999934	15756.326708732187	7.618621946419125e6	3.2612676024506544e6
0.42751999999999335	15757.726153330992	7.6186126651480235e6	3.2661302696722914e6
0.4281599999999933	15759.129419487133	7.618603357247844e6	3.2709929140064255e6
0.4287999999999933	15760.536437140909	7.618594023071338e6	3.2758555355058336e6
0.42943999999999327	15761.94733707649	7.618584661871855e6	3.280718133866841e6
0.43007999999999325	15763.362008155853	7.618575274232204e6	3.285580709217423e6
0.4307199999999932	15764.780596797156	7.618565859300922e6	3.290443261216186e6
0.4313599999999932	15766.203055769534	7.618556417267818e6	3.295305789858227e6
0.43199999999999317	15767.629304086722	7.618546948830313e6	3.3001682953393646e6
0.43263999999999314	15769.059549790021	7.618537452524945e6	3.3050307770865094e6
0.4332799999999931	15770.493741833525	7.618527928504819e6	3.3098932350758873e6
0.4339199999999931	15771.931788424934	7.618518377490099e6	3.3147556695072427e6
0.43455999999999306	15773.373790755028	7.618508798818218e6	3.3196180800906364e6
0.43519999999999304	15774.819781515753	7.618499192452008e6	3.324480466767661e6
0.435839999999993	15776.269699608201	7.618489558366462e6	3.329342829432117e6
0.436479999999993	15777.723707433659	7.618479895850106e6	3.3342051678042137e6
0.43711999999999296	15779.181658775333	7.618470205649835e6	3.339067482065694e6
0.43775999999999293	15780.643694007293	7.618460486914124e6	3.343929771861992e6
0.4383999999999929	15782.109733301011	7.618450740099197e6	3.3487920372856557e6
0.4390399999999929	15783.579863690655	7.618440964752241e6	3.3536542781251054e6
0.43967999999999285	15785.054086734403	7.618431160673353e6	3.3585164942306844e6
0.44031999999999283	15786.532400993297	7.618421327932156e6	3.3633786855692198e6
0.4409599999999928	15788.014777346769	7.618411466778573e6	3.3682408521717526e6
0.4415999999999928	15789.501374822892	7.618401576018162e6	3.3731029935372663e6
0.44223999999999275	15790.992083048834	7.618391656558668e6	3.3779651099406914e6
0.4428799999999927	15792.48698015016	7.618381707644539e6	3.382827201027939e6
0.4435199999999927	15793.986029890824	7.618371729647289e6	3.3876892668790235e6
0.44415999999999267	15795.489345509412	7.618361721774087e6	3.392551307140931e6
0.44479999999999265	15796.996852382095	7.618351684493725e6	3.397413321915196e6
0.4454399999999926	15798.508563529274	7.618341617839924e6	3.4022753111595507e6
0.4460799999999926	15800.024582357353	7.6183315208103815e6	3.407137274419698e6
0.44671999999999257	15801.544824507151	7.618321394341818e6	3.411999212000824e6
0.44735999999999254	15803.069396013887	7.618311237324655e6	3.416861123400514e6
0.4479999999999925	15804.59828272935	7.61830105009216e6	3.4217230086932974e6
0.4486399999999925	15806.131516502479	7.618290832392013e6	3.4265848677172344e6
0.44927999999999246	15807.669104105067	7.618280584051069e6	3.4314467003314197e6
0.44991999999999244	15809.211043557298	7.618270305223226e6	3.4363085065368162e6
0.4505599999999924	15810.757335525463	7.618259995905805e6	3.441170286265693e6
0.4511999999999924	15812.308077334166	7.618249655178747e6	3.446032039089434e6
0.45183999999999236	15813.863267157187	7.618239283315874e6	3.450893765061911e6
0.45247999999999233	15815.422910860896	7.618228880231035e6	3.455755464079035e6
0.4531199999999923	15816.986972591882	7.618218446005102e6	3.4606171360893445e6
0.4537599999999923	15818.555521499437	7.6182079802885875e6	3.4654787809037548e6
0.45439999999999225	15820.128576951061	7.618197482901239e6	3.470340398381849e6
0.45503999999999223	15821.706188666254	7.618186953499295e6	3.4752019883248354e6
0.4556799999999922	15823.28832682736	7.618176392190597e6	3.4800635506954105e6
0.4563199999999922	15824.875011959286	7.6181657988964105e6	3.4849250853988524e6
0.45695999999999215	15826.466266604642	7.618155173650182e6	3.4897865923925443e6
0.4575999999999921	15828.062155339001	7.618144515710069e6	3.4946480713019236e6
0.4582399999999921	15829.6626788631	7.618133825084971e6	3.499509522059778e6
0.45887999999999207	15831.267808906585	7.618123102276492e6	3.504370944809332e6
0.45951999999999205	15832.87760699805	7.618112346216576e6	3.5092323390224106e6
0.460159999999992	15834.492122741267	7.6181015573387e6	3.514093704852456e6
0.460799999999992	15836.111344121584	7.618090735294491e6	3.518955042060391e6
0.46143999999999197	15837.735257359614	7.618079880059252e6	3.5238163505546832e6
0.46207999999999194	15839.363937152712	7.618068991361016e6	3.5286776301771104e6
0.4627199999999919	15840.997342170263	7.61805806935027e6	3.5335388809016966e6
0.4633599999999919	15842.635587672465	7.61804711314074e6	3.5384001023066e6
0.46399999999999186	15844.27866875013	7.618036122944123e6	3.543261294412461e6
0.46463999999999184	15845.92653311816	7.618025099206376e6	3.5481224573239586e6
0.4652799999999918	15847.579293415776	7.6180140407436015e6	3.552983590476896e6
0.4659199999999918	15849.236872954194	7.6180029484602325e6	3.5578446941756364e6
0.46655999999999176	15850.89935832607	7.61799182132854e6	3.5627057679126863e6
0.46719999999999173	15852.566809152437	7.617980659384213e6	3.567566811660158e6
0.4678399999999917	15854.239161303907	7.617969462829727e6	3.5724278254022757e6
0.4684799999999917	15855.916476112116	7.617958231330446e6	3.5772888089390076e6
0.46911999999999165	15857.598773354397	7.617946964709058e6	3.5821497621210488e6
0.46975999999999163	15859.28612224421	7.617935662347221e6	3.5870106846176255e6
0.4703999999999916	15860.97848418804	7.617924324628477e6	3.5918715765103977e6
0.4710399999999916	15862.675907081992	7.617912951126551e6	3.5967324375463966e6
0.47167999999999155	15864.378361292627	7.617901542181112e6	3.6015932677917606e6
0.4723199999999915	15866.085883867485	7.617890097508489e6	3.6064540670543443e6
0.4729599999999915	15867.79863771507	7.617878615797647e6	3.611314834721612e6
0.47359999999999147	15869.516498081846	7.61786709801523e6	3.6161755711045386e6
0.47423999999999145	15871.23951326567	7.617855543785661e6	3.6210362759713414e6
0.4748799999999914	15872.967755615695	7.6178439526266735e6	3.6258969490511185e6
0.4755199999999914	15874.701134267927	7.617832325226796e6	3.6307575905426815e6
0.47615999999999137	15876.439822218497	7.617820660292885e6	3.6356181998414653e6
0.47679999999999134	15878.183731681638	7.61780895844358e6	3.6404787771142493e6
0.4774399999999913	15879.932980762283	7.61779721884218e6	3.6453393219423713e6
0.4780799999999913	15881.687469309032	7.617785442158056e6	3.650199834510839e6
0.47871999999999126	15883.447359080557	7.617773627357613e6	3.655060314327912e6
0.47935999999999124	15885.212563892439	7.617761774836722e6	3.6599207614549296e6
0.4799999999999912	15886.98321587405	7.617749883825795e6	3.664781175508569e6
0.4806399999999912	15888.759271705567	7.617737954557486e6	3.6696415564937964e6
0.48127999999999116	15890.5407010035	7.6177259873928e6	3.674501904484764e6
0.48191999999999113	15892.327620882177	7.617713981046808e6	3.6793622188398372e6
0.4825599999999911	15894.120064734123	7.617701935859327e6	3.6842224996545054e6
0.4831999999999911	15895.918026176825	7.6176898514976995e6	3.6890827466795486e6
0.48383999999999106	15897.721519268485	7.617677727954401e6	3.693942959832775e6
0.48447999999999103	15899.53049504057	7.6176655655613e6	3.6988031391638736e6
0.485119999999991	15901.345176415263	7.617653362707099e6	3.7036632839208324e6
0.485759999999991	15903.165379480468	7.61764112076175e6	3.708523394585903e6
0.48639999999999095	15904.991306476602	7.6176288383375965e6	3.7133834705023444e6
0.4870399999999909	15906.822871430151	7.617616515784133e6	3.7182435117075644e6
0.4876799999999909	15908.6600467499	7.6176041534852525e6	3.7231035182867697e6
0.4883199999999909	15910.503065870196	7.617591749848476e6	3.7279634894946828e6
0.48895999999999085	15912.351779961284	7.617579305688999e6	3.7328234255632544e6
0.4895999999999908	15914.206319356015	7.61756682038989e6	3.73768332616822e6
0.4902399999999908	15916.06664739973	7.617554293873693e6	3.742543191162748e6
0.49087999999999077	15917.932787928165	7.617541726177798e6	3.747403020487077e6
0.49151999999999074	15919.80480145055	7.617529116757822e6	3.752262813814176e6
0.4921599999999907	15921.68270889797	7.617516465483782e6	3.757122570999314e6
0.4927999999999907	15923.566474768882	7.617503772534972e6	3.761982292021166e6
0.49343999999999066	15925.456256199675	7.617491036843653e6	3.766841976341202e6
0.49407999999999064	15927.351986420403	7.617478259080431e6	3.771701624163358e6
0.4947199999999906	15929.253721940062	7.617465438562884e6	3.7765612350863805e6
0.4953599999999906	15931.161496895555	7.617452575094838e6	3.7814208089367007e6
0.49599999999999056	15933.0752884213	7.617439668960439e6	3.78628034574967e6
0.49663999999999053	15934.995224558523	7.61742671894847e6	3.79113984489473e6
0.4972799999999905	15936.92128193217	7.6174137256568065e6	3.7959993065613974e6
0.4979199999999905	15938.853430214584	7.6174006889182655e6	3.8008587305563525e6
0.49855999999999046	15940.791821507666	7.617387607857072e6	3.805718116424126e6
0.49919999999999043	15942.736384519132	7.617374482792001e6	3.8105774641910614e6
0.4998399999999904	15944.687212927001	7.617361313197554e6	3.81543677354501e6
0.5004799999999904	15946.644273123247	7.617348099190995e6	3.8202960444303467e6
0.5011199999999904	15948.607639776234	7.617334840481721e6	3.825155276641458e6
0.5017599999999903	15950.577340416965	7.617321536442995e6	3.830014469779653e6
0.5023999999999903	15952.55342047025	7.61730818724101e6	3.8348736238518357e6
0.5030399999999903	15954.535870846923	7.617294792602478e6	3.8397327386170523e6
0.5036799999999902	15956.524749222119	7.617281352012956e6	3.8445918137453455e6
0.5043199999999902	15958.520108758219	7.617267865350419e6	3.849450849100958e6
0.5049599999999902	15960.521954879408	7.61725433241735e6	3.8543098444859344e6
0.5055999999999902	15962.530269662291	7.617240753461163e6	3.8591687999152103e6
0.5062399999999901	15964.545171347034	7.617227127626593e6	3.864027714913416e6
0.5068799999999901	15966.566699996072	7.617213454622555e6	3.8688865892501078e6
0.5075199999999901	15968.594823356314	7.617199734338132e6	3.8737454227498197e6
0.5081599999999901	15970.629523967247	7.617185967229616e6	3.878604215532394e6
0.50879999999999	15972.670956603732	7.617172152202171e6	3.8834629670142727e6
0.50943999999999	15974.719043370795	7.61715828953215e6	3.8883216771930987e6
0.51007999999999	15976.774068170167	7.61714437757576e6	3.8931803452652455e6
0.51071999999999	15978.835665410965	7.617130418462121e6	3.89803897203127e6
0.5113599999999899	15980.90420784814	7.61711640994594e6	3.902897556422002e6
0.5119999999999899	15982.979507248401	7.617102353226452e6	3.9077560988514037e6
0.5126399999999899	15985.061813150214	7.617088246387167e6	3.912614598353097e6
0.5132799999999899	15987.150967924004	7.617074090541798e6	3.917473055312325e6
0.5139199999999898	15989.247022717644	7.617059885554799e6	3.9223314695770475e6
0.5145599999999898	15991.35023459948	7.61704562938278e6	3.9271898401130093e6
0.5151999999999898	15993.460358895025	7.617031323807623e6	3.932048167607602e6
0.5158399999999898	15995.57748629428	7.617016968183268e6	3.9369064516633432e6
0.5164799999999897	15997.701769796198	7.617002561300179e6	3.9417646916199704e6
0.5171199999999897	15999.833243752753	7.616988103201186e6	3.9466228874040623e6
0.5177599999999897	16001.971849117133	7.6169735939762e6	3.951481038921557e6
0.5183999999999896	16004.117628858206	7.616959033516104e6	3.9563391460247277e6
0.5190399999999896	16006.270725302395	7.616944420605878e6	3.9611972080392377e6
0.5196799999999896	16008.431061339303	7.616929756020969e6	3.9660552252162807e6
0.5203199999999896	16010.598747777902	7.616915038806969e6	3.970913196999297e6
0.5209599999999895	16012.773757636454	7.616900269019576e6	3.975771123289217e6
0.5215999999999895	16014.95616450159	7.616885446485035e6	3.9806290039156126e6
0.5222399999999895	16017.145991127847	7.616870570744495e6	3.9854868385342467e6
0.5228799999999895	16019.343326346825	7.6168556411653245e6	3.9903446267403113e6
0.5235199999999894	16021.548188136361	7.616840657720608e6	3.9952023684104956e6
0.5241599999999894	16023.760488568787	7.616825620942625e6	4.0000600636640866e6
0.5247999999999894	16025.980466368734	7.616810529167185e6	4.004917711624476e6
0.5254399999999894	16028.208050461626	7.616795382840461e6	4.009775312372038e6
0.5260799999999893	16030.443283626677	7.616780181822034e6	4.0146328657338307e6
0.5267199999999893	16032.686277650928	7.616764925006668e6	4.019490371060917e6
0.5273599999999893	16034.936953279355	7.616749613167306e6	4.024347828601427e6
0.5279999999999893	16037.195477745618	7.616734244960762e6	4.0292052376046963e6
0.5286399999999892	16039.461784753283	7.616718821025006e6	4.0340625982534387e6
0.5292799999999892	16041.735976086218	7.616703340456288e6	4.0389199099952853e6
0.5299199999999892	16044.018110793388	7.616687802842336e6	4.0437771725156503e6
0.5305599999999892	16046.308174691269	7.616672208517656e6	4.048634385860572e6
0.5311999999999891	16048.606240127567	7.616656556454181e6	4.05349154939375e6
0.5318399999999891	16050.912306704455	7.616640847018837e6	4.058348663183922e6
0.5324799999999891	16053.22652818952	7.616625079167718e6	4.0632057266216027e6
0.533119999999989	16055.548856704836	7.616609253027058e6	4.0680627396239205e6
0.533759999999989	16057.879328408693	7.616593368150809e6	4.0729197018421693e6
0.534399999999989	16060.21800596918	7.616577424432711e6	4.077776613120336e6
0.535039999999989	16062.564966265656	7.61656142131698e6	4.0826334730680683e6
0.5356799999999889	16064.920249492348	7.616545358329249e6	4.087490281319972e6
0.5363199999999889	16067.283843079054	7.616529235693819e6	4.0923470378595837e6
0.5369599999999889	16069.655834823016	7.616513052393333e6	4.0972037420507963e6
0.5375999999999889	16072.036269438307	7.616496808344933e6	4.1020603937371396e6
0.5382399999999888	16074.42515848179	7.616480503509325e6	4.1069169927699547e6
0.5388799999999888	16076.822601346023	7.616464137295106e6	4.111773538743435e6
0.5395199999999888	16079.228626494176	7.616447709338003e6	4.116630031339882e6
0.5401599999999888	16081.643223876923	7.616431219374819e6	4.121486470277484e6
0.5407999999999887	16084.066539521573	7.6164146668925015e6	4.1263428552103275e6
0.5414399999999887	16086.498573921526	7.616398051573033e6	4.131199185829675e6
0.5420799999999887	16088.939352406642	7.616381373193161e6	4.1360554618887166e6
0.5427199999999887	16091.388931785492	7.616364631511831e6	4.1409116831447417e6
0.5433599999999886	16093.847407298765	7.616347825682373e6	4.1457678490427565e6
0.5439999999999886	16096.314761772683	7.616330956058039e6	4.1506239596268553e6
0.5446399999999886	16098.79110554985	7.616314021345515e6	4.1554800141033577e6
0.5452799999999886	16101.276435006268	7.616297022060284e6	4.160336012609471e6
0.5459199999999885	16103.770813140643	7.616279957277605e6	4.165191954527734e6
0.5465599999999885	16106.274298885102	7.616262826945576e6	4.1700478397133728e6
0.5471999999999885	16108.786958557423	7.61624563024351e6	4.174903667603996e6
0.5478399999999884	16111.30882011696	7.616228367363244e6	4.179759438172296e6
0.5484799999999884	16113.839960992309	7.61621103743102e6	4.1846151508292654e6
0.5491199999999884	16116.380385560646	7.616193640770018e6	4.189470805607786e6
0.5497599999999884	16118.9301828512	7.616176176182535e6	4.194326401743549e6
0.5503999999999883	16121.48934472994	7.616158643934134e6	4.19918193923065e6
0.5510399999999883	16124.058089989745	7.616141042480814e6	4.204037417168621e6
0.5516799999999883	16126.636331049283	7.61612337247923e6	4.208892835729188e6
0.5523199999999883	16129.224111257849	7.616105633639265e6	4.2137481946216775e6
0.5529599999999882	16131.821514824756	7.616087825047208e6	4.218603493228002e6
0.5535999999999882	16134.428624454928	7.616069946416406e6	4.22345873127399e6
0.5542399999999882	16137.045500951872	7.616051997280094e6	4.2283139083749335e6
0.5548799999999882	16139.672119456218	7.616033977481796e6	4.233169024278821e6
0.5555199999999881	16142.30861838554	7.616015886532512e6	4.23802407862115e6
0.5561599999999881	16144.955047757107	7.615997723614404e6	4.242879070813692e6
0.5567999999999881	16147.611421706817	7.615979488718028e6	4.247734000700207e6
0.5574399999999881	16150.277819222827	7.615961181048877e6	4.2525888677154705e6
0.558079999999988	16152.954275534208	7.61594280083307e6	4.257443671842272e6
0.558719999999988	16155.640948202368	7.6159243466551695e6	4.262298412200708e6
0.559359999999988	16158.337725626647	7.615905819236433e6	4.267153088983419e6
0.559999999999988	16161.044789524198	7.615887217309934e6	4.272007701400862e6
0.5606399999999879	16163.762219665323	7.615868540334724e6	4.276862249022e6
0.5612799999999879	16166.489993730505	7.615849788632837e6	4.281716731853796e6
0.5619199999999879	16169.228170727318	7.615830961447748e6	4.28657114933366e6
0.5625599999999878	16171.976875965092	7.615812057767218e6	4.291425500782056e6
0.5631999999999878	16174.736089593025	7.615793077931633e6	4.296279786214937e6
0.5638399999999878	16177.5059882263	7.615774020823264e6	4.301134004912721e6
0.5644799999999878	16180.286577518555	7.615754886024984e6	4.305988156473531e6
0.5651199999999877	16183.077847070514	7.61573567377026e6	4.31084224085509e6
0.5657599999999877	16185.880031029974	7.615716382250026e6	4.315696256966355e6
0.5663999999999877	16188.693024008657	7.615697012457166e6	4.320550205150855e6
0.5670399999999877	16191.516901129151	7.615677563527829e6	4.3254040847802395e6
0.5676799999999876	16194.351824396623	7.615658034394503e6	4.3302578951457e6
0.5683199999999876	16197.197809113379	7.615638425165537e6	4.335111636140222e6
0.5689599999999876	16200.0549531674	7.615618734734903e6	4.339965307001689e6
0.5695999999999876	16202.923314364478	7.615598962779176e6	4.344818907393427e6
0.5702399999999875	16205.802919148793	7.615579109624033e6	4.349672437334447e6
0.5708799999999875	16208.693797081603	7.615559174037396e6	4.354525895956577e6
0.5715199999999875	16211.59619360273	7.615539154702029e6	4.359379282432243e6
0.5721599999999875	16214.5100359198	7.615519052347963e6	4.364232596965083e6
0.5727999999999874	16217.435337718129	7.615498866697354e6	4.369085839220422e6
0.5734399999999874	16220.372321344503	7.615478596038737e6	4.37393900812975e6
0.5740799999999874	16223.32093154053	7.615458240702458e6	4.378792103673533e6
0.5747199999999874	16226.281356773985	7.615437799465918e6	4.383645125044365e6
0.5753599999999873	16229.253499893179	7.615417273009384e6	4.388498072404778e6
0.5759999999999873	16232.23775954672	7.615396658390813e6	4.393350944043059e6
0.5766399999999873	16235.23376336992	7.6153759582817955e6	4.398203741149578e6
0.5772799999999872	16238.24190429343	7.615355169943926e6	4.403056462122915e6
0.5779199999999872	16241.262098586949	7.615334293503763e6	4.40790910680817e6
0.5785599999999872	16244.294501107248	7.615313328107554e6	4.412761674584356e6
0.5791999999999872	16247.339171721278	7.615292273818793e6	4.417614165319207e6
0.5798399999999871	16250.396313922867	7.615271128423994e6	4.422466577620529e6
0.5804799999999871	16253.465713170886	7.615249893482882e6	4.427318912104835e6
0.5811199999999871	16256.547648560661	7.615228567550876e6	4.432171167854097e6
0.5817599999999871	16259.642186929615	7.615207149174411e6	4.437023343851869e6
0.582399999999987	16262.749387333002	7.615185638857588e6	4.441875440214711e6
0.583039999999987	16265.869241630771	7.615164036398722e6	4.446727456620802e6
0.583679999999987	16269.001931249617	7.615142339995241e6	4.451579391892341e6
0.584319999999987	16272.147498227861	7.615120549640488e6	4.456431245837894e6
0.5849599999999869	16275.306084432805	7.615098664132795e6	4.461283017608304e6
0.5855999999999869	16278.477683645964	7.6150766843986595e6	4.466134707535858e6
0.5862399999999869	16281.662493527663	7.61505460752207e6	4.470986313786961e6
0.5868799999999869	16284.860460020967	7.61503243455206e6	4.475837836743058e6
0.5875199999999868	16288.071731667353	7.615010164525621e6	4.480689275689871e6
0.5881599999999868	16291.296354575721	7.614987797042759e6	4.485540630199238e6
0.5887999999999868	16294.534523047072	7.614965330600853e6	4.490391899253558e6
0.5894399999999868	16297.786201905714	7.614942765396589e6	4.495243082738319e6
0.5900799999999867	16301.051463536322	7.61492010060436e6	4.500094179980453e6
0.5907199999999867	16304.33055956021	7.614897334863906e6	4.5049451900621215e6
0.5913599999999867	16307.623409026728	7.614874468254423e6	4.509796112776699e6
0.5919999999999866	16310.930173528492	7.614851500593971e6	4.514646947862329e6
0.5926399999999866	16314.250989593422	7.614828429658255e6	4.519497693835687e6
0.5932799999999866	16317.585864823232	7.614805255911209e6	4.524348350749841e6
0.5939199999999866	16320.934987945933	7.6147819778776e6	4.529198917580868e6
0.5945599999999865	16324.298266844364	7.614758596167537e6	4.534049394426578e6
0.5951999999999865	16327.675954231427	7.614735108954671e6	4.538899780075991e6
0.5958399999999865	16331.068109584166	7.61471151627223e6	4.543750074342712e6
0.5964799999999865	16334.474756376387	7.614687817168171e6	4.548600276438061e6
0.5971199999999864	16337.896198978326	7.614664009327663e6	4.553450384870276e6
0.5977599999999864	16341.332307716924	7.614640094513404e6	4.558300400403685e6
0.5983999999999864	16344.783245836552	7.614616070181408e6	4.563150321347979e6
0.5990399999999864	16348.249098686763	7.614591937481192e6	4.56800014818724e6
0.5996799999999863	16351.730167734357	7.614567692858938e6	4.572849878674291e6
0.6003199999999863	16355.226315160678	7.6145433373948485e6	4.5776995131584145e6
0.6009599999999863	16358.737495124675	7.614518871927659e6	4.582549051883596e6
0.6015999999999863	16362.264148369066	7.61449429324979e6	4.587398492855679e6
0.6022399999999862	16365.80626966313	7.614469599919868e6	4.592247834957457e6
0.6028799999999862	16369.363875338007	7.614444794499584e6	4.597097079489979e6
0.6035199999999862	16372.937350288164	7.614419871682943e6	4.601946223158627e6
0.6041599999999862	16376.526425668919	7.614394834091831e6	4.6067952671851525e6
0.6047999999999861	16380.13124716434	7.614369681270354e6	4.611644211101084e6
0.6054399999999861	16383.752177331879	7.614344410367776e6	4.616493053072048e6
0.6060799999999861	16387.389165026896	7.61431902103953e6	4.621341792611419e6
0.606719999999986	16391.042408555186	7.614293512705677e6	4.626190429187119e6
0.607359999999986	16394.711881686428	7.614267884916925e6	4.631038962256263e6
0.607999999999986	16398.397843579747	7.614242135771991e6	4.635887390503947e6
0.608639999999986	16402.100189113655	7.614216265967304e6	4.640735714048245e6
0.6092799999999859	16405.819391825473	7.614190272898372e6	4.645583931224188e6
0.6099199999999859	16409.55522168578	7.61416415705031e6	4.650432041968893e6
0.6105599999999859	16413.307819463633	7.614137918334846e6	4.655280046015629e6
0.6111999999999859	16417.077578363584	7.6141115520079825e6	4.660127940349639e6
0.6118399999999858	16420.864279080673	7.614085062452862e6	4.66497572728962e6
0.6124799999999858	16424.66843180311	7.614058443529133e6	4.669823403003308e6
0.6131199999999858	16428.489655098903	7.614031699790629e6	4.674670969853287e6
0.6137599999999858	16432.32856537367	7.614004825100647e6	4.679518424038755e6
0.6143999999999857	16436.18496126961	7.613977821926589e6	4.684365766712653e6
0.6150399999999857	16440.05914147737	7.6139506868756665e6	4.689212995623005e6
0.6156799999999857	16443.95097680295	7.613923423098762e6	4.694060112372741e6
0.6163199999999857	16447.8609905359	7.613896025223676e6	4.698907113570595e6
0.6169599999999856	16451.788907683054	7.613868494453038e6	4.703753999560836e6
0.6175999999999856	16455.735241754068	7.61384082820573e6	4.708600768656196e6
0.6182399999999856	16459.6996115621	7.613813028813234e6	4.713447421857093e6
0.6188799999999856	16463.682795687957	7.61378509146915e6	4.71829395619541e6
0.6195199999999855	16467.684455388477	7.61375701678387e6	4.723140371619419e6
0.6201599999999855	16471.70488043276	7.613728804405279e6	4.7279866677216515e6
0.6207999999999855	16475.74420257604	7.613700451973484e6	4.7328328427866455e6
0.6214399999999854	16479.80245325156	7.613671959904686e6	4.73767889677976e6
0.6220799999999854	16483.879750981443	7.61364332746336e6	4.7425248289837865e6
0.6227199999999854	16487.97660194566	7.613614551204384e6	4.747370637138265e6
0.6233599999999854	16492.09283420913	7.613585630846887e6	4.752216320689681e6
0.6239999999999853	16496.228657638887	7.613556566102043e6	4.757061879222836e6
0.6246399999999853	16500.383823249016	7.613527358363828e6	4.761907313200165e6
0.6252799999999853	16504.55917882183	7.613498001224601e6	4.766752618621095e6
0.6259199999999853	16508.75466953006	7.613468495631118e6	4.771597795732096e6
0.6265599999999852	16512.970055960803	7.613438842769808e6	4.776442844863437e6
0.6271999999999852	16517.205819792765	7.613409038872186e6	4.7812877635101415e6
0.6278399999999852	16521.4621705633	7.613379083954522e6	4.786132551431292e6
0.6284799999999852	16525.738804429973	7.613348977952966e6	4.790977208144389e6
0.6291199999999851	16530.03639822652	7.613318716981024e6	4.795821731126362e6
0.6297599999999851	16534.35487344196	7.613288302020256e6	4.800666120628507e6
0.6303999999999851	16538.694366958272	7.613257730831493e6	4.805510374954088e6
0.6310399999999851	16543.0552725001	7.6132270008090455e6	4.810354492263769e6
0.631679999999985	16547.43734649618	7.613196115129165e6	4.815198474128139e6
0.632319999999985	16551.840984491133	7.613165068820404e6	4.820042317209581e6
0.632959999999985	16556.266479880607	7.613133861281208e6	4.824886020885215e6
0.633599999999985	16560.71384903432	7.6131024909491595e6	4.82972958381956e6
0.6342399999999849	16565.183089450762	7.613070959143786e6	4.834573006494038e6
0.6348799999999849	16569.67456087439	7.613039262586055e6	4.839416286606187e6
0.6355199999999849	16574.188696134286	7.613007397807683e6	4.84425942175059e6
0.6361599999999848	16578.725068968903	7.6129753675222425e6	4.849102413131928e6
0.6367999999999848	16583.284065852065	7.612943169787877e6	4.853945259293523e6
0.6374399999999848	16587.86637705282	7.612910800093767e6	4.85878795724532e6
0.6380799999999848	16592.471522633816	7.612878259810186e6	4.863630507313039e6
0.6387199999999847	16597.099969139457	7.612845547377101e6	4.868472908297436e6
0.6393599999999847	16601.751665388172	7.6128126627580775e6	4.873315159781494e6
0.6399999999999847	16606.427185210767	7.612779600319348e6	4.878157257990942e6
0.6406399999999847	16611.126372931714	7.612746362427671e6	4.882999203998924e6
0.6412799999999846	16615.849624408285	7.612712945884916e6	4.88784099551423e6
0.6419199999999846	16620.59708518859	7.612679348831363e6	4.892682631005975e6
0.6425599999999846	16625.36872623887	7.612645572834096e6	4.897524111077666e6
0.6431999999999846	16630.16524068139	7.61261161267344e6	4.902365432229315e6
0.6438399999999845	16634.986285050727	7.612577469945188e6	4.907206594964676e6
0.6444799999999845	16639.832346821146	7.6125431418835195e6	4.912047597276915e6
0.6451199999999845	16644.703206257593	7.612508626666778e6	4.916888437508991e6
0.6457599999999845	16649.599866319386	7.612473922150429e6	4.921729114224388e6
0.6463999999999844	16654.522031183064	7.612439028620609e6	4.92656962709047e6
0.6470399999999844	16659.469905758982	7.612403941121966e6	4.931409972561375e6
0.6476799999999844	16664.44377791416	7.612368661866855e6	4.936250151749641e6
0.6483199999999844	16669.443584434353	7.612333189053719e6	4.941090163046963e6
0.6489599999999843	16674.4700191139	7.612297517853516e6	4.945930003141609e6
0.6495999999999843	16679.522847212553	7.612261651009001e6	4.950769673300991e6
0.6502399999999843	16684.602725479694	7.61222558186077e6	4.955609168998291e6
0.6508799999999842	16689.709491479964	7.612189313709136e6	4.960448491884548e6
0.6515199999999842	16694.843862984213	7.612152838700502e6	4.965287636659404e6
0.6521599999999842	16700.005142707196	7.612116164895468e6	4.970126607886948e6
0.6527999999999842	16705.194369896963	7.612079281757103e6	4.974965398616145e6
0.6534399999999841	16710.411707720916	7.612042188183515e6	4.979804007727943e6
0.6540799999999841	16715.65721269407	7.612004885964439e6	4.984642435954515e6
0.6547199999999841	16720.930947401877	7.611967373385986e6	4.989480681740671e6
0.6553599999999841	16726.23361348324	7.611929645421383e6	4.994318741575787e6
0.655999999999984	16731.564843335305	7.611891703594077e6	4.999156615863701e6
0.656639999999984	16736.925195978612	7.6118535449992325e6	5.003994302423466e6
0.657279999999984	16742.31517481416	7.611815165710532e6	5.008831798374809e6
0.657919999999984	16747.73454597836	7.61177656524226e6	5.013669102837554e6
0.6585599999999839	16753.183872907783	7.611737741884496e6	5.018506214396898e6
0.6591999999999839	16758.6634434898	7.611698694053672e6	5.023343131621599e6
0.6598399999999839	16764.173163546136	7.611659421034102e6	5.028179853518331e6
0.6604799999999839	16769.713563206402	7.611619916540538e6	5.033016375625552e6
0.6611199999999838	16775.285210714563	7.611580182673015e6	5.037852699020867e6
0.6617599999999838	16780.887757389533	7.611540215006625e6	5.042688820157721e6
0.6623999999999838	16786.521811890223	7.611500013876541e6	5.047524738955392e6
0.6630399999999838	16792.18723294187	7.611459576601413e6	5.05236045307969e6
0.6636799999999837	16797.885279778973	7.611418897288316e6	5.057195958529481e6
0.6643199999999837	16803.615059490832	7.611377979441748e6	5.062031256805789e6
0.6649599999999837	16809.377612678385	7.611336816390369e6	5.066866343302168e6
0.6655999999999836	16815.17326046857	7.611295408157173e6	5.07170121760759e6
0.6662399999999836	16821.00218987764	7.611253747608038e6	5.076535874497148e6
0.6668799999999836	16826.864211746986	7.6112118411898045e6	5.081370317658749e6
0.6675199999999836	16832.759618076983	7.611169684813777e6	5.086204543924586e6
0.6681599999999835	16838.68914076155	7.611127275815304e6	5.091038551213099e6
0.6687999999999835	16844.653408184473	7.611084604346918e6	5.095872332595885e6
0.6694399999999835	16850.651859013953	7.611041678213441e6	5.100705892541596e6
0.6700799999999835	16856.6853754848	7.610998486154238e6	5.105539223241186e6
0.6707199999999834	16862.754395732714	7.610955032109817e6	5.110372326903997e6
0.6713599999999834	16868.85850846958	7.610911314207346e6	5.115205201566341e6
0.6719999999999834	16874.99912303186	7.610867322512402e6	5.120037840440562e6
0.6726399999999834	16881.175941808702	7.610823061863588e6	5.124870246088108e6
0.6732799999999833	16887.388367337262	7.6107785314705195e6	5.1297024171957215e6
0.6739199999999833	16893.638668464017	7.6107337181872465e6	5.134534345057636e6
0.6745599999999833	16899.926332300143	7.610688624295688e6	5.139366030430356e6
0.6751999999999833	16906.251269164608	7.6106432523527555e6	5.144197474400679e6
0.6758399999999832	16912.61423994154	7.6105975965566095e6	5.149028672688711e6
0.6764799999999832	16919.015098540116	7.610551654193927e6	5.15385962279366e6
0.6771199999999832	16925.45474821562	7.610505420594685e6	5.158690321222049e6
0.6777599999999832	16931.9333805087	7.610458898304757e6	5.163520769127439e6
0.6783999999999831	16938.45118659788	7.610412082057727e6	5.168350962369443e6
0.6790399999999831	16945.00877217067	7.610364961562607e6	5.17318089351486e6
0.6796799999999831	16951.607193714764	7.610317540794972e6	5.178010564943689e6
0.680319999999983	16958.245687838433	7.610269813673586e6	5.182839971619773e6
0.680959999999983	16964.92495181926	7.610221787546759e6	5.1876691181043405e6
0.681599999999983	16971.645359530885	7.610173446910951e6	5.1924979932968505e6
0.682239999999983	16978.407461057883	7.610124794902168e6	5.197326598828752e6
0.682879999999983	16985.21210243225	7.610075825993759e6	5.202154930516412e6
0.6835199999999829	16992.05822014439	7.610026542576409e6	5.206982988967209e6
0.6841599999999829	16998.947492283376	7.609976936825243e6	5.211810768674191e6
0.6847999999999829	17005.881526307465	7.609926993611629e6	5.216638259082206e6
0.6854399999999828	17012.857515008753	7.609876733157655e6	5.221465472435375e6
0.6860799999999828	17019.878156572147	7.609826142360859e6	5.226292399901719e6
0.6867199999999828	17026.943902854495	7.609775211805356e6	5.231119034436729e6
0.6873599999999828	17034.054190397346	7.6097239437730275e6	5.235945376693783e6
0.6879999999999827	17041.20914869912	7.609672339831377e6	5.240771427058251e6
0.6886399999999827	17048.412071223414	7.609620377600835e6	5.245597170413404e6
0.6892799999999827	17055.659334178275	7.609568081884639e6	5.250422621949629e6
0.6899199999999827	17062.954503786936	7.609515425822141e6	5.255247763515613e6
0.6905599999999826	17070.295844321	7.609462421440898e6	5.260072602096162e6
0.6911999999999826	17077.68729917459	7.609409041310765e6	5.264897119191853e6
0.6918399999999826	17085.125022602788	7.60935530996972e6	5.269721329776284e6
0.6924799999999826	17092.61267559258	7.609301208127129e6	5.27454522085374e6
0.6931199999999825	17100.14867632945	7.60924673948853e6	5.279368793699949e6
0.6937599999999825	17107.73502351217	7.609191894113377e6	5.284192041233564e6
0.6943999999999825	17115.371354422918	7.609136670445775e6	5.289014961443325e6
0.6950399999999824	17123.057484018413	7.609081072966882e6	5.293837556565095e6
0.6956799999999824	17130.797918243457	7.60902507024676e6	5.298659805291613e6
0.6963199999999824	17138.587878213104	7.608968685929664e6	5.303481721753266e6
0.6969599999999824	17146.430428661824	7.608911912687692e6	5.308303300943781e6
0.6975999999999823	17154.32672558551	7.60885473422506e6	5.313124530997085e6
0.6982399999999823	17162.27579886023	7.608797155595659e6	5.317945414268043e6
0.6988799999999823	17170.278524229907	7.608739173421069e6	5.322765947789599e6
0.6995199999999823	17178.33704184877	7.608680773368882e6	5.3275861213012e6
0.7001599999999822	17186.450464838388	7.60862195922811e6	5.332405936280395e6
0.7007999999999822	17194.61811698807	7.608562737012371e6	5.3372253958387375e6
0.7014399999999822	17202.844041673558	7.608503073948505e6	5.342044477307387e6
0.7020799999999822	17211.126948105517	7.608442985162983e6	5.346863189963471e6
0.7027199999999821	17219.467749944204	7.608382455584746e6	5.351681522561081e6
0.7033599999999821	17227.86526542337	7.60832149943193e6	5.356499483792641e6
0.7039999999999821	17236.323123012036	7.608260092435102e6	5.361317056718588e6
0.7046399999999821	17244.840128084514	7.6081982335202815e6	5.366134239247826e6
0.705279999999982	17253.41677579857	7.60813593190166e6	5.37095103704363e6
0.705919999999982	17262.054720811346	7.608073163188141e6	5.375767432409932e6
0.706559999999982	17270.754219470036	7.6080099357506735e6	5.38058343032202e6
0.707199999999982	17279.517294356556	7.607946223734403e6	5.38539901208862e6
0.7078399999999819	17288.34132704973	7.607882055883715e6	5.390214196238702e6
0.7084799999999819	17297.228486158267	7.60781740975763e6	5.395028966513233e6
0.7091199999999819	17306.180955685206	7.607752272602607e6	5.399843313464213e6
0.7097599999999818	17315.19950832768	7.607686635362296e6	5.404657229819903e6
0.7103999999999818	17324.283190693557	7.607620509695036e6	5.409470722499241e6
0.7110399999999818	17333.43263805108	7.607553882791089e6	5.414283781514728e6
0.7116799999999818	17342.65039086141	7.607486744964796e6	5.419096399617101e6
0.7123199999999817	17351.93535693014	7.607419101309404e6	5.423908579008058e6
0.7129599999999817	17361.28991352166	7.607350928759015e6	5.428720302824666e6
0.7135999999999817	17370.713163005934	7.607282239490065e6	5.433531578349856e6
0.7142399999999817	17380.208285322038	7.607213004278979e6	5.438342384495692e6
0.7148799999999816	17389.774856603064	7.607143239287118e6	5.44315273150855e6
0.7155199999999816	17399.41121936259	7.60707294124949e6	5.447962615426379e6
0.7161599999999816	17409.12499385856	7.607002061609308e6	5.45277200248024e6
0.7167999999999816	17418.90898153626	7.606930653179005e6	5.457580927222141e6
0.7174399999999815	17428.76812959198	7.606858676415291e6	5.4623893615299435e6
0.7180799999999815	17438.704357084134	7.606786119024872e6	5.467197295881589e6
0.7187199999999815	17448.718106425724	7.606712970233427e6	5.472004721395005e6
0.7193599999999815	17458.8074980278	7.606639259115656e6	5.476811657173544e6
0.7199999999999814	17468.97391541558	7.606564961261057e6	5.481618084804136e6
0.7206399999999814	17479.220818506794	7.606490062259387e6	5.486423993594322e6
0.7212799999999814	17489.549017509966	7.606414541489258e6	5.491229367587391e6
0.7219199999999814	17499.957620245936	7.606338419516e6	5.496034220031887e6
0.7225599999999813	17510.450648899125	7.606261670666715e6	5.50083853218483e6
0.7231999999999813	17521.027210947763	7.606184275175165e6	5.505642288138528e6
0.7238399999999813	17531.684818562924	7.606106274294772e6	5.51044551566488e6
0.7244799999999813	17542.43005379247	7.606027607136874e6	5.515248171146802e6
0.7251199999999812	17553.262947422154	7.605948281128711e6	5.520050258530896e6
0.7257599999999812	17564.1821548198	7.605868305931747e6	5.524851783027019e6
0.7263999999999812	17575.18945172737	7.60578766656673e6	5.529652732827922e6
0.7270399999999811	17586.28724230366	7.605706334685146e6	5.534453086535005e6
0.7276799999999811	17597.476991999232	7.605624331594509e6	5.53925285854901e6
0.7283199999999811	17608.758182146732	7.605541621623921e6	5.544052021283917e6
0.7289599999999811	17620.135593703588	7.605458188732067e6	5.548850562809302e6
0.729599999999981	17631.605857217924	7.605374056751692e6	5.553648498029683e6
0.730239999999981	17643.16962634479	7.605289226202839e6	5.55844582598062e6
0.730879999999981	17654.83396996466	7.605203615624458e6	5.563242487505456e6
0.731519999999981	17666.594075370667	7.60511730274299e6	5.568038536479763e6
0.7321599999999809	17678.453805599274	7.605030238409829e6	5.572833936421288e6
0.7327999999999809	17690.41577980975	7.604942393844242e6	5.577628665305281e6
0.7334399999999809	17702.47869794606	7.604853785971905e6	5.582422733504813e6
0.7340799999999809	17714.651193859212	7.604764355118538e6	5.587216097850743e6
0.7347199999999808	17726.925453189273	7.604674156295009e6	5.592008794897146e6
0.7353599999999808	17739.305400773705	7.604583170358276e6	5.596800809935777e6
0.7359999999999808	17751.79230906524	7.604491367665216e6	5.601592119771047e6
0.7366399999999808	17764.39500682069	7.6043986886202395e6	5.606382681054064e6
0.7372799999999807	17777.10376406631	7.604305220990566e6	5.611172554032674e6
0.7379199999999807	17789.924724359895	7.604210907052591e6	5.615961696003863e6
0.7385599999999807	17802.86283658258	7.604115698315815e6	5.620750070607978e6
0.7391999999999807	17815.915748636344	7.60401963489036e6	5.625537704938052e6
0.7398399999999806	17829.086900093487	7.603922666038314e6	5.630324560489567e6
0.7404799999999806	17842.371490460617	7.603824867312198e6	5.635110689996393e6
0.7411199999999806	17855.782862380158	7.60372608543109e6	5.639895981501956e6
0.7417599999999805	17869.320491843384	7.603626377704472e6	5.644680475249736e6
0.7423999999999805	17882.97548982823	7.603525778955301e6	5.649464192782448e6
0.7430399999999805	17896.758424028703	7.60342420688317e6	5.65424707372696e6
0.7436799999999805	17910.66878311074	7.603321688478509e6	5.659029135910036e6
0.7443199999999804	17924.71370631419	7.60321813926312e6	5.663810316216608e6
0.7449599999999804	17938.892001370707	7.603113601669265e6	5.668590643715416e6
0.7455999999999804	17953.196539510453	7.603008126317557e6	5.673370152181873e6
0.7462399999999804	17967.64157709562	7.602901572528613e6	5.678148738210207e6
0.7468799999999803	17982.223454263978	7.602794009793204e6	5.682926450434943e6
0.7475199999999803	17996.945688370317	7.602685347443425e6	5.687703219768159e6
0.7481599999999803	18011.808773722478	7.602575648451378e6	5.6924790910668075e6
0.7487999999999803	18026.818342561968	7.602464850062668e6	5.697254016494428e6
0.7494399999999802	18041.97434324433	7.602352968578546e6	5.7020280058627995e6
0.7500799999999802	18057.28294676479	7.602239928577298e6	5.706801001781166e6
0.7507199999999802	18072.735584091784	7.602125797482138e6	5.711573050212042e6
0.7513599999999802	18088.340594140787	7.602010542622376e6	5.716344126309926e6
0.7519999999999801	18104.10772406021	7.601894038317626e6	5.721114135530272e6
0.7526399999999801	18120.0273705823	7.601776412287754e6	5.725883168914491e6
0.7532799999999801	18136.115000813064	7.601657519179633e6	5.730651118340483e6
0.75391999999998	18152.355727898324	7.601537475908064e6	5.735418065533978e6
0.75455999999998	18168.774824292446	7.60141607642331e6	5.740183858718695e6
0.75519999999998	18185.357575085818	7.601293503233101e6	5.744948629175867e6
0.75583999999998	18202.107651362952	7.601169601764501e6	5.749712258401685e6
0.75647999999998	18219.043597313866	7.601044373149429e6	5.754474748896746e6
0.7571199999999799	18236.150677697948	7.600917842809726e6	5.759236113424546e6
0.7577599999999799	18253.433943016527	7.600789970200719e6	5.763996319657502e6
0.7583999999999799	18270.90680739995	7.600660674297231e6	5.768755306471536e6
0.7590399999999798	18288.5628071294	7.600530066456412e6	5.7735131537369285e6
0.7596799999999798	18306.40713414157	7.600397976954516e6	5.77826973089513e6
0.7603199999999798	18324.442097439103	7.600264507279585e6	5.783025112456575e6
0.7609599999999798	18342.686416408007	7.600129412669052e6	5.787779113625467e6
0.7615999999999797	18361.108840354194	7.599993029993197e6	5.792531979990205e6
0.7622399999999797	18379.74930719845	7.599855071459271e6	5.797283498864241e6
0.7628799999999797	18398.58956952864	7.599715540555361e6	5.8020336651374465e6
0.7635199999999797	18417.642825248273	7.599574423058906e6	5.806782467669096e6
0.7641599999999796	18436.909870622687	7.599431724925259e6	5.8115299077426195e6
0.7647999999999796	18456.404185765536	7.59928735071161e6	5.816275912088577e6
0.7654399999999796	18476.097115095497	7.599141464662082e6	5.821020596050106e6
0.7660799999999796	18496.031932164333	7.598993818745189e6	5.825763776453732e6
0.7667199999999795	18516.193802520706	7.598844460872259e6	5.830505482730075e6
0.7673599999999795	18536.592945382374	7.598693321117778e6	5.835245659875597e6
0.7679999999999795	18557.222094900568	7.598540479774757e6	5.8399843639928745e6
0.7686399999999795	18578.094934671502	7.598385763506173e6	5.844721461305315e6
0.7692799999999794	18599.20685644559	7.5982293407075405e6	5.849457076225259e6
0.7699199999999794	18620.58982682621	7.59807084031393e6	5.854190926681701e6
0.7705599999999794	18642.195625484477	7.5979107069506915e6	5.85892333971208e6
0.7711999999999793	18664.09919337761	7.597748445391564e6	5.863653946981262e6
0.7718399999999793	18686.253984207837	7.597584235654845e6	5.868382872156716e6
0.7724799999999793	18708.680842549085	7.597418024104562e6	5.873110074325432e6
0.7731199999999793	18731.388608591304	7.597249754166269e6	5.877835507388386e6
0.7737599999999792	18754.374094154224	7.597079406891495e6	5.882559151471267e6
0.7743999999999792	18777.640003918794	7.596906911368369e6	5.887280947748392e6
0.7750399999999792	18801.205351984783	7.596732327993948e6	5.892000942644254e6
0.7756799999999792	18825.0464279081	7.5965555811764235e6	5.896719067621478e6
0.7763199999999791	18849.20562384286	7.5963765202971725e6	5.901435210550885e6
0.7769599999999791	18873.694113171074	7.596195082037338e6	5.906149319674574e6
0.7775999999999791	18898.489448103104	7.596011402641441e6	5.910861490747084e6
0.7782399999999791	18923.594563741044	7.595825311381873e6	5.915571586660125e6
0.778879999999979	18949.040873673806	7.5956368003195375e6	5.920279602950709e6
0.779519999999979	18974.818601203446	7.595445818347776e6	5.924985492323493e6
0.780159999999979	19000.932633446435	7.595252314726555e6	5.9296892108870465e6
0.780799999999979	19027.423529108488	7.595056160045634e6	5.934390661001053e6
0.7814399999999789	19054.221811293133	7.5948576164870635e6	5.939090026546567e6
0.7820799999999789	19081.433745167375	7.594656086713301e6	5.943786858338325e6
0.7827199999999789	19108.969076890953	7.594452263978754e6	5.948481672862317e6
0.7833599999999789	19136.92717358017	7.594245169867927e6	5.953173720170463e6
0.7839999999999788	19165.24447913671	7.594035481988748e6	5.957863510686511e6
0.7846399999999788	19193.966938985483	7.59382295144686e6	5.9625508533430835e6
0.7852799999999788	19223.105832989186	7.593607215294537e6	5.967235459310792e6
0.7859199999999787	19252.609710392848	7.593389022903335e6	5.971917899566829e6
0.7865599999999787	19282.577067025864	7.593167187077414e6	5.9765972559166355e6
0.7871999999999787	19312.985578715976	7.592942251199946e6	5.981273943475587e6
0.7878399999999787	19343.779558380604	7.592714524904276e6	5.98594818757153e6
0.7884799999999786	19375.043245195586	7.592483382098942e6	5.990619506264436e6
0.7891199999999786	19406.77430800338	7.5922488585256785e6	5.9952879198056925e6
0.7897599999999786	19438.923576917306	7.592011321070505e6	5.999953700221291e6
0.7903999999999786	19471.60973208212	7.591769719665897e6	6.004616035823607e6
0.7910399999999785	19504.78994335824	7.59152446994595e6	6.009275237612447e6
0.7916799999999785	19538.45754648411	7.591276010023321e6	6.013931643091183e6
0.7923199999999785	19572.555792916875	7.591024223031531e6	6.018585140779253e6
0.7929599999999785	19607.250780115388	7.590768264524718e6	6.023235088238872e6
0.7935999999999784	19642.45228097902	7.5905085366841275e6	6.027881776863155e6
0.7942399999999784	19678.18420426787	7.590244972965013e6	6.0325251505094385e6
0.7948799999999784	19714.41182802596	7.589977971208091e6	6.037165509907888e6
0.7955199999999784	19751.30768153725	7.589706115007397e6	6.041801756005241e6
0.7961599999999783	19788.688711876955	7.58943080212149e6	6.046434953723911e6
0.7967999999999783	19826.681988796954	7.589151058957525e6	6.051064345557314e6
0.7974399999999783	19865.276523374927	7.5888671823022645e6	6.055690156267528e6
0.7980799999999783	19904.546824981957	7.588578002178479e6	6.060311458073337e6
0.7987199999999782	19944.355278867963	7.588285323777845e6	6.064929653638206e6
0.7993599999999782	19984.773643950793	7.587988075706371e6	6.069543893180402e6
0.7999999999999782	20025.940603242154	7.587685955646458e6	6.07415395263765e6
0.8006399999999781	20067.682725148585	7.587379505470012e6	6.078760220487432e6
0.8012799999999781	20110.13011820068	7.587068148713316e6	6.083362251257929e6
0.8019199999999781	20153.169127664685	7.586752432496741e6	6.087960450408429e6
0.8025599999999781	20197.02666050749	7.586431013456172e6	6.09255377510307e6
0.803199999999978	20241.662160628122	7.5861041323093055e6	6.097142398183879e6
0.803839999999978	20286.898734631737	7.585773008351646e6	6.101727253089006e6
0.804479999999978	20332.94612852868	7.585436334993754e6	6.106307320402659e6
0.805119999999978	20379.70508541036	7.585094548061774e6	6.1108829194623735e6
0.8057599999999779	20427.37165716194	7.584746357875968e6	6.11545303799266e6
0.8063999999999779	20475.73011261594	7.584393432076328e6	6.120018964975987e6
0.8070399999999779	20524.97460631613	7.584034322859132e6	6.124579559020101e6
0.8076799999999779	20575.108098684803	7.58366942745807e6	6.129135127958706e6
0.8083199999999778	20626.187948400988	7.583297320611517e6	6.133684517902483e6
0.8089599999999778	20678.01615574145	7.582920338209204e6	6.138229565003943e6
0.8095999999999778	20730.864592166756	7.582536482880654e6	6.142768693158358e6
0.8102399999999778	20784.684732288963	7.582145998470128e6	6.147302075575067e6
0.8108799999999777	20839.429359837384	7.581749411235703e6	6.151830115463171e6
0.8115199999999777	20895.271249806552	7.581344167776939e6	6.156350759759337e6
0.8121599999999777	20952.185785730944	7.580932650109338e6	6.160865919690623e6
0.8127999999999777	21010.308303836977	7.580512552908326e6	6.165373732718197e6
0.8134399999999776	21069.67024348175	7.580084182752548e6	6.169874435298688e6
0.8140799999999776	21130.14047925187	7.579648282090126e6	6.174368589201663e6
0.8147199999999776	21192.090075029075	7.57920253198926e6	6.178854357311222e6
0.8153599999999775	21255.01422196414	7.578750411501133e6	6.183334461347337e6
0.8159999999999775	21319.680745081976	7.578285818577967e6	6.187804049216546e6
0.8166399999999775	21385.846818058624	7.5778123136349e6	6.192265956679194e6
0.8172799999999775	21453.697195313714	7.57732656353257e6	6.196717473395257e6
0.8179199999999774	21523.220546874025	7.576829812548525e6	6.201159588276694e6
0.8185599999999774	21594.370258766554	7.5763232729833e6	6.20559326087279e6
0.8191999999999774	21667.523450468074	7.575802869329798e6	6.210015198794644e6
0.8198399999999774	21742.9665164041	7.575267274050131e6	6.214424334804684e6
0.8204799999999773	21820.319295581976	7.57471942399568e6	6.218822976719747e6
0.8211199999999773	21900.296398494396	7.574154886203535e6	6.223207585179037e6
0.8217599999999773	21982.710666801326	7.573574389308053e6	6.227578688506865e6
0.8223999999999773	22067.951322446286	7.5729758653509505e6	6.231934619819316e6
0.8230399999999772	22156.201737797193	7.572357712760584e6	6.23627405336982e6
0.8236799999999772	22247.827839094974	7.571718611665006e6	6.240595923060649e6
0.8243199999999772	22342.93864465959	7.571057169363735e6	6.244899053310836e6
0.8249599999999772	22442.2594112749	7.570369546468258e6	6.249180354141631e6
0.8255999999999771	22544.74282493979	7.569663143223975e6	6.253445694194211e6
0.8262399999999771	22650.41697498809	7.568936791952338e6	6.257694071436101e6
0.8268799999999771	22760.30078203604	7.568186248273268e6	6.261922108243413e6
0.827519999999977	22874.657557560626	7.567408299536159e6	6.266127136967517e6
0.828159999999977	22994.731337039524	7.566596800266916e6	6.270304220741833e6
0.828799999999977	23120.562830385115	7.56575235037926e6	6.27445378835072e6
0.829439999999977	23253.40098568518	7.5648676010320075e6	6.278569883071934e6
0.830079999999977	23395.493628603297	7.563929621788408e6	6.28264206273132e6
0.8307199999999769	23546.777012755312	7.562940600546582e6	6.286672014098601e6
0.8313599999999769	23710.383458640692	7.561882729625681e6	6.290645345167898e6
0.8319999999999769	23889.8823390072	7.560737225889151e6	6.294546872172552e6
0.8326399999999768	24088.46909752344	7.559487455829907e6	6.298363081410201e6
0.8332799999999768	24312.69350480818	7.558099428799869e6	6.302066504291302e6
0.8339199999999768	24572.40830019956	7.556521755402215e6	6.3056156078353375e6
0.8345599999999768	24881.607069171627	7.5546805277878195e6	6.308950594343951e6
0.8351999999999767	25265.260214365928	7.552445105222876e6	6.311965866765299e6
0.8358399999999767	25765.17973539299	7.549595356051005e6	6.314483394306859e6
0.8364799999999767	26442.02586571861	7.545819570611237e6	6.316250954494274e6
0.8371199999999767	27393.37075576835	7.540620998926342e6	6.316866482849744e6
0.8377599999999766	28730.367266510253	7.533432029965481e6	6.315869232209025e6
0.8383999999999766	30617.742378727442	7.52340722677479e6	6.312572446096212e6
0.8390399999999766	32810.75151946079	7.511797497318931e6	6.307979790714873e6
0.8396799999999766	35069.1964934035	7.499846251016681e6	6.303093193635334e6
0.8403199999999765	37156.58380336951	7.488783012896617e6	6.298907304698832e6
0.8409599999999765	38999.8444480392	7.478983414009765e6	6.295728427106493e6
0.8415999999999765	40655.38766097715	7.470145627708462e6	6.293314373684766e6
0.8422399999999765	42225.27625697024	7.4617205825145235e6	6.291221002999158e6
0.8428799999999764	43680.21740413593	7.453860475367232e6	6.289572953235896e6
0.8435199999999764	44972.29023048315	7.446813825094163e6	6.28857366171852e6
0.8441599999999764	46170.0853239145	7.440216496690614e6	6.287928303943053e6
0.8447999999999763	47303.07364970272	7.43392773524087e6	6.287523587761746e6
0.8454399999999763	48358.93861633227	7.428017461037361e6	6.287417439811792e6
0.8460799999999763	49354.02986849677	7.422405344734854e6	6.28754528635045e6
0.8467199999999763	50244.28700757312	7.417322715046698e6	6.288096933596686e6
0.8473599999999762	51054.486607379615	7.412634952569486e6	6.288963310244855e6
0.8479999999999762	51808.34178664372	7.408220203569964e6	6.2900456005787235e6
0.8486399999999762	52513.69071182528	7.404036382996161e6	6.291309908291828e6
0.8492799999999762	53174.517146954655	7.400069094689017e6	6.2927451439617025e6
0.8499199999999761	53810.88802552282	7.396202573330124e6	6.294256429199434e6
0.8505599999999761	54418.11220795	7.392482700926301e6	6.295882328788055e6
0.8511999999999761	55007.55745782609	7.388840428654088e6	6.297566097419909e6
0.8518399999999761	55571.217126515796	7.385321065275231e6	6.299345327773342e6
0.852479999999976	56116.98810489787	7.381885853542172e6	6.30118843051269e6
0.853119999999976	56640.078447578555	7.378570399566171e6	6.303125274000096e6
0.853759999999976	57139.94334687183	7.37538670012925e6	6.305166294417219e6
0.854399999999976	57622.19348972168	7.372302934916287e6	6.307285418964403e6
0.8550399999999759	58092.061477781914	7.36927894569668e6	6.309449294960132e6
0.8556799999999759	58554.888037598	7.366284294107386e6	6.311632786223218e6
0.8563199999999759	59013.46732571492	7.363307664616755e6	6.313826674349803e6
0.8569599999999759	59471.80769129628	7.360311566179484e6	6.315999447125157e6
0.8575999999999758	59931.200253847346	7.357298107408946e6	6.318153059829883e6
0.8582399999999758	60390.4329864348	7.354267531918008e6	6.320287514373291e6
0.8588799999999758	60848.32287720869	7.3512272345093945e6	6.322408962499684e6
0.8595199999999757	61307.92035067593	7.34816127981688e6	6.324504119878891e6
0.8601599999999757	61772.71981851713	7.345041431652686e6	6.326549134989618e6
0.8607999999999757	62245.79126269281	7.341852237723523e6	6.328531020375999e6
0.8614399999999757	62727.667047994095	7.338589019230299e6	6.330445670271741e6
0.8620799999999756	63220.763296296594	7.335237306123473e6	6.332280784536571e6
0.8627199999999756	63729.00565543054	7.331762224382254e6	6.334006624115258e6
0.8633599999999756	64252.10086930908	7.328176899319512e6	6.335634214859099e6
0.8639999999999756	64783.77764102866	7.32451294719266e6	6.337189780133461e6
0.8646399999999755	65327.970300132285	7.320748545731387e6	6.338654816640835e6
0.8652799999999755	65880.22337887289	7.316908210247276e6	6.340049719856188e6
0.8659199999999755	66440.01920551724	7.312995350313581e6	6.341377211518434e6
0.8665599999999755	67011.70806301768	7.308976949393885e6	6.342609107590517e6
0.8671999999999754	67600.36260221462	7.3048206266451655e6	6.343717775580084e6
0.8678399999999754	68208.0792104486	7.300510252968844e6	6.3446891976847565e6
0.8684799999999754	68843.23891616716	7.295989669065915e6	6.345475370572442e6
0.8691199999999754	69510.79325157663	7.291226066942519e6	6.34604797192167e6
0.8697599999999753	70219.49228798668	7.2861561339940075e6	6.346352545778037e6
0.8703999999999753	70980.52413363359	7.280705085749947e6	6.3463247825642945e6
0.8710399999999753	71789.94481694965	7.274894629001716e6	6.34598224892907e6
0.8716799999999753	72636.37354438023	7.268799177213657e6	6.345387566246637e6
0.8723199999999752	73509.70183434563	7.262501380445351e6	6.34461092292012e6
0.8729599999999752	74417.55378204637	7.255953278040112e6	6.34361097963019e6
0.8735999999999752	75337.76339897404	7.249282006513104e6	6.342495454183299e6
0.8742399999999751	76281.90311111286	7.242399451141015e6	6.341188508300596e6
0.8748799999999751	77254.7133540985	7.235265359054249e6	6.339655067064068e6
0.8755199999999751	78290.40152896069	7.227626456569432e6	6.337677104437816e6
0.8761599999999751	79431.82579099208	7.219154297995101e6	6.334971067037166e6
0.876799999999975	80719.9576217244	7.209535763250192e6	6.331265655996586e6
0.877439999999975	82249.17865273583	7.198060530213694e6	6.325946690966205e6
0.878079999999975	83833.25189432129	7.186138200390591e6	6.3202251810697485e6
0.878719999999975	85410.05363394025	7.1742192553005405e6	6.314488475322237e6
0.8793599999999749	86906.09394387683	7.162870661987875e6	6.30922629649887e6
0.8799999999999749	88306.22578730524	7.152224640486633e6	6.3045544307225365e6
0.8806399999999749	89634.66564866129	7.142087401627285e6	6.300306643060699e6
0.8812799999999749	91212.42802436803	7.129844833593562e6	6.294218394404211e6
0.8819199999999748	92889.40965015907	7.116850294996735e6	6.287460993654835e6
0.8825599999999748	94531.92891938525	7.104132110782741e6	6.280924665424531e6
0.8831999999999748	96118.24292427405	7.091853436475979e6	6.2747515658689635e6
0.8838399999999748	97645.92853967527	7.080030850822794e6	6.268957018250211e6
0.8844799999999747	99114.55159704342	7.0686704415648375e6	6.263547345155582e6
0.8851199999999747	100525.23059764603	7.057738059312782e6	6.258493449549811e6
0.8857599999999747	101942.6934913244	7.046724702201212e6	6.253352805526018e6
0.8863999999999747	103357.8902598447	7.035680536960442e6	6.248168684295078e6
0.8870399999999746	104716.9464976435	7.024998805166162e6	6.24328376641079e6
0.8876799999999746	106029.37551041774	7.014595379055224e6	6.238625245536896e6
0.8883199999999746	107306.02619431874	7.004386924965136e6	6.234120930190235e6
0.8889599999999745	108585.15547160123	6.994081340250029e6	6.229515843892057e6
0.8895999999999745	109876.08196178415	6.983606368101823e6	6.224746544511788e6
0.8902399999999745	111183.8744761704	6.972949029544877e6	6.21980168612436e6
0.8908799999999745	112509.41208277666	6.9621232304359395e6	6.214693370577068e6
0.8915199999999744	113826.74387683596	6.951349980179779e6	6.209615459505461e6
0.8921599999999744	115109.00107949505	6.940854004075711e6	6.204765662952425e6
0.8927999999999744	116340.10691304972	6.930741977277242e6	6.200238096774026e6
0.8934399999999744	117470.77030032258	6.921427057102868e6	6.196397475181014e6
0.8940799999999743	118542.1859481352	6.912570620397886e6	6.192947128620795e6
0.8947199999999743	119571.5027498617	6.904023880616268e6	6.189756734274318e6
0.8953599999999743	120591.33751821906	6.895520995743227e6	6.186592356306388e6
0.8959999999999743	121592.93874961161	6.8871252702504415e6	6.183509907774181e6
0.8966399999999742	122535.25174902288	6.879180391545291e6	6.180813549895775e6
0.8972799999999742	123426.58170131868	6.871624107903745e6	6.178449258012058e6
0.8979199999999742	124255.85038154882	6.86455999253619e6	6.17650974570487e6
0.8985599999999742	125044.14437456708	6.857812307312477e6	6.174840304863881e6
0.8991999999999741	125809.10141866091	6.851217918959405e6	6.173296710151124e6
0.8998399999999741	126548.95393511298	6.844801564081591e6	6.171901382649145e6
0.9004799999999741	127230.45496114246	6.838846474899597e6	6.170906448595148e6
0.901119999999974	127877.68972983165	6.833146876114178e6	6.17012985896432e6
0.901759999999974	128508.40072200983	6.827555254729879e6	6.169440891791972e6
0.902399999999974	129131.02012381513	6.821988639144775e6	6.168765735528156e6
0.903039999999974	129755.91275907596	6.816362036725577e6	6.16802870694561e6
0.903679999999974	130362.95630224682	6.810882724645564e6	6.167415060558562e6
0.9043199999999739	130965.07397343262	6.805431708934413e6	6.166818741301173e6
0.9049599999999739	131574.14680493277	6.799893989222601e6	6.1661368713990515e6
0.9055999999999739	132195.517817532	6.794214839521417e6	6.165320215552396e6
0.9062399999999738	132839.41558364072	6.788293891299283e6	6.164278479656011e6
0.9068799999999738	133514.59969421092	6.782045449503243e6	6.1629342567688525e6
0.9075199999999738	134227.02942439652	6.775403881698364e6	6.161227846399894e6
0.9081599999999738	134952.49270230482	6.768570463388921e6	6.159338988960888e6
0.9087999999999737	135686.28629116702	6.761584202175915e6	6.157302312247052e6
0.9094399999999737	136438.84223379454	6.7543453191162115e6	6.155027708569566e6
0.9100799999999737	137225.81091528072	6.746695714149847e6	6.152372180450821e6
0.9107199999999737	138057.60352570558	6.738529178703812e6	6.149239076471737e6
0.9119999999999736	139769.6040181263	6.721415672752958e6	6.142230818704119e6
0.9132799999999736	141638.75459586078	6.7023590534691885e6	6.13341338915072e6
0.9145599999999735	143476.0016586827	6.683229376391464e6	6.124472848054121e6
0.9158399999999735	145229.94385140797	6.664599742199369e6	6.115929579970231e6
0.9171199999999734	147042.22222903225	6.644960511830123e6	6.1064130439878125e6
0.9183999999999733	148759.53560931075	6.6260573261688e6	6.097509826458973e6
0.9196799999999733	150370.05510398117	6.608037542910315e6	6.089357690289537e6
0.9209599999999732	151912.73125386273	6.590438018680665e6	6.081536979962277e6
0.9222399999999732	153404.0930286048	6.573100477211349e6	6.073904886377126e6
0.9235199999999731	154928.89020383573	6.555021316142593e6	6.065542247406624e6
0.9247999999999731	156559.25335857074	6.5353101666659815e6	6.055628097985093e6
0.926079999999973	158365.061475628	6.5130502606824115e6	6.043311930756874e6
0.927359999999973	160418.44239078197	6.487243609529439e6	6.027663029388317e6
0.9286399999999729	162713.27027691563	6.457839796041159e6	6.008619567162452e6
0.9299199999999729	165001.96032138658	6.427918530478375e6	5.989013337241603e6
0.9311999999999728	167231.16508116017	6.398105938758643e6	5.9694217543294635e6
0.9324799999999728	169533.16884410885	6.366588442387292e6	5.948163270317487e6
0.9337599999999727	171975.94210664558	6.332268931359509e6	5.9242111237512315e6
0.9350399999999727	174678.15786526236	6.293413224072182e6	5.895940194171213e6
0.9363199999999726	177439.89049794446	6.252765746899654e6	5.865888996363827e6
0.9369599999999726	178911.9750628934	6.230734178627279e6	5.849227306914414e6
0.9382399999999725	181717.4868090554	6.187997434233729e6	5.817049584680616e6
0.9395199999999725	184228.48919680968	6.14880495318657e6	5.788067368644305e6
0.9401599999999725	185544.81635910142	6.127890459054209e6	5.77230049579517e6
0.9407999999999724	186880.8590211102	6.106352654465061e6	5.755919924174616e6
0.9414399999999724	188283.8502593872	6.083451003652571e6	5.738230015149703e6
0.9420799999999724	189792.84045977565	6.058517588275999e6	5.718601050882321e6
0.9427199999999724	191405.7228775229	6.031536483411297e6	5.697013793447761e6
0.9433599999999723	193004.112835068	6.004594684645279e6	5.675426194657789e6
0.9439999999999723	194631.12149991113	5.976927290942932e6	5.653118705453963e6
0.9446399999999723	196280.16920919644	5.948582836640559e6	5.6301353609714e6
0.9452799999999723	197721.60789393994	5.92351669413116e6	5.610201187012101e6
0.9459199999999722	199071.73365560276	5.899765233826637e6	5.591471729337229e6
0.9465599999999722	200417.85078658312	5.875763859434816e6	5.572473368732496e6
0.9471999999999722	201843.85031537103	5.84999803653687e6	5.551775495504217e6
0.9478399999999721	203257.15111861555	5.82416347273528e6	5.530976998999598e6
0.9484799999999721	204629.59079840375	5.798794080433913e6	5.510582725927735e6
0.9491199999999721	206047.3554951915	5.772253077732511e6	5.489044530584921e6
0.9497599999999721	207600.1877864487	5.742810615384733e6	5.464721643502042e6
0.950399999999972	209365.92539015805	5.708886667825611e6	5.436110439000659e6
0.951039999999972	211356.31263502396	5.670094734765559e6	5.402834901617896e6
0.951359999999972	212439.8084951753	5.648723695211716e6	5.3843028469616715e6
0.951679999999972	213537.60141490074	5.626848062793425e6	5.365276901299463e6
0.951999999999972	214695.19546757702	5.6035668945743395e6	5.344901053017064e6
0.952319999999972	215926.4746473234	5.578609792062711e6	5.322917051488195e6
0.9529599999999719	217791.9488912793	5.540461276651928e6	5.290082911473919e6
0.9535999999999719	219320.04087028565	5.508816857973054e6	5.263384205659337e6
0.9542399999999719	220781.1310715923	5.478116142091526e6	5.237540491987105e6
0.9548799999999719	222332.08273298954	5.4450466553065125e6	5.209397773791848e6
0.9555199999999718	224074.66632687006	5.407362405174061e6	5.176809766549991e6
0.9561599999999718	225930.39046041496	5.366738111511616e6	5.141365101020587e6
0.9567999999999718	227424.7318027759	5.333763500295928e6	5.113169665496879e6
0.9574399999999718	228846.79241716105	5.301940898535042e6	5.086030013378522e6
0.9577599999999717	229670.47729890718	5.283237729234599e6	5.069775048512692e6
0.9579199999999718	230142.4692556289	5.272428118658735e6	5.060248738531711e6
0.9579999999999718	230399.94085891033	5.266507958684996e6	5.054991421936158e6
0.9580099999999717	231124.0460048483	5.249596640101187e6	5.03887097587494e6
0.9580199999999717	232073.73219809	5.227625530882899e6	5.017912266373969e6
0.9580599999999717	232732.66039335626	5.212494445736079e6	5.003643236458664e6
0.9580699999999717	234166.42776580038	5.180653318277486e6	4.973247122958191e6
0.9583899999999717	235802.23194373972	5.143249698673359e6	4.9390508095826e6
0.9587099999999716	237318.04443121137	5.108112075188933e6	4.906996989658808e6
0.9590299999999716	238976.15590309442	5.069312440072182e6	4.871413562509637e6
0.9593499999999716	240574.48609557317	5.031628302860779e6	4.836871965209138e6
0.9599899999999716	242642.04203275457	4.9820888138633445e6	4.792463548522268e6
0.9606299999999716	244552.97551837983	4.935355947741907e6	4.750679034725334e6
0.9609499999999715	245574.54739166403	4.910017293384068e6	4.727870804152931e6
0.9612699999999715	246652.62039314746	4.883007330283627e6	4.703441312369437e6
0.9619099999999715	248651.10507829412	4.8322333375039445e6	4.657644690270721e6
0.9625499999999715	250507.48077424665	4.784201595292665e6	4.614414750703821e6
0.9631899999999715	252324.71668795336	4.736219929556696e6	4.57116774677087e6
0.9635099999999714	253323.6161898848	4.70945312170484e6	4.546848956048473e6
0.9638299999999714	254383.56866454863	4.6807309325540075e6	4.520629948401999e6
0.9641499999999714	255527.5248086403	4.649417767143158e6	4.49189680195534e6
0.9644699999999714	256672.1002976584	4.617821355996452e6	4.462869722941349e6
0.9647899999999714	257864.352379251	4.584596441170219e6	4.432252204323766e6
0.9651099999999714	259155.27340930648	4.5482520503885485e6	4.39860546383962e6
0.9654299999999714	260594.00646729174	4.50729627263559e6	4.36048777529403e6
0.9657499999999714	262250.07716594235	4.459616963858776e6	4.315857147989426e6
0.9658299999999713	262720.5214848193	4.445983286917113e6	4.3030411982221715e6
0.9658399999999713	271892.74208821345	4.181688950645547e6	4.0481303121611164e6
0.9659999999999713	273370.95096674026	4.1392049498178256e6	4.007766593856778e6
0.9661599999999714	274824.5177331903	4.0971667094668034e6	3.9678186496984283e6
0.9663199999999714	276363.7829894822	4.0524215438609067e6	3.925243918474649e6
0.9666399999999714	278897.34841294907	3.978429666297246e6	3.85501326817252e6
0.9669599999999714	281054.3403761298	3.914975393419529e6	3.794910641826871e6
0.9672799999999714	282534.88024975255	3.870875982571148e6	3.753465461703089e6
0.9675999999999714	283470.8260118123	3.842482989509017e6	3.727170995411606e6
0.9679199999999714	284320.1695846966	3.816324935184023e6	3.7030182223034953e6
0.9682399999999713	285208.1264294286	3.7886422445240747e6	3.6773731769332886e6
0.9685599999999713	286184.8997461487	3.757862751850072e6	3.6487132001798246e6
0.9688799999999713	287278.94711300154	3.7230385409481702e6	3.616117702387921e6
0.9691999999999713	288288.8218318181	3.6905437741110264e6	3.585754321580729e6
0.9695199999999713	289285.53103003895	3.6581277229897813e6	3.5554454129787516e6
0.9698399999999713	290192.5629425745	3.628260471915314e6	3.5275843437806005e6
0.9701599999999713	290937.32344269665	3.6033542579952627e6	3.504511736668119e6
0.9704799999999713	291680.81672342465	3.5781753969211057e6	3.4811580769135756e6
0.9711199999999712	292735.56296525704	3.5420443986117514e6	3.448204359438187e6
0.9714399999999712	293303.6606683246	3.522304240022484e6	3.4300839834760367e6
0.9717599999999712	293897.92811483383	3.5014333761022324e6	3.4108525750509757e6
0.9720799999999712	294427.99728036264	3.482619948480335e6	3.39360562920274e6
0.9723999999999712	294973.0814517395	3.463073145325659e6	3.3756335835626475e6
0.9727199999999712	295590.2419053749	3.4407095002746666e6	3.354910646906262e6
0.9730399999999712	296323.9183131408	3.4138482232769877e6	3.329799768015072e6
0.9733599999999711	297232.68048391206	3.380231238030798e6	3.29810015645766e6
0.9734399999999711	297497.86694003287	3.370364812972961e6	3.2887494668862373e6
0.9734799999999711	297838.9894494158	3.357709500411546e6	3.2765617344607417e6
0.9735199999999712	298323.43479089637	3.339736402474817e6	3.259199787090459e6
0.9735599999999712	298967.6656914702	3.3158271652650125e6	3.2360614000962013e6
0.9735999999999713	299606.23169239325	3.292110099507476e6	3.213107997397072e6
0.9736799999999712	300443.67551308585	3.2609479754205244e6	3.1830275022468753e6
0.9738399999999713	301279.2318088288	3.2296633381013796e6	3.1530568098806823e6
0.9741599999999713	302447.16555661	3.1853701648210976e6	3.1108754345200206e6
0.9744799999999713	303641.4548468456	3.1394798162479335e6	3.0671092212648964e6
0.9747999999999712	304963.41052284173	3.0880570198542485e6	3.017923060899017e6
0.9749599999999713	305697.506815425	3.0592494516040217e6	2.990300510906436e6
0.9751199999999713	306487.55310037284	3.0280539559470573e6	2.960341383844154e6
0.9752799999999714	307344.4859528957	2.99401136742328e6	2.9275969621132556e6
0.9754399999999714	308277.5789138353	2.9567165338258576e6	2.8916708730931426e6
0.9755999999999715	309298.51914223144	2.9156616724562664e6	2.8520664115153295e6
0.9757599999999715	310413.1117470572	2.8705668667402305e6	2.808508739719123e6
0.9759199999999716	311510.54867306363	2.825886655269689e6	2.7653404786227704e6
0.9762399999999716	313107.24091209384	2.7599224244491654e6	2.701786095688255e6
0.9765599999999716	314230.31291922793	2.7122311883124635e6	2.6560220477931774e6
0.9767199999999716	314839.3945856669	2.6860487421418494e6	2.630846988530674e6
0.9768799999999717	315504.59387420147	2.6572302465188047e6	2.6030895494295955e6
0.9770399999999717	316258.0880123963	2.624375498579544e6	2.5713811228328566e6
0.9771999999999718	317124.13571022265	2.586385316685139e6	2.534646161758847e6
0.9773599999999718	317991.45723277715	2.548126783040121e6	2.49763651926378e6
0.9786399999999718	319045.94834351615	2.5005741492306674e6	2.453976706859656e6
0.9799199999999717	319663.0183750321	2.470456254423446e6	2.427268326243533e6
0.9805599999999717	320049.65926992835	2.450693856292613e6	2.4092741331024314e6
0.9811999999999717	320512.5602686105	2.4262575866676895e6	2.386669580171327e6
0.9818399999999716	321079.9958722425	2.3953051742019234e6	2.3576372449633973e6
0.9824799999999716	321795.46364946855	2.3549377611215822e6	2.319317108069813e6
0.9827999999999716	322227.82386963896	2.329917809960615e6	2.295385542199793e6
0.9831199999999716	322726.1805997796	2.300564217072172e6	2.267178311016462e6
0.9834399999999716	323309.8089713053	2.2655663560987962e6	2.2334025876783095e6
0.9837599999999715	324012.52596475516	2.222659426413794e6	2.1918254007504475e6
0.9839199999999716	324427.688819663	2.1969727674150765e6	2.166862242551209e6
0.9840799999999716	324906.20263937814	2.1671043840174554e6	2.137776588969864e6
0.9842399999999717	325481.54227364535	2.1308830444687027e6	2.1024299167940575e6
0.9843199999999717	325826.12423434405	2.1090582830962287e6	2.081097202845224e6
0.9843999999999716	326229.5686149812	2.0834050865987036e6	2.0559931485181076e6
0.9844799999999716	326723.1021679199	2.0519054966277909e6	2.0251306658657247e6
0.9845199999999716	327019.8815600596	2.0329131025941372e6	2.0065058755324814e6
0.9845599999999717	327364.57386846765	2.0108151606365964e6	1.9848226835768486e6
0.9845999999999717	327774.26895491575	1.984503584630303e6	1.9589899531688553e6
0.9846399999999718	328275.2998908938	1.952269053515791e6	1.9273245094600667e6
0.9846599999999718	328572.2348408028	1.933140193929309e6	1.908526121436846e6
0.9846799999999718	328909.4945675538	1.911393712993306e6	1.887150054766979e6
0.9846999999999718	329296.58282544604	1.8864114060492506e6	1.8625875492538824e6
0.9847199999999718	329746.4876805111	1.857347475531377e6	1.8340057324369727e6
0.9847399999999719	330276.1495820147	1.8230985912510185e6	1.8003181207911074e6
0.9847599999999719	330909.56122035667	1.7821007208543709e6	1.7599845675815076e6
0.9847699999999718	331274.9857505262	1.758430972682205e6	1.7366953870011952e6
0.9847799999999718	331679.7980319311	1.732196545560548e6	1.710880680663123e6
0.9847899999999717	332130.48804187594	1.7029738882566383e6	1.682123360139333e6
0.9847999999999717	332634.8401866272	1.6702546753942994e6	1.649922853899105e6
0.9848099999999717	333202.655431308	1.6333987022859687e6	1.6136487243342095e6
0.9848199999999716	333845.76595577836	1.591633013731514e6	1.5725398033102427e6
0.9848299999999716	334578.51095250645	1.5440201703055156e6	1.525672940333096e6
0.9848399999999715	335420.03231229313	1.4893089349207245e6	1.4718159791571477e6
0.9848499999999715	336392.47728819295	1.4260502836205857e6	1.4095419678546188e6
0.9848599999999714	337323.82002377533	1.3654276152096372e6	1.3498621237504939e6
0.9849399999999714	338502.2651927149	1.2883713447682252e6	1.274066316429791e6
0.9850999999999714	339257.8469741211	1.2380585432602847e6	1.224666412885595e6
0.9852599999999715	340032.53052728006	1.1858536153366454e6	1.1733862125465313e6
0.9854199999999715	340884.4709179998	1.1278191112983124e6	1.116345604241545e6
0.9857399999999715	341998.3910269301	1.0510064640386365e6	1.0408960089174694e6
0.9863799999999715	342167.2127525041	1.0387707225902602e6	1.0292829827862501e6
0.9870199999999715	342359.8754818534	1.0240367453633081e6	1.0151885795922275e6
0.9873399999999715	342487.84899111406	1.0139150484569985e6	1.0054147801117413e6
0.9876599999999714	342646.4697492591	1.0010623638658915e6	992937.5117324734
0.9879799999999714	342848.0255176861	984320.7138786968	976610.2121645791
0.9882999999999714	343112.1371580347	961831.0338566238	954592.0227652327
0.9884599999999715	343276.5501591286	947568.380098586	940594.8523810674
0.9886199999999715	343469.4942896703	930612.4557704749	923930.7688688067
0.9887799999999716	343698.2548579923	910242.8925075382	903886.2616730942
0.9889399999999716	343972.7834574183	885469.5108637828	879480.5570586531
0.9890999999999717	344306.7344494779	854922.5429320019	849356.830619528
0.9892599999999717	344719.39612533903	816652.3664390463	811583.8063378637
0.9893399999999717	344963.5232973163	793778.6693396717	788994.2998828475
0.9894199999999717	345238.7366537573	767810.0899724187	763339.2850542953
0.9894999999999716	345550.73522841156	738160.790428712	734038.3848490978
0.9895799999999716	345906.60670788185	704099.3307691235	700366.9625843952
0.9896599999999716	346315.2575177507	664702.962383437	661410.8335151167
0.9897399999999715	346788.007503161	618794.2576211672	616003.4734949487
0.9898199999999715	347339.4255705722	564851.8192255311	562637.5430581174
0.9898599999999715	347650.36038445734	534268.033140596	532375.7299388434
0.9898999999999716	347988.52505060495	500882.20289514214	499337.97674890794
0.9899399999999716	348357.2757745961	464340.7612227015	463173.9673590903
0.9899799999999717	348760.5078357612	424232.52754893806	423476.29791140987
0.9900199999999717	349202.76351520856	380077.0603963351	379768.9349134606
0.9951399999999717	349507.99999999994	349508.0	349508.0
