lambda	f0	f1	fla
0.0	20182.123782612172	2.1802160210219063e7	20182.123782612172
0.00064	20183.883527602433	2.1802098956278216e7	34124.30917416283
0.00128	20184.70000272909	2.180207902821537e7	48065.52474284128
0.0019200000000000003	20185.255507556772	2.180207041715016e7	62006.475017910576
0.00256	20185.732438593546	2.1802065083165016e7	75947.34357645319
0.0032	20186.189041073398	2.180206066757242e7	89888.18737237371
0.00384	20186.63862878232	2.180205651530443e7	103829.0189552168
0.0044800000000000005	20187.08743794258	2.180205247495559e7	117769.84437402165
0.00512	20187.537183688717	2.1802048427009735e7	131710.6649395981
0.00576	20187.987626690017	2.1802044372572936e7	145651.4804039804
0.0064	20188.43864323378	2.1802040312660895e7	159592.29063694683
0.00704	20188.89032585054	2.1802036246705674e7	173533.0957147645
0.00768	20189.342659287624	2.1802032174766388e7	187473.89560987015
0.008320000000000001	20189.795605137246	2.1802028097261067e7	201414.6902749146
0.008960000000000001	20190.249147737653	2.1802024014114697e7	215355.47968184162
0.009600000000000001	20190.70338636572	2.18020199246862e7	229296.26391084417
0.01024	20191.1582110089	2.180201582997992e7	243237.04284992258
0.01088	20191.613705865282	2.1802011728778366e7	257177.81655785412
0.01152	20192.069830919158	2.180200762193529e7	271118.58499116154
0.01216	20192.526597394088	2.1802003509112824e7	285059.3481447817
0.0128	20192.98400264577	2.1801999390442554e7	299000.1060050766
0.01344	20193.442067385313	2.1801995265712608e7	312940.8585771771
0.01408	20193.900754038725	2.180199113521095e7	326881.60581519204
0.01472	20194.360124927043	2.1801986998427156e7	340822.34776073584
0.01536	20194.820095628264	2.1801982856239066e7	354763.0843307915
0.016	20195.280748801884	2.1801978707599692e7	368703.81557841616
0.016640000000000002	20195.742007460995	2.180197455350806e7	382644.54143083096
0.017280000000000004	20196.203960969444	2.1801970392835084e7	396585.26194471424
0.017920000000000005	20196.66655433076	2.180196622652339e7	410525.9770689764
0.018560000000000007	20197.12982134227	2.1801962053702127e7	424466.68680856976
0.01920000000000001	20197.593727387954	2.180195787511466e7	438407.39113002375
0.01984000000000001	20198.05828587257	2.180195369061814e7	452348.09003134497
0.020480000000000012	20198.523518286842	2.1801949499930322e7	466288.7835152056
0.021120000000000014	20198.98940165267	2.1801945303097524e7	480229.4715469098
0.021760000000000015	20199.455926598373	2.1801941100445423e7	494170.15411132836
0.022400000000000017	20199.923108751966	2.180193689172542e7	508110.8312057657
0.02304000000000002	20200.391020197894	2.180193267602108e7	522051.5028666187
0.02368000000000002	20200.859574399234	2.1801928454670712e7	535992.1690262804
0.024320000000000022	20201.32879114257	2.180192422727369e7	549932.8296822386
0.024960000000000024	20201.79862693118	2.1801919994185258e7	563873.4847880675
0.025600000000000026	20202.269168486448	2.1801915754017547e7	577814.134380623
0.026240000000000027	20202.74037665334	2.180191150821213e7	591754.7784446569
0.02688000000000003	20203.21228103281	2.1801907256081186e7	605695.4169783816
0.02752000000000003	20203.684830670543	2.1801902997955e7	619636.0499278527
0.028160000000000032	20204.15807469747	2.1801898733087227e7	633576.677307051
0.028800000000000034	20204.632013773	2.1801894462255895e7	647517.2991247469
0.029440000000000036	20205.10660154369	2.1801890185052574e7	661457.9153111428
0.030080000000000037	20205.58187763689	2.1801885901631504e7	675398.5258958341
0.03072000000000004	20206.05783951309	2.180188161207997e7	689339.1308657808
0.03136000000000004	20206.534490528422	2.180187731594901e7	703279.7301970674
0.03200000000000004	20207.011809974767	2.1801873013746675e7	717220.32387195
0.032640000000000044	20207.48980204711	2.180186870519294e7	731160.9118724067
0.033280000000000046	20207.96851774956	2.1801864390061107e7	745101.4942267135
0.03392000000000005	20208.447891616237	2.18018600690477e7	759042.0708812316
0.03456000000000005	20208.927963319522	2.1801855741245743e7	772982.6418303611
0.03520000000000005	20209.40875925041	2.1801851407111645e7	786923.2071012559
0.03584000000000005	20209.89019778953	2.1801847066674463e7	800863.7666027147
0.036480000000000054	20210.372374998693	2.1801842719596513e7	814804.3204016407
0.037120000000000056	20210.855249613975	2.1801838366184715e7	828744.8684555262
0.03776000000000006	20211.338799320823	2.1801834006478928e7	842685.410730904
0.03840000000000006	20211.823036393933	2.180182964050031e7	856625.9472270097
0.03904000000000006	20212.30801744637	2.180182526765136e7	870566.4779615557
0.03968000000000006	20212.79367359223	2.1801820888288107e7	884507.0028678976
0.040320000000000064	20213.28002719377	2.1801816502654497e7	898447.521963528
0.040960000000000066	20213.76708161793	2.1801812110729497e7	912388.0352374364
0.04160000000000007	20214.254875713967	2.1801807711891282e7	926328.5426875631
0.04224000000000007	20214.743362602818	2.1801803306553856e7	940269.0442718029
0.04288000000000007	20215.232547505966	2.1801798894793414e7	954209.539984612
0.04352000000000007	20215.722479302367	2.180179447596762e7	968150.0298311155
0.044160000000000074	20216.21308026125	2.1801790051328134e7	982090.513777289
0.044800000000000076	20216.704429265745	2.180178561956135e7	996030.9918271849
0.04544000000000008	20217.19646528854	2.1801781181587197e7	1.0099714639492297e6
0.04608000000000008	20217.6892595061	2.180177673656937e7	1.0239119301595463e6
0.04672000000000008	20218.182734782673	2.180177228508118e7	1.0378523903964082e6
0.04736000000000008	20218.6769558334	2.180176782698718e7	1.0517928447013197e6
0.048000000000000084	20219.171886026492	2.1801763362242054e7	1.0657332930231176e6
0.048640000000000086	20219.66755202667	2.1801758890454464e7	1.079673735354003e6
0.04928000000000009	20220.1639405863	2.18017544123502e7	1.093614171702214e6
0.04992000000000009	20220.66105421081	2.1801749927562095e7	1.1075546020382864e6
0.05056000000000009	20221.158923726824	2.1801745435337905e7	1.1214950263392297e6
0.05120000000000009	20221.657489361696	2.1801740937117204e7	1.1354354446063093e6
0.051840000000000094	20222.156785886855	2.1801736432074618e7	1.1493758568168567e6
0.052480000000000096	20222.65683922883	2.1801731919748798e7	1.1633162629567252e6
0.0531200000000001	20223.157616150078	2.180172740117753e7	1.1772566630341327e6
0.0537600000000001	20223.659140182306	2.1801722875400685e7	1.191197057006349e6
0.0544000000000001	20224.161379680456	2.1801718343213666e7	1.2051374448714515e6
0.0550400000000001	20224.664378880116	2.180171380371352e7	1.2190778266078609e6
0.055680000000000104	20225.168133803494	2.180170925761644e7	1.233018202236199e6
0.056320000000000106	20225.67263131668	2.180170470418254e7	1.2469585716882837e6
0.05696000000000011	20226.177844291873	2.1801700144514963e7	1.2608989349858556e6
0.05760000000000011	20226.683816900564	2.180169557788802e7	1.2748392921153994e6
0.05824000000000011	20227.1905652298	2.1801691003753155e7	1.288779643045297e6
0.05888000000000011	20227.698019941534	2.180168642336222e7	1.3027199877680973e6
0.059520000000000114	20228.206263832162	2.180168183564466e7	1.3166603262845813e6
0.060160000000000116	20228.71523483579	2.180167724101884e7	1.330600658546004e6
0.06080000000000012	20229.224958932202	2.1801672639633834e7	1.344540984571169e6
0.06144000000000012	20229.73546262152	2.1801668031170215e7	1.3584813043508986e6
0.06208000000000012	20230.246701983302	2.1801663415580723e7	1.372421617825978e6
0.06272000000000012	20230.758745627954	2.180165879252863e7	1.3863619250245006e6
0.06336000000000012	20231.271515428947	2.180165416287518e7	1.4003022259119856e6
0.06400000000000013	20231.785088109515	2.18016495260273e7	1.4142425205082204e6
0.06464000000000013	20232.299366291685	2.180164488249665e7	1.428182808739841e6
0.06528000000000013	20232.814456471966	2.18016402313693e7	1.4421230906325444e6
0.06592000000000013	20233.33028670741	2.1801635573340435e7	1.456063366148812e6
0.06656000000000013	20233.846928845593	2.1801630908058006e7	1.4700036353176052e6
0.06720000000000013	20234.3643232077	2.1801626235578336e7	1.4839438980715552e6
0.06784000000000014	20234.882480396336	2.1801621556141358e7	1.4978841544215588e6
0.06848000000000014	20235.401431493934	2.180161686939179e7	1.5118244043574182e6
0.06912000000000014	20235.921145724293	2.1801612175519742e7	1.5257646478480594e6
0.06976000000000014	20236.441665686223	2.1801607474497996e7	1.5397048849160713e6
0.07040000000000014	20236.962916625514	2.180160276629418e7	1.5536451154744085e6
0.07104000000000014	20237.485023767214	2.180159805057613e7	1.5675853396006103e6
0.07168000000000015	20238.007853506402	2.1801593327733293e7	1.5815255571824927e6
0.07232000000000015	20238.531485107036	2.1801588597619783e7	1.59546576826797e6
0.07296000000000015	20239.055933340333	2.18015838600748e7	1.6094059728435045e6
0.07360000000000015	20239.581101228592	2.180157911586065e7	1.6233461708595252e6
0.07424000000000015	20240.10714105523	2.180157436342551e7	1.6372863623276164e6
0.07488000000000015	20240.633963536668	2.1801569603939787e7	1.6512265472353615e6
0.07552000000000016	20241.161533824525	2.1801564837480318e7	1.665166725541307e6
0.07616000000000016	20241.689951504406	2.1801560063053958e7	1.6791068972469906e6
0.07680000000000016	20242.219130608115	2.1801555281776227e7	1.693047062341795e6
0.07744000000000016	20242.749137002593	2.180155049250329e7	1.7069872207832914e6
0.07808000000000016	20243.27995691746	2.1801545696185805e7	1.7209273726160724e6
0.07872000000000016	20243.811554137767	2.1801540892375536e7	1.7348675177564018e6
0.07936000000000017	20244.343967381566	2.1801536080929335e7	1.7488076562126856e6
0.08000000000000017	20244.87719272078	2.180153126222777e7	1.7627477879955284e6
0.08064000000000017	20245.411242838993	2.1801526435772914e7	1.776687913060948e6
0.08128000000000017	20245.946067533925	2.1801521602103904e7	1.7906280313901738e6
0.08192000000000017	20246.4817564462	2.1801516760539908e7	1.8045681429943913e6
0.08256000000000017	20247.01824487343	2.180151191138471e7	1.8185082478225022e6
0.08320000000000018	20247.555509620037	2.1801507055410497e7	1.8324483459013768e6
0.08384000000000018	20248.093601474702	2.1801502191489913e7	1.8463884371684452e6
0.08448000000000018	20248.63256016407	2.180149731956258e7	1.8603285216381322e6
0.08512000000000018	20249.172316836197	2.1801492440309368e7	1.8742685992883646e6
0.08576000000000018	20249.712899252514	2.1801487553149734e7	1.888208670079138e6
0.08640000000000018	20250.25431831891	2.1801482658494044e7	1.9021487340391055e6
0.08704000000000019	20250.796599088666	2.1801477755965933e7	1.916088791142383e6
0.08768000000000019	20251.33962623852	2.1801472846239597e7	1.930028841326102e6
0.08832000000000019	20251.883545274137	2.1801467928567972e7	1.943968884641683e6
0.08896000000000019	20252.42828787502	2.1801463003009193e7	1.9579089210150875e6
0.0896000000000002	20252.973896129428	2.1801458069436334e7	1.971848950456536e6
0.0902400000000002	20253.520308837145	2.1801453128713794e7	1.9857889729713048e6
0.0908800000000002	20254.067554504476	2.180144818010563e7	1.999728988503155e6
0.0915200000000002	20254.615653145585	2.180144322336587e7	2.0136689970310184e6
0.0921600000000002	20255.164592880257	2.1801438258945942e7	2.0276089985684627e6
0.0928000000000002	20255.714397336662	2.180143328685129e7	2.041548993121068e6
0.0934400000000002	20256.26506808895	2.180142830652791e7	2.0554889806220988e6
0.0940800000000002	20256.816541938515	2.1801423318578925e7	2.0694289610535828e6
0.0947200000000002	20257.368901195157	2.1801418322619822e7	2.083368934437428e6
0.09536000000000021	20257.92211315279	2.1801413318732873e7	2.097308900734814e6
0.09600000000000021	20258.476124742116	2.1801408307296164e7	2.1112488599172034e6
0.09664000000000021	20259.031047889755	2.180140328763549e7	2.12518881200452e6
0.09728000000000021	20259.586864297617	2.180139825941271e7	2.1391287569298116e6
0.09792000000000022	20260.143500363676	2.1801393223989986e7	2.153068694741912e6
0.09856000000000022	20260.70101885169	2.1801388180095285e7	2.1670086253566295e6
0.09920000000000022	20261.259391845717	2.180138312839359e7	2.1809485487968237e6
0.09984000000000022	20261.81859458367	2.1801378068953246e7	2.1948884650303973e6
0.10048000000000022	20262.37875696702	2.1801373000599258e7	2.208828374039685e6
0.10112000000000022	20262.939721785122	2.180136792470135e7	2.2227682758029234e6
0.10176000000000023	20263.501584025733	2.18013628407909e7	2.236708170341722e6
0.10240000000000023	20264.064327287608	2.18013577486022e7	2.250648057597044e6
0.10304000000000023	20264.627942315008	2.1801352648086097e7	2.264587937537935e6
0.10368000000000023	20265.192442980588	2.1801347539577067e7	2.2785278101938474e6
0.10432000000000023	20265.757817764697	2.180134242294483e7	2.292467675523825e6
0.10496000000000023	20266.324085416116	2.1801337298052248e7	2.3064075335129797e6
0.10560000000000024	20266.89124989499	2.1801332164615706e7	2.32034738411733e6
0.10624000000000024	20267.45931088776	2.1801327023146197e7	2.334287227372756e6
0.10688000000000024	20268.0282493618	2.180132187355186e7	2.3482270632352983e6
0.10752000000000024	20268.598071430042	2.180131671556334e7	2.3621668916641655e6
0.10816000000000024	20269.168790743643	2.1801311549339e7	2.3761067126708482e6
0.10880000000000024	20269.740411436593	2.1801306374710593e7	2.39004652622319e6
0.10944000000000025	20270.31292647308	2.1801301191873558e7	2.4039863323184475e6
0.11008000000000025	20270.88637257118	2.180129600038768e7	2.4179261309233597e6
0.11072000000000025	20271.460716671776	2.1801290800657984e7	2.4318659220349793e6
0.11136000000000025	20272.035939617454	2.1801285592534356e7	2.445805705602013e6
0.11200000000000025	20272.612074694913	2.1801280376049496e7	2.459745481639878e6
0.11264000000000025	20273.189128310594	2.180127515101145e7	2.473685250114833e6
0.11328000000000026	20273.767095799067	2.1801269917652447e7	2.4876250110308616e6
0.11392000000000026	20274.345990494865	2.1801264675572656e7	2.5015647643365003e6
0.11456000000000026	20274.92578444845	2.180125942497599e7	2.515504510011837e6
0.11520000000000026	20275.506508184877	2.180125416628254e7	2.529444248114196e6
0.11584000000000026	20276.088165416946	2.1801248898447055e7	2.5433839785084478e6
0.11648000000000026	20276.67071906729	2.1801243622439157e7	2.557323701255429e6
0.11712000000000027	20277.254182218123	2.180123833812103e7	2.5712634163331375e6
0.11776000000000027	20277.83862468626	2.180123304462306e7	2.5852031236830605e6
0.11840000000000027	20278.423973410736	2.1801227742721844e7	2.599142823313231e6
0.11904000000000027	20279.010271491465	2.180122243175986e7	2.613082515165473e6
0.11968000000000027	20279.59748404304	2.180121711275151e7	2.627022199311259e6
0.12032000000000027	20280.185642387085	2.180121178452993e7	2.640961875620542e6
0.12096000000000028	20280.774773785226	2.1801206447403442e7	2.6549015441350746e6
0.12160000000000028	20281.364761588768	2.1801201102261446e7	2.6688412048415774e6
0.12224000000000028	20281.95577190973	2.1801195747711644e7	2.6827808576986287e6
0.12288000000000028	20282.547694825753	2.1801190384937298e7	2.696720502735187e6
0.12352000000000028	20283.14060657978	2.180118501271189e7	2.7106601398490337e6
0.12416000000000028	20283.734386027838	2.1801179632711466e7	2.7245997691221205e6
0.12480000000000029	20284.329178948534	2.180117424297953e7	2.7385393904212676e6
0.12544000000000027	20284.924925154774	2.1801168844462838e7	2.752479003791968e6
0.12608000000000028	20285.52158884871	2.180116343749197e7	2.7664186092259204e6
0.12672000000000028	20286.119243689824	2.1801158021204647e7	2.7803582066601883e6
0.12736000000000028	20286.717881919507	2.1801152595662724e7	2.794297796076089e6
0.12800000000000028	20287.317474057694	2.1801147161596358e7	2.808237377521718e6
0.12864000000000028	20287.918018296936	2.1801141718629777e7	2.822176950928964e6
0.12928000000000028	20288.51953532389	2.180113626654544e7	2.836116516268798e6
0.12992000000000029	20289.12205690613	2.1801130805029433e7	2.8500560735087027e6
0.1305600000000003	20289.725518677238	2.18011253347958e7	2.863995622665905e6
0.1312000000000003	20290.32996504987	2.1801119855765928e7	2.877935163750131e6
0.1318400000000003	20290.935358962215	2.1801114367545173e7	2.8918746966583985e6
0.1324800000000003	20291.541760575063	2.1801108869910862e7	2.9058142213939317e6
0.1331200000000003	20292.14920243158	2.1801103362885643e7	2.919753737967947e6
0.1337600000000003	20292.757534656263	2.1801097847448304e7	2.9336932463615127e6
0.1344000000000003	20293.36691280143	2.1801092322220292e7	2.9476327465061345e6
0.1350400000000003	20293.97723219106	2.180108678849696e7	2.961572238465392e6
0.1356800000000003	20294.588591999418	2.1801081245086122e7	2.9755117221451285e6
0.1363200000000003	20295.20095838573	2.1801075692091536e7	2.989451197509663e6
0.1369600000000003	20295.81427062196	2.1801070130312786e7	3.0033906645957637e6
0.1376000000000003	20296.4286374715	2.180106455903158e7	3.017330123379708e6
0.1382400000000003	20297.043990735026	2.1801058978151646e7	3.031269573769146e6
0.1388800000000003	20297.660337652364	2.1801053388165083e7	3.0452090158183323e6
0.1395200000000003	20298.27767639384	2.1801047789307896e7	3.059148449539228e6
0.1401600000000003	20298.896061486008	2.1801042180320937e7	3.073087874783297e6
0.1408000000000003	20299.515404031394	2.1801036562427185e7	3.087027291624898e6
0.14144000000000032	20300.13580423382	2.180103093501771e7	3.1009667000449942e6
0.14208000000000032	20300.757231887033	2.1801025297676105e7	3.1149060999382082e6
0.14272000000000032	20301.37968402194	2.180101965139311e7	3.12884549142235e6
0.14336000000000032	20302.003161200944	2.1801013995010357e7	3.142784874312703e6
0.14400000000000032	20302.62762576974	2.1801008329559043e7	3.156724248704168e6
0.14464000000000032	20303.2531503562	2.1801002654475693e7	3.1706636145580597e6
0.14528000000000033	20303.87970743169	2.180099696949557e7	3.1846029717918593e6
0.14592000000000033	20304.507272061317	2.1800991275311045e7	3.1985423204643168e6
0.14656000000000033	20305.13589519059	2.180098557108327e7	3.212481660476363e6
0.14720000000000033	20305.7655385084	2.180097985736585e7	3.2264209918555003e6
0.14784000000000033	20306.39624029311	2.180097413408465e7	3.24036031460321e6
0.14848000000000033	20307.027966928483	2.1800968401210997e7	3.254299628666215e6
0.14912000000000034	20307.660750144627	2.1800962658354882e7	3.2682389339929703e6
0.14976000000000034	20308.29460292506	2.180095690581251e7	3.2821782306176797e6
0.15040000000000034	20308.92948190104	2.1800951143301327e7	3.29611751844035e6
0.15104000000000034	20309.565433741238	2.1800945371254817e7	3.310056797544964e6
0.15168000000000034	20310.202388578	2.1800939589531828e7	3.3239960678304737e6
0.15232000000000034	20310.840437012583	2.1800933797908094e7	3.337935329319015e6
0.15296000000000035	20311.47957646693	2.1800927995857023e7	3.351874581906748e6
0.15360000000000035	20312.11973785984	2.1800922184495367e7	3.3658138256846205e6
0.15424000000000035	20312.76098923335	2.180091636290343e7	3.3797530605484867e6
0.15488000000000035	20313.40330553879	2.1800910531421006e7	3.39369228650807e6
0.15552000000000035	20314.046741710576	2.1800904689488202e7	3.4076315035016523e6
0.15616000000000035	20314.691155423225	2.1800898838484712e7	3.4215707116023726e6
0.15680000000000036	20315.33671092836	2.180089297678074e7	3.4355099106738823e6
0.15744000000000036	20315.983369975747	2.1800887105017208e7	3.4494491007621237e6
0.15808000000000036	20316.631095078825	2.180088122299558e7	3.463388281782718e6
0.15872000000000036	20317.279866291603	2.1800875331436086e7	3.4773274538114574e6
0.15936000000000036	20317.929749647057	2.1800869429416463e7	3.4912666167365587e6
0.16000000000000036	20318.580730478912	2.1800863517158046e7	3.505205770558898e6
0.16064000000000037	20319.23281332819	2.1800857594899092e7	3.5191449152987935e6
0.16128000000000037	20319.88597564023	2.180085166244869e7	3.533084050885222e6
0.16192000000000037	20320.54024169032	2.1800845719766516e7	3.5470231773103583e6
0.16256000000000037	20321.195643353498	2.180083976625699e7	3.5609622944823145e6
0.16320000000000037	20321.852102197106	2.1800833803107195e7	3.5749014025062206e6
0.16384000000000037	20322.509690684084	2.1800827829228897e7	3.588840501243833e6
0.16448000000000038	20323.168406687408	2.1800821845285855e7	3.602779590779781e6
0.16512000000000038	20323.82822816175	2.180081585073886e7	3.6167186709851366e6
0.16576000000000038	20324.489155623814	2.1800809845770266e7	3.630657741868075e6
0.16640000000000038	20325.15121016567	2.1800803830474764e7	3.644596803439803e6
0.16704000000000038	20325.81434559998	2.180079780515956e7	3.658535855691172e6
0.16768000000000038	20326.478657457723	2.1800791768888477e7	3.6724748985234033e6
0.16832000000000039	20327.14409105983	2.1800785721954536e7	3.6864139319170485e6
0.1689600000000004	20327.810668951803	2.180077966439732e7	3.7003529558749055e6
0.1696000000000004	20328.4783329402	2.180077359679123e7	3.714291970423475e6
0.1702400000000004	20329.147192208104	2.1800767518012974e7	3.728230975440744e6
0.1708800000000004	20329.81714433181	2.1800761429287277e7	3.742169971027327e6
0.1715200000000004	20330.48828447311	2.1800755329277813e7	3.7561089570116596e6
0.1721600000000004	20331.16050262954	2.1800749218966547e7	3.7700479334477866e6
0.1728000000000004	20331.833939024018	2.1800743097821366e7	3.783986900337901e6
0.1734400000000004	20332.508494265454	2.1800736965967465e7	3.7979258575984263e6
0.1740800000000004	20333.184232295105	2.1800730823321976e7	3.8118648052450353e6
0.1747200000000004	20333.861089916267	2.1800724669944264e7	3.825803743212957e6
0.1753600000000004	20334.539157139032	2.1800718505260237e7	3.839742671452987e6
0.1760000000000004	20335.21834512601	2.1800712330476925e7	3.8536815900803315e6
0.1766400000000004	20335.898700207104	2.1800706144135866e7	3.8676204988539713e6
0.1772800000000004	20336.580207703675	2.1800699947730232e7	3.881559398002106e6
0.1779200000000004	20337.262967608574	2.180069373946833e7	3.8954982872666256e6
0.1785600000000004	20337.9468172766	2.1800687520964567e7	3.909437166777026e6
0.17920000000000041	20338.631911522236	2.1800681291077785e7	3.9233760364341256e6
0.17984000000000042	20339.31813944461	2.1800675050107405e7	3.9373148961765715e6
0.18048000000000042	20340.005582186957	2.180066879819388e7	3.9512537460727543e6
0.18112000000000042	20340.69422430491	2.180066253501412e7	3.965192586028165e6
0.18176000000000042	20341.384009693353	2.180065626100119e7	3.9791314160516765e6
0.18240000000000042	20342.075002682996	2.1800649976050194e7	3.993070236153758e6
0.18304000000000042	20342.76724528485	2.1800643679103497e7	4.007009046151821e6
0.18368000000000043	20343.460609803147	2.180063737179605e7	4.020947846216502e6
0.18432000000000043	20344.155228311974	2.1800631052809115e7	4.034886636190415e6
0.18496000000000043	20344.851054581955	2.1800624722519696e7	4.0488254160807785e6
0.18560000000000043	20345.54804661355	2.1800618381728828e7	4.062764185978042e6
0.18624000000000043	20346.24632127835	2.1800612028319232e7	4.076702945560587e6
0.18688000000000043	20346.945738579107	2.1800605664702717e7	4.0906416951386067e6
0.18752000000000044	20347.6464554018	2.180059928882251e7	4.104580434432091e6
0.18816000000000044	20348.34834876745	2.1800592901978333e7	4.1185191635597157e6
0.18880000000000044	20349.05145476962	2.1800586503754385e7	4.1324578824489466e6
0.18944000000000044	20349.755846726126	2.180058009360492e7	4.1463965910316478e6
0.19008000000000044	20350.461444336335	2.1800573672112025e7	4.1603352893280606e6
0.19072000000000044	20351.16823316755	2.180056723958615e7	4.1742739773616176e6
0.19136000000000045	20351.876269203764	2.1800560795391668e7	4.1882126550324885e6
0.19200000000000045	20352.58557927536	2.180055433922782e7	4.202151322279806e6
0.19264000000000045	20353.29612897048	2.1800547871444996e7	4.216089979117859e6
0.19328000000000045	20354.007938827173	2.180054139207383e7	4.23002862554445e6
0.19392000000000045	20354.721020612655	2.1800534900617845e7	4.243967261448118e6
0.19456000000000045	20355.435306443254	2.180052839805254e7	4.2579058869383335e6
0.19520000000000046	20356.150884630137	2.1800521883529168e7	4.271844501896854e6
0.19584000000000046	20356.867678183586	2.180051535746647e7	4.285783106318331e6
0.19648000000000046	20357.58575256315	2.1800508819598705e7	4.299721700178663e6
0.19712000000000046	20358.305130922352	2.180050226965318e7	4.313660283417559e6
0.19776000000000046	20359.025781845783	2.180049570723084e7	4.327598855905209e6
0.19840000000000046	20359.74767582353	2.1800489133954678e7	4.341537417913559e6
0.19904000000000047	20360.470900174194	2.180048254797094e7	4.35547596912035e6
0.19968000000000047	20361.195394831175	2.18004759497258e7	4.369414509539649e6
0.20032000000000047	20361.92112216992	2.180046934041808e7	4.383353039355537e6
0.20096000000000047	20362.648211017597	2.1800462717984714e7	4.39729155823275e6
0.20160000000000047	20363.376516065153	2.180045608452375e7	4.4112300664504245e6
0.20224000000000047	20364.106144375128	2.180044943848251e7	4.42516856375645e6
0.20288000000000048	20364.837089448192	2.1800442780367296e7	4.439107050221669e6
0.20352000000000048	20365.56934808324	2.180043611018104e7	4.453045525818418e6
0.20416000000000048	20366.302879274743	2.180042942752318e7	4.466983990406585e6
0.20480000000000048	20367.037757859798	2.1800422732769556e7	4.480922444096265e6
0.20544000000000048	20367.77398530828	2.18004160248147e7	4.494860886635709e6
0.20608000000000049	20368.511430082475	2.180040930593485e7	4.508799318361635e6
0.2067200000000005	20369.250172161795	2.1800402574957263e7	4.522737739071748e6
0.2073600000000005	20369.99039275499	2.1800395829510693e7	4.536676148392261e6
0.2080000000000005	20370.73180658376	2.180038907389273e7	4.550614546960513e6
0.2086400000000005	20371.474570310536	2.18003823053324e7	4.564552934300523e6
0.2092800000000005	20372.21874028368	2.1800375523368623e7	4.578491310332914e6
0.2099200000000005	20372.96420567362	2.18003687293882e7	4.5924296752328e6
0.2105600000000005	20373.711002327025	2.1800361922900077e7	4.606368028899528e6
0.2112000000000005	20374.45915684119	2.1800355103629865e7	4.620306371269555e6
0.2118400000000005	20375.208656689727	2.180034827181996e7	4.634244702357208e6
0.2124800000000005	20375.95959679424	2.18003414268934e7	4.6481830220879875e6
0.2131200000000005	20376.711744530603	2.180033457023544e7	4.662121330546124e6
0.2137600000000005	20377.465384507756	2.1800327700274426e7	4.676059627594587e6
0.2144000000000005	20378.220280894056	2.1800320817648713e7	4.689997913156565e6
0.2150400000000005	20378.97660121683	2.1800313922186192e7	4.703936187299821e6
0.2156800000000005	20379.734308556563	2.180030701364112e7	4.717874449915015e6
0.2163200000000005	20380.493380458818	2.1800300092374884e7	4.7318127010349445e6
0.2169600000000005	20381.25376487479	2.180029315875192e7	4.745750940670875e6
0.21760000000000052	20382.01563728539	2.1800286211255163e7	4.759689168603747e6
0.21824000000000052	20382.778845513632	2.1800279251308136e7	4.773627384995768e6
0.21888000000000052	20383.54344048258	2.1800272278389517e7	4.787565589746138e6
0.21952000000000052	20384.30946327761	2.1800265292144235e7	4.801503782781413e6
0.22016000000000052	20385.07683030947	2.1800258293103464e7	4.815441964125019e6
0.22080000000000052	20385.845652181524	2.180025128063287e7	4.829380133695928e6
0.22144000000000053	20386.615859132147	2.1800244254918244e7	4.843318291452393e6
0.22208000000000053	20387.38748702045	2.1800237216381755e7	4.857256437487974e6
0.22272000000000053	20388.16049768934	2.180023016449681e7	4.871194571628384e6
0.22336000000000053	20388.934957130255	2.1800223098867603e7	4.885132693808185e6
0.22400000000000053	20389.710821286	2.1800216020765685e7	4.899070804248842e6
0.22464000000000053	20390.488141192804	2.1800208928813316e7	4.91300890265379e6
0.22528000000000054	20391.266844304657	2.1800201823901787e7	4.926946989138226e6
0.22592000000000054	20392.04704509236	2.1800194704817556e7	4.940885063489059e6
0.22656000000000054	20392.828631956625	2.1800187572491813e7	4.954823125800857e6
0.22720000000000054	20393.611647813483	2.1800180427247643e7	4.968761176152106e6
0.22784000000000054	20394.39619749906	2.1800173267138507e7	4.98269921415271e6
0.22848000000000054	20395.18206846051	2.1800166094957e7	4.996637240245246e6
0.22912000000000055	20395.969466735263	2.1800158908675298e7	5.010575254098213e6
0.22976000000000055	20396.758283971405	2.1800151708752878e7	5.024513255703719e6
0.23040000000000055	20397.54860131215	2.1800144495202232e7	5.038451245098176e6
0.23104000000000055	20398.340365815373	2.1800137267491527e7	5.052389222088952e6
0.23168000000000055	20399.133670391668	2.180013002562044e7	5.066327186717391e6
0.23232000000000055	20399.92837436104	2.1800122770869453e7	5.080265139142833e6
0.23296000000000056	20400.724578726917	2.180011550171371e7	5.094203079060105e6
0.23360000000000056	20401.52222130022	2.180010821925351e7	5.108141006648037e6
0.23424000000000056	20402.321425844533	2.1800100922356706e7	5.122078921707901e6
0.23488000000000056	20403.122063002043	2.180009361184016e7	5.136016824301872e6
0.23552000000000056	20403.924223480117	2.180008628694453e7	5.149954714291555e6
0.23616000000000056	20404.72790178928	2.18000789478306e7	5.163892591680189e6
0.23680000000000057	20405.53306411679	2.180007159506081e7	5.177830456544947e6
0.23744000000000057	20406.339699898723	2.1800064227917437e7	5.191768308678283e6
0.23808000000000057	20407.147885858096	2.180005684671559e7	5.205706148183254e6
0.23872000000000057	20407.957585070337	2.1800049450979237e7	5.2196439748881385e6
0.23936000000000057	20408.768770602233	2.1800042041764673e7	5.233581788994475e6
0.24000000000000057	20409.581600263962	2.1800034617114827e7	5.247519590123772e6
0.24064000000000058	20410.3958095695	2.1800027179101557e7	5.261457378540966e6
0.24128000000000058	20411.211622556104	2.18000197263666e7	5.275395154060012e6
0.24192000000000058	20412.028940491324	2.180001225933886e7	5.289332916678477e6
0.24256000000000058	20412.84789474264	2.180000477714992e7	5.303270666254891e6
0.24320000000000058	20413.668326596104	2.1799997280835625e7	5.317208402888805e6
0.24384000000000058	20414.490266061206	2.179998977045694e7	5.331146126587817e6
0.24448000000000059	20415.31385286364	2.1799982244830992e7	5.34508383713841e6
0.2451200000000006	20416.13893072607	2.1799974705012582e7	5.359021534648723e6
0.2457600000000006	20416.96555046767	2.1799967150712058e7	5.372959219055792e6
0.2464000000000006	20417.793832457384	2.1799959580998205e7	5.386896890190111e6
0.2470400000000006	20418.623665152278	2.1799951996850904e7	5.400834548176973e6
0.2476800000000006	20419.45503531877	2.1799944397783566e7	5.414772192855218e6
0.2483200000000006	20420.288010237346	2.179993678400638e7	5.4287098242960125e6
0.2489600000000006	20421.122526519408	2.179992915546436e7	5.442647442406737e6
0.2496000000000006	20421.958646041654	2.1799921512063943e7	5.4565850471791625e6
0.2502400000000006	20422.796437256147	2.179991385320048e7	5.470522638481698e6
0.25088000000000055	20423.635743847935	2.1799906179675307e7	5.484460216365384e6
0.2515200000000005	20424.476750870253	2.179989849079761e7	5.498397780763917e6
0.2521600000000005	20425.319229282315	2.179989078734051e7	5.51233533166822e6
0.25280000000000047	20426.163445414943	2.1799883068114713e7	5.526272868945824e6
0.25344000000000044	20427.009188138796	2.179987533456412e7	5.540210392771437e6
0.2540800000000004	20427.85664482649	2.1799867584050853e7	5.554147902584159e6
0.2547200000000004	20428.705618966826	2.1799859820764847e7	5.568085399268934e6
0.25536000000000036	20429.556380615668	2.179985203976708e7	5.582022881738191e6
0.25600000000000034	20430.40869730562	2.179984424440428e7	5.595960350638298e6
0.2566400000000003	20431.262628373075	2.179983643358847e7	5.609897805703579e6
0.2572800000000003	20432.118257286413	2.179982860715146e7	5.623835246919985e6
0.25792000000000026	20432.975520133263	2.1799820765244912e7	5.6377726742459545e6
0.25856000000000023	20433.834425670047	2.1799812907681733e7	5.6517100876067635e6
0.2592000000000002	20434.695038973627	2.179980503430624e7	5.665647486977053e6
0.2598400000000002	20435.557256736614	2.1799797145729784e7	5.6795848724055765e6
0.26048000000000016	20436.421131596187	2.1799789241852112e7	5.69352224387288e6
0.26112000000000013	20437.286824601382	2.179978132064204e7	5.707459600935014e6
0.2617600000000001	20438.154049497254	2.1799773385128237e7	5.721396944136671e6
0.2624000000000001	20439.023026903506	2.1799765433418956e7	5.73533427311378e6
0.26304000000000005	20439.89366364766	2.179975746572795e7	5.749271587819443e6
0.26368	20440.766022009375	2.1799749481510326e7	5.76320888812197e6
0.26432	20441.640081009933	2.179974148233797e7	5.777146174386369e6
0.26496	20442.51587246201	2.1799733466091882e7	5.791083446042599e6
0.26559999999999995	20443.39332628098	2.179972543455077e7	5.805020703475504e6
0.2662399999999999	20444.272469565414	2.179971738722219e7	5.818957946541302e6
0.2668799999999999	20445.153462477138	2.1799709322420668e7	5.8328951748740375e6
0.26751999999999987	20446.03607934473	2.1799701241932336e7	5.846832388749134e6
0.26815999999999984	20446.920434963882	2.1799693145314418e7	5.860769588098634e6
0.2687999999999998	20447.8065158189	2.179968503238059e7	5.874706772828265e6
0.2694399999999998	20448.694380825473	2.1799676902855817e7	5.888643942872322e6
0.27007999999999976	20449.583951655924	2.1799668757422093e7	5.902581098322546e6
0.27071999999999974	20450.47534103946	2.1799660594743155e7	5.916518238865575e6
0.2713599999999997	20451.368411619387	2.17996524164073e7	5.93045536479572e6
0.2719999999999997	20452.26331810944	2.179964422034237e7	5.944392475628702e6
0.27263999999999966	20453.159927229386	2.1799636008708175e7	5.958329571818859e6
0.27327999999999963	20454.058374083797	2.1799627779450685e7	5.9722666528698895e6
0.2739199999999996	20454.958526963117	2.179961953460609e7	5.98620371920655e6
0.2745599999999996	20455.86048023714	2.1799611272138987e7	6.0001407703052545e6
0.27519999999999956	20456.76425264167	2.1799602993297435e7	6.01407780648576e6
0.27583999999999953	20457.669829211336	2.1799594696849976e7	6.028014827362609e6
0.2764799999999995	20458.57716811144	2.179958638434468e7	6.041951833296278e6
0.2771199999999995	20459.486324436013	2.179957805467959e7	6.055888823987005e6
0.27775999999999945	20460.397346917423	2.179956970692851e7	6.069825799176289e6
0.2783999999999994	20461.310144285166	2.1799561343134858e7	6.083762759328848e6
0.2790399999999994	20462.224735504045	2.179955296140874e7	6.097699703896792e6
0.2796799999999994	20463.141197687197	2.1799544563363805e7	6.111636633349094e6
0.28031999999999935	20464.059459607568	2.1799536147731956e7	6.125573547244098e6
0.2809599999999993	20464.97956629476	2.179952771488133e7	6.139510445680393e6
0.2815999999999993	20465.901484698254	2.179951926471364e7	6.153447328569953e6
0.28223999999999927	20466.825344814803	2.179951079640182e7	6.167384195735928e6
0.28287999999999924	20467.75094797038	2.17995023115146e7	6.181321047441042e6
0.2835199999999992	20468.6785362932	2.1799493808314674e7	6.195257883331043e6
0.2841599999999992	20469.607911355204	2.17994852884787e7	6.209194703701355e6
0.28479999999999916	20470.539226667563	2.1799476749949217e7	6.223131508040431e6
0.28543999999999914	20471.47233548933	2.1799468194273368e7	6.237068296645419e6
0.2860799999999991	20472.40732729288	2.179945962116473e7	6.251005069461888e6
0.2867199999999991	20473.34425924612	2.179945102985155e7	6.264941826272251e6
0.28735999999999906	20474.28299622654	2.1799442421667013e7	6.278878567324643e6
0.28799999999999903	20475.22373835312	2.1799433794349916e7	6.292815292074462e6
0.288639999999999	20476.16635973358	2.179942514931466e7	6.306752000799822e6
0.289279999999999	20477.110856961444	2.1799416486729946e7	6.320688693509476e6
0.28991999999999896	20478.05731840119	2.1799407805238947e7	6.3346253698355025e6
0.29055999999999893	20479.005710689253	2.1799399106368203e7	6.348562030157713e6
0.2911999999999989	20479.95592470825	2.179939038945478e7	6.362498674168641e6
0.2918399999999989	20480.90823642048	2.1799381653443817e7	6.376435301717723e6
0.29247999999999885	20481.862400070924	2.179937289968755e7	6.390371912985888e6
0.2931199999999988	20482.818517932086	2.1799364127311066e7	6.40430850775135e6
0.2937599999999988	20483.77662005281	2.1799355336143482e7	6.4182450859456295e6
0.2943999999999988	20484.736643177268	2.1799346527624153e7	6.43218164790795e6
0.29503999999999875	20485.698651830262	2.1799337699918173e7	6.446118193105425e6
0.2956799999999987	20486.66265032932	2.179932885312814e7	6.46005472153078e6
0.2963199999999987	20487.628635533234	2.179931998802546e7	6.473991233369928e6
0.29695999999999867	20488.596560428996	2.1799311104266156e7	6.487927728448693e6
0.29759999999999864	20489.56642730482	2.17993022025886e7	6.501864206948876e6
0.2982399999999986	20490.53843314204	2.179929328095572e7	6.515800668363046e6
0.2988799999999986	20491.512329317902	2.1799284340938743e7	6.529737112944072e6
0.29951999999999857	20492.488238912993	2.1799275382403858e7	6.543673540699166e6
0.30015999999999854	20493.46624146611	2.1799266403520137e7	6.557609951095e6
0.3007999999999985	20494.446172139047	2.1799257406772714e7	6.571546344720759e6
0.3014399999999985	20495.42816484587	2.179924839065344e7	6.585482721177374e6
0.30207999999999846	20496.412265581705	2.1799239354959343e7	6.599419080394479e6
0.30271999999999843	20497.398294107017	2.1799230300505415e7	6.613355422451479e6
0.3033599999999984	20498.386449907506	2.1799221226109207e7	6.6272917470889175e6
0.3039999999999984	20499.376626439884	2.1799212132824957e7	6.6412280545107545e6
0.30463999999999836	20500.36886049263	2.1799203019828834e7	6.655164344451452e6
0.30527999999999833	20501.363190359665	2.179919388778091e7	6.669100617097326e6
0.3059199999999983	20502.359584100635	2.179918473525021e7	6.68303687194784e6
0.3065599999999983	20503.357997520365	2.1799175564272407e7	6.696973109553112e6
0.30719999999999825	20504.35847879559	2.1799166373969793e7	6.710909329637592e6
0.3078399999999982	20505.36123629502	2.179915716102112e7	6.724845531282017e6
0.3084799999999982	20506.36594444922	2.1799147930826455e7	6.738781715879211e6
0.3091199999999982	20507.37272696101	2.1799138679949943e7	6.7527178824156895e6
0.30975999999999815	20508.381771778528	2.179912940879225e7	6.766654031101599e6
0.3103999999999981	20509.392782333645	2.1799120118607193e7	6.780590162078328e6
0.3110399999999981	20510.406017435525	2.17991108077614e7	6.794526274975837e6
0.31167999999999807	20511.421411119372	2.1799101477081794e7	6.8084623699625125e6
0.31231999999999804	20512.438773781094	2.179909212648928e7	6.822398446841043e6
0.312959999999998	20513.45843071388	2.179908275464321e7	6.836334505373334e6
0.313599999999998	20514.480223736962	2.1799073362424854e7	6.850270545681964e6
0.31423999999999797	20515.504190406733	2.1799063950017612e7	6.8642065678071035e6
0.31487999999999794	20516.530166464614	2.179905451914776e7	6.87814257213685e6
0.3155199999999979	20517.55850509283	2.179904506499476e7	6.892078557352668e6
0.3161599999999979	20518.588887345937	2.1799035591834243e7	6.906014524538991e6
0.31679999999999786	20519.621568610157	2.1799026097088754e7	6.919950473013345e6
0.31743999999999784	20520.656532140252	2.1799016580874182e7	6.933886402755231e6
0.3180799999999978	20521.693410250104	2.1799007046683904e7	6.947822314579486e6
0.3187199999999978	20522.732757410577	2.179899748865377e7	6.96175820695665e6
0.31935999999999776	20523.774053596564	2.1798987912386972e7	6.975694081271695e6
0.31999999999999773	20524.817921441452	2.17989783121353e7	6.9896299360698275e6
0.3206399999999977	20525.86370985754	2.1798968693055395e7	7.003565772511161e6
0.3212799999999977	20526.911931373088	2.1798959051514316e7	7.017501589736531e6
0.32191999999999765	20527.962310759456	2.17989493892568e7	7.031437388073178e6
0.3225599999999976	20529.014977318973	2.1798939705884527e7	7.045373167436297e6
0.3231999999999976	20530.069883063763	2.1798930000729706e7	7.059308927532646e6
0.3238399999999976	20531.127139731852	2.1798920273912247e7	7.07324466843049e6
0.32447999999999755	20532.186491192042	2.1798910526856065e7	7.087180390372733e6
0.3251199999999975	20533.248216494707	2.1798900757515784e7	7.101116092839826e6
0.3257599999999975	20534.31218769697	2.179889096722127e7	7.115051776131379e6
0.32639999999999747	20535.378539685797	2.1798881154002674e7	7.12898743965075e6
0.32703999999999744	20536.44711847472	2.1798871319471575e7	7.142923083772777e6
0.3276799999999974	20537.518110954392	2.1798861462824434e7	7.156858708314612e6
0.3283199999999974	20538.59137782615	2.179885158357857e7	7.170794312977118e6
0.32895999999999737	20539.666937896614	2.1798841683457915e7	7.184729898292264e6
0.32959999999999734	20540.744856215035	2.1798831761679046e7	7.198665464000962e6
0.3302399999999973	20541.825081332307	2.1798821817027133e7	7.212601009621455e6
0.3308799999999973	20542.90764678849	2.179881185069044e7	7.226536535521013e6
0.33151999999999726	20543.992605180025	2.1798801861072324e7	7.240472041159348e6
0.33215999999999724	20545.079934542733	2.179879184996456e7	7.254407527067653e6
0.3327999999999972	20546.169617524636	2.1798781816072073e7	7.268342992757537e6
0.3334399999999972	20547.261704695087	2.1798771759270363e7	7.28227843817293e6
0.33407999999999716	20548.35620718359	2.179876167959202e7	7.296213863283528e6
0.33471999999999713	20549.453083309076	2.179875157770823e7	7.3101492682377e6
0.3353599999999971	20550.552251192603	2.1798741453930486e7	7.324084653038298e6
0.3359999999999971	20551.65400089344	2.179873130551764e7	7.338020016910457e6
0.33663999999999705	20552.758048314434	2.1798721136269473e7	7.351955360892621e6
0.337279999999997	20553.864602612008	2.1798710942460503e7	7.365890683822457e6
0.337919999999997	20554.973588985536	2.179870072571448e7	7.379825986147166e6
0.338559999999997	20556.084945376195	2.179869048742517e7	7.39376126824887e6
0.33919999999999695	20557.198829002275	2.1798680223833438e7	7.40769652891044e6
0.3398399999999969	20558.31517117424	2.179866993727077e7	7.421631768825434e6
0.3404799999999969	20559.433954244312	2.179865962777867e7	7.435566987947518e6
0.34111999999999687	20560.55509869559	2.1798649296578098e7	7.449502186592082e6
0.34175999999999684	20561.67894343961	2.179863893886302e7	7.463437363293487e6
0.3423999999999968	20562.80518243103	2.179862855919523e7	7.477372519356345e6
0.3430399999999968	20563.93393744003	2.179861815475456e7	7.491307653846474e6
0.34367999999999677	20565.065121820673	2.1798607728209574e7	7.505242767571749e6
0.34431999999999674	20566.198948880974	2.1798597276292764e7	7.519177859499856e6
0.3449599999999967	20567.335204487004	2.1798586800932344e7	7.533112930101898e6
0.3455999999999967	20568.473981511695	2.1798576302181337e7	7.547047979407298e6
0.34623999999999666	20569.6154549954	2.1798565777827315e7	7.560983006714715e6
0.34687999999999664	20570.759277788875	2.1798555230967578e7	7.574918012817469e6
0.3475199999999966	20571.905841997373	2.179854465762454e7	7.588852996541393e6
0.3481599999999966	20573.05490711859	2.179853406155031e7	7.602787958979938e6
0.34879999999999656	20574.206479483753	2.1798523441651806e7	7.616722899707515e6
0.34943999999999653	20575.36077694916	2.179851279555726e7	7.630657817986505e6
0.3500799999999965	20576.517579131367	2.179850212567812e7	7.644592714462349e6
0.3507199999999965	20577.67700912926	2.179849143113543e7	7.65852758885623e6
0.35135999999999645	20578.83907699673	2.17984807115691e7	7.672462440995744e6
0.3519999999999964	20580.003624279325	2.179846996817934e7	7.686397271147583e6
0.3526399999999964	20581.17102337109	2.179845919794967e7	7.700332078438583e6
0.3532799999999964	20582.34093526973	2.1798448403384224e7	7.714266863477157e6
0.35391999999999635	20583.513531134926	2.17984375841916e7	7.728201626219207e6
0.3545599999999963	20584.688827333084	2.179842673925882e7	7.742136366228241e6
0.3551999999999963	20585.866723752224	2.17984158686975e7	7.756071083424747e6
0.35583999999999627	20587.047376507202	2.1798404973486066e7	7.770005778203252e6
0.35647999999999624	20588.23063180544	2.1798394052081455e7	7.783940449862095e6
0.3571199999999962	20589.41664142675	2.1798383105781652e7	7.797875098907102e6
0.3577599999999962	20590.60518590847	2.1798372134479195e7	7.811809725105791e6
0.35839999999999617	20591.796665584265	2.17983611363918e7	7.825744328023377e6
0.35903999999999614	20592.990739046556	2.1798350112677258e7	7.839678907799657e6
0.3596799999999961	20594.187614094815	2.1798339062693145e7	7.853613464282443e6
0.3603199999999961	20595.387168182722	2.179832798720626e7	7.867547997613818e6
0.36095999999999606	20596.589573226873	2.1798316884568676e7	7.881482507254698e6
0.36159999999999604	20597.794610581892	2.179830575583251e7	7.895416993388344e6
0.362239999999996	20599.002596411698	2.179829460149438e7	7.909351456341124e6
0.362879999999996	20600.213288417533	2.1798283420441426e7	7.923285895500014e6
0.36351999999999596	20601.4266138746	2.1798272213150524e7	7.9372203109355895e6
0.36415999999999593	20602.64295712906	2.1798260978865672e7	7.951154702561496e6
0.3647999999999959	20603.86191474832	2.179824971914051e7	7.965089070630617e6
0.3654399999999959	20605.08379145855	2.1798238432260346e7	7.979023414655838e6
0.36607999999999585	20606.308496486054	2.1798227117535938e7	7.992957734269558e6
0.3667199999999958	20607.536164597946	2.1798215775340676e7	8.006892029635159e6
0.3673599999999958	20608.766491589875	2.1798204407171603e7	8.020826301051708e6
0.3679999999999958	20609.999783896255	2.1798193011772368e7	8.034760548195562e6
0.36863999999999575	20611.235896594037	2.179818158933626e7	8.048694770988501e6
0.3692799999999957	20612.47488272914	2.1798170138379507e7	8.062628968858726e6
0.3699199999999957	20613.716834460887	2.179815866060853e7	8.076563142435271e6
0.37055999999999567	20614.961587009795	2.1798147156091467e7	8.0904972915824875e6
0.37119999999999564	20616.209289299237	2.1798135623377737e7	8.104431415798833e6
0.3718399999999956	20617.459944139453	2.1798124062173408e7	8.118365514916975e6
0.3724799999999956	20618.71348976946	2.1798112473488558e7	8.132299589214022e6
0.37311999999999557	20619.97006514413	2.179810085663756e7	8.146233638462947e6
0.37375999999999554	20621.229575853107	2.17980892115077e7	8.160167662502604e6
0.3743999999999955	20622.491766494248	2.179807754099305e7	8.174101662196819e6
0.3750399999999955	20623.757223204357	2.1798065839292817e7	8.188035635682494e6
0.37567999999999546	20625.02564360373	2.179805410934948e7	8.201969583810129e6
0.37631999999999544	20626.29697289745	2.1798042351641513e7	8.215903506665692e6
0.3769599999999954	20627.57141651102	2.179803056456691e7	8.229837403714386e6
0.3775999999999954	20628.848741098805	2.179801875029856e7	8.243771275569096e6
0.37823999999999536	20630.12918472297	2.1798006905960284e7	8.25770512123221e6
0.37887999999999533	20631.412568100128	2.179799503354558e7	8.271638941283946e6
0.3795199999999953	20632.69909419669	2.179798313197296e7	8.2855727353802435e6
0.3801599999999953	20633.988688248763	2.1797971200743757e7	8.299506503223169e6
0.38079999999999525	20635.28133543032	2.1797959240259644e7	8.313440244893667e6
0.3814399999999952	20636.577017056698	2.179794725147894e7	8.327373960683694e6
0.3820799999999952	20637.87583077278	2.1797935232530594e7	8.341307649878535e6
0.3827199999999952	20639.177709763524	2.179792318393721e7	8.355241312573027e6
0.38335999999999515	20640.482690931138	2.1797911106591742e7	8.36917494906944e6
0.3839999999999951	20641.790926903857	2.1797898997712716e7	8.383108558332549e6
0.3846399999999951	20643.102148155253	2.179788686083517e7	8.397042141489422e6
0.38527999999999507	20644.41661431843	2.1797874692350138e7	8.410975697249709e6
0.38591999999999504	20645.734156874678	2.1797862495347984e7	8.42490922663564e6
0.386559999999995	20647.054903130633	2.179785026755625e7	8.438842728786211e6
0.387199999999995	20648.378962822746	2.1797838008546464e7	8.4527762035375e6
0.38783999999999497	20649.70608191326	2.179782572049295e7	8.466709651510982e6
0.38847999999999494	20651.036317480346	2.1797813401766285e7	8.480643072046923e6
0.3891199999999949	20652.369899019035	2.1797801051610455e7	8.494576464926463e6
0.3897599999999949	20653.706674228946	2.1797788671394475e7	8.50850983052348e6
0.39039999999999486	20655.04679825088	2.1797776258985795e7	8.522443168036157e6
0.39103999999999484	20656.38994352974	2.1797763818649568e7	8.536376478864627e6
0.3916799999999948	20657.736598812873	2.1797751343417108e7	8.55030976051729e6
0.3923199999999948	20659.086429833562	2.1797738838835176e7	8.564243014893385e6
0.39295999999999476	20660.439637731797	2.179772630189864e7	8.578176240871664e6
0.39359999999999473	20661.796082885605	2.1797713733897682e7	8.592109438806674e6
0.3942399999999947	20663.15567232321	2.179770113649376e7	8.60604260923125e6
0.3948799999999947	20664.518692510093	2.179768850556659e7	8.61997575062923e6
0.39551999999999465	20665.88523480357	2.1797675841358755e7	8.633908863080833e6
0.3961599999999946	20667.254870072866	2.1797663147555977e7	8.647841947716404e6
0.3967999999999946	20668.628022520727	2.179765042049677e7	8.661775003276186e6
0.3974399999999946	20670.004488562554	2.1797637662490204e7	8.675708030484617e6
0.39807999999999455	20671.384397199286	2.179762487071998e7	8.689641028232453e6
0.3987199999999945	20672.76757693135	2.179761204770172e7	8.703573997348167e6
0.3993599999999945	20674.15448834128	2.1797599189504094e7	8.717506936472112e6
0.39999999999999447	20675.544460136392	2.1797586301479507e7	8.731439847267764e6
0.40063999999999445	20676.93803930543	2.179757338086562e7	8.745372728893118e6
0.4012799999999944	20678.334988157167	2.179756042635091e7	8.759305580610082e6
0.4019199999999944	20679.73551052055	2.179754743933971e7	8.773238403033424e6
0.40255999999999437	20681.139431125506	2.179753441773084e7	8.787171195143336e6
0.40319999999999434	20682.54685709354	2.179752136414932e7	8.801103957989197e6
0.4038399999999943	20683.957867377387	2.1797508275605563e7	8.815036690342642e6
0.4044799999999943	20685.372374516108	2.1797495154389575e7	8.828969393003842e6
0.40511999999999426	20686.790267513537	2.1797481999647163e7	8.842902065491272e6
0.40575999999999424	20688.21186270277	2.179746881126488e7	8.856834707876004e6
0.4063999999999942	20689.636928240492	2.179745558908206e7	8.870767319883427e6
0.4070399999999942	20691.065538598592	2.179744233266955e7	8.884699901311453e6
0.40767999999999416	20692.49785778114	2.179742904122274e7	8.89863245185668e6
0.40831999999999413	20693.93366364586	2.179741571663055e7	8.912564972084563e6
0.4089599999999941	20695.373163764136	2.1797402356431063e7	8.92649746104063e6
0.4095999999999941	20696.8163639716	2.1797388961163618e7	8.940429918873778e6
0.41023999999999405	20698.262933865673	2.1797375533326015e7	8.95436234633941e6
0.41087999999999403	20699.71337834519	2.1797362068957344e7	8.968294742038514e6
0.411519999999994	20701.16729858024	2.1797348571681183e7	8.98222710714998e6
0.412159999999994	20702.625108531465	2.1797335036104824e7	8.996159439624634e6
0.41279999999999395	20704.08649519285	2.179732146731768e7	9.010091741298584e6
0.4134399999999939	20705.551622903025	2.179730786257556e7	9.024024011063037e6
0.4140799999999939	20707.020469045274	2.1797294221824735e7	9.037956248806277e6
0.41471999999999387	20708.49318680498	2.179728054577977e7	9.051888454838026e6
0.41535999999999385	20709.969522653184	2.179726683350223e7	9.065820628545076e6
0.4159999999999938	20711.449657930312	2.1797253085147504e7	9.07975277002146e6
0.4166399999999938	20712.93342870356	2.1797239302088205e7	9.093684879666863e6
0.41727999999999377	20714.42109065457	2.1797225481746014e7	9.107616956480788e6
0.41791999999999374	20715.91259347177	2.179721162539122e7	9.12154900088577e6
0.4185599999999937	20717.40803211446	2.1797197731001507e7	9.135481012014046e6
0.4191999999999937	20718.907114432128	2.179718380079383e7	9.149412990544697e6
0.41983999999999366	20720.409978322154	2.1797169836271264e7	9.163344937113011e6
0.42047999999999364	20721.91696945192	2.1797155831391737e7	9.177276849305596e6
0.4211199999999936	20723.427773243067	2.179714179011323e7	9.19120872852172e6
0.4217599999999936	20724.942457635992	2.1797127711402338e7	9.205140574287614e6
0.42239999999999356	20726.461049051966	2.179711359615715e7	9.21907238691857e6
0.42303999999999353	20727.983712809866	2.1797099441507015e7	9.23300416521793e6
0.4236799999999935	20729.510043739454	2.1797085251828235e7	9.246935910722854e6
0.4243199999999935	20731.040568300017	2.1797071021252688e7	9.260867621172158e6
0.42495999999999345	20732.574912298445	2.179705675504317e7	9.274799298500571e6
0.42559999999999343	20734.1133973344	2.179704244944001e7	9.288730941216953e6
0.4262399999999934	20735.655758891717	2.1797028106157426e7	9.30266254981662e6
0.4268799999999934	20737.202139749916	2.179701372436004e7	9.316594123945003e6
0.42751999999999335	20738.75253039263	2.179699930473871e7	9.330525663810348e6
0.4281599999999933	20740.30731104029	2.1796984842755318e7	9.344457167606717e6
0.4287999999999933	20741.86599517995	2.1796970343971808e7	9.358388637351412e6
0.42943999999999327	20743.42841456738	2.1796955808516297e7	9.372320072925309e6
0.43007999999999325	20744.9953612529	2.179694123045019e7	9.386251472148156e6
0.4307199999999932	20746.566127230715	2.179692661463457e7	9.400182836620163e6
0.4313599999999932	20748.141348735935	2.1796911958353713e7	9.414114165451854e6
0.43199999999999317	20749.720611537028	2.179689726172927e7	9.428045458374249e6
0.43263999999999314	20751.303843252146	2.179688252748869e7	9.441976716441065e6
0.4332799999999931	20752.891422752706	2.1796867751155585e7	9.455907937847644e6
0.4339199999999931	20754.48333981535	2.1796852934050746e7	9.469839123072151e6
0.43455999999999306	20756.079304565243	2.1796838078020632e7	9.48377027266647e6
0.43519999999999304	20757.67949394154	2.1796823182164483e7	9.49770138625601e6
0.435839999999993	20759.2840026541	2.179680824421533e7	9.511632462821594e6
0.436479999999993	20760.892825010713	2.1796793264263097e7	9.525563502310153e6
0.43711999999999296	20762.505882231213	2.179677824503782e7	9.539494505781768e6
0.43775999999999293	20764.12329995964	2.1796763182441797e7	9.553425471429737e6
0.4383999999999929	20765.745032600043	2.179674808028645e7	9.567356400807735e6
0.4390399999999929	20767.371047011446	2.1796732936055716e7	9.581287292708278e6
0.43967999999999285	20769.00143008569	2.1796717749908134e7	9.595218147160757e6
0.44031999999999283	20770.636294089898	2.179670252124125e7	9.609148963873869e6
0.4409599999999928	20772.275380587784	2.1796687252749786e7	9.623079743801152e6
0.4415999999999928	20773.918921828248	2.1796671939438786e7	9.63701048478196e6
0.44223999999999275	20775.56692219129	2.1796656585524343e7	9.650941188588649e6
0.4428799999999927	20777.219355469275	2.1796641187929153e7	9.664871853757223e6
0.4435199999999927	20778.876379375608	2.179662574715531e7	9.678802480505759e6
0.44415999999999267	20780.537655341162	2.179661026443053e7	9.69273306909965e6
0.44479999999999265	20782.203767224033	2.1796594737029314e7	9.70666361856204e6
0.4454399999999926	20783.874083059327	2.179657916896573e7	9.720594130235435e6
0.4460799999999926	20785.549098710184	2.1796563554936305e7	9.734524601942582e6
0.44671999999999257	20787.228770247915	2.1796547896108024e7	9.748455034083217e6
0.44735999999999254	20788.912838611694	2.1796532195880495e7	9.762385427940067e6
0.4479999999999925	20790.601531685777	2.1796516451510966e7	9.77631578232224e6
0.4486399999999925	20792.29479848039	2.1796500662812706e7	9.79024609702422e6
0.44927999999999246	20793.99268325698	2.1796484828523226e7	9.804176371409273e6
0.44991999999999244	20795.695433234345	2.1796468948634636e7	9.818106605513444e6
0.4505599999999924	20797.402744708896	2.179645302554326e7	9.83203680015266e6
0.4511999999999924	20799.114764475857	2.1796437057089884e7	9.845966954341533e6
0.45183999999999236	20800.831491592224	2.179642104360023e7	9.859897068130592e6
0.45247999999999233	20802.552755956873	2.1796404985541385e7	9.87382714154254e6
0.4531199999999923	20804.279146489655	2.179638887982692e7	9.887757173406638e6
0.4537599999999923	20806.010182672155	2.1796372728429053e7	9.901687164253982e6
0.45439999999999225	20807.74600878748	2.179635653114672e7	9.915617113975296e6
0.45503999999999223	20809.486494027875	2.179634029059565e7	9.929547023592262e6
0.4556799999999922	20811.23192951363	2.179632399961732e7	9.943476889909323e6
0.4563199999999922	20812.982244167673	2.1796307664422143e7	9.95740671561545e6
0.45695999999999215	20814.737338198578	2.1796291282004807e7	9.971336499188881e6
0.4575999999999921	20816.497362215512	2.1796274852702737e7	9.985266240765868e6
0.4582399999999921	20818.262405641555	2.1796258375267986e7	9.99919593972351e6
0.45887999999999207	20820.032256712762	2.1796241852448687e7	1.0013125597106233e7
0.45951999999999205	20821.807023872723	2.1796225280667953e7	1.0027055211232627e7
0.460159999999992	20823.586998374834	2.1796208658965074e7	1.0040984781714398e7
0.460799999999992	20825.37161307075	2.1796191993941672e7	1.0054914311181916e7
0.46143999999999197	20827.16151206194	2.1796175277313963e7	1.0068843796067517e7
0.46207999999999194	20828.956460651752	2.179615851236991e7	1.0082773237655027e7
0.4627199999999919	20830.756457973243	2.1796141699387014e7	1.0096702635969924e7
0.4633599999999919	20832.561398031736	2.179612483842646e7	1.0110631990881748e7
0.46399999999999186	20834.3716820407	2.179610792557655e7	1.0124561300688915e7
0.46463999999999184	20836.186910997032	2.1796090966383647e7	1.0138490567644993e7
0.4652799999999918	20838.007333464735	2.1796073956542324e7	1.0152419789781185e7
0.4659199999999918	20839.833040535268	2.1796056896034863e7	1.0166348967030672e7
0.46655999999999176	20841.663712987214	2.1796039786713257e7	1.0180278099979814e7
0.46719999999999173	20843.49984582986	2.179602262674899e7	1.0194207187934807e7
0.4678399999999917	20845.341222670824	2.179600541495318e7	1.020813623011657e7
0.4684799999999917	20847.187660241765	2.179598815615151e7	1.022206522857885e7
0.46911999999999165	20849.03956131589	2.1795970844034784e7	1.0235994180475729e7
0.46975999999999163	20850.896693392515	2.1795953481964048e7	1.0249923087149952e7
0.4703999999999916	20852.759200573386	2.1795936066582084e7	1.0263851946992652e7
0.4710399999999916	20854.626866600323	2.1795918603820894e7	1.0277780762570966e7
0.47167999999999155	20856.500004847425	2.1795901086769514e7	1.029170953068982e7
0.4723199999999915	20858.3787218104	2.17958835153726e7	1.0305638251264527e7
0.4729599999999915	20860.2628149075	2.1795865893186327e7	1.0319566925755188e7
0.47359999999999147	20862.152219293646	2.179584822193528e7	1.03334955548366e7
0.47423999999999145	20864.047058853765	2.179583049601546e7	1.0347424135811849e7
0.4748799999999914	20865.947599597534	2.17958127160045e7	1.0361352668979531e7
0.4755199999999914	20867.853485588006	2.1795794883785456e7	1.0375281154933594e7
0.47615999999999137	20869.76499005191	2.1795776997999173e7	1.0389209593059488e7
0.47679999999999134	20871.682015412865	2.1795759059403982e7	1.0403137983554095e7
0.4774399999999913	20873.604699838754	2.1795741065077182e7	1.041706632498221e7
0.4780799999999913	20875.533144185178	2.1795723017328337e7	1.0430994618382754e7
0.47871999999999126	20877.467068035272	2.1795704915846106e7	1.0444922863346882e7
0.47935999999999124	20879.406760696518	2.1795686757597227e7	1.0458851058457505e7
0.4799999999999912	20881.352228612497	2.1795668545481004e7	1.047277920498957e7
0.4806399999999912	20883.30304045241	2.1795650282003347e7	1.0486707303808987e7
0.48127999999999116	20885.260051159134	2.1795631957732644e7	1.0500635350711111e7
0.48191999999999113	20887.222507332626	2.179561358229969e7	1.0514563349818273e7
0.4825599999999911	20889.19105145996	2.17955951467907e7	1.0528491297052793e7
0.4831999999999911	20891.165180443113	2.1795576658607323e7	1.0542419195604118e7
0.48383999999999106	20893.145404189978	2.179555811036167e7	1.0556347042049022e7
0.48447999999999103	20895.13113429519	2.1795539510522243e7	1.0570274840059971e7
0.485119999999991	20897.123102730005	2.1795520848932646e7	1.0584202584977143e7
0.485759999999991	20899.120659696466	2.1795502134918436e7	1.0598130280865826e7
0.48639999999999095	20901.124261296973	2.1795483362258602e7	1.0612057924822988e7
0.4870399999999909	20903.13432595983	2.1795464526463874e7	1.0625985514752612e7
0.4876799999999909	20905.149876227737	2.1795445639801875e7	1.0639913056002969e7
0.4883199999999909	20907.171519513362	2.179542669204751e7	1.0653840543783545e7
0.48895999999999085	20909.199188396506	2.17954076878652e7	1.0667767980211608e7
0.4895999999999908	20911.233365356173	2.1795388621244736e7	1.06816953624709e7
0.4902399999999908	20913.273189401843	2.1795369498440187e7	1.0695622693056148e7
0.49087999999999077	20915.319533921756	2.1795350312298223e7	1.070954996878186e7
0.49151999999999074	20917.371831435492	2.179533107197847e7	1.0723477193727503e7
0.4921599999999907	20919.43032628323	2.1795311770112272e7	1.0737404364275152e7
0.4927999999999907	20921.49492885837	2.1795292408472825e7	1.0751331481123121e7
0.49343999999999066	20923.566119855874	2.1795272984437343e7	1.0765258543094233e7
0.49407999999999064	20925.64348546978	2.17952535022292e7	1.0779185551933369e7
0.4947199999999906	20927.72738975048	2.179523395398043e7	1.0793112503808487e7
0.4953599999999906	20929.817355813982	2.1795214349056795e7	1.0807039402979007e7
0.49599999999999056	20931.91366857364	2.1795194681740474e7	1.082096624663203e7
0.49663999999999053	20934.016516046835	2.179517495213928e7	1.0834893034783764e7
0.4972799999999905	20936.125824617324	2.1795155160467822e7	1.0848819767371783e7
0.4979199999999905	20938.24159955095	2.179513530625034e7	1.0862746444030264e7
0.49855999999999046	20940.36385832208	2.1795115389106765e7	1.087667306444598e7
0.49919999999999043	20942.49250580148	2.179509541027949e7	1.0890599629058218e7
0.4998399999999904	20944.628054730423	2.1795075364692315e7	1.0904526135455454e7
0.5004799999999904	20946.769981016347	2.1795055257942043e7	1.0918452586035542e7
0.5011199999999904	20948.918405861605	2.1795035088431522e7	1.093237897992891e7
0.5017599999999903	20951.073637160367	2.1795014851623148e7	1.09463053148792e7
0.5023999999999903	20953.23528695122	2.179499455622106e7	1.0960231594924036e7
0.5030399999999903	20955.403990173472	2.179497419006295e7	1.0974157814136012e7
0.5036799999999902	20957.579508350496	2.179495376063134e7	1.0988083976016166e7
0.5043199999999902	20959.76162597803	2.1794933265132286e7	1.1002010078914065e7
0.5049599999999902	20961.95039721792	2.179491270607259e7	1.101593612398284e7
0.5055999999999902	20964.146160847253	2.179489207867547e7	1.1029862108840026e7
0.5062399999999901	20966.348873208222	2.17948713843305e7	1.1043788034022894e7
0.5068799999999901	20968.558463450816	2.1794850624639664e7	1.1057713900166634e7
0.5075199999999901	20970.774999738995	2.1794829797329858e7	1.1071639706012506e7
0.5081599999999901	20972.998429935822	2.1794808904349633e7	1.1085565452381872e7
0.50879999999999	20975.228982339133	2.179478794016731e7	1.1099491136433037e7
0.50943999999999	20977.466530688114	2.1794766910066746e7	1.1113416760645479e7
0.51007999999999	20979.71123313141	2.179474581039442e7	1.1127342323093105e7
0.51071999999999	20981.963018392347	2.1794724641877245e7	1.1141267823964968e7
0.5113599999999899	20984.221574442883	2.1794703409022007e7	1.1155193265267411e7
0.5119999999999899	20986.48783811479	2.1794682101138536e7	1.1169118641847711e7
0.5126399999999899	20988.760929480733	2.1794660727021735e7	1.1183043957626794e7
0.5132799999999899	20991.041369762253	2.179463928277882e7	1.119696921071998e7
0.5139199999999898	20993.32947186846	2.1794617765050847e7	1.1210894399404395e7
0.5145599999999898	20995.62446071218	2.179459617732919e7	1.1224819524944495e7
0.5151999999999898	20997.926878444647	2.1794574521231066e7	1.1238744588288693e7
0.5158399999999898	21000.236700717192	2.1794552791282147e7	1.125266958645578e7
0.5164799999999897	21002.55414204106	2.1794530989124224e7	1.1266594520241415e7
0.5171199999999897	21004.87856776632	2.17945091179651e7	1.128051939084469e7
0.5177599999999897	21007.21096751422	2.1794487171099696e7	1.1294444195125328e7
0.5183999999999896	21009.551005832967	2.1794465148713056e7	1.1308368932857033e7
0.5190399999999896	21011.89829733175	2.179444305816993e7	1.132229360751738e7
0.5196799999999896	21014.253280642406	2.1794420892441295e7	1.1336218215519425e7
0.5203199999999896	21016.615830902967	2.179439865401992e7	1.1350142757941185e7
0.5209599999999895	21018.986103152234	2.1794376339380685e7	1.1364067232866388e7
0.5215999999999895	21021.364161617115	2.1794353952304795e7	1.137799164213687e7
0.5222399999999895	21023.750067330704	2.179433148596834e7	1.1391915982064046e7
0.5228799999999895	21026.143900723204	2.179430894410812e7	1.140584025447294e7
0.5235199999999894	21028.545341744746	2.179428632689073e7	1.141976445913804e7
0.5241599999999894	21030.95464680653	2.1794263637230143e7	1.1433688597549459e7
0.5247999999999894	21033.371802800404	2.179424086920488e7	1.1447612666439181e7
0.5254399999999894	21035.797039454	2.1794218022788372e7	1.1461536665736735e7
0.5260799999999893	21038.23028745488	2.1794195099872723e7	1.1475460596238641e7
0.5267199999999893	21040.67159851906	2.179417209846363e7	1.1489384456756677e7
0.5273599999999893	21043.120840425003	2.1794149020494726e7	1.1503308248081883e7
0.5279999999999893	21045.578551261966	2.179412586009563e7	1.1517231967206454e7
0.5286399999999892	21048.04381768509	2.1794102628052894e7	1.153115561922755e7
0.5292799999999892	21050.517999151023	2.179407930681684e7	1.154507919534434e7
0.5299199999999892	21052.999790471444	2.179405591361589e7	1.1559002703884602e7
0.5305599999999892	21055.49031083461	2.1794032433431707e7	1.157292613725281e7
0.5311999999999891	21057.98906625845	2.1794008876703188e7	1.158684950057876e7
0.5318399999999891	21060.49593605867	2.1793985242356542e7	1.1600772793072091e7
0.5324799999999891	21063.011353600374	2.1793961521652974e7	1.1614696010117574e7
0.533119999999989	21065.535368782912	2.179393771901987e7	1.1628619153916612e7
0.533759999999989	21068.06808156817	2.1793913832135964e7	1.1642542223103004e7
0.534399999999989	21070.608747048376	2.179388986875253e7	1.1656465221293738e7
0.535039999999989	21073.15835210809	2.1793865816935327e7	1.1670388142400233e7
0.5356799999999889	21075.71659236688	2.1793841684150413e7	1.168431099009362e7
0.5363199999999889	21078.283519442037	2.179381746460933e7	1.1698233761121329e7
0.5369599999999889	21080.859096254273	2.179379316152202e7	1.1712156457006551e7
0.5375999999999889	21083.44354380056	2.1793768773403496e7	1.172607907687613e7
0.5382399999999888	21086.03658171012	2.1793744303232748e7	1.1740001622023722e7
0.5388799999999888	21088.638690408567	2.1793719743412185e7	1.1753924088402636e7
0.5395199999999888	21091.24978184688	2.179369509639973e7	1.1767846477108883e7
0.5401599999999888	21093.869512915797	2.1793670365854103e7	1.1781768789776327e7
0.5407999999999887	21096.498459280785	2.1793645546356197e7	1.1795691023561688e7
0.5414399999999887	21099.136250040403	2.17936206409628e7	1.1809613179761471e7
0.5420799999999887	21101.783398289714	2.1793595644889206e7	1.182353525583504e7
0.5427199999999887	21104.439609644116	2.1793570559590492e7	1.1837457252245402e7
0.5433599999999886	21107.104962795373	2.1793545387548927e7	1.1851379170188548e7
0.5439999999999886	21109.779466048836	2.1793520126687597e7	1.1865301008354323e7
0.5446399999999886	21112.463266621606	2.1793494771837402e7	1.1879222763806364e7
0.5452799999999886	21115.15665679449	2.1793469328105856e7	1.189314443926429e7
0.5459199999999885	21117.859193112567	2.17934437952052e7	1.190706603418058e7
0.5465599999999885	21120.57085499466	2.179341817116654e7	1.1920987547281023e7
0.5471999999999885	21123.292822684263	2.179339244952513e7	1.193490897537001e7
0.5478399999999884	21126.023807930458	2.17933666410184e7	1.1948830323540263e7
0.5484799999999884	21128.764520867942	2.1793340736049924e7	1.1962751586664874e7
0.5491199999999884	21131.514808845375	2.1793314737784673e7	1.1976672766209079e7
0.5497599999999884	21134.274863398066	2.1793288646787353e7	1.1990593862372058e7
0.5503999999999883	21137.04468047583	2.1793262459738266e7	1.200451487312803e7
0.5510399999999883	21139.823945845896	2.1793236181274567e7	1.201843580068801e7
0.5516799999999883	21142.613425037864	2.1793209802692864e7	1.2032356640400058e7
0.5523199999999883	21145.412560209636	2.1793183331368092e7	1.2046277395875923e7
0.5529599999999882	21148.221804916022	2.1793156763598476e7	1.2060198065074826e7
0.5535999999999882	21151.041060852265	2.1793130097153142e7	1.2074118646513289e7
0.5542399999999882	21153.87029573236	2.1793103332425494e7	1.2088039140186274e7
0.5548799999999882	21156.709471174985	2.1793076471605826e7	1.2101959547084194e7
0.5555199999999881	21159.55907975247	2.179304950912661e7	1.2115879864129525e7
0.5561599999999881	21162.418887158117	2.1793022448600218e7	1.2129800093012115e7
0.5567999999999881	21165.288910285344	2.179299528763866e7	1.2143720232201986e7
0.5574399999999881	21168.16941103274	2.1792968028059617e7	1.2157640282615839e7
0.558079999999988	21171.060205185226	2.1792940664561242e7	1.2171560241003953e7
0.558719999999988	21173.961253060428	2.179291320183722e7	1.218548010975198e7
0.559359999999988	21176.87354995312	2.1792885632807534e7	1.2199399885128012e7
0.559999999999988	21179.7954175095	2.1792857969084248e7	1.2213319572670622e7
0.5606399999999879	21182.728734791322	2.1792830195139617e7	1.222723916429973e7
0.5612799999999879	21185.67228613163	2.179280231947691e7	1.2241158664021108e7
0.5619199999999879	21188.62620595168	2.179277434554329e7	1.2255078073615726e7
0.5625599999999878	21191.591899923977	2.179274625323994e7	1.22689973821831e7
0.5631999999999878	21194.56772896062	2.1792718066138398e7	1.228291660203289e7
0.5638399999999878	21197.554817215052	2.1792689769462798e7	1.2296835725122714e7
0.5644799999999878	21200.55316196639	2.1792661363243036e7	1.2310754751236264e7
0.5651199999999877	21203.561814244742	2.179263285467418e7	1.2324673683794985e7
0.5657599999999877	21206.582239758074	2.179260422946006e7	1.233859251513085e7
0.5663999999999877	21209.613879239278	2.1792575502260044e7	1.235251125305786e7
0.5670399999999877	21212.655775917818	2.179254667028356e7	1.2366429895362064e7
0.5676799999999876	21215.710088071053	2.179251771754289e7	1.2380348433679754e7
0.5683199999999876	21218.775815566998	2.1792488656931877e7	1.2394266874651318e7
0.5689599999999876	21221.851781582198	2.1792459495115742e7	1.2408185221332716e7
0.5695999999999876	21224.940247127983	2.1792430209335383e7	1.2422103461519526e7
0.5702399999999875	21228.03998179195	2.1792400817333784e7	1.243602160453872e7
0.5708799999999875	21231.151425376967	2.1792371310331702e7	1.2449939645341547e7
0.5715199999999875	21234.274364115765	2.1792341689723913e7	1.2463857584390275e7
0.5721599999999875	21237.409170414474	2.1792311957686655e7	1.2477775422849193e7
0.5727999999999874	21240.556078274876	2.1792282105265837e7	1.2491693155452637e7
0.5734399999999874	21243.714323385873	2.1792252144544885e7	1.2505610788549328e7
0.5740799999999874	21246.885362057375	2.179222205698268e7	1.251952831188575e7
0.5747199999999874	21250.06749636741	2.1792191861451544e7	1.253344573531801e7
0.5753599999999873	21253.26239204237	2.1792161540795576e7	1.2547363049454024e7
0.5759999999999873	21256.469094347878	2.1792131108556174e7	1.2561280261424083e7
0.5766399999999873	21259.68797349558	2.1792100553784247e7	1.2575197364834331e7
0.5772799999999872	21262.919858338777	2.179206987543131e7	1.2589114359171227e7
0.5779199999999872	21266.16315303211	2.1792039084708977e7	1.2603031249978365e7
0.5785599999999872	21269.419862715826	2.179200816552258e7	1.2616948028551407e7
0.5791999999999872	21272.68869530037	2.1791977124221023e7	1.263086469775152e7
0.5798399999999871	21275.970519040227	2.1791945959570643e7	1.2644781256970441e7
0.5804799999999871	21279.26454319592	2.1791914672037356e7	1.2658697705885125e7
0.5811199999999871	21282.57123309971	2.1791883265519775e7	1.267261404669669e7
0.5817599999999871	21285.89136786524	2.179185173064029e7	1.268653027402271e7
0.582399999999987	21289.22346978121	2.1791820073384818e7	1.2700446390460016e7
0.583039999999987	21292.569222166134	2.1791788283280894e7	1.2714362390346684e7
0.583679999999987	21295.928423781545	2.1791756366187315e7	1.2728278276737317e7
0.584319999999987	21299.300172585514	2.1791724325522754e7	1.2742194050984912e7
0.5849599999999869	21302.68532060616	2.1791692156006925e7	1.2756109710092992e7
0.5855999999999869	21306.083495680083	2.1791659853074297e7	1.2770025250960633e7
0.5862399999999869	21309.495135608162	2.1791627425353758e7	1.278394067854641e7
0.5868799999999869	21312.920604140163	2.1791594860428903e7	1.2797855985448211e7
0.5875199999999868	21316.359385855092	2.1791562165932715e7	1.281177117564798e7
0.5881599999999868	21319.812186192437	2.1791529335590754e7	1.2825686245471532e7
0.5887999999999868	21323.278222662404	2.179149637543557e7	1.2839601197861332e7
0.5894399999999868	21326.758016132586	2.1791463281240802e7	1.2853516030265395e7
0.5900799999999867	21330.251471610867	2.1791430055134095e7	1.286743074361648e7
0.5907199999999867	21333.759285489083	2.1791396685985275e7	1.2881345331345297e7
0.5913599999999867	21337.28164079224	2.1791363178728424e7	1.2895259796142245e7
0.5919999999999866	21340.81779609448	2.1791329535312306e7	1.29091741385654e7
0.5926399999999866	21344.36805648104	2.179129575412603e7	1.2923088357496448e7
0.5932799999999866	21347.93238272281	2.179126183559718e7	1.2937002452881504e7
0.5939199999999866	21351.511131314095	2.1791227779916614e7	1.2950916424687987e7
0.5945599999999865	21355.104661853322	2.179119357635813e7	1.2964830266393296e7
0.5951999999999865	21358.713104766663	2.1791159228416823e7	1.297874397981821e7
0.5958399999999865	21362.335238929103	2.1791124746959317e7	1.2992657570638113e7
0.5964799999999865	21365.97311383761	2.1791090111950163e7	1.3006571027446635e7
0.5971199999999864	21369.625178314218	2.1791055340224102e7	1.302048435934616e7
0.5977599999999864	21373.292425313204	2.1791020417682983e7	1.3034397558019042e7
0.5983999999999864	21376.974731976057	2.1790985350888953e7	1.3048310627024014e7
0.5990399999999864	21380.672225897382	2.1790950132361848e7	1.3062223561625442e7
0.5996799999999863	21384.384888879806	2.17909147715328e7	1.3076136367151208e7
0.6003199999999863	21388.112365684647	2.1790879261848148e7	1.3090049039222699e7
0.6009599999999863	21391.856124475547	2.1790843593660694e7	1.3103961572313944e7
0.6015999999999863	21395.614819726048	2.1790807783099797e7	1.3117873975256717e7
0.6022399999999862	21399.39016623512	2.179077180446588e7	1.3131786232953751e7
0.6028799999999862	21403.180138873915	2.1790735691256322e7	1.314569836444106e7
0.6035199999999862	21406.986295228227	2.1790699412020106e7	1.3159610351068405e7
0.6041599999999862	21410.807794737666	2.1790662984020356e7	1.3173522202582905e7
0.6047999999999861	21414.6457417806	2.179062640042014e7	1.3187433914970951e7
0.6054399999999861	21418.50063735046	2.1790589649403855e7	1.3201345480946241e7
0.6060799999999861	21422.371073953465	2.1790552744514134e7	1.3215256907808276e7
0.606719999999986	21426.25781560212	2.179051568450242e7	1.3229168194774723e7
0.607359999999986	21430.160674739815	2.1790478465880375e7	1.324307933932413e7
0.607999999999986	21434.07996361111	2.1790441085942842e7	1.325699033959868e7
0.608639999999986	21438.01754625298	2.179040352690142e7	1.3270901185159875e7
0.6092799999999859	21441.9700414765	2.179036582209123e7	1.3284811894618044e7
0.6099199999999859	21445.940520291762	2.1790327942539826e7	1.3298722451191738e7
0.6105599999999859	21449.927667667285	2.1790289899414808e7	1.3312632860817295e7
0.6111999999999859	21453.931665631986	2.179025169561161e7	1.3326543124989105e7
0.6118399999999858	21457.953024605704	2.1790213321727958e7	1.3340453237811755e7
0.6124799999999858	21461.992485638253	2.179017476600474e7	1.335436319201031e7
0.6131199999999858	21466.04773635372	2.1790136062760476e7	1.3368273007347636e7
0.6137599999999858	21470.122156294507	2.1790097166766897e7	1.3382182657056188e7
0.6143999999999857	21474.212198909994	2.17900581207259e7	1.3396092165597582e7
0.6150399999999857	21478.32244229607	2.1790018880510915e7	1.3410001507276509e7
0.6156799999999857	21482.44877363691	2.178997947880906e7	1.3423910700225534e7
0.6163199999999857	21486.59412306211	2.17899398936046e7	1.3437819731659211e7
0.6169599999999856	21490.75770992813	2.1789900127625756e7	1.3451728602572884e7
0.6175999999999856	21494.93891855892	2.1789860192319337e7	1.3465637319418566e7
0.6182399999999856	21499.139471429608	2.1789820066773083e7	1.347954586956609e7
0.6188799999999856	21503.357699683584	2.1789779768634237e7	1.3493454262898546e7
0.6195199999999855	21507.59513459697	2.1789739286046024e7	1.350736249228773e7
0.6201599999999855	21511.850453450254	2.178969863208503e7	1.3521270564949773e7
0.6207999999999855	21516.12519778528	2.1789657778822552e7	1.3535178463767726e7
0.6214399999999854	21520.41985047251	2.178961673856835e7	1.3549086196154194e7
0.6220799999999854	21524.732421579327	2.1789575519160517e7	1.356299376583582e7
0.6227199999999854	21529.064771943933	2.178953410661424e7	1.357690116442766e7
0.6233599999999854	21533.416937876587	2.178949250230114e7	1.3590808392389603e7
0.6239999999999853	21537.787617900387	2.1789450720006328e7	1.360471545742796e7
0.6246399999999853	21542.178909465703	2.17894087299933e7	1.3618622341378152e7
0.6252799999999853	21546.589099256606	2.1789366560604796e7	1.363252906088192e7
0.6259199999999853	21551.02058205459	2.1789324178887527e7	1.3646435595828297e7
0.6265599999999852	21555.47172109775	2.17892816101757e7	1.3660341961030891e7
0.6271999999999852	21559.94234604396	2.1789238849081203e7	1.3674248152650015e7
0.6278399999999852	21564.43422810461	2.1789195876214862e7	1.3688154158764748e7
0.6284799999999852	21568.946452511344	2.178915270616506e7	1.370205998775633e7
0.6291199999999851	21573.479712508575	2.178910933773534e7	1.3715965638711508e7
0.6297599999999851	21578.032921086982	2.1789065765536573e7	1.372987110741269e7
0.6303999999999851	21582.607619737468	2.1789021988977946e7	1.3743776393627627e7
0.6310399999999851	21587.203101891897	2.1788978011727255e7	1.3757681498976516e7
0.631679999999985	21591.820684377635	2.178893381098923e7	1.3771586409119822e7
0.632319999999985	21596.458941517747	2.1788889417639554e7	1.3785491142585134e7
0.632959999999985	21601.118736378798	2.1788844809123166e7	1.3799395685003273e7
0.633599999999985	21605.80067357625	2.1788799981661476e7	1.3813300033747181e7
0.6342399999999849	21610.50427737545	2.178875494922857e7	1.3827204197042892e7
0.6348799999999849	21615.2301131791	2.1788709689000938e7	1.384110816017151e7
0.6355199999999849	21619.977716961537	2.178866422981949e7	1.3855011940812832e7
0.6361599999999848	21624.747912653333	2.1788618539808404e7	1.3868915518564723e7
0.6367999999999848	21629.54105359226	2.178857262981175e7	1.3882818899974456e7
0.6374399999999848	21634.355686013947	2.1788526503795356e7	1.38967220865765e7
0.6380799999999848	21639.195038662598	2.1788480146584135e7	1.3910625069400467e7
0.6387199999999847	21644.05713426617	2.1788433566068072e7	1.3924527852280136e7
0.6393599999999847	21648.940722762938	2.178838676470512e7	1.3938430435863791e7
0.6399999999999847	21653.849135578894	2.178833973303386e7	1.3952332814830143e7
0.6406399999999847	21658.780944625356	2.178829246324161e7	1.3966234983171033e7
0.6412799999999846	21663.73654791353	2.1788244973832916e7	1.3980136952393705e7
0.6419199999999846	21668.71530589244	2.1788197244881503e7	1.3994038709010733e7
0.6425599999999846	21673.718827807894	2.178814928058392e7	1.4007940255789481e7
0.6431999999999846	21678.745842115477	2.178810108148008e7	1.4021841592124118e7
0.6438399999999845	21683.79809868118	2.1788052643639367e7	1.403574271561126e7
0.6444799999999845	21688.87567032134	2.178800395642043e7	1.4049643618911814e7
0.6451199999999845	21693.97613181178	2.1787955045886647e7	1.4063544317451714e7
0.6457599999999845	21699.102630367022	2.178790588135044e7	1.4077444792056302e7
0.6463999999999844	21704.254811458803	2.178785645947812e7	1.4091345039907651e7
0.6470399999999844	21709.43219271772	2.1787806795526326e7	1.4105245070163757e7
0.6476799999999844	21714.633935477992	2.1787756900847375e7	1.4119144889368637e7
0.6483199999999844	21719.86140035536	2.1787706745202053e7	1.4133044477906333e7
0.6489599999999843	21725.11725894376	2.1787656313072175e7	1.4146943826093558e7
0.6495999999999843	21730.39688992737	2.1787605658197887e7	1.4160842966635237e7
0.6502399999999843	21735.70406542185	2.178755472738339e7	1.4174741865787355e7
0.6508799999999842	21741.036629993865	2.1787503545072842e7	1.4188640538124932e7
0.6515199999999842	21746.398078352773	2.1787452086943824e7	1.420253896848764e7
0.6521599999999842	21751.78587234465	2.1787400371890508e7	1.4216437167729605e7
0.6527999999999842	21757.198724952064	2.1787348403971724e7	1.42303351375097e7
0.6534399999999841	21762.640978881427	2.178729616250306e7	1.4244232865283296e7
0.6540799999999841	21768.110544875184	2.1787243643456776e7	1.4258130347111546e7
0.6547199999999841	21773.606753330503	2.1787190868014652e7	1.4272027596045997e7
0.6553599999999841	21779.13335831553	2.178713779635208e7	1.4285924586737562e7
0.655999999999984	21784.68606226179	2.1787084478362396e7	1.4299821349810803e7
0.656639999999984	21790.267633147687	2.178703085874565e7	1.4313717849380912e7
0.657279999999984	21795.87989718958	2.1786976951403514e7	1.4327614094576519e7
0.657919999999984	21801.51892866079	2.1786922782542247e7	1.4341510100684963e7
0.6585599999999839	21807.188987212503	2.1786868312452722e7	1.435540584245631e7
0.6591999999999839	21812.885566194873	2.1786813578495927e7	1.4369301342345124e7
0.6598399999999839	21818.6144258893	2.178675853186852e7	1.4383196569550883e7
0.6604799999999839	21824.372830661414	2.178670319586029e7	1.4397091537864918e7
0.6611199999999838	21830.16062726811	2.178664758075553e7	1.4410986253422115e7
0.6617599999999838	21835.97890816413	2.1786591656491715e7	1.4424880696105503e7
0.6623999999999838	21841.827783969497	2.1786535441293504e7	1.4438774877372332e7
0.6630399999999838	21847.70766419459	2.1786478926732976e7	1.4452668791155206e7
0.6636799999999837	21853.61937455592	2.1786422088826932e7	1.4466562421180356e7
0.6643199999999837	21859.56150843835	2.1786364967635706e7	1.448045579290655e7
0.6649599999999837	21865.535295124475	2.1786307525401533e7	1.4494348881035926e7
0.6655999999999836	21871.542082081614	2.1786249773214594e7	1.4508241692723526e7
0.6662399999999836	21877.581446523152	2.1786191700000376e7	1.4522134219791485e7
0.6668799999999836	21883.650583294777	2.1786133329221778e7	1.453602647627337e7
0.6675199999999836	21889.755499000974	2.1786074614639945e7	1.4549918432672407e7
0.6681599999999835	21895.891881403215	2.178601559978616e7	1.4563810115914686e7
0.6687999999999835	21902.062053236852	2.178595624198003e7	1.457770149758792e7
0.6694399999999835	21908.264742576215	2.1785896579991743e7	1.459159260250262e7
0.6700799999999835	21914.500220515973	2.1785836597804967e7	1.4605483419369545e7
0.6707199999999834	21920.773625474176	2.178577623129237e7	1.4619373906191455e7
0.6713599999999834	21927.077128468627	2.1785715592826653e7	1.4633264135027241e7
0.6719999999999834	21933.418818994665	2.1785654554594446e7	1.4647154022059735e7
0.6726399999999834	21939.794593985036	2.1785593214440223e7	1.4661043630918996e7
0.6732799999999833	21946.203694523618	2.178553152621375e7	1.4674932929639908e7
0.6739199999999833	21952.651003302166	2.1785469476416133e7	1.4688821909985155e7
0.6745599999999833	21959.13334614904	2.1785407073306926e7	1.4702710575725725e7
0.6751999999999833	21965.65384138163	2.1785344324059274e7	1.4716598931972139e7
0.6758399999999832	21972.206747699965	2.178528124251253e7	1.4730486985478638e7
0.6764799999999832	21978.797883010397	2.178521778597571e7	1.4744374708547594e7
0.6771199999999832	21985.428898961738	2.178515394592719e7	1.4758262095148752e7
0.6777599999999832	21992.095664880402	2.178508974366381e7	1.4772149157572268e7
0.6783999999999831	21998.80104526621	2.1785025188144967e7	1.4786035902053336e7
0.6790399999999831	22005.54291470731	2.17849602668435e7	1.4799922318650948e7
0.6796799999999831	22012.32321283814	2.1784894966769088e7	1.4813808398384782e7
0.680319999999983	22019.14269641906	2.1784829298457947e7	1.4827694147863733e7
0.680959999999983	22026.00278566727	2.1784763216886315e7	1.4841579536099276e7
0.681599999999983	22032.90228752736	2.178469676460623e7	1.4855464590843586e7
0.682239999999983	22039.841444108217	2.178462993107282e7	1.486934930419203e7
0.682879999999983	22046.819553830763	2.1784562708220698e7	1.488323366960629e7
0.6835199999999829	22053.840638202466	2.1784495063447125e7	1.4897117665252186e7
0.6841599999999829	22060.899978862388	2.178442705528367e7	1.4911001328791825e7
0.6847999999999829	22068.0036620235	2.1784358615259204e7	1.49248846144834e7
0.6854399999999828	22075.145963871408	2.178428979935666e7	1.4938767557985052e7
0.6860799999999828	22082.334030225633	2.178422053404561e7	1.4952650110296408e7
0.6867199999999828	22089.561088015387	2.1784150899307705e7	1.4966532323269866e7
0.6873599999999828	22096.833767338016	2.178408081310717e7	1.498041414180599e7
0.6879999999999827	22104.14911120533	2.178401031414015e7	1.4994295590650743e7
0.6886399999999827	22111.506870951333	2.1783939399272587e7	1.5008176666694038e7
0.6892799999999827	22118.910797180495	2.178386803582684e7	1.5022057347697247e7
0.6899199999999827	22126.355782427006	2.1783796271777473e7	1.5035937664225353e7
0.6905599999999826	22133.84953308001	2.178372404569957e7	1.5049817575397434e7
0.6911999999999826	22141.38726024877	2.178365138387829e7	1.5063697096922262e7
0.6918399999999826	22148.969912025306	2.1783578293990128e7	1.5077576233481841e7
0.6924799999999826	22156.6041381942	2.1783504696265597e7	1.5091454930974199e7
0.6931199999999825	22164.27715995941	2.1783430718566786e7	1.5105333273027478e7
0.6937599999999825	22172.002561804275	2.1783356233434368e7	1.5119211174571574e7
0.6943999999999825	22179.77465741939	2.1783281307426002e7	1.5133088679011542e7
0.6950399999999824	22187.594059071205	2.178320590696633e7	1.514696576226175e7
0.6956799999999824	22195.461423333	2.1783130044503853e7	1.5160842432180407e7
0.6963199999999824	22203.378693153685	2.178305369916682e7	1.5174718673844995e7
0.6969599999999824	22211.34343616558	2.1782976892255582e7	1.518859450034096e7
0.6975999999999823	22219.361505113517	2.1782899570973594e7	1.5202469875629941e7
0.6982399999999823	22227.429156208418	2.178282175435889e7	1.5216344810785346e7
0.6988799999999823	22235.54581901169	2.1782743480215184e7	1.5230219331009425e7
0.6995199999999823	22243.71870344233	2.1782664670572437e7	1.5244093382954456e7
0.7001599999999822	22251.94083588686	2.1782585375017565e7	1.5257966998112144e7
0.7007999999999822	22260.211193170933	2.178250560266429e7	1.5271840181535747e7
0.7014399999999822	22268.540796214547	2.1782425256328188e7	1.5285712867338574e7
0.7020799999999822	22276.92144509254	2.178234441484836e7	1.5299585107213272e7
0.7027199999999821	22285.35577050888	2.1782263068618495e7	1.5313456894142658e7
0.7033599999999821	22293.844887192252	2.178218118414502e7	1.5327328203827187e7
0.7039999999999821	22302.38867531222	2.178209877273836e7	1.5341199043055309e7
0.7046399999999821	22310.990877212207	2.1782015766215794e7	1.53550693637714e7
0.705279999999982	22319.64878111756	2.1781932264127348e7	1.5368939234132115e7
0.705919999999982	22328.361524596476	2.178184821139793e7	1.538280861394679e7
0.706559999999982	22337.130976721357	2.178176362028909e7	1.5396677511264877e7
0.707199999999982	22345.96228273097	2.1781678408702966e7	1.541054586839073e7
0.7078399999999819	22354.8490247257	2.1781592680318415e7	1.5424413755527256e7
0.7084799999999819	22363.798779366585	2.1781506347118974e7	1.5438281111426618e7
0.7091199999999819	22372.805645498996	2.1781419452409457e7	1.5452147963798363e7
0.7097599999999818	22381.8778866846	2.178133192301115e7	1.546601426191383e7
0.7103999999999818	22391.003766906513	2.178124388762898e7	1.5479880092462128e7
0.7110399999999818	22400.19767963982	2.1781155190807063e7	1.5493745347992567e7
0.7116799999999818	22409.45087791085	2.178106591090707e7	1.5507610080351068e7
0.7123199999999817	22418.76719658402	2.178097603276075e7	1.5521474278602853e7
0.7129599999999817	22428.14964667844	2.178088551387543e7	1.553533791204681e7
0.7135999999999817	22437.594981938626	2.1780794406521004e7	1.5549201015695818e7
0.7142399999999817	22447.10581018335	2.1780702633551314e7	1.556306353394361e7
0.7148799999999816	22456.68188920998	2.17806102500727e7	1.5576925504711822e7
0.7155199999999816	22466.32658740255	2.1780517212956645e7	1.5590786896801922e7
0.7161599999999816	22476.03769891532	2.1780423534346554e7	1.5604647716897689e7
0.7167999999999816	22485.818475971366	2.1780329164041452e7	1.5618507928576907e7
0.7174399999999815	22495.6696214296	2.1780234136257835e7	1.5632367555124652e7
0.7180799999999815	22505.584550331445	2.1780138472833455e7	1.5646226608968275e7
0.7187199999999815	22515.57745967878	2.1780042098207373e7	1.5660085038451059e7
0.7193599999999815	22525.634978587725	2.1779945082953874e7	1.5673942889073687e7
0.7199999999999814	22535.764828705087	2.1779847352909375e7	1.5687800108246382e7
0.7206399999999814	22545.97339679783	2.1779748874602623e7	1.5701656672121359e7
0.7212799999999814	22556.252654586027	2.1779649714735556e7	1.5715512624983942e7
0.7219199999999814	22566.602942468948	2.1779549911165945e7	1.5729367992814755e7
0.7225599999999813	22577.031567432718	2.1779449335577022e7	1.5743222683552196e7
0.7231999999999813	22587.54399442298	2.1779347916673426e7	1.575707664551547e7
0.7238399999999813	22598.125210583563	2.1779245858683787e7	1.5770930020607421e7
0.7244799999999813	22608.785694537477	2.1779143068426296e7	1.5784782742847633e7
0.7251199999999812	22619.527051893794	2.177903949031778e7	1.5798634770814845e7
0.7257599999999812	22630.348047429976	2.177893511826706e7	1.581248609808162e7
0.7263999999999812	22641.24845700226	2.1778830028620075e7	1.582633677836705e7
0.7270399999999811	22652.22883600578	2.177872412979774e7	1.5840186743710816e7
0.7276799999999811	22663.295818992578	2.1778617456360858e7	1.5854036019361688e7
0.7283199999999811	22674.445944360043	2.1778509935108397e7	1.58678845494119e7
0.7289599999999811	22685.682847158016	2.1778401596549857e7	1.5881732355299465e7
0.729599999999981	22697.003450577955	2.177829249323539e7	1.5895579472797165e7
0.730239999999981	22708.411964637806	2.17781825126001e7	1.5909425819212267e7
0.730879999999981	22719.901355761263	2.177807176672595e7	1.5923271472717112e7
0.731519999999981	22731.491581774048	2.177796006400629e7	1.5937116296881342e7
0.7321599999999809	22743.16246929757	2.177784754614067e7	1.5950960388017716e7
0.7327999999999809	22754.931140399687	2.1777734172852416e7	1.5964803719466548e7
0.7334399999999809	22766.78965165067	2.1777619891344044e7	1.5978646248556504e7
0.7340799999999809	22778.74428920044	2.1777504713786166e7	1.5992487983977117e7
0.7347199999999808	22790.793287416465	2.1777388621835303e7	1.6006328909877703e7
0.7353599999999808	22802.939156935212	2.1777271625875857e7	1.6020169032622144e7
0.7359999999999808	22815.17326828574	2.177715377452017e7	1.6034008383789254e7
0.7366399999999808	22827.511505808023	2.1777034957517147e7	1.6047846884535182e7
0.7372799999999807	22839.955780106986	2.1776915095322568e7	1.6061684474661553e7
0.7379199999999807	22852.488333034427	2.1776794428341903e7	1.607552132470396e7
0.7385599999999807	22865.133881981634	2.1776672632454187e7	1.6089357200027049e7
0.7391999999999807	22877.88179935787	2.1776549893492628e7	1.6103192232842602e7
0.7398399999999806	22890.729310743056	2.177642624066309e7	1.6117026442029241e7
0.7404799999999806	22903.678151962027	2.177630159930938e7	1.6130859770810187e7
0.7411199999999806	22916.74754573881	2.177617581161915e7	1.6144692105111403e7
0.7417599999999805	22929.915082213727	2.1776049098123726e7	1.615852360029466e7
0.7423999999999805	22943.204442155544	2.177592120877375e7	1.6172354074857509e7
0.7430399999999805	22956.605051180366	2.1775792335653104e7	1.618618366631721e7
0.7436799999999805	22970.11568360835	2.1775662334281232e7	1.6200012264809864e7
0.7443199999999804	22983.733166977017	2.1775531355265547e7	1.621383997924696e7
0.7449599999999804	22997.4721550693	2.1775399239907786e7	1.6227666693059707e7
0.7455999999999804	23011.34566630909	2.177526584928444e7	1.624149230356356e7
0.7462399999999804	23025.318159499813	2.177513150444274e7	1.6255317038611079e7
0.7468799999999803	23039.4168900554	2.1774996003991436e7	1.6269140752663907e7
0.7475199999999803	23053.646429373908	2.1774859276512235e7	1.6282963391028486e7
0.7481599999999803	23067.993707999784	2.1774721416584346e7	1.6296785018566739e7
0.7487999999999803	23082.479800994843	2.177458221983277e7	1.631060548513636e7
0.7494399999999802	23097.08749438757	2.1774441881408893e7	1.6324424929845246e7
0.7500799999999802	23111.818313319272	2.1774300407701533e7	1.6338243355441201e7
0.7507199999999802	23126.688821662785	2.177415764078802e7	1.6352060645081414e7
0.7513599999999802	23141.696264455015	2.1774013557680815e7	1.636587677805782e7
0.7519999999999801	23156.83284540926	2.177386826866099e7	1.6379691832578292e7
0.7526399999999801	23172.10060807377	2.177372175418544e7	1.6393505791876107e7
0.7532799999999801	23187.51541305403	2.1773573845806718e7	1.640731853037156e7
0.75391999999998	23203.083083889345	2.177342456047428e7	1.6421130059317619e7
0.75455999999998	23218.785575499893	2.1773273945501335e7	1.6434940407048702e7
0.75519999999998	23234.638848931238	2.1773121935207542e7	1.6448749525058517e7
0.75583999999998	23250.640048178095	2.1772968564621218e7	1.6462557436157027e7
0.75647999999998	23266.77951767677	2.1772813864225917e7	1.647636415815733e7
0.7571199999999799	23283.09086690601	2.1772657614360508e7	1.6490169530093944e7
0.7577599999999799	23299.5437247095	2.17725000116671e7	1.6503973690312296e7
0.7583999999999799	23316.162473208387	2.1772340867601305e7	1.6517776498841919e7
0.7590399999999798	23332.940421120587	2.177218023566441e7	1.653157799140215e7
0.7596799999999798	23349.87313309172	2.177201815344953e7	1.6545378192323444e7
0.7603199999999798	23366.978392600755	2.1771854476349205e7	1.6559176992838526e7
0.7609599999999798	23384.254231204093	2.177168919729218e7	1.6572974383702444e7
0.7615999999999797	23401.69789654045	2.177152237067575e7	1.6586770402284745e7
0.7622399999999797	23419.314937438867	2.1771353965775516e7	1.6600565023191813e7
0.7628799999999797	23437.114310870977	2.1771183801220663e7	1.661435810682017e7
0.7635199999999797	23455.082651575973	2.1771012168641873e7	1.6628149868946444e7
0.7641599999999796	23473.239321006775	2.1770838702109702e7	1.6641940031365173e7
0.7647999999999796	23491.565897675955	2.1770663732969545e7	1.6655728839273797e7
0.7654399999999796	23510.104182473	2.177048671659892e7	1.6669515882390074e7
0.7660799999999796	23528.819895105556	2.1770308149982315e7	1.668330152908787e7
0.7667199999999795	23547.735854929728	2.1770127690062534e7	1.6697085518344538e7
0.7673599999999795	23566.839178730588	2.1769945574521787e7	1.6710868025531134e7
0.7679999999999795	23586.150122707302	2.1769761506658673e7	1.6724648823941883e7
0.7686399999999795	23605.6698842758	2.1769575516992234e7	1.6738427933164889e7
0.7692799999999794	23625.388843336357	2.176938766433048e7	1.6752205392129637e7
0.7699199999999794	23645.309384044507	2.176919796935647e7	1.6765981213349566e7
0.7705599999999794	23665.476419294722	2.1769006039322913e7	1.677975510056986e7
0.7711999999999793	23685.840477949154	2.1768812294703003e7	1.679352736197586e7
0.7718399999999793	23706.416925365516	2.1768616569114532e7	1.68072978687906e7
0.7724799999999793	23727.227445716097	2.1768418794584323e7	1.6821066569228496e7
0.7731199999999793	23748.26865653022	2.176821888319241e7	1.683483339016606e7
0.7737599999999792	23769.552161162923	2.1768016657289784e7	1.6848598192225035e7
0.7743999999999792	23791.07330892416	2.1767812458975226e7	1.6862361234368455e7
0.7750399999999792	23812.844717113767	2.1767605885048024e7	1.687612220269473e7
0.7756799999999792	23834.839177371334	2.176739717844622e7	1.6889881274500977e7
0.7763199999999791	23857.11056538689	2.176718605004536e7	1.690363823286203e7
0.7769599999999791	23879.621838973795	2.1766972736515015e7	1.6917393248217218e7
0.7775999999999791	23902.40483306923	2.1766756985180102e7	1.6931146126510467e7
0.7782399999999791	23925.436585621595	2.1766539058223873e7	1.694489706148892e7
0.778879999999979	23948.75507130153	2.1766318382043276e7	1.6958645610126775e7
0.779519999999979	23972.336554257367	2.1766095437984537e7	1.697239213658073e7
0.780159999999979	23996.22730618711	2.176586958419674e7	1.6986136145417463e7
0.780799999999979	24020.375793437026	2.1765641553221203e7	1.6999878191128578e7
0.7814399999999789	24044.822262180445	2.1765410657885768e7	1.7013617740851417e7
0.7820799999999789	24069.563244198165	2.176517740636392e7	1.702735518519081e7
0.7827199999999789	24094.601837660524	2.1764941237853948e7	1.704109008077987e7
0.7833599999999789	24119.999259612312	2.1764701977857787e7	1.7054822298013818e7
0.7839999999999788	24145.672518770687	2.1764460167276386e7	1.7068552236408282e7
0.7846399999999788	24171.68647986528	2.1764215399541736e7	1.708227958549627e7
0.7852799999999788	24197.99612141465	2.1763967917918313e7	1.709600452030962e7
0.7859199999999787	24224.685372998887	2.1763717087825008e7	1.710972655430762e7
0.7865599999999787	24251.678972025074	2.176346361556153e7	1.7123446219815403e7
0.7871999999999787	24279.029159873946	2.176320680156519e7	1.7137162971596874e7
0.7878399999999787	24306.766420138527	2.1762946687450543e7	1.715087684180427e7
0.7884799999999786	24334.86097955266	2.176268335406685e7	1.7164587880808562e7
0.7891199999999786	24363.28073670821	2.1762417178365976e7	1.717829637243345e7
0.7897599999999786	24392.1220400793	2.1762147298106443e7	1.7192001649889782e7
0.7903999999999786	24421.353986881873	2.176187396673117e7	1.72057038990995e7
0.7910399999999785	24450.973631155422	2.1761597136253342e7	1.7219403074111342e7
0.7916799999999785	24480.990765000253	2.176131683224039e7	1.7233099189743772e7
0.7923199999999785	24511.43588039077	2.176103277324883e7	1.7246792021903683e7
0.7929599999999785	24542.26246661032	2.1760745481815364e7	1.726048196728093e7
0.7935999999999784	24573.566710169045	2.1760454020256687e7	1.7274168294644218e7
0.7942399999999784	24605.321636684308	2.1760158501516134e7	1.728785107922367e7
0.7948799999999784	24637.48558084307	2.1759859409063403e7	1.730153068811819e7
0.7955199999999784	24670.134144997683	2.175955606034067e7	1.7315206586151708e7
0.7961599999999783	24703.24557948591	2.1759248889436234e7	1.7328879105392005e7
0.7967999999999783	24736.852698566094	2.1758937283007156e7	1.734254775556798e7
0.7974399999999783	24770.966452004537	2.1758621317159742e7	1.735621259011991e7
0.7980799999999783	24805.573246783744	2.175830100409701e7	1.736987360669926e7
0.7987199999999782	24840.68706878157	2.1757976311604913e7	1.7383530773097806e7
0.7993599999999782	24876.39334997143	2.1757646667047225e7	1.7397183639332134e7
0.7999999999999782	24912.58962319462	2.1757312898146965e7	1.7410832836441737e7
0.8006399999999781	24949.284487478	2.1756974658539668e7	1.742447807996815e7
0.8012799999999781	24986.6279532819	2.175663098185928e7	1.7438118615850605e7
0.8019199999999781	25024.563352159217	2.175628200446036e7	1.745175453052517e7
0.8025599999999781	25063.083144663906	2.175592825164367e7	1.746538623277475e7
0.803199999999978	25102.196083972594	2.1755569517671477e7	1.747901354878258e7
0.803839999999978	25141.883770714936	2.1755205923769757e7	1.7492636561683066e7
0.804479999999978	25182.343259821195	2.1754835543988295e7	1.7506253750181384e7
0.805119999999978	25223.419337895102	2.1754460354727153e7	1.7519866660758015e7
0.8057599999999779	25265.144411493293	2.175407922772227e7	1.7533474380179506e7
0.8063999999999779	25307.542146551426	2.1753692875837874e7	1.7547077475234754e7
0.8070399999999779	25350.688762914913	2.1753299624610975e7	1.7560674597949255e7
0.8076799999999779	25394.61755946899	2.1752900564701296e7	1.75742666209465e7
0.8083199999999778	25439.245828952942	2.1752495107447814e7	1.758785303989223e7
0.8089599999999778	25484.65060548473	2.1752083399540048e7	1.760143397454311e7
0.8095999999999778	25530.810662661905	2.1751665614847265e7	1.7615009548130035e7
0.8102399999999778	25577.82634193828	2.1751240557648454e7	1.7628578797755245e7
0.8108799999999777	25625.66323486003	2.1750808583039597e7	1.7642141989245642e7
0.8115199999999777	25674.429001651984	2.1750368984048087e7	1.7655698554312453e7
0.8121599999999777	25723.921245729965	2.174992347082726e7	1.766924982743338e7
0.8127999999999777	25774.518418117597	2.174946868329997e7	1.7682793135633603e7
0.8134399999999776	25826.008032565365	2.1749006966898896e7	1.7696330327212308e7
0.8140799999999776	25878.415111968854	2.1748537500845995e7	1.770986072362584e7
0.8147199999999776	25931.84417918974	2.1748059592274614e7	1.7723383763107006e7
0.8153599999999775	25986.300234054124	2.1747573408278883e7	1.7736899564648997e7
0.8159999999999775	26041.852880390594	2.174707858972612e7	1.775040783014602e7
0.8166399999999775	26098.462199915724	2.1746575054395877e7	1.7763908466450337e7
0.8172799999999775	26156.125758205133	2.174606275275308e7	1.7777401413868085e7
0.8179199999999774	26215.100449078556	2.1745540501606904e7	1.7790885732563596e7
0.8185599999999774	26275.145974452287	2.1745009313631367e7	1.780436218625121e7
0.8191999999999774	26336.52445029974	2.1744467396444157e7	1.7817829334787175e7
0.8198399999999774	26399.129112179355	2.1743915955247294e7	1.7831288123850297e7
0.8204799999999773	26463.008663622113	2.174335419967186e7	1.7844737893061567e7
0.8211199999999773	26528.310062079294	2.17427811898014e7	1.7858177874673136e7
0.8217599999999773	26595.21055462157	2.1742195449882664e7	1.7871606863224342e7
0.8223999999999773	26663.41248575212	2.174159964692458e7	1.788502697168775e7
0.8230399999999772	26733.245678756237	2.1740990907464575e7	1.7898435871634465e7
0.8236799999999772	26804.613674148193	2.1740369483786456e7	1.791183372588776e7
0.8243199999999772	26877.531089304906	2.1739736643643565e7	1.7925221554749537e7
0.8249599999999772	26952.238962066567	2.173908990302743e7	1.7938597326308932e7
0.8255999999999771	27028.90285512892	2.1738428088435937e7	1.7951960070470147e7
0.8262399999999771	27107.31091043541	2.173775292879973e7	1.7965311146234788e7
0.8268799999999771	27187.343370517923	2.1737063765794553e7	1.7978649959544007e7
0.827519999999977	27269.833905321546	2.1736356452220734e7	1.7991973192293193e7
0.828159999999977	27354.490044850034	2.1735633197720174e7	1.800528258459275e7
0.828799999999977	27441.130195682705	2.1734893506102376e7	1.801857765934665e7
0.829439999999977	27530.128511408533	2.1734136352126956e7	1.8031857594626587e7
0.830079999999977	27621.594614230853	2.1733360455583256e7	1.80451213083269e7
0.8307199999999769	27715.561254708307	2.1732564931451015e7	1.8058368030063685e7
0.8313599999999769	27812.116235473517	2.1731750004136767e7	1.807159791872059e7
0.8319999999999769	27911.804475348916	2.173091120362168e7	1.8084807304564595e7
0.8326399999999768	28014.233090884325	2.1730052396423098e7	1.8097999289407317e7
0.8332799999999768	28119.193489883615	2.1729173901579488e7	1.8111174060646288e7
0.8339199999999768	28227.211188597554	2.172827217561337e7	1.81243287079212e7
0.8345599999999768	28337.845921681954	2.1727353051616598e7	1.8137467975985926e7
0.8351999999999767	28451.995466759163	2.1726405590423103e7	1.8150582837973796e7
0.8358399999999767	28569.551762845473	2.1725434115801275e7	1.8163676828968223e7
0.8364799999999767	28690.471064950216	2.1724437770553883e7	1.817674917214095e7
0.8371199999999767	28815.18368740995	2.1723413702701632e7	1.818979749592409e7
0.8377599999999766	28943.83075065934	2.1722359656070855e7	1.82028198725704e7
0.8383999999999766	29076.631733964325	2.1721275017651543e7	1.8215815758486755e7
0.8390399999999766	29213.876942619598	2.1720159033450168e7	1.8228784501058206e7
0.8396799999999766	29355.351226099712	2.171901147338374e7	1.824172580387892e7
0.8403199999999765	29502.48831144082	2.1717823102985434e7	1.8254632067233782e7
0.8409599999999765	29654.206608633725	2.1716600134354595e7	1.826750825400537e7
0.8415999999999765	29811.648524683213	2.171533606873877e7	1.8280349000576347e7
0.8422399999999765	29974.847702969295	2.1714031282386236e7	1.829315453925009e7
0.8428799999999764	30144.870177371602	2.1712675089967463e7	1.8305915941833533e7
0.8435199999999764	30320.363763098077	2.171128125845307e7	1.8318644497651473e7
0.8441599999999764	30501.363302934726	2.170984810510993e7	1.8331338708866216e7
0.8447999999999763	30688.501005482653	2.1708369872689728e7	1.8343993723803822e7
0.8454399999999763	30880.360157428076	2.1706859417368118e7	1.8356620094285123e7
0.8460799999999763	31078.56438088534	2.1705303403719984e7	1.8369206716448396e7
0.8467199999999763	31283.516274576476	2.1703697741816636e7	1.8381750089325037e7
0.8473599999999762	31495.324036653994	2.1702044028914277e7	1.8394251474601243e7
0.8479999999999762	31713.55524293771	2.1700346559650302e7	1.8406714342979867e7
0.8486399999999762	31940.22406322147	2.169858739710188e7	1.841912368099023e7
0.8492799999999762	32174.5525782815	2.1696776331010967e7	1.8431487550965074e7
0.8499199999999761	32416.863838500485	2.169490771716413e7	1.84438010898965e7
0.8505599999999761	32668.2049751686	2.1692973289310947e7	1.845605729750729e7
0.8511999999999761	32928.73658598323	2.1690975784163877e7	1.8468258383483768e7
0.8518399999999761	33199.112922924614	2.1688909903930318e7	1.848039979313414e7
0.852479999999976	33480.41728921303	2.1686765455637895e7	1.849247284678018e7
0.853119999999976	33774.067122353714	2.168453293852349e7	1.8504469475491572e7
0.853759999999976	34079.16614343803	2.1682220802299093e7	1.851639656942717e7
0.854399999999976	34396.70771019133	2.1679821023962915e7	1.8528247243515998e7
0.8550399999999759	34729.61851416281	2.1677312646273006e7	1.854000381056856e7
0.8556799999999759	35079.543435391184	2.1674682907802362e7	1.85516553502564e7
0.8563199999999759	35447.350246899325	2.1671927417260367e7	1.856319796123135e7
0.8569599999999759	35833.703223958706	2.166904009440208e7	1.857462625220744e7
0.8575999999999758	36239.65418894034	2.166601357732633e7	1.8585933770671044e7
0.8582399999999758	36666.501707627845	2.1662837906796824e7	1.8597111848410856e7
0.8588799999999758	37115.39015179542	2.1659505244475726e7	1.860815358823301e7
0.8595199999999757	37590.66294132777	2.165598553562801e7	1.861903342391246e7
0.8601599999999757	38093.827727412696	2.1652266674203347e7	1.862974074335163e7
0.8607999999999757	38630.67459414238	2.1648307881290052e7	1.8640240814117454e7
0.8614399999999757	39203.32269277522	2.164409658253448e7	1.8650522572450288e7
0.8620799999999756	39816.4729624262	2.163959236978628e7	1.8660551278095808e7
0.8627199999999756	40478.37701102969	2.163474307792198e7	1.86702824197804e7
0.8633599999999756	41191.58870659147	2.1629534196160305e7	1.8679703062277302e7
0.8639999999999756	41963.96715285652	2.1623910217190493e7	1.8688765527184848e7
0.8646399999999755	42783.15415731656	2.1617957760945752e7	1.869754212617034e7
0.8652799999999755	43650.47882503863	2.1611665311727397e7	1.8706022353438262e7
0.8659199999999755	44568.94815950669	2.160501291943307e7	1.871418859176418e7
0.8665599999999755	45540.244531757875	2.1597988911974087e7	1.8722030161790054e7
0.8671999999999754	46567.65023993106	2.1590563417113606e7	1.872952077927225e7
0.8678399999999754	47636.31253970809	2.1582845030545305e7	1.873675184637316e7
0.8684799999999754	48742.247926700984	2.1574859006314732e7	1.874374413025101e7
0.8691199999999754	49886.05317526806	2.1566594151963707e7	1.8750487395993747e7
0.8697599999999753	51073.19587473504	2.155800973886244e7	1.8756946323503193e7
0.8703999999999753	52303.98762304805	2.1549100402213164e7	1.8763115586881757e7
0.8710399999999753	53587.40422290169	2.153980281573997e7	1.8768940476270195e7
0.8716799999999753	54920.45462562189	2.1530142138218734e7	1.8774441691779535e7
0.8723199999999752	56312.251820916674	2.1520036620455347e7	1.877954829306757e7
0.8729599999999752	57732.29673926783	2.1509726158385344e7	1.8784464858201295e7
0.8735999999999752	59150.86847946157	2.1499412147613704e7	1.8789363121930603e7
0.8742399999999751	60569.46012403624	2.1489097187507506e7	1.8794245540511232e7
0.8748799999999751	61967.31147558603	2.147888786375605e7	1.8799202764254183e7
0.8755199999999751	63321.18535934347	2.1468958685384642e7	1.8804384929380957e7
0.8761599999999751	64649.04181943923	2.1459161492634155e7	1.8809665070724726e7
0.876799999999975	65945.2739726321	2.144953775844791e7	1.8815079164360024e7
0.877439999999975	67209.6358239633	2.1440090328371394e7	1.882063007069225e7
0.878079999999975	68446.16750337623	2.1430782732029088e7	1.882628665808158e7
0.878719999999975	69648.49489428288	2.1421692034264736e7	1.8832116193809353e7
0.8793599999999749	70840.14791129154	2.141264448591143e7	1.8837969210574556e7
0.8799999999999749	72042.93268481962	2.1403464925852392e7	1.884369428667175e7
0.8806399999999749	73257.98987345144	2.139416589488733e7	1.8849302327344336e7
0.8812799999999749	74491.07603541279	2.1384687154904e7	1.8854740676420186e7
0.8819199999999748	75752.01258778608	2.1374941550718106e7	1.885993325005514e7
0.8825599999999748	77041.80499457248	2.1364915352479704e7	1.8864867483062513e7
0.8831999999999748	78298.35616569975	2.135508157609673e7	1.8869953296008248e7
0.8838399999999748	79519.73019206847	2.134544213342336e7	1.8875192587063473e7
0.8844799999999747	80712.20010400625	2.133597612345823e7	1.8880568035031814e7
0.8851199999999747	81884.38478085687	2.132658607596828e7	1.8885994745684132e7
0.8857599999999747	83047.66800016674	2.131720017829732e7	1.8891410595520437e7
0.8863999999999747	84184.09985183472	2.1307947314618185e7	1.889692781342019e7
0.8870399999999746	85313.1724902075	2.129867235999792e7	1.8902411306176513e7
0.8876799999999746	86437.40531433052	2.1289354801881555e7	1.8907843119898587e7
0.8883199999999746	87562.98637144447	2.1279930854304798e7	1.8913167210813463e7
0.8889599999999745	88685.24779712662	2.127040917794179e7	1.891839055273799e7
0.8895999999999745	89793.27036215118	2.1260911977751754e7	1.89236204724554e7
0.8902399999999745	90889.18122562513	2.1251437391898457e7	1.8928855620294467e7
0.8908799999999745	91985.51658434277	2.1241863119736686e7	1.893398847568016e7
0.8915199999999744	93100.38176540432	2.1232032484540507e7	1.8938881130030923e7
0.8921599999999744	94259.68084731064	2.122172060514018e7	1.8943335219063893e7
0.8927999999999744	95495.01057749668	2.121063132483283e7	1.894708871194412e7
0.8934399999999744	96833.9308017215	2.1198511284819756e7	1.894991654597505e7
0.8940799999999743	98291.71761423958	2.1185235338422775e7	1.8951706270106196e7
0.8947199999999743	99931.41552129775	2.1170230947833795e7	1.8951949813071392e7
0.8953599999999743	101783.61220646546	2.115323395505416e7	1.8950410191178035e7
0.8959999999999743	103767.80316793705	2.113495982469194e7	1.89477158544529e7
0.8966399999999742	105843.60072011949	2.1115774834103096e7	1.894418834182009e7
0.8972799999999742	107957.87811860819	2.109614914487929e7	1.8940242137957092e7
0.8979199999999742	110075.49337623784	2.1076421670625303e7	1.8936177052851178e7
0.8985599999999742	112182.26312787848	2.105673482913804e7	1.8932119416841425e7
0.8991999999999741	114234.18296717298	2.103750582150112e7	1.8928440040336356e7
0.8998399999999741	116205.85769957725	2.1018992113225404e7	1.89253690418714e7
0.9004799999999741	118119.93147061167	2.100096986283246e7	1.8922708637662787e7
0.901119999999974	120028.63958094813	2.0982922737114213e7	1.8919999768749584e7
0.901759999999974	121976.28931728058	2.0964407974157725e7	1.8916847485438455e7
0.902399999999974	123962.56875776607	2.0945397325312912e7	1.891322529307259e7
0.903039999999974	125972.39440616236	2.0926003358033486e7	1.8909232355799638e7
0.903679999999974	127969.62330765408	2.0906625226389784e7	1.8905225118700374e7
0.9043199999999739	129948.92924729506	2.0887326329723638e7	1.890126046004552e7
0.9049599999999739	131899.7397956383	2.0868192142778482e7	1.8897414912798453e7
0.9055999999999739	133806.06368720703	2.0849372339459576e7	1.8893822883026123e7
0.9062399999999738	135688.3231763628	2.0830658542877685e7	1.8890298135077946e7
0.9068799999999738	137569.17208158676	2.0811812064694766e7	1.8886626566534083e7
0.9075199999999738	139463.68629566973	2.0792679696029544e7	1.8882670279448815e7
0.9081599999999738	141360.53854404038	2.077337893587225e7	1.8878534366261087e7
0.9087999999999737	143263.37389491923	2.075386232723151e7	1.8874175702686675e7
0.9094399999999737	145091.6639200231	2.0734959126185935e7	1.887034072880259e7
0.9100799999999737	146874.1365332679	2.071638793512556e7	1.88667772543556e7
0.9107199999999737	148635.14032064643	2.0697896307969633e7	1.886325827092139e7
0.9113599999999736	150390.62475078474	2.067930944434233e7	1.8859626080173194e7
0.9119999999999736	152143.1661556324	2.0660587149020452e7	1.885584407852781e7
0.9126399999999736	153899.09837537396	2.06416562878929e7	1.8851845819816105e7
0.9132799999999736	155684.32600354392	2.062223474509393e7	1.884737549274987e7
0.9139199999999735	157511.53686252973	2.060217917259514e7	1.8842302182510734e7
0.9145599999999735	159356.9533181697	2.058172915924383e7	1.8836841677969e7
0.9151999999999735	161174.55734375224	2.056138288626185e7	1.8831445219969053e7
0.9158399999999735	162981.73863752972	2.0540952113208406e7	1.8825942126483977e7
0.9164799999999734	164766.4237436109	2.0520572473465852e7	1.882045555219251e7
0.9171199999999734	166484.45259439555	2.0500767475536894e7	1.881546209859488e7
0.9177599999999734	168166.90615806828	2.048117964795827e7	1.881063748007208e7
0.9183999999999733	169822.1829755828	2.0461764416456204e7	1.8805941930203643e7
0.9190399999999733	171464.3746441186	2.044240966733426e7	1.8801273936437525e7
0.9196799999999733	173124.19928533403	2.04227314000815e7	1.879628294971301e7
0.9203199999999733	174782.49943405605	2.0402997881074607e7	1.8791213679464947e7
0.9209599999999732	176470.0488846894	2.0382770418274224e7	1.8785664437077135e7
0.9215999999999732	178193.193775923	2.0361966886866022e7	1.8779559029327217e7
0.9222399999999732	179967.52951106182	2.0340383300153997e7	1.877270936982826e7
0.9228799999999732	181806.6629083194	2.0317843089448158e7	1.8764951960232865e7
0.9235199999999731	183628.37144083244	2.0295318564194363e7	1.8757176498252034e7
0.9241599999999731	185425.8360794792	2.027289330794665e7	1.87494597748797e7
0.9247999999999731	187221.90570230802	2.025026815094264e7	1.8741527073300026e7
0.9254399999999731	189002.7578867008	2.022758537828501e7	1.873350865810757e7
0.926079999999973	190801.26037800589	2.020440861734087e7	1.8725002761513636e7
0.926719999999973	192605.82896716963	2.0180918746120725e7	1.8716175175551172e7
0.927359999999973	194429.74680651765	2.0156955379995182e7	1.870687751799982e7
0.927999999999973	196283.22094995072	2.0132398188319303e7	1.8696997910668172e7
0.9286399999999729	198192.59085184708	2.010688523839788e7	1.8686200931068458e7
0.9292799999999729	200190.3658788763	2.0079960790348552e7	1.867406342592952e7
0.9299199999999729	202216.3251786297	2.005249142251965e7	1.866138414369745e7
0.9305599999999729	204269.83817199874	2.002450888515971e7	1.8648191485736344e7
0.9311999999999728	206396.571170863	1.9995377501017414e7	1.8633895613043435e7
0.9318399999999728	208586.20110820563	1.9965150359682962e7	1.8618542946633972e7
0.9324799999999728	210871.86833558118	1.9933307398248006e7	1.860164855126778e7
0.9331199999999727	213281.92385205853	1.9899417544380803e7	1.8582808794079304e7
0.9337599999999727	215785.05603812318	1.986387530435105e7	1.8562385806302268e7
0.9343999999999727	218397.89224897698	1.982644638477358e7	1.854015840366343e7
0.9350399999999727	221056.78633974493	1.97879927368368e7	1.8516924577491976e7
0.9356799999999726	223663.64207687488	1.9749898577612553e7	1.8493971146558363e7
0.9363199999999726	226182.37990288693	1.9712658390461337e7	1.847175959810844e7
0.9369599999999726	228624.62159210478	1.9676127543798644e7	1.8450156959582213e7
0.9375999999999726	231054.44310776913	1.963934006017984e7	1.8428263037674014e7
0.9382399999999725	233484.81904331752	1.9602110669764016e7	1.840590433722297e7
0.9388799999999725	235944.2748975257	1.9564008320804685e7	1.838267704631831e7
0.9395199999999725	238321.8176520438	1.9526793828720987e7	1.8360227041491006e7
0.9401599999999725	240661.4576156892	1.9489723081244018e7	1.833785923368557e7
0.9407999999999724	242935.60724218813	1.945309548827574e7	1.8315854023318022e7
0.9414399999999724	245121.0775339918	1.9417296051003806e7	1.8294573484556887e7
0.9420799999999724	247278.49160152356	1.9381359182290714e7	1.8273113228685465e7
0.9427199999999724	249514.93617996608	1.9343428983260393e7	1.82497295866431e7
0.9433599999999723	251901.9380138052	1.9302258789617617e7	1.822324657754225e7
0.9439999999999723	254577.89471429685	1.9255455740190826e7	1.8191406580843613e7
0.9446399999999723	257464.06426007146	1.920473674253591e7	1.8155815727066036e7
0.9452799999999723	260691.9008799524	1.91476669928402e7	1.8114171715807613e7
0.9459199999999722	264294.4092868212	1.9083595073364124e7	1.8065847293450303e7
0.9465599999999722	267933.01576352544	1.9018489469325095e7	1.8016459732446246e7
0.9471999999999722	271598.6470190224	1.8952347868601937e7	1.7966004309701838e7
0.9478399999999721	274879.65269530483	1.889246856225408e7	1.7921375124730974e7
0.9484799999999721	277792.509162462	1.8838694109076172e7	1.78824364586481e7
0.9491199999999721	280574.1553447894	1.8786709852036487e7	1.7845117667788297e7
0.9497599999999721	283274.94610595505	1.8735693827163473e7	1.7808644302578628e7
0.950399999999972	285927.46471014345	1.8685100902922165e7	1.7772501900386333e7
0.951039999999972	288645.32229420554	1.863272544149967e7	1.7734599278862856e7
0.951679999999972	291526.13794504735	1.8576591279899996e7	1.769305693224022e7
0.952319999999972	294453.1488837169	1.8518813659939125e7	1.764987615077149e7
0.9529599999999719	297388.4595309154	1.8459979362577252e7	1.7605611086497445e7
0.9535999999999719	300410.6940323158	1.8398457228748836e7	1.755870786953748e7
0.9542399999999719	303388.6329138167	1.8337019094589196e7	1.7511800164662424e7
0.9548799999999719	306408.5406962717	1.827390423664031e7	1.746321083083881e7
0.9555199999999718	309538.1803327004	1.8207654617723722e7	1.7411546398588065e7
0.9556799999999719	310654.6802409064	1.8183524154606413e7	1.739139857950203e7
0.9556899999999718	311303.45123782783	1.816968024713711e7	1.737837557131031e7
0.9556999999999718	313250.85895148246	1.812927196550295e7	1.7340022230482217e7
0.9557099999999717	314776.34732057736	1.8097575234511144e7	1.7309975071796972e7
0.9563499999999717	318350.2679248166	1.8020355931155648e7	1.724766338395512e7
0.9569899999999717	321257.49512555933	1.79562261926319e7	1.7197746188951656e7
0.9576299999999717	324050.66138135706	1.789315381800378e7	1.714875091725719e7
0.9582699999999716	327084.24620515754	1.782337487927159e7	1.7093254671153232e7
0.9589099999999716	330656.92711443873	1.773999868027902e7	1.7024648827640995e7
0.9595499999999716	334231.20521541586	1.765508089815662e7	1.6954452528076656e7
0.9601899999999716	338011.58400027297	1.7563819163526542e7	1.687805976378511e7
0.9605099999999716	340147.8242258346	1.7511688904415444e7	1.683358474715827e7
0.9608299999999715	342348.8692479879	1.7457576898845978e7	1.6787173416926138e7
0.9611499999999715	344760.3684273559	1.7397821746635497e7	1.6735310312091624e7
0.9614699999999715	347522.08042107156	1.7328839803396218e7	1.66745496315295e7
0.9617899999999715	350772.97711295966	1.7246975131063186e7	1.6601371246760266e7
0.9621099999999715	354415.6837183862	1.715450643303214e7	1.6517950994540162e7
0.9624299999999715	358611.8141498487	1.704712394028414e7	1.6420136539704798e7
0.9625899999999715	361045.83766545315	1.6984467931641124e7	1.636258571110502e7
0.9627499999999716	363680.7639242756	1.691633882912232e7	1.6299752316193221e7
0.9629099999999716	366245.6607560049	1.6849727322177958e7	1.6238354987355351e7
0.9630699999999717	368729.05749534216	1.6784896394826878e7	1.617864733505876e7
0.9632299999999717	371303.36387884134	1.6717417725666579e7	1.611637110058318e7
0.9635499999999717	374935.77734649245	1.6621657745680999e7	1.6029464729934746e7
0.9638699999999717	378498.17657591443	1.6526906821246214e7	1.5943464816913819e7
0.9641899999999717	382126.8352782906	1.6429535971361142e7	1.585487825019756e7
0.9645099999999717	385259.74792635045	1.6344678448104462e7	1.5778278678434689e7
0.9648299999999717	387831.1785124626	1.6274558544339001e7	1.571582234288243e7
0.9654699999999716	391806.1881530685	1.6165438868350025e7	1.5620775331902377e7
0.9661099999999716	395326.9360940841	1.6067020742038071e7	1.5535907038954185e7
0.9667499999999716	398522.8828476008	1.5976050667240899e7	1.5458097868409378e7
0.9673899999999716	401496.88387481286	1.5889897237001207e7	1.5384820501485314e7
0.9680299999999715	404092.51326822455	1.5813235748045187e7	1.5320605438828928e7
0.9686699999999715	406698.86867370846	1.5734545629048944e7	1.525432419004595e7
0.9693099999999715	409435.21887228993	1.5649960202159356e7	1.518222849042184e7
0.9699499999999714	412472.52598542295	1.5553765386263963e7	1.509876953581216e7
0.9705899999999714	415846.8930042805	1.544463873560808e7	1.5002641967516674e7
0.9709099999999714	417722.2122832958	1.5383048747628823e7	1.4947707398715192e7
0.9712299999999714	419728.72566580045	1.5316449258714486e7	1.488787060897825e7
0.9715499999999714	421777.0154511219	1.5247586510797128e7	1.4825792230654111e7
0.9721899999999714	424906.89350374264	1.5141230715961698e7	1.4731969750458721e7
0.9728299999999713	427509.23377547384	1.5050911711039182e7	1.4653593865731508e7
0.9731499999999713	428853.2900751672	1.5003501176255792e7	1.4612171880511424e7
0.9734699999999713	430292.6016688982	1.4952057975083318e7	1.4566795539726216e7
0.9737899999999713	432000.0216585393	1.4890172048279708e7	1.4511223359461552e7
0.9739499999999713	433037.453772502	1.485218059371733e7	1.4476561914921355e7
0.9741099999999714	434252.61439765635	1.4807343322231725e7	1.443522400380549e7
0.9742699999999714	435584.8759294537	1.475780706248518e7	1.4389296285624692e7
0.9745899999999714	437671.17938600946	1.467940033452798e7	1.4317517996695416e7
0.9749099999999714	439494.536221778	1.460988094745174e7	1.4254345952393575e7
0.9752299999999714	441378.3463986387	1.4536927930304188e7	1.4187781167110443e7
0.9755499999999714	443532.6519265988	1.4452251658236645e7	1.4109738478531964e7
0.9757099999999714	444757.03914510447	1.4403631849959124e7	1.4064570780804053e7
0.9758699999999715	446060.71295288205	1.4351463782024369e7	1.4015926405967277e7
0.9760299999999715	447522.7496180263	1.4292520270229928e7	1.3960655679660466e7
0.9761899999999716	449379.5302397485	1.421717317140554e7	1.3889362004808992e7
0.9763499999999716	451077.8177861014	1.4147819550369028e7	1.3823891608393054e7
0.9766699999999716	453008.3222588655	1.4068235140677413e7	1.3750591899003321e7
0.9773099999999716	455494.99858017126	1.39632629156631e7	1.3656771661624106e7
0.9776299999999716	456842.2636334122	1.3905108788452817e7	1.3604271066292226e7
0.9779499999999716	458324.4570850494	1.3840092250206925e7	1.3545024270368207e7
0.9782699999999716	460045.92808361776	1.3763472964105912e7	1.347438949461277e7
0.9785899999999715	462006.6104918103	1.3674825494882016e7	1.3391939042566845e7
0.9789099999999715	464257.60392606066	1.3571432888687773e7	1.3295002561931774e7
0.9790699999999716	465577.28937393	1.3510187262026338e7	1.3237163575298352e7
0.9792299999999716	467067.7317393185	1.3440488615683727e7	1.3171030663923834e7
0.9793899999999717	468878.97738693614	1.3355243872688944e7	1.3089655892196406e7
0.9794699999999716	470018.15758143185	1.3301428054227395e7	1.303799920904889e7
0.9795499999999716	471162.9899031633	1.3247118898243662e7	1.2985850599917736e7
0.9796299999999716	472341.7967709835	1.3191000638800107e7	1.2931921558187611e7
0.9797899999999716	474639.2357430231	1.3080897509579957e7	1.2826125029865356e7
0.9799499999999717	476672.52823303256	1.2982273883759826e7	1.273153657658116e7
0.9801099999999717	478649.8328702596	1.288524362582669e7	1.2638476475284437e7
0.9802699999999718	480763.2572942266	1.2780452205928287e7	1.2537779342971388e7
0.9804299999999718	483149.7386265621	1.2660979985387256e7	1.2422659847457808e7
0.9805899999999719	485935.83160217677	1.2520202562490424e7	1.2286617445243545e7
0.9806699999999718	487545.2112128357	1.2438338659377985e7	1.2207329822024615e7
0.9807499999999718	489351.6296255227	1.2346026529281547e7	1.2117785537462834e7
0.9807899999999719	490294.401093642	1.2297701734381542e7	1.207088143950875e7
0.9808099999999719	490801.01147741516	1.2271689324474234e7	1.2045614077747494e7
0.9808199999999718	491082.7329687423	1.2257207033411292e7	1.2031532769328473e7
0.9808299999999718	519496.1081703547	1.0984817561281253e7	1.0784197349024821e7
0.9809899999999718	521266.23575320153	1.0893407463563072e7	1.0696233058822114e7
0.9810699999999718	522337.3080468526	1.0837754810463766e7	1.0642483957142722e7
0.9811499999999718	523587.8682474755	1.0772510117920619e7	1.057931793351399e7
0.9812299999999717	525093.6712646118	1.0693659434631573e7	1.0502795455252888e7
0.9813099999999717	526582.7440742137	1.0615317007735489e7	1.0426758564347373e7
0.9814699999999718	528740.9186890866	1.050066331986929e7	1.0315883597775139e7
0.9816299999999718	530663.1923425188	1.0397276945278201e7	1.0216027250636496e7
0.9817899999999719	532579.1073563737	1.0293422667899057e7	1.01156777066613e7
0.9819499999999719	534730.3227402853	1.0175905019297848e7	1.0001881816024713e7
0.9820299999999719	535994.2615577041	1.0106438247287039e7	9.934457368863214e6
0.9821099999999718	537418.1305124015	1.002784017376591e7	9.858056523411838e6
0.9821899999999718	539056.9964241096	9.936985800084932e6	9.769608688091466e6
0.9822699999999718	540617.2380424849	9.850079086218351e6	9.68502232764993e6
0.9823499999999717	541977.6292230139	9.773912873662123e6	9.610969216597512e6
0.9824299999999717	543253.209781021	9.702106015796619e6	9.541184971994665e6
0.9824699999999718	543927.5317531297	9.66401752562678e6	9.504142348033918e6
0.9824799999999717	544123.5631529682	9.652944565633994e6	9.493358021670269e6
0.9824899999999717	570684.5369191392	8.526476238108307e6	8.3871703254202595e6
0.9826499999999717	572370.4967357038	8.431565286703967e6	8.295208257097795e6
0.9828099999999718	574267.846329638	8.323637135660807e6	8.190425477576985e6
0.9829699999999718	576452.4132015144	8.198213573170211e6	8.0684149806157295e6
0.9831299999999719	579000.952801652	8.050550002515292e6	7.924504970046413e6
0.9832099999999718	580441.6980727675	7.966508767714195e6	7.842496701614708e6
0.9832899999999718	582013.9288700863	7.874371997982997e6	7.752516694647915e6
0.9833699999999718	583736.0403689026	7.772981630936127e6	7.653424476764791e6
0.9834499999999717	585631.4136255451	7.660871645601945e6	7.543776419762536e6
0.9835299999999717	587675.378613445	7.539405469934497e6	7.424910475330243e6
0.9836099999999717	589763.1091944859	7.414749809104258e6	7.302888277092543e6
0.9836899999999716	591896.2203931836	7.286775245406924e6	7.177581768508759e6
0.9837699999999716	594145.3975627383	7.151184089950383e6	7.044763351972746e6
0.9838499999999716	596589.5623265101	7.00310656556776e6	6.8996413159652315e6
0.9840099999999716	599590.6107527356	6.818819183579104e6	6.719373718699434e6
0.9841699999999717	602230.35482044	6.654210753694518e6	6.558407903980169e6
0.9842499999999716	603688.2467126137	6.5625587859963365e6	6.468706575002449e6
0.9843299999999716	605251.0028772528	6.463754282032669e6	6.371951535648137e6
0.9844099999999716	606776.0335667643	6.3666697339253295e6	6.276872991136576e6
0.9844899999999716	608361.8514749365	6.265111293922823e6	6.177375110070295e6
0.9845699999999715	610060.0618923012	6.155769520497786e6	6.070199223551345e6
0.9846499999999715	611911.3734482067	6.035930165638983e6	5.952671477178699e6
0.9847299999999715	613957.823630343	5.902789809605945e6	5.822029345179947e6
0.9850499999999714	616451.7166933671	5.738807514790425e6	5.662228295608727e6
0.9853699999999714	617542.7335106197	5.66475341904534e6	5.590912726715824e6
0.9856899999999714	618815.0560652093	5.576432794765545e6	5.505489284924601e6
0.9858499999999715	619581.2306026928	5.522426573224014e6	5.453051311625782e6
0.9860099999999715	620458.7142378407	5.459913521634292e6	5.392209548878678e6
0.9861699999999716	621477.4973057003	5.386566903008139e6	5.320665716527138e6
0.9863299999999716	622643.7594346415	5.301645461390059e6	5.237683508124196e6
0.9864899999999717	624031.3720801233	5.1994967578933425e6	5.137682220530876e6
0.9865699999999716	624842.4990005996	5.139333774305675e6	5.0787041564782e6
0.9866499999999716	625752.2422488409	5.071490461180247e6	5.012139855957387e6
0.9867299999999716	626784.9588322284	4.994072358760014e6	4.936118454962849e6
0.9868099999999715	627970.2344236764	4.904755283537842e6	4.848344488739905e6
0.9868899999999715	629349.6878591607	4.800265387878414e6	4.745584683051043e6
0.9869699999999715	630981.3397324855	4.676028755501449e6	4.6233217876738645e6
0.9870499999999715	632944.2854388761	4.525786283653289e6	4.475373979776301e6
0.9870899999999715	634085.4595649873	4.438104625223674e6	4.388994737794912e6
0.9871299999999715	635358.3745335499	4.340042333605155e6	4.292363051051798e6
0.9871699999999716	636788.4300348579	4.229582782393761e6	4.1834872308528945e6
0.9872099999999716	638407.7082929738	4.104172962781571e6	4.0598458251765636e6
0.9872499999999717	640257.5343236178	3.960523578677982e6	3.91819018661237e6
0.9872899999999717	642284.1011309266	3.8027279306228794e6	3.762558689549947e6
0.9873699999999717	643713.7225475624	3.69088043444464e6	3.6523947188732936e6
0.9874499999999716	644534.1139119001	3.626152234617725e6	3.588732927202782e6
0.9875299999999716	645393.3749125211	3.5579367896782123e6	3.5216173732960015e6
0.9876099999999716	646357.6555844079	3.4809606551359184e6	3.4458399239713945e6
0.9876899999999715	647468.585007444	3.391799227507863e6	3.358016517298605e6
0.9877699999999715	648779.9113080291	3.28598809846488e6	3.2537350423358767e6
0.9878499999999715	650365.2770997859	3.157379476364419e6	3.126919253843282e6
0.9878899999999715	651294.6014088008	3.0816896669283733e6	3.052257582684862e6
0.9879299999999716	652342.1040187452	2.9961415958202966e6	2.967851935954185e6
0.9879699999999716	653534.6623589548	2.8984764467432424e6	2.8714697970770355e6
0.9880099999999716	654910.5044979488	2.7854852216216177e6	2.7599396307632443e6
0.9880499999999717	656520.009701667	2.652925993380755e6	2.629068941875734e6
0.9880899999999717	658435.220328087	2.494726854346294e6	2.472856620985085e6
0.9881099999999717	659538.2769561955	2.403412258140467e6	2.382677596504137e6
0.9881299999999718	660759.8172222568	2.302135620206848e6	2.282652489425374e6
0.9881499999999718	662121.0741921241	2.1891007541719005e6	2.171006044964097e6
0.9881699999999718	663648.0564193878	2.0621049767913371e6	2.0455612314232974e6
0.9881899999999718	665372.7150907194	1.9184395632329956e6	1.9036408437564e6
0.9882099999999718	667337.0624563022	1.7545425344503187e6	1.7417243819354787e6
0.9882299999999719	669590.4323006193	1.5662177600877248e6	1.5556644564396453e6
0.9882399999999718	670842.2800226836	1.4614636492835656e6	1.4521659419810353e6
0.9882799999999718	673206.1606272456	1.2626733180165626e6	1.2557647629319434e6
0.9883599999999718	674705.1663487988	1.1340055656241104e6	1.128659308976533e6
0.9884399999999718	676375.413545543	989712.5851476341	986090.4074439051
0.9885199999999718	678237.912609995	827760.6350507028	826044.1141970792
0.9987599999999718	679928.0	679928.0	679928.0
