lambda	f0	f1	fla
0.0	28010.056624738863	3.649911776386925e7	28010.056624738863
0.00064	28012.48074041321	3.649899781873124e7	51353.911356727345
0.00128	28014.183381979838	3.6498934360772535e7	74696.96120903976
0.0019200000000000003	28015.32026674697	3.649889837918604e7	98039.41573987203
0.00256	28016.139403060257	3.649887679200254e7	121381.54267371492
0.0032	28016.84861763302	3.649886216667937e7	144723.55363543058
0.00384	28017.48951911105	3.649885150698147e7	168065.4921461665
0.0044800000000000005	28018.08327045221	3.64988429812799e7	191407.37881353457
0.00512	28018.65664698421	3.649883561901406e7	214749.23949430368
0.00576	28019.218462940462	3.649882889358235e7	238091.0821916283
0.0064	28019.774712503437	3.649882251082035e7	261432.91222359368
0.00704	28020.32729706484	3.6498816325483106e7	284774.7311242946
0.00768	28020.879072365173	3.649881023294089e7	308116.54131007544
0.008320000000000001	28021.43057733111	3.6498804187880985e7	331458.3431180976
0.008960000000000001	28021.980771435876	3.6498798198269896e7	354800.13568022207
0.009600000000000001	28022.53160413364	3.649879223244578e7	378141.9207322135
0.01024	28023.083448618472	3.649878625539446e7	401483.6983293439
0.01088	28023.636184361738	3.649878026878922e7	424825.46834710264
0.01152	28024.18971393971	3.649877427306236e7	448167.2306741136
0.01216	28024.744008828508	3.649876826885927e7	471508.98527100985
0.0128	28025.299077477604	3.6498762256254815e7	494850.73212934757
0.01344	28025.85487426982	3.649875623527478e7	518192.47118685266
0.01408	28026.411440440337	3.649875020596421e7	541534.202467335
0.01472	28026.96879910609	3.6498744167679325e7	564875.9259666229
0.01536	28027.526868016957	3.6498738121522166e7	588217.6416019048
0.016	28028.08573057941	3.6498732066285156e7	611559.3494194526
0.016640000000000002	28028.64536197778	3.649872600281073e7	634901.0493899252
0.017280000000000004	28029.20574133976	3.649871993106161e7	658242.7414748742
0.017920000000000005	28029.76688050854	3.64987138505979e7	681584.4256607244
0.018560000000000007	28030.328839644844	3.6498707761073895e7	704926.1019819127
0.01920000000000001	28030.89152533167	3.6498701663517855e7	728267.7703475885
0.01984000000000001	28031.455019276298	3.649869555701741e7	751609.4308029197
0.020480000000000012	28032.01927488162	3.649868944174156e7	774951.0832869997
0.021120000000000014	28032.58431364244	3.649868331816265e7	798292.727812534
0.021760000000000015	28033.15008775214	3.6498677185937226e7	821634.3643078372
0.022400000000000017	28033.716686027827	3.649867104473257e7	844975.992834271
0.02304000000000002	28034.284035385477	3.6498664895172454e7	868317.6133159841
0.02368000000000002	28034.852192618622	3.649865873648385e7	891659.2257726357
0.024320000000000022	28035.421129775375	3.649865256918477e7	915000.8301704737
0.024960000000000024	28035.99086717603	3.649864639304296e7	938342.4265054845
0.025600000000000026	28036.561364926707	3.649864020837249e7	961684.0147283212
0.026240000000000027	28037.132675037505	3.649863401450135e7	985025.5948541609
0.02688000000000003	28037.70476494563	3.649862781202023e7	1.0083671668479687e6
0.02752000000000003	28038.277652740067	3.649862160076351e7	1.0317087307047496e6
0.028160000000000032	28038.85130318276	3.64986153808117e7	1.0550502863741438e6
0.028800000000000034	28039.42578273465	3.649860915184523e7	1.0783918338933357e6
0.029440000000000036	28040.001066347802	3.649860291352105e7	1.1017333732090155e6
0.030080000000000037	28040.577138245888	3.649859666658047e7	1.1250749043086693e6
0.03072000000000004	28041.15400691841	3.649859041099145e7	1.1484164271814846e6
0.03136000000000004	28041.731683148515	3.649858414632922e7	1.1717579418064507e6
0.03200000000000004	28042.310157687243	3.649857787256846e7	1.1950994481548336e6
0.032640000000000044	28042.889434532677	3.64985715897362e7	1.2184409462123807e6
0.033280000000000046	28043.46952107417	3.649856529822332e7	1.2417824359802864e6
0.03392000000000005	28044.050428891314	3.6498558997379676e7	1.2651239174294635e6
0.03456000000000005	28044.632170427205	3.649855268725626e7	1.2884653905541955e6
0.03520000000000005	28045.214695609244	3.6498546368234664e7	1.3118068553001857e6
0.03584000000000005	28045.79802917245	3.649854004049446e7	1.33514831167913e6
0.036480000000000054	28046.38214797469	3.649853370368517e7	1.3584897596376536e6
0.037120000000000056	28046.967152899782	3.64985273572194e7	1.3818311992321701e6
0.03776000000000006	28047.552956904987	3.649852100173711e7	1.4051726303828477e6
0.03840000000000006	28048.139565591486	3.649851463722632e7	1.4285140530757655e6
0.03904000000000006	28048.727008400034	3.6498508263366126e7	1.4518554673078079e6
0.03968000000000006	28049.31529644111	3.649850188012822e7	1.4751968730689683e6
0.040320000000000064	28049.90437708874	3.649849548802667e7	1.4985382703098424e6
0.040960000000000066	28050.494294844557	3.6498489086823076e7	1.5218796590448034e6
0.04160000000000007	28051.085029055554	3.649848267621524e7	1.5452210392224032e6
0.04224000000000007	28051.676641585593	3.6498476255764104e7	1.5685624108637231e6
0.04288000000000007	28052.269037374306	3.649846982674359e7	1.5919037739118193e6
0.04352000000000007	28052.862321102653	3.6498463387591e7	1.6152451283808511e6
0.044160000000000074	28053.456380469936	3.649845693999125e7	1.6385864742167247e6
0.044800000000000076	28054.051318630703	3.649845048252165e7	1.6619278114365288e6
0.04544000000000008	28054.647087972393	3.649844401571398e7	1.6852691399983412e6
0.04608000000000008	28055.24369217365	3.649843753970431e7	1.7086104598924157e6
0.04672000000000008	28055.841146166455	3.649843105404269e7	1.731951771092695e6
0.04736000000000008	28056.439487853837	3.64984245585512e7	1.755293073606697e6
0.048000000000000084	28057.038617780778	3.649841805410902e7	1.7786343673613635e6
0.048640000000000086	28057.63860983006	3.649841154025755e7	1.8019756523859783e6
0.04928000000000009	28058.23945701984	3.649840501660202e7	1.8253169286347285e6
0.04992000000000009	28058.841171373253	3.649839848354117e7	1.8486581961184768e6
0.05056000000000009	28059.443736295223	3.649839194074479e7	1.871999454785048e6
0.05120000000000009	28060.04718324788	3.649838538830697e7	1.8953407046487858e6
0.051840000000000094	28060.651449951103	3.649837882640502e7	1.9186819456396252e6
0.052480000000000096	28061.25656829087	3.649837225539541e7	1.9420231777867416e6
0.0531200000000001	28061.862567004184	3.6498365674166635e7	1.96536440103918e6
0.0537600000000001	28062.469452087687	3.649835908309653e7	1.9887056154016163e6
0.0544000000000001	28063.07719213704	3.649835248264026e7	2.0120468208485185e6
0.0550400000000001	28063.685773141224	3.649834587270259e7	2.035388017341742e6
0.055680000000000104	28064.29526705213	3.649833925242168e7	2.0587292048814255e6
0.056320000000000106	28064.905601639235	3.6498332622942194e7	2.0820703834422631e6
0.05696000000000011	28065.51681422768	3.649832598349415e7	2.10541155299632e6
0.05760000000000011	28066.128907984934	3.649831933417362e7	2.1287527135312892e6
0.05824000000000011	28066.741881958198	3.6498312675306424e7	2.152093865044603e6
0.05888000000000011	28067.355732651056	3.6498306006370276e7	2.1754350074821985e6
0.059520000000000114	28067.970463754467	3.64982993277569e7	2.1987761408498464e6
0.060160000000000116	28068.58607257148	3.649829263890722e7	2.222117265091108e6
0.06080000000000012	28069.202587536278	3.64982859401819e7	2.245458380233278e6
0.06144000000000012	28069.819950727644	3.649827923205129e7	2.2687994862301904e6
0.06208000000000012	28070.43822270046	3.649827251379834e7	2.2921405830744407e6
0.06272000000000012	28071.05743168716	3.649826578485121e7	2.315481670735444e6
0.06336000000000012	28071.67747689254	3.6498259046853445e7	2.3388227492005955e6
0.06400000000000013	28072.298451203424	3.64982522982955e7	2.362163818441243e6
0.06464000000000013	28072.920248349943	3.6498245540449545e7	2.3855048784181597e6
0.06528000000000013	28073.542992939	3.649823877207929e7	2.408845929147701e6
0.06592000000000013	28074.166667379304	3.649823199307758e7	2.432186970584345e6
0.06656000000000013	28074.791215492005	3.64982252045791e7	2.4555280027289786e6
0.06720000000000013	28075.416662479187	3.649821840606323e7	2.4788690255502146e6
0.06784000000000014	28076.043037358595	3.649821159688486e7	2.502210039010378e6
0.06848000000000014	28076.670307487828	3.649820477786696e7	2.5255510431131655e6
0.06912000000000014	28077.298483356644	3.6498197948647484e7	2.548892037822706e6
0.06976000000000014	28077.927602137122	3.649819110883453e7	2.5722330231249137e6
0.07040000000000014	28078.55759753845	3.649818425933803e7	2.5955739990000743e6
0.07104000000000014	28079.18853585933	3.649817739928876e7	2.6189149654277503e6
0.07168000000000015	28079.82036896454	3.649817052890152e7	2.642255922356583e6
0.07232000000000015	28080.453120292812	3.649816364867921e7	2.665596869823119e6
0.07296000000000015	28081.086797838605	3.649815675783405e7	2.688937807756646e6
0.07360000000000015	28081.721425094798	3.649814985644791e7	2.7122787361627794e6
0.07424000000000015	28082.356947142696	3.6498142944917835e7	2.7356196549980924e6
0.07488000000000015	28082.993412951193	3.649813602283144e7	2.758960564255813e6
0.07552000000000016	28083.63082957119	3.64981290903052e7	2.782301463929177e6
0.07616000000000016	28084.269173545228	3.649812214714605e7	2.8056423539599376e6
0.07680000000000016	28084.908436133068	3.649811519400164e7	2.8289832343675694e6
0.07744000000000016	28085.548631176556	3.649810823000029e7	2.8523241050764066e6
0.07808000000000016	28086.189772591395	3.649810125577879e7	2.875664966126361e6
0.07872000000000016	28086.83187601046	3.6498094270484515e7	2.899005817443278e6
0.07936000000000017	28087.474867147193	3.6498087275266126e7	2.922346659026816e6
0.08000000000000017	28088.11883884381	3.649808026943217e7	2.945687490886316e6
0.08064000000000017	28088.763759513007	3.649807325233681e7	2.9690283129183925e6
0.08128000000000017	28089.40960243543	3.649806622544722e7	2.992369125194306e6
0.08192000000000017	28090.056432303783	3.6498059187407464e7	3.015709927641795e6
0.08256000000000017	28090.70421999855	3.6498052138234936e7	3.0390507202122784e6
0.08320000000000018	28091.352934097195	3.6498045078898355e7	3.0623915029343297e6
0.08384000000000018	28092.002596155246	3.6498038009280235e7	3.085732275796555e6
0.08448000000000018	28092.65327127024	3.649803092777531e7	3.1090730387013783e6
0.08512000000000018	28093.304885690704	3.649802383627607e7	3.1324137917176466e6
0.08576000000000018	28093.95744809419	3.6498016733627774e7	3.1557545347332703e6
0.08640000000000018	28094.610976573687	3.64980096205945e7	3.1790952678075694e6
0.08704000000000019	28095.265463123596	3.649800249641991e7	3.2024359908456085e6
0.08768000000000019	28095.92094416016	3.649799536127428e7	3.225776703872312e6
0.08832000000000019	28096.577397333058	3.6497988215263434e7	3.2491174068536744e6
0.08896000000000019	28097.234806993198	3.649798105847402e7	3.2724580997604188e6
0.0896000000000002	28097.89319718616	3.649797389063869e7	3.295798782567952e6
0.0902400000000002	28098.552571806493	3.649796671190797e7	3.3191394552703085e6
0.0908800000000002	28099.21292714145	3.649795952201426e7	3.342480117816986e6
0.0915200000000002	28099.87427046249	3.64979523208905e7	3.3658207701851353e6
0.0921600000000002	28100.536579087424	3.6497945109410435e7	3.389161412411232e6
0.0928000000000002	28101.199915517496	3.64979378859148e7	3.4125020443762583e6
0.0934400000000002	28101.864249083996	3.6497930651860386e7	3.435842666163491e6
0.0940800000000002	28102.52952110167	3.6497923406744994e7	3.459183277650333e6
0.0947200000000002	28103.195826471638	3.6497916150065534e7	3.482523878852003e6
0.09536000000000021	28103.863081741558	3.649790888260285e7	3.5058644697432816e6
0.09600000000000021	28104.531397018058	3.649790160367963e7	3.529205050336156e6
0.09664000000000021	28105.20069658187	3.649789431343431e7	3.552545620551564e6
0.09728000000000021	28105.870990367053	3.649788701186065e7	3.5758861803742354e6
0.09792000000000022	28106.542272186733	3.649787969954348e7	3.5992267298322e6
0.09856000000000022	28107.21460232215	3.649787237542532e7	3.622567268853044e6
0.09920000000000022	28107.887899356152	3.649786504014395e7	3.645907797402028e6
0.09984000000000022	28108.56224444515	3.649785769370834e7	3.6692483155298084e6
0.10048000000000022	28109.237596946114	3.6497850335295305e7	3.6925888230936853e6
0.10112000000000022	28109.913942874664	3.6497842965949096e7	3.715929320161752e6
0.10176000000000023	28110.591341077255	3.649783558481815e7	3.739269806677312e6
0.10240000000000023	28111.269724535785	3.649782819262394e7	3.7626102826294433e6
0.10304000000000023	28111.949175514754	3.6497820788541995e7	3.785950747983845e6
0.10368000000000023	28112.629595876664	3.649781337345469e7	3.809291202719167e6
0.10432000000000023	28113.31108297312	3.649780594647671e7	3.8326316468072566e6
0.10496000000000023	28113.99361385064	3.649779850790028e7	3.8559720802333634e6
0.10560000000000024	28114.677171691364	3.6497791057359606e7	3.8793125029195435e6
0.10624000000000024	28115.36172493869	3.64977835959127e7	3.902652914925055e6
0.10688000000000024	28116.047367016996	3.6497776122179516e7	3.9259933161629857e6
0.10752000000000024	28116.734013449764	3.649776863718329e7	3.94933370664228e6
0.10816000000000024	28117.42174821846	3.649776113988223e7	3.972674086301602e6
0.10880000000000024	28118.11045890463	3.649775363150936e7	3.9960144551492035e6
0.10944000000000025	28118.80027701931	3.649774611088544e7	4.019354813150014e6
0.11008000000000025	28119.491137464844	3.649773857867123e7	4.0426951602931907e6
0.11072000000000025	28120.183034665788	3.649773103455962e7	4.066035496515518e6
0.11136000000000025	28120.875962778442	3.6497723479060665e7	4.089375821843768e6
0.11200000000000025	28121.569998519	3.649771591091797e7	4.1127161361815063e6
0.11264000000000025	28122.265053908042	3.649770833128538e7	4.1360564395542303e6
0.11328000000000026	28122.961204711755	3.6497700739425294e7	4.159396731921549e6
0.11392000000000026	28123.658413383826	3.6497693135548435e7	4.182737013248618e6
0.11456000000000026	28124.35665376436	3.649768552018892e7	4.206077283548362e6
0.11520000000000026	28125.055989658475	3.649767789269333e7	4.229417542777931e6
0.11584000000000026	28125.75640706764	3.649767025298825e7	4.252757790891041e6
0.11648000000000026	28126.45789100355	3.649766260106134e7	4.276098027847494e6
0.11712000000000027	28127.160474637905	3.649765493668662e7	4.299438253624595e6
0.11776000000000027	28127.864131587256	3.6497647260693096e7	4.322778468270681e6
0.11840000000000027	28128.56881911492	3.649763957281886e7	4.346118671692695e6
0.11904000000000027	28129.274642122124	3.6497631872328304e7	4.369458863870695e6
0.11968000000000027	28129.981493144154	3.6497624159879036e7	4.392799044762378e6
0.12032000000000027	28130.689478143664	3.6497616435062714e7	4.416139214386889e6
0.12096000000000028	28131.398570452155	3.649760869744569e7	4.439479372642411e6
0.12160000000000028	28132.108743717	3.649760094765253e7	4.46281951955504e6
0.12224000000000028	28132.82000207377	3.6497593186414815e7	4.486159655192378e6
0.12288000000000028	28133.532352639122	3.649758541222209e7	4.509499779351007e6
0.12352000000000028	28134.24581260168	3.649757762564751e7	4.53283989208982e6
0.12416000000000028	28134.96042357813	3.6497569826168515e7	4.55617999335448e6
0.12480000000000029	28135.67607748547	3.649756201491278e7	4.579520083164141e6
0.12544000000000027	28136.392866378363	3.6497554190708116e7	4.602860161427655e6
0.12608000000000028	28137.110758987317	3.649754635427409e7	4.626200228181382e6
0.12672000000000028	28137.829784677728	3.6497538505105555e7	4.649540283361349e6
0.12736000000000028	28138.54993545532	3.649753064339528e7	4.672880326958509e6
0.12800000000000028	28139.271187111975	3.649752276865859e7	4.696220358863472e6
0.12864000000000028	28139.993546210564	3.649751488226504e7	4.7195603792310115e6
0.12928000000000028	28140.717077076104	3.649750698229193e7	4.742900387844062e6
0.12992000000000029	28141.44169034978	3.649749906998765e7	4.766240384758745e6
0.1305600000000003	28142.16747881323	3.6497491144834355e7	4.7895803699623635e6
0.1312000000000003	28142.894352065672	3.64974832071482e7	4.8129203433909295e6
0.1318400000000003	28143.622373984857	3.64974752567107e7	4.836260305044948e6
0.1324800000000003	28144.35154191239	3.649746729314736e7	4.859600254845813e6
0.1331200000000003	28145.081860876275	3.649745931684674e7	4.882940192822205e6
0.1337600000000003	28145.813343329282	3.649745132708756e7	4.906280118861768e6
0.1344000000000003	28146.545899058685	3.649744332554076e7	4.929620033082915e6
0.1350400000000003	28147.279669833104	3.649743531043638e7	4.952959935344558e6
0.1356800000000003	28148.01457562228	3.649742728228964e7	4.976299825619071e6
0.1363200000000003	28148.750644813994	3.649741924075155e7	4.999639703856175e6
0.1369600000000003	28149.487837275723	3.649741118686749e7	5.022979570136465e6
0.1376000000000003	28150.226225185637	3.649740311978046e7	5.0463194243784025e6
0.1382400000000003	28150.96577688394	3.649739503932389e7	5.0696592665040335e6
0.1388800000000003	28151.706474807113	3.6497386945901334e7	5.092999096526374e6
0.1395200000000003	28152.448368397054	3.649737883907816e7	5.116338914400234e6
0.1401600000000003	28153.1914175855	3.649737071926522e7	5.1396787201207215e6
0.1408000000000003	28153.93561865099	3.649736258631215e7	5.163018513636308e6
0.14144000000000032	28154.681017626754	3.649735443990998e7	5.1863582949153725e6
0.14208000000000032	28155.427568903062	3.6497346280854754e7	5.209698064003768e6
0.14272000000000032	28156.175346227683	3.649733810730822e7	5.233037820675854e6
0.14336000000000032	28156.92429432758	3.649732992072094e7	5.256377565062058e6
0.14400000000000032	28157.67442846248	3.64973217209624e7	5.279717297129361e6
0.14464000000000032	28158.425755013206	3.649731350800782e7	5.303057016852071e6
0.14528000000000033	28159.17822237988	3.649730528164915e7	5.326396724128232e6
0.14592000000000033	28159.931972721166	3.649729704143634e7	5.349736418985664e6
0.14656000000000033	28160.686862580016	3.64972887875696e7	5.373076101302212e6
0.14720000000000033	28161.442999896757	3.6497280520125285e7	5.396415771152766e6
0.14784000000000033	28162.20032841165	3.649727223933877e7	5.419755428495715e6
0.14848000000000033	28162.95886672655	3.649726394481028e7	5.443095073259637e6
0.14912000000000034	28163.71863124525	3.6497255636230186e7	5.466434705383612e6
0.14976000000000034	28164.47957185108	3.649724731463057e7	5.489774324950257e6
0.15040000000000034	28165.24171667707	3.649723897920312e7	5.51311393183465e6
0.15104000000000034	28166.005138331053	3.649723062961652e7	5.536453526019529e6
0.15168000000000034	28166.769760840718	3.649722226622717e7	5.559793107464866e6
0.15232000000000034	28167.535581921624	3.649721388951545e7	5.58313267621309e6
0.15296000000000035	28168.30266410373	3.6497205498491995e7	5.606472232137951e6
0.15360000000000035	28169.070978301854	3.6497197093371175e7	5.62981177521786e6
0.15424000000000035	28169.840492025072	3.649718867488212e7	5.653151305508366e6
0.15488000000000035	28170.611256242886	3.649718024246073e7	5.676490822937205e6
0.15552000000000035	28171.383248054924	3.649717179569133e7	5.699830327391246e6
0.15616000000000035	28172.156496253327	3.649716333511948e7	5.723169818950069e6
0.15680000000000036	28172.93104830318	3.649715485987677e7	5.746509297488619e6
0.15744000000000036	28173.706762846334	3.649714637125218e7	5.769848763060059e6
0.15808000000000036	28174.483801656235	3.649713786780633e7	5.793188215545128e6
0.15872000000000036	28175.262043755843	3.649712935057644e7	5.816527654975677e6
0.15936000000000036	28176.041593656344	3.649712081861348e7	5.839867081259549e6
0.16000000000000036	28176.82237353234	3.649711227294561e7	5.863206494465079e6
0.16064000000000037	28177.604399372074	3.649710371303499e7	5.886545894490611e6
0.16128000000000037	28178.38770169654	3.6497095138898335e7	5.909885281334704e6
0.16192000000000037	28179.172320921567	3.649708654944063e7	5.933224654824158e6
0.16256000000000037	28179.95819650252	3.649707794627703e7	5.956564015138887e6
0.16320000000000037	28180.745294413686	3.649706932921097e7	5.97990336218961e6
0.16384000000000037	28181.533736119298	3.649706069674251e7	6.0032426958031e6
0.16448000000000038	28182.32344233396	3.6497052050148726e7	6.026582016091015e6
0.16512000000000038	28183.114411308914	3.6497043389433265e7	6.049921323022949e6
0.16576000000000038	28183.906680976146	3.649703471344221e7	6.073260616409731e6
0.16640000000000038	28184.700269411103	3.64970260231201e7	6.096599896391779e6
0.16704000000000038	28185.49515057655	3.6497017317852505e7	6.1199391628147205e6
0.16768000000000038	28186.291305708117	3.6497008598314576e7	6.14327841574497e6
0.16832000000000039	28187.088767659498	3.6496999863821186e7	6.166617655064683e6
0.1689600000000004	28187.88754569114	3.649699111459686e7	6.18995688078827e6
0.1696000000000004	28188.687647661947	3.649698235034704e7	6.213296092841491e6
0.1702400000000004	28189.489031938596	3.649697357181034e7	6.236635291284149e6
0.1708800000000004	28190.29178786944	3.649696477762654e7	6.2599744759279955e6
0.1715200000000004	28191.095755173414	3.6496955969519585e7	6.28331364690326e6
0.1721600000000004	28191.901126090306	3.649694714582897e7	6.306652804054152e6
0.1728000000000004	28192.70779517821	3.649693830707307e7	6.329991947350414e6
0.1734400000000004	28193.515782714265	3.649692945378238e7	6.353331076869391e6
0.1740800000000004	28194.32515333665	3.64969205847221e7	6.376670192419082e6
0.1747200000000004	28195.135811501663	3.649691170111492e7	6.40000929410133e6
0.1753600000000004	28195.947841222165	3.6496902801773734e7	6.4233483817468425e6
0.1760000000000004	28196.761173141338	3.649689388786426e7	6.446687455470794e6
0.1766400000000004	28197.57592796365	3.649688495804415e7	6.470026515104982e6
0.1772800000000004	28198.391959046945	3.6496876013584375e7	6.4933655607208e6
0.1779200000000004	28199.20931686644	3.649686705380065e7	6.5167045922074355e6
0.1785600000000004	28200.028066313123	3.649685807861499e7	6.5400436095723e6
0.17920000000000041	28200.84821209456	3.649684908770414e7	6.563382612729084e6
0.17984000000000042	28201.669642169374	3.649684008202758e7	6.5867216017255755e6
0.18048000000000042	28202.49250426589	3.649683106036758e7	6.610060576432251e6
0.18112000000000042	28203.316687313392	3.64968220230455e7	6.633399536782924e6
0.18176000000000042	28204.142315428413	3.6496812970190115e7	6.656738482869947e6
0.18240000000000042	28204.96926307091	3.649680390178942e7	6.680077414555892e6
0.18304000000000042	28205.79758281373	3.649679481847973e7	6.703416331967801e6
0.18368000000000043	28206.62732625412	3.6496785718434274e7	6.7267552347809905e6
0.18432000000000043	28207.458416048044	3.649677660378135e7	6.750094123289796e6
0.18496000000000043	28208.290872217018	3.649676747314251e7	6.7734329972249465e6
0.18560000000000043	28209.124788905294	3.6496758325952865e7	6.796771856524952e6
0.18624000000000043	28209.960026956047	3.64967491638848e7	6.820110701353458e6
0.18688000000000043	28210.79671019726	3.649673998569387e7	6.843449531547483e6
0.18752000000000044	28211.634800644082	3.649673079119417e7	6.8667883470075745e6
0.18816000000000044	28212.474308142286	3.649672158073517e7	6.890127147773468e6
0.18880000000000044	28213.315206157695	3.649671235452046e7	6.913465933828714e6
0.18944000000000044	28214.157515623006	3.6496703112017944e7	6.936804705056558e6
0.19008000000000044	28215.00124549535	3.6496693854048274e7	6.960143461586264e6
0.19072000000000044	28215.846378128088	3.649668457975371e7	6.983482203207536e6
0.19136000000000045	28216.69293271832	3.649667528928626e7	7.006820929930949e6
0.19200000000000045	28217.54101161559	3.649666598147757e7	7.030159641581096e6
0.19264000000000045	28218.39043471201	3.649665665880211e7	7.053498338453024e6
0.19328000000000045	28219.24129432736	3.649664731978129e7	7.076837020304304e6
0.19392000000000045	28220.09358393264	3.649663796421068e7	7.100175687055888e6
0.19456000000000045	28220.947368106976	3.6496628591951855e7	7.123514338698337e6
0.19520000000000046	28221.80258458884	3.649661920353649e7	7.1468529752504155e6
0.19584000000000046	28222.659246631552	3.649660979843297e7	7.1701915965849e6
0.19648000000000046	28223.517316588426	3.6496600377210155e7	7.193530202748493e6
0.19712000000000046	28224.376909465605	3.6496590939149454e7	7.216868793658229e6
0.19776000000000046	28225.23794960866	3.649658148468721e7	7.240207369304453e6
0.19840000000000046	28226.1004320121	3.6496572013188444e7	7.263545929522905e6
0.19904000000000047	28226.964403145834	3.649656252556298e7	7.286884474496416e6
0.19968000000000047	28227.82983356729	3.649655302095174e7	7.310223003996061e6
0.20032000000000047	28228.696671792033	3.649654350036486e7	7.333561518147605e6
0.20096000000000047	28229.56510232273	3.6496533961725354e7	7.356900016647704e6
0.20160000000000047	28230.43499432284	3.64965244067119e7	7.380238499692603e6
0.20224000000000047	28231.306329576786	3.649651483501838e7	7.403576967171618e6
0.20288000000000048	28232.17914892117	3.64965052466853e7	7.426915419090718e6
0.20352000000000048	28233.053550969515	3.649649564050278e7	7.45025385524742e6
0.20416000000000048	28233.92936499055	3.649648601800047e7	7.473592275780827e6
0.20480000000000048	28234.806748176135	3.6496476377579294e7	7.496930680454407e6
0.20544000000000048	28235.685573900937	3.6496466721216895e7	7.520269069536415e6
0.20608000000000049	28236.565961818782	3.649645704670474e7	7.543607442633337e6
0.2067200000000005	28237.447823640763	3.649644735541398e7	7.566945799920734e6
0.2073600000000005	28238.331275189157	3.6496437646477625e7	7.590284141275584e6
0.2080000000000005	28239.216169707448	3.649642792096152e7	7.613622466766423e6
0.2086400000000005	28240.102648475877	3.6496418177200235e7	7.636960776122973e6
0.2092800000000005	28240.990594318588	3.6496408416977026e7	7.660299069587709e6
0.2099200000000005	28241.88010100796	3.649639863895096e7	7.683637346918807e6
0.2105600000000005	28242.771174594367	3.649638884314913e7	7.706975608089572e6
0.2112000000000005	28243.66374505012	3.649637903008506e7	7.730313853116077e6
0.2118400000000005	28244.55794835938	3.6496369199225076e7	7.753652081956438e6
0.2124800000000005	28245.45361459427	3.649635935092321e7	7.776990294514747e6
0.2131200000000005	28246.350876514538	3.649634948439475e7	7.800328490691939e6
0.2137600000000005	28247.249699158685	3.649633960069647e7	7.8236666706483625e6
0.2144000000000005	28248.150068233874	3.649632969915672e7	7.847004834192823e6
0.2150400000000005	28249.05197420453	3.649631978025252e7	7.870342981383193e6
0.2156800000000005	28249.955470353885	3.649630984342872e7	7.893681112105234e6
0.2163200000000005	28250.860567856347	3.6496299888346866e7	7.917019226257031e6
0.2169600000000005	28251.76724914263	3.649628991458031e7	7.940357323694131e6
0.21760000000000052	28252.675495316635	3.649627992409255e7	7.963695404790094e6
0.21824000000000052	28253.58530508602	3.649626991476575e7	7.987033469046601e6
0.21888000000000052	28254.49674965352	3.64962598875174e7	8.010371516680917e6
0.21952000000000052	28255.40975616252	3.649624984176731e7	8.033709547471269e6
0.22016000000000052	28256.324399061352	3.64962397782669e7	8.057047561602623e6
0.22080000000000052	28257.24063803899	3.649622969604443e7	8.080385558791789e6
0.22144000000000053	28258.158411856188	3.649621959657411e7	8.103723539278526e6
0.22208000000000053	28259.077899649074	3.649620947746879e7	8.127061502635983e6
0.22272000000000053	28259.99896959176	3.649619934039758e7	8.150399449092453e6
0.22336000000000053	28260.921650641965	3.6496189185477436e7	8.173737378659014e6
0.22400000000000053	28261.845964002372	3.649617901116733e7	8.197075290969567e6
0.22464000000000053	28262.771908773415	3.649616881882811e7	8.2204131862887535e6
0.22528000000000054	28263.69947615172	3.64961586077206e7	8.24375106440548e6
0.22592000000000054	28264.62870905739	3.649614837776953e7	8.267088925296819e6
0.22656000000000054	28265.559573311853	3.6496138129195906e7	8.290426768947027e6
0.22720000000000054	28266.492083340505	3.649612786204588e7	8.313764595338848e6
0.22784000000000054	28267.426268220566	3.649611757562176e7	8.337102404296951e6
0.22848000000000054	28268.36203500552	3.649610727109267e7	8.36044019597652e6
0.22912000000000055	28269.299462267987	3.649609694756849e7	8.383777970196385e6
0.22976000000000055	28270.23863642033	3.649608660441261e7	8.407115726837177e6
0.23040000000000055	28271.179393775026	3.6496076243169725e7	8.430453466087773e6
0.23104000000000055	28272.121935029387	3.649606586162435e7	8.453791187552871e6
0.23168000000000055	28273.06606458631	3.6496055461853825e7	8.477128891521057e6
0.23232000000000055	28274.011928507	3.6496045042451315e7	8.500466577739585e6
0.23296000000000056	28274.959458889956	3.6496034603949666e7	8.523804246239481e6
0.23360000000000056	28275.90869604467	3.649602414597243e7	8.547141896923829e6
0.23424000000000056	28276.85959777805	3.6496013669061415e7	8.57047952984656e6
0.23488000000000056	28277.81216160809	3.6496003173504174e7	8.59381714503377e6
0.23552000000000056	28278.766546300485	3.649599265668241e7	8.617154741951177e6
0.23616000000000056	28279.722545606764	3.6495982121544406e7	8.640492321093183e6
0.23680000000000057	28280.680306924147	3.649597156671871e7	8.663829882209256e6
0.23744000000000057	28281.639800697078	3.649596099154522e7	8.687167425078938e6
0.23808000000000057	28282.600935053324	3.649595039769025e7	8.710504949986553e6
0.23872000000000057	28283.563870519876	3.649593978405068e7	8.733842456751948e6
0.23936000000000057	28284.528506801726	3.6495929150309496e7	8.757179945181515e6
0.24000000000000057	28285.49495082067	3.6495918496211484e7	8.7805174152534e6
0.24064000000000058	28286.46306199214	3.649590782288252e7	8.803854867089223e6
0.24128000000000058	28287.432890914977	3.649589713006986e7	8.82719230062627e6
0.24192000000000058	28288.404563274435	3.649588641633735e7	8.85052971557168e6
0.24256000000000058	28289.377989480497	3.649587568262462e7	8.873867112041803e6
0.24320000000000058	28290.353122785524	3.649586492926403e7	8.897204490040356e6
0.24384000000000058	28291.33006729423	3.6495854155123465e7	8.920541849329012e6
0.24448000000000059	28292.308700293146	3.649584336166213e7	8.943879190128423e6
0.2451200000000006	28293.28918076265	3.649583254741584e7	8.967216512159366e6
0.2457600000000006	28294.27145469408	3.649582171269735e7	8.99055381541451e6
0.2464000000000006	28295.25546798231	3.649581085778027e7	9.013891099877752e6
0.2470400000000006	28296.241325783474	3.6495799982191294e7	9.037228365469221e6
0.2476800000000006	28297.22887275288	3.64957890868508e7	9.060565612256778e6
0.2483200000000006	28298.218368611007	3.649577816956886e7	9.083902839850677e6
0.2489600000000006	28299.209522763125	3.649576723295613e7	9.107240048636755e6
0.2496000000000006	28300.202609727996	3.649575627481724e7	9.130577238232745e6
0.2502400000000006	28301.197422267425	3.649574529685733e7	9.15391440886492e6
0.25088000000000055	28302.194086089603	3.649573429748961e7	9.177251560187984e6
0.2515200000000005	28303.192620891044	3.649572327652881e7	9.20058869212543e6
0.2521600000000005	28304.192956621195	3.6495712235730395e7	9.223925805022474e6
0.25280000000000047	28305.195047089437	3.6495701174603276e7	9.247262898678912e6
0.25344000000000044	28306.199089709648	3.6495690090936616e7	9.270599972639406e6
0.2540800000000004	28307.204919936616	3.649567898692638e7	9.293937027292147e6
0.2547200000000004	28308.212630707323	3.649566786147523e7	9.317274062384399e6
0.25536000000000036	28309.222182428584	3.649565671430101e7	9.340611077769844e6
0.25600000000000034	28310.233632333995	3.649564554633399e7	9.36394807368397e6
0.2566400000000003	28311.246872927637	3.6495634357831836e7	9.387285050069433e6
0.2572800000000003	28312.262017568522	3.649562314719005e7	9.410622006554754e6
0.25792000000000026	28313.27905203177	3.649561191503928e7	9.433958943245873e6
0.25856000000000023	28314.297910739766	3.649560066192525e7	9.457295860190341e6
0.2592000000000002	28315.318739955186	3.6495589386199676e7	9.480632757025521e6
0.2598400000000002	28316.341466837297	3.649557808949056e7	9.503969634073328e6
0.26048000000000016	28317.36603032679	3.6495566771333955e7	9.527306491123822e6
0.26112000000000013	28318.392489483424	3.649555543162998e7	9.550643328149855e6
0.2617600000000001	28319.420919770186	3.649554406873192e7	9.573980144731082e6
0.2624000000000001	28320.45125570309	3.649553268418092e7	9.597316941175284e6
0.26304000000000005	28321.483444054902	3.6495521278684616e7	9.620653717584135e6
0.26368	28322.51762588856	3.649550985023008e7	9.643990473486964e6
0.26432	28323.553624734715	3.6495498400683075e7	9.667327209199196e6
0.26496	28324.59172009904	3.649548692814946e7	9.690663924380424e6
0.26559999999999995	28325.63168866275	3.649547543367619e7	9.71400061909655e6
0.2662399999999999	28326.6735822779	3.649546391693804e7	9.737337293253312e6
0.2668799999999999	28327.71739540428	3.649545237827051e7	9.760673946889747e6
0.26751999999999987	28328.763244386704	3.649544081626423e7	9.784010579668248e6
0.26815999999999984	28329.811038664728	3.649542923246065e7	9.807347191887178e6
0.2687999999999998	28330.86074719183	3.649541762603659e7	9.830683783256976e6
0.2694399999999998	28331.91247728619	3.64954059965856e7	9.854020353699423e6
0.27007999999999976	28332.96613825154	3.649539434526383e7	9.877356903412478e6
0.27071999999999974	28334.02181428354	3.649538267079188e7	9.900693432065489e6
0.2713599999999997	28335.079525689067	3.649537097320723e7	9.9240299396351e6
0.2719999999999997	28336.139166176778	3.6495359253192976e7	9.947366426181456e6
0.27263999999999966	28337.200806043864	3.649534750992329e7	9.970702891483756e6
0.27327999999999963	28338.26450137029	3.649533574360822e7	9.994039335591678e6
0.2739199999999996	28339.330190100485	3.649532395484513e7	1.0017375758575592e7
0.2745599999999996	28340.39788791933	3.649531214252041e7	1.0040712160094202e7
0.27519999999999956	28341.46764284225	3.6495300306534015e7	1.0064048540105676e7
0.27583999999999953	28342.539362394284	3.64952884479129e7	1.0087384898776948e7
0.2764799999999995	28343.613201827175	3.6495276565119594e7	1.0110721235748034e7
0.2771199999999995	28344.688980061863	3.649526466025957e7	1.013405755142102e7
0.27775999999999945	28345.76690333059	3.649525273061315e7	1.015739384514335e7
0.2783999999999994	28346.846843573716	3.649524077786604e7	1.018073011724021e7
0.2790399999999994	28347.92887061624	3.6495228801240906e7	1.02040663674968e7
0.2796799999999994	28349.0129160442	3.64952168016365e7	1.022740259606536e7
0.28031999999999935	28350.099038052984	3.649520477812984e7	1.025073880268104e7
0.2809599999999993	28351.187233415807	3.649519273089156e7	1.0274074987339584e7
0.2815999999999993	28352.27752236443	3.649518065884196e7	1.0297411149701936e7
0.28223999999999927	28353.369857112204	3.649516856410628e7	1.032074729028197e7
0.28287999999999924	28354.464388142478	3.649515644431292e7	1.0344083408469237e7
0.2835199999999992	28355.56093333996	3.64951443009801e7	1.036741950451137e7
0.2841599999999992	28356.659674728526	3.649513213252289e7	1.0390755578039233e7
0.28479999999999916	28357.760438893285	3.649511994090794e7	1.0414091629436448e7
0.28543999999999914	28358.863311380886	3.649510772494709e7	1.0437427658376645e7
0.2860799999999991	28359.968372863033	3.6495095484053455e7	1.0460763664698735e7
0.2867199999999991	28361.075552808812	3.64950832185853e7	1.048409964840305e7
0.28735999999999906	28362.184870073386	3.649507092858038e7	1.0507435609462634e7
0.28799999999999903	28363.29638125138	3.649505861344106e7	1.0530771547694439e7
0.288639999999999	28364.409935836247	3.649504627466252e7	1.055410746337051e7
0.289279999999999	28365.525714822015	3.649503391087257e7	1.057744335617322e7
0.28991999999999896	28366.64361171146	3.649502152233362e7	1.0600779226050729e7
0.29055999999999893	28367.763683593017	3.64950091091604e7	1.0624115073025296e7
0.2911999999999989	28368.886024914475	3.6494996669093035e7	1.0647450896454312e7
0.2918399999999989	28370.01046883011	3.649498420569149e7	1.0670786697202569e7
0.29247999999999885	28371.137031581566	3.649497171731049e7	1.0694122474751513e7
0.2931199999999988	28372.265885652305	3.649495920321512e7	1.0717458228955623e7
0.2937599999999988	28373.396929206956	3.649494666367759e7	1.0740793959769167e7
0.2943999999999988	28374.53017918284	3.649493409890009e7	1.0764129667210573e7
0.29503999999999875	28375.665641626267	3.6494921508510254e7	1.078746535112154e7
0.2956799999999987	28376.80330549232	3.649490889252723e7	1.081080101144653e7
0.2963199999999987	28377.943207639204	3.649489625114996e7	1.083413664821706e7
0.29695999999999867	28379.085414791254	3.6494883583052054e7	1.0857472261033103e7
0.29759999999999864	28380.229686895447	3.6494870891391836e7	1.0880807850610238e7
0.2982399999999986	28381.376304101635	3.649485817287786e7	1.090414341611421e7
0.2988799999999986	28382.52523773608	3.6494845427197315e7	1.0927478957375364e7
0.29951999999999857	28383.6763536524	3.649483265677387e7	1.0950814474969065e7
0.30015999999999854	28384.829745321826	3.6494819860236615e7	1.0974149968497535e7
0.3007999999999985	28385.9854134314	3.649480703751836e7	1.099748543788654e7
0.3014399999999985	28387.14339210378	3.649479418824747e7	1.1020820882993251e7
0.30207999999999846	28388.303675847477	3.649478131175468e7	1.1044156303556247e7
0.30271999999999843	28389.466155044403	3.64947684107937e7	1.1067491700276e7
0.3033599999999984	28390.631004670147	3.649475548202626e7	1.109082707221052e7
0.3039999999999984	28391.79816526253	3.64947425272528e7	1.1114162419807816e7
0.30463999999999836	28392.967626145204	3.649472954568231e7	1.1137497742765116e7
0.30527999999999833	28394.139419211428	3.649471653699427e7	1.1160833040950865e7
0.3059199999999983	28395.313498414416	3.649470350224178e7	1.1184168314598724e7
0.3065599999999983	28396.489902544727	3.64946904405082e7	1.1207503563400151e7
0.30719999999999825	28397.6686698771	3.649467735187114e7	1.1230838787349243e7
0.3078399999999982	28398.849837083202	3.649466423545983e7	1.1254173986147124e7
0.3084799999999982	28400.033389905406	3.649465109167637e7	1.1277509159850048e7
0.3091199999999982	28401.21922413511	3.649463792117773e7	1.1300844308531962e7
0.30975999999999815	28402.407412937126	3.649462472362163e7	1.1324179432081675e7
0.3103999999999981	28403.598038338936	3.6494611497775406e7	1.1347514530116657e7
0.3110399999999981	28404.791013884183	3.649459824583133e7	1.1370849603200233e7
0.31167999999999807	28405.98640912465	3.649458496562485e7	1.139418465065101e7
0.31231999999999804	28407.184177978852	3.6494571657101884e7	1.1417519672361502e7
0.312959999999998	28408.384292741892	3.6494558322594956e7	1.144085466898373e7
0.313599999999998	28409.586886835717	3.649454495900336e7	1.1464189639582504e7
0.31423999999999797	28410.791935904635	3.649453156723346e7	1.1487524584365334e7
0.31487999999999794	28411.999436515038	3.649451814696557e7	1.1510859503170388e7
0.3155199999999979	28413.20930670887	3.649450469943477e7	1.153419439627184e7
0.3161599999999979	28414.421633317463	3.649449122422728e7	1.1557529263541348e7
0.31679999999999786	28415.636408830676	3.649447772013706e7	1.1580864104533857e7
0.31743999999999784	28416.853537278486	3.649446418867098e7	1.160419891960204e7
0.3180799999999978	28418.07325656499	3.649445062775725e7	1.1627533708192063e7
0.3187199999999978	28419.295494336526	3.6494437037661366e7	1.165086847027773e7
0.31935999999999776	28420.520056140318	3.649442342054027e7	1.167420320635467e7
0.31999999999999773	28421.74724429948	3.6494409773399085e7	1.1697537915613748e7
0.3206399999999977	28422.976838453775	3.649439609835751e7	1.1720872598522242e7
0.3212799999999977	28424.208979337738	3.649438239375513e7	1.174420725458402e7
0.32191999999999765	28425.443609425158	3.649436866046327e7	1.176754188397893e7
0.3225599999999976	28426.68080847828	3.6494354897988364e7	1.1790876486541936e7
0.3231999999999976	28427.920511048687	3.6494341106203094e7	1.1814211062126629e7
0.3238399999999976	28429.16271126952	3.64943272852681e7	1.1837545610719984e7
0.32447999999999755	28430.407498818717	3.649431343473219e7	1.1860880132175414e7
0.3251199999999975	28431.65477717114	3.649429955580704e7	1.1884214626759913e7
0.3257599999999975	28432.904671689957	3.649428564627035e7	1.1907549093774779e7
0.32639999999999747	28434.157053946514	3.6494271707793534e7	1.1930883533615256e7
0.32703999999999744	28435.412060194507	3.649425773937321e7	1.1954217945984548e7
0.3276799999999974	28436.669680665113	3.6494243740432054e7	1.1977552330624387e7
0.3283199999999974	28437.92984574639	3.6494229712285474e7	1.2000886687856263e7
0.32895999999999737	28439.19263990475	3.649421565356254e7	1.2024221017224917e7
0.32959999999999734	28440.457992939937	3.649420156535504e7	1.204755531897939e7
0.3302399999999973	28441.726030288883	3.649418744683405e7	1.2070889592868425e7
0.3308799999999973	28442.996606644905	3.649417329801281e7	1.2094223838735817e7
0.33151999999999726	28444.269896750036	3.649415911767221e7	1.211755805623117e7
0.33215999999999724	28445.54565434747	3.649414490946167e7	1.2140892246336486e7
0.3327999999999972	28446.82427558076	3.6494130667437255e7	1.2164226407279685e7
0.3334399999999972	28448.105421586177	3.649411639664175e7	1.2187560540445937e7
0.33407999999999716	28449.38929660024	3.64941020942832e7	1.221089464497842e7
0.33471999999999713	28450.675745913395	3.6494087762159154e7	1.223422872131005e7
0.3353599999999971	28451.96495441745	3.649407339780319e7	1.2257562768674474e7
0.3359999999999971	28453.256897484196	3.649405900172871e7	1.2280896787160672e7
0.33663999999999705	28454.551456943333	3.649404457604226e7	1.2304230777333235e7
0.337279999999997	28455.84875184812	3.649403011798037e7	1.2327564738277135e7
0.337919999999997	28457.148744219256	3.649401562956982e7	1.2350898670584697e7
0.338559999999997	28458.45142817902	3.6494001108565874e7	1.2374232573428607e7
0.33919999999999695	28459.75684910434	3.649398655720779e7	1.239756644753066e7
0.3398399999999969	28461.065101419776	3.649397197212363e7	1.2420900291743735e7
0.3404799999999969	28462.375938679186	3.6493957358160175e7	1.244423410748534e7
0.34111999999999687	28463.689683833814	3.649394270936642e7	1.2467567892877841e7
0.34175999999999684	28465.006096647317	3.649392803066084e7	1.249090164937159e7
0.3423999999999968	28466.3253345	3.649391331870727e7	1.2514235375865221e7
0.3430399999999968	28467.64734246561	3.6493898575206034e7	1.2537569072836667e7
0.34367999999999677	28468.97206251489	3.649388379966876e7	1.2560902740014112e7
0.34431999999999674	28470.29971302067	3.649386898976004e7	1.2584236376669891e7
0.3449599999999967	28471.630133517065	3.6493854148387544e7	1.2607569983630305e7
0.3455999999999967	28472.96337478803	3.649383927427967e7	1.2630903560423395e7
0.34623999999999666	28474.299360159748	3.649382436784885e7	1.2654237107073562e7
0.34687999999999664	28475.638234750037	3.649380942893109e7	1.2677570623551372e7
0.3475199999999966	28476.979947149295	3.649379445652413e7	1.270090410940706e7
0.3481599999999966	28478.32453711587	3.64937794500321e7	1.2724237564389326e7
0.34879999999999656	28479.67201130669	3.64937644114232e7	1.2747570989118049e7
0.34943999999999653	28481.022320771244	3.649374933885563e7	1.2770904382850587e7
0.3500799999999965	28482.375562838333	3.6493734232857086e7	1.279423774576428e7
0.3507199999999965	28483.731625755783	3.649371909388273e7	1.2817571077876395e7
0.35135999999999645	28485.090681562204	3.649370392049627e7	1.2840904378725128e7
0.3519999999999964	28486.452468759635	3.6493688714995615e7	1.2864237648878083e7
0.3526399999999964	28487.81733727909	3.649367347412581e7	1.2887570887347056e7
0.3532799999999964	28489.185066894897	3.649365819982121e7	1.2910904094599167e7
0.35391999999999635	28490.555736698287	3.649364289132155e7	1.2934237270346755e7
0.3545599999999963	28491.929326276007	3.649362754878708e7	1.2957570414562164e7
0.3551999999999963	28493.30591762983	3.649361217178583e7	1.2980903527073879e7
0.35583999999999627	28494.685510525207	3.649359675938425e7	1.3004236607477617e7
0.35647999999999624	28496.068010909734	3.649358131333115e7	1.3027569656262532e7
0.3571199999999962	28497.453528839626	3.649356583232474e7	1.3050902672964295e7
0.3577599999999962	28498.84199937599	3.649355031737954e7	1.3074235657831244e7
0.35839999999999617	28500.233537169024	3.6493534766285494e7	1.3097568610074028e7
0.35903999999999614	28501.628093050236	3.649351918079098e7	1.3120901530213576e7
0.3596799999999961	28503.02560018538	3.649350356047415e7	1.314423441798351e7
0.3603199999999961	28504.4261374509	3.649348790545865e7	1.3167567273406323e7
0.36095999999999606	28505.82979379683	3.649347221337073e7	1.3190900095609585e7
0.36159999999999604	28507.236432340036	3.649345648743425e7	1.3214232885594487e7
0.362239999999996	28508.646218749793	3.649344072396379e7	1.3237565642060969e7
0.362879999999996	28510.05901254297	3.649342492705672e7	1.326089836632827e7
0.36351999999999596	28511.474946802704	3.649340909225596e7	1.3284231056790879e7
0.36415999999999593	28512.8939623409	3.649339322126791e7	1.330756371395379e7
0.3647999999999959	28514.31609709766	3.649337731557973e7	1.3330896338308211e7
0.3654399999999959	28515.741268304948	3.649336137308686e7	1.3354228928959928e7
0.36607999999999585	28517.1696336953	3.6493345394323535e7	1.3377561486128e7
0.3667199999999958	28518.601077161813	3.6493329379502036e7	1.3400894009740978e7
0.3673599999999958	28520.035636780623	3.649331332835292e7	1.342422649964883e7
0.3679999999999958	28521.47343702067	3.649329723961733e7	1.344755895539122e7
0.36863999999999575	28522.914420473247	3.649328111325736e7	1.347089137683955e7
0.3692799999999957	28524.35850787213	3.6493264951702975e7	1.3494223764762804e7
0.3699199999999957	28525.805805032618	3.649324875188618e7	1.3517556118019214e7
0.37055999999999567	28527.25633517	3.649323251487391e7	1.3540888436939128e7
0.37119999999999564	28528.71008688945	3.649321624051256e7	1.3564220721380739e7
0.3718399999999956	28530.166895540206	3.6493199930083856e7	1.3587552971639324e7
0.3724799999999956	28531.627128220985	3.649318358022718e7	1.3610885186618362e7
0.37311999999999557	28533.09049537262	3.6493167194000505e7	1.3634217367195046e7
0.37375999999999554	28534.557092389077	3.6493150769630305e7	1.3657549512690397e7
0.3743999999999955	28536.027115570352	3.649313430517854e7	1.3680881622422181e7
0.3750399999999955	28537.500330368766	3.6493117804450646e7	1.3704213697587473e7
0.37567999999999546	28538.976704744295	3.649310126637064e7	1.3727545737686263e7
0.37631999999999544	28540.456453017465	3.649308468868872e7	1.375087774192779e7
0.3769599999999954	28541.939630221492	3.649306807073203e7	1.3774209710010191e7
0.3775999999999954	28543.425941320802	3.6493051417662196e7	1.3797541643614953e7
0.37823999999999536	28544.91568857941	3.649303472347724e7	1.3820873540586391e7
0.37887999999999533	28546.40878769055	3.649301798975596e7	1.3844205401384776e7
0.3795199999999953	28547.905206140556	3.6493001218760334e7	1.3867537226766057e7
0.3801599999999953	28549.405049398312	3.64929844068076e7	1.3890869015317624e7
0.38079999999999525	28550.908132147502	3.649296755663871e7	1.3914200767883273e7
0.3814399999999952	28552.414613122106	3.6492950667362064e7	1.3937532484141504e7
0.3820799999999952	28553.92449978713	3.649293373799898e7	1.3960864163641384e7
0.3827199999999952	28555.438004186875	3.649291676738175e7	1.398419580598339e7
0.38335999999999515	28556.954653845594	3.649289975904996e7	1.4007527412146963e7
0.3839999999999951	28558.47493019812	3.6492882709343664e7	1.4030858980944792e7
0.3846399999999951	28559.998543126654	3.649286562051489e7	1.4054190512978168e7
0.38527999999999507	28561.525635276044	3.649284849046663e7	1.4077522007445322e7
0.38591999999999504	28563.056093189134	3.6492831320915535e7	1.4100853464853248e7
0.386559999999995	28564.590173659395	3.649281410928738e7	1.4124184884282079e7
0.387199999999995	28566.127667333847	3.649279685853623e7	1.4147516266659586e7
0.38783999999999497	28567.668680525338	3.649277956542697e7	1.4170847610714482e7
0.38847999999999494	28569.21333248597	3.649276223126247e7	1.419417891693774e7
0.3891199999999949	28570.761294673583	3.6492744857492454e7	1.421751018560697e7
0.3897599999999949	28572.312953963163	3.649272744076862e7	1.4240841415570818e7
0.39039999999999486	28573.868086014463	3.649270998284531e7	1.4264172607287854e7
0.39103999999999484	28575.426794437793	3.649269248351712e7	1.4287503760655086e7
0.3916799999999948	28576.989070308464	3.649267494308954e7	1.4310834875700371e7
0.3923199999999948	28578.55493493471	3.649265735993423e7	1.4334165951712068e7
0.39295999999999476	28580.124466183137	3.649263973453222e7	1.4357496988837542e7
0.39359999999999473	28581.697654245254	3.649262206555402e7	1.4380827986459406e7
0.3942399999999947	28583.274189697186	3.649260435863044e7	1.4404158946519423e7
0.3948799999999947	28584.85457472769	3.649258660524244e7	1.44274898658782e7
0.39551999999999465	28586.43869477248	3.6492568808899924e7	1.445082074575812e7
0.3961599999999946	28588.02631050841	3.649255097163964e7	1.4474151586731901e7
0.3967999999999946	28589.61762733799	3.6492533091351196e7	1.4497482388000768e7
0.3974399999999946	28591.212681274505	3.6492515166715674e7	1.4520813148972508e7
0.39807999999999455	28592.811442992614	3.6492497199738756e7	1.4544143870335571e7
0.3987199999999945	28594.413886682258	3.649247918812857e7	1.4567474551072208e7
0.3993599999999945	28596.020131334597	3.64924611335109e7	1.45908051918104e7
0.39999999999999447	28597.629978710094	3.64924430354476e7	1.4614135792166064e7
0.40063999999999445	28599.243622396745	3.6492424893821105e7	1.4637466352117805e7
0.4012799999999944	28600.86106932637	3.6492406707153134e7	1.4660796870985633e7
0.4019199999999944	28602.482162059234	3.649238847747361e7	1.4684127349397473e7
0.40255999999999437	28604.107314338704	3.649237020027063e7	1.4707457785694618e7
0.40319999999999434	28605.736178814605	3.6492351881187566e7	1.4730788181846138e7
0.4038399999999943	28607.368770339996	3.649233351661425e7	1.4754118536315417e7
0.4044799999999943	28609.005222617045	3.6492315107607275e7	1.4777448849514954e7
0.40511999999999426	28610.64557684085	3.649229665274337e7	1.4800779120799936e7
0.40575999999999424	28612.28973294759	3.649227815187939e7	1.482410934995728e7
0.4063999999999942	28613.93784678502	3.649225960628435e7	1.4847439537499601e7
0.4070399999999942	28615.58971987056	3.64922410169262e7	1.4870769683609724e7
0.40767999999999416	28617.245591923212	3.64922223798586e7	1.4894099786729548e7
0.40831999999999413	28618.90529550994	3.649220369763076e7	1.4917429847701626e7
0.4089599999999941	28620.569012555014	3.649218496892096e7	1.4940759865998883e7
0.4095999999999941	28622.236579471926	3.649216619494958e7	1.4964089841927653e7
0.41023999999999405	28623.90830333111	3.649214737214191e7	1.4987419774108253e7
0.41087999999999403	28625.583746237215	3.649212850491269e7	1.5010749663994892e7
0.411519999999994	28627.263218582913	3.649210959126042e7	1.503407951085414e7
0.412159999999994	28628.946836103773	3.649209062885332e7	1.5057409313696101e7
0.41279999999999395	28630.63444821644	3.649207161905797e7	1.5080739072894903e7
0.4134399999999939	28632.32608114025	3.649205256309942e7	1.5104068788873758e7
0.4140799999999939	28634.021633096847	3.6492033460307896e7	1.5127398461199336e7
0.41471999999999387	28635.72130484281	3.649201430917764e7	1.5150728089267224e7
0.41535999999999385	28637.424981115728	3.6491995111015365e7	1.5174057673452077e7
0.4159999999999938	28639.132948194896	3.649197586288184e7	1.5197387212600365e7
0.4166399999999938	28640.844801922176	3.649195656890962e7	1.5220716708093928e7
0.41727999999999377	28642.56088842454	3.649193722496178e7	1.5244046158312727e7
0.41791999999999374	28644.281167368244	3.649191783178533e7	1.52673755634414e7
0.4185599999999937	28646.005417102697	3.649189839238476e7	1.5290704924506055e7
0.4191999999999937	28647.73392824954	3.649187890166579e7	1.5314034239443596e7
0.41983999999999366	28649.466594438	3.6491859363512024e7	1.5337363509716086e7
0.42047999999999364	28651.203472106154	3.649183977524167e7	1.5360692734129542e7
0.4211199999999936	28652.94465231671	3.649182013689952e7	1.5384021912651228e7
0.4217599999999936	28654.689995753288	3.6491800449268565e7	1.540735104542642e7
0.42239999999999356	28656.43953307934	3.649178071211809e7	1.5430680132272752e7
0.42303999999999353	28658.19326040275	3.649176092511538e7	1.5454009172944095e7
0.4236799999999935	28659.95132617058	3.6491741087984346e7	1.547733816730527e7
0.4243199999999935	28661.713741348547	3.649172119931818e7	1.5500667114661071e7
0.42495999999999345	28663.480296094433	3.649170126173249e7	1.5523996015895067e7
0.42559999999999343	28665.251301943834	3.6491681271601334e7	1.5547324869541124e7
0.4262399999999934	28667.02655211572	3.649166123220334e7	1.5570653676768655e7
0.4268799999999934	28668.806197970553	3.649164114051833e7	1.5593982436272405e7
0.42751999999999335	28670.590177798756	3.6491620998444304e7	1.5617311148719653e7
0.4281599999999933	28672.378713080983	3.6491600801950656e7	1.5640639812406238e7
0.4287999999999933	28674.171440899892	3.6491580555866115e7	1.5663968429082187e7
0.42943999999999327	28675.968731537265	3.649156025648357e7	1.5687296997263525e7
0.43007999999999325	28677.770333154767	3.64915399067252e7	1.57106255179524e7
0.4307199999999932	28679.57639906968	3.649151950437763e7	1.5733953990177749e7
0.4313599999999932	28681.38693608242	3.649149904898929e7	1.5757282413639106e7
0.43199999999999317	28683.201924894158	3.6491478540342264e7	1.5780610788120948e7
0.43263999999999314	28685.021428010914	3.649145797927668e7	1.5803939113911409e7
0.4332799999999931	28686.8454487979	3.649143736517071e7	1.5827267390633656e7
0.4339199999999931	28688.674026727767	3.64914166970917e7	1.5850595617794828e7
0.43455999999999306	28690.507166174757	3.649139597539573e7	1.587392379543976e7
0.43519999999999304	28692.344813715	3.6491375199753344e7	1.5897251923283188e7
0.435839999999993	28694.187030405694	3.649135437055279e7	1.5920580001416547e7
0.436479999999993	28696.033867050468	3.6491333487347476e7	1.594390802956193e7
0.43711999999999296	28697.885371499964	3.649131254906013e7	1.5967236007162817e7
0.43775999999999293	28699.74137791154	3.649129155706209e7	1.5990563934611559e7
0.4383999999999929	28701.602151153755	3.649127050805783e7	1.6013891810500383e7
0.4390399999999929	28703.467551476286	3.649124940663626e7	1.6037219636647e7
0.43967999999999285	28705.337654538565	3.6491228247386515e7	1.6060547410605235e7
0.44031999999999283	28707.212464481567	3.649120703465778e7	1.608387513417237e7
0.4409599999999928	28709.09188775795	3.6491185765990004e7	1.6107202806099622e7
0.4415999999999928	28710.97606383744	3.649116444165456e7	1.6130530426468438e7
0.44223999999999275	28712.865169843786	3.649114305866578e7	1.6153857993941223e7
0.4428799999999927	28714.75901871327	3.649112162046079e7	1.6177185509813916e7
0.4435199999999927	28716.657486965298	3.64911001278245e7	1.6200512974250803e7
0.44415999999999267	28718.5608178878	3.64910785761825e7	1.6223840385241967e7
0.44479999999999265	28720.469121862603	3.649105696657341e7	1.6247167743188042e7
0.4454399999999926	28722.38211861733	3.6491035302117035e7	1.6270495049202444e7
0.4460799999999926	28724.300054756895	3.6491013579055615e7	1.629382230163119e7
0.44671999999999257	28726.222878730678	3.649099179855704e7	1.6317149500845477e7
0.44735999999999254	28728.150494207155	3.649096995990246e7	1.634047664635081e7
0.4479999999999925	28730.08331968092	3.649094806010045e7	1.6363803736917194e7
0.4486399999999925	28732.020799587728	3.64909261053584e7	1.638713077489578e7
0.44927999999999246	28733.963367202552	3.649090409146523e7	1.641045775851881e7
0.44991999999999244	28735.9107525419	3.6490882019617215e7	1.643378468805266e7
0.4505599999999924	28737.86339692873	3.649085988558131e7	1.6457111561712045e7
0.4511999999999924	28739.8208137593	3.649083769509057e7	1.648043838168718e7
0.45183999999999236	28741.78335284808	3.649081544344803e7	1.6503765145929977e7
0.45247999999999233	28743.751058749458	3.6490793131207526e7	1.6527091854588186e7
0.4531199999999923	28745.72375348393	3.649077075962598e7	1.6550418508007748e7
0.4537599999999923	28747.701416378455	3.649074832924013e7	1.6573745106297402e7
0.45439999999999225	28749.684478089537	3.649072583514631e7	1.6597071647341445e7
0.45503999999999223	28751.672389682088	3.649070328360616e7	1.6620398133557344e7
0.4556799999999922	28753.66574706789	3.6490680667015366e7	1.6643724561684722e7
0.4563199999999922	28755.66397826805	3.6490657993386164e7	1.6667050934933394e7
0.45695999999999215	28757.6675178099	3.6490635256996214e7	1.6690377250805575e7
0.4575999999999921	28759.676373174818	3.6490612456995085e7	1.6713703508785473e7
0.4582399999999921	28761.69041389984	3.649058959617948e7	1.673702970995163e7
0.45887999999999207	28763.709647422118	3.649056667353229e7	1.6760355853714623e7
0.45951999999999205	28765.734162840858	3.6490543686850324e7	1.6783681938981503e7
0.460159999999992	28767.764105731352	3.649052063699794e7	1.680700796609552e7
0.460799999999992	28769.79926603934	3.649049752516242e7	1.68303339353588e7
0.46143999999999197	28771.8397016012	3.6490474350375615e7	1.6853659846226726e7
0.46207999999999194	28773.88570241857	3.6490451109615944e7	1.6876985697328087e7
0.4627199999999919	28775.936981074137	3.649042780678929e7	1.6900311490178436e7
0.4633599999999919	28777.9936506094	3.649040443911024e7	1.692363722341849e7
0.46399999999999186	28780.055636345838	3.649038100819371e7	1.6946962897622664e7
0.46463999999999184	28782.123257348816	3.64903575122679e7	1.6970288512006916e7
0.4652799999999918	28784.196330217164	3.649033394951216e7	1.6993614065490413e7
0.4659199999999918	28786.274744017497	3.649031032486073e7	1.7016939560174096e7
0.46655999999999176	28788.35863944469	3.6490286633514866e7	1.7040264993765023e7
0.46719999999999173	28790.44828583338	3.649026287421627e7	1.7063590365680233e7
0.4678399999999917	28792.543427610784	3.6490239050710835e7	1.708691567739469e7
0.4684799999999917	28794.643970320194	3.6490215161812626e7	1.711024092816878e7
0.46911999999999165	28796.75024539704	3.649019120563672e7	1.7133566117158268e7
0.46975999999999163	28798.86225310557	3.649016718067992e7	1.715689124351698e7
0.4703999999999916	28800.97984001697	3.649014308999067e7	1.7180216308454577e7
0.4710399999999916	28803.103136819325	3.649011893145498e7	1.7203541310907498e7
0.47167999999999155	28805.23182081812	3.649009470819157e7	1.7226866252035066e7
0.4723199999999915	28807.366573604322	3.649007041351694e7	1.7250191128905572e7
0.4729599999999915	28809.506973695457	3.649004605092159e7	1.727351594279898e7
0.47359999999999147	28811.653040532085	3.6490021620324664e7	1.7296840693545986e7
0.47423999999999145	28813.804882084994	3.648999712286308e7	1.7320165381601077e7
0.4748799999999914	28815.962647296197	3.648997255231613e7	1.7343490003948916e7
0.4755199999999914	28818.12609239729	3.648994791611422e7	1.7366814563843258e7
0.47615999999999137	28820.29558308431	3.648992320704444e7	1.739013905790421e7
0.47679999999999134	28822.47091913066	3.648989842898715e7	1.741346348772565e7
0.4774399999999913	28824.652058164003	3.648987358200811e7	1.7436787853173148e7
0.4780799999999913	28826.839221641756	3.648984866251544e7	1.7460112152501624e7
0.47871999999999126	28829.03225904998	3.6489823672938704e7	1.7483436386644896e7
0.47935999999999124	28831.231322829717	3.648979861259531e7	1.7506760555209287e7
0.4799999999999912	28833.436373645472	3.648977348009833e7	1.7530084657361172e7
0.4806399999999912	28835.647460785603	3.64897482752008e7	1.7553408692857422e7
0.48127999999999116	28837.86451106785	3.6489723000121295e7	1.7576732662577234e7
0.48191999999999113	28840.087828470903	3.648969764947088e7	1.760005656393486e7
0.4825599999999911	28842.3171039311	3.648967222831472e7	1.7623380399057485e7
0.4831999999999911	28844.55241229863	3.648964673569206e7	1.7646704167372756e7
0.48383999999999106	28846.794026603944	3.648962116635574e7	1.7670027866334006e7
0.48447999999999103	28849.04178896312	3.648959552429939e7	1.7693351497635286e7
0.485119999999991	28851.295849704595	3.648956980793279e7	1.771667506043112e7
0.485759999999991	28853.55610871713	3.6489544016848445e7	1.7739998554317318e7
0.48639999999999095	28855.822401843838	3.648951815468865e7	1.7763321980825815e7
0.4870399999999909	28858.095188183113	3.648949221314258e7	1.7786645335996363e7
0.4876799999999909	28860.374141936823	3.648946619931783e7	1.7809968622963384e7
0.4883199999999909	28862.659462087624	3.6489440108443975e7	1.7833291839348592e7
0.48895999999999085	28864.951199803563	3.648941394248216e7	1.785661498597689e7
0.4895999999999908	28867.249487136636	3.648938769702578e7	1.7879938060601722e7
0.4902399999999908	28869.55392543962	3.6489361377828725e7	1.7903261065675452e7
0.49087999999999077	28871.86483555131	3.648933498236726e7	1.7926583999969184e7
0.49151999999999074	28874.18233987975	3.648930850723014e7	1.7949906861709602e7
0.4921599999999907	28876.506128959063	3.648928195669627e7	1.797322965267983e7
0.4927999999999907	28878.836638642257	3.648925532711894e7	1.799655237114699e7
0.49343999999999066	28881.173535240745	3.648922862001525e7	1.8019875017525993e7
0.49407999999999064	28883.517216594497	3.648920183181093e7	1.8043197590091024e7
0.4947199999999906	28885.867375939968	3.648917496751183e7	1.8066520090994827e7
0.4953599999999906	28888.224140636175	3.648914802112377e7	1.8089842517173856e7
0.49599999999999056	28890.587583727098	3.648912099762846e7	1.811316487096557e7
0.49663999999999053	28892.95786377103	3.648909389185327e7	1.8136487149719972e7
0.4972799999999905	28895.334749773836	3.6489066706028014e7	1.815980935425867e7
0.4979199999999905	28897.718121019432	3.648903944409117e7	1.8183131486315727e7
0.49855999999999046	28900.108614845867	3.64890120947507e7	1.820645354042239e7
0.49919999999999043	28902.50578409292	3.648898466650775e7	1.8229775520416994e7
0.4998399999999904	28904.90981465098	3.648895715605714e7	1.825309742457615e7
0.5004799999999904	28907.32084411388	3.648892956167277e7	1.827641925193369e7
0.5011199999999904	28909.738495415488	3.648890188841286e7	1.8299741004661698e7
0.5017599999999903	28912.163279129007	3.648887412867878e7	1.83230626790377e7
0.5023999999999903	28914.594888650954	3.648884628828736e7	1.834638427765181e7
0.5030399999999903	28917.03332189315	3.648881836493868e7	1.8369705799178045e7
0.5036799999999902	28919.4790989287	3.648879035498871e7	1.8393027241866738e7
0.5043199999999902	28921.931925028657	3.648876225962817e7	1.841634860599192e7
0.5049599999999902	28924.391580042262	3.648873408174243e7	1.8439669892724082e7
0.5055999999999902	28926.858620889227	3.648870581496185e7	1.8462991098946523e7
0.5062399999999901	28929.332534210454	3.648867746802629e7	1.8486312228645362e7
0.5068799999999901	28931.813720398022	3.648864903238101e7	1.8509633277514733e7
0.5075199999999901	28934.30204629215	3.648862051150904e7	1.8532954247072462e7
0.5081599999999901	28936.797735058866	3.648859190042999e7	1.855627513472015e7
0.50879999999999	28939.300507126514	3.6488563204725176e7	1.8579595942972906e7
0.50943999999999	28941.810460966783	3.648853442461285e7	1.860291667181414e7
0.51007999999999	28944.32789501499	3.648850555433012e7	1.8626237318274666e7
0.51071999999999	28946.8530294209	3.6488476589993276e7	1.8649557880291235e7
0.5113599999999899	28949.385012939354	3.6488447544379085e7	1.867287836378604e7
0.5119999999999899	28951.924824379654	3.648841840344445e7	1.8696198761877485e7
0.5126399999999899	28954.471819123544	3.648838917802329e7	1.871951907960726e7
0.5132799999999899	28957.02659268168	3.648835985790297e7	1.8742839311847255e7
0.5139199999999898	28959.58856175893	3.64883304527391e7	1.8766159463079404e7
0.5145599999999898	28962.158376165364	3.648830095102031e7	1.8789479527518764e7
0.5151999999999898	28964.73544056616	3.648827136261435e7	1.8812799509760126e7
0.5158399999999898	28967.320305098492	3.648824168088815e7	1.883611940646789e7
0.5164799999999897	28969.912888708375	3.648821190590678e7	1.8859439217442308e7
0.5171199999999897	28972.51308908136	3.648818203892655e7	1.8882758943089776e7
0.5177599999999897	28975.12101342981	3.6488152080745034e7	1.890607858368369e7
0.5183999999999896	28977.736657966772	3.64881220276883e7	1.8929398137127716e7
0.5190399999999896	28980.36012455039	3.648809188297713e7	1.8952717604945574e7
0.5196799999999896	28982.991577841065	3.648806164042889e7	1.8976036983812377e7
0.5203199999999896	28985.630666010686	3.64880313047938e7	1.89993562758278e7
0.5209599999999895	28988.277613839313	3.648800087549482e7	1.9022675480605535e7
0.5215999999999895	28990.932839975165	3.648797034555695e7	1.9045994594512768e7
0.5222399999999895	28993.595705746447	3.64879397248314e7	1.9069313622179948e7
0.5228799999999895	28996.266791316233	3.6487909003863305e7	1.9092632558751132e7
0.5235199999999894	28998.94571376001	3.648787818935234e7	1.9115951407343045e7
0.5241599999999894	29001.632811257572	3.6487847276221246e7	1.913927016526065e7
0.5247999999999894	29004.32830160897	3.6487816261894844e7	1.916258883105095e7
0.5254399999999894	29007.031460897175	3.648778515422052e7	1.9185907408283327e7
0.5260799999999893	29009.743118808365	3.648775394504623e7	1.9209225892868396e7
0.5267199999999893	29012.462944867075	3.6487722636047766e7	1.9232544285321236e7
0.5273599999999893	29015.191061046407	3.648769122805418e7	1.9255862585929353e7
0.5279999999999893	29017.927290243606	3.648765972119514e7	1.9279180794471636e7
0.5286399999999892	29020.67213292667	3.648762811139494e7	1.9302498908824008e7
0.5292799999999892	29023.425202262097	3.6487596401475325e7	1.9325816930083677e7
0.5299199999999892	29026.186590051075	3.6487564591253415e7	1.9349134857988864e7
0.5305599999999892	29028.956590390924	3.648753267672374e7	1.9372452690343946e7
0.5311999999999891	29031.73507298491	3.648750066113916e7	1.939577042859894e7
0.5318399999999891	29034.522105636483	3.648746853999424e7	1.9419088070179112e7
0.5324799999999891	29037.317650546735	3.648743631785103e7	1.94424056172769e7
0.533119999999989	29040.121679190404	3.6487403991257675e7	1.9465723067828473e7
0.533759999999989	29042.934790365092	3.648737155785294e7	1.9489040420635846e7
0.534399999999989	29045.75610249921	3.648733902117545e7	1.9512357676957086e7
0.535039999999989	29048.58641192843	3.6487306377743125e7	1.953567483508537e7
0.5356799999999889	29051.425475347998	3.648727362786374e7	1.9558991894850362e7
0.5363199999999889	29054.273271100115	3.6487240773574926e7	1.9582308857113644e7
0.5369599999999889	29057.130097333335	3.6487207808779955e7	1.9605625718522348e7
0.5375999999999889	29059.99569939075	3.6487174738140784e7	1.9628942481235478e7
0.5382399999999888	29062.870193122137	3.6487141560290776e7	1.9652259144350875e7
0.5388799999999888	29065.75381161389	3.648710827121116e7	1.9675575705587476e7
0.5395199999999888	29068.64635785312	3.648707487366488e7	1.969889216611413e7
0.5401599999999888	29071.547932071684	3.648704136770901e7	1.9722208525782373e7
0.5407999999999887	29074.45861156132	3.648700775007872e7	1.9745524782636594e7
0.5414399999999887	29077.378550498404	3.648697402212038e7	1.9768840937244564e7
0.5420799999999887	29080.307580206954	3.648694018045021e7	1.9792156987465166e7
0.5427199999999887	29083.246164939854	3.648690622785069e7	1.9815472934785016e7
0.5433599999999886	29086.193794123126	3.648687216287462e7	1.9838788777953286e7
0.5439999999999886	29089.150652765125	3.648683798653124e7	1.986210451737024e7
0.5446399999999886	29092.11699354269	3.6486803694007285e7	1.988542015029789e7
0.5452799999999886	29095.092665963348	3.648676928881239e7	1.990873567834027e7
0.5459199999999885	29098.077936038644	3.6486734767662175e7	1.9932051099590912e7
0.5465599999999885	29101.072775793462	3.648670012928864e7	1.995536641310304e7
0.5471999999999885	29104.07708700142	3.648666537639042e7	1.9978681620065413e7
0.5478399999999884	29107.091006884802	3.648663050668368e7	2.0001996719050836e7
0.5484799999999884	29110.11442403144	3.6486595523234725e7	2.0025311711448096e7
0.5491199999999884	29113.147729448912	3.6486560416950084e7	2.0048626592203464e7
0.5497599999999884	29116.190715746212	3.648652519426424e7	2.0071941364506144e7
0.5503999999999883	29119.243356392133	3.648648985395595e7	2.009525602742996e7
0.5510399999999883	29122.3061212077	3.648645439216327e7	2.01185705788134e7
0.5516799999999883	29125.378430552246	3.648641881207347e7	2.014188501990225e7
0.5523199999999883	29128.460799962915	3.648638311313334e7	2.0165199350376304e7
0.5529599999999882	29131.55343481334	3.648634728502602e7	2.018851356437506e7
0.5535999999999882	29134.65586208739	3.648631133919125e7	2.0211827667752683e7
0.5542399999999882	29137.768220287973	3.648627527404805e7	2.0235141659449838e7
0.5548799999999882	29140.89115328983	3.648623907887319e7	2.0258455533554874e7
0.5555199999999881	29144.0238825632	3.648620276336261e7	2.0281769294838086e7
0.5561599999999881	29147.166826582965	3.648616632540838e7	2.0305082942063e7
0.5567999999999881	29150.32028690933	3.6486129757866964e7	2.032839647113105e7
0.5574399999999881	29153.483718910607	3.6486093070169136e7	2.035170988678929e7
0.558079999999988	29156.658145370144	3.648605624906599e7	2.037502318184591e7
0.558719999999988	29159.8423904019	3.6486019305688955e7	2.039833636172413e7
0.559359999999988	29163.037616806487	3.6485982231725484e7	2.0421649422032997e7
0.559999999999988	29166.242887701075	3.648594503285129e7	2.044496236526687e7
0.5606399999999879	29169.458874960677	3.648590770544333e7	2.0468275189430613e7
0.5612799999999879	29172.685818336773	3.6485870242702134e7	2.0491587890545636e7
0.5619199999999879	29175.922852263928	3.648583265500694e7	2.0514900473784175e7
0.5625599999999878	29179.17121801335	3.648579493160906e7	2.0538212933383156e7
0.5631999999999878	29182.430328693255	3.6485757076018505e7	2.056152527078075e7
0.5638399999999878	29185.700029115505	3.648571909200078e7	2.0584837487757973e7
0.5644799999999878	29188.980769459547	3.6485680972485706e7	2.0608149580253e7
0.5651199999999877	29192.27258748225	3.648564271924996e7	2.0631461549004935e7
0.5657599999999877	29195.575207899437	3.648560433281542e7	2.065477339391148e7
0.5663999999999877	29198.889170162875	3.6485565808860876e7	2.0678085112482533e7
0.5670399999999877	29202.21390154982	3.648552715228939e7	2.0701396706964545e7
0.5676799999999876	29205.550215361505	3.648548835540856e7	2.0724708173066985e7
0.5683199999999876	29208.897517314403	3.648544942232287e7	2.0748019512574356e7
0.5689599999999876	29212.256025340474	3.648541035288048e7	2.0771330725211587e7
0.5695999999999876	29215.62625179446	3.648537113976541e7	2.0794641806748696e7
0.5702399999999875	29219.007671381823	3.648533179104495e7	2.0817952761261873e7
0.5708799999999875	29222.400398883008	3.648529230291622e7	2.0841263586347524e7
0.5715199999999875	29225.80507563837	3.648525266982878e7	2.0864574278818898e7
0.5721599999999875	29229.221245030672	3.648521289694382e7	2.0887884841132395e7
0.5727999999999874	29232.648975920645	3.648517297726698e7	2.0911195269020583e7
0.5734399999999874	29236.088011858807	3.648513292404316e7	2.0934505569665194e7
0.5740799999999874	29239.539258452	3.6485092719311245e7	2.09578157328627e7
0.5747199999999874	29243.002437005256	3.648505236954588e7	2.0981125761901356e7
0.5753599999999873	29246.4774261462	3.6485011874763474e7	2.1004435656437688e7
0.5759999999999873	29249.964238782864	3.648497123502637e7	2.102774541621197e7
0.5766399999999873	29253.463191010276	3.6484930445585065e7	2.1051055038318254e7
0.5772799999999872	29256.974036616117	3.648488951102424e7	2.1074364524988364e7
0.5779199999999872	29260.49739319038	3.648484842185424e7	2.1097673870697256e7
0.5785599999999872	29264.03282961895	3.6484807185799055e7	2.112098307941115e7
0.5791999999999872	29267.580413240845	3.6484765798911e7	2.114429214856667e7
0.5798399999999871	29271.140307285532	3.6484724262585364e7	2.1167601078728538e7
0.5804799999999871	29274.71289808366	3.648468257372895e7	2.1190909867952716e7
0.5811199999999871	29278.29776248954	3.648464073032654e7	2.121421851457364e7
0.5817599999999871	29281.894920713796	3.6484598736411415e7	2.1237527020625874e7
0.582399999999987	29285.50525242749	3.648455657830233e7	2.1260835378196217e7
0.583039999999987	29289.127565377337	3.648451427755747e7	2.1284143599016294e7
0.583679999999987	29292.763062692546	3.648447181291185e7	2.130745167087818e7
0.584319999999987	29296.411223461706	3.648442919270053e7	2.1330759598095667e7
0.5849599999999869	29300.07220420087	3.6484386412906066e7	2.1354067378060687e7
0.5855999999999869	29303.746226505395	3.648434347514113e7	2.137737501147843e7
0.5862399999999869	29307.433145058483	3.648430037890678e7	2.140068249766793e7
0.5868799999999869	29311.133583959087	3.648425711456453e7	2.1423989830901355e7
0.5875199999999868	29314.84638002831	3.648421369940804e7	2.1447297020510565e7
0.5881599999999868	29318.57300180791	3.648417011306232e7	2.147060405480332e7
0.5887999999999868	29322.312588061843	3.648412636790071e7	2.1493910940355666e7
0.5894399999999868	29326.065767526285	3.648408245565378e7	2.1517217672221597e7
0.5900799999999867	29329.832518533953	3.648403837772569e7	2.1540524250873886e7
0.5907199999999867	29333.612488521783	3.648399413262264e7	2.156383067494166e7
0.5913599999999867	29337.406227963656	3.648394972197737e7	2.158713694526905e7
0.5919999999999866	29341.21331200873	3.648390514310541e7	2.1610443059749216e7
0.5926399999999866	29345.03418170709	3.648386039765416e7	2.1633749019189537e7
0.5932799999999866	29348.869022962273	3.648381548032213e7	2.1657054820174042e7
0.5939199999999866	29352.71767557822	3.648377039282022e7	2.168036046329699e7
0.5945599999999865	29356.580700802544	3.648372512562982e7	2.170366594277331e7
0.5951999999999865	29360.457159107296	3.648367969141051e7	2.1726971265385054e7
0.5958399999999865	29364.34788786146	3.648363408474492e7	2.1750276427896284e7
0.5964799999999865	29368.25285618126	3.6483588300768964e7	2.1773581427034706e7
0.5971199999999864	29372.17211027763	3.648354233892761e7	2.179688626211975e7
0.5977599999999864	29376.105588333907	3.6483496203235164e7	2.182019093515721e7
0.5983999999999864	29380.05328453671	3.648344989024952e7	2.1843495443723887e7
0.5990399999999864	29384.01599116043	3.648340339503405e7	2.1866799784812517e7
0.5996799999999863	29387.99284257398	3.648335672298648e7	2.1890103960934777e7
0.6003199999999863	29391.98458614458	3.6483309867033005e7	2.1913407967776146e7
0.6009599999999863	29395.991334386184	3.6483262826822214e7	2.193671180478865e7
0.6015999999999863	29400.01261919177	3.648321560492081e7	2.1960015472947344e7
0.6022399999999862	29404.048865034303	3.6483168197584614e7	2.1983318969789412e7
0.6028799999999862	29408.099977307742	3.6483120609388754e7	2.2006622297650777e7
0.6035199999999862	29412.16629635171	3.6483072828896135e7	2.202992544938807e7
0.6041599999999862	29416.24773540834	3.6483024865141764e7	2.2053228430027127e7
0.6047999999999861	29420.34439869914	3.6482976710292965e7	2.2076531234491047e7
0.6054399999999861	29424.456753133258	3.6482928361781426e7	2.2099833861012954e7
0.6060799999999861	29428.584209018383	3.648287982808891e7	2.2123136314099237e7
0.606719999999986	29432.726947396593	3.648283110283409e7	2.214643858956486e7
0.607359999999986	29436.885097803988	3.6482782186916456e7	2.2169740687609874e7
0.607999999999986	29441.059463900212	3.648273306879353e7	2.2193042601135805e7
0.608639999999986	29445.249228466855	3.648268376392623e7	2.2216344338813603e7
0.6092799999999859	29449.455336965457	3.6482634251882546e7	2.2239645888175745e7
0.6099199999999859	29453.677238556713	3.648258454612918e7	2.2262947256791815e7
0.6105599999999859	29457.914943489926	3.6482534642680004e7	2.2286248441829782e7
0.6111999999999859	29462.16917121293	3.648248453450992e7	2.2309549438865718e7
0.6118399999999858	29466.439564220585	3.648243422658366e7	2.2332850250373676e7
0.6124799999999858	29470.726090319655	3.648238372073605e7	2.235615087705042e7
0.6131199999999858	29475.028630756875	3.64823330122323e7	2.2379451315536022e7
0.6137599999999858	29479.348592918177	3.648228208842555e7	2.240275155819207e7
0.6143999999999857	29483.68442115031	3.6482230966555335e7	2.2426051614563875e7
0.6150399999999857	29488.037288563333	3.648217963637812e7	2.244935147839208e7
0.6156799999999857	29492.407130846652	3.648212809242895e7	2.2472651145854663e7
0.6163199999999857	29496.79366949487	3.648207633990057e7	2.2495950619602107e7
0.6169599999999856	29501.19666218137	3.64820243843815e7	2.251924990255697e7
0.6175999999999856	29505.61728297152	3.648197220774859e7	2.2542548983554013e7
0.6182399999999856	29510.055355370332	3.6481919817672916e7	2.2565847866810046e7
0.6188799999999856	29514.51041367216	3.6481867214302376e7	2.2589146551795784e7
0.6195199999999855	29518.983223990585	3.6481814390569046e7	2.261244503398187e7
0.6201599999999855	29523.473070328164	3.648176135104879e7	2.263574331547692e7
0.6207999999999855	29527.980447419977	3.648170809535555e7	2.2659041395781856e7
0.6214399999999854	29532.506376208854	3.64816546095653e7	2.268233926618151e7
0.6220799999999854	29537.04896024174	3.6481600914101295e7	2.270563693818666e7
0.6227199999999854	29541.610092904877	3.6481546989548676e7	2.272893439998707e7
0.6233599999999854	29546.18929588873	3.648149284014302e7	2.2752231653567422e7
0.6239999999999853	29550.786531641294	3.648143846252376e7	2.2775528696350187e7
0.6246399999999853	29555.40253800468	3.6481383854116015e7	2.2798825526531156e7
0.6252799999999853	29560.036251847036	3.648132902234604e7	2.2822122147876292e7
0.6259199999999853	29564.688459482983	3.6481273963303216e7	2.2845418557769135e7
0.6265599999999852	29569.359978186912	3.6481218659391694e7	2.2868714745018177e7
0.6271999999999852	29574.049333741237	3.648116313474435e7	2.289201072370274e7
0.6278399999999852	29578.757550536895	3.6481107375125125e7	2.2915306484808024e7
0.6284799999999852	29583.4852254935	3.648105137143304e7	2.2938602022348676e7
0.6291199999999851	29588.23190548777	3.648099512694962e7	2.296189733771511e7
0.6297599999999851	29592.99692047353	3.648093865914648e7	2.2985192441163383e7
0.6303999999999851	29597.781533594225	3.648088193997608e7	2.3008487315015197e7
0.6310399999999851	29602.586300745097	3.64808249736088e7	2.3031781961587075e7
0.631679999999985	29607.410291286807	3.648076776524471e7	2.3055076383307718e7
0.632319999999985	29612.253997055883	3.6480710310223214e7	2.3078370576909434e7
0.632959999999985	29617.116897336335	3.6480652617461406e7	2.3101664547333825e7
0.633599999999985	29621.9998857898	3.6480594669975616e7	2.3124958283654153e7
0.6342399999999849	29626.902406315097	3.64805364742312e7	2.314825178923998e7
0.6348799999999849	29631.825536159216	3.6480478028580755e7	2.3171545062924564e7
0.6355199999999849	29636.768932893112	3.648041932595137e7	2.3194838099568725e7
0.6361599999999848	29641.7327754059	3.648036036707007e7	2.321813089916775e7
0.6367999999999848	29646.716811776107	3.64803011506174e7	2.3241423460258644e7
0.6374399999999848	29651.721759833017	3.648024167757866e7	2.326471578319643e7
0.6380799999999848	29656.74739927792	3.648018194387036e7	2.3288007864762988e7
0.6387199999999847	29661.79393741928	3.6480121944108285e7	2.3311299701054e7
0.6393599999999847	29666.861517791902	3.648006168552571e7	2.3334591296194937e7
0.6399999999999847	29671.94994449185	3.6480001162233934e7	2.3357882645809177e7
0.6406399999999847	29677.060130680133	3.647994036720287e7	2.338117374517285e7
0.6412799999999846	29682.19146488	3.647987930507189e7	2.3404464596478224e7
0.6419199999999846	29687.344483844587	3.647981797051591e7	2.342775519594579e7
0.6425599999999846	29692.518559874527	3.6479756373275176e7	2.3451045549045175e7
0.6431999999999846	29697.714854288057	3.6479694493401885e7	2.347433564281554e7
0.6438399999999845	29702.93362822588	3.647963233434326e7	2.349762547898403e7
0.6444799999999845	29708.174041322425	3.647956990307998e7	2.352091506117159e7
0.6451199999999845	29713.437106993115	3.647950718168781e7	2.3544204377610404e7
0.6457599999999845	29718.7220083568	3.647944419325811e7	2.356749344232203e7
0.6463999999999844	29724.029531218614	3.647938091478762e7	2.359078224016039e7
0.6470399999999844	29729.36013654755	3.647931734675523e7	2.3614070770997733e7
0.6476799999999844	29734.713178000307	3.647925349698368e7	2.3637359039072692e7
0.6483199999999844	29740.089314233286	3.6479189356929705e7	2.3660647038494125e7
0.6489599999999843	29745.489055586288	3.6479124920109525e7	2.3683934764631778e7
0.6495999999999843	29750.911186212124	3.647906019595092e7	2.3707222222568795e7
0.6502399999999843	29756.35761937636	3.647899517150956e7	2.3730509403962757e7
0.6508799999999842	29761.82648676305	3.647892985806992e7	2.3753796314883035e7
0.6515199999999842	29767.320418127012	3.647886422991564e7	2.377708293889337e7
0.6521599999999842	29772.837874795558	3.647879831181233e7	2.380036929095732e7
0.6527999999999842	29778.379283726237	3.647873208507034e7	2.382365535842065e7
0.6534399999999841	29783.94443509237	3.64786655594292e7	2.3846941146936264e7
0.6540799999999841	29789.534135431837	3.647859872448008e7	2.387022664935548e7
0.6547199999999841	29795.1489214825	3.647853156999233e7	2.3893511858524412e7
0.6553599999999841	29800.787534870207	3.647846411806792e7	2.391679678783243e7
0.655999999999984	29806.451460132314	3.647839635090492e7	2.394008142549533e7
0.656639999999984	29812.14059249863	3.647832825596456e7	2.3963365762589827e7
0.657279999999984	29817.854934494007	3.6478259843019046e7	2.3986649804862123e7
0.657919999999984	29823.59439786779	3.64781911191144e7	2.4009933556258783e7
0.6585599999999839	29829.35956287082	3.6478122061228655e7	2.4033217001171306e7
0.6591999999999839	29835.15030732964	3.647805268927334e7	2.4056500151993137e7
0.6598399999999839	29840.967465407222	3.6477982973765194e7	2.407978298890167e7
0.6604799999999839	29846.810159024	3.647791293739629e7	2.4103065525876105e7
0.6611199999999838	29852.67899155589	3.647784257611443e7	2.412634775977684e7
0.6617599999999838	29858.574081157207	3.6477771875757866e7	2.4149629680598147e7
0.6623999999999838	29864.495845498288	3.647770083973165e7	2.4172911290035095e7
0.6630399999999838	29870.444547218587	3.6477629457511336e7	2.4196192580502354e7
0.6636799999999837	29876.420905811116	3.6477557729960196e7	2.421947355209843e7
0.6643199999999837	29882.423199772853	3.647748567427724e7	2.424275421495496e7
0.6649599999999837	29888.453730618196	3.647741325552588e7	2.4266034545931797e7
0.6655999999999836	29894.511367223753	3.6477340497482665e7	2.428931455972507e7
0.6662399999999836	29900.59661033208	3.6477267382880375e7	2.431259424429429e7
0.6668799999999836	29906.710773175528	3.647719390409275e7	2.4335873594253536e7
0.6675199999999836	29912.85186559706	3.6477120089254856e7	2.4359152626967076e7
0.6681599999999835	29919.02103001235	3.64770459082238e7	2.4382431321976814e7
0.6687999999999835	29925.219235088436	3.647697136484117e7	2.4405709681415834e7
0.6694399999999835	29931.446599786366	3.647689644579017e7	2.4428987695657197e7
0.6700799999999835	29937.702331337863	3.647682117046317e7	2.4452265376656514e7
0.6707199999999834	29943.987360421383	3.647674551849589e7	2.4475542710322995e7
0.6713599999999834	29950.301396973962	3.64766694962779e7	2.4498819700071625e7
0.6719999999999834	29956.645248784484	3.647659309548016e7	2.4522096339803662e7
0.6726399999999834	29963.018653794334	3.647651632197687e7	2.454537263260042e7
0.6732799999999833	29969.422112312954	3.6476439165310584e7	2.4568648570812237e7
0.6739199999999833	29975.856080979258	3.647636161796861e7	2.4591924148731686e7
0.6745599999999833	29982.319604874614	3.6476283690466344e7	2.4615199372332577e7
0.6751999999999833	29988.814543263128	3.647620536858442e7	2.4638474231831238e7
0.6758399999999832	29995.339450497497	3.647612666039902e7	2.4661748731399737e7
0.6764799999999832	30001.895964637013	3.647604755333198e7	2.4685022862259883e7
0.6771199999999832	30008.483400237663	3.647596804908647e7	2.4708296624517083e7
0.6777599999999832	30015.102363867976	3.6475888142170295e7	2.473157001382246e7
0.6783999999999831	30021.753445710063	3.647580782415097e7	2.4754843023811545e7
0.6790399999999831	30028.43592255627	3.6475727107026994e7	2.47781156615487e7
0.6796799999999831	30035.15114915702	3.6475645979911014e7	2.48013879192414e7
0.680319999999983	30041.898079607505	3.647556443168872e7	2.4824659788143937e7
0.680959999999983	30048.67762242299	3.647548247003738e7	2.4847931272904694e7
0.681599999999983	30055.490473521528	3.64754000884403e7	2.4871202368447058e7
0.682239999999983	30062.33570156073	3.647531729076967e7	2.4894473076246608e7
0.682879999999983	30069.21564058764	3.647523404639464e7	2.4917743375265293e7
0.6835199999999829	30076.127579774035	3.647515039482345e7	2.4941013290725548e7
0.6841599999999829	30083.074778507114	3.64750662955668e7	2.49642827951124e7
0.6847999999999829	30090.055220524107	3.647498176061564e7	2.4987551895074476e7
0.6854399999999828	30097.07095937511	3.6474896789169215e7	2.50108205898085e7
0.6860799999999828	30104.120250655105	3.647481136972149e7	2.5034088869966976e7
0.6867199999999828	30111.204916393614	3.647472550449535e7	2.505735673672263e7
0.6873599999999828	30118.32536682235	3.647463918828044e7	2.5080624185698498e7
0.6879999999999827	30125.48076828719	3.647455241200537e7	2.5103891209458776e7
0.6886399999999827	30132.671691779393	3.64744651876454e7	2.512715781547745e7
0.6892799999999827	30139.897554608804	3.64743775065444e7	2.515042399667846e7
0.6899199999999827	30147.161258110787	3.647428934856267e7	2.5173689739122644e7
0.6905599999999826	30154.46059182447	3.647420073126924e7	2.5196955053270187e7
0.6911999999999826	30161.79718792877	3.647411163221461e7	2.5220219923157737e7
0.6918399999999826	30169.170616750194	3.6474022063435465e7	2.5243484355983816e7
0.6924799999999826	30176.58176742703	3.647393200226892e7	2.5266748335355666e7
0.6931199999999825	30184.029949816235	3.647384147336146e7	2.5290011877126656e7
0.6937599999999825	30191.51607352266	3.64737504523428e7	2.531327496369906e7
0.6943999999999825	30199.04096977359	3.6473658936095305e7	2.5336537592144303e7
0.6950399999999824	30206.6040958893	3.647356692751525e7	2.5359799763284642e7
0.6956799999999824	30214.20644868232	3.6473474411535494e7	2.5383061465922836e7
0.6963199999999824	30221.847706523808	3.647338139068352e7	2.5406322700671624e7
0.6969599999999824	30229.52707596934	3.6473287883808814e7	2.542958347938385e7
0.6975999999999823	30237.24755009746	3.6473193852361456e7	2.5452843775065858e7
0.6982399999999823	30245.008226173635	3.647309929309185e7	2.547610358409014e7
0.6988799999999823	30252.80884094233	3.647300421631607e7	2.5499362912496515e7
0.6995199999999823	30260.649872382786	3.647290862786462e7	2.552262176343687e7
0.7001599999999822	30268.531565323312	3.6472812516146876e7	2.5545880127809297e7
0.7007999999999822	30276.45592091919	3.647271584018279e7	2.556913797641099e7
0.7014399999999822	30284.420714122745	3.6472618652157076e7	2.5592395344016816e7
0.7020799999999822	30292.42898971751	3.6472520905938484e7	2.5615652198085256e7
0.7027199999999821	30300.477361620913	3.6472422637546346e7	2.563890856176598e7
0.7033599999999821	30308.570592835298	3.647232378811997e7	2.566216439399207e7
0.7039999999999821	30316.705313197246	3.647222440092364e7	2.5685419723022293e7
0.7046399999999821	30324.884334525348	3.6472124447605506e7	2.5708674528597135e7
0.705279999999982	30333.107527609234	3.647202391980743e7	2.5731928803611666e7
0.705919999999982	30341.373176548655	3.647192283613486e7	2.5755182559507426e7
0.706559999999982	30349.683979007044	3.647182117399666e7	2.577843577996522e7
0.707199999999982	30358.04026894525	3.647171892910868e7	2.580168846085575e7
0.7078399999999819	30366.440739503974	3.647161610203082e7	2.5824940600987293e7
0.7084799999999819	30374.887551070373	3.647151267370567e7	2.584819218628522e7
0.7091199999999819	30383.379780006268	3.647140866316287e7	2.5871443228731804e7
0.7097599999999818	30391.918477534502	3.647130405218591e7	2.5894693714497726e7
0.7103999999999818	30400.503939411337	3.647119882774466e7	2.591794363317e7
0.7110399999999818	30409.135972335433	3.6471092994464464e7	2.5941192986713916e7
0.7116799999999818	30417.81628782141	3.647098654681951e7	2.5964441770431947e7
0.7123199999999817	30426.544735622276	3.647087947415465e7	2.598768997541872e7
0.7129599999999817	30435.320929493566	3.6470771777838565e7	2.601093760124672e7
0.7135999999999817	30444.14417224897	3.6470663466084294e7	2.6034184652288016e7
0.7142399999999817	30453.019074725446	3.6470554483630955e7	2.60574310891187e7
0.7148799999999816	30461.942430862986	3.6470444869539045e7	2.608067693736129e7
0.7155199999999816	30470.916136981672	3.647033460632192e7	2.6103922183737442e7
0.7161599999999816	30479.939995430443	3.647022369220424e7	2.612716682557662e7
0.7167999999999816	30489.013694302565	3.647011213182913e7	2.6150410864772674e7
0.7174399999999815	30498.14018383378	3.646999987731529e7	2.6173654266470756e7
0.7180799999999815	30507.317635087325	3.646988696797866e7	2.6196897056953125e7
0.7187199999999815	30516.54626013412	3.646977337973677e7	2.622013921761579e7
0.7193599999999815	30525.828857149954	3.646965910664967e7	2.62433807435693e7
0.7199999999999814	30535.163865312712	3.646954412916305e7	2.626662161887901e7
0.7206399999999814	30544.55236827945	3.646942846115579e7	2.628986185239623e7
0.7212799999999814	30553.995491344947	3.646931208793827e7	2.6313101432410788e7
0.7219199999999814	30563.491309613135	3.646919502232402e7	2.633634036617885e7
0.7225599999999813	30573.044177721466	3.646907721414498e7	2.6359578617228583e7
0.7231999999999813	30582.650990290636	3.646895869591903e7	2.638281620668207e7
0.7238399999999813	30592.31459536371	3.646883944991579e7	2.640605312102502e7
0.7244799999999813	30602.03446850273	3.6468719457700536e7	2.642928934525096e7
0.7251199999999812	30611.810180603567	3.646859874046633e7	2.6452524893068705e7
0.7257599999999812	30621.643197027217	3.646847726376002e7	2.6475759738376144e7
0.7263999999999812	30631.536396841624	3.6468355013642035e7	2.6498993870267067e7
0.7270399999999811	30641.486642472755	3.6468232010925055e7	2.6522227301416192e7
0.7276799999999811	30651.494147208654	3.6468108259442754e7	2.654546003311678e7
0.7283199999999811	30661.56389155723	3.646798369238111e7	2.656869201651238e7
0.7289599999999811	30671.69364064814	3.6467858339792386e7	2.659192327121873e7
0.729599999999981	30681.88211757304	3.6467732219433e7	2.661515380822222e7
0.730239999999981	30692.13279196045	3.6467605287446424e7	2.6638383594846144e7
0.730879999999981	30702.445414578353	3.646747753732193e7	2.6661612624587134e7
0.731519999999981	30712.819747295965	3.6467348986887075e7	2.6684840908732694e7
0.7321599999999809	30723.255970286755	3.646721961441523e7	2.670806842976864e7
0.7327999999999809	30733.7564794085	3.6467089401138574e7	2.673129517288495e7
0.7334399999999809	30744.32155718623	3.6466958347521275e7	2.675452113675959e7
0.7340799999999809	30754.951158490858	3.6466826441826716e7	2.6777746311027527e7
0.7347199999999808	30765.64547464682	3.646669368300862e7	2.6800970693210907e7
0.7353599999999808	30776.4069150461	3.646656004722379e7	2.6824194264651787e7
0.7359999999999808	30787.233595378122	3.646642555259954e7	2.6847417036381744e7
0.7366399999999808	30798.12831367258	3.6466290166012384e7	2.687063898296335e7
0.7372799999999807	30809.090219237078	3.6466153889779106e7	2.6893860104038034e7
0.7379199999999807	30820.11943700538	3.64660167398611e7	2.6917080409579653e7
0.7385599999999807	30831.218838555928	3.6465878658361405e7	2.6940299855771847e7
0.7391999999999807	30842.386673083794	3.646573967938098e7	2.6963518465442058e7
0.7398399999999806	30853.627305120735	3.646559973477272e7	2.6986736187453244e7
0.7404799999999806	30864.936256346555	3.646545890449095e7	2.7009953077853996e7
0.7411199999999806	30876.31879218877	3.646531708981163e7	2.7033169063009407e7
0.7417599999999805	30887.773861765127	3.646517432838687e7	2.70563841685456e7
0.7423999999999805	30899.301340046626	3.646503061219326e7	2.707959838651676e7
0.7430399999999805	30910.902886514916	3.6464885906468645e7	2.710281168954747e7
0.7436799999999805	30922.577629272328	3.64647402426711e7	2.712602409876687e7
0.7443199999999804	30934.331490951397	3.646459353959562e7	2.7149235553266704e7
0.7449599999999804	30946.156059750025	3.6464445903649494e7	2.7172446128023494e7
0.7455999999999804	30958.061990885515	3.646429718906514e7	2.719565571513674e7
0.7462399999999804	30970.044501613265	3.646414745824628e7	2.721886435773372e7
0.7468799999999803	30982.10397401026	3.6463996724363096e7	2.7242072063649494e7
0.7475199999999803	30994.242351742538	3.646384492716605e7	2.7265278786263417e7
0.7481599999999803	31006.4613999291	3.646369208371196e7	2.7288484536588177e7
0.7487999999999803	31018.761917181942	3.646353814186428e7	2.7311689273620848e7
0.7494399999999802	31031.143812493974	3.646338314592838e7	2.7334893028277505e7
0.7500799999999802	31043.608656090586	3.6463227041495666e7	2.7358095757959675e7
0.7507199999999802	31056.15591978388	3.64630698454742e7	2.738129747294135e7
0.7513599999999802	31068.788779067007	3.646291152036516e7	2.7404498143582873e7
0.7519999999999801	31081.504412430353	3.646275209934705e7	2.7427697791802537e7
0.7526399999999801	31094.305834626946	3.646259152609368e7	2.7450896373689674e7
0.7532799999999801	31107.194755347424	3.646242979826914e7	2.7474093885529492e7
0.75391999999998	31120.172278978025	3.646226691345344e7	2.74972903233845e7
0.75455999999998	31133.236609429194	3.6462102865885325e7	2.752048568007512e7
0.75519999999998	31146.3932484992	3.646193759689486e7	2.7543679910241503e7
0.75583999999998	31159.63849243572	3.646177113198742e7	2.7566873029734958e7
0.75647999999998	31172.975897584063	3.646160345967465e7	2.759006502826453e7
0.7571199999999799	31186.40328488263	3.646143458442459e7	2.761325590618865e7
0.7577599999999799	31199.92565713371	3.646126444921108e7	2.763644561902464e7
0.7583999999999799	31213.544152024795	3.646109303625301e7	2.765963415096068e7
0.7590399999999798	31227.257450125333	3.646092037852282e7	2.768282152406841e7
0.7596799999999798	31241.065010699258	3.646074644936507e7	2.7706007715396293e7
0.7603199999999798	31254.971052597975	3.6460571218220696e7	2.772919270009871e7
0.7609599999999798	31268.977900421276	3.6460394652273834e7	2.7752376451070875e7
0.7615999999999797	31283.08123830909	3.646021678687201e7	2.7775558991448194e7
0.7622399999999797	31297.28589703112	3.646003758117545e7	2.779874028856931e7
0.7628799999999797	31311.595056806887	3.645985699089943e7	2.7821920306636486e7
0.7635199999999797	31326.00437134817	3.645967504077981e7	2.7845099060649194e7
0.7641599999999796	31340.519039369414	3.6459491688571975e7	2.7868276516748663e7
0.7647999999999796	31355.13740676178	3.64593069873057e7	2.789145271220873e7
0.7654399999999796	31369.863250702318	3.645912082843325e7	2.791462756203929e7
0.7660799999999796	31384.697595578287	3.645893323704091e7	2.793780108269311e7
0.7667199999999795	31399.63826864454	3.645874418674567e7	2.7960973250476208e7
0.7673599999999795	31414.693003970635	3.645855365293802e7	2.798414404529822e7
0.7679999999999795	31429.854975816506	3.645836168082236e7	2.8007313497225214e7
0.7686399999999795	31445.133051345885	3.645816815082271e7	2.8030481513430376e7
0.7692799999999794	31460.52283364819	3.6457973119605e7	2.8053648133277163e7
0.7699199999999794	31476.027714607735	3.6457776557583824e7	2.807681333167076e7
0.7705599999999794	31491.652007955003	3.645757842244219e7	2.8099977073833007e7
0.7711999999999793	31507.39144832682	3.6457378706956916e7	2.81231393499678e7
0.7718399999999793	31523.252808287478	3.645717740764608e7	2.814630015567754e7
0.7724799999999793	31539.229685761395	3.645697452044491e7	2.8169459483090635e7
0.7731199999999793	31555.332937135463	3.64567699505378e7	2.819261725809581e7
0.7737599999999792	31571.560871968264	3.645656373334151e7	2.8215773504241243e7
0.7743999999999792	31587.913357530608	3.645635581668857e7	2.823892817769633e7
0.7750399999999792	31604.38963477824	3.6456146268794924e7	2.82620813276583e7
0.7756799999999792	31620.995538637384	3.645593497122638e7	2.8285232860199347e7
0.7763199999999791	31637.73247073842	3.645572190528034e7	2.8308382757505525e7
0.7769599999999791	31654.596259042148	3.645550717547313e7	2.8331531096204463e7
0.7775999999999791	31671.5982843247	3.6455290561782904e7	2.8354677704300057e7
0.7782399999999791	31688.733480785628	3.645507216502945e7	2.8377822655248456e7
0.778879999999979	31706.005208061368	3.6454851956246875e7	2.840096592355241e7
0.779519999999979	31723.41104299867	3.645462991022621e7	2.842410748528553e7
0.780159999999979	31740.95908723114	3.645440598722798e7	2.844724730744075e7
0.780799999999979	31758.649855462994	3.645418012817841e7	2.8470385340129253e7
0.7814399999999789	31776.480365679046	3.645395240987678e7	2.8493521638722062e7
0.7820799999999789	31794.46033927052	3.6453722676881775e7	2.8516656079932064e7
0.7827199999999789	31812.579537562862	3.645349106436751e7	2.853978876318289e7
0.7833599999999789	31830.85326188983	3.645325738807249e7	2.856291954357035e7
0.7839999999999788	31849.27803660785	3.645302167475916e7	2.8586048437066313e7
0.7846399999999788	31867.850433606378	3.6452783989719324e7	2.8609175489961978e7
0.7852799999999788	31886.58169208605	3.64525441557986e7	2.8632300561485674e7
0.7859199999999787	31905.465777354708	3.645230225617703e7	2.8655423711287495e7
0.7865599999999787	31924.510171582893	3.645205820708923e7	2.8678544870818354e7
0.7871999999999787	31943.713909196013	3.645181199627144e7	2.870166402578398e7
0.7878399999999787	31963.080641421984	3.645156361998299e7	2.8724781169555504e7
0.7884799999999786	31982.613246543286	3.64513129931467e7	2.8747896231189445e7
0.7891199999999786	32002.31162716055	3.6451060130345665e7	2.877100921753353e7
0.7897599999999786	32022.18032775621	3.645080498968684e7	2.8794120091846406e7
0.7903999999999786	32042.220024766346	3.645054756375242e7	2.8817228843706325e7
0.7910399999999785	32062.431464042063	3.645028776468523e7	2.8840335399054546e7
0.7916799999999785	32082.82126730429	3.645002560633591e7	2.8863439765349634e7
0.7923199999999785	32103.3880916893	3.6449761041735984e7	2.8886541900226355e7
0.7929599999999785	32124.13789146751	3.644949401704904e7	2.8909641757267468e7
0.7935999999999784	32145.072594953464	3.644922449349791e7	2.8932739301022753e7
0.7942399999999784	32166.18833973903	3.64489525133773e7	2.8955834559136786e7
0.7948799999999784	32187.49329601323	3.644867803744661e7	2.8978927497029655e7
0.7955199999999784	32208.993343721424	3.644840087537595e7	2.900201795933721e7
0.7961599999999783	32230.68765892295	3.644812112499193e7	2.9025106018245183e7
0.7967999999999783	32252.576023133886	3.644783871021278e7	2.9048191607744653e7
0.7974399999999783	32274.66427079153	3.644755362256934e7	2.9071274716775592e7
0.7980799999999783	32296.958915097308	3.6447265744314484e7	2.9094355247165848e7
0.7987199999999782	32319.451564154053	3.6446975168915324e7	2.9117433266126085e7
0.7993599999999782	32342.156506913452	3.644668179175912e7	2.9140508687341325e7
0.7999999999999782	32365.071645317137	3.644638553748728e7	2.9163581444318097e7
0.8006399999999781	32388.20483639576	3.644608632522709e7	2.9186651467945203e7
0.8012799999999781	32411.552016034817	3.644578422303192e7	2.920971880584685e7
0.8019199999999781	32435.1248692844	3.644547911718563e7	2.923278336318681e7
0.8025599999999781	32458.918122515563	3.6445171009208046e7	2.925584513394332e7
0.803199999999978	32482.94009244773	3.644485979749131e7	2.927890403195442e7
0.803839999999978	32507.194259564047	3.64445453863149e7	2.930195997456052e7
0.804479999999978	32531.676926616532	3.644422800456237e7	2.9325013138582226e7
0.805119999999978	32556.406322861112	3.644390723223913e7	2.9348063183283765e7
0.8057599999999779	32581.373297913968	3.644358326246073e7	2.937111025550894e7
0.8063999999999779	32606.587855944374	3.64432559300761e7	2.9394154217421472e7
0.8070399999999779	32632.050959041517	3.644292523060554e7	2.9417195058660146e7
0.8076799999999779	32657.764568450624	3.644259115074353e7	2.944023276191353e7
0.8083199999999778	32683.735607356022	3.64422535896268e7	2.9463267240007546e7
0.8089599999999778	32709.972506552465	3.644191247884863e7	2.948629843203623e7
0.8095999999999778	32736.47716050333	3.644156770246967e7	2.9509326237169992e7
0.8102399999999778	32763.253987659016	3.644121922631711e7	2.953235062100706e7
0.8108799999999777	32790.29000441005	3.644086730191186e7	2.9555371777419113e7
0.8115199999999777	32817.61836088472	3.6440511393339485e7	2.9578389270630706e7
0.8121599999999777	32845.22703508152	3.644015167749748e7	2.9601403233841807e7
0.8127999999999777	32873.12690031149	3.6439788087225296e7	2.9624413606651645e7
0.8134399999999776	32901.30683759945	3.643942064114734e7	2.96474203941377e7
0.8140799999999776	32929.79845596241	3.643904902178858e7	2.967042333578577e7
0.8147199999999776	32958.587202230774	3.643867339809048e7	2.969342255792829e7
0.8153599999999775	32987.70004321487	3.643829339800653e7	2.9716417753933765e7
0.8159999999999775	33017.10748027004	3.643790938728203e7	2.9739409207797684e7
0.8166399999999775	33046.833872285744	3.643752108254766e7	2.976239668430972e7
0.8172799999999775	33076.88900602016	3.643712831172711e7	2.978538003576669e7
0.8179199999999774	33107.278554034165	3.643673108732654e7	2.980835926422442e7
0.8185599999999774	33137.99061607518	3.643632939979669e7	2.9831334350514136e7
0.8191999999999774	33169.06861280052	3.643592289797919e7	2.9854305005628925e7
0.8198399999999774	33200.48811391979	3.6435511720660955e7	2.987727132900446e7
0.8204799999999773	33232.25150388589	3.64350959421847e7	2.9900233372432858e7
0.8211199999999773	33264.38824442513	3.643467512154277e7	2.9923190769569535e7
0.8217599999999773	33296.877915693614	3.6434249479440935e7	2.994614368774425e7
0.8223999999999773	33329.74784549962	3.643381880282612e7	2.9969091946660735e7
0.8230399999999772	33363.010067021925	3.643338276461999e7	2.999203526885347e7
0.8236799999999772	33396.6526344187	3.643294166271977e7	3.0014973886540692e7
0.8243199999999772	33430.68278509915	3.6432495296286225e7	3.0037907624985516e7
0.8249599999999772	33465.14158748768	3.643204319555e7	3.0060836092983574e7
0.8255999999999771	33499.994996776964	3.643158570382251e7	3.0083759556202468e7
0.8262399999999771	33535.26941635777	3.643112262401835e7	3.0106677845281873e7
0.8268799999999771	33570.97673198115	3.64306536742839e7	3.012959071768288e7
0.827519999999977	33607.111497019934	3.643017910170908e7	3.0152498364836473e7
0.828159999999977	33643.701695299125	3.6429698248637594e7	3.0175400235290192e7
0.828799999999977	33680.744200244226	3.642921144378327e7	3.019829658801382e7
0.829439999999977	33718.24719526604	3.6428718458270565e7	3.0221187222268727e7
0.830079999999977	33756.21941650707	3.6428219129326366e7	3.0244071991673645e7
0.8307199999999769	33794.68324251117	3.642771320400977e7	3.026695067681345e7
0.8313599999999769	33833.64560555248	3.642720063670435e7	3.028982322732461e7
0.8319999999999769	33873.1098492486	3.642668132063009e7	3.0312689541218065e7
0.8326399999999768	33913.077839630154	3.6426155273696065e7	3.033554961979669e7
0.8332799999999768	33953.576784713434	3.6425622107404314e7	3.0358403129978567e7
0.8339199999999768	33994.625157541646	3.642508168935552e7	3.0381249949732676e7
0.8345599999999768	34036.1996669366	3.642453412800335e7	3.040409015073853e7
0.8351999999999767	34078.3548397594	3.6423978921626315e7	3.042692330821904e7
0.8358399999999767	34121.070633596406	3.642341619779983e7	3.0449749509723376e7
0.8364799999999767	34164.3799928277	3.642284556119107e7	3.0472568414440684e7
0.8371199999999767	34208.296449878195	3.642226686604698e7	3.0495379886230156e7
0.8377599999999766	34252.828122278275	3.6421680032598e7	3.0518183842943005e7
0.8383999999999766	34297.98773341473	3.642108481642501e7	3.05409800649076e7
0.8390399999999766	34343.77080031092	3.642048129282981e7	3.056376859728309e7
0.8396799999999766	34390.246222514856	3.641986871403817e7	3.058654880607711e7
0.8403199999999765	34437.38248128241	3.641924725531618e7	3.060932081482105e7
0.8409599999999765	34485.21490680801	3.641861669102058e7	3.063208442105859e7
0.8415999999999765	34533.75857087638	3.641797681683882e7	3.0654839436408326e7
0.8422399999999765	34583.01373772339	3.64173273126861e7	3.067758557208315e7
0.8428799999999764	34633.04851721874	3.6416667679271676e7	3.070032239808668e7
0.8435199999999764	34683.81921211721	3.6415998372651674e7	3.0723050271328595e7
0.8441599999999764	34735.399282982326	3.641531844105204e7	3.0745768379821893e7
0.8447999999999763	34787.780169025915	3.641462807537846e7	3.0768476861561097e7
0.8454399999999763	34840.97677417088	3.641392690299547e7	3.0791175382237844e7
0.8460799999999763	34895.01674029269	3.6413214847017124e7	3.081386385874005e7
0.8467199999999763	34949.97752519172	3.641249066316014e7	3.083654122686515e7
0.8473599999999762	35005.78107751126	3.641175557430946e7	3.0859208485869672e7
0.8479999999999762	35062.53864447928	3.6411008009474464e7	3.088186429790744e7
0.8486399999999762	35120.24457328861	3.641024810832184e7	3.090450875486399e7
0.8492799999999762	35178.93972497018	3.640947547768665e7	3.09271415034842e7
0.8499199999999761	35238.63493870594	3.640868989981443e7	3.094976233398101e7
0.8505599999999761	35299.36932843381	3.6407890891311616e7	3.0972370814265583e7
0.8511999999999761	35361.195770987084	3.640707785752085e7	3.09949664182516e7
0.8518399999999761	35424.13504151779	3.640625060618292e7	3.1017548956217736e7
0.852479999999976	35488.168888500346	3.640540909549559e7	3.1040118360401638e7
0.853119999999976	35553.39362116179	3.640455245260811e7	3.106267387082323e7
0.853759999999976	35619.86662614344	3.640367985280988e7	3.1085214760429498e7
0.854399999999976	35687.57575186149	3.640279174927061e7	3.1107741381605405e7
0.8550399999999759	35756.56452493838	3.640188719073427e7	3.113025289515809e7
0.8556799999999759	35826.95876528475	3.6400964739343345e7	3.1152748054849442e7
0.8563199999999759	35898.713776715456	3.64000253144588e7	3.1175227604471926e7
0.8569599999999759	35971.88522773438	3.63990679635544e7	3.1197690700509675e7
0.8575999999999758	36046.54039215721	3.639809202946307e7	3.1220136751818493e7
0.8582399999999758	36122.80151403657	3.639709612407717e7	3.1242564545869738e7
0.8588799999999758	36200.60532616359	3.639608086334896e7	3.1264974561335903e7
0.8595199999999757	36280.14420297685	3.6395044157573774e7	3.1287364988974564e7
0.8601599999999757	36361.387375037266	3.639398643182246e7	3.130973614560605e7
0.8607999999999757	36444.428378518336	3.639290613560713e7	3.133208666596002e7
0.8614399999999757	36529.33293472609	3.639180339827796e7	3.135441662378312e7
0.8620799999999756	36616.211103996095	3.639067647858148e7	3.13767244864901e7
0.8627199999999756	36705.13252415599	3.638952434882378e7	3.139900932680928e7
0.8633599999999756	36796.18372629163	3.638834640865945e7	3.1421270585923694e7
0.8639999999999756	36889.48877077363	3.638714148177858e7	3.144350721072863e7
0.8646399999999755	36985.079605256724	3.638590888754079e7	3.1465718560897745e7
0.8652799999999755	37083.16450881686	3.6384646884151734e7	3.148790309984055e7
0.8659199999999755	37183.75681307119	3.638335431515048e7	3.1510059766687706e7
0.8665599999999755	37287.07598828979	3.638202989010666e7	3.1532187408989817e7
0.8671999999999754	37393.245199439974	3.638067162820992e7	3.1554284258945234e7
0.8678399999999754	37502.42847827083	3.637927765734841e7	3.157634864310004e7
0.8684799999999754	37614.672711180836	3.637784842066062e7	3.1598380878129415e7
0.8691199999999754	37730.33581753681	3.637637926534197e7	3.1620376893444914e7
0.8697599999999753	37849.366203030186	3.637487164488018e7	3.1642337863304373e7
0.8703999999999753	37972.219226746645	3.637331917963021e7	3.1664258213561025e7
0.8710399999999753	38098.989316756015	3.637172306953853e7	3.1686138908152238e7
0.8716799999999753	38230.01438478147	3.637007827570709e7	3.170797550681331e7
0.8723199999999752	38365.43324147303	3.636838339765028e7	3.1729766703953665e7
0.8729599999999752	38505.75382163817	3.636663429070852e7	3.175150884138151e7
0.8735999999999752	38651.109713095444	3.63648291079365e7	3.177320020896016e7
0.8742399999999751	38801.91019671064	3.636296395506454e7	3.179483733630106e7
0.8748799999999751	38958.726961845656	3.636103248883857e7	3.181641461975165e7
0.8755199999999751	39121.84978116742	3.635903161382853e7	3.183792924639901e7
0.8761599999999751	39291.82199248488	3.635695787691398e7	3.1859378112671595e7
0.876799999999975	39469.3703585134	3.635480200162745e7	3.188075302145421e7
0.877439999999975	39655.074251906306	3.635255932820193e7	3.1902049782836903e7
0.878079999999975	39849.677888612714	3.6350222417500675e7	3.1923261773086265e7
0.878719999999975	40053.76809564395	3.634778539132106e7	3.1944383700055376e7
0.8793599999999749	40268.26137450455	3.634524070602568e7	3.1965408830302052e7
0.8799999999999749	40494.23762962675	3.634257638867954e7	3.198632653055264e7
0.8806399999999749	40732.910788359455	3.633978182153649e7	3.200712734354868e7
0.8812799999999749	40985.873233945225	3.633684080598153e7	3.202779690836483e7
0.8819199999999748	41254.49689719687	3.633374149311634e7	3.204832462860187e7
0.8825599999999748	41541.100180212175	3.633046044846448e7	3.2068689760201063e7
0.8831999999999748	41847.735298898944	3.632698002968801e7	3.2088876577702444e7
0.8838399999999748	42177.36613195941	3.6323270342553146e7	3.2108858582411144e7
0.8844799999999747	42532.34156283524	3.6319311949805714e7	3.2128618369460583e7
0.8851199999999747	42915.801412114415	3.63150737369447e7	3.2148128233309794e7
0.8857599999999747	43331.07985084509	3.631052783422041e7	3.216736327700031e7
0.8863999999999747	43782.7854956275	3.630564175136871e7	3.218629457284461e7
0.8870399999999746	44279.28433496396	3.630033052436355e7	3.2204846976289e7
0.8876799999999746	44827.6002195175	3.629453127603189e7	3.2222964559163723e7
0.8883199999999746	45439.097167044616	3.628814377833442e7	3.2240558519540723e7
0.8889599999999745	46123.79471746015	3.6281079663920805e7	3.2257550164203543e7
0.8895999999999745	46892.32663037153	3.627329639399882e7	3.2273901384960417e7
0.8902399999999745	47762.26362442733	3.626463077583401e7	3.2289467287932962e7
0.8908799999999745	48754.59983486952	3.625491461447268e7	3.2304098433674477e7
0.8915199999999744	49893.4764555275	3.6243950279253274e7	3.2317618997284852e7
0.8921599999999744	51192.50384853971	3.623165485464306e7	3.2329953794732455e7
0.8927999999999744	52639.948337842754	3.621814519608141e7	3.234120303352237e7
0.8934399999999744	54230.45791218604	3.620345975795131e7	3.2351397883738216e7
0.8940799999999743	55928.64404588518	3.618789371431681e7	3.2360795974072784e7
0.8947199999999743	57681.5500329672	3.617188383843375e7	3.236978062150999e7
0.8953599999999743	59473.65223309049	3.615553516099555e7	3.2378443284717716e7
0.8959999999999743	61307.52851300466	3.613879974261703e7	3.2386740552349284e7
0.8966399999999742	63175.29635869162	3.612170954208636e7	3.239469944244702e7
0.8972799999999742	65119.90680307026	3.610391316337523e7	3.2402008320059206e7
0.8979199999999742	67135.18820443569	3.6085351830829926e7	3.2408612275949784e7
0.8985599999999742	69138.25858607193	3.606677639017236e7	3.2415175978103317e7
0.8991999999999741	71134.17900124413	3.604811958037696e7	3.2421639451917358e7
0.8998399999999741	73128.01532487101	3.602935085433744e7	3.242797557478101e7
0.9004799999999741	75080.60789353473	3.601080806427278e7	3.243448446781299e7
0.901119999999974	76955.84264811418	3.599284008201526e7	3.2441477448425706e7
0.901759999999974	78788.17881148397	3.597531207273562e7	3.2448837565395582e7
0.902399999999974	80660.34362236022	3.5959240698544815e7	3.2457491255903453e7
0.902409999999974	82270.25981102033	3.59512227373018e7	3.2450771665022537e7
0.9024199999999739	85313.47712395184	3.592914975874974e7	3.243150821438776e7
0.9030599999999739	90203.25567319489	3.588781338817081e7	3.2417593061925553e7
0.9036999999999739	94281.98636358316	3.585233399712479e7	3.240883358848755e7
0.9043399999999738	97599.1120614699	3.582282468115112e7	3.240534960321107e7
0.9049799999999738	100382.6090796794	3.579749264808199e7	3.240555325217505e7
0.9056199999999738	102854.47827448089	3.577463276062556e7	3.2407930326336335e7
0.9062599999999738	105152.51433286906	3.575315069971085e7	3.2411507349812586e7
0.9068999999999737	107372.52451101728	3.573218261952139e7	3.2415512799674984e7
0.9075399999999737	109459.63951867682	3.5712155955519505e7	3.242033065414113e7
0.9081799999999737	111452.02896147668	3.569277484369015e7	3.242569778284083e7
0.9088199999999736	113408.51354333264	3.5673510678243056e7	3.2431140562864795e7
0.9094599999999736	115318.89803654588	3.5654502233857386e7	3.243678457463123e7
0.9100999999999736	117212.1518565293	3.563543701076488e7	3.2442348595948085e7
0.9107399999999736	119064.04201432402	3.561652836200533e7	3.2448024696801994e7
0.9113799999999735	120866.45961682253	3.5597875464288965e7	3.245390292629398e7
0.9120199999999735	122639.02568106633	3.557930789522497e7	3.245983016808156e7
0.9126599999999735	124386.33118365583	3.556080151037341e7	3.2465785008622043e7
0.9132999999999735	126092.6070642134	3.554250543175292e7	3.247190243985147e7
0.9139399999999734	127766.67498617496	3.5524335427286796e7	3.2478106720462862e7
0.9145799999999734	129416.96135642173	3.550621614547906e7	3.2484329959170364e7
0.9152199999999734	131066.72243948035	3.548791236182919e7	3.2490358988520794e7
0.9158599999999734	132683.5009810574	3.546978044017652e7	3.2496517103711672e7
0.9164999999999733	134280.33739966023	3.545165220741257e7	3.2502651656265553e7
0.9171399999999733	135864.00339545976	3.543346747868401e7	3.2508708054720655e7
0.9177799999999733	137413.51084989953	3.541545074621974e7	3.251489052472669e7
0.9184199999999733	138940.340181865	3.539749864662352e7	3.252110545998307e7
0.9190599999999732	140460.45547666738	3.537937795416548e7	3.2527139971820667e7
0.9196999999999732	141982.04379348594	3.536101725695778e7	3.253292872933974e7
0.9203399999999732	143496.93805188648	3.534249773670594e7	3.253854533308421e7
0.9209799999999732	145019.31972520897	3.5323690596554816e7	3.2543871992258795e7
0.9216199999999731	146530.70120069935	3.530484551046433e7	3.2549136795713305e7
0.9222599999999731	148029.87760554618	3.528592609406772e7	3.255430604219901e7
0.9228999999999731	149514.7570237171	3.526701767532167e7	3.255945820031995e7
0.923539999999973	150980.91892120667	3.5248112301246844e7	3.256458563575328e7
0.924179999999973	152427.19996837957	3.522923696096339e7	3.2569713244883806e7
0.924819999999973	153866.59598920654	3.521021795681801e7	3.257468146150995e7
0.925459999999973	155317.58667321719	3.519081744669904e7	3.2579271287131768e7
0.926099999999973	156795.78276251102	3.517083469970277e7	3.2583297223739937e7
0.9267399999999729	158320.8581779501	3.5149993476136155e7	3.258650354014359e7
0.9273799999999729	159895.18208827951	3.5128261525216654e7	3.2588858761377722e7
0.9280199999999729	161512.63837469844	3.510571748304546e7	3.259043361832511e7
0.9286599999999728	163202.8629856293	3.5081988344633274e7	3.2590882188371584e7
0.9292999999999728	164983.18189101576	3.505681847252195e7	3.25899657174734e7
0.9299399999999728	166878.13073105706	3.5029833525281996e7	3.258733487033881e7
0.9305799999999728	168855.97350177882	3.500135966792693e7	3.2583287261458986e7
0.9312199999999727	170916.44675298786	3.497139852256489e7	3.2577821365389597e7
0.9318599999999727	173112.90567635672	3.49391352463613e7	3.257017848406608e7
0.9324999999999727	175447.26208944662	3.490449031125783e7	3.2560279905438017e7
0.9331399999999727	178002.84811058122	3.4866005425477676e7	3.2546765573153965e7
0.9337799999999726	180824.3669798387	3.482245933487671e7	3.252849026730163e7
0.9344199999999726	183898.76840427157	3.47751317072641e7	3.2506638651132725e7
0.9350599999999726	187176.83041890312	3.472456389091791e7	3.248170597520816e7
0.9356999999999726	190443.78109297188	3.467447918609887e7	3.2457155709556047e7
0.9363399999999725	193627.46008237932	3.462572000438593e7	3.2433772993014622e7
0.9369799999999725	196568.23600569536	3.4580177014228955e7	3.241332198902438e7
0.9376199999999725	199347.50688048758	3.4536675395704545e7	3.2394712881998755e7
0.9382599999999724	202146.4693517269	3.449234825086457e7	3.2375271192873027e7
0.9388999999999724	204939.47634779263	3.4447615503911145e7	3.235538799862608e7
0.9395399999999724	207866.2883250469	3.440031503128157e7	3.2333039580281474e7
0.9401799999999724	211087.43170193848	3.434768945566534e7	3.2305637922590908e7
0.9408199999999723	214687.8850884042	3.428845132555865e7	3.2271966005150676e7
0.9414599999999723	219142.22513697925	3.421460424824122e7	3.222450990140776e7
0.9417799999999723	222008.82653763692	3.416680384380392e7	3.2190537877897736e7
0.9420999999999723	225124.23369732668	3.41146108419364e7	3.215240956731842e7
0.9424199999999723	228363.82374828757	3.4060224817438565e7	3.2112186261420943e7
0.9430599999999723	234278.2735635167	3.39606152229946e7	3.204023759709306e7
0.9436999999999722	240214.8947385807	3.3860301840263076e7	3.1967490945229113e7
0.9443399999999722	245947.4746973716	3.376333627165669e7	3.1897758411217004e7
0.9449799999999722	251380.97854128812	3.3671170418764986e7	3.1832413603762947e7
0.9452999999999722	254706.15810896078	3.361470796805095e7	3.1789915869046196e7
0.9456199999999721	257872.46426579243	3.3560898303784706e7	3.174987975863074e7
0.9462599999999721	263386.19363105536	3.346617995468038e7	3.1681861817960665e7
0.9468999999999721	269062.24953293585	3.3367194658561744e7	3.160968382764139e7
0.9475399999999721	274553.3433828304	3.327011144785233e7	3.1539164469690938e7
0.948179999999972	280096.1389181693	3.3171288739796814e7	3.146686713921836e7
0.948819999999972	285833.46659692575	3.3068198226811063e7	3.1390396798382387e7
0.949459999999972	291816.2136935261	3.2959106941039868e7	3.130810206767887e7
0.950099999999972	298237.1116851629	3.2840386524471622e7	3.1216533268772665e7
0.9507399999999719	304743.2797788732	3.2718649864094608e7	3.1121940825750306e7
0.9513799999999719	311182.06324247475	3.259619934768477e7	3.102650180731428e7
0.9520199999999719	317715.1041450568	3.24701443112261e7	3.092747075786945e7
0.9526599999999719	324282.9717696937	3.2341461624313716e7	3.0825768386901382e7
0.9532999999999718	330776.9561651188	3.221210846534852e7	3.0723250283868756e7
0.9539399999999718	337342.6895447611	3.207932099335467e7	3.061728547268029e7
0.9545799999999718	344143.84498524835	3.1939855740689743e7	3.0504778506385952e7
0.9552199999999718	350592.5832624266	3.18054229756954e7	3.0396875670721363e7
0.9558599999999717	356910.47842845495	3.167144059445942e7	3.0289217235136926e7
0.9564999999999717	363249.6895242297	3.153436287654465e7	3.017841945290838e7
0.9571399999999717	369483.58759382635	3.139644103850176e7	3.006662564215497e7
0.9577799999999717	375926.60169673746	3.1251045984566364e7	2.9947498444220733e7
0.9584199999999716	382721.7233400743	3.10948711342804e7	2.9817859961772628e7
0.9590599999999716	389392.18837571546	3.093862292866393e7	2.9687937422155663e7
0.9596999999999716	396047.1001576515	3.0779911338713996e7	2.955544160989931e7
0.9603399999999715	402912.30817846605	3.0613644049153596e7	2.9415486428305663e7
0.9609799999999715	410415.48446332646	3.0429137313176796e7	2.9257806787419543e7
0.9612999999999715	414637.1937305648	3.0324053446250103e7	2.9166559037276745e7
0.9616199999999715	418813.22415544983	3.0218984637936782e7	2.9075254059075005e7
0.9619399999999715	423060.2169704169	3.0110927703571662e7	2.898100746703077e7
0.9625799999999715	431074.265018279	2.9904453487579722e7	2.880155963707063e7
0.9632199999999714	439071.4760964414	2.969550511010111e7	2.8619453481041584e7
0.9638599999999714	446310.29206737166	2.9503280261313036e7	2.845316136662367e7
0.9644999999999714	453500.3405804894	2.9308647302181028e7	2.8284289585043382e7
0.9651399999999714	461012.8368406347	2.9100668105951604e7	2.8102289723269574e7
0.9654599999999713	465236.877661533	2.8982077953966014e7	2.799710626318964e7
0.9657799999999713	469680.9652047505	2.8856058610182475e7	2.7884676767170526e7
0.9660999999999713	474296.7445267839	2.872374898303643e7	2.776609255215014e7
0.9664199999999713	479011.51839184895	2.858728233163108e7	2.76434065977217e7
0.9667399999999713	483827.1304453989	2.8446325047213085e7	2.7516292366500586e7
0.9670599999999713	488581.8310322438	2.830555489007423e7	2.7389263797508586e7
0.9673799999999713	493583.6930287704	2.8155772318850763e7	2.7253431725875653e7
0.9676999999999712	498178.82070556516	2.8017159515698984e7	2.7128296439249907e7
0.9680199999999712	502568.2211438273	2.7883759726010107e7	2.7008109221683696e7
0.9683399999999712	506992.0929376166	2.774804795222813e7	2.6885596123722207e7
0.9686599999999712	511487.1655715134	2.7608725695475057e7	2.67594982399471e7
0.9689799999999712	516291.7937207813	2.745812379286001e7	2.6622388164245933e7
0.9692999999999712	521567.11829910945	2.729064317946716e7	2.6468832544388533e7
0.9696199999999712	527227.6342607432	2.7109020241456695e7	2.630146538204932e7
0.9699399999999712	532817.2087414574	2.69280251969091e7	2.613458524478402e7
0.9702599999999711	538653.195738443	2.6737213319033787e7	2.5958068140966225e7
0.9705799999999711	544153.2362549677	2.6556348717636302e7	2.5791069926573314e7
0.9708999999999711	549165.1968829618	2.639061551851341e7	2.5638629314153217e7
0.9712199999999711	553831.0851380596	2.623480745154403e7	2.5495708951718125e7
0.9715399999999711	558361.5625457742	2.6081890073562756e7	2.5355490452138472e7
0.9718599999999711	563008.7589373053	2.5923190135850884e7	2.5209554631903805e7
0.9721799999999711	567971.5125192322	2.5751552629372865e7	2.505094540270127e7
0.9723399999999711	570799.7651821997	2.5652618986945767e7	2.4958855867271066e7
0.9724999999999712	574037.6666764369	2.553829537971223e7	2.4851778292603027e7
0.9726599999999712	577627.8858189856	2.5410808537307758e7	2.473186937829534e7
0.9727399999999712	579720.7302445676	2.5336165014776073e7	2.466130434357903e7
0.9727599999999712	580260.8291703507	2.5316781712776933e7	2.4642958883906778e7
0.9727699999999712	584213.8142200146	2.5196607225314565e7	2.452641175272975e7
0.9730899999999711	587691.8691595126	2.5072332811046623e7	2.4413451123299737e7
0.9737299999999711	592742.7484341753	2.4886824256048188e7	2.4248618734842468e7
0.9743699999999711	598191.9676586555	2.4681113311148167e7	2.4063868037113834e7
0.9746899999999711	601022.4952296795	2.4572020792793427e7	2.3965314825881395e7
0.9750099999999711	603897.3303934191	2.4459522159557834e7	2.3863370095076326e7
0.975329999999971	606907.3887033717	2.433992428115903e7	2.375443075442146e7
0.975649999999971	609982.0584461247	2.4215865287613392e7	2.3641062030982487e7
0.975969999999971	613187.9448449693	2.408466665175897e7	2.3520647018431146e7
0.976289999999971	616544.8332577551	2.3945364120603807e7	2.3392237815300155e7
0.976609999999971	620243.1522780106	2.378978646478505e7	2.3247850846704837e7
0.976929999999971	624024.4703165147	2.3628596040703014e7	2.3097880574573528e7
0.977249999999971	627906.3821244193	2.346078127508884e7	2.2941333371273234e7
0.977409999999971	630180.0113930046	2.336153229217757e7	2.284803104415399e7
0.977419999999971	630669.9473667035	2.334063825682704e7	2.282784717239877e7
0.9774299999999709	643590.5109489688	2.281733106647969e7	2.2316869742140718e7
0.977589999999971	646995.6580288972	2.2668935208036497e7	2.2175423542720187e7
0.977749999999971	650355.6478983234	2.2520320497817162e7	2.2033713779905833e7
0.9779099999999711	653924.5471703219	2.2361240417278178e7	2.188172580970687e7
0.9780699999999711	657725.1498737638	2.219049529624094e7	2.1718281646930486e7
0.9782299999999712	661870.8600481416	2.2002831609801617e7	2.153823889427887e7
0.9783899999999712	665853.9020022001	2.1821232650278002e7	2.136406491552715e7
0.9784699999999712	668131.8711337497	2.17170043865567e7	2.1263822161299035e7
0.9785099999999712	670040.5815890527	2.1630313689947903e7	2.1179877420848668e7
0.9785499999999713	671936.595186514	2.1544241914575145e7	2.109653096547366e7
0.9785699999999713	673107.6860626369	2.149110295448298e7	2.1044973315880135e7
0.9785799999999713	673629.5888250892	2.1472549817995604e7	2.1027036946686175e7
0.9786599999999712	675924.7763422242	2.136963386072978e7	2.0928030108868353e7
0.9788199999999713	680049.2344196241	2.117957214256303e7	2.0745392247367963e7
0.9789799999999713	683868.9493568061	2.1002109773031168e7	2.057502035091695e7
0.9791399999999714	687099.1814998591	2.085058871061809e7	2.042997831904011e7
0.9792999999999714	689856.0316173652	2.0720186601138458e7	2.03055587583488e7
0.9794599999999715	692529.3827630507	2.0592716326046932e7	2.0183966486231312e7
0.9796199999999715	695033.387509354	2.047211804183878e7	2.0069061056582984e7
0.9797799999999716	697516.3008898104	2.035143507643635e7	1.9954032838794235e7
0.9800999999999715	702092.1299804983	2.012659635839207e7	1.9740048724246126e7
0.9804199999999715	705980.3520086829	1.9933130155857034e7	1.9556662562697135e7
0.9807399999999715	710041.7608548402	1.9727891372665774e7	1.9361607589141756e7
0.9808999999999716	712315.5446394947	1.961161015328347e7	1.9250633626257833e7
0.9810599999999716	714756.0749851294	1.9485740851822026e7	1.91302184001482e7
0.9812199999999717	717440.866684555	1.9346117923748817e7	1.8996271368616626e7
0.9813799999999717	720568.7120562526	1.918211074369463e7	1.8838356831065e7
0.9814599999999717	722609.8165136557	1.9074525790272843e7	1.873428126811883e7
0.9814999999999717	723834.3097464612	1.900982703143556e7	1.8671536166083794e7
0.9815399999999718	725203.1692948401	1.893733281186575e7	1.8601136898663376e7
0.9816199999999717	727617.8867477007	1.8808785797623176e7	1.8476453931420773e7
0.9816999999999717	729847.165463051	1.8689416291119616e7	1.8360756176119592e7
0.9817399999999717	731019.5327430823	1.8626413110787377e7	1.829964322405178e7
0.9817499999999717	734878.3346763462	1.8423479993551627e7	1.8100663013276655e7
0.9819099999999717	737773.3279917224	1.826764931886173e7	1.7950533862186395e7
0.9820699999999718	740465.0046873708	1.8120672310578685e7	1.7809045193583563e7
0.9822299999999718	743510.6511731752	1.7952670669700287e7	1.7646863896170575e7
0.9823099999999718	745317.7334461425	1.7852368270258866e7	1.7549744546262164e7
0.9823899999999718	747398.1069134818	1.773634604259198e7	1.7437170669444203e7
0.9824699999999718	749869.1515507592	1.7597929393097352e7	1.7302582897062566e7
0.9825499999999717	752931.0410771192	1.7425661222037908e7	1.7134722080379672e7
0.9825899999999718	754694.713192996	1.7326144546181794e7	1.7037635604588993e7
0.9826299999999718	756565.8539742428	1.722037046402334e7	1.693439417794632e7
0.9826699999999718	758555.2307078853	1.7107710377494916e7	1.682437951880064e7
0.9827099999999719	760702.5704274933	1.6985866856438044e7	1.6705333765932465e7
0.9827899999999719	764465.0377748645	1.6771909875203095e7	1.6496421749550505e7
0.9828699999999718	767965.275492414	1.657218702559366e7	1.6301460707013981e7
0.9829499999999718	771625.3562550555	1.636245338995587e7	1.6096629771980831e7
0.9829899999999718	773658.4002485134	1.6245566084854238e7	1.598238893513866e7
0.9830299999999719	775829.9352075062	1.6120413328626245e7	1.5860015748439496e7
0.9830699999999719	778060.3936215444	1.5991628275987241e7	1.5734062571738362e7
0.983109999999972	780415.5809275692	1.5855372471366975e7	1.560075644948703e7
0.983149999999972	782988.8534648555	1.5706178564280454e7	1.5454722817652794e7
0.983229999999972	786735.3337338903	1.548792216863237e7	1.524138326541071e7
0.983389999999972	790318.9296769052	1.5276390387214806e7	1.5035776740304695e7
0.9835499999999721	793442.6953601525	1.508944595009762e7	1.485427669655679e7
0.983629999999972	795167.5136923024	1.49854498761537e7	1.475315495387981e7
0.983709999999972	797069.637599817	1.4870162280572373e7	1.4640911601417957e7
0.983789999999972	799320.3329627148	1.4733138587607894e7	1.4507271393699704e7
0.983829999999972	800666.8983356848	1.4650928188687634e7	1.4426969463622255e7
0.983909999999972	803401.6277001434	1.4483322633718748e7	1.4263212704731526e7
0.9839899999999719	805788.3923196287	1.4336176585594907e7	1.411955507062019e7
0.9840699999999719	807997.9275230087	1.4199078986810692e7	1.3985759065535862e7
0.9841499999999719	810250.4153405126	1.4058466114589818e7	1.3848481895756343e7
0.9842299999999718	812703.1297548667	1.3904496721500628e7	1.3698039136558428e7
0.9843099999999718	815277.424740243	1.3742110667911656e7	1.3539288654325932e7
0.9843899999999718	817734.9222944296	1.3586472081241272e7	1.3387152094189752e7
0.9845499999999718	821860.3126618633	1.3323818284860633e7	1.3130663034189811e7
0.9846299999999718	824043.4184094463	1.318385331679827e7	1.2993883038659684e7
0.9847099999999718	826221.8101335312	1.3043472352094077e7	1.2856670591307156e7
0.9848699999999718	829975.7521602805	1.27991914918352e7	1.261809725769358e7
0.9849499999999718	831935.2869860185	1.2670531203510445e7	1.249236033496642e7
0.9850299999999718	834011.4749030482	1.2533346029001907e7	1.2358206990726717e7
0.9851099999999717	836035.9624757037	1.2398814088912372e7	1.2226644322609402e7
0.9852699999999718	839624.2048994122	1.2158377771510854e7	1.1991652531474348e7
0.9854299999999718	842172.2987661071	1.1985460548020072e7	1.1823102838228127e7
0.9855899999999719	844807.9378442634	1.1804504524916101e7	1.1646575297096087e7
0.9857499999999719	847852.1533991661	1.1593181865924269e7	1.1440060917520484e7
0.9858299999999719	849586.4273139242	1.1471844996319398e7	1.1321327592396293e7
0.9859899999999719	853161.0260270117	1.1219583515639622e7	1.1074349936559858e7
0.9860699999999719	854732.7901192519	1.110815365789355e7	1.0965323505205166e7
0.9861499999999719	856268.3571422633	1.0998444344755914e7	1.085797520732718e7
0.9862299999999719	857997.4489606963	1.0874139642951805e7	1.0736217364940265e7
0.9863099999999718	860103.4597384263	1.0722059612569265e7	1.0587049432836734e7
0.9863499999999719	861375.9531225597	1.0629903757910065e7	1.049656335337444e7
0.9863899999999719	862862.5783229109	1.0522007489806052e7	1.0390546527560495e7
0.9864299999999719	864628.5471252659	1.039356898657664e7	1.0264261264813017e7
0.986469999999972	866782.9189844218	1.023656094873806e7	1.0109787851995232e7
0.986509999999972	869499.2558033878	1.0038155387061592e7	9.914470215850662e6
0.986529999999972	871144.4970515661	9.917787271891214e6	9.795928993713873e6
0.986539999999972	872059.9471356126	9.850758149767093e6	9.729904871959422e6
0.986549999999972	912238.195015995	7.0323966299673915e6	6.950080499017123e6
0.986709999999972	914685.4265408387	6.851225446933731e6	6.772328830062544e6
0.986869999999972	917384.16595731	6.6486260026673e6	6.573374797351138e6
0.986949999999972	918960.8930963521	6.529225855941139e6	6.456011898175858e6
0.987029999999972	920733.1786268915	6.394211004872423e6	6.323219997465865e6
0.987109999999972	922753.8453354522	6.239371567301001e6	6.170840364864716e6
0.9871899999999719	925083.9731839983	6.059783285540368e6	5.994007787348939e6
0.9872699999999719	927805.2417308225	5.848824013178464e6	5.786179444217797e6
0.9873499999999719	931026.1776180005	5.597665677468639e6	5.538632687795397e6
0.9874299999999718	934397.2663180538	5.333110803733449e6	5.277818974568014e6
0.9875099999999718	936567.1121297489	5.161033149644449e6	5.108269568835772e6
0.9875899999999718	938440.793467296	5.011021472762376e6	4.960480746532209e6
0.9876699999999717	940390.445688155	4.8537692089562565e6	4.80551724880505e6
0.9877499999999717	942528.4064885676	4.680197156725615e6	4.634410714535106e6
0.9878299999999717	944917.8409954027	4.484991844896335e6	4.44190914426876e6
0.9879099999999716	947629.2744590142	4.262116296645902e6	4.222044148547568e6
0.9879899999999716	950741.6764768261	4.004716555690974e6	3.9680383173915255e6
0.9880299999999717	952485.533916362	3.8598513692919537e6	3.8250502002424253e6
0.9880699999999717	954377.2739900188	3.7022290581078455e6	3.669447186323242e6
0.9881099999999717	956441.0253962702	3.5297576444496997e6	3.4991609098490817e6
0.9881499999999718	958707.5860987086	3.339772988860756e6	3.3115573638379583e6
0.9881899999999718	961217.0406456236	3.128807135393858e6	3.1032078963748203e6
0.9882299999999719	964022.398586005	2.8922737474402636e6	2.869578229064195e6
0.9882699999999719	966794.6543678592	2.6576557729134634e6	2.637821971992876e6
0.9883099999999719	968615.7716286448	2.5022368533935696e6	2.4843088229476945e6
0.988349999999972	970378.2487562638	2.351092128072761e6	2.335006811378685e6
0.988389999999972	972123.5984317863	2.201543246215716e6	2.18726968410491e6
0.988429999999972	973803.2898523152	2.0581244972661734e6	2.0455789008963648e6
0.9884499999999721	974851.1945537416	1.9684395363924429e6	1.956963591044178e6
0.9884699999999721	976079.1514465045	1.8631671083313972e6	1.8529389841884896e6
0.9884899999999721	977535.8524461292	1.7380716003486812e6	1.7293178338903016e6
0.9885099999999721	979282.3698734058	1.5878308976718113e6	1.5808386750873907e6
0.9885299999999722	981402.4737854946	1.405140073877342e6	1.4002798036042769e6
0.9885399999999721	982636.8110231209	1.2986416376762167e6	1.2950202223627635e6
0.9885499999999721	984010.8779442398	1.1799854155382589e6	1.1777415070828018e6
0.9987899999999721	986252.0	986252.0	986252.0
