lambda	f0	f1	fla
0.0	61936.72625305739	3.052466776557954e8	61936.72625305739
0.00032	61936.75956406493	3.052456737151716e8	159595.55538985934
0.00064	61926.17470975552	3.052456658077023e8	257243.76807487078
0.0009600000000000001	61917.770946622484	3.0524573144114006e8	354894.2320700082
0.00128	61910.94079848172	3.0524577391634697e8	452546.2854071838
0.0016	61905.410403132955	3.0524580622244614e8	550199.6517024018
0.00192	61900.80210228725	3.052458254584255e8	647853.937442428
0.0022400000000000002	61896.64838224262	3.0524584665808314e8	745508.6964039728
0.00256	61893.04564899034	3.052458559190827e8	843163.9906049806
0.00288	61889.97878910855	3.052458719326889e8	940819.84681634
0.0032	61887.10663439611	3.0524587833804053e8	1.0384758785748957e6
0.00352	61884.79028001248	3.052458813377826e8	1.1361324581272216e6
0.00384	61882.601215843504	3.0524588569448584e8	1.2337891730940004e6
0.0041600000000000005	61880.60057943957	3.052458880109602e8	1.3314460714066238e6
0.0044800000000000005	61878.99467358342	3.052458874455801e8	1.429103352533645e6
0.0048000000000000004	61877.39780587375	3.0524588980814666e8	1.5267606573755096e6
0.00512	61875.99228581684	3.052458870617393e8	1.624418128961419e6
0.00544	61874.67048787798	3.0524588726833135e8	1.7220756990201466e6
0.00576	61873.54209659693	3.0524588507939374e8	1.8197334485514287e6
0.00608	61872.48735613515	3.052458823770507e8	1.9173912674854782e6
0.0064	61871.4784821827	3.0524587835503155e8	2.0150491224920987e6
0.00672	61870.629907232054	3.052458756045762e8	2.1127071433370076e6
0.00704	61869.876080745176	3.052458701132227e8	2.210365237750225e6
0.00736	61869.12291196106	3.052458672907111e8	2.308023349426963e6
0.00768	61868.48878004659	3.052458620892218e8	2.4056815596314394e6
0.008	61867.944931545324	3.052458570932806e8	2.503339858118338e6
0.008320000000000001	61867.304193458906	3.052458532850828e8	2.6009980675544585e6
0.008640000000000002	61866.85252036502	3.052458478594161e8	2.6986564484199453e6
0.008960000000000003	61866.3664590468	3.0524584359871274e8	2.796314802460041e6
0.009280000000000004	61865.99225163461	3.052458373363661e8	2.893973246325018e6
0.009600000000000004	61865.61470521316	3.05245831563779e8	2.991631687816323e6
0.009920000000000005	61865.292279567184	3.052458260480452e8	3.089290182976764e6
0.010240000000000006	61864.949008078096	3.052458206799578e8	3.186948655693005e6
0.010560000000000007	61864.68024378068	3.052458157792375e8	3.2846072038491564e6
0.010880000000000008	61864.44120269387	3.052458094183333e8	3.382265762553877e6
0.011200000000000009	61864.21055416914	3.0524580403144175e8	3.4799243365481123e6
0.01152000000000001	61864.02676798665	3.0524579811652815e8	3.5775829474820266e6
0.01184000000000001	61863.87682407428	3.0524579174429315e8	3.6752415827749115e6
0.012160000000000011	61863.71253322744	3.0524578626953024e8	3.7729002108263145e6
0.012480000000000012	61863.60014705275	3.052457797210881e8	3.870558873336401e6
0.012800000000000013	61863.491935487225	3.052457734920945e8	3.9682175399375265e6
0.013120000000000014	61863.380045557926	3.052457677089205e8	4.0658762048404007e6
0.013440000000000014	61863.35233826955	3.0524576087901455e8	4.163534935096803e6
0.013760000000000015	61863.27990655787	3.052457550960354e8	4.261193631296495e6
0.014080000000000016	61863.25151813983	3.0524574866837585e8	4.358852358187501e6
0.014400000000000017	61863.22647561875	3.052457422141998e8	4.456511083898852e6
0.014720000000000018	61863.24602183745	3.052457357165765e8	4.554169848788408e6
0.015040000000000019	61863.22501369452	3.05245729674934e8	4.651828576420502e6
0.01536000000000002	61863.261717435766	3.052457228915384e8	4.749487345631491e6
0.01568000000000002	61863.289711582096	3.052457167527559e8	4.847146112012123e6
0.01600000000000002	61863.33781301111	3.052457098340312e8	4.94480488175251e6
0.016320000000000022	61863.41392430508	3.052457029391031e8	5.04246367497523e6
0.016640000000000023	61863.474874769505	3.0524569632957774e8	5.140122453577033e6
0.016960000000000024	61863.537462015665	3.052456902025156e8	5.237781237701332e6
0.017280000000000025	61863.6243466601	3.052456837545509e8	5.335440036196596e6
0.017600000000000025	61863.723172988924	3.0524567694196504e8	5.433098835823736e6
0.017920000000000026	61863.80562118756	3.052456706760674e8	5.530757624739592e6
0.018240000000000027	61863.922961305616	3.052456642050768e8	5.628416440107101e6
0.018560000000000028	61864.05038896568	3.052456572556653e8	5.726075252278903e6
0.01888000000000003	61864.18073433315	3.052456503453373e8	5.8237340635220455e6
0.01920000000000003	61864.30183982376	3.0524564414790815e8	5.921392874884345e6
0.01952000000000003	61864.461299110095	3.052456368916452e8	6.019051699139475e6
0.01984000000000003	61864.590601925964	3.052456308542945e8	6.116710513273596e6
0.020160000000000032	61864.74125409414	3.0524562414915895e8	6.2143693309174655e6
0.020480000000000033	61864.90788274601	3.0524561729312646e8	6.312028156732547e6
0.020800000000000034	61865.079980554176	3.052456104609856e8	6.409686983905469e6
0.021120000000000035	61865.25804300561	3.0524560356994504e8	6.507345811190387e6
0.021440000000000035	61865.4202991965	3.0524559708418936e8	6.605004627173012e6
0.021760000000000036	61865.60238252066	3.052455904280344e8	6.702663454588718e6
0.022080000000000037	61865.79387052075	3.052455834551971e8	6.800322279832623e6
0.022400000000000038	61865.97937945625	3.0524557670521486e8	6.897981099638181e6
0.02272000000000004	61866.17835117684	3.0524557010923135e8	6.995639931660786e6
0.02304000000000004	61866.36779274561	3.052455634451209e8	7.093298748454398e6
0.02336000000000004	61866.592429418524	3.0524555636575896e8	7.190957585534409e6
0.02368000000000004	61866.786150379834	3.052455499651601e8	7.288616403829343e6
0.024000000000000042	61867.01119844416	3.0524554266143715e8	7.386275226804186e6
0.024320000000000043	61867.21788958427	3.052455361781938e8	7.483934047004197e6
0.024640000000000044	61867.441980268784	3.052455291595573e8	7.58159286670138e6
0.024960000000000045	61867.66557500087	3.05245522445152e8	7.679251688873257e6
0.025280000000000045	61867.892369689805	3.0524551553976077e8	7.77691050489575e6
0.025600000000000046	61868.129619497704	3.0524550862058157e8	7.874569326188141e6
0.025920000000000047	61868.355060746275	3.052455020182175e8	7.972228139609784e6
0.026240000000000048	61868.59483533756	3.052454950432398e8	8.069886952841484e6
0.02656000000000005	61868.83659266108	3.052454881135927e8	8.167545764589797e6
0.02688000000000005	61869.07928514816	3.0524548121795076e8	8.265204573572495e6
0.02720000000000005	61869.322848844626	3.052454744708376e8	8.362863382874154e6
0.02752000000000005	61869.57029503404	3.052454675143037e8	8.460522185714168e6
0.027840000000000052	61869.81880713842	3.0524546072265893e8	8.558180989570389e6
0.028160000000000053	61870.07462456784	3.052454537663179e8	8.655839791382669e6
0.028480000000000054	61870.329591961265	3.052454468948463e8	8.753498590170423e6
0.028800000000000055	61870.58755288999	3.0524543996851003e8	8.851157385724474e6
0.029120000000000056	61870.84991281639	3.0524543297834367e8	8.948816179092739e6
0.029440000000000056	61871.10854900543	3.052454262479458e8	9.046474971852865e6
0.029760000000000057	61871.37617559627	3.0524541926566726e8	9.144133761366885e6
0.030080000000000058	61871.638673066016	3.0524541241684204e8	9.241792545280408e6
0.03040000000000006	61871.91232741423	3.052454053876335e8	9.339451329976736e6
0.03072000000000006	61872.178077175464	3.0524539856513894e8	9.43711010868773e6
0.03104000000000006	61872.45439578042	3.0524539157563156e8	9.534768887918958e6
0.03136000000000006	61872.730248143416	3.052453845817464e8	9.632427661911147e6
0.03168000000000006	61873.006852585924	3.0524537761399466e8	9.730086432806864e6
0.03200000000000006	61873.283355040934	3.052453707141821e8	9.827745201141525e6
0.032320000000000064	61873.562849915295	3.0524536374303734e8	9.925403965473592e6
0.032640000000000065	61873.84431625424	3.0524535676839596e8	1.0023062726958236e7
0.032960000000000066	61874.12582828507	3.0524534984116226e8	1.0120721485405713e7
0.033280000000000066	61874.41345948095	3.052453427960828e8	1.0218380241233205e7
0.03360000000000007	61874.69840618648	3.0524533585722536e8	1.0316038993342532e7
0.03392000000000007	61874.9860633541	3.0524532887438095e8	1.0413697741955107e7
0.03424000000000007	61875.27552315499	3.052453218799282e8	1.0511356487258004e7
0.03456000000000007	61875.56479435262	3.0524531488064617e8	1.0609015227550212e7
0.03488000000000007	61875.85930443438	3.052453078294688e8	1.0706673966423789e7
0.03520000000000007	61876.15066159469	3.052453008991576e8	1.0804332701808676e7
0.03552000000000007	61876.44577813621	3.0524529381999236e8	1.0901991430910248e7
0.03584000000000007	61876.74141105033	3.0524528681015563e8	1.0999650158274878e7
0.036160000000000074	61877.03801461433	3.052452797744992e8	1.1097308880965918e7
0.036480000000000075	61877.33549858975	3.052452727880337e8	1.1194967601607095e7
0.036800000000000076	61877.634338084215	3.0524526572681993e8	1.129262631614144e7
0.03712000000000008	61877.934147778295	3.052452587175561e8	1.1390285028827919e7
0.03744000000000008	61878.23671031337	3.0524525164106584e8	1.1487943736969408e7
0.03776000000000008	61878.53826170376	3.052452445928536e8	1.158560244048312e7
0.03808000000000008	61878.84311291903	3.052452375199546e8	1.1683261141527073e7
0.03840000000000008	61879.14610886482	3.0524523051191545e8	1.1780919838555861e7
0.03872000000000008	61879.45088000448	3.052452234565976e8	1.1878578530781416e7
0.03904000000000008	61879.7597900304	3.052452163081499e8	1.1976237218638023e7
0.03936000000000008	61880.067164199565	3.052452092332891e8	1.2073895903142901e7
0.03968000000000008	61880.3759486099	3.0524520213361907e8	1.2171554583292998e7
0.040000000000000084	61880.6840842178	3.0524519507024276e8	1.2269213259530585e7
0.040320000000000085	61880.994258235856	3.052451879869197e8	1.2366871932202373e7
0.040640000000000086	61881.30506201094	3.052451808918067e8	1.2464530600267341e7
0.04096000000000009	61881.61655385618	3.052451737943276e8	1.2562189264155496e7
0.04128000000000009	61881.93003807659	3.0524516667064476e8	1.2659847924130348e7
0.04160000000000009	61882.24241152903	3.0524515957343614e8	1.275750657938218e7
0.04192000000000009	61882.55722031457	3.052451524585936e8	1.285516523148591e7
0.04224000000000009	61882.871934066075	3.0524514531537837e8	1.295282387754518e7
0.04256000000000009	61883.186893459766	3.0524513821008897e8	1.3050482520680688e7
0.04288000000000009	61883.5031956749	3.0524513107744485e8	1.3148141159179509e7
0.04320000000000009	61883.821170343945	3.0524512392221004e8	1.3245799793535288e7
0.04352000000000009	61884.138582819614	3.052451167918398e8	1.3343458423652591e7
0.043840000000000094	61884.45683894399	3.052451096451746e8	1.344111704909561e7
0.044160000000000095	61884.77662602048	3.0524510247882915e8	1.353877567035534e7
0.044480000000000096	61885.095713564544	3.05245095329481e8	1.363643428691157e7
0.0448000000000001	61885.41679309221	3.052450881608274e8	1.3734092899725858e7
0.0451200000000001	61885.737284514704	3.0524508099671596e8	1.3831751507390091e7
0.0454400000000001	61886.05927496462	3.0524507382235295e8	1.3929410111229258e7
0.0457600000000001	61886.38171111046	3.0524506664514726e8	1.4027068710565979e7
0.0460800000000001	61886.704085499994	3.052450594728512e8	1.4124727305270255e7
0.0464000000000001	61887.027569092315	3.052450522820337e8	1.422238589537628e7
0.0467200000000001	61887.351602791314	3.0524504509969664e8	1.4320044481593767e7
0.0470400000000001	61887.67626932818	3.0524503789497733e8	1.4417703062557384e7
0.0473600000000001	61888.000927447814	3.05245030717896e8	1.451536164000311e7
0.047680000000000104	61888.32690609428	3.052450235015753e8	1.4613020212034354e7
0.048000000000000105	61888.65296963377	3.0524501630409384e8	1.4710678780223627e7
0.048320000000000106	61888.97942026382	3.052450090992894e8	1.4808337343612373e7
0.04864000000000011	61889.306352138585	3.0524500190306425e8	1.4905995903056247e7
0.04896000000000011	61889.633581420705	3.0524499469524723e8	1.500365445740061e7
0.04928000000000011	61889.96120604144	3.0524498749129623e8	1.510131300748892e7
0.04960000000000011	61890.289497336686	3.0524498027925164e8	1.5198971552989183e7
0.04992000000000011	61890.61798205576	3.052449730713886e8	1.5296630094056144e7
0.05024000000000011	61890.946964668685	3.0524496586454064e8	1.5394288630823718e7
0.05056000000000011	61891.276680045274	3.0524495864311945e8	1.5491947162727255e7
0.05088000000000011	61891.60634286587	3.052449514268308e8	1.5589605690009328e7
0.051200000000000113	61891.93671695117	3.052449442016644e8	1.5687264212682294e7
0.051520000000000114	61892.26750466135	3.052449369688685e8	1.5784922730518961e7
0.051840000000000115	61892.5985187723	3.052449297436364e8	1.5882581244121706e7
0.052160000000000116	61892.92997048018	3.0524492251034427e8	1.5980239752882812e7
0.05248000000000012	61893.26200324548	3.052449152722111e8	1.6077898257098988e7
0.05280000000000012	61893.594281037054	3.052449080305867e8	1.6175556756518012e7
0.05312000000000012	61893.92666266578	3.052449007933681e8	1.6273215251422096e7
0.05344000000000012	61894.25968796648	3.052448935464374e8	1.6370873741571892e7
0.05376000000000012	61894.593128120854	3.052448862917079e8	1.6468532226843804e7
0.05408000000000012	61894.926807434465	3.0524487904045236e8	1.656619070767339e7
0.05440000000000012	61895.26090801094	3.052448717811341e8	1.666384918360835e7
0.05472000000000012	61895.59528532672	3.0524486452057904e8	1.6761507654877435e7
0.055040000000000124	61895.930012009405	3.052448572561333e8	1.685916612140176e7
0.055360000000000124	61896.26487808907	3.0524484999319685e8	1.6956824583277855e7
0.055680000000000125	61896.59983872577	3.052448427337718e8	1.7054483040576156e7
0.056000000000000126	61896.93478923754	3.052448354776322e8	1.7152141493188486e7
0.05632000000000013	61897.26960206506	3.0524482822655785e8	1.724979994109785e7
0.05664000000000013	61897.60423749398	3.0524482098269045e8	1.7347458384393107e7
0.05696000000000013	61897.938910919125	3.052448137421034e8	1.74451168230608e7
0.05728000000000013	61898.273561945774	3.0524480650218326e8	1.7542775256897412e7
0.05760000000000013	61898.609525606276	3.0524479926745445e8	1.7640433687422346e7
0.05792000000000013	61898.94986062985	3.0524479201923144e8	1.7738092116438627e7
0.05824000000000013	61899.291003178696	3.0524478475037205e8	1.7835750540156864e7
0.05856000000000013	61899.632948748185	3.0524477746171564e8	1.7933408958601374e7
0.058880000000000134	61899.97534190608	3.0524477016084343e8	1.8031067371864278e7
0.059200000000000134	61900.31816400909	3.0524476285031044e8	1.812872578006712e7
0.059520000000000135	61900.66119893598	3.052447555389613e8	1.822638418352339e7
0.059840000000000136	61901.004500121155	3.0524474822067434e8	1.8324042581916027e7
0.06016000000000014	61901.34825750346	3.052447408919773e8	1.8421700975207727e7
0.06048000000000014	61901.692191600996	3.0524473355936676e8	1.85193593635184e7
0.06080000000000014	61902.03658530119	3.052447262151773e8	1.8617017746643737e7
0.06112000000000014	61902.381128182846	3.052447188700338e8	1.8714676124930136e7
0.06144000000000014	61902.726152237745	3.0524471151401365e8	1.8812334498078488e7
0.06176000000000014	61903.07133646088	3.0524470415349483e8	1.8909992866170604e7
0.06208000000000014	61903.41684727208	3.0524469678718865e8	1.9007651229278106e7
0.06240000000000014	61903.762674503516	3.0524468941146725e8	1.9105309587159213e7
0.06272000000000014	61904.10876257552	3.052446820314472e8	1.9202967940073393e7
0.06304000000000014	61904.45498463812	3.0524467464952797e8	1.9300626288048692e7
0.06336000000000014	61904.80160690514	3.0524466725728357e8	1.9398284630798623e7
0.06368000000000014	61905.14839508689	3.0524465986414343e8	1.9495942968693983e7
0.06400000000000014	61905.49553878342	3.052446524587445e8	1.959360130118399e7
0.06432000000000014	61905.842750701115	3.052446450555175e8	1.9691259628915906e7
0.06464000000000014	61906.1904459551	3.0524463763979155e8	1.9788917951331697e7
0.06496000000000014	61906.538179731055	3.052446302250136e8	1.9886576268876504e7
0.06528000000000014	61906.88616551528	3.052446228040884e8	1.9984234581287567e7
0.06560000000000014	61907.233984187544	3.0524461538577497e8	2.008189288874171e7
0.06592000000000015	61907.5820220584	3.052446079618197e8	2.0179551191058364e7
0.06624000000000015	61907.93035041459	3.052446005342632e8	2.027720948843364e7
0.06656000000000015	61908.278950366366	3.052445930975658e8	2.0374867780477457e7
0.06688000000000015	61908.62792565491	3.052445856540499e8	2.0472526067432888e7
0.06720000000000015	61908.977123852615	3.052445782051404e8	2.057018434924661e7
0.06752000000000015	61909.32649486859	3.052445707533592e8	2.0667842626036793e7
0.06784000000000015	61909.67612087312	3.052445632929394e8	2.076550089748589e7
0.06816000000000015	61910.02618924175	3.052445558247695e8	2.086315916382052e7
0.06848000000000015	61910.37648076215	3.052445483503828e8	2.096081742493362e7
0.06880000000000015	61910.726995060264	3.0524454087259394e8	2.1058475681012306e7
0.06912000000000015	61911.07780058258	3.0524453338656664e8	2.115613393178254e7
0.06944000000000015	61911.428875049176	3.0524452589652646e8	2.1253792177508812e7
0.06976000000000016	61911.780185181495	3.052445183982976e8	2.135145041786475e7
0.07008000000000016	61912.13181720573	3.052445108945836e8	2.144910865311192e7
0.07040000000000016	61912.48367107636	3.052445033868652e8	2.1546766883255992e7
0.07072000000000016	61912.835802063695	3.052444958732188e8	2.1644425108208224e7
0.07104000000000016	61913.18817213307	3.052444883536251e8	2.174208332792596e7
0.07136000000000016	61913.54087777302	3.0524448082288617e8	2.183974154212194e7
0.07168000000000016	61913.89376015046	3.052444732919825e8	2.193739975142478e7
0.07200000000000016	61914.246967223975	3.052444657552926e8	2.20350579555667e7
0.07232000000000016	61914.60034233526	3.052444582100964e8	2.21327161541998e7
0.07264000000000016	61914.95421337501	3.052444506574093e8	2.2230374347693577e7
0.07296000000000016	61915.30799137456	3.052444431058975e8	2.2328032536126655e7
0.07328000000000016	61915.66224566158	3.052444355431936e8	2.2425690719121575e7
0.07360000000000017	61916.01695057545	3.0524442797099805e8	2.2523348896768518e7
0.07392000000000017	61916.37156570577	3.0524442040271294e8	2.262100706954816e7
0.07424000000000017	61916.72650699637	3.052444128254577e8	2.2718665236893144e7
0.07456000000000017	61917.081919271935	3.0524440523516124e8	2.2816323398625042e7
0.07488000000000017	61917.437340065204	3.0524439764875686e8	2.2913981555571005e7
0.07520000000000017	61917.79324429127	3.052443900529219e8	2.30116397071721e7
0.07552000000000017	61918.149222025866	3.0524438245188266e8	2.310929785335901e7
0.07584000000000017	61918.50556734799	3.0524437484490246e8	2.3206955994342573e7
0.07616000000000017	61918.8621517574	3.052443672297257e8	2.3304614129826244e7
0.07648000000000017	61919.21912795633	3.052443596092268e8	2.340227226016277e7
0.07680000000000017	61919.57617632337	3.0524435198575664e8	2.3499930385232147e7
0.07712000000000017	61919.9334684311	3.052443443581869e8	2.3597588505102772e7
0.07744000000000018	61920.29120717686	3.0524433672067934e8	2.3695246619505554e7
0.07776000000000018	61920.64916426941	3.0524432907566327e8	2.3792904728408888e7
0.07808000000000018	61921.00725821359	3.052443214308619e8	2.3890562832333244e7
0.07840000000000018	61921.36573124224	3.052443137760536e8	2.398822093070057e7
0.07872000000000018	61921.724425109234	3.0524430611712384e8	2.4085879023818407e7
0.07904000000000018	61922.083290216244	3.0524429845578444e8	2.4183537111772217e7
0.07936000000000018	61922.442594356595	3.05244290781988e8	2.4281195194008693e7
0.07968000000000018	61922.80189126794	3.052442831091983e8	2.4378853271177545e7
0.08000000000000018	61923.161657208184	3.052442754255036e8	2.4476511342764974e7
0.08032000000000018	61923.5217126111	3.052442677380484e8	2.4574169409168754e7
0.08064000000000018	61923.881898197746	3.052442600453133e8	2.4671827470116045e7
0.08096000000000018	61924.242386696285	3.052442523456963e8	2.4769485525630694e7
0.08128000000000019	61924.603241930155	3.0524424464059854e8	2.4867143575878333e7
0.08160000000000019	61924.9642442013	3.0524423693084174e8	2.4964801620718617e7
0.08192000000000019	61925.3256178296	3.052442292141376e8	2.5062459660165425e7
0.08224000000000019	61925.68720155765	3.0524422149279267e8	2.516011769425343e7
0.08256000000000019	61926.048813711095	3.0524421377028435e8	2.5257775723098386e7
0.08288000000000019	61926.411100158206	3.0524420603128743e8	2.5355433746021338e7
0.08320000000000019	61926.773220573275	3.0524419829750794e8	2.5453091764041338e7
0.08352000000000019	61927.13601390077	3.052441905489034e8	2.555074977625849e7
0.08384000000000019	61927.498749633036	3.052441828031042e8	2.5648407783466782e7
0.08416000000000019	61927.86199905748	3.052441750440375e8	2.5746065784839474e7
0.0844800000000002	61928.225432931744	3.0524416728050375e8	2.5843723780805375e7
0.0848000000000002	61928.58894367768	3.052441595168402e8	2.5941381771629363e7
0.0851200000000002	61928.952871411006	3.0524415174303174e8	2.6039039756769918e7
0.0854400000000002	61929.31730380154	3.052441439591813e8	2.6136697736305874e7
0.0857600000000002	61929.68157425	3.052441361784174e8	2.6234355710743576e7
0.0860800000000002	61930.04627187325	3.052441283884734e8	2.633201367956864e7
0.0864000000000002	61930.41139336233	3.052441205899917e8	2.642967164282432e7
0.0867200000000002	61930.77660531809	3.052441127884097e8	2.6527329600669056e7
0.0870400000000002	61931.14208074739	3.052441049825772e8	2.662498755315762e7
0.0873600000000002	61931.50782776664	3.052440971689311e8	2.6722645499981817e7
0.0876800000000002	61931.873968033666	3.052440893470374e8	2.6820303441206813e7
0.0880000000000002	61932.24020680415	3.0524408152419573e8	2.691796137719789e7
0.0883200000000002	61932.60698055595	3.052440736903176e8	2.701561930746094e7
0.0886400000000002	61932.97365526544	3.0524406585442245e8	2.711327723220653e7
0.0889600000000002	61933.34070834661	3.0524405801690745e8	2.721093515190308e7
0.0892800000000002	61933.70806696917	3.0524405016900593e8	2.7308593065699663e7
0.08960000000000021	61934.075795454875	3.0524404231260365e8	2.740625097381353e7
0.08992000000000021	61934.44373603174	3.0524403445398337e8	2.7503908876657538e7
0.09024000000000021	61934.811786877144	3.05244026590164e8	2.7601566773867693e7
0.09056000000000021	61935.18028227745	3.052440187166676e8	2.76992246653374e7
0.09088000000000021	61935.54897090455	3.0524401084189343e8	2.779688255159177e7
0.09120000000000021	61935.91797135732	3.0524400295674187e8	2.7894540431907292e7
0.09152000000000021	61936.28723336074	3.052439950684712e8	2.799219830689231e7
0.09184000000000021	61936.6567436246	3.0524398717334515e8	2.8089856176188372e7
0.09216000000000021	61937.02668113637	3.0524397927059394e8	2.8187514039880205e7
0.09248000000000021	61937.396448431995	3.052439713700781e8	2.828517189832977e7
0.09280000000000022	61937.76687237665	3.052439634559734e8	2.8382829750821017e7
0.09312000000000022	61938.137565168894	3.052439555360453e8	2.848048759771171e7
0.09344000000000022	61938.50848132193	3.052439476109603e8	2.8578145439017024e7
0.09376000000000022	61938.87954689665	3.052439396813906e8	2.8675803274727825e7
0.09408000000000022	61939.2509029459	3.052439317499796e8	2.8773461105216146e7
0.09440000000000022	61939.62260907536	3.052439238066477e8	2.887111892958239e7
0.09472000000000022	61939.99459053195	3.052439158597405e8	2.8968776748537604e7
0.09504000000000022	61940.366841969386	3.052439079042463e8	2.9066434561596945e7
0.09536000000000022	61940.73907424502	3.0524389995330846e8	2.916409236974369e7
0.09568000000000022	61941.11155628603	3.052438919941169e8	2.9261750171999753e7
0.09600000000000022	61941.4843092849	3.0524388403302854e8	2.93594079689864e7
0.09632000000000022	61941.85737609751	3.0524387606384015e8	2.9457065760142785e7
0.09664000000000023	61942.230748236776	3.052438680891517e8	2.9554723545704413e7
0.09696000000000023	61942.6042124612	3.052438601123849e8	2.9652381325804934e7
0.09728000000000023	61942.978000051036	3.052438521249985e8	2.975003909982013e7
0.09760000000000023	61943.35240256031	3.0524384412623096e8	2.984769686792828e7
0.09792000000000023	61943.72665449735	3.052438361305186e8	2.9945354630840942e7
0.09824000000000023	61944.10133934974	3.0524382812915486e8	3.0043012388232015e7
0.09856000000000023	61944.47632267149	3.052438201160887e8	3.014067013937808e7
0.09888000000000023	61944.85149570204	3.052438121009373e8	3.023832788512056e7
0.09920000000000023	61945.2269674773	3.0524380407790875e8	3.0335985624980923e7
0.09952000000000023	61945.60275085411	3.0524379605142593e8	3.043364335940307e7
0.09984000000000023	61945.9789173351	3.052437880146867e8	3.053130108776862e7
0.10016000000000023	61946.35496531843	3.0524377998040915e8	3.0628958810889844e7
0.10048000000000024	61946.73160464107	3.052437719329997e8	3.0726616527840886e7
0.10080000000000024	61947.10860535359	3.05243763879245e8	3.08242742390859e7
0.10112000000000024	61947.4858089473	3.0524375581880397e8	3.0921931944441475e7
0.10144000000000024	61947.86330203515	3.052437477541379e8	3.1019589644228496e7
0.10176000000000024	61948.24089637447	3.0524373968484855e8	3.111724733823302e7
0.10208000000000024	61948.618753245115	3.052437316084891e8	3.1214905026345555e7
0.10240000000000024	61948.997115485785	3.0524372352673084e8	3.1312562708948173e7
0.10272000000000024	61949.37575673367	3.052437154346157e8	3.1410220385322798e7
0.10304000000000024	61949.75441216867	3.052437073409356e8	3.150787805612762e7
0.10336000000000024	61950.1336380586	3.052436992389356e8	3.1605535721161686e7
0.10368000000000024	61950.513072476795	3.0524369112874025e8	3.1703193380104985e7
0.10400000000000025	61950.89261950645	3.05243683022671e8	3.1800851034144934e7
0.10432000000000025	61951.27266639652	3.052436748960969e8	3.189850868106274e7
0.10464000000000025	61951.65275013645	3.0524366677582437e8	3.19961663232287e7
0.10496000000000025	61952.03325415904	3.052436586446754e8	3.2093823959189005e7
0.10528000000000025	61952.41411430183	3.052436505050157e8	3.219148158912447e7
0.10560000000000025	61952.79532806977	3.052436423577319e8	3.2289139213117987e7
0.10592000000000025	61953.17657358311	3.052436342107901e8	3.2386796831717875e7
0.10624000000000025	61953.55831298768	3.052436260512647e8	3.2484454443964254e7
0.10656000000000025	61953.940288474296	3.052436178873543e8	3.2582112050487887e7
0.10688000000000025	61954.32250080618	3.052436097205604e8	3.267976965144549e7
0.10720000000000025	61954.705034846906	3.052436015422712e8	3.277742724598666e7
0.10752000000000025	61955.08788828017	3.0524359336187184e8	3.287508483510707e7
0.10784000000000026	61955.47094786519	3.052435851722022e8	3.2972742417931214e7
0.10816000000000026	61955.85441015662	3.0524357697766334e8	3.3070399995101295e7
0.10848000000000026	61956.23800251005	3.0524356877734876e8	3.316805756627087e7
0.10880000000000026	61956.62180962691	3.052435605743472e8	3.326571513184579e7
0.10912000000000026	61957.00605488536	3.0524355236179125e8	3.3363372691272918e7
0.10944000000000026	61957.39056960556	3.052435441408289e8	3.346103024451806e7
0.10976000000000026	61957.77536464751	3.052435359152636e8	3.355868779200003e7
0.11008000000000026	61958.16039111248	3.0524352768258333e8	3.365634533339411e7
0.11040000000000026	61958.54573494252	3.0524351944593215e8	3.375400286911679e7
0.11072000000000026	61958.93157412915	3.05243511198296e8	3.385166039854565e7
0.11104000000000026	61959.31732835639	3.0524350295201385e8	3.3949317922523916e7
0.11136000000000026	61959.70355273502	3.0524349469486535e8	3.404697544018538e7
0.11168000000000027	61960.09017071108	3.052434864314814e8	3.414463295196837e7
0.11200000000000027	61960.47693652557	3.052434781633457e8	3.424229045781444e7
0.11232000000000027	61960.863997502645	3.0524346988666457e8	3.433994795742355e7
0.11264000000000027	61961.25138006952	3.052434616064449e8	3.443760545137466e7
0.11296000000000027	61961.63911922784	3.0524345331357896e8	3.453526293866628e7
0.11328000000000027	61962.02698001075	3.0524344502537155e8	3.463292042103788e7
0.11360000000000027	61962.41542466908	3.052434367180108e8	3.473057789619853e7
0.11392000000000027	61962.80398870644	3.052434284109112e8	3.48282353659294e7
0.11424000000000027	61963.19280241498	3.0524342009495527e8	3.492589282930444e7
0.11456000000000027	61963.58191926159	3.052434117759236e8	3.502355028702448e7
0.11488000000000027	61963.97135487415	3.0524340344722253e8	3.5121207738342635e7
0.11520000000000027	61964.36116300449	3.0524339511431205e8	3.521886518392585e7
0.11552000000000028	61964.75123347267	3.0524338677353334e8	3.5316522623249635e7
0.11584000000000028	61965.14139403472	3.0524337843365484e8	3.5414180057169616e7
0.11616000000000028	61965.53197209261	3.052433700771184e8	3.551183748393637e7
0.11648000000000028	61965.922807790266	3.052433617211617e8	3.560949490540014e7
0.11680000000000028	61966.31428081145	3.0524335335104036e8	3.570715232017441e7
0.11712000000000028	61966.705586836	3.052433449813169e8	3.5804809729240425e7
0.11744000000000028	61967.0974636495	3.052433366033348e8	3.590246713223324e7
0.11776000000000028	61967.48946934618	3.0524332822129536e8	3.6000124529249266e7
0.11808000000000028	61967.881865600786	3.052433198254133e8	3.6097781919359796e7
0.11840000000000028	61968.2745746478	3.052433114298846e8	3.619543930416343e7
0.11872000000000028	61968.66743231045	3.052433030258954e8	3.629309668246914e7
0.11904000000000028	61969.060428758945	3.0524329462340504e8	3.6390754055445544e7
0.11936000000000029	61969.45425520109	3.0524328620342726e8	3.648841142143647e7
0.11968000000000029	61969.84800548462	3.0524327778074205e8	3.658606878139549e7
0.12000000000000029	61970.2421585171	3.0524326935141885e8	3.668372613526984e7
0.12032000000000029	61970.63669590079	3.052432609110391e8	3.6781383482504964e7
0.12064000000000029	61971.031444410415	3.052432524657943e8	3.687904082368447e7
0.12096000000000029	61971.42632854945	3.0524324402300024e8	3.697669815962205e7
0.12128000000000029	61971.821824648614	3.052432355653888e8	3.70743554886442e7
0.12160000000000029	61972.21746553588	3.052432271019019e8	3.717201281141309e7
0.12192000000000029	61972.613205285124	3.0524321863522106e8	3.726967012820954e7
0.12224000000000029	61973.00967260241	3.052432101557975e8	3.7367327438415e7
0.1225600000000003	61973.40627667636	3.052432016734994e8	3.746498474270759e7
0.1228800000000003	61973.80290280176	3.0524319318669844e8	3.75626420407837e7
0.1232000000000003	61974.20005375238	3.05243184692704e8	3.766029933274836e7
0.1235200000000003	61974.59749428349	3.052431761910741e8	3.775795661833335e7
0.1238400000000003	61974.99520506835	3.052431676819758e8	3.785561389753485e7
0.1241600000000003	61975.39325713563	3.052431591659512e8	3.795327117047492e7
0.1244800000000003	61975.79159010222	3.0524315064820254e8	3.805092843774131e7
0.1248000000000003	61976.19033360668	3.0524314211573285e8	3.8148585697823524e7
0.1251200000000003	61976.58916195567	3.052431335867834e8	3.824624295270444e7
0.12544000000000027	61976.98848499921	3.052431250446704e8	3.834390020065298e7
0.12576000000000026	61977.38806357558	3.0524311649188143e8	3.844155744175979e7
0.12608000000000025	61977.78787659299	3.052431079390892e8	3.853921467734155e7
0.12640000000000023	61978.18790458733	3.0524309938153297e8	3.863687190677928e7
0.12672000000000022	61978.58834680841	3.0524309081373423e8	3.873452912954797e7
0.1270400000000002	61978.98925795366	3.0524308223997635e8	3.8832186346229285e7
0.1273600000000002	61979.39033064944	3.05243073654043e8	3.892984355575711e7
0.12768000000000018	61979.79162002859	3.052430650651958e8	3.902750075935024e7
0.12800000000000017	61980.19349507249	3.0524305647232556e8	3.912515795718543e7
0.12832000000000016	61980.59532864206	3.052430478707141e8	3.922281514810616e7
0.12864000000000014	61980.99788290369	3.052430392590648e8	3.932047233260138e7
0.12896000000000013	61981.400202981145	3.052430306541967e8	3.941812951199805e7
0.12928000000000012	61981.80330520674	3.05243022027262e8	3.951578668345837e7
0.1296000000000001	61982.20642224917	3.0524301340141267e8	3.961344384929304e7
0.1299200000000001	61982.60982188397	3.052430047663004e8	3.9711101008391604e7
0.13024000000000008	61983.01375458028	3.052429961231944e8	3.9808758161128044e7
0.13056000000000006	61983.417984114334	3.052429874727751e8	3.9906415307377644e7
0.13088000000000005	61983.82209190975	3.052429788236813e8	4.0004072447899945e7
0.13120000000000004	61984.22703899224	3.052429701592782e8	4.0101729581348784e7
0.13152000000000003	61984.63226958442	3.052429614903841e8	4.0199386708648816e7
0.13184	61985.03746274472	3.052429528201302e8	4.029704382992963e7
0.13216	61985.44328940607	3.0524294412913686e8	4.0394700943211004e7
0.13248	61985.849344975526	3.052429354401675e8	4.049235805113714e7
0.13279999999999997	61986.25534757683	3.052429267537689e8	4.059001515353792e7
0.13311999999999996	61986.6622088204	3.052429180446217e8	4.0687672247835614e7
0.13343999999999995	61987.06921645523	3.0524290933461094e8	4.078532933631068e7
0.13375999999999993	61987.476348020304	3.052429006197568e8	4.088298641841036e7
0.13407999999999992	61987.88373502199	3.0524289189980894e8	4.098064349421019e7
0.1343999999999999	61988.29201461582	3.0524288316576374e8	4.107830056304647e7
0.1347199999999999	61988.6999137004	3.052428744297247e8	4.11759576254338e7
0.13503999999999988	61989.10846846053	3.052428656857544e8	4.127361468146512e7
0.13535999999999987	61989.5172883192	3.052428569380058e8	4.13712717313566e7
0.13567999999999986	61989.92655829104	3.052428481752334e8	4.146892877373849e7
0.13599999999999984	61990.33584692455	3.05242839412684e8	4.156658581029672e7
0.13631999999999983	61990.745498936085	3.05242830645864e8	4.166424284071665e7
0.13663999999999982	61991.15563863571	3.052428218667113e8	4.176189986399955e7
0.1369599999999998	61991.56608849011	3.0524281308366394e8	4.185955688113557e7
0.1372799999999998	61991.97696181646	3.0524280428364855e8	4.195721389042371e7
0.13759999999999978	61992.38784898079	3.052427954889733e8	4.205487089456362e7
0.13791999999999977	61992.79904952693	3.0524278668917584e8	4.215252789237568e7
0.13823999999999975	61993.2108496384	3.05242777869177e8	4.225018488201673e7
0.13855999999999974	61993.622952241465	3.052427690473493e8	4.234784186575661e7
0.13887999999999973	61994.03519778686	3.052427602222008e8	4.244549884324868e7
0.1391999999999997	61994.44779960962	3.0524275138973665e8	4.2543155814117156e7
0.1395199999999997	61994.86056703729	3.0524274255273944e8	4.264081277857884e7
0.1398399999999997	61995.27383230889	3.052427337057452e8	4.273846973615091e7
0.14015999999999967	61995.68736550994	3.0524272485344416e8	4.2836126687282994e7
0.14047999999999966	61996.10139388412	3.052427159849595e8	4.293378363063708e7
0.14079999999999965	61996.515508952696	3.0524270712198865e8	4.303144056890119e7
0.14111999999999963	61996.93004895529	3.0524269824612194e8	4.312909749977306e7
0.14143999999999962	61997.345018649976	3.052426893597458e8	4.322675442358154e7
0.1417599999999996	61997.760156090764	3.0524268047218955e8	4.332441134141383e7
0.1420799999999996	61998.175549702275	3.052426715765478e8	4.342206825236339e7
0.14239999999999958	61998.59134100534	3.052426626691001e8	4.351972515601377e7
0.14271999999999957	61999.00754677853	3.052426537625857e8	4.36173820541858e7
0.14303999999999956	61999.424076701674	3.0524264484649533e8	4.371503894529933e7
0.14335999999999954	61999.84078026345	3.0524263591820383e8	4.381269582883957e7
0.14367999999999953	62000.25781421284	3.052426269916886e8	4.391035270693714e7
0.14399999999999952	62000.67521720273	3.052426180523769e8	4.400800957752806e7
0.1443199999999995	62001.093197911476	3.052426091023354e8	4.410566644107648e7
0.1446399999999995	62001.511171968865	3.0524260015171105e8	4.4203323298539385e7
0.14495999999999948	62001.92923313114	3.052425911984348e8	4.4300980149696454e7
0.14527999999999947	62002.34848047441	3.0524258222116286e8	4.439863699238361e7
0.14559999999999945	62002.76733562429	3.052425732514201e8	4.449629382981816e7
0.14591999999999944	62003.18659280671	3.0524256427102107e8	4.459395066003241e7
0.14623999999999943	62003.60625134151	3.052425552810123e8	4.469160748316821e7
0.1465599999999994	62004.02615243992	3.052425462908924e8	4.478926430047256e7
0.1468799999999994	62004.44680641111	3.052425372845468e8	4.488692111001353e7
0.1471999999999994	62004.86736301332	3.05242528275909e8	4.4984577913100794e7
0.14751999999999937	62005.28822619441	3.052425192600992e8	4.50822347093567e7
0.14783999999999936	62005.70979592874	3.0524251023269683e8	4.51798914984614e7
0.14815999999999935	62006.13092163933	3.052425012093681e8	4.527754828174406e7
0.14847999999999933	62006.55327210533	3.0524249216686076e8	4.537520505717754e7
0.14879999999999932	62006.97539748399	3.052424831223567e8	4.547286182606481e7
0.1491199999999993	62007.39835166322	3.0524247406243384e8	4.5570518587299384e7
0.1494399999999993	62007.82116251433	3.0524246500391454e8	4.566817534255276e7
0.14975999999999928	62008.244806865325	3.052424559344232e8	4.576583209080359e7
0.15007999999999927	62008.668084446705	3.052424468620203e8	4.586348883223012e7
0.15039999999999926	62009.09195264364	3.0524243778718585e8	4.596114556771549e7
0.15071999999999924	62009.51651614649	3.052424286884906e8	4.605880229411591e7
0.15103999999999923	62009.94115754393	3.052424195915171e8	4.615645901474761e7
0.15135999999999922	62010.36614739111	3.052424104881836e8	4.6254115728618555e7
0.1516799999999992	62010.791200927386	3.052424013789792e8	4.635177243555489e7
0.1519999999999992	62011.21696976268	3.052423922535343e8	4.644942913452733e7
0.15231999999999918	62011.64281117667	3.0524238313722414e8	4.6547085828839906e7
0.15263999999999917	62012.0694308747	3.052423739968314e8	4.664474251402903e7
0.15295999999999915	62012.4956946437	3.0524236486701417e8	4.674239919441142e7
0.15327999999999914	62012.923036719556	3.052423557111334e8	4.684005586559592e7
0.15359999999999913	62013.35038443231	3.0524234655493724e8	4.6937712530603476e7
0.1539199999999991	62013.77795919457	3.052423373961085e8	4.703536918926447e7
0.1542399999999991	62014.20602751416	3.052423282232411e8	4.713302584004226e7
0.1545599999999991	62014.63414262245	3.052423190462301e8	4.7230682484074585e7
0.15487999999999907	62015.06304614892	3.052423098613645e8	4.732833912140941e7
0.15519999999999906	62015.49180551419	3.052423006733834e8	4.7425995751986116e7
0.15551999999999905	62015.921325022544	3.052422914709794e8	4.752365237480698e7
0.15583999999999903	62016.35074126758	3.052422822670711e8	4.762130899114182e7
0.15615999999999902	62016.78086979052	3.0524227304958725e8	4.771896559979241e7
0.156479999999999	62017.21096565909	3.052422638362374e8	4.781662220288788e7
0.156799999999999	62017.64171117959	3.052422546040538e8	4.79142787974062e7
0.15711999999999898	62018.0727513913	3.052422453717035e8	4.8011935385962434e7
0.15743999999999897	62018.50410764799	3.052422361247083e8	4.81095919662947e7
0.15775999999999896	62018.93581950814	3.052422268726163e8	4.820724853992825e7
0.15807999999999894	62019.367782312154	3.05242217621335e8	4.8304905107703604e7
0.15839999999999893	62019.800143753666	3.0524220835454655e8	4.8402561667160824e7
0.15871999999999892	62020.23330613753	3.052421990700007e8	4.850021821826597e7
0.1590399999999989	62020.66578447425	3.0524218980694467e8	4.859787476599426e7
0.1593599999999989	62021.099493011454	3.052421805043139e8	4.8695531302244924e7
0.15967999999999888	62021.53314038241	3.0524217121636575e8	4.8793187834557466e7
0.15999999999999887	62021.96727061348	3.0524216190779877e8	4.8890844357754774e7
0.16031999999999885	62022.401670350606	3.052421526002994e8	4.898850087511421e7
0.16063999999999884	62022.83649713611	3.0524214328360784e8	4.9086157385120645e7
0.16095999999999883	62023.27170525813	3.052421339539852e8	4.918381388712468e7
0.1612799999999988	62023.70740945888	3.05242124613214e8	4.928147038149726e7
0.1615999999999988	62024.14276736242	3.052421152790415e8	4.93791268703889e7
0.1619199999999988	62024.579105737386	3.0524210593526226e8	4.947678335229423e7
0.16223999999999877	62025.01568088337	3.052420965761024e8	4.957443982564329e7
0.16255999999999876	62025.4524331871	3.052420872138955e8	4.967209629237612e7
0.16287999999999875	62025.889659157016	3.0524207783663386e8	4.976975275078202e7
0.16319999999999873	62026.32719733845	3.0524206846926427e8	4.986740920478228e7
0.16351999999999872	62026.765234586004	3.0524205907407135e8	4.996506564837518e7
0.1638399999999987	62027.20344633031	3.0524204967659456e8	5.0062722085446544e7
0.1641599999999987	62027.641799512545	3.0524204028794336e8	5.016037851779009e7
0.16447999999999868	62028.08106174437	3.052420308693507e8	5.025803493967911e7
0.16479999999999867	62028.520269012624	3.052420214494121e8	5.0355691354991384e7
0.16511999999999866	62028.9597095329	3.052420120347797e8	5.045334776506471e7
0.16543999999999864	62029.39998105953	3.0524200259297967e8	5.055100416503034e7
0.16575999999999863	62029.840011516324	3.05241993163302e8	5.064866056047973e7
0.16607999999999862	62030.28077001493	3.0524198371277297e8	5.0746316946756646e7
0.1663999999999986	62030.72200148749	3.052419742516384e8	5.084397332533264e7
0.1667199999999986	62031.163354499484	3.0524196479111534e8	5.094162969777436e7
0.16703999999999858	62031.60475860288	3.0524195532925487e8	5.103928606369802e7
0.16735999999999857	62032.04698276926	3.05241945844905e8	5.11369424202026e7
0.16767999999999855	62032.48960436161	3.052419363565186e8	5.12345987700081e7
0.16799999999999854	62032.932112994116	3.0524192687105125e8	5.133225511385418e7
0.16831999999999853	62033.37538841364	3.0524191736602765e8	5.142991144869236e7
0.1686399999999985	62033.818988906314	3.052419078556942e8	5.152756777653843e7
0.1689599999999985	62034.262771106456	3.0524189833690524e8	5.162522409673636e7
0.1692799999999985	62034.70687639778	3.052418888150935e8	5.172288041031493e7
0.16959999999999847	62035.15126427099	3.052418792951427e8	5.182053671806559e7
0.16991999999999846	62035.59694310019	3.0524186973070335e8	5.191819301295117e7
0.17023999999999845	62036.041441055095	3.052418601975991e8	5.2015849305784926e7
0.17055999999999844	62036.48766380545	3.0524185063220435e8	5.211350558815616e7
0.17087999999999842	62036.93338812783	3.052418410789692e8	5.221116186578453e7
0.1711999999999984	62037.37980142474	3.052418314993109e8	5.230881813306096e7
0.1715199999999984	62037.82594527372	3.052418219370081e8	5.240647439667428e7
0.17183999999999838	62038.273622519184	3.0524181233275115e8	5.2504130647942685e7
0.17215999999999837	62038.72091526544	3.052418027482138e8	5.260178689585449e7
0.17247999999999836	62039.16873942767	3.0524179313917154e8	5.269944313355906e7
0.17279999999999834	62039.61670702734	3.052417835282256e8	5.279709936461694e7
0.17311999999999833	62040.06532651196	3.052417739085509e8	5.289475558826501e7
0.17343999999999832	62040.51455240074	3.052417642743161e8	5.29924118034453e7
0.1737599999999983	62040.96347748671	3.0524175465367377e8	5.3090068014285475e7
0.1740799999999983	62041.41315281191	3.0524174500424886e8	5.318772421429029e7
0.17439999999999828	62041.86301186122	3.052417353587443e8	5.328538040866707e7
0.17471999999999827	62042.31320005438	3.0524172570233816e8	5.338303659494974e7
0.17503999999999825	62042.76391471295	3.052417160392005e8	5.34806927740202e7
0.17535999999999824	62043.214918869395	3.052417063580518e8	5.357834894369812e7
0.17567999999999823	62043.66648218794	3.052416966779789e8	5.367600510754139e7
0.1759999999999982	62044.118308290985	3.0524168698232275e8	5.377366126237429e7
0.1763199999999982	62044.57032657999	3.052416772875332e8	5.387131741102391e7
0.1766399999999982	62045.02295180927	3.0524166757924014e8	5.396897355129403e7
0.17695999999999817	62045.475653995214	3.052416578730332e8	5.406662968549367e7
0.17727999999999816	62045.92859846525	3.0524164815306467e8	5.416428581095127e7
0.17759999999999815	62046.38241176899	3.052416384202239e8	5.426194192832664e7
0.17791999999999814	62046.83666159319	3.0524162867668504e8	5.435959803763799e7
0.17823999999999812	62047.29059348762	3.0524161894051206e8	5.44572541414744e7
0.1785599999999981	62047.74543429366	3.052416091810233e8	5.4554910235372484e7
0.1788799999999981	62048.200374106025	3.052415994289749e8	5.465256632414564e7
0.17919999999999808	62048.65579793743	3.052415896554621e8	5.475022240293717e7
0.17951999999999807	62049.11177260588	3.0524157987246436e8	5.48478784739314e7
0.17983999999999806	62049.56793500083	3.052415700845054e8	5.4945534537634425e7
0.18015999999999804	62050.024543680884	3.052415602897737e8	5.504319059392692e7
0.18047999999999803	62050.481663874845	3.052415504830341e8	5.514084664191057e7
0.18079999999999802	62050.93860086954	3.0524154067762136e8	5.523850268341517e7
0.181119999999998	62051.3964709793	3.052415308608071e8	5.533615871705093e7
0.181439999999998	62051.85468761706	3.052415210254224e8	5.543381474102512e7
0.18175999999999798	62052.312778488944	3.052415111981107e8	5.5531470759775855e7
0.18207999999999797	62052.771481404285	3.0524150135383004e8	5.562912676935483e7
0.18239999999999795	62053.23048802615	3.052414915082049e8	5.572678277234296e7
0.18271999999999794	62053.69047298185	3.0524148163873214e8	5.582443876517826e7
0.18303999999999793	62054.15027718138	3.05241471768038e8	5.592209475103149e7
0.1833599999999979	62054.610019696396	3.052414619098983e8	5.60197507325248e7
0.1836799999999979	62055.070847593044	3.0524145202576894e8	5.61174067035269e7
0.1839999999999979	62055.53211605342	3.052414421208153e8	5.6215062664436065e7
0.18431999999999787	62055.9930145622	3.0524143222514546e8	5.631271862012028e7
0.18463999999999786	62056.455003050774	3.05241422316895e8	5.641037456774213e7
0.18495999999999785	62056.917156941905	3.052414124006471e8	5.650803050738263e7
0.18527999999999784	62057.37963113817	3.0524140247400725e8	5.6605686438716486e7
0.18559999999999782	62057.842687784774	3.052413925466938e8	5.670334236375064e7
0.1859199999999978	62058.305631173775	3.0524138260361826e8	5.6800998279112265e7
0.1862399999999978	62058.76937728376	3.052413726498832e8	5.6898654186482035e7
0.18655999999999778	62059.233429925924	3.0524136269644785e8	5.699631008748987e7
0.18687999999999777	62059.69820978748	3.05241352718712e8	5.709396597788055e7
0.18719999999999776	62060.162326871054	3.0524134275501746e8	5.719162186367786e7
0.18751999999999774	62060.62781344874	3.052413327760046e8	5.728927774104157e7
0.18783999999999773	62061.09307798358	3.052413227824762e8	5.738693360881385e7
0.18815999999999772	62061.55947160566	3.0524131277210313e8	5.7484589467639655e7
0.1884799999999977	62062.02561675673	3.0524130276663595e8	5.758224532048336e7
0.1887999999999977	62062.492430693885	3.0524129275357085e8	5.767990116573325e7
0.18911999999999768	62062.95913984185	3.052412827259266e8	5.777755700143384e7
0.18943999999999767	62063.427044508375	3.052412726886356e8	5.787521282955961e7
0.18975999999999765	62063.89456628278	3.0524126265023667e8	5.797286865044158e7
0.19007999999999764	62064.362700823265	3.0524125261153895e8	5.807052446503925e7
0.19039999999999763	62064.831309296176	3.0524124254294395e8	5.816818026760381e7
0.1907199999999976	62065.300372161226	3.052412324797302e8	5.82658360648186e7
0.1910399999999976	62065.770112027865	3.052412223980099e8	5.83634918523049e7
0.1913599999999976	62066.23924301915	3.0524121232651806e8	5.846114763450323e7
0.19167999999999757	62066.71002058514	3.0524120221579164e8	5.855880340376604e7
0.19199999999999756	62067.18029048092	3.0524119212741554e8	5.865645917013774e7
0.19231999999999755	62067.6510998967	3.05241182015802e8	5.875411492571866e7
0.19263999999999754	62068.12268676294	3.052411718992674e8	5.88517706742065e7
0.19295999999999752	62068.594345193414	3.052411617703231e8	5.894942641358113e7
0.1932799999999975	62069.066370020046	3.052411516404888e8	5.904708214629494e7
0.1935999999999975	62069.53860337245	3.0524114149867976e8	5.914473787007339e7
0.19391999999999748	62070.01132984272	3.0524113134589696e8	5.9242393585328326e7
0.19423999999999747	62070.484826371605	3.0524112118097025e8	5.934004929204459e7
0.19455999999999746	62070.95848356298	3.052411110140091e8	5.943770499168584e7
0.19487999999999744	62071.432795242916	3.0524110082964134e8	5.953536068165183e7
0.19519999999999743	62071.90673963585	3.0524109065668136e8	5.963301636672748e7
0.19551999999999742	62072.38189488827	3.052410804503998e8	5.973067203944818e7
0.1958399999999974	62072.85636409639	3.05241070264021e8	5.982832770867883e7
0.1961599999999974	62073.33270724805	3.052410600397201e8	5.99259833651541e7
0.19647999999999738	62073.808359247734	3.052410498298888e8	6.002363901706858e7
0.19679999999999737	62074.28498150249	3.052410395925222e8	6.012129465750471e7
0.19711999999999735	62074.76145831203	3.0524102936839455e8	6.021895029357678e7
0.19743999999999734	62075.23911204672	3.052410191030876e8	6.031660591561457e7
0.19775999999999733	62075.71663740154	3.052410088531818e8	6.04142615337196e7
0.1980799999999973	62076.19440449927	3.052409985890163e8	6.051191714232839e7
0.1983999999999973	62076.67330100589	3.0524098830479234e8	6.060957274098806e7
0.1987199999999973	62077.15141196885	3.05240978043032e8	6.0707228336593874e7
0.19903999999999727	62077.630717542845	3.052409677534916e8	6.080488392075366e7
0.19935999999999726	62078.11002625948	3.052409574489985e8	6.090253949504293e7
0.19967999999999725	62078.59044560007	3.052409471403811e8	6.100019506249588e7
0.19999999999999724	62079.07040623706	3.052409368310685e8	6.109785062253785e7
0.20031999999999722	62079.55132176906	3.0524092650671655e8	6.11955061734256e7
0.2006399999999972	62080.03223838856	3.0524091617685014e8	6.129316171629244e7
0.2009599999999972	62080.51411266756	3.052409058244813e8	6.1390817248483494e7
0.20127999999999718	62080.996302497224	3.05240895470923e8	6.1488472773753256e7
0.20159999999999717	62081.47854578267	3.0524088510930896e8	6.158612829050678e7
0.20191999999999716	62081.96057067329	3.0524087476560503e8	6.168378380376235e7
0.20223999999999714	62082.443818855325	3.052408643823832e8	6.178143930307325e7
0.20255999999999713	62082.927474224634	3.0524085399566936e8	6.1879094795046955e7
0.20287999999999712	62083.41135085359	3.0524084359826237e8	6.1976750278070584e7
0.2031999999999971	62083.89599533641	3.052408331971864e8	6.207440575399648e7
0.2035199999999971	62084.38079546813	3.052408227780076e8	6.21720612193952e7
0.20383999999999708	62084.86582795695	3.05240812360595e8	6.226971667836038e7
0.20415999999999707	62085.35162356635	3.052408019286397e8	6.236737212798629e7
0.20447999999999705	62085.83784322535	3.052407914811128e8	6.246502756777809e7
0.20479999999999704	62086.323973830986	3.052407810378179e8	6.256268300136819e7
0.20511999999999703	62086.81088647866	3.0524077058101034e8	6.266033842581338e7
0.20543999999999701	62087.297870723545	3.052407601208931e8	6.2757993842631534e7
0.205759999999997	62087.78597517397	3.052407496358893e8	6.285564924821259e7
0.206079999999997	62088.273673509706	3.052407391575971e8	6.295330464783157e7
0.20639999999999697	62088.76184599617	3.0524072867086923e8	6.305096003906747e7
0.20671999999999696	62089.25090070353	3.0524071816774017e8	6.3148615420588836e7
0.20703999999999695	62089.739881170965	3.05240707667398e8	6.324627079559332e7
0.20735999999999694	62090.22954978898	3.052406971389653e8	6.334392615828526e7
0.20767999999999692	62090.71960157969	3.0524068661064434e8	6.34415815142524e7
0.2079999999999969	62091.21045776118	3.0524067606726205e8	6.353923686067211e7
0.2083199999999969	62091.70134993333	3.0524066552408e8	6.363689220010011e7
0.20863999999999688	62092.19246141287	3.05240654969263e8	6.373454753021235e7
0.20895999999999687	62092.684351728814	3.05240644401216e8	6.3832202851106726e7
0.20927999999999686	62093.17607488532	3.052406338338344e8	6.3929858164929844e7
0.20959999999999684	62093.66920398261	3.052406232431395e8	6.40275134678999e7
0.20991999999999683	62094.161761160634	3.0524061266329867e8	6.412516876560295e7
0.21023999999999682	62094.655214163715	3.052406020500214e8	6.422282404989746e7
0.2105599999999968	62095.148717734424	3.0524059145491415e8	6.432047933094948e7
0.2108799999999968	62095.643702684996	3.0524058081695384e8	6.4418134597036906e7
0.21119999999999678	62096.13778674128	3.052405702054642e8	6.451578986087923e7
0.21151999999999677	62096.63266085099	3.0524055955954075e8	6.46134451109535e7
0.21183999999999675	62097.12822680174	3.0524054891509795e8	6.471110035475659e7
0.21215999999999674	62097.624234595816	3.052405382592937e8	6.480875558936773e7
0.21247999999999673	62098.1208309794	3.0524052759036255e8	6.4906410814516045e7
0.21279999999999671	62098.61712673727	3.0524051692581946e8	6.5004066033215545e7
0.2131199999999967	62099.11426599598	3.0524050624398357e8	6.51017212417504e7
0.2134399999999967	62099.611939247145	3.0524049554516625e8	6.519937643992621e7
0.21375999999999667	62100.10997241234	3.052404848453957e8	6.529703163101548e7
0.21407999999999666	62100.6086703249	3.0524047411764604e8	6.5394686809470825e7
0.21439999999999665	62101.10734199351	3.0524046341348404e8	6.5492341985777825e7
0.21471999999999664	62101.60590840966	3.052404526869558e8	6.558999715002988e7
0.21503999999999662	62102.10578706718	3.0524044194306177e8	6.568765230439359e7
0.2153599999999966	62102.60636289583	3.052404311939452e8	6.578530745098359e7
0.2156799999999966	62103.10638726035	3.0524042044544894e8	6.5882962590075046e7
0.21599999999999658	62103.60753227937	3.0524040967068654e8	6.598061771717256e7
0.21631999999999657	62104.10879143466	3.0524039890302354e8	6.607827283867868e7
0.21663999999999656	62104.61086242451	3.052403881057516e8	6.617592794719416e7
0.21695999999999654	62105.11280281442	3.052403773193681e8	6.627358305073817e7
0.21727999999999653	62105.615357743365	3.052403665209617e8	6.637123814492631e7
0.21759999999999652	62106.11857519475	3.052403557077463e8	6.646889322917777e7
0.2179199999999965	62106.62242362078	3.052403448666985e8	6.656654830061494e7
0.2182399999999965	62107.12608563786	3.052403340457528e8	6.666420336903273e7
0.21855999999999648	62107.63048904606	3.0524032320297885e8	6.676185842601135e7
0.21887999999999647	62108.134879294	3.0524031236284184e8	6.685951347629466e7
0.21919999999999645	62108.640761953175	3.052403014848275e8	6.6957168512180045e7
0.21951999999999644	62109.14572421743	3.0524029062923944e8	6.705482354498439e7
0.21983999999999643	62109.65167130433	3.0524027975266135e8	6.715247856667186e7
0.22015999999999641	62110.15844929712	3.0524026886634624e8	6.72501335795788e7
0.2204799999999964	62110.665679285106	3.0524025795254946e8	6.734778857948732e7
0.2207999999999964	62111.17232556414	3.052402470682861e8	6.744544357815255e7
0.22111999999999638	62111.68038696084	3.052402361388051e8	6.754309856063128e7
0.22143999999999636	62112.18905034916	3.052402252010587e8	6.764075353442837e7
0.22175999999999635	62112.69720613603	3.052402142791801e8	6.773840850402357e7
0.22207999999999634	62113.20627802065	3.052402033385399e8	6.783606346284962e7
0.22239999999999632	62113.715976824365	3.0524019237625784e8	6.79337184100222e7
0.2227199999999963	62114.22548676246	3.052401814224297e8	6.803137335158876e7
0.2230399999999963	62114.736412696104	3.052401704373755e8	6.81290282799543e7
0.22335999999999628	62115.246944417704	3.0524015945673937e8	6.822668320164308e7
0.22367999999999627	62115.75875505942	3.052401484563354e8	6.83243381125487e7
0.22399999999999626	62116.26995155434	3.052401374650042e8	6.84219930176422e7
0.22431999999999624	62116.78231903382	3.052401264445456e8	6.851964790974855e7
0.22463999999999623	62117.29482367013	3.0524011542785686e8	6.86173027954271e7
0.22495999999999622	62117.80791576735	3.052401043959712e8	6.871495767076357e7
0.2252799999999962	62118.32137647605	3.0524009335178435e8	6.88126125362256e7
0.2255999999999962	62118.83533545112	3.0524008229280174e8	6.891026739133869e7
0.22591999999999618	62119.349613361985	3.0524007123986655e8	6.90079222406582e7
0.22623999999999617	62119.86488129275	3.0524006015941393e8	6.91055770771152e7
0.22655999999999615	62120.379277017826	3.052400490979785e8	6.920323190978485e7
0.22687999999999614	62120.89540874004	3.0524003800328904e8	6.930088672884345e7
0.22719999999999613	62121.41149203055	3.052400269115288e8	6.93985415410992e7
0.22751999999999611	62121.928158553324	3.052400157831112e8	6.94961963380362e7
0.2278399999999961	62122.445082342034	3.052400046743293e8	6.959385113219278e7
0.2281599999999961	62122.962660985395	3.052399935428177e8	6.969150591422835e7
0.22847999999999608	62123.48051349409	3.052399824102313e8	6.978916068877421e7
0.22879999999999606	62123.99935094371	3.052399712523004e8	6.988681545082457e7
0.22911999999999605	62124.51731746811	3.0523996010799646e8	6.998447020785263e7
0.22943999999999604	62125.03666367794	3.05239948937255e8	7.008212495241416e7
0.22975999999999602	62125.55650300373	3.052399377582619e8	7.017977968797791e7
0.230079999999996	62126.07664715245	3.052399265710527e8	7.027743441439876e7
0.230399999999996	62126.59712801025	3.052399153758979e8	7.037508913175537e7
0.23071999999999598	62127.118048064716	3.052399041676765e8	7.04727438389371e7
0.23103999999999597	62127.639694492376	3.052398929467126e8	7.057039853622672e7
0.23135999999999596	62128.16186767905	3.052398817200724e8	7.066805322509268e7
0.23167999999999594	62128.68444893783	3.052398704784213e8	7.076570790327522e7
0.23199999999999593	62129.20706631358	3.052398592373939e8	7.086336257410108e7
0.23231999999999592	62129.73086638724	3.052398479660893e8	7.096101723127213e7
0.2326399999999959	62130.25438469496	3.052398367039274e8	7.105867188280505e7
0.2329599999999959	62130.7781527533	3.052398254392311e8	7.115632652639632e7
0.23327999999999588	62131.302822283185	3.052398141559091e8	7.125398115878911e7
0.23359999999999587	62131.82802574204	3.0523980285673916e8	7.135163578033194e7
0.23391999999999585	62132.35362306128	3.052397915458404e8	7.144929039186528e7
0.23423999999999584	62132.87973070164	3.052397802302777e8	7.154694499512157e7
0.23455999999999583	62133.40629844956	3.052397689047111e8	7.164459958880484e7
0.23487999999999581	62133.93279577598	3.052397575744391e8	7.174225417374368e7
0.2351999999999958	62134.46056677196	3.0523974622351503e8	7.183990874721092e7
0.2355199999999958	62134.98834217115	3.0523973486339056e8	7.193756331091228e7
0.23583999999999578	62135.51669427681	3.0523972349810994e8	7.203521786623006e7
0.23615999999999576	62136.04565074039	3.0523971211736786e8	7.213287241074616e7
0.23647999999999575	62136.574844396906	3.052397007296684e8	7.223052694617587e7
0.23679999999999574	62137.10399863744	3.0523968934825665e8	7.232818147543764e7
0.23711999999999572	62137.63471334916	3.052396779240688e8	7.242583598812401e7
0.2374399999999957	62138.16517095289	3.0523966651579744e8	7.25234904967424e7
0.2377599999999957	62138.696672500686	3.0523965507233226e8	7.262114499014805e7
0.23807999999999568	62139.22783437835	3.052396436468461e8	7.271879947991137e7
0.23839999999999567	62139.76002792253	3.0523963219617325e8	7.281645395680363e7
0.23871999999999566	62140.292743038095	3.0523962073211455e8	7.291410842322849e7
0.23903999999999564	62140.82462236296	3.052396092894216e8	7.301176288644664e7
0.23935999999999563	62141.35899152285	3.0523959778819114e8	7.310941732988341e7
0.23967999999999562	62141.892916858786	3.052395862994281e8	7.320707176826814e7
0.2399999999999956	62142.42676058567	3.0523957481542915e8	7.33047262000397e7
0.2403199999999956	62142.9612936851	3.0523956331068933e8	7.34023806196591e7
0.24063999999999558	62143.49701470005	3.052395517782615e8	7.350003502581258e7
0.24095999999999557	62144.03226026364	3.0523954026588506e8	7.359768942871314e7
0.24127999999999555	62144.56880469232	3.0523952871089095e8	7.36953438146059e7
0.24159999999999554	62145.10610706357	3.052395171518725e8	7.379299819236264e7
0.24191999999999553	62145.64242118902	3.052395056045757e8	7.389065256446424e7
0.24223999999999551	62146.180845111005	3.0523949401590025e8	7.398830692040749e7
0.2425599999999955	62146.71890044992	3.052394824324253e8	7.408596126957168e7
0.2428799999999955	62147.257099451446	3.0523947086348957e8	7.418361561461811e7
0.24319999999999548	62147.79604023321	3.0523945924837375e8	7.428126994124636e7
0.24351999999999546	62148.336031059924	3.052394476327625e8	7.437892426076971e7
0.24383999999999545	62148.87532142013	3.05239436026628e8	7.447657857429463e7
0.24415999999999544	62149.415657040896	3.052394244070979e8	7.457423287756585e7
0.24447999999999542	62149.95737232359	3.0523941273303705e8	7.467188716076545e7
0.2447999999999954	62150.49861308019	3.0523940108504194e8	7.476954144216947e7
0.2451199999999954	62151.040079681894	3.0523938942845243e8	7.486719571383621e7
0.24543999999999538	62151.582924241906	3.052393777383776e8	7.496484997051731e7
0.24575999999999537	62152.12583160405	3.05239366062602e8	7.506250422293088e7
0.24607999999999536	62152.669008696364	3.0523935437045586e8	7.51601584636994e7
0.24639999999999534	62153.212402400575	3.052393426706417e8	7.525781269491115e7
0.24671999999999533	62153.757385298515	3.052393309347217e8	7.535546691057631e7
0.24703999999999532	62154.30206508312	3.05239319213943e8	7.545312112189397e7
0.2473599999999953	62154.847487193096	3.052393074720887e8	7.555077532070719e7
0.2476799999999953	62155.39295955745	3.0523929572399944e8	7.564842951015007e7
0.24799999999999528	62155.93940731301	3.05239283961832e8	7.574608368896718e7
0.24831999999999527	62156.485957808014	3.0523927219817007e8	7.584373785961291e7
0.24863999999999525	62157.03350745649	3.05239260414283e8	7.594139201810203e7
0.24895999999999524	62157.581042854414	3.0523924860992646e8	7.603904616359226e7
0.24927999999999523	62158.12936102402	3.052392368206303e8	7.613670030551916e7
0.24959999999999521	62158.677473959164	3.0523922501555794e8	7.623435443545826e7
0.2499199999999952	62159.22661696092	3.052392131811994e8	7.633200855094473e7
0.2502399999999952	62159.77624562234	3.0523920135601085e8	7.642966266116461e7
0.2505599999999952	62160.32620692352	3.052391895125888e8	7.65273167591453e7
0.25087999999999516	62160.87722438939	3.052391776561384e8	7.662497084671687e7
0.25119999999999515	62161.42788006985	3.0523916579544747e8	7.672262492501153e7
0.25151999999999514	62161.979389680775	3.0523915391961956e8	7.682027899219482e7
0.2518399999999951	62162.5319294083	3.052391420319269e8	7.691793304920729e7
0.2521599999999951	62163.08424778889	3.052391301273284e8	7.70155870938295e7
0.2524799999999951	62163.63729253919	3.0523911820844615e8	7.71132411274159e7
0.2527999999999951	62164.191105160564	3.0523910629127055e8	7.721089515402547e7
0.25311999999999507	62164.74512291227	3.052390943640903e8	7.730854917027444e7
0.25343999999999506	62165.2994818643	3.052390824222016e8	7.740620317506243e7
0.25375999999999505	62165.8548594571	3.052390704594981e8	7.750385716733104e7
0.25407999999999503	62166.41050912221	3.052390584927161e8	7.760151115075475e7
0.254399999999995	62166.966180626456	3.052390465374703e8	7.76991651291152e7
0.254719999999995	62167.52292281306	3.0523903454225785e8	7.779681909008631e7
0.255039999999995	62168.079629048516	3.052390225524642e8	7.789447304437938e7
0.255359999999995	62168.63695362012	3.052390105493271e8	7.799212698769578e7
0.25567999999999497	62169.194883020195	3.0523899853119177e8	7.80897809195889e7
0.25599999999999495	62169.75347030431	3.052389865065859e8	7.818743484226635e7
0.25631999999999494	62170.31254000682	3.052389744613329e8	7.828508875195706e7
0.2566399999999949	62170.87187873111	3.0523896241503644e8	7.838274265351318e7
0.2569599999999949	62171.43202065375	3.05238950351277e8	7.84803965431112e7
0.2572799999999949	62171.99272691152	3.05238938267316e8	7.857805041985163e7
0.2575999999999949	62172.55374914714	3.052389261859638e8	7.867570428940608e7
0.2579199999999949	62173.11498487838	3.052389141032082e8	7.877335815066586e7
0.25823999999999486	62173.67702947574	3.0523890198897266e8	7.887101199630411e7
0.25855999999999485	62174.2396416172	3.052388898742794e8	7.896866583413197e7
0.25887999999999484	62174.80231753579	3.052388777511686e8	7.906631966171454e7
0.2591999999999948	62175.36619629018	3.052388656050418e8	7.916397347610347e7
0.2595199999999948	62175.930714801034	3.052388534523687e8	7.926162728113283e7
0.2598399999999948	62176.495191830116	3.0523884128555006e8	7.935928107431692e7
0.2601599999999948	62177.060287516164	3.0523882911040014e8	7.945693485764322e7
0.26047999999999477	62177.62529084902	3.052388169329631e8	7.955458863215171e7
0.26079999999999476	62178.192127623355	3.0523880472838163e8	7.965224239278106e7
0.26111999999999475	62178.75823012793	3.0523879253474194e8	7.974989614755128e7
0.26143999999999473	62179.32478044317	3.0523878033174103e8	7.984754989203861e7
0.2617599999999947	62179.89288332089	3.052387680890594e8	7.994520361911277e7
0.2620799999999947	62180.46088201751	3.052387558544311e8	8.004285734002174e7
0.2623999999999947	62181.029231171815	3.052387435967684e8	8.014051104695132e7
0.2627199999999947	62181.59840160328	3.0523873133485544e8	8.023816474516113e7
0.26303999999999467	62182.16828564331	3.0523871905946565e8	8.033581843214001e7
0.26335999999999465	62182.73923307228	3.052387067623693e8	8.043347210596459e7
0.26367999999999464	62183.309431849	3.052386944806793e8	8.053112577506474e7
0.26399999999999463	62183.88031317622	3.0523868217393035e8	8.062877942982647e7
0.2643199999999946	62184.452433846905	3.0523866985332185e8	8.072643307359491e7
0.2646399999999946	62185.02478815065	3.05238657511301e8	8.082408670361726e7
0.2649599999999946	62185.59680103776	3.052386451876843e8	8.092174032999982e7
0.2652799999999946	62186.169612127866	3.052386328483029e8	8.101939394453356e7
0.26559999999999456	62186.74461113583	3.052386204574417e8	8.111704753873727e7
0.26591999999999455	62187.318782272516	3.052386080886289e8	8.121470112989822e7
0.26623999999999454	62187.8938184519	3.0523859568888307e8	8.131235470517479e7
0.2665599999999945	62188.468695968164	3.0523858329904497e8	8.141000827467214e7
0.2668799999999945	62189.044297445966	3.052385709008961e8	8.150766183418483e7
0.2671999999999945	62189.62069849137	3.0523855847046405e8	8.160531537735417e7
0.2675199999999945	62190.197939208796	3.0523854603160816e8	8.170296891056064e7
0.26783999999999447	62190.7755082622	3.0523853359080195e8	8.180062243515484e7
0.26815999999999446	62191.353321042254	3.052385211362173e8	8.189827594790082e7
0.26847999999999445	62191.93170768443	3.052385086703131e8	8.199592944968678e7
0.26879999999999443	62192.51124451964	3.05238496187173e8	8.20935829393324e7
0.2691199999999944	62193.090412576465	3.0523848369553083e8	8.21912364180603e7
0.2694399999999944	62193.6706025043	3.05238471194499e8	8.228888988663948e7
0.2697599999999944	62194.25095525868	3.0523845868423766e8	8.23865433444758e7
0.2700799999999944	62194.832698170176	3.052384461402165e8	8.248419678583102e7
0.27039999999999437	62195.41419039964	3.052384336147128e8	8.258185022360992e7
0.27071999999999435	62195.9966537886	3.052384210555492e8	8.267950364459623e7
0.27103999999999434	62196.57885641172	3.0523840850071603e8	8.277715705815552e7
0.27135999999999433	62197.1624210905	3.052383959318444e8	8.287481046049008e7
0.2716799999999943	62197.746137663555	3.052383833480236e8	8.29724638504563e7
0.2719999999999943	62198.33096491598	3.0523837073515004e8	8.307011722490153e7
0.2723199999999943	62198.91529881857	3.052383581476488e8	8.316777059745063e7
0.2726399999999943	62199.50065179846	3.052383455220379e8	8.326542395192076e7
0.27295999999999426	62200.08672549736	3.052383328889503e8	8.336307729641902e7
0.27327999999999425	62200.67312787956	3.052383202474955e8	8.34607306304093e7
0.27359999999999424	62201.25990036566	3.052383075966708e8	8.355838395363899e7
0.2739199999999942	62201.84735504427	3.0523829493053615e8	8.365603726469825e7
0.2742399999999942	62202.43595586003	3.0523828224374866e8	8.37536905624432e7
0.2745599999999942	62203.02420237922	3.052382695718781e8	8.385134385553044e7
0.2748799999999942	62203.61277346437	3.05238256868111e8	8.394899713159887e7
0.27519999999999417	62204.20332205544	3.052382441475138e8	8.404665039596185e7
0.27551999999999416	62204.793610407316	3.0523823141059285e8	8.414430364711963e7
0.27583999999999415	62205.38440749428	3.0523821868226284e8	8.424195689248613e7
0.27615999999999413	62205.97549487871	3.052382059243317e8	8.433961012136388e7
0.2764799999999941	62206.56795544966	3.0523819315566593e8	8.443726333972386e7
0.2767999999999941	62207.159331180024	3.052381804026394e8	8.45349165530771e7
0.2771199999999941	62207.752737941315	3.052381676175159e8	8.463256975046343e7
0.2774399999999941	62208.34626523156	3.052381548195655e8	8.473022293581584e7
0.27775999999999407	62208.940157818965	3.052381420051639e8	8.48278761082921e7
0.27807999999999405	62209.534745763536	3.052381291848309e8	8.492552927103962e7
0.27839999999999404	62210.13033701239	3.052381163436323e8	8.502318242011659e7
0.27871999999999403	62210.726315387416	3.052381034908194e8	8.512083555763613e7
0.279039999999994	62211.32229426137	3.052380906364913e8	8.521848868612598e7
0.279359999999994	62211.9187621169	3.0523807777540237e8	8.531614180447131e7
0.279679999999994	62212.51627091297	3.052380648919005e8	8.541379490868515e7
0.279999999999994	62213.114114788186	3.0523805199387753e8	8.551144800044651e7
0.28031999999999396	62213.71309404013	3.0523803908346534e8	8.560910108091468e7
0.28063999999999395	62214.311511564534	3.0523802617493683e8	8.570675415286139e7
0.28095999999999394	62214.91137807827	3.0523801323601514e8	8.580440720866627e7
0.2812799999999939	62215.511284483975	3.052380002989613e8	8.590206025636037e7
0.2815999999999939	62216.11220533865	3.052379873252059e8	8.599971328578445e7
0.2819199999999939	62216.71345795797	3.0523797437912387e8	8.609736631456064e7
0.2822399999999939	62217.3146709808	3.0523796140125155e8	8.619501932566562e7
0.28255999999999387	62217.9173693177	3.0523794840492636e8	8.629267232393157e7
0.28287999999999386	62218.52059848663	3.052379353954582e8	8.639032531015693e7
0.28319999999999385	62219.12404078062	3.052379223883239e8	8.648797828848387e7
0.28351999999999383	62219.7286338023	3.0523790933292556e8	8.658563124524072e7
0.2838399999999938	62220.33248950135	3.0523789631654984e8	8.66832842038033e7
0.2841599999999938	62220.93733484432	3.0523788327470833e8	8.6780937147121e7
0.2844799999999938	62221.543615667535	3.052378701916472e8	8.687859007100578e7
0.2847999999999938	62222.149881860125	3.0523785711038035e8	8.697624298662993e7
0.28511999999999377	62222.75694556056	3.052378440212999e8	8.707389589183637e7
0.28543999999999375	62223.36412048732	3.05237830914226e8	8.71715487832207e7
0.28575999999999374	62223.972257496294	3.052378177975142e8	8.726920166376093e7
0.28607999999999373	62224.58058777539	3.0523780467544705e8	8.73668545341232e7
0.2863999999999937	62225.18953612126	3.0523779154387134e8	8.746450739341581e7
0.2867199999999937	62225.79976398447	3.0523777836862856e8	8.756216023230691e7
0.2870399999999937	62226.409554241676	3.052377652149405e8	8.765981306825037e7
0.2873599999999937	62227.02086147943	3.052377520259791e8	8.775746588633014e7
0.28767999999999366	62227.63197225284	3.052377388469111e8	8.785511869828393e7
0.28799999999999365	62228.244031632654	3.052377256325582e8	8.795277149192536e7
0.28831999999999364	62228.85614009838	3.0523771243266386e8	8.805042428092149e7
0.2886399999999936	62229.46954402899	3.052376992001669e8	8.814807705258906e7
0.2889599999999936	62230.08322586752	3.052376859536243e8	8.824572981153426e7
0.2892799999999936	62230.69783991882	3.0523767268962836e8	8.834338255722253e7
0.2895999999999936	62231.31191434818	3.0523765944557965e8	8.844103529942186e7
0.28991999999999357	62231.928435343434	3.052376461484114e8	8.853868801908885e7
0.29023999999999356	62232.54365461934	3.052376328673295e8	8.863634073359604e7
0.29055999999999355	62233.1601629628	3.052376195665768e8	8.87339934344086e7
0.29087999999999353	62233.77750513554	3.0523760624641484e8	8.883164612125961e7
0.2911999999999935	62234.395073216525	3.0523759291994673e8	8.89292987975144e7
0.2915199999999935	62235.0129977496	3.052375795730311e8	8.902695145913671e7
0.2918399999999935	62235.632772413664	3.0523756621354336e8	8.912460410946262e7
0.2921599999999935	62236.25254717609	3.052375528280635e8	8.922225674324803e7
0.29247999999999347	62236.87220068638	3.0523753945545083e8	8.93199093717477e7
0.29279999999999345	62237.49205609869	3.0523752607230914e8	8.941756198835218e7
0.29311999999999344	62238.11465920442	3.0523751263963485e8	8.951521458341806e7
0.29343999999999343	62238.73606322632	3.0523749923556906e8	8.961286717703621e7
0.2937599999999934	62239.35834678513	3.0523748579177713e8	8.971051975062928e7
0.2940799999999934	62239.98122336639	3.052374723711505e8	8.980817232245113e7
0.2943999999999934	62240.60486512539	3.0523745890181553e8	8.990582487148531e7
0.2947199999999934	62241.22992316109	3.0523744542131156e8	9.000347740920712e7
0.29503999999999336	62241.853753217154	3.052374319413395e8	9.010112993719265e7
0.29535999999999335	62242.47912254812	3.052374184559145e8	9.019878245562579e7
0.29567999999999334	62243.105485427805	3.0523740491843784e8	9.029643495033717e7
0.2959999999999933	62243.73206625841	3.0523739140799314e8	9.039408744413857e7
0.2963199999999933	62244.35908332872	3.0523737787714076e8	9.049173992315206e7
0.2966399999999933	62244.98644085366	3.052373643323321e8	9.058939238920398e7
0.2969599999999933	62245.614955527504	3.0523735076202816e8	9.068704483942817e7
0.29727999999999327	62246.24376186608	3.0523733718924594e8	9.078469728003332e7
0.29759999999999326	62246.87398503168	3.052373235723696e8	9.088234969942221e7
0.29791999999999325	62247.50349116799	3.052373100006323e8	9.098000212263739e7
0.29823999999999323	62248.133707960675	3.05237296387958e8	9.107765452505343e7
0.2985599999999932	62248.76624071321	3.0523728273832273e8	9.117530690894346e7
0.2988799999999932	62249.39760492069	3.052372691046083e8	9.127295928763202e7
0.2991999999999932	62250.030621551785	3.0523725543888944e8	9.137061164877322e7
0.2995199999999932	62250.663590033684	3.0523724177241474e8	9.146826400050312e7
0.29983999999999317	62251.29686739029	3.052372280927176e8	9.156591633933303e7
0.30015999999999315	62251.93181940063	3.052372143918406e8	9.166356866381727e7
0.30047999999999314	62252.56594702521	3.05237200701811e8	9.176122098180935e7
0.30079999999999313	62253.2020419949	3.0523718696229136e8	9.18588732771229e7
0.3011199999999931	62253.83736806957	3.0523717324301064e8	9.195652556879306e7
0.3014399999999931	62254.47499125081	3.052371594800999e8	9.20541778397291e7
0.3017599999999931	62255.11173968107	3.052371457304727e8	9.215183010484645e7
0.3020799999999931	62255.749824605315	3.052371319469305e8	9.224948235144424e7
0.30239999999999306	62256.38857028533	3.052371181622949e8	9.23471345889425e7
0.30271999999999305	62257.0274646069	3.0523710436342335e8	9.244478681300391e7
0.30303999999999304	62257.668058662224	3.0523709053992194e8	9.254243902154599e7
0.303359999999993	62258.30770333291	3.052370767301481e8	9.264009122433405e7
0.303679999999993	62258.94963001911	3.052370628666436e8	9.273774340314656e7
0.303999999999993	62259.59067770421	3.0523704901069325e8	9.28353955743603e7
0.304319999999993	62260.23375702114	3.052370351379901e8	9.293304773261109e7
0.30463999999999297	62260.87601019988	3.0523702125996596e8	9.303069987937634e7
0.30495999999999296	62261.519613635006	3.052370073657083e8	9.312835201283652e7
0.30527999999999295	62262.163192617525	3.0523699347071856e8	9.322600413675198e7
0.30559999999999293	62262.80762601678	3.052369795421181e8	9.332365624168463e7
0.3059199999999929	62263.45388577085	3.052369655936096e8	9.342130833246791e7
0.3062399999999929	62264.10040256605	3.0523695162774694e8	9.351896040877435e7
0.3065599999999929	62264.74603575794	3.0523693768528706e8	9.361661248229046e7
0.3068799999999929	62265.392977178584	3.0523692370196724e8	9.371426453483789e7
0.30719999999999287	62266.041500654115	3.0523690970770925e8	9.381191657575776e7
0.30751999999999285	62266.68989706939	3.0523689569616747e8	9.390956860190316e7
0.30783999999999284	62267.33854355311	3.0523688168257475e8	9.400722061820793e7
0.30815999999999283	62267.987941430685	3.0523686766605604e8	9.410487262474704e7
0.3084799999999928	62268.6386247528	3.0523685361205107e8	9.420252461122511e7
0.3087999999999928	62269.29018213837	3.052368395407803e8	9.430017658356465e7
0.3091199999999928	62269.94121698377	3.052368254764904e8	9.43978285482785e7
0.3094399999999928	62270.59416857439	3.052368113672252e8	9.449548049098103e7
0.30975999999999276	62271.24663299176	3.0523679726626366e8	9.459313242647158e7
0.31007999999999275	62271.899638054965	3.0523678316568726e8	9.469078435301238e7
0.31039999999999274	62272.55388833902	3.0523676902758783e8	9.478843625932243e7
0.3107199999999927	62273.20909457932	3.052367548886629e8	9.488608815656781e7
0.3110399999999927	62273.86447667307	3.052367407180989e8	9.49837400346251e7
0.3113599999999927	62274.52026633792	3.052367265487209e8	9.508139190384373e7
0.3116799999999927	62275.17662495666	3.0523671236353093e8	9.517904375903758e7
0.31199999999999267	62275.83367261564	3.052366981901539e8	9.527669560889253e7
0.31231999999999266	62276.49192732632	3.052366839665492e8	9.5374347434399e7
0.31263999999999265	62277.149873967224	3.052366697271797e8	9.547199924524058e7
0.31295999999999263	62277.81011484172	3.052366554861415e8	9.55696510476019e7
0.3132799999999926	62278.4700210325	3.052366412190707e8	9.566730283204105e7
0.3135999999999926	62279.13003089829	3.052366269563749e8	9.576495460837011e7
0.3139199999999926	62279.79082070608	3.052366126867357e8	9.586260637350409e7
0.3142399999999926	62280.4529746562	3.052365983760493e8	9.596025811711936e7
0.31455999999999257	62281.1158034952	3.0523658405212057e8	9.605790984744912e7
0.31487999999999255	62281.77905478854	3.0523656971317005e8	9.615556156374674e7
0.31519999999999254	62282.442547063234	3.052365553877061e8	9.625321327485892e7
0.31551999999999253	62283.106686191735	3.052365410248032e8	9.63508649650082e7
0.3158399999999925	62283.77198630272	3.0523652665155804e8	9.644851664306796e7
0.3161599999999925	62284.43677116652	3.0523651228932154e8	9.654616831463121e7
0.3164799999999925	62285.10341333405	3.052364978788302e8	9.664381996257497e7
0.3167999999999925	62285.770875620314	3.052364834584603e8	9.674147159830013e7
0.31711999999999246	62286.43810609981	3.0523646903952026e8	9.683912322466426e7
0.31743999999999245	62287.1067101274	3.0523645458816856e8	9.693677483202198e7
0.31775999999999244	62287.774516883386	3.052364401627782e8	9.703442643740849e7
0.3180799999999924	62288.445288689836	3.0523642565082955e8	9.713207800762482e7
0.3183999999999924	62289.114549882965	3.052364111984591e8	9.722972958606426e7
0.3187199999999924	62289.78679038191	3.0523639666565925e8	9.732738113122115e7
0.3190399999999924	62290.45691136503	3.052363821797966e8	9.742503268017834e7
0.31935999999999237	62291.12963525006	3.052363676379527e8	9.752268420332918e7
0.31967999999999236	62291.8021066378	3.052363531099017e8	9.762033572098024e7
0.31999999999999235	62292.475958598036	3.0523633854409903e8	9.77179872177612e7
0.32031999999999233	62293.150362486085	3.0523632397224337e8	9.781563870322503e7
0.3206399999999923	62293.82552766287	3.0523630936772776e8	9.791329016897637e7
0.3209599999999923	62294.50032894194	3.0523629479762614e8	9.80109416357471e7
0.3212799999999923	62295.17692511021	3.0523628014664817e8	9.810859306799538e7
0.3215999999999923	62295.853719193154	3.052362655298639e8	9.820624450156498e7
0.32191999999999227	62296.531295445464	3.052362508906359e8	9.830389591865197e7
0.32223999999999225	62297.209315899694	3.052362362268941e8	9.840154731833792e7
0.32255999999999224	62297.88848391958	3.0523622155136454e8	9.849919870518032e7
0.32287999999999223	62298.567995745565	3.052362068442719e8	9.859685007223742e7
0.3231999999999922	62299.24827556372	3.052361921543174e8	9.86945014355059e7
0.3235199999999922	62299.92788514702	3.052361774606505e8	9.879215278728302e7
0.3238399999999922	62300.61019201714	3.0523616269839174e8	9.888980410883224e7
0.3241599999999922	62301.292359559855	3.052361479590163e8	9.898745542782064e7
0.32447999999999216	62301.975693589164	3.0523613318171877e8	9.908510672542225e7
0.32479999999999215	62302.6584397693	3.052361184174729e8	9.918275801697133e7
0.32511999999999214	62303.342685123884	3.0523610362654793e8	9.92804092909722e7
0.3254399999999921	62304.026958116185	3.052360888313056e8	9.937806055368257e7
0.3257599999999921	62304.71345796284	3.0523607398597527e8	9.947571179167078e7
0.3260799999999921	62305.39944133554	3.052360591565027e8	9.95733630245415e7
0.3263999999999921	62306.08623779643	3.05236044297594e8	9.967101423842205e7
0.3267199999999921	62306.77436349303	3.052360294305048e8	9.976866544057555e7
0.32703999999999206	62307.46228116744	3.052360145385333e8	9.986631662449624e7
0.32735999999999205	62308.151424044656	3.0523599964597887e8	9.996396779907909e7
0.32767999999999203	62308.841074829485	3.0523598472041017e8	1.00061618953213e8
0.327999999999992	62309.53127939797	3.0523596979668635e8	1.0015927009833044e8
0.328319999999992	62310.22285891458	3.0523595483413875e8	1.0025692122163187e8
0.328639999999992	62310.913830879035	3.052359398958811e8	1.0035457234248942e8
0.328959999999992	62311.60620806446	3.052359249271461e8	1.0045222344426139e8
0.32927999999999197	62312.299985380625	3.052359099287993e8	1.0054987452719876e8
0.32959999999999195	62312.993117504404	3.052358949393523e8	1.0064752560259402e8
0.32991999999999194	62313.687847534165	3.0523587991742545e8	1.0074517665830742e8
0.33023999999999193	62314.38321887002	3.052358648767349e8	1.0084282769819516e8
0.3305599999999919	62315.07800110957	3.0523584984570515e8	1.0094047873081088e8
0.3308799999999919	62315.775612043886	3.052358347586421e8	1.0103812973671456e8
0.3311999999999919	62316.47277443033	3.052358196862336e8	1.0113578073706962e8
0.3315199999999919	62317.16935090497	3.0523580461503047e8	1.0123343172734012e8
0.33183999999999186	62317.86818969185	3.052357895050356e8	1.0133108269615814e8
0.33215999999999185	62318.568176641216	3.052357743699643e8	1.0142873364729594e8
0.33247999999999184	62319.2687865745	3.052357592043505e8	1.0152638457856037e8
0.3327999999999918	62319.96859104196	3.0523574406369936e8	1.016240355074406e8
0.3331199999999918	62320.67074524855	3.052357288775619e8	1.0172168641259752e8
0.3334399999999918	62321.372326586104	3.0523571368278414e8	1.0181933730432305e8
0.3337599999999918	62322.07537192971	3.052356984943848e8	1.0191698818897916e8
0.3340799999999918	62322.77908050248	3.052356832646641e8	1.0201463905010176e8
0.33439999999999176	62323.48305765929	3.0523566804433066e8	1.0211228990434484e8
0.33471999999999175	62324.189051101086	3.052356527518329e8	1.0220994072558291e8
0.33503999999999173	62324.8936991201	3.052356375097856e8	1.023075915525902e8
0.3353599999999917	62325.600159810056	3.0523562223382324e8	1.0240524235922265e8
0.3356799999999917	62326.307294432074	3.052356069214777e8	1.0250289314386094e8
0.3359999999999917	62327.015158878035	3.0523559161752546e8	1.0260054392155153e8
0.3363199999999917	62327.72336625191	3.0523557628781945e8	1.026981946805606e8
0.33663999999999167	62328.43410034135	3.052355609204058e8	1.0279584541828768e8
0.33695999999999166	62329.142311529184	3.052355456019946e8	1.0289349616056378e8
0.33727999999999164	62329.85309734612	3.052355302273902e8	1.029911468753363e8
0.33759999999999163	62330.564877449826	3.0523551482451576e8	1.0308879757092878e8
0.3379199999999916	62331.27660911225	3.0523549941084355e8	1.0318644825252706e8
0.3382399999999916	62331.98961535561	3.0523548399654174e8	1.0328409892443557e8
0.3385599999999916	62332.70365057619	3.0523546853440887e8	1.0338174957050954e8
0.3388799999999916	62333.41734154384	3.052354530875909e8	1.0347940021119305e8
0.33919999999999156	62334.13195810085	3.05235437627008e8	1.0357705083747646e8
0.33951999999999155	62334.84883901387	3.0523542211636126e8	1.0367470143790558e8
0.33983999999999154	62335.56432473625	3.052354066289177e8	1.0377235203491344e8
0.3401599999999915	62336.281686201335	3.0523539111611867e8	1.0387000261416417e8
0.3404799999999915	62336.99938168892	3.0523537556822884e8	1.0396765317130017e8
0.3407999999999915	62337.71829176344	3.052353600114969e8	1.0406530371581347e8
0.3411199999999915	62338.43792827728	3.0523534444121647e8	1.0416295424576735e8
0.3414399999999915	62339.157176924105	3.0523532888401425e8	1.0426060476950565e8
0.34175999999999146	62339.87771322552	3.0523531327505624e8	1.0435825526598658e8
0.34207999999999145	62340.599432385265	3.052352976542288e8	1.0445590574873453e8
0.34239999999999143	62341.32226016259	3.052352820215517e8	1.0455355621769498e8
0.3427199999999914	62342.04579187217	3.052352663567374e8	1.0465120666563651e8
0.3430399999999914	62342.76922277486	3.052352506911819e8	1.0474885710276902e8
0.3433599999999914	62343.49301104068	3.0523523502988356e8	1.0484650753110896e8
0.3436799999999914	62344.218748188505	3.052352193146014e8	1.049441579316884e8
0.34399999999999137	62344.94471456449	3.052352036115933e8	1.0504180832611822e8
0.34431999999999136	62345.670897148055	3.052351878862244e8	1.0513945870247598e8
0.34463999999999134	62346.39845378097	3.052351721349443e8	1.0523710906027524e8
0.34495999999999133	62347.12596966777	3.0523515638875884e8	1.0533475940925877e8
0.3452799999999913	62347.85524948121	3.052351406011624e8	1.0543240973455563e8
0.3455999999999913	62348.58517931917	3.0523512478996736e8	1.0553006004155141e8
0.3459199999999913	62349.31613195722	3.0523510898070353e8	1.0562771033929789e8
0.3462399999999913	62350.0467105022	3.052350931601418e8	1.0572536062230231e8
0.34655999999999126	62350.778422114614	3.052350773052406e8	1.0582301088355365e8
0.34687999999999125	62351.51051423154	3.0523506147404814e8	1.0592066114266221e8
0.34719999999999124	62352.24455005477	3.052350455616948e8	1.0601831136426003e8
0.3475199999999912	62352.97857930828	3.052350296844127e8	1.0611596158738784e8
0.3478399999999912	62353.713448794	3.052350137752793e8	1.0621361178935322e8
0.3481599999999912	62354.44841788223	3.0523499785768557e8	1.0631126197778584e8
0.3484799999999912	62355.184980576945	3.052349819085548e8	1.0640891214560902e8
0.3487999999999912	62355.922236586215	3.052349659473878e8	1.0650656229900664e8
0.34911999999999116	62356.659254565304	3.052349500019842e8	1.0660421244706562e8
0.34943999999999115	62357.39877403977	3.052349339693811e8	1.0670186255560426e8
0.34975999999999113	62358.13839764369	3.052349179712522e8	1.0679951266553414e8
0.3500799999999911	62358.878486427915	3.052349019308743e8	1.0689716275026366e8
0.3503999999999911	62359.61879454221	3.052348859032164e8	1.0699481282885325e8
0.3507199999999911	62360.3612954526	3.0523486981095195e8	1.0709246287547626e8
0.3510399999999911	62361.104088608074	3.0523485373072076e8	1.0719011291573884e8
0.35135999999999107	62361.84667588321	3.052348376472485e8	1.0728776294396237e8
0.35167999999999106	62362.589929090944	3.0523482155674154e8	1.0738541295937496e8
0.35199999999999104	62363.335920155245	3.052348053995248e8	1.0748306294230625e8
0.35231999999999103	62364.081202990215	3.0523478926028115e8	1.0758071292029308e8
0.352639999999991	62364.82800195961	3.05234773095166e8	1.0767836287933195e8
0.352959999999991	62365.57418270522	3.052347569245606e8	1.0777601282520935e8
0.353279999999991	62366.3220061622	3.052347407287719e8	1.0787366275242563e8
0.353599999999991	62367.07070159546	3.052347245031667e8	1.079713126588185e8
0.35391999999999096	62367.82019161076	3.05234708270601e8	1.0806896255239773e8
0.35423999999999095	62368.57007739563	3.05234692030525e8	1.081666124327036e8
0.35455999999999094	62369.320448955325	3.052346757766501e8	1.0826426229755685e8
0.3548799999999909	62370.072882322944	3.0523465948796684e8	1.0836191214050473e8
0.3551999999999909	62370.825234480806	3.05234643170905e8	1.0845956196241388e8
0.3555199999999909	62371.579194443475	3.0523462685107577e8	1.0855721177345091e8
0.3558399999999909	62372.33317399109	3.0523461052564234e8	1.0865486157157914e8
0.3561599999999909	62373.08760881151	3.0523459417938745e8	1.087525113516539e8
0.35647999999999086	62373.84279621856	3.0523457782881075e8	1.088501611197279e8
0.35679999999999085	62374.60032722216	3.0523456142351663e8	1.0894781085883841e8
0.35711999999999083	62375.356464026394	3.052345450273698e8	1.090454605893351e8
0.3574399999999908	62376.11478390284	3.0523452858624065e8	1.091431102941786e8
0.3577599999999908	62376.87383935524	3.052345121550021e8	1.0924075999202533e8
0.3580799999999908	62377.63282691621	3.0523449571335274e8	1.0933840967509879e8
0.3583999999999908	62378.39358886118	3.0523447923875374e8	1.0943605933649313e8
0.35871999999999077	62379.155373079375	3.052344627274201e8	1.0953370897433496e8
0.35903999999999076	62379.916836543605	3.052344462238258e8	1.0963135860369515e8
0.35935999999999074	62380.679496312085	3.052344297134296e8	1.0972900822032775e8
0.35967999999999073	62381.443108048064	3.05234413153304e8	1.098266578086285e8
0.3599999999999907	62382.20683788652	3.0523439659854126e8	1.0992430738784826e8
0.3603199999999907	62382.971698887864	3.0523438003012145e8	1.1002195695178688e8
0.3606399999999907	62383.73795501375	3.0523436343008465e8	1.101196064941218e8
0.3609599999999907	62384.50512270358	3.052343468024562e8	1.1021725601596536e8
0.36127999999999066	62385.272209033035	3.0523433016958934e8	1.1031490552473174e8
0.36159999999999065	62386.04112835961	3.052343135344734e8	1.1041255502271909e8
0.36191999999999064	62386.81044445204	3.052342968320233e8	1.1051020448545142e8
0.3622399999999906	62387.57993421643	3.0523428017218775e8	1.1060785395254926e8
0.3625599999999906	62388.351447804314	3.0523426345620006e8	1.1070550338942392e8
0.3628799999999906	62389.121650826026	3.052342467692342e8	1.10803152824803e8
0.3631999999999906	62389.894469312676	3.0523423000526154e8	1.1090080222270618e8
0.3635199999999906	62390.667912252095	3.052342132490521e8	1.1099845161260533e8
0.36383999999999056	62391.441471334154	3.0523419647566706e8	1.1109610098511024e8
0.36415999999999055	62392.21595869904	3.052341797126369e8	1.1119375035074614e8
0.36447999999999053	62392.992531640724	3.05234162864e8	1.1129139967528154e8
0.3647999999999905	62393.76829338374	3.052341460542949e8	1.1138904900222383e8
0.3651199999999905	62394.54585779358	3.0523412919788027e8	1.1148669830200134e8
0.3654399999999905	62395.32367545298	3.0523411233538043e8	1.1158434758843002e8
0.3657599999999905	62396.10174957755	3.0523409547679085e8	1.1168199686516176e8
0.36607999999999047	62396.88311660929	3.052340785386457e8	1.1177964610356979e8
0.36639999999999046	62397.6631074704	3.0523406162901354e8	1.1187729534021254e8
0.36671999999999044	62398.444730013405	3.0523404467954713e8	1.1197494455195923e8
0.36703999999999043	62399.22745762641	3.052340277196723e8	1.120725937492372e8
0.3673599999999904	62400.010213855974	3.052340107461488e8	1.1217024293016401e8
0.3676799999999904	62400.79301408788	3.0523399378361994e8	1.1226789210379712e8
0.3679999999999904	62401.57885101896	3.0523397674677515e8	1.1236554124064417e8
0.3683199999999904	62402.36289063271	3.052339597441022e8	1.1246319037753554e8
0.36863999999999036	62403.15077033508	3.052339426542864e8	1.1256083947334355e8
0.36895999999999035	62403.93731795716	3.0523392561250854e8	1.1265848857459334e8
0.36927999999999034	62404.72576087968	3.052339085225409e8	1.1275613764783287e8
0.3695999999999903	62405.513187095166	3.052338914345758e8	1.128537867097294e8
0.3699199999999903	62406.303670679576	3.052338742915192e8	1.1295143574173266e8
0.3702399999999903	62407.09471380732	3.052338571387898e8	1.1304908475902952e8
0.3705599999999903	62407.88656981262	3.052338399679442e8	1.1314673375864094e8
0.3708799999999903	62408.677653724546	3.052338228383578e8	1.1324438276157269e8
0.37119999999999026	62409.47049459126	3.052338056288299e8	1.1334203172446568e8
0.37151999999999025	62410.266144730536	3.0523378838307846e8	1.1343968066414498e8
0.37183999999999023	62411.06001852801	3.052337711633509e8	1.1353732960083865e8
0.3721599999999902	62411.85624502538	3.0523375391131777e8	1.1363497851545791e8
0.3724799999999902	62412.65163389641	3.052337366517897e8	1.1373262741520895e8
0.3727999999999902	62413.44969462092	3.052337193376996e8	1.1383027628473988e8
0.3731199999999902	62414.24738816434	3.052337020508587e8	1.1392792515261608e8
0.37343999999999017	62415.0468058248	3.052336847179154e8	1.1402557399278198e8
0.37375999999999016	62415.84619186025	3.0523366736739147e8	1.1412322281475243e8
0.37407999999999014	62416.64615758798	3.052336500233273e8	1.1422087162788622e8
0.37439999999999013	62417.44865328995	3.0523363263569e8	1.1431852041467682e8
0.3747199999999901	62418.25115977024	3.0523361521806556e8	1.1441616917859569e8
0.3750399999999901	62419.05379280527	3.0523359780721146e8	1.1451381793347192e8
0.3753599999999901	62419.85870855244	3.052335803334446e8	1.1461146665450245e8
0.3756799999999901	62420.66335995141	3.052335629106587e8	1.1470911538282211e8
0.37599999999999006	62421.46943285699	3.0523354540015024e8	1.1480676406737955e8
0.37631999999999005	62422.27584839461	3.0523352791752374e8	1.1490441275092062e8
0.37663999999999004	62423.08413384596	3.0523351040021515e8	1.1500206141085967e8
0.37695999999999	62423.892091728354	3.052334928673917e8	1.1509971005301777e8
0.37727999999999	62424.702025343715	3.052334752906988e8	1.1519735866811702e8
0.37759999999999	62425.511491337085	3.0523345772558856e8	1.152950072755314e8
0.37791999999999	62426.32271071842	3.052334401285493e8	1.1539265586021017e8
0.37823999999999	62427.1348338072	3.052334225213612e8	1.1549030442983086e8
0.37855999999998996	62427.94763996525	3.052334048818341e8	1.1558795297584543e8
0.37887999999998995	62428.761079010015	3.05233387229309e8	1.1568560150551893e8
0.37919999999998993	62429.575886489445	3.0523336955652434e8	1.157832500165413e8
0.3795199999999899	62430.39230773069	3.052333518448845e8	1.158808985019866e8
0.3798399999999899	62431.20777149767	3.0523333414277124e8	1.1597854697859873e8
0.3801599999999899	62432.025723646075	3.0523331641245174e8	1.1607619543417913e8
0.3804799999999899	62432.84221900251	3.052332986885765e8	1.1617384387943803e8
0.38079999999998987	62433.66234639644	3.052332808957151e8	1.1627149228881012e8
0.38111999999998986	62434.48215119705	3.052332631132677e8	1.1636914069003923e8
0.38143999999998984	62435.303717999916	3.0523324528190637e8	1.1646678906179507e8
0.38175999999998983	62436.12410633877	3.0523322748143834e8	1.1656443743267831e8
0.3820799999999898	62436.94766106436	3.0523320961758655e8	1.1666208576938309e8
0.3823999999999898	62437.7695587324	3.0523319177678627e8	1.1675973410191943e8
0.3827199999999898	62438.59449899619	3.0523317388746667e8	1.1685738240582047e8
0.3830399999999898	62439.42086460417	3.0523315591494155e8	1.1695503066675273e8
0.38335999999998976	62440.24699352606	3.0523313802061623e8	1.1705267894548641e8
0.38367999999998975	62441.07305904721	3.0523312008807325e8	1.1715032719753657e8
0.38399999999998974	62441.901060845295	3.052331021282652e8	1.1724797542830418e8
0.3843199999999897	62442.729933727234	3.052330841273163e8	1.1734562363177267e8
0.3846399999999897	62443.560064771664	3.052330661106758e8	1.1744327181792866e8
0.3849599999999897	62444.38982396752	3.0523304810287875e8	1.1754091999519838e8
0.3852799999999897	62445.22171456017	3.0523303003578e8	1.1763856813887455e8
0.3855999999999897	62446.05397315107	3.0523301198980767e8	1.1773621627882779e8
0.38591999999998966	62446.887989835595	3.0523299386445147e8	1.1783386437714276e8
0.38623999999998965	62447.722337687446	3.0523297577676064e8	1.1793151247807485e8
0.38655999999998963	62448.55680616054	3.0523295765331274e8	1.1802916055314858e8
0.3868799999999896	62449.39308824389	3.052329395065405e8	1.1812680860817748e8
0.3871999999999896	62450.22961501647	3.05232921336597e8	1.1822445664223528e8
0.3875199999999896	62451.06778213504	3.052329031434132e8	1.183221046561275e8
0.3878399999999896	62451.90609057946	3.0523288494810706e8	1.1841975265710308e8
0.38815999999998957	62452.745990801	3.0523286672213095e8	1.1851740063496618e8
0.38847999999998956	62453.58663777043	3.0523284846445715e8	1.1861504858876987e8
0.38879999999998954	62454.42847485556	3.0523283018569654e8	1.1871269652287945e8
0.38911999999998953	62455.27157470725	3.052328118880731e8	1.1881034443818337e8
0.3894399999999895	62456.11390567202	3.0523279360155535e8	1.1890799234509277e8
0.3897599999999895	62456.95874153923	3.052327752588272e8	1.1900564021937972e8
0.3900799999999895	62457.80353398741	3.052327569171115e8	1.191032880817551e8
0.3903999999999895	62458.65000529896	3.052327385435199e8	1.1920093592043018e8
0.39071999999998946	62459.498001115026	3.0523272013261646e8	1.192985837331548e8
0.39103999999998945	62460.34669347882	3.052327017011766e8	1.1939623152594733e8
0.39135999999998944	62461.19356131717	3.052326833007117e8	1.1949387931741247e8
0.3916799999999894	62462.045002815765	3.052326648125642e8	1.1959152706499803e8
0.3919999999999894	62462.895776558	3.0523264635731065e8	1.196891748126947e8
0.3923199999999894	62463.747558714844	3.0523262785628164e8	1.1978682253068966e8
0.3926399999999894	62464.59996143625	3.0523260934916973e8	1.1988447023428734e8
0.3929599999999894	62465.453703444335	3.052325908109027e8	1.1998211791406523e8
0.39327999999998936	62466.30898158786	3.052325722281858e8	1.2007976556488296e8
0.39359999999998935	62467.16454860855	3.052325536550068e8	1.2017741320718971e8
0.39391999999998933	62468.02063922668	3.052325350685952e8	1.2027506083216678e8
0.3942399999999893	62468.87767706756	3.052325164423546e8	1.2037270842957228e8
0.3945599999999893	62469.73622431841	3.0523249778716236e8	1.2047035600399916e8
0.3948799999999893	62470.59592116629	3.052324791317584e8	1.205680035665493e8
0.3951999999999893	62471.455340599285	3.052324604587212e8	1.2066565110947335e8
0.39551999999998927	62472.31821866399	3.052324417156594e8	1.2076329861429113e8
0.39583999999998926	62473.17961107749	3.05232422983889e8	1.2086094611013316e8
0.39615999999998924	62474.04388970095	3.0523240423508656e8	1.2095859358843097e8
0.39647999999998923	62474.907176964625	3.0523238547493225e8	1.210562410490773e8
0.3967999999999892	62475.771947228764	3.052323667199026e8	1.2115388850009261e8
0.3971199999999892	62476.63809042257	3.052323478737471e8	1.2125153590319112e8
0.3974399999999892	62477.505732795165	3.0523232905524176e8	1.2134918330556634e8
0.3977599999999892	62478.37380120501	3.052323101718659e8	1.2144683066979611e8
0.39807999999998916	62479.24260175033	3.0523229132340133e8	1.2154447803572313e8
0.39839999999998915	62480.11275813227	3.0523227239806217e8	1.2164212535921995e8
0.39871999999998914	62480.98352811454	3.0523225348899186e8	1.2173977267690329e8
0.3990399999999891	62481.85496143347	3.0523223455412114e8	1.218374199720308e8
0.3993599999999891	62482.728307820646	3.0523221556601924e8	1.2193506723437293e8
0.3996799999999891	62483.60197545453	3.0523219660204494e8	1.220327144938399e8
0.3999999999999891	62484.47664441131	3.052321776016917e8	1.2213036172666001e8
0.4003199999999891	62485.35346445855	3.052321585522784e8	1.2222800892841032e8
0.40063999999998906	62486.228286755555	3.052321395295021e8	1.2232565612688233e8
0.40095999999998905	62487.10721905715	3.0523212043724287e8	1.2242330328722206e8
0.40127999999998903	62487.9857780605	3.052321013615952e8	1.2252095044122262e8
0.401599999999989	62488.86585667703	3.052320822262737e8	1.2261859755939682e8
0.401919999999989	62489.74653626409	3.052320630825156e8	1.2271624466172972e8
0.402239999999989	62490.62861509368	3.0523204391316223e8	1.2281389174178798e8
0.402559999999989	62491.51070722542	3.052320247592882e8	1.2291153881525262e8
0.40287999999998897	62492.394598255225	3.052320055534428e8	1.2300918585603017e8
0.40319999999998896	62493.278980522366	3.052319863349491e8	1.2310683287914367e8
0.40351999999998894	62494.16489301114	3.0523196707795763e8	1.2320447987476948e8
0.40383999999998893	62495.05204043299	3.0523194777935153e8	1.2330212684143437e8
0.4041599999999889	62495.93865756167	3.052319285344925e8	1.2339977381658682e8
0.4044799999999889	62496.827658362505	3.0523190918357515e8	1.234974207373762e8
0.4047999999999889	62497.71848604091	3.052318898363582e8	1.235950676477973e8
0.4051199999999889	62498.60885923398	3.052318704974295e8	1.2369271454835342e8
0.40543999999998886	62499.49946021066	3.052318511226336e8	1.2379036142155622e8
0.40575999999998885	62500.392999371405	3.0523183169702893e8	1.2388800826291901e8
0.40607999999998884	62501.28609032224	3.0523181230759096e8	1.2398565510569789e8
0.4063999999999888	62502.18189645062	3.0523179283986807e8	1.240833019052927e8
0.4067199999999888	62503.07775960821	3.052317733483268e8	1.241809486822013e8
0.4070399999999888	62503.97392834403	3.0523175385803854e8	1.2427859544675314e8
0.4073599999999888	62504.871498709064	3.0523173435597914e8	1.2437624219429323e8
0.4076799999999888	62505.77067738676	3.05231714828961e8	1.2447388891955504e8
0.40799999999998876	62506.66975535052	3.052316952760439e8	1.2457153562111764e8
0.40831999999998875	62507.57153044803	3.052316756667423e8	1.2466918228816392e8
0.40863999999998873	62508.47324488903	3.052316560526543e8	1.2476682894009133e8
0.4089599999999887	62509.375934809366	3.052316364288642e8	1.2486447557549737e8
0.4092799999999887	62510.279697587895	3.052316167754087e8	1.249621221862588e8
0.4095999999999887	62511.18503876379	3.052315971085981e8	1.2505976877932523e8
0.4099199999999887	62512.09015495834	3.0523157741277045e8	1.2515741534719805e8
0.41023999999998867	62512.99765941108	3.052315576915343e8	1.2525506189287117e8
0.41055999999998866	62513.90507419178	3.0523153795682114e8	1.2535270841975595e8
0.41087999999998864	62514.81417337771	3.0523151818520385e8	1.2545035491925892e8
0.41119999999998863	62515.724215958035	3.052314983872566e8	1.255480013952548e8
0.4115199999999886	62516.63532284536	3.0523147860027194e8	1.2564564786313522e8
0.4118399999999886	62517.5475449908	3.052314587445321e8	1.257432942901087e8
0.4121599999999886	62518.46155201662	3.0523143887900364e8	1.258409407008054e8
0.4124799999999886	62519.37588785978	3.05231418985049e8	1.2593858708667116e8
0.41279999999998856	62520.290231500316	3.052313991109198e8	1.2603623346740814e8
0.41311999999998855	62521.20583063962	3.0523137918356615e8	1.2613387981358925e8
0.41343999999998854	62522.124163139066	3.0523135923539495e8	1.2623152613942732e8
0.4137599999999885	62523.04285822902	3.0523133924455374e8	1.2632917243446825e8
0.4140799999999885	62523.961689506476	3.0523131925872815e8	1.2642681871828376e8
0.4143999999999885	62524.883238008864	3.052312992179268e8	1.2652446496752954e8
0.4147199999999885	62525.80388564997	3.05231279183472e8	1.2662211120546417e8
0.4150399999999885	62526.726648130316	3.052312591138147e8	1.2671975741661423e8
0.41535999999998846	62527.649727686694	3.05231239049734e8	1.268174036168308e8
0.41567999999998845	62528.57533359296	3.052312189015441e8	1.2691504977012925e8
0.41599999999998843	62529.50149070316	3.0523119875444245e8	1.270126959107151e8
0.4163199999999884	62530.42739169242	3.052311786281466e8	1.2711034204632643e8
0.4166399999999884	62531.35577420914	3.052311584290749e8	1.2720798813959067e8
0.4169599999999884	62532.28457071675	3.0523113821457356e8	1.2730563421314116e8
0.4172799999999884	62533.21376679156	3.052311179973259e8	1.274032802722468e8
0.41759999999998837	62534.1463893727	3.0523109770900935e8	1.2750092629013592e8
0.41791999999998836	62535.07788557006	3.052310774499336e8	1.2759857230600832e8
0.41823999999998834	62536.01117779626	3.052310571572594e8	1.276962182953114e8
0.41855999999998833	62536.9449069874	3.0523103680960447e8	1.2779386424827121e8
0.4188799999999883	62537.881669209964	3.052310164562641e8	1.2789151018699194e8
0.4191999999999883	62538.817896315064	3.0523099607379067e8	1.2798915609956366e8
0.4195199999999883	62539.755300992605	3.0523097568443424e8	1.280868019962874e8
0.4198399999999883	62540.69396321042	3.0523095525792927e8	1.2818444786449514e8
0.42015999999998827	62541.634226196955	3.0523093480203396e8	1.2828209370760873e8
0.42047999999998825	62542.57553485741	3.05230914302633e8	1.283797395193415e8
0.42079999999998824	62543.517461751464	3.0523089382094383e8	1.2847738532516342e8
0.4211199999999882	62544.460413183864	3.052308732871855e8	1.2857503109593993e8
0.4214399999999882	62545.40448807692	3.05230852753516e8	1.2867267685365881e8
0.4217599999999882	62546.349942987195	3.052308321698803e8	1.2877032257735613e8
0.4220799999999882	62547.296193280294	3.0523081160228854e8	1.2886796829450636e8
0.4223999999999882	62548.24238967032	3.0523079098918474e8	1.2896561397863229e8
0.42271999999998816	62549.192074745624	3.05230770337104e8	1.290632596344979e8
0.42303999999998815	62550.14124059975	3.052307496730861e8	1.2916090527118891e8
0.42335999999998813	62551.09248726741	3.052307289570346e8	1.292585508732184e8
0.4236799999999881	62552.04369600741	3.0523070825847083e8	1.2935619646876818e8
0.4239999999999881	62552.99780015057	3.052306875107368e8	1.2945384203128168e8
0.4243199999999881	62553.95085128815	3.052306667670488e8	1.2955148758101657e8
0.4246399999999881	62554.90753892792	3.05230645930649e8	1.2964913307958874e8
0.42495999999998807	62555.862084065455	3.0523062514756346e8	1.2974677858563775e8
0.42527999999998806	62556.82002159197	3.0523060430244666e8	1.2984442405334368e8
0.42559999999998804	62557.77902489886	3.0523058342304254e8	1.2994206949311516e8
0.42591999999998803	62558.7381966961	3.0523056254358804e8	1.3003971491898534e8
0.426239999999988	62559.69924068714	3.052305416130529e8	1.3013736031018035e8
0.426559999999988	62560.66085221867	3.0523052069052625e8	1.3023500569110632e8
0.426879999999988	62561.62424724701	3.0523049969816494e8	1.3033265102923755e8
0.427199999999988	62562.58985261855	3.052304786935293e8	1.3043029634933963e8
0.42751999999998797	62563.55411654642	3.052304576955535e8	1.3052794165745999e8
0.42783999999998795	62564.52034990247	3.0523043666297555e8	1.3062558693784718e8
0.42815999999998794	62565.48850029477	3.0523041559015304e8	1.3072323218802024e8
0.4284799999999879	62566.45643096808	3.0523039451486313e8	1.308208774229043e8
0.4287999999999879	62567.426427027116	3.052303733870768e8	1.3091852262234995e8
0.4291199999999879	62568.3970119979	3.0523035224622375e8	1.3101616780238205e8
0.4294399999999879	62569.3707189617	3.052303310394269e8	1.3111381294172521e8
0.4297599999999879	62570.344196085396	3.052303098620017e8	1.3121145807936454e8
0.43007999999998786	62571.31863967615	3.052302886274077e8	1.3130910317879094e8
0.43039999999998785	62572.29365174593	3.0523026741062737e8	1.3140674827199435e8
0.43071999999998783	62573.270452707955	3.0523024614797056e8	1.3150439333225349e8
0.4310399999999878	62574.2486970645	3.052302248413678e8	1.3160203836015813e8
0.4313599999999878	62575.22689564891	3.0523020350750846e8	1.3169968336201707e8
0.4316799999999878	62576.20764131556	3.052301821593557e8	1.3179732834487365e8
0.4319999999999878	62577.1891690393	3.052301607898275e8	1.3189497330464977e8
0.43231999999998777	62578.17156798537	3.0523013939418036e8	1.3199261823932403e8
0.43263999999998776	62579.15639296006	3.0523011796067625e8	1.3209026314467435e8
0.43295999999998774	62580.14012955419	3.052300965071843e8	1.3218790802640586e8
0.43327999999998773	62581.12658914993	3.052300750420607e8	1.322855528902809e8
0.4335999999999877	62582.114637302475	3.052300534904146e8	1.323831977031706e8
0.4339199999999877	62583.10155098879	3.052300320257916e8	1.3248084253875372e8
0.4342399999999877	62584.09285777797	3.0523001041718096e8	1.3257848729992811e8
0.4345599999999877	62585.08246105379	3.052299888606519e8	1.326761320683079e8
0.43487999999998767	62586.07372923903	3.0522996726342356e8	1.3277377680549973e8
0.43519999999998765	62587.06839683912	3.05229945592123e8	1.3287142149791868e8
0.43551999999998764	62588.06216236284	3.052299239424498e8	1.3296906618474138e8
0.4358399999999876	62589.05750285814	3.0522990227888376e8	1.3306671085190573e8
0.4361599999999876	62590.05435426047	3.052298805358866e8	1.3316435547077562e8
0.4364799999999876	62591.05126845207	3.0522985881276184e8	1.332620000838013e8
0.4367999999999876	62592.051893472955	3.052298370287366e8	1.3335964465777476e8
0.4371199999999876	62593.051849258154	3.0522981523288846e8	1.3345728921162131e8
0.43743999999998756	62594.05244887098	3.052297934349754e8	1.3355493375033748e8
0.43775999999998755	62595.055584537	3.0522977158167225e8	1.3365257825164089e8
0.43807999999998753	62596.05875093707	3.052297497440689e8	1.3375022274521123e8
0.4383999999999875	62597.06516558049	3.052297278001347e8	1.3384786717937225e8
0.4387199999999875	62598.07109653125	3.052297058676022e8	1.339455116035757e8
0.4390399999999875	62599.07745376083	3.05229683941601e8	1.3404315601620515e8
0.4393599999999875	62600.086915791835	3.052296619601223e8	1.3414080039152399e8
0.43967999999998747	62601.09671395562	3.0522963993503934e8	1.3423844473314503e8
0.43999999999998746	62602.10812584565	3.0522961790880024e8	1.3433608906041875e8
0.44031999999998744	62603.120435750425	3.052295958342465e8	1.3443373335217705e8
0.44063999999998743	62604.133813120214	3.052295737623415e8	1.3453137763092402e8
0.4409599999999874	62605.148106355955	3.052295516429927e8	1.3462902187448758e8
0.4412799999999874	62606.16424838146	3.052295295027276e8	1.3472666609504867e8
0.4415999999999874	62607.182417573385	3.052295073088766e8	1.34824310278258e8
0.4419199999999874	62608.199819995214	3.0522948512055916e8	1.349219544486292e8
0.44223999999998737	62609.21943435724	3.0522946291666037e8	1.3501959859849173e8
0.44255999999998735	62610.2405127282	3.0522944065569484e8	1.3511724270905185e8
0.44287999999998734	62611.262744440035	3.052294183656158e8	1.3521488679246023e8
0.4431999999999873	62612.28557380038	3.052293960720565e8	1.3531253085973907e8
0.4435199999999873	62613.31054395433	3.0522937371944255e8	1.354101748870948e8
0.4438399999999873	62614.337221562324	3.052293513634283e8	1.355078188989293e8
0.4441599999999873	62615.364357387065	3.0522932894852924e8	1.3560546286989927e8
0.4444799999999873	62616.39136903149	3.052293065514165e8	1.3570310683370304e8
0.44479999999998726	62617.42166133708	3.0522928410719275e8	1.358007507633818e8
0.44511999999998725	62618.45254303265	3.05229261629131e8	1.3589839466330197e8
0.44543999999998724	62619.48420058029	3.0522923912649727e8	1.3599603853766134e8
0.4457599999999872	62620.5174894033	3.052292166235846e8	1.3609368239773852e8
0.4460799999999872	62621.55325129282	3.052291940129257e8	1.3619132619605896e8
0.4463999999999872	62622.58814911808	3.052291714647475e8	1.3628897000665873e8
0.4467199999999872	62623.625317705446	3.0522914883449763e8	1.3638661376675865e8
0.44703999999998717	62624.66409139893	3.0522912618559396e8	1.3648425750426e8
0.44735999999998716	62625.70297049675	3.05229103531525e8	1.3658190122434872e8
0.44767999999998714	62626.744712849824	3.052290808181617e8	1.366795449043105e8
0.44799999999998713	62627.78720730879	3.0522905809481335e8	1.3677718856501088e8
0.4483199999999871	62628.83020743108	3.052290353323697e8	1.3687483219325286e8
0.4486399999999871	62629.87503882944	3.052290125667315e8	1.369724758058359e8
0.4489599999999871	62630.920506824434	3.052289897443567e8	1.3707011937805852e8
0.4492799999999871	62631.96805581516	3.052289669139813e8	1.3716776293255728e8
0.44959999999998707	62633.01685390918	3.0522894404591477e8	1.3726540645551574e8
0.44991999999998705	62634.066095188464	3.052289211484869e8	1.3736304995020092e8
0.45023999999998704	62635.11755240911	3.052288982244867e8	1.3746069341881454e8
0.450559999999987	62636.16983549357	3.052288752634517e8	1.3755833685585123e8
0.450879999999987	62637.22338599243	3.0522885227148616e8	1.376559802642694e8
0.451199999999987	62638.27827502942	3.0522882926177484e8	1.3775362365002617e8
0.451519999999987	62639.335972404326	3.052288062071747e8	1.378512670016537e8
0.451839999999987	62640.39378462736	3.0522878311162215e8	1.3794891031940836e8
0.45215999999998696	62641.4511985968	3.0522876006438357e8	1.3804655364333233e8
0.45247999999998695	62642.51214936499	3.052287368848509e8	1.381441968939054e8
0.45279999999998694	62643.57298846887	3.0522871377450675e8	1.3824184016023195e8
0.4531199999999869	62644.636345454026	3.052286905668632e8	1.3833948336837766e8
0.4534399999999869	62645.70109171119	3.052286673481964e8	1.3843712655675086e8
0.4537599999999869	62646.76596833282	3.052286441087091e8	1.3853476972020638e8
0.4540799999999869	62647.832666369504	3.052286208298273e8	1.386324128512132e8
0.45439999999998687	62648.90156044717	3.052285975080235e8	1.3873005594833326e8
0.45471999999998686	62649.969696560496	3.0522857420910394e8	1.3882769903983587e8
0.45503999999998684	62651.040650307135	3.0522855083264714e8	1.3892534208199653e8
0.45535999999998683	62652.11356238387	3.0522852741816473e8	1.390229850922621e8
0.4556799999999868	62653.185347755505	3.0522850404932415e8	1.391206281070405e8
0.4559999999999868	62654.261769481804	3.052284805552437e8	1.392182710515897e8
0.4563199999999868	62655.33575013822	3.0522845710683566e8	1.3931591399992785e8
0.4566399999999868	62656.412826347114	3.0522843362701774e8	1.3941355691991067e8
0.45695999999998677	62657.4930101676	3.052284100325277e8	1.3951119977346405e8
0.45727999999998675	62658.571917031266	3.0522838650731474e8	1.3960884264221165e8
0.45759999999998674	62659.65441283419	3.052283628643819e8	1.3970648544329065e8
0.4579199999999867	62660.736625568155	3.052283392332353e8	1.3980412823378906e8
0.4582399999999867	62661.82047469908	3.052283155872146e8	1.399017710025415e8
0.4585599999999867	62662.90633723643	3.0522829186270607e8	1.3999941372056568e8
0.4588799999999867	62663.99227924298	3.0522826817599237e8	1.4009705644009745e8
0.4591999999999867	62665.081540095634	3.052282444014415e8	1.4019469910523474e8
0.45951999999998666	62666.16979255597	3.0522822063331556e8	1.4029234175686657e8
0.45983999999998665	62667.26115162109	3.052281968434293e8	1.403899843842621e8
0.46015999999998664	62668.35356128685	3.0522817298921883e8	1.404876269667014e8
0.4604799999999866	62669.44708101747	3.0522814910473675e8	1.4058526951983425e8
0.4607999999999866	62670.54085515671	3.052281252024042e8	1.406829120488929e8
0.4611199999999866	62671.638734979475	3.052281012797204e8	1.407805545547821e8
0.4614399999999866	62672.73618575359	3.052280772828184e8	1.4087819701017982e8
0.46175999999998657	62673.83471267758	3.05228053300329e8	1.4097583945675159e8
0.46207999999998656	62674.93500491795	3.052280292855226e8	1.4107348187328804e8
0.46239999999998654	62676.03790968391	3.0522800519831115e8	1.4117112424167523e8
0.46271999999998653	62677.14110155822	3.052279811448462e8	1.4126876660971016e8
0.4630399999999865	62678.24379006427	3.052279570293722e8	1.4136640893266192e8
0.4633599999999865	62679.35104743039	3.0522793285203075e8	1.4146405121325895e8
0.4636799999999865	62680.457880869966	3.0522790870531344e8	1.415616934916463e8
0.4639999999999865	62681.56760570418	3.052278844725702e8	1.416593357155051e8
0.46431999999998647	62682.67586244683	3.052278602622056e8	1.4175697793274915e8
0.46463999999998645	62683.78943841434	3.052278359286458e8	1.418546200793956e8
0.46495999999998644	62684.902468463886	3.052278116382899e8	1.4195226222955188e8
0.4652799999999864	62686.01456835978	3.0522778735414237e8	1.420499043658412e8
0.4655999999999864	62687.13199817176	3.052277629424033e8	1.4214754642931867e8
0.4659199999999864	62688.24894339885	3.0522773853623235e8	1.4224518847879294e8
0.4662399999999864	62689.36760033852	3.052277141212885e8	1.4234283050875574e8
0.4665599999999864	62690.48785668649	3.052276896449898e8	1.4244047249460456e8
0.46687999999998636	62691.60922495698	3.0522766516153485e8	1.4253811446132323e8
0.46719999999998635	62692.730707742136	3.052276406498405e8	1.426357563985224e8
0.46751999999998634	62693.85641836977	3.0522761606690663e8	1.4273339828826165e8
0.4678399999999863	62694.9805946911	3.052275915046518e8	1.428310401704054e8
0.4681599999999863	62696.10717287567	3.0522756689325994e8	1.4292868201438323e8
0.4684799999999863	62697.23583037577	3.0522754224189216e8	1.4302632382426602e8
0.4687999999999863	62698.3672653721	3.052275175073794e8	1.4312396558014664e8
0.46911999999998627	62699.50030014111	3.0522749277182025e8	1.4322160731983146e8
0.46943999999998626	62700.63131653357	3.052274680460502e8	1.4331924904648492e8
0.46975999999998624	62701.76405744525	3.0522744331637603e8	1.4341689075567043e8
0.47007999999998623	62702.902266979014	3.052274184437066e8	1.435145323839827e8
0.4703999999999862	62704.03777598676	3.05227393631308e8	1.4361217402256927e8
0.4707199999999862	62705.17741626922	3.0522736873726237e8	1.4370981560830283e8
0.4710399999999862	62706.31810228538	3.052273438070616e8	1.438074571608975e8
0.4713599999999862	62707.4588651627	3.052273188763318e8	1.4390509869659802e8
0.47167999999998617	62708.600837129445	3.0522729393054956e8	1.440027402091517e8
0.47199999999998615	62709.746228315285	3.052272688961239e8	1.4410038166497478e8
0.47231999999998614	62710.89229229412	3.0522724385521996e8	1.4419802310133806e8
0.4726399999999861	62712.03966805071	3.0522721876934767e8	1.442956645003796e8
0.4729599999999861	62713.188861777984	3.052271936804797e8	1.4439330588217318e8
0.4732799999999861	62714.33854194607	3.0522716854351985e8	1.4449094722466964e8
0.4735999999999861	62715.490323127065	3.0522714335949844e8	1.445885885291603e8
0.4739199999999861	62716.64369161087	3.0522711815236914e8	1.4468622980667982e8
0.47423999999998606	62717.79856980968	3.052270929156054e8	1.447838710540685e8
0.47455999999998605	62718.95611529673	3.052270676136178e8	1.448815122550154e8
0.47487999999998604	62720.11112129895	3.0522704237268335e8	1.4497915346668762e8
0.475199999999986	62721.27149502247	3.0522701699105936e8	1.4507679459742773e8
0.475519999999986	62722.43307855583	3.0522699160886437e8	1.4517443571154398e8
0.475839999999986	62723.59292727387	3.05226966245537e8	1.452720768167408e8
0.476159999999986	62724.75835693182	3.0522694076531065e8	1.4536971785222372e8
0.47647999999998597	62725.923417033	3.052269153198447e8	1.454673588870226e8
0.47679999999998596	62727.089807237615	3.052268897999754e8	1.4556499987001115e8
0.47711999999998594	62728.25858982099	3.0522686424709487e8	1.4566264082142106e8
0.47743999999998593	62729.42693378944	3.052268387009506e8	1.457602817587161e8
0.4777599999999859	62730.599926560026	3.0522681305352116e8	1.4585792263295162e8
0.4780799999999859	62731.77199673101	3.0522678745821124e8	1.4595556351445785e8
0.4783999999999859	62732.94568386825	3.0522676176621556e8	1.4605320433342192e8
0.4787199999999859	62734.121556353646	3.052267360560515e8	1.4615084512763354e8
0.47903999999998587	62735.29891599476	3.0522671031664085e8	1.4624848589140257e8
0.47935999999998585	62736.47738805965	3.0522668454695094e8	1.463461266240094e8
0.47967999999998584	62737.656962503126	3.052266587491878e8	1.4644376732647684e8
0.4799999999999858	62738.83963532882	3.052266328827475e8	1.4654140798032483e8
0.4803199999999858	62740.023507063	3.05226606994545e8	1.4663904860703167e8
0.4806399999999858	62741.20826330761	3.052265810750231e8	1.467366892018184e8
0.4809599999999858	62742.39398712622	3.0522655514183134e8	1.4683432977318594e8
0.4812799999999858	62743.58298701809	3.052265291713209e8	1.46931970310936e8
0.48159999999998576	62744.77142298145	3.052265031539024e8	1.4702961080842075e8
0.48191999999998575	62745.9644395942	3.0522647705520767e8	1.471272512516982e8
0.48223999999998574	62747.15537203208	3.0522645100762284e8	1.472248917010771e8
0.4825599999999857	62748.35090333373	3.0522642485651034e8	1.473225320854447e8
0.4828799999999857	62749.54512898231	3.052263987244361e8	1.4742017246082845e8
0.4831999999999857	62750.74335341878	3.052263725263387e8	1.4751781278888753e8
0.4835199999999857	62751.94206640321	3.0522634630535144e8	1.4761545308859763e8
0.48383999999998567	62753.142462546515	3.052263200375086e8	1.4771309334895727e8
0.48415999999998566	62754.34542529207	3.052262937299423e8	1.478107335738287e8
0.48447999999998564	62755.54965736456	3.0522626738055223e8	1.4790837376148495e8
0.48479999999998563	62756.75387534283	3.052262410262927e8	1.4800601392913887e8
0.4851199999999856	62757.96125651254	3.052262146147517e8	1.481036540529957e8
0.4854399999999856	62759.16847780788	3.052261882212429e8	1.482012941678477e8
0.4857599999999856	62760.37860474041	3.052261617261569e8	1.482989342171873e8
0.4860799999999856	62761.59156672132	3.0522613519734997e8	1.4839657423386142e8
0.48639999999998557	62762.80379092591	3.052261086519704e8	1.48494214224341e8
0.48671999999998555	62764.01911016072	3.052260820576344e8	1.4859185417481628e8
0.48703999999998554	62765.23492859024	3.0522605544239247e8	1.4868949409756738e8
0.4873599999999855	62766.45330256105	3.0522602879321843e8	1.4878713398727956e8
0.4876799999999855	62767.671092311255	3.0522600213077635e8	1.488847738523866e8
0.4879999999999855	62768.89426141728	3.0522597538809276e8	1.489824136632467e8
0.4883199999999855	62770.115561229264	3.0522594863524306e8	1.4908005345028785e8
0.4886399999999855	62771.34277295093	3.052259217788891e8	1.4917769317187235e8
0.48895999999998546	62772.56540567393	3.0522589503165877e8	1.4927533292650035e8
0.48927999999998545	62773.79497854447	3.0522586810109794e8	1.493729725770722e8
0.48959999999998544	62775.024870509376	3.052258411922784e8	1.4947061222042894e8
0.4899199999999854	62776.25403357807	3.052258142952643e8	1.495682518511889e8
0.4902399999999854	62777.48841286503	3.0522578727569145e8	1.4966589140652385e8
0.4905599999999854	62778.72213108285	3.052257602602282e8	1.4976353094545555e8
0.4908799999999854	62779.957612911225	3.052257332079898e8	1.4986117044915345e8
0.49119999999998537	62781.196731080316	3.05225706097041e8	1.4995880990775886e8
0.49151999999998536	62782.43549866254	3.052256789781532e8	1.5005644934413975e8
0.49183999999998534	62783.674477675835	3.052256518639622e8	1.5015408876478925e8
0.49215999999998533	62784.91798661163	3.052256246375166e8	1.5025172811434603e8
0.4924799999999853	62786.16117486132	3.052255974054623e8	1.5034936744275707e8
0.4927999999999853	62787.40930630722	3.0522557006870514e8	1.5044700670385358e8
0.4931199999999853	62788.65490103148	3.0522554279026026e8	1.5054464597412488e8
0.4934399999999853	62789.90489015729	3.052255154509507e8	1.5064228519833377e8
0.49375999999998527	62791.15604989922	3.05225488050591e8	1.50739924374694e8
0.49407999999998525	62792.406368979544	3.0522546064826024e8	1.5083756353131813e8
0.49439999999998524	62793.66050256937	3.052254331992655e8	1.5093520264846244e8
0.4947199999999852	62794.91772201031	3.052254056648378e8	1.5103284170653063e8
0.4950399999999852	62796.17439092923	3.052253781393992e8	1.511304807503441e8
0.4953599999999852	62797.43458697861	3.052253505425815e8	1.5122811974215862e8
0.4956799999999852	62798.69362714485	3.052253229717653e8	1.5132575872781014e8
0.4959999999999852	62799.95819830769	3.0522529527164775e8	1.514233976336647e8
0.49631999999998516	62801.223145468735	3.0522526759116715e8	1.5152103653091747e8
0.49663999999998515	62802.489355360056	3.05225239832933e8	1.5161867537166524e8
0.49695999999998514	62803.75465849585	3.052252121239395e8	1.5171631421785185e8
0.4972799999999851	62805.023880326284	3.052251843448302e8	1.5181395301259777e8
0.4975999999999851	62806.296058336964	3.0522515643775994e8	1.519115917265645e8
0.4979199999999851	62807.569627404846	3.052251285507935e8	1.520092304325651e8
0.4982399999999851	62808.84358430061	3.05225100642877e8	1.5210686910965934e8
0.49855999999998507	62810.11962925598	3.0522507269338286e8	1.522045077483953e8
0.49887999999998506	62811.397175582744	3.052250446949416e8	1.5230214634476054e8
0.49919999999998504	62812.6778057339	3.052250166494411e8	1.5239978490044156e8
0.49951999999998503	62813.95832668536	3.052249885895521e8	1.5249742343011186e8
0.499839999999985	62815.2429075044	3.052249604647108e8	1.5259506191056907e8
0.5001599999999851	62816.5258036387	3.05224932332965e8	1.526927003679089e8
0.500479999999985	62817.813049881304	3.0522490413299394e8	1.5279033877445093e8
0.500799999999985	62819.10124348934	3.052248758898369e8	1.528879771409665e8
0.501119999999985	62820.392379917976	3.052248476102581e8	1.5298561547179845e8
0.501439999999985	62821.68389332097	3.052248192820491e8	1.5308325375950798e8
0.501759999999985	62822.9781937952	3.0522479095495135e8	1.531808920302071e8
0.502079999999985	62824.273401746854	3.0522476255324316e8	1.5327853024493995e8
0.502399999999985	62825.56970370844	3.052247341469807e8	1.533761684389231e8
0.502719999999985	62826.86779549999	3.0522470569378525e8	1.5347380659119248e8
0.5030399999999849	62828.17021958387	3.05224677131851e8	1.5357144467187405e8
0.5033599999999849	62829.472535771485	3.052246486192343e8	1.5366908275821334e8
0.5036799999999849	62830.77674497856	3.052246200393667e8	1.537667207925377e8
0.5039999999999849	62832.08186255987	3.052245914151371e8	1.5386435878582832e8
0.5043199999999849	62833.390598978585	3.0522456272389895e8	1.539619967279642e8
0.5046399999999849	62834.7000315199	3.0522453402136624e8	1.5405963464554527e8
0.5049599999999849	62836.009947908926	3.052245053223755e8	1.541572725459467e8
0.5052799999999849	62837.32491203799	3.052244764869673e8	1.542549103607107e8
0.5055999999999848	62838.639355065774	3.0522444767161596e8	1.5435254816606155e8
0.5059199999999848	62839.95603155243	3.052244187875998e8	1.5445018591849393e8
0.5062399999999848	62841.27684074321	3.052243898584009e8	1.5454782363076514e8
0.5065599999999848	62842.595922779634	3.052243609283188e8	1.5464546132237667e8
0.5068799999999848	62843.91854269644	3.0522433193250895e8	1.5474309896305728e8
0.5071999999999848	62845.242645567996	3.052243028851375e8	1.5484073655891284e8
0.5075199999999848	62846.56856112439	3.052242738111062e8	1.5493837412269294e8
0.5078399999999847	62847.894727672494	3.05224244743662e8	1.5503601167048582e8
0.5081599999999847	62849.223938395175	3.05224215562463e8	1.551336491425184e8
0.5084799999999847	62850.555259072375	3.0522418640378255e8	1.5523128660751164e8
0.5087999999999847	62851.889422448665	3.052241571450492e8	1.5532892400348067e8
0.5091199999999847	62853.22427575164	3.0522412785403705e8	1.5542656136377513e8
0.5094399999999847	62854.55984179338	3.052240985836822e8	1.5552419871534237e8
0.5097599999999847	62855.89976695069	3.052240691775815e8	1.5562183598026103e8
0.5100799999999847	62857.23944518816	3.052240398044228e8	1.5571947324218428e8
0.5103999999999846	62858.58139473414	3.0522401036902505e8	1.5581711045379657e8
0.5107199999999846	62859.9272686176	3.052239808592455e8	1.5591474760964316e8
0.5110399999999846	62861.2726655306	3.0522395131655735e8	1.560123847286913e8
0.5113599999999846	62862.62063898698	3.052239217749562e8	1.5611002182978594e8
0.5116799999999846	62863.97132873617	3.052238921220392e8	1.5620765885547957e8
0.5119999999999846	62865.322686794505	3.0522386249163103e8	1.5630529587318152e8
0.5123199999999846	62866.675053994055	3.052238328219086e8	1.5640293285140583e8
0.5126399999999846	62868.03231530776	3.052238030487084e8	1.5650056975911435e8
0.5129599999999845	62869.390257685445	3.052237732570685e8	1.5659820663777226e8
0.5132799999999845	62870.74895630622	3.052237434556726e8	1.5669584349185494e8
0.5135999999999845	62872.10958438589	3.052237136002759e8	1.567934802991988e8
0.5139199999999845	62873.47252916634	3.052236836837373e8	1.5689111705626848e8
0.5142399999999845	62874.83831904414	3.0522365372130954e8	1.5698875377110332e8
0.5145599999999845	62876.205117911144	3.0522362372451264e8	1.5708639044869292e8
0.5148799999999845	62877.573988869066	3.052235936883731e8	1.571840270869583e8
0.5151999999999844	62878.94507386479	3.052235635927568e8	1.5728166367555535e8
0.5155199999999844	62880.317466779954	3.052235334961745e8	1.5737930024414945e8
0.5158399999999844	62881.691142175536	3.0522350333777833e8	1.5747693676133823e8
0.5161599999999844	62883.06794439625	3.05223473119461e8	1.5757457322893044e8
0.5164799999999844	62884.445697734634	3.0522344288508207e8	1.5767220966846618e8
0.5167999999999844	62885.8261880246	3.0522341257031167e8	1.5776984604754636e8
0.5171199999999844	62887.20932149527	3.0522338224311364e8	1.5786748240119132e8
0.5174399999999844	62888.59276774301	3.0522335187240404e8	1.5796511871217796e8
0.5177599999999843	62889.97863493746	3.05223321464529e8	1.5806275498476666e8
0.5180799999999843	62891.367350760855	3.0522329093489033e8	1.581603911752969e8
0.5183999999999843	62892.75753769119	3.052232604430056e8	1.5825802736567947e8
0.5187199999999843	62894.1500893998	3.0522322988019717e8	1.583556635000061e8
0.5190399999999843	62895.54346001956	3.0522319928391314e8	1.5845329959690002e8
0.5193599999999843	62896.93850478914	3.052231686547087e8	1.5855093565702766e8
0.5196799999999843	62898.33678953573	3.0522313794984263e8	1.5864857165889615e8
0.5199999999999843	62899.73761659562	3.052231071977237e8	1.5874620761686748e8
0.5203199999999842	62901.139168779184	3.052230764203783e8	1.588438435414829e8
0.5206399999999842	62902.54431131659	3.052230455657323e8	1.589414794069791e8
0.5209599999999842	62903.948090123275	3.0522301471589816e8	1.5903911525368258e8
0.5212799999999842	62905.35870647436	3.052229837679336e8	1.5913675103186357e8
0.5215999999999842	62906.766701028275	3.0522295286200064e8	1.592343868100045e8
0.5219199999999842	62908.178469657876	3.0522292184685767e8	1.5933202251226988e8
0.5222399999999842	62909.59261797714	3.052228907706344e8	1.5942965816302043e8
0.5225599999999841	62911.009209439566	3.052228596816184e8	1.5952729378745863e8
0.5228799999999841	62912.426345559776	3.0522282852536356e8	1.5962492935619527e8
0.5231999999999841	62913.84705186644	3.052227973438293e8	1.5972256489256096e8
0.5235199999999841	62915.26957943489	3.0522276609188807e8	1.598202003720696e8
0.5238399999999841	62916.69432604877	3.052227347938923e8	1.5991783580759797e8
0.5241599999999841	62918.11817452532	3.0522270352644944e8	1.6001547123777103e8
0.5244799999999841	62919.54722294782	3.052226721553394e8	1.60113106595123e8
0.5247999999999841	62920.97833097202	3.052226406938453e8	1.60210741885028e8
0.525119999999984	62922.40843317559	3.0522260930063367e8	1.603083771892606e8
0.525439999999984	62923.84460207915	3.0522257772299165e8	1.6040601237845823e8
0.525759999999984	62925.28163545993	3.0522254616290885e8	1.6050364755616888e8
0.526079999999984	62926.71839827927	3.052225146240418e8	1.6060128272379434e8
0.526399999999984	62928.15863519075	3.0522248293367475e8	1.6069891779221115e8
0.526719999999984	62929.603156281344	3.0522245121318746e8	1.60796552825587e8
0.527039999999984	62931.046010866	3.0522241950759417e8	1.6089418784479883e8
0.527359999999984	62932.49291390099	3.0522238772220784e8	1.6099182280262947e8
0.5276799999999839	62933.9418672346	3.0522235585439646e8	1.6108945769666576e8
0.5279999999999839	62935.39195326552	3.0522232399446875e8	1.6118709257407653e8
0.5283199999999839	62936.84452043473	3.0522229209269136e8	1.612847274092292e8
0.5286399999999839	62938.30219699348	3.0522226004223037e8	1.613823621468433e8
0.5289599999999839	62939.75834401743	3.052222280693161e8	1.614799969033109e8
0.5292799999999839	62941.216905094014	3.0522219598135173e8	1.6157763157862648e8
0.5295999999999839	62942.677518340024	3.0522216389892495e8	1.6167526623637035e8
0.5299199999999838	62944.14043634608	3.0522213171447545e8	1.617729008196662e8
0.5302399999999838	62945.60715225117	3.052220995125062e8	1.618705353739222e8
0.5305599999999838	62947.07572741217	3.0522206723405373e8	1.6196816986692408e8
0.5308799999999838	62948.54344956087	3.0522203495237315e8	1.6206580433621398e8
0.5311999999999838	62950.016256763935	3.052220025905776e8	1.6216343874373105e8
0.5315199999999838	62951.490109814215	3.052219701679952e8	1.622610730977745e8
0.5318399999999838	62952.96520890386	3.0522193771887094e8	1.6235870741659155e8
0.5321599999999838	62954.44437421176	3.0522190523032093e8	1.6245634169461864e8
0.5324799999999837	62955.926845002534	3.0522187266492575e8	1.625539759115333e8
0.5327999999999837	62957.40739763887	3.0522184007061917e8	1.626516100903571e8
0.5331199999999837	62958.89352866581	3.052218074048856e8	1.627492442118983e8
0.5334399999999837	62960.37967977933	3.052217747333021e8	1.6284687830847108e8
0.5337599999999837	62961.86824007833	3.0522174200203836e8	1.6294451235245126e8
0.5340799999999837	62963.35989524719	3.0522170918840253e8	1.6304214633197945e8
0.5343999999999837	62964.85371796251	3.0522167634931153e8	1.631397802769582e8
0.5347199999999837	62966.348958196955	3.052216434530316e8	1.6323741417004335e8
0.5350399999999836	62967.847537161186	3.0522161050140446e8	1.6333504801305735e8
0.5353599999999836	62969.34642293312	3.0522157752536875e8	1.6343268182109836e8
0.5356799999999836	62970.848739652894	3.052215444945539e8	1.6353031557932445e8
0.5359999999999836	62972.35192620592	3.052215114012193e8	1.636279492823423e8
0.5363199999999836	62973.861372905296	3.052214782336023e8	1.6372558292628196e8
0.5366399999999836	62975.36715207907	3.052214451027719e8	1.6382321656607008e8
0.5369599999999836	62976.879543985546	3.0522141182317656e8	1.6392085010687193e8
0.5372799999999835	62978.39387742851	3.0522137850467867e8	1.640184836054037e8
0.5375999999999835	62979.908565895006	3.052213451925229e8	1.6411611708521613e8
0.5379199999999835	62981.425061162496	3.052213118432277e8	1.6421375052359626e8
0.5382399999999835	62982.94634111347	3.0522127835494226e8	1.6431138386706156e8
0.5385599999999835	62984.469112541316	3.052212448860656e8	1.6440901719926172e8
0.5388799999999835	62985.99164639095	3.052212113695471e8	1.645066504832845e8
0.5391999999999835	62987.51954800603	3.0522117773803616e8	1.6460428368535176e8
0.5395199999999835	62989.04867828677	3.0522114410106325e8	1.6470191686253598e8
0.5398399999999834	62990.579753841965	3.0522111042403185e8	1.6479954999648383e8
0.5401599999999834	62992.11465340465	3.0522107662057155e8	1.6489718304136512e8
0.5404799999999834	62993.64990437918	3.052210428763247e8	1.6499481609579498e8
0.5407999999999834	62995.18973972043	3.05221008955915e8	1.6509244903448224e8
0.5411199999999834	62996.72587157795	3.052209751716933e8	1.6519008202246958e8
0.5414399999999834	62998.27009860474	3.052209411522805e8	1.652877148642221e8
0.5417599999999834	62999.815089511554	3.05220907127143e8	1.6538534768046254e8
0.5420799999999834	63001.36377939606	3.0522087307473004e8	1.6548298046084645e8
0.5423999999999833	63002.911857102656	3.052208389968673e8	1.6558061320436156e8
0.5427199999999833	63004.464410900124	3.0522080485814e8	1.6567824589409047e8
0.5430399999999833	63006.01729350071	3.0522077065218836e8	1.6577587852462173e8
0.5433599999999833	63007.57409177805	3.052207363685915e8	1.6587351109186605e8
0.5436799999999833	63009.13192706172	3.052207020672871e8	1.659711436270185e8
0.5439999999999833	63010.69458949113	3.052206676814907e8	1.6606877609545866e8
0.5443199999999833	63012.25610733077	3.0522063329924685e8	1.6616640854230392e8
0.5446399999999832	63013.82390914644	3.0522059878770065e8	1.6626404089858344e8
0.5449599999999832	63015.39071692661	3.052205642657551e8	1.6636167322565264e8
0.5452799999999832	63016.96192892622	3.0522052966697836e8	1.6645930548973316e8
0.5455999999999832	63018.536480815026	3.052204950275415e8	1.665569377099984e8
0.5459199999999832	63020.10858308947	3.052204603910855e8	1.6665456990760168e8
0.5462399999999832	63021.687599253935	3.052204256239064e8	1.667522020137625e8
0.5465599999999832	63023.26634611603	3.052203908523807e8	1.6684983409416404e8
0.5468799999999832	63024.8486580155	3.052203560157829e8	1.6694746611733013e8
0.5471999999999831	63026.43386339558	3.052203210912721e8	1.6704509807039228e8
0.5475199999999831	63028.02155733095	3.052202861264555e8	1.67142729979146e8
0.5478399999999831	63029.60951876088	3.05220251121878e8	1.672403618428445e8
0.5481599999999831	63031.202043529855	3.052202160840508e8	1.6733799366695946e8
0.5484799999999831	63032.79798048501	3.0522018090292555e8	1.674356253905756e8
0.5487999999999831	63034.39437338042	3.052201457281294e8	1.6753325709433353e8
0.5491199999999831	63035.993147224704	3.0522011052996385e8	1.676308887627988e8
0.549439999999983	63037.59369971502	3.0522007527493024e8	1.6772852037726983e8
0.549759999999983	63039.19736137449	3.0522003992679965e8	1.6782615191837218e8
0.550079999999983	63040.80488103291	3.0522000449365044e8	1.6792378339079413e8
0.550399999999983	63042.41330891577	3.0521996907101125e8	1.680214148457031e8
0.550719999999983	63044.02319453129	3.052199336288145e8	1.6811904626679638e8
0.551039999999983	63045.6379112745	3.052198980247951e8	1.6821667757717457e8
0.551359999999983	63047.25520463203	3.0521986236824375e8	1.6831430883592469e8
0.551679999999983	63048.87222152159	3.052198267580174e8	1.684119400962522e8
0.551999999999983	63050.49346737644	3.052197910164581e8	1.6850957126215306e8
0.5523199999999829	63052.11714511494	3.052197552614969e8	1.6860720239782828e8
0.5526399999999829	63053.74256646308	3.052197194299933e8	1.6870483346806082e8
0.5529599999999829	63055.372678690976	3.052196835054737e8	1.688024644649838e8
0.5532799999999829	63057.001918492344	3.0521964759709907e8	1.689000954464148e8
0.5535999999999829	63058.63673103965	3.05219611568697e8	1.6899772633986214e8
0.5539199999999829	63060.271140506964	3.052195755366499e8	1.6909535720700622e8
0.5542399999999829	63061.91122402268	3.0521953935928166e8	1.6919298797203025e8
0.5545599999999828	63063.55187187646	3.0521950323977625e8	1.692906187451909e8
0.5548799999999828	63065.196231918686	3.05219466976772e8	1.6938824941621277e8
0.5551999999999828	63066.84151634337	3.052194307017977e8	1.6948588005673933e8
0.5555199999999828	63068.48988697747	3.0521939437275785e8	1.6958351064433417e8
0.5558399999999828	63070.13986288922	3.0521935800162727e8	1.6968114118494073e8
0.5561599999999828	63071.794924808586	3.052193214868435e8	1.6977877162357706e8
0.5564799999999828	63073.44955824303	3.0521928499278635e8	1.6987640204912856e8
0.5567999999999828	63075.10995559729	3.052192484149427e8	1.6997403240616715e8
0.5571199999999827	63076.77038122832	3.0521921180663204e8	1.7007166272177202e8
0.5574399999999827	63078.43480716521	3.052191751035854e8	1.7016929296184564e8
0.5577599999999827	63080.100686139805	3.052191383603895e8	1.7026692315561298e8
0.5580799999999827	63081.770862552956	3.0521910149883616e8	1.703645532606448e8
0.5583999999999827	63083.44000974842	3.0521906470329994e8	1.7046218337742573e8
0.5587199999999827	63085.11564201242	3.0521902772844857e8	1.70559813372264e8
0.5590399999999827	63086.79160404595	3.0521899079923034e8	1.7065744336802214e8
0.5593599999999826	63088.470830469596	3.052189537345135e8	1.7075507326471892e8
0.5596799999999826	63090.15277848066	3.0521891666473436e8	1.7085270313498464e8
0.5599999999999826	63091.83835196237	3.052188794452417e8	1.7095033289820492e8
0.5603199999999826	63093.52371641558	3.0521884228341067e8	1.7104796266874298e8
0.5606399999999826	63095.21445226203	3.0521880500636965e8	1.711455923521875e8
0.5609599999999826	63096.90664003069	3.0521876764965355e8	1.7124322196663558e8
0.5612799999999826	63098.60203333971	3.052187302688411e8	1.7134085154397386e8
0.5615999999999826	63100.30045520251	3.052186927622149e8	1.714384810269741e8
0.5619199999999825	63102.00175643714	3.0521865526217484e8	1.7153611048984542e8
0.5622399999999825	63103.70249157582	3.052186177261949e8	1.7163373990717322e8
0.5625599999999825	63105.40959593727	3.052185800655299e8	1.717313692320328e8
0.5628799999999825	63107.11647101659	3.052185423861765e8	1.718289985210775e8
0.5631999999999825	63108.82927833705	3.052185045794553e8	1.719266277157727e8
0.5635199999999825	63110.54158905913	3.052184668100297e8	1.7202425690597537e8
0.5638399999999825	63112.25671412988	3.0521842895421886e8	1.7212188602342987e8
0.5641599999999825	63113.975480334906	3.0521839100946224e8	1.722195150669662e8
0.5644799999999824	63115.69779592098	3.052183530061621e8	1.7231714405361712e8
0.5647999999999824	63117.424137784255	3.052183148918236e8	1.7241477295388135e8
0.5651199999999824	63119.15065628276	3.052182768061641e8	1.7251240184493148e8
0.5654399999999824	63120.87836621106	3.052182386307305e8	1.7261003066025773e8
0.5657599999999824	63122.61421821576	3.052182003569706e8	1.7270765939795244e8
0.5660799999999824	63124.34765797312	3.0521816204798174e8	1.7280528808905187e8
0.5663999999999824	63126.0851857725	3.052181237028432e8	1.7290291673582155e8
0.5667199999999823	63127.82621872366	3.052180852488663e8	1.730005452967762e8
0.5670399999999823	63129.57032030187	3.052180467569271e8	1.730981738118084e8
0.5673599999999823	63131.31553884481	3.0521800821915215e8	1.731958022755675e8
0.5676799999999823	63133.065590671475	3.0521796957759494e8	1.7329343065671986e8
0.5679999999999823	63134.81631601379	3.052179309322943e8	1.7339105901018628e8
0.5683199999999823	63136.57284385802	3.052178921338332e8	1.7348868725325996e8
0.5686399999999823	63138.32994661156	3.05217853309566e8	1.73586315455952e8
0.5689599999999823	63140.089423297184	3.052178144942681e8	1.7368394363879842e8
0.5692799999999822	63141.85030666573	3.052177755722487e8	1.737815717355284e8
0.5695999999999822	63143.61688720993	3.0521773657638246e8	1.7387919976661026e8
0.5699199999999822	63145.38748191642	3.052176974869082e8	1.739768277199815e8
0.5702399999999822	63147.1571066354	3.052176583843495e8	1.740744556393242e8
0.5705599999999822	63148.931955783126	3.0521761917004645e8	1.7417208347099537e8
0.5708799999999822	63150.70840197032	3.052175799346204e8	1.742697112650601e8
0.5711999999999822	63152.488787810034	3.0521754059255093e8	1.743673389736519e8
0.5715199999999822	63154.27036043872	3.052175012786162e8	1.744649666725133e8
0.5718399999999821	63156.05739551162	3.052174617796914e8	1.7456259424162772e8
0.5721599999999821	63157.8443125535	3.052174222976118e8	1.7466022179390678e8
0.5724799999999821	63159.63381647641	3.052173827371543e8	1.7475784927600986e8
0.5727999999999821	63161.43115821359	3.0521734305058813e8	1.7485547666276222e8
0.5731199999999821	63163.225658717056	3.052173033875378e8	1.7495310403522936e8
0.5734399999999821	63165.0268945383	3.052172636024536e8	1.7505073131405765e8
0.5737599999999821	63166.83095106311	3.0521722372084093e8	1.751483585120888e8
0.574079999999982	63168.63507081033	3.052171838377316e8	1.752459856826088e8
0.574399999999982	63170.44295231858	3.052171438882872e8	1.7534361278994718e8
0.574719999999982	63172.25457112195	3.052171038497467e8	1.7544123982094494e8
0.575039999999982	63174.070217727436	3.0521706373209304e8	1.7553886678137702e8
0.575359999999982	63175.885316598025	3.0521702360760504e8	1.7563649371080697e8
0.575679999999982	63177.70788922848	3.0521698331535155e8	1.7573412051998764e8
0.575999999999982	63179.52836705292	3.0521694306187284e8	1.7583174732366088e8
0.576319999999982	63181.35603239242	3.0521690265980774e8	1.759293740178187e8
0.576639999999982	63183.184736610325	3.0521686224734354e8	1.7602700067939278e8
0.5769599999999819	63185.016849210406	3.0521682172107583e8	1.761246272497143e8
0.5772799999999819	63186.854577237296	3.0521678112473845e8	1.762222537548504e8
0.5775999999999819	63188.68918795212	3.0521674056667674e8	1.7631988025361994e8
0.5779199999999819	63190.531406138696	3.0521669981297725e8	1.764175066154062e8
0.5782399999999819	63192.376171604985	3.05216659038598e8	1.7651513293904752e8
0.5785599999999819	63194.22062043265	3.052166182743084e8	1.766127592411166e8
0.5788799999999819	63196.07042912393	3.0521657731868273e8	1.7671038540741265e8
0.5791999999999818	63197.92600658357	3.0521653627731735e8	1.7680801149908024e8
0.5795199999999818	63199.781710152296	3.052164952335036e8	1.7690563756192794e8
0.5798399999999818	63201.64001407215	3.052164541688505e8	1.77003263586329e8
0.5801599999999818	63203.50247875535	3.052164129411562e8	1.7710088949041632e8
0.5804799999999818	63205.36770550284	3.0521637169166505e8	1.77198515355432e8
0.5807999999999818	63207.23398253953	3.052163304401142e8	1.7729614119209826e8
0.5811199999999818	63209.10487284572	3.052162890514131e8	1.7739376692340076e8
0.5814399999999817	63210.98059128994	3.052162475610224e8	1.774913925699116e8
0.5817599999999817	63212.856812829436	3.0521620602259314e8	1.7758901816093162e8
0.5820799999999817	63214.736944083415	3.0521616444056916e8	1.7768664370042458e8
0.5823999999999817	63216.62251269937	3.052161227305889e8	1.777842691398507e8
0.5827199999999817	63218.5078748804	3.0521608099819523e8	1.7788189453822878e8
0.5830399999999817	63220.39751602732	3.052160392085597e8	1.7797951987710136e8
0.5833599999999817	63222.290771772314	3.0521599729523134e8	1.780771451173677e8
0.5836799999999817	63224.18639794873	3.052159553556293e8	1.7817477031524932e8
0.5839999999999816	63226.08523868666	3.052159133314671e8	1.7827239543703046e8
0.5843199999999816	63227.98865047106	3.052158712175967e8	1.7837002048018274e8
0.5846399999999816	63229.891672924176	3.0521582908188164e8	1.7846764548223093e8
0.5849599999999816	63231.802896827125	3.0521578680115473e8	1.7856527037467217e8
0.5852799999999816	63233.710671308894	3.0521574457009786e8	1.7866289526647085e8
0.5855999999999816	63235.628147500705	3.0521570214778453e8	1.7876052002204132e8
0.5859199999999816	63237.5473817476	3.052156596544454e8	1.7885814470834684e8
0.5862399999999816	63239.46678888379	3.0521561714941853e8	1.7895576935944808e8
0.5865599999999815	63241.392408188156	3.0521557453081274e8	1.7905339391806513e8
0.5868799999999815	63243.31968215485	3.05215531851897e8	1.791510184134628e8
0.5871999999999815	63245.249264678765	3.052154891402332e8	1.7924864286203578e8
0.5875199999999815	63247.183742437956	3.052154463110408e8	1.7934626721500713e8
0.5878399999999815	63249.12065108465	3.0521540339964736e8	1.794438914920106e8
0.5881599999999815	63251.06313986086	3.0521536042472196e8	1.7954151570524234e8
0.5884799999999815	63253.00406409807	3.0521531741380835e8	1.7963913986790472e8
0.5887999999999814	63254.95249915638	3.052152743084852e8	1.7973676394929808e8
0.5891199999999814	63256.9033990039	3.0521523106495506e8	1.7983438792144924e8
0.5894399999999814	63258.8571495527	3.052151878261926e8	1.7993201186865664e8
0.5897599999999814	63260.812318622164	3.052151444996163e8	1.8002963573573363e8
0.5900799999999814	63262.77580330377	3.052151010241496e8	1.8012725948938182e8
0.5903999999999814	63264.73656719785	3.052150576195652e8	1.8022488325468352e8
0.5907199999999814	63266.70197809256	3.0521501407385844e8	1.8032250690948957e8
0.5910399999999814	63268.67065348213	3.0521497043960387e8	1.8042013048416823e8
0.5913599999999813	63270.64576437502	3.0521492673304164e8	1.8051775398953098e8
0.5916799999999813	63272.62137746567	3.0521488290331566e8	1.8061537739298895e8
0.5919999999999813	63274.60118448978	3.052148391040015e8	1.8071300078684646e8
0.5923199999999813	63276.58110498865	3.0521479519659036e8	1.808106240874236e8
0.5926399999999813	63278.57085835149	3.052147511378846e8	1.809082472729751e8
0.5929599999999813	63280.561872414255	3.0521470702489805e8	1.8100587039738238e8
0.5932799999999813	63282.552527403306	3.0521466290982395e8	1.8110349349089858e8
0.5935999999999813	63284.54955117666	3.0521461861986136e8	1.8120111645368156e8
0.5939199999999812	63286.54872052409	3.0521457435391206e8	1.8129873940197414e8
0.5942399999999812	63288.553290259086	3.0521452988589644e8	1.813963622027724e8
0.5945599999999812	63290.55814916312	3.0521448547462225e8	1.8149398500768167e8
0.5948799999999812	63292.56903223995	3.052144408806945e8	1.8159160767666817e8
0.5951999999999812	63294.58076816245	3.0521439628972715e8	1.816892303179348e8
0.5955199999999812	63296.59832438338	3.052143516034145e8	1.817868528749499e8
0.5958399999999812	63298.618471041504	3.052143067891296e8	1.818844753268705e8
0.5961599999999811	63300.64310316675	3.0521426194806385e8	1.8198209773466277e8
0.5964799999999811	63302.668674588895	3.0521421700683916e8	1.8207972005309725e8
0.5967999999999811	63304.7001555059	3.0521417198278517e8	1.8217734229442313e8
0.5971199999999811	63306.733729333595	3.052141268695617e8	1.8227496445323175e8
0.5974399999999811	63308.77220382323	3.0521408169183993e8	1.8237258654530546e8
0.5977599999999811	63310.81275432015	3.0521403645003635e8	1.8247020856969023e8
0.5980799999999811	63312.8567989859	3.052139910800967e8	1.8256783048858312e8
0.5983999999999811	63314.903329579494	3.0521394574692565e8	1.826654524001317e8
0.598719999999981	63316.95522818431	3.052139002619241e8	1.8276307419260737e8
0.599039999999981	63319.01148812894	3.0521385462120414e8	1.828606958631266e8
0.599359999999981	63321.06941538673	3.052138090023803e8	1.8295831751691145e8
0.599679999999981	63323.132218558705	3.052137632429464e8	1.8305593905781403e8
0.599999999999981	63325.19785171044	3.0521371743631065e8	1.8315356054092127e8
0.600319999999981	63327.26802866688	3.0521367147428364e8	1.8325118190192187e8
0.600639999999981	63329.33891610735	3.0521362555389553e8	1.8334880325747555e8
0.600959999999981	63331.41660220947	3.0521357943893385e8	1.8344642446809682e8
0.6012799999999809	63333.496701349955	3.052135333040052e8	1.835440456368312e8
0.6015999999999809	63335.58213320127	3.0521348700614303e8	1.8364166667881167e8
0.6019199999999809	63337.66707011492	3.0521344075503165e8	1.837392877177701e8
0.6022399999999809	63339.75674250392	3.052133944313093e8	1.8383690868394777e8
0.6025599999999809	63341.85279727004	3.052133478856783e8	1.839345294879642e8
0.6028799999999809	63343.95035643116	3.0521330133821523e8	1.840321502603429e8
0.6031999999999809	63346.05361826674	3.0521325468509793e8	1.8412977094012097e8
0.6035199999999808	63348.15772657637	3.052132079927754e8	1.842273915653694e8
0.6038399999999808	63350.26687433054	3.0521316114292186e8	1.8432501206626102e8
0.6041599999999808	63352.37934773494	3.052131142965027e8	1.8442263253921026e8
0.6044799999999808	63354.49544539549	3.052130673337099e8	1.8452025291191366e8
0.6047999999999808	63356.613651144355	3.0521302028171486e8	1.846178732000902e8
0.6051199999999808	63358.73898667384	3.0521297314627004e8	1.8471549340911612e8
0.6054399999999808	63360.86479359816	3.052129259419354e8	1.848131135450925e8
0.6057599999999808	63362.99799039574	3.052128785803286e8	1.849107335571417e8
0.6060799999999807	63365.13116323204	3.0521283119880044e8	1.8500835352543092e8
0.6063999999999807	63367.271972780894	3.052127836573352e8	1.851059733680507e8
0.6067199999999807	63369.413145945	3.052127361742439e8	1.8520359321443343e8
0.6070399999999807	63371.5604407832	3.052126884125223e8	1.8530121286232245e8
0.6073599999999807	63373.71019349144	3.0521264071887684e8	1.853988325205815e8
0.6076799999999807	63375.862881994726	3.052125929129929e8	1.8549645207988748e8
0.6079999999999807	63378.020372616265	3.0521254497229415e8	1.85594071527135e8
0.6083199999999807	63380.18114192129	3.0521249702085066e8	1.8569169093706766e8
0.6086399999999806	63382.346618441916	3.0521244893146795e8	1.8578931023281533e8
0.6089599999999806	63384.51431891329	3.052124007579966e8	1.8588692944606298e8
0.6092799999999806	63386.688932109675	3.052123524565288e8	1.859845485518075e8
0.6095999999999806	63388.86146347987	3.05212304201956e8	1.8608216765302178e8
0.6099199999999806	63391.04459497117	3.052122557087309e8	1.861797865805388e8
0.6102399999999806	63393.2270034784	3.0521220717825186e8	1.8627740545260736e8
0.6105599999999806	63395.41586204227	3.052121585623572e8	1.863750242425802e8
0.6108799999999805	63397.61045018599	3.052121098267934e8	1.8647264292916396e8
0.6111999999999805	63399.80667792002	3.0521206098548746e8	1.865702615191604e8
0.6115199999999805	63402.00451293209	3.052120121668103e8	1.8666788009095508e8
0.6118399999999805	63404.20974254869	3.052119631679336e8	1.867654985227162e8
0.6121599999999805	63406.41432711013	3.0521191415506434e8	1.8686311691289085e8
0.6124799999999805	63408.62639530463	3.052118649844789e8	1.869607351765884e8
0.6127999999999805	63410.84480674096	3.0521181571299994e8	1.8705835334802958e8
0.6131199999999805	63413.06082837192	3.0521176643186444e8	1.8715597147967204e8
0.6134399999999804	63415.28557738667	3.052117169531562e8	1.8725358946053097e8
0.6137599999999804	63417.51399724884	3.052116674382123e8	1.873512073874775e8
0.6140799999999804	63419.7421566647	3.052116179236992e8	1.8744882528147233e8
0.6143999999999804	63421.977418853276	3.0521156820734155e8	1.875464430210774e8
0.6147199999999804	63424.21814870445	3.0521151843802226e8	1.8764406069698337e8
0.6150399999999804	63426.4625318554	3.052114684831896e8	1.877416782269112e8
0.6153599999999804	63428.707054216306	3.052114186248748e8	1.8783929578287828e8
0.6156799999999804	63430.95965284894	3.052113685021055e8	1.8793691314578408e8
0.6159999999999803	63433.21616915977	3.052113183161539e8	1.8803453043775377e8
0.6163199999999803	63435.47338020657	3.0521126812182194e8	1.8813214769126183e8
0.6166399999999803	63437.7376051087	3.052112177790521e8	1.8822976482235697e8
0.6169599999999803	63440.0066275988	3.052111673158622e8	1.8832738184732696e8
0.6172799999999803	63442.2765063355	3.052111168411001e8	1.8842499883173278e8
0.6175999999999803	63444.55387982681	3.0521106618965536e8	1.8852261567612877e8
0.6179199999999803	63446.83359087772	3.052110154596181e8	1.886202324389796e8
0.6182399999999802	63449.115594495066	3.0521096470341414e8	1.887178491526021e8
0.6185599999999802	63451.405165113654	3.0521091376933813e8	1.8881546572514194e8
0.6188799999999802	63453.69700967082	3.0521086276600224e8	1.8891308222162178e8
0.6191999999999802	63455.99536259001	3.052108116328761e8	1.890106986061049e8
0.6195199999999802	63458.29243651652	3.052107605146498e8	1.8910831496513605e8
0.6198399999999802	63460.59903871872	3.052107092051232e8	1.8920593117502806e8
0.6201599999999802	63462.907846050235	3.05210657839629e8	1.8930354731673452e8
0.6204799999999802	63465.22099636168	3.0521060633275056e8	1.8940116333801156e8
0.6207999999999801	63467.537563068065	3.052105548166342e8	1.8949877932040435e8
0.6211199999999801	63469.86001334767	3.05210503103417e8	1.8959639514815018e8
0.6214399999999801	63472.18594234917	3.0521045134342265e8	1.8969401091356084e8
0.6217599999999801	63474.515088340086	3.0521039951077825e8	1.897916266004024e8
0.6220799999999801	63476.84888574643	3.05210347541268e8	1.898892421691968e8
0.6223999999999801	63479.18761981973	3.052102954697206e8	1.8998685764159328e8
0.6227199999999801	63481.53103049465	3.0521024333297664e8	1.9008447304033232e8
0.62303999999998	63483.87855450832	3.052101910728838e8	1.9018208832890335e8
0.62335999999998	63486.22899819735	3.052101387168673e8	1.9027970352383024e8
0.62367999999998	63488.58249080318	3.052100863123355e8	1.9037731865463424e8
0.62399999999998	63490.94724473957	3.0521003365603566e8	1.9047493359752417e8
0.62431999999998	63493.3084893555	3.052099810758932e8	1.9057254855142882e8
0.62463999999998	63495.67681018487	3.0520992833496845e8	1.9067016337239605e8
0.62495999999998	63498.05034322393	3.052098754927187e8	1.907677780967241e8
0.62527999999998	63500.42740074673	3.052098225037488e8	1.9086539269529355e8
0.62559999999998	63502.811251911015	3.052097694586697e8	1.9096300722587037e8
0.6259199999999799	63505.1955031842	3.052097163297915e8	1.9106062166867077e8
0.6262399999999799	63507.58769273049	3.052096630825491e8	1.9115823600478545e8
0.6265599999999799	63509.98128689381	3.052096097519753e8	1.9125585025360328e8
0.6268799999999799	63512.3821958299	3.052095562259469e8	1.913534643469604e8
0.6271999999999799	63514.785956410335	3.052095027111521e8	1.9145107841263297e8
0.6275199999999799	63517.19631955506	3.0520944900003636e8	1.9154869232178178e8
0.6278399999999799	63519.60597714788	3.0520939528202635e8	1.9164630619042173e8
0.6281599999999798	63522.02639168245	3.0520934139341617e8	1.9174391991997564e8
0.6284799999999798	63524.44772611575	3.05209287393216e8	1.9184153354370144e8
0.6287999999999798	63526.871973226735	3.0520923338068855e8	1.9193914712464726e8
0.6291199999999798	63529.30170284872	3.0520917923502487e8	1.9203676058774823e8
0.6294399999999798	63531.73976120864	3.052091249035953e8	1.921343739007988e8
0.6297599999999798	63534.18032166176	3.052090704812023e8	1.9223198712115806e8
0.6300799999999798	63536.62471205223	3.0520901599086267e8	1.9232960026373005e8
0.6303999999999798	63539.07435562543	3.0520896141670805e8	1.9242721331896842e8
0.6307199999999797	63541.527688795686	3.0520890671446604e8	1.9252482625828674e8
0.6310399999999797	63543.98634565116	3.052088518953868e8	1.9262243908926082e8
0.6313599999999797	63546.45079709734	3.0520879694048053e8	1.9272005179995742e8
0.6316799999999797	63548.91682279025	3.0520874198562455e8	1.9281766447451732e8
0.6319999999999797	63551.39035517638	3.0520868684615624e8	1.9291527699841526e8
0.6323199999999797	63553.86758129401	3.0520863155542266e8	1.9301288939115092e8
0.6326399999999797	63556.34892606192	3.052085761935667e8	1.931105017034333e8
0.6329599999999797	63558.83541858476	3.052085207852588e8	1.9320811395118326e8
0.6332799999999796	63561.32508338304	3.052084652354158e8	1.9330572607341248e8
0.6335999999999796	63563.82222987152	3.0520840956927884e8	1.9340333808755386e8
0.6339199999999796	63566.31931350394	3.052083538531539e8	1.9350095003275937e8
0.6342399999999796	63568.82701688405	3.0520829790086335e8	1.9359856179480705e8
0.6345599999999796	63571.33640661229	3.0520824191765374e8	1.9369617350043654e8
0.6348799999999796	63573.850862924235	3.052081858423915e8	1.9379378511203834e8
0.6351999999999796	63576.37133460365	3.0520812960727495e8	1.9389139658679765e8
0.6355199999999795	63578.89611331814	3.052080732847821e8	1.9398900796999386e8
0.6358399999999795	63581.41998744303	3.052080169558679e8	1.940866193111154e8
0.6361599999999795	63583.95870677894	3.052079603092485e8	1.9418423041786116e8
0.6364799999999795	63586.49848924179	3.0520790361798537e8	1.9428184145869988e8
0.6367999999999795	63589.03890513772	3.052078469596102e8	1.9437945248280388e8
0.6371199999999795	63591.58628025639	3.0520779007638717e8	1.944770633282909e8
0.6374399999999795	63594.141820996796	3.052077330264088e8	1.945746740324064e8
0.6377599999999795	63596.70146019836	3.052076759365607e8	1.9467228467443162e8
0.6380799999999794	63599.26151002501	3.0520761877930135e8	1.9476989523541602e8
0.6383999999999794	63601.82936263665	3.0520756144748074e8	1.9486750564956295e8
0.6387199999999794	63604.4051495261	3.052075039575212e8	1.9496511592723408e8
0.6390399999999794	63606.98052836819	3.0520744641742396e8	1.9506272613427585e8
0.6393599999999794	63609.56464374097	3.052073887422241e8	1.9516033621961522e8
0.6396799999999794	63612.15309028794	3.0520733096152985e8	1.952579462004666e8
0.6399999999999794	63614.74567584763	3.052072730636195e8	1.953555560691535e8
0.6403199999999794	63617.342317221744	3.05207215050639e8	1.9545316582690352e8
0.6406399999999793	63619.94512855245	3.05207156937943e8	1.9555077548419887e8
0.6409599999999793	63622.55245217753	3.052070987037674e8	1.9564838502639288e8
0.6412799999999793	63625.165735219845	3.052070403166698e8	1.9574599443372023e8
0.6415999999999793	63627.78425437926	3.0520698181121325e8	1.9584360372794488e8
0.6419199999999793	63630.40583888223	3.0520692328540313e8	1.9594121297108245e8
0.6422399999999793	63633.03654927231	3.052068645058516e8	1.9603882201538768e8
0.6425599999999793	63635.66616608314	3.0520680579095316e8	1.9613643106154293e8
0.6428799999999792	63638.30805466412	3.0520674673285824e8	1.9623403985218605e8
0.6431999999999792	63640.948647073325	3.0520668775767624e8	1.963316486562083e8
0.6435199999999792	63643.59782746287	3.052066285164346e8	1.9642925725264317e8
0.6438399999999792	63646.250916646066	3.052065692466605e8	1.9652686579249e8
0.6441599999999792	63648.90842786198	3.0520650984683037e8	1.9662447421050286e8
0.6444799999999792	63651.5770084547	3.052064502309726e8	1.967220824535089e8
0.6447999999999792	63654.24343720461	3.052063906158771e8	1.968196906563801e8
0.6451199999999792	63656.91981713501	3.0520633080438054e8	1.969172986962203e8
0.6454399999999791	63659.59777516797	3.0520627090671086e8	1.9701490664100826e8
0.6457599999999791	63662.28239623543	3.0520621095843387e8	1.9711251451542792e8
0.6460799999999791	63664.97404900766	3.052061507263382e8	1.9721012216888165e8
0.6463999999999791	63667.6682025746	3.0520609053584915e8	1.9730772980984297e8
0.6467199999999791	63670.36930844236	3.0520603012584716e8	1.9740533727105078e8
0.6470399999999791	63673.076695647906	3.052059695759527e8	1.9750294460356855e8
0.6473599999999791	63675.78941688422	3.0520590892367625e8	1.9760055183120465e8
0.647679999999979	63678.50478807884	3.0520584818030715e8	1.976981589602219e8
0.647999999999979	63681.228108395306	3.052057872941259e8	1.9779576595888135e8
0.648319999999979	63683.95723329576	3.052057262893883e8	1.978933728420096e8
0.648639999999979	63686.690459455065	3.052056651721264e8	1.9799097961280152e8
0.648959999999979	63689.42791086811	3.0520560390185714e8	1.9808858624491662e8
0.649279999999979	63692.17158170152	3.052055425427036e8	1.9818619278053734e8
0.649599999999979	63694.92167797194	3.0520548099980515e8	1.9828379915802297e8
0.649919999999979	63697.67403506464	3.052054194264892e8	1.9838140547538364e8
0.650239999999979	63700.4361988024	3.0520535760359186e8	1.9847901159271803e8
0.6505599999999789	63703.2003955018	3.0520529579012436e8	1.9857661767556307e8
0.6508799999999789	63705.97265338726	3.052052337669911e8	1.9867422358342546e8
0.6511999999999789	63708.75148785018	3.0520517154963094e8	1.9877182932563218e8
0.6515199999999789	63711.53270413097	3.05205109300236e8	1.9886943500620005e8
0.6518399999999789	63714.319651220125	3.052050469245051e8	1.9896704056479275e8
0.6521599999999789	63717.11508388716	3.052049843637181e8	1.9906464596394673e8
0.6524799999999789	63719.91262193216	3.0520492174218744e8	1.991622512823704e8
0.6527999999999788	63722.71925800162	3.052048589680503e8	1.9925985646246317e8
0.6531199999999788	63725.529566385056	3.052047960049388e8	1.9935746147843513e8
0.6534399999999788	63728.345034826736	3.0520473297786987e8	1.994550664123081e8
0.6537599999999788	63731.167511028005	3.0520466980043316e8	1.9955267120816374e8
0.6540799999999788	63733.99382640295	3.052046064822023e8	1.9965027587101683e8
0.6543999999999788	63736.8261598071	3.052045430908845e8	1.997478804457892e8
0.6547199999999788	63739.66738228017	3.052044794336854e8	1.998454848071698e8
0.6550399999999788	63742.50854919152	3.05204415833424e8	1.999430891632687e8
0.6553599999999787	63745.36115120933	3.052043519409601e8	2.0004069328928828e8
0.6556799999999787	63748.21785775541	3.052042879652714e8	2.0013829731943545e8
0.6559999999999787	63751.08124091143	3.052042237501038e8	2.0023590115200844e8
0.6563199999999787	63753.947718630996	3.0520415963186526e8	2.0033350500633126e8
0.6566399999999787	63756.819733728495	3.052040952638667e8	2.004311086556827e8
0.6569599999999787	63759.698750651536	3.052040307338911e8	2.0052871215799004e8
0.6572799999999787	63762.58606523248	3.0520396607781965e8	2.0062631553711906e8
0.6575999999999786	63765.4771150611	3.0520390127128106e8	2.0072391877535212e8
0.6579199999999786	63768.37456497512	3.0520383640061164e8	2.0082152193025506e8
0.6582399999999786	63771.27361936492	3.0520377137484014e8	2.009191249402404e8
0.6585599999999786	63774.185606435436	3.052037061173906e8	2.0101672775859565e8
0.6588799999999786	63777.09982809331	3.0520364084237486e8	2.011143305225108e8
0.6591999999999786	63780.01935817981	3.052035753735367e8	2.0121193311682612e8
0.6595199999999786	63782.946533222435	3.0520350975376487e8	2.013095355704321e8
0.6598399999999786	63785.882411530365	3.052034439780454e8	2.01407137880228e8
0.6601599999999785	63788.81586490552	3.052033781563848e8	2.0150474011489597e8
0.6604799999999785	63791.76425458147	3.052033120996183e8	2.0160234215534908e8
0.6607999999999785	63794.712628886446	3.0520324598814416e8	2.0169994411548284e8
0.6611199999999785	63797.669242527445	3.052031796993309e8	2.0179754591696802e8
0.6614399999999785	63800.63364067158	3.052031131909591e8	2.018951475315468e8
0.6617599999999785	63803.60311531369	3.0520304661117715e8	2.0199274905612376e8
0.6620799999999785	63806.57783828893	3.052029798805574e8	2.0209035043809602e8
0.6623999999999785	63809.55995122089	3.0520291301911086e8	2.0218795169129202e8
0.6627199999999784	63812.5452090707	3.05202846055772e8	2.0228555283332276e8
0.6630399999999784	63815.540007135576	3.0520277884418607e8	2.0238315376920334e8
0.6633599999999784	63818.538576315324	3.052027115711252e8	2.0248075462064138e8
0.6636799999999784	63821.54475310278	3.0520264414876527e8	2.025783553305773e8
0.6639999999999784	63824.555683297796	3.0520257660712814e8	2.0267595591783607e8
0.6643199999999784	63827.577277593446	3.0520250880057967e8	2.0277355628753504e8
0.6646399999999784	63830.601196598735	3.052024409694424e8	2.028711565963409e8
0.6649599999999783	63833.6307067891	3.0520237295094514e8	2.0296875673708588e8
0.6652799999999783	63836.66956944912	3.052023047310619e8	2.0306635670151252e8
0.6655999999999783	63839.712197842084	3.05202236468458e8	2.0316395659315798e8
0.6659199999999783	63842.76341862593	3.0520216794294e8	2.032615562669589e8
0.6662399999999783	63845.82058237675	3.052020993331373e8	2.0335915584078032e8
0.6665599999999783	63848.8822089798	3.0520203063386387e8	2.0345675531058544e8
0.6668799999999783	63851.952325061626	3.052019616539391e8	2.0355435455013084e8
0.6671999999999783	63855.02855650704	3.052018925925698e8	2.0365195369125956e8
0.6675199999999782	63858.10901872126	3.052018234573977e8	2.03749552738362e8
0.6678399999999782	63861.20021147482	3.0520175402542204e8	2.0384715154459345e8
0.6681599999999782	63864.29469108916	3.05201684554321e8	2.0394475027935877e8
0.6684799999999782	63867.39756177626	3.052016148912476e8	2.040423488421342e8
0.6687999999999782	63870.502531119644	3.05201545156226e8	2.041399473109156e8
0.6691199999999782	63873.6225095441	3.052014750307119e8	2.0423754547675923e8
0.6694399999999782	63876.738593279064	3.052014051016939e8	2.0433514372598073e8
0.6697599999999782	63879.867592489056	3.052013347526376e8	2.0443274165139365e8
0.6700799999999781	63883.00435873138	3.0520126429409677e8	2.0453033945897973e8
0.6703999999999781	63886.148028063464	3.0520119368446505e8	2.0462793712044877e8
0.6707199999999781	63889.29182264558	3.052011230290839e8	2.0472553470407185e8
0.6710399999999781	63892.448577901974	3.052010520766599e8	2.0482313204539937e8
0.6713599999999781	63895.610894475685	3.052009810403652e8	2.0492072928481728e8
0.6716799999999781	63898.77996379765	3.0520090981838506e8	2.050183263542439e8
0.6719999999999781	63901.955802064746	3.052008384054822e8	2.0511592324998042e8
0.672319999999978	63905.136011253606	3.0520076694235533e8	2.052135200656458e8
0.672639999999978	63908.32528672995	3.0520069529808736e8	2.0531111671466464e8
0.672959999999978	63911.520188574505	3.0520062347083306e8	2.054087131944876e8
0.673279999999978	63914.722400924584	3.0520055146753496e8	2.0550630951015806e8
0.673599999999978	63917.92969525167	3.052004793123208e8	2.056039056770251e8
0.673919999999978	63921.148345542344	3.05200406997005e8	2.0570150169146737e8
0.674239999999978	63924.37249389814	3.0520033447287875e8	2.0579909751857066e8
0.674559999999978	63927.60091937942	3.0520026186023355e8	2.0589669323887563e8
0.6748799999999779	63930.83733470325	3.052001891062748e8	2.0599428881787026e8
0.6751999999999779	63934.082493109985	3.0520011609509623e8	2.06091884177396e8
0.6755199999999779	63937.33317225003	3.052000430010483e8	2.0618947943392918e8
0.6758399999999779	63940.591120460755	3.051999697160682e8	2.062870745149184e8
0.6761599999999779	63943.85724726294	3.051998962450656e8	2.0638466942378777e8
0.6764799999999779	63947.12726391485	3.051998227005748e8	2.0648226423509052e8
0.6767999999999779	63950.40582187573	3.051997488823354e8	2.065798588147195e8
0.6771199999999779	63953.69229874547	3.0519967497627443e8	2.0667745328809762e8
0.6774399999999778	63956.98644266054	3.051996008343821e8	2.06775047554784e8
0.6777599999999778	63960.286612775	3.051995265593901e8	2.0687264168364358e8
0.6780799999999778	63963.59406466779	3.05199452122103e8	2.0697023565515012e8
0.6783999999999778	63966.91261998272	3.051993774409934e8	2.0706782941506174e8
0.6787199999999778	63970.23029388561	3.0519930274895334e8	2.0716542311735165e8
0.6790399999999778	63973.56019118291	3.0519922782445973e8	2.0726301661579332e8
0.6793599999999778	63976.89852918518	3.05199152635912e8	2.0736060988747078e8
0.6796799999999777	63980.24202969997	3.0519907739630145e8	2.0745820307583833e8
0.6799999999999777	63983.59717342369	3.0519900181993854e8	2.0755579598864692e8
0.6803199999999777	63986.94985403462	3.0519892638122404e8	2.0765338894379687e8
0.6806399999999777	63990.31947874953	3.051988504490643e8	2.0775098151807305e8
0.6809599999999777	63993.68995106706	3.0519877458449316e8	2.0784857408789164e8
0.6812799999999777	63997.0726151788	3.051986983584293e8	2.0794616636460784e8
0.6815999999999777	64000.4584916084	3.051986221477656e8	2.0804375860189393e8
0.6819199999999777	64003.85610491054	3.051985455978337e8	2.0814135056061777e8
0.6822399999999776	64007.25729537834	3.051984689236475e8	2.0823894238454065e8
0.6825599999999776	64010.6687480989	3.0519839207782334e8	2.0833653404331967e8
0.6828799999999776	64014.09076630967	3.05198315038253e8	2.084341255217792e8
0.6831999999999776	64017.515417614144	3.0519823777837133e8	2.0853171679906076e8
0.6835199999999776	64020.94944550922	3.051981604642717e8	2.086293079906127e8
0.6838399999999776	64024.390209086734	3.051980828904941e8	2.0872689895503715e8
0.6841599999999776	64027.841112883274	3.05198005132141e8	2.0882448974453583e8
0.6844799999999776	64031.29417455449	3.051979272956576e8	2.0892208042926282e8
0.6847999999999775	64034.7609978967	3.05197849135464e8	2.0901967084462544e8
0.6851199999999775	64038.23307133398	3.051977708834302e8	2.0911726114647833e8
0.6854399999999775	64041.71464302828	3.0519769237934446e8	2.092148512262491e8
0.6857599999999775	64045.2004096336	3.051976137800726e8	2.0931244118959248e8
0.6860799999999775	64048.69657963252	3.0519753495058566e8	2.094100309457212e8
0.6863999999999775	64052.201890759185	3.0519745591324204e8	2.095076205093554e8
0.6867199999999775	64055.710539863365	3.0519737679624486e8	2.0960520996650833e8
0.6870399999999774	64059.229458998896	3.051972974490949e8	2.0970279921587077e8
0.6873599999999774	64062.75829206488	3.051972178773119e8	2.0980038826089466e8
0.6876799999999774	64066.28991318646	3.0519713820205724e8	2.0989797718244952e8
0.6879999999999774	64069.83595124674	3.0519705816071993e8	2.099955658033852e8
0.6883199999999774	64073.38543600008	3.051969780851237e8	2.1009315434831816e8
0.6886399999999774	64076.9433648139	3.051968978399362e8	2.1019074272557282e8
0.6889599999999774	64080.513795524166	3.051968172479208e8	2.1028833081413156e8
0.6892799999999774	64084.08664555566	3.051967366385109e8	2.1038591883758837e8
0.6895999999999773	64087.672152238854	3.051966557597312e8	2.1048350662533978e8
0.6899199999999773	64091.262929453784	3.0519657471097547e8	2.1058109424339846e8
0.6902399999999773	64094.86085051007	3.051964934868986e8	2.1067868168848702e8
0.6905599999999773	64098.4694653878	3.051964120679072e8	2.1077626894799843e8
0.6908799999999773	64102.085011577044	3.051963304171505e8	2.1087385599511278e8
0.6911999999999773	64105.70589973293	3.051962487069438e8	2.1097144294821444e8
0.6915199999999773	64109.33979708137	3.0519616662124354e8	2.11069029591056e8
0.6918399999999773	64112.98091426881	3.051960844086858e8	2.1116661609349677e8
0.6921599999999772	64116.63181284302	3.051960019562258e8	2.112642023779516e8
0.6924799999999772	64120.290614248865	3.051959193469642e8	2.1136178850114852e8
0.6927999999999772	64123.95409610217	3.0519583658218247e8	2.1145937446282738e8
0.6931199999999772	64127.629473095556	3.051957536079527e8	2.1155696022766992e8
0.6934399999999772	64131.308431467565	3.051956704877617e8	2.1165454583693925e8
0.6937599999999772	64135.00122248968	3.051955870854621e8	2.117521311991776e8
0.6940799999999772	64138.70261475778	3.051955034368258e8	2.1184971633732897e8
0.6943999999999771	64142.410087742406	3.051954197126601e8	2.11947301368987e8
0.6947199999999771	64146.12233410918	3.0519533582766044e8	2.1204488623441145e8
0.6950399999999771	64149.85018728408	3.051952515535037e8	2.1214247077805334e8
0.6953599999999771	64153.58623080627	3.0519516712205124e8	2.122400551584919e8
0.6956799999999771	64157.32737635975	3.051950826416078e8	2.123376394499739e8
0.6959999999999771	64161.07864459548	3.051949978204568e8	2.124352234509389e8
0.6963199999999771	64164.83855648312	3.0519491281188065e8	2.1253280726733458e8
0.696639999999977	64168.60780087135	3.051948276472422e8	2.1263039092103028e8
0.696959999999977	64172.38484337206	3.051947421855653e8	2.1272797431314752e8
0.697279999999977	64176.171002304356	3.051946565553305e8	2.1282555753337967e8
0.697599999999977	64179.96631647939	3.0519457074778455e8	2.129231405754616e8
0.697919999999977	64183.770112833314	3.0519448476449406e8	2.1302072344010437e8
0.698239999999977	64187.5845348445	3.0519439850153387e8	2.131183060552132e8
0.698559999999977	64191.40169070005	3.051943121298502e8	2.1321588853754678e8
0.698879999999977	64195.23360087921	3.051942254787489e8	2.133134707713229e8
0.699199999999977	64199.07882989587	3.0519413849351794e8	2.1341105271757275e8
0.6995199999999769	64202.92531515006	3.051940514567693e8	2.1350863457003093e8
0.6998399999999769	64206.7840110059	3.051939641540017e8	2.1360621618181828e8
0.7001599999999769	64210.65262544983	3.0519387667442876e8	2.1370379761444423e8
0.7004799999999769	64214.52406704612	3.051937890526592e8	2.1380137888984823e8
0.7007999999999769	64218.411950154936	3.05193701019651e8	2.1389895982341984e8
0.7011199999999769	64222.30696780424	3.051936128957519e8	2.1399654063656902e8
0.7014399999999769	64226.21221087542	3.051935244696569e8	2.1409412118190673e8
0.7017599999999768	64230.12596310771	3.051934359103466e8	2.1419170157720503e8
0.7020799999999768	64234.04712383228	3.051933471490703e8	2.1428928177373138e8
0.7023999999999768	64237.979503556795	3.051932580542025e8	2.1438686167996502e8
0.7027199999999768	64241.92037858657	3.051931688516286e8	2.1448444145349953e8
0.7030399999999768	64245.86959943049	3.051930794496047e8	2.1458202102967927e8
0.7033599999999768	64249.82860199378	3.0519298975749785e8	2.146796003449831e8
0.7036799999999768	64253.804154142264	3.051928997184853e8	2.147771793611436e8
0.7039999999999768	64257.780003476655	3.0519280967812264e8	2.148747583162723e8
0.7043199999999767	64261.76990192731	3.0519271928359187e8	2.1497233696593693e8
0.7046399999999767	64265.767429682	3.051926286994415e8	2.150699154238354e8
0.7049599999999767	64269.771265231895	3.0519253807880396e8	2.151674937973406e8
0.7052799999999767	64273.789168564304	3.051924469757126e8	2.1526507177416724e8
0.7055999999999767	64277.81240219362	3.051923558497422e8	2.1536264967554215e8
0.7059199999999767	64281.85226614004	3.051922642600729e8	2.1546022719357798e8
0.7062399999999767	64285.89742317076	3.0519217257030886e8	2.1555780458127484e8
0.7065599999999767	64289.95589989351	3.051920805713031e8	2.1565538169311208e8
0.7068799999999766	64294.02098446721	3.0519198847235346e8	2.1575295867476106e8
0.7071999999999766	64298.09557845723	3.051918960756665e8	2.1585053538708958e8
0.7075199999999766	64302.17889362711	3.0519180350018215e8	2.1594811191372454e8
0.7078399999999766	64306.27664125307	3.0519171063961273e8	2.1604568818091986e8
0.7081599999999766	64310.3793645914	3.0519161754925215e8	2.1614326422478503e8
0.7084799999999766	64314.49933481455	3.0519152419071e8	2.1624084002147317e8
0.7087999999999766	64318.61916741869	3.051914306752357e8	2.1633841564450145e8
0.7091199999999765	64322.75482491543	3.0519133694513565e8	2.1643599105745092e8
0.7094399999999765	64326.901361952885	3.0519124286284333e8	2.1653356616106814e8
0.7097599999999765	64331.05684797101	3.051911486157985e8	2.1663114108748153e8
0.7100799999999765	64335.22228258963	3.0519105409283733e8	2.1672871575787893e8
0.7103999999999765	64339.398518598704	3.0519095935198087e8	2.1682629021345103e8
0.7107199999999765	64343.584100298154	3.0519086435650796e8	2.1692386442745867e8
0.7110399999999765	64347.77953755715	3.051907691415951e8	2.170214384248078e8
0.7113599999999765	64351.98474851482	3.051906736787284e8	2.171190121849709e8
0.7116799999999764	64356.20299206422	3.0519057796643734e8	2.1721658570759362e8
0.7119999999999764	64360.433232754556	3.051904819595036e8	2.173141589599304e8
0.7123199999999764	64364.671460092475	3.0519038573601276e8	2.1741173199615505e8
0.7126399999999764	64368.91834490111	3.051902892969136e8	2.175093048169209e8
0.7129599999999764	64373.174924576284	3.051901926962498e8	2.176068774608414e8
0.7132799999999764	64377.44792860699	3.051900956510727e8	2.1770444972786e8
0.7135999999999764	64381.72649494105	3.051899984931196e8	2.178020218511511e8
0.7139199999999764	64386.01268503254	3.051899011725649e8	2.1789959379561928e8
0.7142399999999763	64390.31771723057	3.0518980336523664e8	2.1799716533277026e8
0.7145599999999763	64394.62759304624	3.0518970550196e8	2.1809473676597345e8
0.7148799999999763	64398.95027707933	3.051896072687981e8	2.1819230787301418e8
0.7151999999999763	64403.28271960954	3.0518950881841415e8	2.1828987876184112e8
0.7155199999999763	64407.63269458376	3.0518940998565125e8	2.183874493162749e8
0.7158399999999763	64411.98405364513	3.051893110987891e8	2.1848501976633865e8
0.7161599999999763	64416.35426493788	3.0518921177651817e8	2.1858258984385857e8
0.7164799999999762	64420.730331360464	3.0518911236149037e8	2.1868015979021692e8
0.7167999999999762	64425.11487508336	3.051890126211022e8	2.1877772943933144e8
0.7171199999999762	64429.51956789804	3.051889125971241e8	2.1887529882413775e8
0.7174399999999762	64433.92825025548	3.051888123149403e8	2.1897286795798987e8
0.7177599999999762	64438.349217488874	3.051887117812286e8	2.1907043684777054e8
0.7180799999999762	64442.78325712655	3.051886109826898e8	2.1916800548389846e8
0.7183999999999762	64447.225825987305	3.0518850993125314e8	2.1926557387339756e8
0.7187199999999762	64451.678882422595	3.051884087072627e8	2.1936314207431263e8
0.7190399999999761	64456.144292704055	3.051883070806701e8	2.1946070992157826e8
0.7193599999999761	64460.62552118227	3.0518820515387195e8	2.195582774894283e8
0.7196799999999761	64465.114594404244	3.0518810302157533e8	2.1965584484348315e8
0.7199999999999761	64469.61401534238	3.051880006692214e8	2.197534119737564e8
0.7203199999999761	64474.12828724257	3.051878979891438e8	2.1985097880373216e8
0.7206399999999761	64478.64723495206	3.0518779513146e8	2.1994854543841958e8
0.7209599999999761	64483.18075216219	3.0518769192973167e8	2.2004611176040912e8
0.721279999999976	64487.73237123184	3.051875883497162e8	2.2014367774564248e8
0.721599999999976	64492.29049359016	3.0518748460578054e8	2.2024124354519734e8
0.721919999999976	64496.8584383473	3.0518738063973504e8	2.2033880911782473e8
0.722239999999976	64501.44178059467	3.051872762742689e8	2.2043637433678967e8
0.722559999999976	64506.03274469505	3.0518717172754043e8	2.2053393935716897e8
0.722879999999976	64510.63919383315	3.051870668296977e8	2.2063150405817795e8
0.723199999999976	64515.25726169025	3.051869616433138e8	2.2072906848364726e8
0.723519999999976	64519.88540441885	3.051868562649058e8	2.2082663270269394e8
0.723839999999976	64524.52762935851	3.051867505359193e8	2.209241966014626e8
0.7241599999999759	64529.18231504257	3.051866445048362e8	2.2102176021426463e8
0.7244799999999759	64533.8441928951	3.05186538250849e8	2.2111932359671977e8
0.7247999999999759	64538.522873993454	3.0518643164740425e8	2.2121688665952617e8
0.7251199999999759	64543.21121449327	3.051863248348941e8	2.2131444950216973e8
0.7254399999999759	64547.91430384699	3.0518621766943413e8	2.2141201202145818e8
0.7257599999999759	64552.627109219495	3.05186110237151e8	2.215095742781658e8
0.7260799999999759	64557.352446456396	3.0518600254884255e8	2.2160713628063837e8
0.7263999999999758	64562.09154707568	3.0518589455413836e8	2.2170469799236602e8
0.7267199999999758	64566.84471965915	3.051857861428357e8	2.2180225933303916e8
0.7270399999999758	64571.60328608869	3.05185677624263e8	2.2189982052476975e8
0.7273599999999758	64576.38348087773	3.051855686555176e8	2.2199738132246208e8
0.7276799999999758	64581.166437054526	3.0518545961383647e8	2.2209494199503326e8
0.7279999999999758	64585.97302590786	3.051853499799172e8	2.221925021700354e8
0.7283199999999758	64590.78412866409	3.051852401774294e8	2.2229006215025005e8
0.7286399999999758	64595.61087440579	3.05185130156126e8	2.2238762190191916e8
0.7289599999999757	64600.44472894771	3.051850197912543e8	2.2248518133156464e8
0.7292799999999757	64605.29963248292	3.051849090757614e8	2.2258274043748036e8
0.7295999999999757	64610.163538625355	3.05184798054257e8	2.2268029924859932e8
0.7299199999999757	64615.04220017448	3.0518468674842864e8	2.2277785778200305e8
0.7302399999999757	64619.93215183673	3.0518457512527573e8	2.2287541601237118e8
0.7305599999999757	64624.83907975415	3.0518446310682464e8	2.2297297388395602e8
0.7308799999999757	64629.75174870276	3.051843509887717e8	2.2307053160945663e8
0.7311999999999756	64634.68288129769	3.051842384066037e8	2.231680889256597e8
0.7315199999999756	64639.62421837928	3.0518412553871894e8	2.232656459603864e8
0.7318399999999756	64644.58572404213	3.051840122843275e8	2.2336320264226258e8
0.7321599999999756	64649.551118794036	3.0518389890170395e8	2.2346075915563577e8
0.7324799999999756	64654.53130585643	3.0518378514494735e8	2.2355831532317853e8
0.7327999999999756	64659.5275949296	3.051836710347595e8	2.236558711600377e8
0.7331199999999756	64664.53763753194	3.05183556620821e8	2.2375342670165354e8
0.7334399999999756	64669.55928141634	3.051834418845111e8	2.2385098193349043e8
0.7337599999999755	64674.59685521148	3.0518332675486743e8	2.239485368043108e8
0.7340799999999755	64679.64854022969	3.0518321138883543e8	2.2404609142844868e8
0.7343999999999755	64684.70820891827	3.0518309570444417e8	2.241436457438366e8
0.7347199999999755	64689.78475242435	3.051829796425213e8	2.242411997090449e8
0.7350399999999755	64694.87854790557	3.051828632633514e8	2.243387533681064e8
0.7353599999999755	64699.98114097472	3.051827465875698e8	2.2443630673363698e8
0.7356799999999755	64705.09978699936	3.0518262953794867e8	2.245338597504463e8
0.7359999999999755	64710.23175487847	3.051825123143928e8	2.246314125645689e8
0.7363199999999754	64715.379664894775	3.0518239450849766e8	2.2472896487579954e8
0.7366399999999754	64720.53904154164	3.051822765113248e8	2.2482651697045678e8
0.7369599999999754	64725.71529207339	3.0518215814996314e8	2.2492406872233978e8
0.7372799999999754	64730.901174604536	3.051820395285881e8	2.2502162020598653e8
0.7375999999999754	64736.105055321015	3.051819204269951e8	2.2511917126091057e8
0.7379199999999754	64741.32172639394	3.051818010901639e8	2.2521672206604427e8
0.7382399999999754	64746.55317157638	3.0518168142399895e8	2.2531427255220366e8
0.7385599999999753	64751.80047701972	3.051815612441217e8	2.254118225831677e8
0.7388799999999753	64757.06141424766	3.051814409257214e8	2.2550937243506598e8
0.7391999999999753	64762.33378788954	3.051813202494613e8	2.2560692194504613e8
0.7395199999999753	64767.62587388946	3.05181199055205e8	2.257044709964853e8
0.7398399999999753	64772.92825984458	3.051810776413112e8	2.2580201980715623e8
0.7401599999999753	64778.24460249881	3.051809559514951e8	2.258995683361286e8
0.7404799999999753	64783.5785255796	3.0518083383318335e8	2.25997116471087e8
0.7407999999999753	64788.9253759787	3.051807113616169e8	2.2609466426613572e8
0.7411199999999752	64794.29006891791	3.051805884780154e8	2.2619221167863226e8
0.7414399999999752	64799.667310577555	3.0518046532841223e8	2.2628975881507024e8
0.7417599999999752	64805.05942066384	3.0518034175483423e8	2.2638730555860308e8
0.7420799999999752	64810.46776014066	3.0518021788730407e8	2.2648485200564775e8
0.7423999999999752	64815.88797908822	3.0518009366112477e8	2.2658239810675487e8
0.7427199999999752	64821.33003548604	3.0517996894454366e8	2.266799437662754e8
0.7430399999999752	64826.7829560758	3.051798439753486e8	2.2677748915758383e8
0.7433599999999752	64832.249612783795	3.0517971864418215e8	2.268750341998723e8
0.7436799999999751	64837.73589473102	3.0517959289399934e8	2.2697257885186636e8
0.7439999999999751	64843.23631386489	3.0517946682557714e8	2.2707012318671817e8
0.7443199999999751	64848.75107738117	3.051793403477775e8	2.271676671363256e8
0.7446399999999751	64854.28468323146	3.051792134270231e8	2.272652106764276e8
0.7449599999999751	64859.823182650754	3.0517908645426416e8	2.2736275409426552e8
0.7452799999999751	64865.38951813583	3.0517895874345076e8	2.2746029688432944e8
0.7455999999999751	64870.9664584935	3.0517883087290007e8	2.2755783947269374e8
0.745919999999975	64876.56157960352	3.0517870242885244e8	2.2765538155248815e8
0.746239999999975	64882.168866153435	3.0517857380225676e8	2.2775292341335994e8
0.746559999999975	64887.793080253985	3.05178444774966e8	2.2785046489346927e8
0.746879999999975	64893.44329339783	3.0517831505652386e8	2.2794800577777535e8
0.747199999999975	64899.10236622196	3.051781851576168e8	2.280455464428418e8
0.747519999999975	64904.77085049466	3.051780550425449e8	2.2814308686193985e8
0.747839999999975	64910.460103998215	3.051779244652008e8	2.2824062685366794e8
0.748159999999975	64916.16741919039	3.0517779336073303e8	2.2833816636836123e8
0.7484799999999749	64921.89441744736	3.051776618910002e8	2.2843570552705207e8
0.7487999999999749	64927.62834893139	3.0517753021350324e8	2.2853324444410482e8
0.7491199999999749	64933.38771048125	3.051773979246595e8	2.2863078282162207e8
0.7494399999999749	64939.15622889507	3.0517726538681114e8	2.287283209264688e8
0.7497599999999749	64944.948678704524	3.0517713230752784e8	2.2882585854284176e8
0.7500799999999749	64950.75481017413	3.051769989300669e8	2.2892339585009906e8
0.7503999999999749	64956.57573050281	3.05176865152113e8	2.2902093277144027e8
0.7507199999999749	64962.41713555045	3.0517673088846797e8	2.2911846924392655e8
0.7510399999999748	64968.268946996446	3.0517659642053276e8	2.2921600547590628e8
0.7513599999999748	64974.14471362125	3.0517646138793033e8	2.2931354119976926e8
0.7516799999999748	64980.03597137889	3.051763258918432e8	2.2941107648890543e8
0.7519999999999748	64985.94493820832	3.051761900445787e8	2.2950861142786014e8
0.7523199999999748	64991.86638034329	3.0517605388084507e8	2.2960614604109478e8
0.7526399999999748	64997.8109129289	3.051759171781196e8	2.2970368016343966e8
0.7529599999999748	65003.77169362279	3.0517578009530866e8	2.298012139123151e8
0.7532799999999747	65009.7466477522	3.051756426553834e8	2.2989874730413243e8
0.7535999999999747	65015.740468942146	3.0517550475226825e8	2.299962802597532e8
0.7539199999999747	65021.751105651136	3.0517536648898256e8	2.3009381285587808e8
0.7542399999999747	65027.78422332031	3.05175227642074e8	2.3019134492500088e8
0.7545599999999747	65033.83103693116	3.051750885298198e8	2.3028887670454282e8
0.7548799999999747	65039.905384341124	3.051749486977811e8	2.303864078545811e8
0.7551999999999747	65045.9843344018	3.051748087179992e8	2.3048393880079034e8
0.7555199999999747	65052.08676968411	3.0517466826876533e8	2.305814693045833e8
0.7558399999999746	65058.2029025855	3.0517452737684244e8	2.3067899938332555e8
0.7561599999999746	65064.343617943035	3.051743860148127e8	2.3077652901850083e8
0.7564799999999746	65070.503756720216	3.05174244135261e8	2.3087405817250934e8
0.7567999999999746	65076.67613241477	3.051741019351325e8	2.3097158699213594e8
0.7571199999999746	65082.8728345227	3.0517395921242315e8	2.310691153270561e8
0.7574399999999746	65089.08227894883	3.051738161845359e8	2.311666433386047e8
0.7577599999999746	65095.30937134742	3.05173672651264e8	2.3126417087595618e8
0.7580799999999746	65101.56257400495	3.051735285337746e8	2.31361697880894e8
0.7583999999999745	65107.83024224947	3.051733841008446e8	2.3145922455385932e8
0.7587199999999745	65114.11777038921	3.051732392323411e8	2.315567508046897e8
0.7590399999999745	65120.42225635697	3.0517309380455524e8	2.316542765383487e8
0.7593599999999745	65126.750214216634	3.051729479564935e8	2.3175180186140668e8
0.7596799999999745	65133.0961513938	3.051728015990695e8	2.3184932670444041e8
0.7599999999999745	65139.46033132567	3.051726548447113e8	2.3194685115245232e8
0.7603199999999745	65145.845732489455	3.051725076100756e8	2.3204437514239004e8
0.7606399999999744	65152.24799185847	3.051723599050552e8	2.3214189868025276e8
0.7609599999999744	65158.66543499708	3.051722118069681e8	2.3223942182400823e8
0.7612799999999744	65165.10653455845	3.051720632373427e8	2.323369445155484e8
0.7615999999999744	65171.57233498279	3.0517191404271823e8	2.3243446663777107e8
0.7619199999999744	65178.05291742205	3.05171764378577e8	2.3253198830615616e8
0.7622399999999744	65184.5528310349	3.051716143456117e8	2.3262950959807235e8
0.7625599999999744	65191.07289115226	3.0517146393222433e8	2.3272703050449646e8
0.7628799999999744	65197.616502497825	3.051713127945893e8	2.328245507635535e8
0.7631999999999743	65204.177903266216	3.051711613466216e8	2.3292207068906125e8
0.7635199999999743	65210.754055798316	3.051710094250062e8	2.3301959015529203e8
0.7638399999999743	65217.35621163083	3.051708569192365e8	2.331171090800247e8
0.7641599999999743	65223.97985258768	3.051707039328386e8	2.3321462754071856e8
0.7644799999999743	65230.62540130639	3.051705504048794e8	2.3331214549040887e8
0.7647999999999743	65237.28426912769	3.051703965280001e8	2.3340966307386672e8
0.7651199999999743	65243.97152359119	3.051702419727784e8	2.335071800422358e8
0.7654399999999743	65250.67203524142	3.0517008710444546e8	2.3360469667085147e8
0.7657599999999742	65257.39754404469	3.0516993164012074e8	2.337022127455317e8
0.7660799999999742	65264.14543990595	3.05169775677532e8	2.3379972833993718e8
0.7663999999999742	65270.910660984686	3.051696193046662e8	2.3389724351981872e8
0.7667199999999742	65277.69900004108	3.0516946230055636e8	2.3399475811669743e8
0.7670399999999742	65284.50938936849	3.051693048441905e8	2.3409227226698732e8
0.7673599999999742	65291.345084458684	3.051691466413101e8	2.341897857451883e8
0.7676799999999742	65298.1956532105	3.051689882317242e8	2.342872989625363e8
0.7679999999999741	65305.06854781334	3.051688291449323e8	2.3438481155920324e8
0.7683199999999741	65311.96993360519	3.05168669517593e8	2.344823236409434e8
0.7686399999999741	65318.879762482946	3.051685096040902e8	2.3457983539810184e8
0.7689599999999741	65325.82778840855	3.051683488372272e8	2.3467734640111858e8
0.7692799999999741	65332.78313457319	3.0516818785970265e8	2.3477485713642895e8
0.7695999999999741	65339.76928441748	3.051680260560393e8	2.3487236713556305e8
0.7699199999999741	65346.77644776962	3.0516786385141164e8	2.3496987672279605e8
0.7702399999999741	65353.80211817344	3.0516770108209276e8	2.3506738577103788e8
0.770559999999974	65360.855378720225	3.0516753774162054e8	2.351648942768333e8
0.770879999999974	65367.928446003614	3.051673739432913e8	2.3526240232516202e8
0.771199999999974	65375.02413492662	3.05167209565976e8	2.3535990982279485e8
0.771519999999974	65382.140968528794	3.051670446343574e8	2.3545741678785998e8
0.771839999999974	65389.28309730184	3.051668791391624e8	2.3555492321359468e8
0.772159999999974	65396.44807851589	3.051667131249698e8	2.3565242913329893e8
0.772479999999974	65403.63596108272	3.05166546470192e8	2.3574993445253986e8
0.772799999999974	65410.85033199003	3.051663792431871e8	2.358474392243225e8
0.7731199999999739	65418.07835858018	3.0516621163600403e8	2.3594494359363747e8
0.7734399999999739	65425.33582222036	3.051660433367058e8	2.3604244732241768e8
0.7737599999999739	65432.62290165825	3.051658742965218e8	2.36139950372274e8
0.7740799999999739	65439.92375883148	3.0516570496922165e8	2.3623745309014273e8
0.7743999999999739	65447.25588260501	3.0516553491570854e8	2.3633495513964385e8
0.7747199999999739	65454.60603325189	3.0516536436444515e8	2.3643245669406214e8
0.7750399999999739	65461.9804253121	3.0516519327527654e8	2.3652995772317883e8
0.7753599999999738	65469.387088877054	3.0516502134423006e8	2.366274579925699e8
0.7756799999999738	65476.811514757195	3.051648490632729e8	2.3672495787975052e8
0.7759999999999738	65484.2610924666	3.051646761407278e8	2.368224571596815e8
0.7763199999999738	65491.731827607175	3.0516450265457577e8	2.3691995589136747e8
0.7766399999999738	65499.23103634681	3.051643285769052e8	2.3701745405420393e8
0.7769599999999738	65506.75594703051	3.05164153808306e8	2.3711495156973985e8
0.7772799999999738	65514.30242000973	3.051639785221024e8	2.3721244857108676e8
0.7775999999999738	65521.87782095294	3.051638025205577e8	2.3730994490560505e8
0.7779199999999737	65529.47560986251	3.0516362598001146e8	2.3740744070830595e8
0.7782399999999737	65537.09763796379	3.051634488863577e8	2.375049359680832e8
0.7785599999999737	65544.74895166824	3.051632709809266e8	2.3760243048411006e8
0.7788799999999737	65552.42248292173	3.051630927015705e8	2.3769992459505063e8
0.7791999999999737	65560.12094530075	3.051629136353663e8	2.3779741797937414e8
0.7795199999999737	65567.84675414805	3.0516273410656434e8	2.3789491088959336e8
0.7798399999999737	65575.59898627661	3.0516255380349416e8	2.3799240308198166e8
0.7801599999999737	65583.38175276695	3.051623727870599e8	2.3808989460418916e8
0.7804799999999736	65591.18402362983	3.0516219123688227e8	2.381873855932707e8
0.7807999999999736	65599.01450697539	3.05162009031239e8	2.3828487595556328e8
0.7811199999999736	65606.86793624617	3.05161826394302e8	2.38382365864363e8
0.7814399999999736	65614.75016333401	3.051616430645728e8	2.3847985511616743e8
0.7817599999999736	65622.6660389837	3.051614586800304e8	2.3857734342832887e8
0.7820799999999736	65630.59576302569	3.0516127413789785e8	2.3867483149718776e8
0.7823999999999736	65638.56323235748	3.0516108863923293e8	2.3877231870268714e8
0.7827199999999735	65646.55119152812	3.051609026437225e8	2.3886980539992929e8
0.7830399999999735	65654.57663370512	3.0516071573947346e8	2.3896729126957566e8
0.7833599999999735	65662.61317623426	3.051605285766877e8	2.390647768143445e8
0.7836799999999735	65670.6924824945	3.0516034036506855e8	2.3916226142148665e8
0.7839999999999735	65678.79284862525	3.051601516173014e8	2.3925974548721153e8
0.7843199999999735	65686.92039597358	3.051599622939619e8	2.3935722898138312e8
0.7846399999999735	65695.07124883962	3.0515977229434156e8	2.3945471182356822e8
0.7849599999999735	65703.25920814015	3.0515958146967256e8	2.395521938992862e8
0.7852799999999734	65711.47048691206	3.0515939009933513e8	2.3964967542414075e8
0.7855999999999734	65719.70900096424	3.0515919789365417e8	2.3974715617085642e8
0.7859199999999734	65727.98323486967	3.0515900495539594e8	2.398446362211876e8
0.7862399999999734	65736.28055189915	3.051588114903309e8	2.399421157334804e8
0.7865599999999734	65744.60558883104	3.051586172923803e8	2.400395945461034e8
0.7868799999999734	65752.96210079778	3.051584223354238e8	2.4013707263857308e8
0.7871999999999734	65761.34939178644	3.051582266337007e8	2.4023455002119166e8
0.7875199999999734	65769.76485062267	3.0515803025066227e8	2.4033202674262887e8
0.7878399999999733	65778.20295919146	3.0515783329058653e8	2.4042950288318738e8
0.7881599999999733	65786.6753756574	3.051576355009512e8	2.405269782457331e8
0.7884799999999733	65795.18758024492	3.051574367022116e8	2.4062445268902865e8
0.7887999999999733	65803.71015069567	3.051572377816381e8	2.407219269057318e8
0.7891199999999733	65812.28045017226	3.051570375932736e8	2.4081939999929723e8
0.7894399999999733	65820.87382811782	3.051568368724274e8	2.4091687254375416e8
0.7897599999999733	65829.49888609511	3.05156635316901e8	2.410143443017134e8
0.7900799999999732	65838.1481123772	3.0515643325034946e8	2.411118155264797e8
0.7903999999999732	65846.83824177372	3.0515623021426344e8	2.4120928585864112e8
0.7907199999999732	65855.55128136704	3.0515602645856905e8	2.413067554910837e8
0.7910399999999732	65864.29619064645	3.051558220241284e8	2.4140422445729032e8
0.7913599999999732	65873.08077618408	3.0515561666553944e8	2.4150169256400624e8
0.7916799999999732	65881.8885098939	3.051554107422136e8	2.4159916009140188e8
0.7919999999999732	65890.72906958031	3.0515520393311745e8	2.4169662678666732e8
0.7923199999999732	65899.60398494011	3.0515499632224894e8	2.4179409271579167e8
0.7926399999999731	65908.51079627972	3.0515478786883634e8	2.4189155784514496e8
0.7929599999999731	65917.44002643817	3.05154578975677e8	2.4198902249132773e8
0.7932799999999731	65926.41050868122	3.051543689897839e8	2.420864861397879e8
0.7935999999999731	65935.41151840566	3.051541583496537e8	2.421839491352144e8
0.7939199999999731	65944.44135240663	3.0515394697564805e8	2.422814114133722e8
0.7942399999999731	65953.51181040879	3.051537346209885e8	2.4237887277995577e8
0.7945599999999731	65962.60808594017	3.051535215930306e8	2.4247633347515532e8
0.794879999999973	65971.74762099826	3.051533074554203e8	2.425737931550283e8
0.795199999999973	65980.91430925796	3.051530927855851e8	2.426712522743396e8
0.795519999999973	65990.10534858773	3.0515287737397915e8	2.4276871066528136e8
0.795839999999973	65999.34292325516	3.051526609480668e8	2.4286616811475244e8
0.796159999999973	66008.60911507536	3.0515244374907535e8	2.429636248101376e8
0.796479999999973	66017.91106270703	3.0515222573237187e8	2.430610807165708e8
0.796799999999973	66027.24697886186	3.0515200677087015e8	2.4315853573160717e8
0.797119999999973	66036.61236498131	3.0515178715318835e8	2.4325599008345786e8
0.797439999999973	66046.01754131333	3.051515666284931e8	2.4335344357353044e8
0.7977599999999729	66055.45510914958	3.051513452221846e8	2.4345089621968302e8
0.7980799999999729	66064.9318738391	3.0515112288800913e8	2.43548347985498e8
0.7983999999999729	66074.43493561671	3.051508999190011e8	2.4364579910140526e8
0.7987199999999729	66083.98031224128	3.0515067596482664e8	2.4374324929017532e8
0.7990399999999729	66093.56093686157	3.051504510605903e8	2.438406985774517e8
0.7993599999999729	66103.16816740907	3.0515022549231696e8	2.439381471891913e8
0.7996799999999729	66112.81933741544	3.051499989826495e8	2.4403559490640652e8
0.7999999999999728	66122.5083272005	3.0514977147374666e8	2.441330416806545e8
0.8003199999999728	66132.22588258353	3.051495431122169e8	2.442304876264254e8
0.8006399999999728	66141.98838837013	3.051493138360435e8	2.4432793269648665e8
0.8009599999999728	66151.78244446771	3.0514908376918805e8	2.444253769865383e8
0.8012799999999728	66161.61648389345	3.0514885266223574e8	2.4452282029761562e8
0.8015999999999728	66171.48780363794	3.051486207355192e8	2.4462026280476412e8
0.8019199999999728	66181.39137792002	3.0514838777507854e8	2.4471770433458683e8
0.8022399999999728	66191.33583237846	3.051481540820887e8	2.4481514512938076e8
0.8025599999999727	66201.31687159395	3.051479193736227e8	2.4491258496048945e8
0.8028799999999727	66211.33670473706	3.051476837349902e8	2.4501002389583182e8
0.8031999999999727	66221.39411349744	3.05147447127226e8	2.4510746190294114e8
0.8035199999999727	66231.49163744418	3.0514720964504474e8	2.4520489905745494e8
0.8038399999999727	66241.62509219442	3.051469711523775e8	2.4530233524829686e8
0.8041599999999727	66251.80357110621	3.051467315910314e8	2.4539977042944682e8
0.8044799999999727	66262.01272326568	3.051464912642889e8	2.4549720484101444e8
0.8047999999999726	66272.26649787511	3.051462499366005e8	2.4559463829538813e8
0.8051199999999726	66282.56216009264	3.0514600750491464e8	2.4569207070806226e8
0.8054399999999726	66292.89259005191	3.0514576419146377e8	2.4578950225554654e8
0.8057599999999726	66303.25898078331	3.051455198432634e8	2.4588693281392398e8
0.8060799999999726	66313.6775831256	3.0514527457276225e8	2.4598436247596076e8
0.8063999999999726	66324.12376901753	3.051450283840908e8	2.4608179123928413e8
0.8067199999999726	66334.61659708161	3.05144781143821e8	2.461792189990308e8
0.8070399999999726	66345.14754236644	3.051445328799494e8	2.4627664577509576e8
0.8073599999999725	66355.7218008889	3.0514428358520603e8	2.463740715615913e8
0.8076799999999725	66366.33924559347	3.0514403328657186e8	2.464714963792537e8
0.8079999999999725	66376.99740375756	3.051437819352073e8	2.4656892018714064e8
0.8083199999999725	66387.70189243065	3.051435293364791e8	2.4666634282795316e8
0.8086399999999725	66398.44897071904	3.051432757947786e8	2.4676376454587638e8
0.8089599999999725	66409.23358648583	3.051430212969117e8	2.468611853283257e8
0.8092799999999725	66420.05635057684	3.051427659549353e8	2.4695860526514882e8
0.8095999999999725	66430.93623992435	3.0514250901267004e8	2.4705602374690932e8
0.8099199999999724	66441.84723343732	3.051422514186334e8	2.4715344153529328e8
0.8102399999999724	66452.80062897505	3.0514199272777176e8	2.4725085827118874e8
0.8105599999999724	66463.80109108298	3.0514173300049704e8	2.4734827400335315e8
0.8108799999999724	66474.84783288863	3.051414720102791e8	2.474456885469089e8
0.8111999999999724	66485.93298718958	3.0514121010183644e8	2.475431021787493e8
0.8115199999999724	66497.07273129889	3.0514094687002397e8	2.4764051457222182e8
0.8118399999999724	66508.25092349832	3.051406826720347e8	2.4773792601294997e8
0.8121599999999723	66519.47519783444	3.051404172763218e8	2.4783533631335026e8
0.8124799999999723	66530.74380464289	3.051401508249413e8	2.479327455873181e8
0.8127999999999723	66542.0627123445	3.0513988327449703e8	2.4803015379964247e8
0.8131199999999723	66553.41891781928	3.0513961459741443e8	2.4812756092436853e8
0.8134399999999723	66564.81974823173	3.051393448291105e8	2.482249669905554e8
0.8137599999999723	66576.27965083333	3.051390737379446e8	2.4832237181130353e8
0.8140799999999723	66587.77462492972	3.051388016288019e8	2.4841977562902486e8
0.8143999999999723	66599.32535727255	3.0513852821092266e8	2.4851717820975327e8
0.8147199999999722	66610.91490855583	3.051382538505792e8	2.4861457984744966e8
0.8150399999999722	66622.56080059036	3.051379779828502e8	2.4871198008397943e8
0.8153599999999722	66634.25832892489	3.051377009589058e8	2.4880937920330283e8
0.8156799999999722	66645.9955359109	3.051374229123312e8	2.4890677731101903e8
0.8159999999999722	66657.77125514364	3.0513714387798774e8	2.4900417443434048e8
0.8163199999999722	66669.61174197622	3.0513686335170776e8	2.4910157016554236e8
0.8166399999999722	66681.49489963605	3.051365817075288e8	2.4919896480453265e8
0.8169599999999722	66693.43195449439	3.05136298518055e8	2.492963580030867e8
0.8172799999999721	66705.42151990288	3.0513601435267913e8	2.4939375022476923e8
0.8175999999999721	66717.44990755215	3.0513572908973545e8	2.4949114136662233e8
0.8179199999999721	66729.5382089701	3.0513544233494085e8	2.495885311089034e8
0.8182399999999721	66741.66637495151	3.0513515451355463e8	2.4968591979444274e8
0.8185599999999721	66753.8607296075	3.051348652064824e8	2.497833070839005e8
0.8188799999999721	66766.10331366974	3.051345745946634e8	2.4988069312070158e8
0.8191999999999721	66778.38862615437	3.051342829318206e8	2.499780781104025e8
0.819519999999972	66790.73326135769	3.051339898769591e8	2.5007546177549598e8
0.819839999999972	66803.1305403709	3.0513369540113276e8	2.501728440896543e8
0.820159999999972	66815.56690335194	3.051333999727148e8	2.5027022543316513e8
0.820479999999972	66828.08038916455	3.051331026333325e8	2.5036760502557957e8
0.820799999999972	66840.6269857973	3.0513280448892474e8	2.5046498376485673e8
0.821119999999972	66853.23617615136	3.051325047983095e8	2.5056236104686654e8
0.821439999999972	66865.90068595743	3.051322036964712e8	2.5065973697964725e8
0.821759999999972	66878.61678163645	3.051319013877956e8	2.5075711172908154e8
0.8220799999999719	66891.3833190448	3.0513159763771653e8	2.5085448510092556e8
0.8223999999999719	66904.21839652822	3.0513129239660305e8	2.50951857056145e8
0.8227199999999719	66917.09870960852	3.0513098602695864e8	2.5104922788735008e8
0.8230399999999719	66930.0374064535	3.0513067812888217e8	2.5114659726660606e8
0.8233599999999719	66943.03367096944	3.051303686718697e8	2.512439651671297e8
0.8236799999999719	66956.09030129379	3.0513005776406485e8	2.5134133167693827e8
0.8239999999999719	66969.18977093622	3.051297458873578e8	2.5143869718857393e8
0.8243199999999719	66982.35028887764	3.051294324352191e8	2.5153606120428997e8
0.8246399999999718	66995.57841720992	3.051291172797042e8	2.5163342361815795e8
0.8249599999999718	67008.86764920218	3.051288006363618e8	2.5173078460515773e8
0.8252799999999718	67022.19820817947	3.051284829300293e8	2.5182814451095688e8
0.8255999999999718	67035.59550520354	3.051281636795837e8	2.519255029417118e8
0.8259199999999718	67049.0584219461	3.051278426279067e8	2.5202285968332216e8
0.8262399999999718	67062.57405407663	3.05127520231799e8	2.5212021510918063e8
0.8265599999999718	67076.15536931134	3.051271963627968e8	2.5221756911401194e8
0.8268799999999717	67089.7884634398	3.051268710912598e8	2.5231492175211108e8
0.8271999999999717	67103.49796470735	3.051265439333232e8	2.5241227262608466e8
0.8275199999999717	67117.25221599564	3.051262156803075e8	2.5250962238342166e8
0.8278399999999717	67131.0732476224	3.051258856337768e8	2.5260697044862747e8
0.8281599999999717	67144.96603799236	3.051255540171932e8	2.5270431700583407e8
0.8284799999999717	67158.9153289513	3.051252208636365e8	2.5280166207825413e8
0.8287999999999717	67172.92352546199	3.0512488603437793e8	2.5289900554979137e8
0.8291199999999717	67186.98944259163	3.0512454999538916e8	2.5299634780492437e8
0.8294399999999716	67201.12707688136	3.051242122222094e8	2.5309368840981495e8
0.8297599999999716	67215.33068048472	3.0512387266657007e8	2.5319102732169956e8
0.8300799999999716	67229.59957339724	3.051235314656387e8	2.5328836465254822e8
0.8303999999999716	67243.93253047057	3.051231887450635e8	2.5338570050484923e8
0.8307199999999716	67258.33039305678	3.0512284436899465e8	2.534830347643715e8
0.8310399999999716	67272.79641552284	3.051224982779036e8	2.5358036738054273e8
0.8313599999999716	67287.32777126008	3.051221505686224e8	2.536776984316766e8
0.8316799999999716	67301.93200355218	3.051218009071976e8	2.5377502763968423e8
0.8319999999999715	67316.59421801812	3.0512144989923245e8	2.5387235550398135e8
0.8323199999999715	67331.32666289099	3.0512109713587886e8	2.5396968168498084e8
0.8326399999999715	67346.1337566671	3.0512074247953993e8	2.5406700606710094e8
0.8329599999999715	67361.00604591581	3.051203861955748e8	2.5416432886790723e8
0.8332799999999715	67375.94805592319	3.0512002818767536e8	2.542616500062773e8
0.8335999999999715	67390.95846930517	3.0511966836937195e8	2.5435896940818903e8
0.8339199999999715	67406.03398149011	3.0511930704011256e8	2.544562873210056e8
0.8342399999999714	67421.18594331821	3.051189435101489e8	2.5455360316967985e8
0.8345599999999714	67436.41188303813	3.0511857842060924e8	2.5465091748667684e8
0.8348799999999714	67451.71328330175	3.051182112557311e8	2.547482298400734e8
0.8351999999999714	67467.07749984463	3.0511784255832446e8	2.5484554067907584e8
0.8355199999999714	67482.51233666862	3.051174721387982e8	2.5494284984502906e8
0.8358399999999714	67498.03138273896	3.051170995952464e8	2.550401570025138e8
0.8361599999999714	67513.6229120237	3.0511672517642367e8	2.5513746235548759e8
0.8364799999999714	67529.28283490537	3.051163490490273e8	2.5523476604085082e8
0.8367999999999713	67545.013825889	3.051159711404986e8	2.5533206799661684e8
0.8371199999999713	67560.83101201785	3.051155911733898e8	2.5542936799121454e8
0.8374399999999713	67576.72039924431	3.0511520924273974e8	2.5552666609989932e8
0.8377599999999713	67592.69283759987	3.0511482531726205e8	2.5562396229626667e8
0.8380799999999713	67608.74057023448	3.0511443943417877e8	2.557212566082609e8
0.8383999999999713	67624.87201284274	3.051140514448202e8	2.5581854891064578e8
0.8387199999999713	67641.07293077218	3.05113661628219e8	2.5591583943305334e8
0.8390399999999713	67657.3423973889	3.0511327027124333e8	2.5601312841420752e8
0.8393599999999712	67673.71565122361	3.0511287614570683e8	2.5611041482733393e8
0.8396799999999712	67690.15523874536	3.051124804013689e8	2.5620769962910056e8
0.8399999999999712	67706.66741058433	3.051120827284797e8	2.5630498255869985e8
0.8403199999999712	67723.26948908406	3.051116828735426e8	2.5640226340395856e8
0.8406399999999712	67739.95594245971	3.05111280939537e8	2.564995422483826e8
0.8409599999999712	67756.72787513406	3.0511087658531964e8	2.5659681880318287e8
0.8412799999999712	67773.59639234045	3.051104700281445e8	2.5669409325048798e8
0.8415999999999711	67790.51176110942	3.0511006231643283e8	2.5679136646256402e8
0.8419199999999711	67807.53556154377	3.051096516898602e8	2.5688863696593988e8
0.8422399999999711	67824.6356986377	3.0510923927792746e8	2.5698590570396063e8
0.8425599999999711	67841.82597449425	3.0510882463574016e8	2.5708317230216184e8
0.8428799999999711	67859.11378962325	3.051084073453485e8	2.5718043640719712e8
0.8431999999999711	67876.47568549511	3.051079882793269e8	2.572776987485071e8
0.8435199999999711	67893.92660879255	3.051075669456895e8	2.5737495891165492e8
0.8438399999999711	67911.47565161188	3.051071430182052e8	2.5747221662051123e8
0.844159999999971	67929.11254529745	3.051067169084009e8	2.5756947221828595e8
0.844479999999971	67946.82499580138	3.0510628913507223e8	2.576667261390003e8
0.844799999999971	67964.64960473223	3.051058582784865e8	2.577639771872752e8
0.845119999999971	67982.53282720277	3.0510542595542806e8	2.5786122671812677e8
0.845439999999971	68000.5379118227	3.0510499046891433e8	2.5795847330516973e8
0.845759999999971	68018.61015409796	3.051045533672939e8	2.580557182463438e8
0.846079999999971	68036.80132641045	3.051041134301511e8	2.5815296051543355e8
0.846399999999971	68055.06900087034	3.051036712489095e8	2.5825020060366666e8
0.8467199999999709	68073.43464515576	3.051032267712272e8	2.5834743846778703e8
0.8470399999999709	68091.90880818707	3.051027793279024e8	2.5844467354026887e8
0.8473599999999709	68110.45858834006	3.051023302372914e8	2.5854190693026128e8
0.8476799999999709	68129.12704426092	3.051018779841054e8	2.58639137358189e8
0.8479999999999709	68147.8839530041	3.0510142349794275e8	2.5873636560460743e8
0.8483199999999709	68166.73787688554	3.051009666657139e8	2.588335915726507e8
0.8486399999999709	68185.67822669321	3.05100507381841e8	2.5893081516877306e8
0.8489599999999708	68204.73242524696	3.051000454389939e8	2.5902803621866485e8
0.8492799999999708	68223.88025868806	3.050995810092585e8	2.5912525486276674e8
0.8495999999999708	68243.13721342417	3.0509911381083375e8	2.5922247086151236e8
0.8499199999999708	68262.49256715416	3.0509864420307785e8	2.593196845159555e8
0.8502399999999708	68281.94232049817	3.050981720352964e8	2.5941689569496343e8
0.8505599999999708	68301.51268007857	3.0509769673808527e8	2.595141039155918e8
0.8508799999999708	68321.17659474205	3.050972190939607e8	2.5961130983651417e8
0.8511999999999708	68340.95574263559	3.050967385479632e8	2.5970851298623186e8
0.8515199999999707	68360.81814998138	3.050962558407556e8	2.5980571398779017e8
0.8518399999999707	68380.8112740848	3.050957699150076e8	2.599029119453895e8
0.8521599999999707	68400.90041727174	3.050952814418078e8	2.600001074225597e8
0.8524799999999707	68421.12932937317	3.050947894001347e8	2.6009729955281654e8
0.8527999999999707	68441.43539122467	3.050942954647846e8	2.6019448975164896e8
0.8531199999999707	68461.85929020745	3.0509379839070654e8	2.6029167696096316e8
0.8534399999999707	68482.3934113168	3.0509329876589614e8	2.6038886167833582e8
0.8537599999999707	68503.04362998364	3.050927960303143e8	2.6048604342393267e8
0.8540799999999706	68523.79339865767	3.0509229066293335e8	2.6058322260132188e8
0.8543999999999706	68544.6860241634	3.050917816434015e8	2.606803983423984e8
0.8547199999999706	68565.69093983139	3.0509126998746675e8	2.6077757150725836e8
0.8550399999999706	68586.7915384068	3.0509075558674014e8	2.6087474199817872e8
0.8553599999999706	68608.02031826002	3.050902381113473e8	2.6097190953497192e8
0.8556799999999706	68629.36979564237	3.05089717469654e8	2.610690740350735e8
0.8559999999999706	68650.8427494028	3.0508919356852305e8	2.6116623541600266e8
0.8563199999999705	68672.43957802892	3.050886664817644e8	2.6126339373777404e8
0.8566399999999705	68694.15729013114	3.0508813627478975e8	2.6136054905281603e8
0.8569599999999705	68715.99180613554	3.05087603305857e8	2.6145770166444618e8
0.8572799999999705	68737.94955500963	3.050870670586996e8	2.615548511282335e8
0.8575999999999705	68760.03451538717	3.0508652748979294e8	2.6165199740415242e8
0.8579199999999705	68782.2429352467	3.0508598484641576e8	2.6174914070050424e8
0.8582399999999705	68804.57896599287	3.0508543884154403e8	2.6184628076847196e8
0.8585599999999705	68827.02700011757	3.0508488991680783e8	2.6194341798166442e8
0.8588799999999704	68849.64838659744	3.050843367176218e8	2.620405511824023e8
0.8591999999999704	68872.35372978105	3.05083781396666e8	2.6213768220341155e8
0.8595199999999704	68895.24278814746	3.0508322112596613e8	2.6223480862588826e8
0.8598399999999704	68918.22371669734	3.050826587929452e8	2.623319329147531e8
0.8601599999999704	68941.34682609912	3.050820922912124e8	2.6242905326314038e8
0.8604799999999704	68964.6207907994	3.050815222097684e8	2.6252617017494524e8
0.8607999999999704	68988.00838711101	3.050809492622723e8	2.6262328425572246e8
0.8611199999999704	69011.54886727047	3.05080372396694e8	2.627203946021388e8
0.8614399999999703	69035.22387887261	3.0507979187311846e8	2.6281750143179077e8
0.8617599999999703	69059.03097108292	3.050792082245086e8	2.629146051999849e8
0.8620799999999703	69082.98745201612	3.0507862041730666e8	2.6301170501497206e8
0.8623999999999703	69107.09123048991	3.05078029127248e8	2.6310880145508292e8
0.8627199999999703	69131.34319486762	3.0507743398451513e8	2.632058941979056e8
0.8630399999999703	69155.7219603877	3.0507683521486825e8	2.6330298343151054e8
0.8633599999999703	69180.23759229825	3.050762332279599e8	2.63400069507347e8
0.8636799999999702	69204.9332960807	3.0507562673093e8	2.6349715131146744e8
0.8639999999999702	69229.75504513358	3.05075016745054e8	2.6359422971440372e8
0.8643199999999702	69254.7600251222	3.05074402257157e8	2.6369130384473708e8
0.8646399999999702	69279.89517404711	3.050737843201553e8	2.6378837460118076e8
0.8649599999999702	69305.17898344665	3.050731619827244e8	2.6388544115993816e8
0.8652799999999702	69330.62687321591	3.050725361692544e8	2.6398250431857574e8
0.8655999999999702	69356.21764081666	3.050719061012273e8	2.6407956339686418e8
0.8659199999999702	69381.99391162286	3.050712717718293e8	2.64176618390397e8
0.8662399999999701	69407.91450050034	3.050706334872877e8	2.642736695546626e8
0.8665599999999701	69433.98391087368	3.050699910194655e8	2.6437071668863198e8
0.8668799999999701	69460.23942764904	3.050693440880745e8	2.6446775955013353e8
0.8671999999999701	69486.62250321943	3.0506869383961815e8	2.6456479912117615e8
0.8675199999999701	69513.19767076652	3.05068038627612e8	2.6466183397864428e8
0.8678399999999701	69539.94602960283	3.050673787277955e8	2.6475886435438818e8
0.8681599999999701	69566.84639506128	3.0506671521605283e8	2.64855891174988e8
0.86847999999997	69593.90145487728	3.05066047341416e8	2.6495291378498316e8
0.86879999999997	69621.17495558297	3.0506537444609606e8	2.650499316169133e8
0.86911999999997	69648.58450713906	3.0506469722094524e8	2.6514694525539908e8
0.86943999999997	69676.20110180098	3.0506401495251536e8	2.6524395408512166e8
0.86975999999997	69703.96341306138	3.0506332897144866e8	2.6534095925039297e8
0.87007999999997	69731.92992895839	3.050626376196627e8	2.6543795931244335e8
0.87039999999997	69760.0670063922	3.050619416166776e8	2.6553495488783103e8
0.87071999999997	69788.3396380789	3.050612426916487e8	2.6563194747301164e8
0.87103999999997	69816.85931566778	3.0506053672772974e8	2.657289334934899e8
0.8713599999999699	69845.5658076917	3.050598261837492e8	2.6582591507704803e8
0.8716799999999699	69874.43028833579	3.0505911191111887e8	2.659228929575695e8
0.8719999999999699	69903.48133852366	3.050583919985788e8	2.6601986546836287e8
0.8723199999999699	69932.75730065694	3.050576666261054e8	2.6611683276572725e8
0.8726399999999699	69962.15654663426	3.0505693814785266e8	2.6621379688559073e8
0.8729599999999699	69991.82590606119	3.050562023430202e8	2.6631075415891683e8
0.8732799999999699	70021.65039242046	3.050554626476327e8	2.6640770756445324e8
0.8735999999999698	70051.6958878031	3.050547178089281e8	2.665046560122306e8
0.8739199999999698	70081.95086079498	3.050539666315354e8	2.6660159845098674e8
0.8742399999999698	70112.40392031756	3.050532107262007e8	2.666985362811815e8
0.8745599999999698	70143.03576456728	3.0505245003565943e8	2.667954694455834e8
0.8748799999999698	70173.87621066792	3.050516839222428e8	2.6689239738527408e8
0.8751999999999698	70204.95388782093	3.0505091162302434e8	2.669893194307069e8
0.8755199999999698	70236.21560570032	3.050501347367567e8	2.6708623696883458e8
0.8758399999999698	70267.73651007297	3.0504935063434243e8	2.6718314770173836e8
0.8761599999999697	70299.43087216908	3.050485625687649e8	2.6728005446175903e8
0.8764799999999697	70331.3563783409	3.050477682130558e8	2.6737695521250975e8
0.8767999999999697	70363.50422477012	3.05046967745136e8	2.6747385010264653e8
0.8771199999999697	70395.89313700832	3.0504616127860326e8	2.675707392280279e8
0.8774399999999697	70428.476705835	3.050453498090325e8	2.676676234505333e8
0.8777599999999697	70461.29138936517	3.050445320758205e8	2.6776450166312242e8
0.8780799999999697	70494.32745148512	3.050437085693117e8	2.6786137428893483e8
0.8783999999999696	70527.60694424513	3.050428786272983e8	2.6795824074321398e8
0.8787199999999696	70561.15548942608	3.050420419556385e8	2.680551007641872e8
0.8790399999999696	70594.90673059995	3.050411999844192e8	2.6815195559421274e8
0.8793599999999696	70628.8768792864	3.050403518632838e8	2.6824880448219472e8
0.8796799999999696	70663.11980734426	3.05039497122586e8	2.683456470153624e8
0.8799999999999696	70697.61568694808	3.050386354804084e8	2.684424829366325e8
0.8803199999999696	70732.35103643178	3.050377673337883e8	2.685393125870432e8
0.8806399999999696	70767.32589927813	3.050368933437354e8	2.686361365422372e8
0.8809599999999695	70802.57601497996	3.050360119758407e8	2.6873295344887614e8
0.8812799999999695	70838.03876399848	3.050351251311892e8	2.688297649675672e8
0.8815999999999695	70873.8147053026	3.050342296075786e8	2.689265682816931e8
0.8819199999999695	70909.84262896408	3.050333279171684e8	2.6902336559091747e8
0.8822399999999695	70946.0987995146	3.05032419985304e8	2.691201568204199e8
0.8825599999999695	70982.64030946237	3.050315045011341e8	2.6921694081378955e8
0.8828799999999695	71019.4567191134	3.050305820913782e8	2.6931371811559767e8
0.8831999999999695	71056.56505663769	3.0502965246325886e8	2.694104884623395e8
0.8835199999999694	71093.96169333819	3.0502871436942524e8	2.695072507443233e8
0.8838399999999694	71131.61737026155	3.050277696313502e8	2.6960400655963695e8
0.8841599999999694	71169.51823603387	3.0502681845239425e8	2.69700756079852e8
0.8844799999999694	71207.752475954	3.0502585845770985e8	2.697974972082319e8
0.8847999999999694	71246.22687936637	3.050248923694281e8	2.6989423233379716e8
0.8851199999999694	71285.0424408521	3.0502391763563985e8	2.699909592033238e8
0.8854399999999694	71324.1498153973	3.0502293513806015e8	2.7008767858323747e8
0.8857599999999693	71363.57183213193	3.05021943468048e8	2.701843892206949e8
0.8860799999999693	71403.2480705	3.050209462073821e8	2.70281094273448e8
0.8863999999999693	71443.27324543374	3.0501993925413424e8	2.7037779011069596e8
0.8867199999999693	71483.56347367157	3.050189252180007e8	2.704744790273666e8
0.8870399999999693	71524.23321010808	3.050179017393663e8	2.7057115893626153e8
0.8873599999999693	71565.19032335398	3.050168701927865e8	2.706678310372997e8
0.8876799999999693	71606.45865962427	3.050158307207513e8	2.707644954516238e8
0.8879999999999693	71648.08115044386	3.0501478130661446e8	2.708611503853531e8
0.8883199999999692	71689.97988180534	3.050137252848107e8	2.709577987819469e8
0.8886399999999692	71732.26390098056	3.050126585729401e8	2.710544370191561e8
0.8889599999999692	71774.84784477043	3.050115836419322e8	2.711510672734273e8
0.8892799999999692	71817.82135440854	3.0501049913040817e8	2.712476883358603e8
0.8895999999999692	71861.12914026379	3.050094056831239e8	2.713443007643547e8
0.8899199999999692	71904.78640484311	3.050083025818059e8	2.7144090391247874e8
0.8902399999999692	71948.73338172157	3.0500719240050656e8	2.7153750005559355e8
0.8905599999999692	71993.1198656164	3.050060701504814e8	2.716340847602414e8
0.8908799999999691	72037.78096993834	3.0500494083390784e8	2.717306624527618e8
0.8911999999999691	72082.89815302582	3.050037991386454e8	2.718272284116704e8
0.8915199999999691	72128.38824305253	3.0500264844655156e8	2.7192378563061684e8
0.8918399999999691	72174.11916254117	3.050014905762157e8	2.7202033570821136e8
0.8921599999999691	72220.33119815648	3.0500031914179116e8	2.721168729660474e8
0.8924799999999691	72266.94352101923	3.0499913913577425e8	2.7221340183765376e8
0.8927999999999691	72313.91471745369	3.0499794820634294e8	2.723099202102713e8
0.893119999999969	72361.20367986373	3.049967488585653e8	2.724064303060017e8
0.893439999999969	72408.96941993313	3.049955371387495e8	2.725029286010163e8
0.893759999999969	72457.11585713777	3.049943154607309e8	2.725994172301621e8
0.894079999999969	72505.73240814872	3.0499308119028485e8	2.726958938377771e8
0.894399999999969	72554.70187974765	3.0499183729827684e8	2.7279236105608785e8
0.894719999999969	72604.09604864764	3.0499058252893233e8	2.7288881775950885e8
0.895039999999969	72653.94305954833	3.049893153912398e8	2.729852626056293e8
0.895359999999969	72704.14711645678	3.04988038278498e8	2.730816977149807e8
0.895679999999969	72754.82077884844	3.049867494358068e8	2.731781215175576e8
0.8959999999999689	72805.93026044047	3.049854488877996e8	2.7327453402020603e8
0.8963199999999689	72857.56780717082	3.049841341481094e8	2.7337093299225414e8
0.8966399999999689	72909.59456195666	3.049828090263937e8	2.7346732182111007e8
0.8969599999999689	72962.10964080114	3.049814707485945e8	2.7356369801842725e8
0.8972799999999689	73015.06552049246	3.0498012105396265e8	2.736600631268204e8
0.8975999999999689	73068.52723774857	3.049787569305478e8	2.737564144380393e8
0.8979199999999689	73122.41182542896	3.04977382310285e8	2.738527554598407e8
0.8982399999999688	73176.83176520678	3.049759927641706e8	2.739490822148795e8
0.8985599999999688	73231.73052863043	3.049745921634405e8	2.740453981611164e8
0.8988799999999688	73287.09592953922	3.04973177495454e8	2.7414170057824457e8
0.8991999999999688	73342.98512682521	3.049717494665432e8	2.7423799009320694e8
0.8995199999999688	73399.38559816027	3.0497030784230226e8	2.743342664805631e8
0.8998399999999688	73456.2966418235	3.049688521781502e8	2.744305293266488e8
0.9001599999999688	73513.79677184964	3.049673816980107e8	2.745267779267415e8
0.9004799999999687	73571.73964927117	3.049658985322404e8	2.746230141698322e8
0.9007999999999687	73630.35130839382	3.049643975394219e8	2.747192334343515e8
0.9011199999999687	73689.38411473355	3.049628850332459e8	2.748154413674503e8
0.9014399999999687	73749.04224957044	3.0496135581482637e8	2.749116332913117e8
0.9017599999999687	73809.26112394966	3.0495981294502854e8	2.750078119431122e8
0.9020799999999687	73870.07431956948	3.04958252869966e8	2.751039741066068e8
0.9023999999999687	73931.3879995269	3.049566793986886e8	2.752001231928358e8
0.9027199999999687	73993.37976232274	3.04955088494395e8	2.75296255561634e8
0.9030399999999686	74055.94099382436	3.049534814128499e8	2.7539237231908923e8
0.9033599999999686	74119.07645673859	3.0495185959739333e8	2.7548847475344044e8
0.9036799999999686	74182.88856138944	3.0495021948470587e8	2.7558455963975567e8
0.9039999999999686	74247.36814495442	3.049485624276824e8	2.7568062818195724e8
0.9043199999999686	74312.35683555955	3.049468894999981e8	2.7577668131893075e8
0.9046399999999686	74378.05496178016	3.049451988640115e8	2.758727173916509e8
0.9049599999999686	74444.42877666917	3.049434905936065e8	2.759687364460915e8
0.9052799999999686	74511.38490975945	3.0494176564921695e8	2.7606473932529217e8
0.9055999999999685	74579.14946888389	3.0494001978372717e8	2.7616072218784356e8
0.9059199999999685	74647.4949674318	3.049382589960423e8	2.762566904260116e8
0.9062399999999685	74716.6868967031	3.0493647359392905e8	2.763526352663161e8
0.9065599999999685	74786.38462561634	3.049346750168483e8	2.764485670230438e8
0.9068799999999685	74856.94495748456	3.04932855175975e8	2.765444783806931e8
0.9071999999999685	74928.16731121225	3.0493101701284695e8	2.766403719679716e8
0.9075199999999685	75000.17240162315	3.049291560388645e8	2.767362437043244e8
0.9078399999999684	75072.88918998344	3.049272775890785e8	2.768320984039271e8
0.9081599999999684	75146.4994503945	3.049253748638285e8	2.769279298908344e8
0.9084799999999684	75220.6696446279	3.0492345685872275e8	2.770237462826887e8
0.9087999999999684	75295.82349016127	3.04921512537758e8	2.771195375734072e8
0.9091199999999684	75371.67569814724	3.049195482600255e8	2.7721530949203223e8
0.9094399999999684	75448.40611536361	3.049175612468512e8	2.773110595079845e8
0.9097599999999684	75526.05219266769	3.049155500338764e8	2.7740678626975965e8
0.9100799999999684	75604.34737791734	3.049135211848466e8	2.775024957028118e8
0.9103999999999683	75683.62318618022	3.049114659062731e8	2.775981798136989e8
0.9107199999999683	75763.77183349484	3.0490938874530286e8	2.776938427076618e8
0.9110399999999683	75844.86933463397	3.0490728346509534e8	2.777894786876068e8
0.9113599999999683	75926.65174845951	3.0490515982604164e8	2.7788509659746265e8
0.9116799999999683	76009.52576644193	3.0490300745196086e8	2.779806869951097e8
0.9119999999999683	76093.39440453376	3.049008292545683e8	2.7807625249886423e8
0.9123199999999683	76178.19022635573	3.0489862612038475e8	2.781717938858588e8
0.9126399999999683	76263.84559724954	3.04896399137518e8	2.782673121184061e8
0.9129599999999682	76350.61175028488	3.048941424553489e8	2.783628018532724e8
0.9132799999999682	76438.29481640382	3.0489186136809176e8	2.784582678791676e8
0.9135999999999682	76527.06328685375	3.0488954996689457e8	2.785537047880132e8
0.9139199999999682	76616.95482497416	3.048872103151901e8	2.7864911443872017e8
0.9142399999999682	76707.73462574932	3.048848453391346e8	2.787444994581622e8
0.9145599999999682	76799.7412930723	3.0488244609284693e8	2.788398516685605e8
0.9148799999999682	76892.98006140378	3.0488001796105295e8	2.7893517596266127e8
0.9151999999999682	76987.0070560572	3.0487756588335687e8	2.7903047679463685e8
0.9155199999999681	77082.26859284469	3.048750807489477e8	2.791257458373176e8
0.9158399999999681	77178.79939708217	3.0487256270810854e8	2.7922098319834167e8
0.9161599999999681	77276.60126956782	3.048700109942751e8	2.793161881427558e8
0.9164799999999681	77375.4182560989	3.0486743037159705e8	2.794113649818843e8
0.9167999999999681	77475.56140312961	3.048648155113913e8	2.7950650882754254e8
0.9171199999999681	77577.05426837184	3.0486216370098644e8	2.796016171596967e8
0.9174399999999681	77679.77535336153	3.0485948080823123e8	2.796966953149471e8
0.917759999999968	77783.79581636711	3.048567609046705e8	2.797917378272286e8
0.918079999999968	77889.21595945195	3.048540058379349e8	2.798867463642529e8
0.918399999999968	77995.885466074	3.048512161514665e8	2.799817213777511e8
0.918719999999968	78104.05486294294	3.0484838534418166e8	2.800766568809761e8
0.919039999999968	78213.71735588979	3.0484551791434723e8	2.8017155696654904e8
0.919359999999968	78324.71091132086	3.04842610851209e8	2.802664188168456e8
0.919679999999968	78437.26588835055	3.048396670626158e8	2.803612450853329e8
0.919999999999968	78551.28135761464	3.0483668071924055e8	2.804560303642001e8
0.9203199999999679	78667.09497771118	3.048336460581694e8	2.805507693343725e8
0.9206399999999679	78784.43811823445	3.0483057197931814e8	2.8064547012003875e8
0.9209599999999679	78903.38939417998	3.0482745602963215e8	2.80740130428938e8
0.9212799999999679	79023.94501003885	3.048242953357155e8	2.808347475718293e8
0.9215999999999679	79146.32004770178	3.0482108645104766e8	2.8092931834476745e8
0.9219199999999679	79270.45854044252	3.04817832993362e8	2.8102384603063333e8
0.9222399999999679	79396.35441891504	3.0481453212373465e8	2.811183279663028e8
0.9225599999999679	79524.28406297538	3.0481117553456646e8	2.8121275646171767e8
0.9228799999999678	79654.0397619946	3.0480777123326457e8	2.813071388352918e8
0.9231999999999678	79785.68327767926	3.048043171344827e8	2.8140147311902034e8
0.9235199999999678	79919.19139843769	3.0480081286725855e8	2.8149575891891897e8
0.9238399999999678	80054.94664611416	3.0479725123114306e8	2.8158998956210595e8
0.9241599999999678	80192.90062989097	3.047936321750875e8	2.816841649405028e8
0.9244799999999678	80332.90640955517	3.0478995521574986e8	2.8177828453893864e8
0.9247999999999678	80475.13608069652	3.047862200743097e8	2.8187234805494505e8
0.9251199999999677	80619.70521276274	3.0478242591508436e8	2.8196635466607934e8
0.9254399999999677	80766.67955957515	3.047785684353123e8	2.8206030033639354e8
0.9257599999999677	80915.94172726237	3.0477464838162506e8	2.821541856852772e8
0.9260799999999677	81067.87714866166	3.0477065845811474e8	2.822480039223599e8
0.9263999999999677	81221.8095062779	3.0476661767210096e8	2.8234177253660417e8
0.9267199999999677	81378.82504586589	3.047624962156713e8	2.824354639332765e8
0.9270399999999677	81538.36715807473	3.04758307103848e8	2.825290900568092e8
0.9273599999999677	81700.28630984233	3.04754058929768e8	2.826226587978974e8
0.9276799999999676	81865.3401534337	3.047497254834918e8	2.8271614583791566e8
0.9279999999999676	82033.15624903655	3.047453230298607e8	2.828095661589508e8
0.9283199999999676	82204.00506316972	3.047408415748822e8	2.829029104338677e8
0.9286399999999676	82377.76242641173	3.047362840117177e8	2.829961812617584e8
0.9289599999999676	82554.62712526589	3.0473164463432217e8	2.83089373280201e8
0.9292799999999676	82734.84433120684	3.047269212585099e8	2.831824843952893e8
0.9295999999999676	82918.4375853965	3.0472211078879386e8	2.8327551164725894e8
0.9299199999999676	83105.45617341784	3.047172113866943e8	2.833684532430735e8
0.9302399999999675	83296.16599022751	3.0471221886029184e8	2.834613052131275e8
0.9305599999999675	83490.68961698303	3.0470712560043746e8	2.835540603922202e8
0.9308799999999675	83689.17673413966	3.047019352156045e8	2.836467220493879e8
0.9311999999999675	83891.61427139815	3.0469664428776646e8	2.837392869038201e8
0.9315199999999675	84098.3671951489	3.0469123801219904e8	2.8383174108929926e8
0.9318399999999675	84309.15096145401	3.0468573406346035e8	2.8392410094141454e8
0.9321599999999675	84524.33235938515	3.046801222908845e8	2.8401635692536825e8
0.9324799999999674	84744.37438141	3.046743847924162e8	2.841084922713806e8
0.9327999999999674	84969.065326489	3.046685313483596e8	2.8420051596292984e8
0.9331199999999674	85198.88855445028	3.0466254899653834e8	2.8429241582130647e8
0.9334399999999674	85433.55663679965	3.0465644411344516e8	2.8438419765077406e8
0.9337599999999674	85673.80472404252	3.046502033312558e8	2.844758488954084e8
0.9340799999999674	85919.08193598341	3.0464383877737373e8	2.8456738071104056e8
0.9343999999999674	86170.69175551683	3.0463731728725636e8	2.8465876207058156e8
0.9347199999999674	86428.25359962923	3.0463064550054145e8	2.8474999899865115e8
0.9350399999999673	86692.00548419906	3.046238301829534e8	2.8484109768693507e8
0.9353599999999673	86962.6094825677	3.0461684796973324e8	2.8493203618003666e8
0.9356799999999673	87239.98210526157	3.046096987402755e8	2.8502281419294006e8
0.9359999999999673	87525.12884316157	3.0460236503500813e8	2.851134152810036e8
0.9363199999999673	87817.49046872367	3.045948599111983e8	2.852038514498363e8
0.9366399999999673	88118.5980453678	3.045871516819302e8	2.852940929457253e8
0.9369599999999673	88428.00546656948	3.0457924365622014e8	2.8538414263758665e8
0.9372799999999673	88746.96595941675	3.045711164180494e8	2.854739822060044e8
0.9375999999999672	89075.94458166826	3.045627588665941e8	2.855636010522505e8
0.9379199999999672	89415.39150754777	3.045541616654085e8	2.8565299021671474e8
0.9382399999999672	89765.73934592603	3.045453211331288e8	2.857421460319988e8
0.9385599999999672	90129.10295261537	3.045361894509166e8	2.858310235031277e8
0.9388799999999672	90505.65558182038	3.045267616363161e8	2.859196176707637e8
0.9391999999999672	90896.67032084877	3.0451702309883165e8	2.860079146119682e8
0.9395199999999672	91304.25178393161	3.045069305628223e8	2.860958734835207e8
0.9398399999999671	91730.47354096506	3.044964442384143e8	2.861834566583095e8
0.9401599999999671	92176.21623608921	3.044855578290211e8	2.8627065787330204e8
0.9404799999999671	92642.97506571759	3.0447423962665504e8	2.8635744699394244e8
0.9407999999999671	93135.02074645837	3.044624150041642e8	2.864437536291359e8
0.9411199999999671	93656.2311974387	3.0445001854909116e8	2.865295159358036e8
0.9414399999999671	94212.77282637893	3.044369515174919e8	2.8661464073659426e8
0.9417599999999671	94815.54064134533	3.0442303194771624e8	2.8669895662415814e8
0.942079999999967	95478.87785823243	3.0440804763684404e8	2.8678226365431356e8
0.942399999999967	96230.0744001504	3.043915349832814e8	2.8686412542051977e8
0.942719999999967	97114.51142569941	3.0437279116010237e8	2.869438804016561e8
0.943039999999967	98188.40865415566	3.043509435316495e8	2.8702070659983367e8
0.943359999999967	99558.39673061112	3.043242862546954e8	2.8709299766881025e8
0.943679999999967	101428.36962480961	3.042895455471389e8	2.871576707876913e8
0.943999999999967	104087.69634546289	3.042419977359391e8	2.872102747737118e8
0.944319999999967	107874.10165745585	3.041759241794155e8	2.872454151510759e8
0.944639999999967	113014.99579479486	3.0408753021744514e8	2.872595010547645e8
0.9449599999999669	119489.27978909935	3.039769900991549e8	2.872526732540469e8
0.9452799999999669	126871.34073398674	3.038510704392806e8	2.872312822645981e8
0.9455999999999669	134675.96529861618	3.0371750336918074e8	2.872025975583995e8
0.9459199999999669	142327.2784969229	3.0358577628659743e8	2.871755545642293e8
0.9462399999999669	149581.80212413595	3.0346011940017724e8	2.8715414489889586e8
0.9465599999999669	156538.1145552615	3.033385967317478e8	2.8713654751923496e8
0.9468799999999669	163069.4385198268	3.032234130384787e8	2.8712484758643883e8
0.9471999999999668	169293.90443424517	3.0311272788827646e8	2.8711731457391953e8
0.9475199999999668	175332.77630170784	3.0300441377416384e8	2.87111943603386e8
0.9478399999999668	181176.31396164114	3.028987401855859e8	2.871089920540319e8
0.9481599999999668	186853.6050668801	3.0279533695196855e8	2.871081131752551e8
0.9484799999999668	192441.09032708275	3.0269277227664137e8	2.871079552139124e8
0.9487999999999668	197964.74179208282	3.0259062064543295e8	2.871081166631565e8
0.9491199999999668	203415.2949248083	3.024889871160238e8	2.871086972217562e8
0.9494399999999668	208849.2947293708	3.023870189600697e8	2.871088907017801e8
0.9497599999999667	214277.6245802905	3.022842785822871e8	2.8710828173416185e8
0.9500799999999667	219752.50185124757	3.021799840897216e8	2.871061293288451e8
0.9503999999999667	225309.18830303985	3.0207336380941135e8	2.871017003001943e8
0.9507199999999667	230968.0870531998	3.019640519897879e8	2.8709464561505103e8
0.9510399999999667	236732.81104288655	3.01851799915835e8	2.8708472623037434e8
0.9513599999999667	242484.58999946972	3.017389135912194e8	2.8707412728459e8
0.9516799999999667	248202.93539867463	3.016256120606949e8	2.870630556517505e8
0.9519999999999667	253858.97909773933	3.0151257513904613e8	2.870521567633586e8
0.9523199999999666	259467.73977398442	3.0139961128384334e8	2.870412492396521e8
0.9526399999999666	265011.96244171605	3.0128707455743164e8	2.8703066967292285e8
0.9529599999999666	270497.0071436207	3.011749538696323e8	2.870204082188108e8
0.9532799999999666	275925.7196299759	3.010632856951539e8	2.8701050023708737e8
0.9535999999999666	281285.1546985027	3.0095232322870123e8	2.8700118706205744e8
0.9539199999999666	286558.4201829103	3.0084235430525154e8	2.869927432308575e8
0.9542399999999666	291745.9501383183	3.007333283961736e8	2.86985121583433e8
0.9545599999999665	296870.3272749541	3.0062478236740637e8	2.8697788204429275e8
0.9548799999999665	301980.666450608	3.005157095950477e8	2.869700661457793e8
0.9551999999999665	307065.60188082745	3.0040629641014946e8	2.8696185086992896e8
0.9555199999999665	312146.5201763211	3.002962202573252e8	2.8695292865748674e8
0.9558399999999665	317271.47999911796	3.001843228255166e8	2.869421938380885e8
0.9561599999999665	322452.02305998007	3.00070426241534e8	2.86929475051786e8
0.9564799999999665	327687.52905466483	2.9995452704842e8	2.869147669925272e8
0.9567999999999665	332978.4750011323	2.9983651768739074e8	2.868979647934055e8
0.9571199999999664	338358.33687770355	2.9971560443011427e8	2.868783081176262e8
0.9574399999999664	343778.5334836038	2.995927738326876e8	2.8685673659274346e8
0.9577599999999664	349281.7829354795	2.994669817361653e8	2.868322500901308e8
0.9580799999999664	354867.5336505633	2.993381258024499e8	2.8680474761581177e8
0.9583999999999664	360577.6487518538	2.992051479190476e8	2.8677321379579324e8
0.9587199999999664	366447.7771671497	2.990671099152726e8	2.8673674658220154e8
0.9590399999999664	372505.7393661691	2.989232934468913e8	2.8669465318238103e8
0.9593599999999664	378784.5107393558	2.987728603716209e8	2.866461251286246e8
0.9596799999999663	385294.17471045617	2.9861554956733596e8	2.8659090566989523e8
0.9599999999999663	391918.2933557531	2.9845419175130326e8	2.865317008129753e8
0.9603199999999663	398630.3162475367	2.982894888381315e8	2.864691795719731e8
0.9606399999999663	405375.1465689598	2.981225850785559e8	2.8640443569562286e8
0.9609599999999663	412134.96039086435	2.979538758437421e8	2.8633784627964604e8
0.9612799999999663	418947.91914790426	2.9778237150154924e8	2.862684597404286e8
0.9615999999999663	425810.31487451517	2.97608413781306e8	2.8619660180818504e8
0.9619199999999662	432738.62600524543	2.9743144993645877e8	2.8612173900974673e8
0.9622399999999662	439794.48238929565	2.972499537541375e8	2.860424021400263e8
0.9625599999999662	447132.4985273546	2.9705983183171093e8	2.859546523686665e8
0.9628799999999662	454912.71312395396	2.968570834872317e8	2.858546349080868e8
0.9631999999999662	463092.0246729153	2.966428459394576e8	2.857434309953835e8
0.9635199999999662	471679.6598983999	2.96416868382851e8	2.856207878982277e8
0.9638399999999662	480683.60739555204	2.9617913093456894e8	2.854866750792083e8
0.9641599999999662	489928.16492138256	2.9593359099889374e8	2.853448901229142e8
0.9644799999999661	499550.908306211	2.9567647115455663e8	2.8519178694739985e8
0.9647999999999661	509455.2663175861	2.95409627999755e8	2.8502914191952807e8
0.9651199999999661	519456.3308109325	2.95137570744528e8	2.848612909137676e8
0.9654399999999661	529376.4672379346	2.948647223587072e8	2.8469249280468804e8
0.9657599999999661	539339.7982648	2.9458758518069243e8	2.8451937325878817e8
0.9660799999999661	549273.6494421647	2.943074713397673e8	2.843431932741015e8
0.9663999999999661	559165.2126610463	2.940250008700855e8	2.8416454879198605e8
0.966719999999966	568941.4440883782	2.9374277658501107e8	2.839859513515112e8
0.967039999999966	578484.6365228738	2.9346439659411067e8	2.8381087693597865e8
0.967359999999966	587765.0872134253	2.931907638573152e8	2.836402019774491e8
0.967679999999966	596882.1727640274	2.929192459165774e8	2.834713871203674e8
0.967999999999966	605803.4761489759	2.9265088403785205e8	2.833054414598676e8
0.968319999999966	614544.337681671	2.923851901597612e8	2.831418961001078e8
0.968639999999966	623131.2849767637	2.9212112543730795e8	2.829797483406809e8
0.968959999999966	631579.4714553282	2.9185841814575416e8	2.8281873707329404e8
0.969279999999966	640088.6058991385	2.915908344738446e8	2.826528275607714e8
0.9695999999999659	648698.078836081	2.91317261301692e8	2.824809369797073e8
0.9699199999999659	657390.707711743	2.910384661678384e8	2.8230380341798794e8
0.9702399999999659	666154.3041321051	2.907550146816969e8	2.8212197019685066e8
0.9705599999999659	674990.6264331987	2.9046655252622896e8	2.8193508894388914e8
0.9708799999999659	683948.1407092595	2.90171579501045e8	2.8174169967582214e8
0.9711999999999659	693077.5927403948	2.898683353782106e8	2.815400879539792e8
0.9715199999999659	702425.4548534253	2.895547728431896e8	2.813282579895599e8
0.9718399999999658	712067.1737051802	2.892277323700816e8	2.811031312381418e8
0.9721599999999658	722031.7394447703	2.8888583790816844e8	2.808633575444213e8
0.9724799999999658	732208.9362616412	2.885320932004931e8	2.806118403855316e8
0.9727999999999658	742563.3547860944	2.8816780864310944e8	2.803498419712572e8
0.9731199999999658	752999.20895164	2.8779615550509477e8	2.800804354638446e8
0.9734399999999658	763436.3960783925	2.874195205509857e8	2.798059349558215e8
0.9737599999999658	773739.6047904624	2.87042464729724e8	2.795307733824359e8
0.9740799999999658	784126.5707119927	2.866567546568547e8	2.792469361368521e8
0.9743999999999657	794868.7333529477	2.8625246430198413e8	2.7894474985541743e8
0.9747199999999657	805491.9549670592	2.8584711305263263e8	2.786412608712739e8
0.9750399999999657	816035.5551939561	2.8543911520837784e8	2.7833492314022464e8
0.9753599999999657	826723.9091695755	2.850194924729654e8	2.7801698265554374e8
0.9756799999999657	837735.320272479	2.845814147169953e8	2.776807684340573e8
0.9759999999999657	848990.7231940479	2.841274065319755e8	2.77328724552555e8
0.9763199999999657	860041.7910588293	2.8367631052250785e8	2.769792212789374e8
0.9766399999999656	870814.4206031822	2.8323113051051366e8	2.7663519352664363e8
0.9769599999999656	881468.9069969213	2.827849166379689e8	2.762898612022376e8
0.9772799999999656	892208.4328452926	2.8233055023479444e8	2.759362711090445e8
0.9775999999999656	903973.0646889716	2.818276320546483e8	2.7553494209326357e8
0.9779199999999656	917303.1252687355	2.8124709567097807e8	2.7505741385155916e8
0.9782399999999656	931479.2553946591	2.80620352457269e8	2.745343225763866e8
0.9785599999999656	945644.474517357	2.799841118071463e8	2.7400152706752515e8
0.9788799999999656	959862.8467062052	2.7933473071806926e8	2.734554535086165e8
0.9791999999999655	974638.8468416875	2.786463154323077e8	2.7287074455932045e8
0.9793599999999656	983636.9054115699	2.782165591645317e8	2.72494471649094e8
0.9795199999999656	992727.0734887909	2.777767691476031e8	2.7210823196591574e8
0.9796799999999657	1.0029413082520126e6	2.772769652111148e8	2.716630770453991e8
0.9798399999999657	1.0144684941241003e6	2.7670894756245095e8	2.7115094686442405e8
0.9799999999999658	1.0264297518040627e6	2.761187139385783e8	2.706168682548334e8
0.9801599999999658	1.0387429626740734e6	2.7550775042048657e8	2.700622853125142e8
0.9802399999999658	1.0470334257642438e6	2.750941103483783e8	2.696789401083781e8
0.9803199999999658	1.055052738262475e6	2.746911672757077e8	2.693060085416014e8
0.9803399999999658	1.0595079319119726e6	2.744676470657353e8	2.6909244305035496e8
0.9803499999999657	1.063849836397321e6	2.7424724657562506e8	2.688791928296899e8
0.9803599999999657	1.0731875473691663e6	2.7378153514009595e8	2.6842554319336545e8
0.9803699999999657	1.0795804117618618e6	2.73459750506983e8	2.6811292776800445e8
0.9805299999999657	1.0925192212684862e6	2.728054718283006e8	2.6751522064103237e8
0.9808499999999657	1.1143929156852895e6	2.7168265136649036e8	2.6650126921714815e8
0.9811699999999657	1.1365477198397387e6	2.705277161015595e8	2.654550804009225e8
0.9814899999999657	1.1576723025688026e6	2.6941016913979644e8	2.6444481542333013e8
0.9818099999999657	1.1795170921728536e6	2.6823557178139955e8	2.6337782214659333e8
0.9819699999999657	1.1916754350698658e6	2.675737054479012e8	2.627708374467607e8
0.9821299999999658	1.2037281193696938e6	2.6691148920852005e8	2.6216329151784787e8
0.9822899999999658	1.216443322900036e6	2.6620556554248485e8	2.6151260818796694e8
0.9824499999999659	1.2300836462106577e6	2.6543865740854004e8	2.6080179693900213e8
0.9826099999999659	1.2442790389009158e6	2.6463109933830398e8	2.6005080253328836e8
0.9826899999999659	1.2524618633851928e6	2.6416195869924104e8	2.5961099530900338e8
0.9827299999999659	1.257596378652751e6	2.6386139776581192e8	2.5932623011584672e8
0.9827399999999659	1.3034207770660408e6	2.6164418987046632e8	2.5715070819590533e8
0.9827499999999658	1.320189582676995e6	2.6077991801588717e8	2.5630423770040542e8
0.9829099999999659	1.335383959703689e6	2.599225517769514e8	2.5550329707894582e8
0.9832299999999659	1.3605865494911522e6	2.5846517691286358e8	2.5415353293246105e8
0.9835499999999658	1.3856560000000994e6	2.5698936590161315e8	2.5278468487372288e8
0.9837099999999659	1.3995702637871543e6	2.5616046797892845e8	2.5201041295514008e8
0.9837499999999659	1.4045387928821305e6	2.5586618882568213e8	2.5173118701264048e8
0.983769999999966	1.4083240733653621e6	2.556469314497602e8	2.5152063885203266e8
0.9837799999999659	1.4138488188860025e6	2.5532577661319304e8	2.512073251443607e8
0.9837899999999659	1.446661647849383e6	2.534801030747384e8	2.4939464098919994e8
0.9837999999999658	1.4610086564452644e6	2.5288440274220616e8	2.4881134375800824e8
0.9838099999999658	1.458557130413212e6	2.5306646196122044e8	2.4899292998200104e8
0.9838899999999657	1.4687163804489505e6	2.524570366919049e8	2.4841361485167873e8
0.9839699999999657	1.4797192262468068e6	2.5178551164257514e8	2.477731097901328e8
0.9840499999999657	1.4909941136274887e6	2.5109354906513116e8	2.471123883136461e8
0.9841299999999656	1.5023217648736045e6	2.5039510030766615e8	2.464451719121835e8
0.9841499999999657	1.5079500032693266e6	2.500464670379548e8	2.4610713154294652e8
0.9841699999999657	1.5139303713545941e6	2.4967519575406063e8	2.4574680292304388e8
0.9841899999999657	1.5197794544894132e6	2.4931122970876122e8	2.453936468802327e8
0.9842699999999657	1.5313138991868359e6	2.485947946408426e8	2.4470848608876786e8
0.9844299999999657	1.5505350021653285e6	2.4739137313745716e8	2.4356363128768224e8
0.9845899999999658	1.5693196757581204e6	2.4620114825101689e8	2.4243137177266377e8
0.9847499999999658	1.5880130639696827e6	2.4500220862276807e8	2.412901421404881e8
0.9849099999999659	1.6062733903387599e6	2.4381820770217404e8	2.4016322961340016e8
0.9850699999999659	1.6249845719214838e6	2.4259171446511436e8	2.3899408118780077e8
0.985229999999966	1.6439898777105485e6	2.4133222634670067e8	2.3779203109404552e8
0.985389999999966	1.6639848595345234e6	2.3999108449018544e8	2.3650912556457353e8
0.9855499999999661	1.6848866761119275e6	2.38572523744809e8	2.351494973891583e8
0.985629999999966	1.69657808864901e6	2.3777206816264805e8	2.343796633702767e8
0.985709999999966	1.708373921867845e6	2.3695901090435243e8	2.335972793018647e8
0.985789999999966	1.7202457705814952e6	2.3613615259470505e8	2.3280510255872625e8
0.9858699999999659	1.7325401930513156e6	2.352788973568797e8	2.3197888733014685e8
0.9859499999999659	1.7447973387869971e6	2.3441909641041234e8	2.3115002250844806e8
0.986109999999966	1.7652280851649842e6	2.329719461364873e8	2.2976048482274657e8
0.986269999999966	1.7851566865186768e6	2.3154296345635659e8	2.283883887693989e8
0.9864299999999661	1.8049469453442579e6	2.3010666851262152e8	2.2700861415094584e8
0.9865899999999661	1.825111189764865e6	2.2862551373410487e8	2.2558412033597758e8
0.9866699999999661	1.8360842837205897e6	2.2781327228885058e8	2.2480099637273455e8
0.986749999999966	1.8472004923924762e6	2.2698491065795672e8	2.2400183599825534e8
0.986829999999966	1.8589168697403397e6	2.261060294602988e8	2.2315269498747355e8
0.986909999999966	1.8706596414252163e6	2.252199107474303e8	2.222962690504451e8
0.986989999999966	1.8821704237140557e6	2.2434621700113797e8	2.214519597551581e8
0.9870699999999659	1.8930389870283857e6	2.2351624250622904e8	2.206506544847182e8
0.9871499999999659	1.903818175431533e6	2.2268756949368185e8	2.198504982892348e8
0.9872299999999659	1.9150513047192753e6	2.218180300799007e8	2.1900986904093415e8
0.9873099999999658	1.9268751679256002e6	2.2089652443745273e8	2.1811779958821493e8
0.9873899999999658	1.938905050112341e6	2.1995309546366775e8	2.1720393652254534e8
0.9874699999999658	1.9507854403774305e6	2.19016116305466e8	2.16296287709719e8
0.9876299999999658	1.9731484548771384e6	2.1723754836040965e8	2.1457472773357087e8
0.9877899999999659	1.995339456670668e6	2.154508825389586e8	2.128445903579166e8
0.9879499999999659	2.0178132380497418e6	2.1361742822251344e8	2.1106765286194345e8
0.9880299999999659	2.0299631582556565e6	2.1261632677560738e8	2.1009560800310048e8
0.9881099999999658	2.041971054185874e6	2.1161934350804514e8	2.091274685495616e8
0.9881899999999658	2.0538485810135233e6	2.1062649202189416e8	2.0816324910285023e8
0.9882299999999659	2.0606345192675092e6	2.1005640929105866e8	2.0760829902198756e8
0.9883099999999658	2.0721630257772345e6	2.0908561891587394e8	2.0666563161651164e8
0.9883899999999658	2.0823724682364676e6	2.0822208157103112e8	2.0582879954834062e8
0.9885499999999658	2.099454600132093e6	2.0676038171698493e8	2.0441701410149e8
0.9887099999999659	2.1180436802639053e6	2.0514544591997656e8	2.028532665486833e8
0.9887899999999659	2.128285948347541e6	2.0424629731383133e8	2.0198055440641737e8
0.9888699999999658	2.138501220884487e6	2.03343516461482e8	2.0110410464184725e8
0.9889499999999658	2.1485400278443736e6	2.0244941650795996e8	2.0023609182284784e8
0.9890299999999658	2.158479027548965e6	2.0155748076183295e8	1.99370073712801e8
0.9891899999999658	2.1772160348629886e6	1.998585223533527e8	1.9772158743204308e8
0.9892699999999658	2.187233988320261e6	1.9894020819389984e8	1.9682904878066725e8
0.9893499999999658	2.197506533149931e6	1.9799118100488693e8	1.959059783717562e8
0.9894299999999657	2.208213543432929e6	1.969942891235516e8	1.949354003046631e8
0.9895099999999657	2.219459987015683e6	1.9593815365507603e8	1.939060445584914e8
0.9895899999999657	2.2311644444252816e6	1.948294021242859e8	1.9282445447003195e8
0.9896699999999656	2.243545248499444e6	1.9364693062787467e8	1.9166973365689915e8
0.9897499999999656	2.2560296193344044e6	1.9244368729504555e8	1.9049426380386296e8
0.9897899999999656	2.263495290350772e6	1.917175747384415e8	1.8978324858727e8
0.9898699999999656	2.2752364188512056e6	1.9057310759882694e8	1.886656501637673e8
0.9899499999999656	2.287216871762717e6	1.8939629970517445e8	1.875158534226922e8
0.9900299999999655	2.2995417800906277e6	1.8817475319697347e8	1.8632157733914074e8
0.9900399999999655	2.302028880952697e6	1.8791880080751497e8	1.8607005775912e8
0.9900499999999655	2.3055121283772844e6	1.8754316416716126e8	1.8570004952936897e8
0.9900599999999654	2.3356266557443356e6	1.8466399475400192e8	1.8285165077509892e8
0.9900999999999655	2.343163971748984e6	1.8392020398519123e8	1.8212259128905186e8
0.9901399999999655	2.3508282640215755e6	1.8315850725477487e8	1.8137574353991982e8
0.9901799999999655	2.3583372232708065e6	1.824090181728375e8	1.8064092048590654e8
0.9902199999999656	2.366037270902066e6	1.8163666686381578e8	1.7988340010639092e8
0.9902599999999656	2.3734529491065284e6	1.8088933844090676e8	1.7915059371621048e8
0.9902999999999657	2.381686207928278e6	1.800556290925801e8	1.783321918465929e8
0.9903199999999657	2.38660145209374e6	1.7955636053362817e8	1.7784135726571283e8
0.9903399999999657	2.393056633210113e6	1.7889877206482747e8	1.7719372685375202e8
0.9903499999999656	2.3996975173083744e6	1.782294982971431e8	1.7653274071961164e8
0.9903599999999656	2.422323225408208e6	1.7594740900209725e8	1.74274627175204e8
0.9903699999999656	2.4291358786412627e6	1.7526942730751142e8	1.7360497530104545e8
0.9904099999999656	2.4372554626467573e6	1.744384409232781e8	1.7278894955470473e8
0.9904899999999656	2.4517096828986523e6	1.7294383191638187e8	1.713224518339356e8
0.9905699999999655	2.4649995423791045e6	1.7155824899843237e8	1.6996369965605596e8
0.9906499999999655	2.479190744074259e6	1.7006602321076035e8	1.6849908632719105e8
0.9907299999999655	2.492726188521607e6	1.6863036444292217e8	1.6709026853629816e8
0.9908099999999654	2.505327138737634e6	1.6728086002963334e8	1.657665728823603e8
0.9908899999999654	2.517877153384293e6	1.659231918648888e8	1.644345694478613e8
0.9909699999999654	2.5316685988403284e6	1.6441594493850133e8	1.6295412992314857e8
0.9910499999999653	2.5467201640135176e6	1.627585475253079e8	1.6132465167041874e8
0.9910899999999654	2.5549489605667666e6	1.6184785238199806e8	1.604285526125076e8
0.9911299999999654	2.5636823906761566e6	1.6087878403625822e8	1.5947452908465645e8
0.9911699999999655	2.573119702864667e6	1.5982774299140838e8	1.584391846677651e8
0.9912099999999655	2.5829693144995305e6	1.5872572241580778e8	1.573532276160419e8
0.9912499999999655	2.592898831491979e6	1.576082593105291e8	1.5625187490633222e8
0.9912899999999656	2.603078085554305e6	1.56456145605535e8	1.5511608538743067e8
0.9913299999999656	2.613797939828607e6	1.5523632979354948e8	1.5391309244237247e8
0.9913699999999657	2.6253378191000205e6	1.5391700243704382e8	1.5261135537138578e8
0.9914099999999657	2.6379798335326985e6	1.5246475080308512e8	1.5117773884045154e8
0.9914499999999657	2.6525239369019545e6	1.5078198525165033e8	1.4951547835740414e8
0.9914899999999658	2.667083902420771e6	1.4908825481484103e8	1.478422106503713e8
0.9915299999999658	2.6816355327756004e6	1.4738556804712245e8	1.4615992573872098e8
0.9915499999999658	2.6894132372216205e6	1.4647166706159186e8	1.4525670701677102e8
0.9915899999999659	2.7045641392220673e6	1.4468363888546768e8	1.4348959486684692e8
0.9915999999999658	2.708758298341886e6	1.4418760190170303e8	1.4299917961542997e8
0.9916099999999658	2.855924364968684e6	1.2807080162473705e8	1.270202488045233e8
0.9916199999999658	2.8645118167992057e6	1.270563138697716e8	1.2601558656856345e8
0.9916299999999657	2.874658621649945e6	1.2585724734967989e8	1.2482788308202207e8
0.9916499999999657	2.890078258175393e6	1.2403253811359006e8	1.230209985737932e8
0.9916699999999657	2.903821533876223e6	1.2240301771039084e8	1.2140758940623638e8
0.9916899999999658	2.917127831540049e6	1.2082201756807408e8	1.1984222793435945e8
0.9917099999999658	2.9314376925580245e6	1.1911821793121222e8	1.1815502952302979e8
0.9917299999999658	2.945148371653316e6	1.1748060858335498e8	1.165334003274003e8
0.9917499999999658	2.957175325229209e6	1.1603924387167698e8	1.1510631680616492e8
0.9917899999999659	2.978473042291682e6	1.1347458695455289e8	1.1256741385932945e8
0.9918299999999659	2.9999495731104673e6	1.1087523211544457e8	1.0999389105707002e8
0.9918499999999659	3.011054014480467e6	1.0952676961419863e8	1.0865866653205729e8
0.991869999999966	3.022339033508726e6	1.0815322267075455e8	1.0729850858678016e8
0.991909999999966	3.0412512550115795e6	1.0584202492835614e8	1.0501036666933529e8
0.991949999999966	3.0568472988893096e6	1.0392719983331501e8	1.0311519349540946e8
0.9919899999999661	3.0698585179944593e6	1.0232167507654774e8	1.0152666802591035e8
0.9920099999999661	3.0761955591210206e6	1.0153657109836793e8	1.0074987269780602e8
0.9920299999999661	3.0851671502006203e6	1.0042495606820697e8	9.964915795052716e7
0.9920499999999661	3.0969231296962854e6	9.89667434367683e7	9.820457836532383e7
0.9920699999999661	3.107172279545275e6	9.769095670891675e7	9.694090729838863e7
0.9921099999999662	3.1226327985923607e6	9.575466511456355e7	9.502379837958741e7
0.9921499999999662	3.1383531066659973e6	9.377467447248751e7	9.306317934976275e7
0.9921899999999663	3.1556916147914086e6	9.157977949208814e7	9.088918736576346e7
0.9922099999999663	3.165396866415141e6	9.034681833816671e7	8.966767506489882e7
0.9922199999999662	3.2104145035960567e6	8.538728713385344e7	8.474795106478727e7
0.9922599999999663	3.2228846314003905e6	8.37952650589481e7	8.317163483443616e7
0.9922999999999663	3.2359670654689455e6	8.211604202370656e7	8.150866544652547e7
0.9923399999999664	3.2460100639857966e6	8.081955426047081e7	8.022534091192311e7
0.9923799999999664	3.2551486883280487e6	7.963297919264346e7	7.9050980124198e7
0.9924199999999664	3.264628074273956e6	7.839505851442531e7	7.782556985168645e7
0.9924599999999665	3.2748237944728695e6	7.705623209069258e7	7.649992027213661e7
0.9924999999999665	3.2860444173127147e6	7.557475518162411e7	7.503258985088935e7
0.9925399999999666	3.2985392777310186e6	7.391602616553462e7	7.338921971334924e7
0.9925799999999666	3.312435212829244e6	7.206085518260127e7	7.155074190642327e7
0.9926199999999666	3.3273602707675607e6	7.005578716456595e7	6.956333137408748e7
0.9926599999999667	3.343848217527479e6	6.782740224344426e7	6.735409295689188e7
0.9926799999999667	3.3529734764954345e6	6.658884653571099e7	6.612595994491542e7
0.9926999999999667	3.3627169885306805e6	6.5262435692983866e7	6.481056774643929e7
0.9927199999999667	3.3732622584718466e6	6.3822717017278105e7	6.338264498663198e7
0.9927399999999668	3.3847217798439646e6	6.225333905019504e7	6.182595288881033e7
0.9927599999999668	3.397353856904377e6	6.051826258685845e7	6.010470720765169e7
0.9927799999999668	3.4114409851482282e6	5.857778504588109e7	5.817948404176077e7
0.9927999999999668	3.427400883268977e6	5.6373274634843856e7	5.5992064343830764e7
0.9928199999999668	3.445480439652952e6	5.3869454156104356e7	5.350741002481856e7
0.9928399999999669	3.4628579329059613e6	5.145940606400281e7	5.111575077938257e7
0.9928599999999669	3.4787165185383847e6	4.925677930233711e7	4.892992393405927e7
0.9928799999999669	3.493154904926304e6	4.724764921069941e7	4.693611721124085e7
0.9929199999999669	3.5047579550825153e6	4.562474102139774e7	4.532653154128683e7
0.9929999999999669	3.5192493140244163e6	4.3578561286465615e7	4.32981461026572e7
0.9930799999999669	3.5274770756660206e6	4.2406880233831465e7	4.213783476397567e7
0.9931599999999668	3.5312805600647987e6	4.185777115339512e7	4.159561795773547e7
0.9931999999999669	3.5331139819984455e6	4.158984279915154e7	4.133105704319364e7
0.9932399999999669	3.535459364620201e6	4.1244853935029924e7	4.0989938427732706e7
0.993279999999967	3.5387254579169992e6	4.0761658480355084e7	4.0511520370443076e7
0.993319999999967	3.543543546158413e6	4.004483612622085e7	3.980100749178483e7
0.993339999999967	3.546875383724456e6	3.954713820312071e7	3.930737645274234e7
0.993359999999967	3.551131300999675e6	3.890962698691839e7	3.867484657556272e7
0.9933799999999671	3.556695923375428e6	3.807374336962348e7	3.784524051552818e7
0.993389999999967	3.5601450675239493e6	3.7554574902959585e7	3.7329871721746236e7
0.993399999999967	3.564173680049745e6	3.6947331945481956e7	3.6727003100929e7
0.9934099999999669	3.56891986573302e6	3.6230925051541865e7	3.601568243736631e7
0.993449999999967	3.576027417797807e6	3.515419167946756e7	3.4947354703552574e7
0.993489999999967	3.578378578002877e6	3.479313174478245e7	3.4589923701665685e7
0.993529999999967	3.581522539640881e6	3.430701381442648e7	3.41082198858776e7
0.9935499999999671	3.583751642920944e6	3.396110217303091e7	3.37651682621107e7
0.9935699999999671	3.5866623361057444e6	3.3508275735730827e7	3.3315879761570252e7
0.9935899999999671	3.5905894950993415e6	3.289584035701883e7	3.270799369899296e7
0.9936099999999671	3.596101780613405e6	3.2034168760111988e7	3.1852449512112055e7
0.9936199999999671	3.599741546630706e6	3.146423786339307e7	3.1286462376891207e7
0.993629999999967	3.6042000781317516e6	3.0765275564386427e7	3.059225951353809e7
0.993639999999967	3.6097576535029393e6	2.9892987670449615e7	2.9725826327540968e7
0.993649999999967	3.616805987456596e6	2.878541398062837e7	2.86255933198709e7
0.9936599999999669	3.625930429546215e6	2.7349908947894573e7	2.7199498924087457e7
0.9936699999999669	3.638036378400556e6	2.544309619173944e7	2.530507016312028e7
0.9936799999999668	3.6546107407345567e6	2.2829362348976433e7	2.270817791881171e7
0.9936899999999668	3.6780830235280236e6	1.9123455131351233e7	1.9025994833350357e7
0.9936999999999667	3.6972334938377333e6	1.6097157566556275e7	1.6019038044897735e7
0.9937399999999668	3.7014230133348224e6	1.5433386700361192e7	1.5359944607680017e7
0.9937799999999668	3.7060632298734863e6	1.4693345583785892e7	1.4625004687544193e7
0.9938199999999668	3.7120043059188374e6	1.373974343460548e7	1.3677772006789865e7
0.9938599999999669	3.7198089716191916e6	1.2478932457094908e7	1.2425151438893797e7
0.9938799999999669	3.7246770266961185e6	1.1688802454302132e7	1.164006200668492e7
0.9938999999999669	3.7303926053903736e6	1.07580996020841e7	1.0715230589404037e7
0.9939199999999669	3.737163951532588e6	9.651893037024736e6	9.61593148418475e6
0.993939999999967	3.7452743951764614e6	8.322602160002351e6	8.294863553747355e6
0.993959999999967	3.755106146959622e6	6.705916858566225e6	6.688093961868023e6
0.9939699999999669	3.760825276323074e6	5.763217418009341e6	5.751142993394906e6
0.9939799999999669	3.7671881781964744e6	4.712680823540151e6	4.706988957815152e6
0.9990999999999669	3.7728719999999995e6	3.772872e6	3.772872e6
