lambda	f0	f1	fla
0.0	36753.64134185063	3.6890126337361544e7	36753.64134185063
0.00064	36744.6160666087	3.688964449643183e7	60330.47199004244
0.00128	36739.41512671031	3.6889463391727015e7	83910.9018167587
0.0019200000000000003	36736.202102206415	3.6889346467411764e7	107493.21381160078
0.00256	36734.97295048106	3.6889248323751226e7	131077.40712853096
0.0032	36734.32343967313	3.68891686659438e7	154662.11333568633
0.00384	36734.53663276388	3.688910138088988e7	178247.6253147112
0.0044800000000000005	36735.094174438185	3.688904074450747e7	201833.42348793018
0.00512	36735.73492975768	3.6888989486041844e7	225419.27413545156
0.00576	36736.669487649095	3.688894212151646e7	249005.37289133505
0.0064	36737.78105940103	3.688889887618908e7	272591.61206823104
0.00704	36739.06907307775	3.688885939192082e7	296177.99614592583
0.00768	36740.45638998991	3.6888821396617875e7	319764.4380109401
0.008320000000000001	36741.99364608024	3.688878526601387e7	343350.9936721803
0.008960000000000001	36743.41686677543	3.6888752845918626e7	366937.42135108
0.009600000000000001	36744.99709012966	3.688872064978591e7	390523.9633560092
0.01024	36746.64908680531	3.688868961270242e7	414110.5450342293
0.01088	36748.362360800485	3.688866023083258e7	437697.1634897734
0.01152	36750.116349417316	3.68886307739435e7	461283.78152490116
0.01216	36751.85461903985	3.688860274782548e7	484870.3614804302
0.0128	36753.60469860955	3.688857637127124e7	508456.9361107392
0.01344	36755.45962669281	3.688854933645699e7	532043.5693312921
0.01408	36757.26986455965	3.6888523615237325e7	555630.1400074082
0.01472	36759.13449718095	3.688849755404844e7	579216.7240329755
0.01536	36761.00763309017	3.688847234672291e7	602803.2938015098
0.016	36762.89129258654	3.688844759322997e7	626389.8465235848
0.016640000000000002	36764.80969148511	3.688842314145692e7	649976.404332062
0.017280000000000004	36766.73122642769	3.688839883500511e7	673562.9339797235
0.017920000000000005	36768.65460768754	3.6888375090197116e7	697149.4419334503
0.018560000000000007	36770.60721885524	3.688835105980739e7	720735.9404188987
0.01920000000000001	36772.563236793234	3.688832749985582e7	744322.4180198788
0.01984000000000001	36774.53486267451	3.688830404451939e7	767908.880334264
0.020480000000000012	36776.51241776837	3.688828067876333e7	791495.3177445258
0.021120000000000014	36778.49848928446	3.6888257618814774e7	815081.7375105593
0.021760000000000015	36780.49746884581	3.688823447037254e7	838668.1359192308
0.022400000000000017	36782.497153221804	3.688821158027083e7	862254.5086150569
0.02304000000000002	36784.5016984389	3.6888188789016955e7	885840.8564782583
0.02368000000000002	36786.521727039035	3.688816598488387e7	909427.1874145934
0.024320000000000022	36788.54343124517	3.688814325879945e7	933013.4901090007
0.024960000000000024	36790.573441534594	3.6888120618055396e7	956599.7713550974
0.025600000000000026	36792.60828639505	3.6888097968084075e7	980186.0254972166
0.026240000000000027	36794.64929949603	3.688807537830522e7	1.0037722556286072e6
0.02688000000000003	36796.69616171613	3.688805284027762e7	1.0273584613155527e6
0.02752000000000003	36798.747085668685	3.688803030341462e7	1.0509446395158425e6
0.028160000000000032	36800.80189764186	3.688800784031253e7	1.0745307920994065e6
0.028800000000000034	36802.862211016094	3.688798540898965e7	1.0981169195582422e6
0.029440000000000036	36804.92662832983	3.688796300788646e7	1.1217030205405706e6
0.030080000000000037	36806.99399910849	3.688794065945294e7	1.145289094655961e6
0.03072000000000004	36809.066020159145	3.688791832326038e7	1.1688751424025802e6
0.03136000000000004	36811.142455245106	3.688789599477633e7	1.1924611634240358e6
0.03200000000000004	36813.22222254191	3.688787368506436e7	1.2160471570334819e6
0.032640000000000044	36815.30559492671	3.688785137164413e7	1.2396331227907743e6
0.033280000000000046	36817.3923483002	3.688782914052026e7	1.2632190633274647e6
0.03392000000000005	36819.49395863946	3.688780713044981e7	1.2868049945884217e6
0.03456000000000005	36821.59937307188	3.688778507803664e7	1.3103908971956868e6
0.03520000000000005	36823.708616221455	3.68877629846344e7	1.3339767711320631e6
0.03584000000000005	36825.82122855175	3.688774085381424e7	1.3575626159964246e6
0.036480000000000054	36827.937107180376	3.688771868558103e7	1.3811484316115084e6
0.037120000000000056	36830.055090557806	3.688769649541211e7	1.404734217355296e6
0.03776000000000006	36832.17636196285	3.688767426788285e7	1.4283199737377935e6
0.03840000000000006	36834.30077011607	3.6887652004308105e7	1.451905700585977e6
0.03904000000000006	36836.42839885658	3.688762970605647e7	1.475491397958612e6
0.03968000000000006	36838.55922420556	3.688760737056094e7	1.4990770656580494e6
0.040320000000000064	36840.69348750589	3.688758499749842e7	1.5226627038252284e6
0.040960000000000066	36842.830828048274	3.6887562589788675e7	1.546248312155078e6
0.04160000000000007	36844.97121193682	3.688754014732964e7	1.569833890538436e6
0.04224000000000007	36847.11502652891	3.6887517668841824e7	1.5934194392196897e6
0.04288000000000007	36849.2620816595	3.688749514948749e7	1.617004957733624e6
0.04352000000000007	36851.41272178168	3.688747259384069e7	1.640590446524079e6
0.044160000000000074	36853.56633194628	3.688745000230043e7	1.664175904944317e6
0.044800000000000076	36855.72319211129	3.68874273746009e7	1.687761333175228e6
0.04544000000000008	36857.88366308964	3.6887404707017854e7	1.711346731316333e6
0.04608000000000008	36860.04712861935	3.6887382006965384e7	1.7349320990379003e6
0.04672000000000008	36862.21398697549	3.688735926481829e7	1.7585174362018174e6
0.04736000000000008	36864.384145317665	3.6887336490803815e7	1.782102743116667e6
0.048000000000000084	36866.5578241762	3.6887313672284275e7	1.805688019318264e6
0.048640000000000086	36868.734496087665	3.6887290821849264e7	1.8292732648249494e6
0.04928000000000009	36870.91430854481	3.688726793393873e7	1.8528584794359233e6
0.04992000000000009	36873.09835788696	3.688724500115145e7	1.8764436637453448e6
0.05056000000000009	36875.28517590231	3.6887222039564125e7	1.900028817077774e6
0.05120000000000009	36877.475488932134	3.688719903757217e7	1.9236139394675973e6
0.051840000000000094	36879.66893010241	3.688717599855246e7	1.9471990306577287e6
0.052480000000000096	36881.865981919174	3.688715291475007e7	1.9707840906212754e6
0.0531200000000001	36884.06616858682	3.688712979929461e7	1.9943691195122448e6
0.0537600000000001	36886.270417023785	3.6887106643548146e7	2.0179541176765566e6
0.0544000000000001	36888.47733385267	3.6887083453427285e7	2.041539084033339e6
0.0550400000000001	36890.688297183675	3.688706020977347e7	2.0651240187592425e6
0.055680000000000104	36892.90232657819	3.68870369406868e7	2.0887089223824793e6
0.056320000000000106	36895.11957147235	3.688701363436774e7	2.1122937943248022e6
0.05696000000000011	36897.3406557518	3.688699028714193e7	2.1358786348876082e6
0.05760000000000011	36899.56432065626	3.68869669032067e7	2.159463443040496e6
0.05824000000000011	36901.792314644634	3.688694348054165e7	2.183048220236989e6
0.05888000000000011	36904.023466005274	3.688692001527111e7	2.206632965063494e6
0.059520000000000114	36906.258041396075	3.688689651509072e7	2.230217678140976e6
0.060160000000000116	36908.496603746666	3.688687296625126e7	2.2538023590977453e6
0.06080000000000012	36910.73803316877	3.6886849384412035e7	2.2773870077330084e6
0.06144000000000012	36912.983656581724	3.688682576343015e7	2.300971624845874e6
0.06208000000000012	36915.23187945901	3.68868021020386e7	2.324556208778943e6
0.06272000000000012	36917.484445741546	3.688677840670753e7	2.348140761490006e6
0.06336000000000012	36919.74045105208	3.688675465188245e7	2.3717252804393503e6
0.06400000000000013	36921.99911771436	3.688673087929318e7	2.3953097674489487e6
0.06464000000000013	36924.26161778199	3.68867070632007e7	2.4188942219121065e6
0.06528000000000013	36926.528440943744	3.6886683203334756e7	2.4424786441780166e6
0.06592000000000013	36928.79752868779	3.688665930832642e7	2.4660630328004793e6
0.06656000000000013	36931.07145616347	3.6886635371275604e7	2.48964738965215e6
0.06720000000000013	36933.34811403105	3.6886611384056374e7	2.5132317121293615e6
0.06784000000000014	36935.62860181779	3.688658736490879e7	2.536816002392888e6
0.06848000000000014	36937.91283189901	3.688656330605213e7	2.5604002597596254e6
0.06912000000000014	36940.200029496234	3.688653920830087e7	2.583984483481219e6
0.06976000000000014	36942.49201386829	3.688651506158759e7	2.6075686744673364e6
0.07040000000000014	36944.786645056265	3.6886490879905656e7	2.631152831610608e6
0.07104000000000014	36947.08476077189	3.688646666648016e7	2.6547369558461225e6
0.07168000000000015	36949.38700922651	3.688644239722863e7	2.6783210459817587e6
0.07232000000000015	36951.692625777236	3.688641810027895e7	2.70190510322726e6
0.07296000000000015	36954.00153011123	3.6886393757727854e7	2.7254891261423044e6
0.07360000000000015	36956.31590072845	3.688636935916285e7	2.749073115884826e6
0.07424000000000015	36958.63215076742	3.688634493922963e7	2.772657071588308e6
0.07488000000000015	36960.95237418125	3.68863204606215e7	2.796240992351746e6
0.07552000000000016	36963.27662754102	3.6886295952104464e7	2.819824880279564e6
0.07616000000000016	36965.60440097549	3.688627140078721e7	2.843408733853757e6
0.07680000000000016	36967.93501616734	3.688624681697621e7	2.8669925531507046e6
0.07744000000000016	36970.27090326085	3.688622217572473e7	2.8905763384126415e6
0.07808000000000016	36972.609670076665	3.688619749722791e7	2.914160088890598e6
0.07872000000000016	36974.952144719704	3.688617278594161e7	2.937743805621217e6
0.07936000000000017	36977.29813162029	3.688614801898778e7	2.9613274865387715e6
0.08000000000000017	36979.64789045738	3.68861232220249e7	2.984911133821219e6
0.08064000000000017	36982.00187891179	3.6886098376603685e7	3.0084947463367237e6
0.08128000000000017	36984.359677166634	3.6886073481309064e7	3.0320783234834136e6
0.08192000000000017	36986.72037087385	3.688604856150026e7	3.0556618663961994e6
0.08256000000000017	36989.086074084764	3.688602357827435e7	3.0792453737501446e6
0.08320000000000018	36991.45457396089	3.6885998573236704e7	3.1028288468467076e6
0.08384000000000018	36993.82736202572	3.688597351514921e7	3.12641228438611e6
0.08448000000000018	36996.20423811073	3.688594841661325e7	3.1499956871395693e6
0.08512000000000018	36998.58341928113	3.688592327783983e7	3.173579053408365e6
0.08576000000000018	37000.968174294474	3.6885898093291186e7	3.197162385624326e6
0.08640000000000018	37003.35585681063	3.6885872863252774e7	3.220745681295829e6
0.08704000000000019	37005.747965353075	3.6885847579508364e7	3.244328940982864e6
0.08768000000000019	37008.141966299205	3.6885822279907025e7	3.2679121655809493e6
0.08832000000000019	37010.54232561692	3.688579691268351e7	3.291495354555633e6
0.08896000000000019	37012.94554901333	3.6885771507403426e7	3.3150785072115893e6
0.0896000000000002	37015.35305929141	3.688574606030813e7	3.3386616244287943e6
0.0902400000000002	37017.76334399915	3.6885720574974954e7	3.3622447050655833e6
0.0908800000000002	37020.178196839006	3.688569505725803e7	3.3858277512059277e6
0.0915200000000002	37022.597684579385	3.688566946635325e7	3.409410759105144e6
0.0921600000000002	37025.019466436264	3.6885643848847084e7	3.432993730782164e6
0.0928000000000002	37027.44630358232	3.688561818903349e7	3.4565766672289255e6
0.0934400000000002	37029.87745152249	3.688559246645623e7	3.4801595657681297e6
0.0940800000000002	37032.311104025255	3.688556671781824e7	3.503742428087706e6
0.0947200000000002	37034.74976909903	3.688554092341661e7	3.527325254536999e6
0.09536000000000021	37037.191919642835	3.6885515086475566e7	3.550908043944503e6
0.09600000000000021	37039.63860626824	3.688548919920229e7	3.5744907964234944e6
0.09664000000000021	37042.08966125514	3.688546326074863e7	3.598073511635147e6
0.09728000000000021	37044.54290378377	3.68854372905085e7	3.6216561893907785e6
0.09792000000000022	37047.00121260827	3.688541126217304e7	3.645238829645862e6
0.09856000000000022	37049.46498375426	3.688538518613765e7	3.6688214336606897e6
0.09920000000000022	37051.92990786035	3.688535909267804e7	3.6924040004546703e6
0.09984000000000022	37054.40144702948	3.68853329153813e7	3.715986528278235e6
0.10048000000000022	37056.87502027026	3.688530672685704e7	3.739569020132837e6
0.10112000000000022	37059.35367484139	3.688528047798285e7	3.7631514737648754e6
0.10176000000000023	37061.835396483264	3.688525419345223e7	3.7867338897522446e6
0.10240000000000023	37064.32323010902	3.688522784472155e7	3.810316267830841e6
0.10304000000000023	37066.8129142055	3.688520147062868e7	3.8338986080451133e6
0.10368000000000023	37069.30797294626	3.68851750288876e7	3.857480909117386e6
0.10432000000000023	37071.80706771233	3.688514854097045e7	3.8810631719484543e6
0.10496000000000023	37074.309399502374	3.6885122022667155e7	3.904645397384084e6
0.10560000000000024	37076.81613836928	3.6885095470347606e7	3.9282275860228734e6
0.10624000000000024	37079.32771286404	3.68850688465496e7	3.9518097341940873e6
0.10688000000000024	37081.843045640846	3.688504218222457e7	3.9753918440970937e6
0.10752000000000024	37084.36182391748	3.688501548405865e7	3.998973916086605e6
0.10816000000000024	37086.88603316595	3.688498872019488e7	4.0225559484161064e6
0.10880000000000024	37089.413301992376	3.688496191084523e7	4.0461379410347054e6
0.10944000000000025	37091.94630215672	3.688493507045258e7	4.069719897809188e6
0.11008000000000025	37094.480451484014	3.6884908180112675e7	4.093301812510197e6
0.11072000000000025	37097.02123583609	3.688488123098168e7	4.116883688938905e6
0.11136000000000025	37099.56691259723	3.6884854225662485e7	4.140465525710994e6
0.11200000000000025	37102.115108583304	3.688482719760805e7	4.164047324348533e6
0.11264000000000025	37104.66812504498	3.688480010397398e7	4.1876290820190776e6
0.11328000000000026	37107.224551820655	3.6884772982474886e7	4.211210801609355e6
0.11392000000000026	37109.78607584178	3.688474579444164e7	4.234792480148883e6
0.11456000000000026	37112.35246867227	3.68847185633865e7	4.258374119991427e6
0.11520000000000026	37114.92161055057	3.6884691298199244e7	4.281955720193578e6
0.11584000000000026	37117.495653856706	3.688466397605353e7	4.305537279943365e6
0.11648000000000026	37120.07409793989	3.6884636588854596e7	4.329118797736805e6
0.11712000000000027	37122.657580884894	3.688460917927621e7	4.352700279001852e6
0.11776000000000027	37125.244697696304	3.688458169987848e7	4.376281716859795e6
0.11840000000000027	37127.83527714036	3.688455418102597e7	4.3998631146138115e6
0.11904000000000027	37130.431345761484	3.688452660824391e7	4.423444472243727e6
0.11968000000000027	37133.03192060197	3.688449899171671e7	4.44702578998901e6
0.12032000000000027	37135.63529947983	3.688447133368845e7	4.470607066529651e6
0.12096000000000028	37138.24468030379	3.68844436192874e7	4.4941883027927885e6
0.12160000000000028	37140.85713102536	3.6884415856237955e7	4.517769497022438e6
0.12224000000000028	37143.476175952725	3.688438802776281e7	4.541350650161941e6
0.12288000000000028	37146.09731459104	3.688436018564076e7	4.564931764488121e6
0.12352000000000028	37148.72428206507	3.688433226398543e7	4.588512835106236e6
0.12416000000000028	37151.354210272635	3.688430431066956e7	4.612093865284269e6
0.12480000000000029	37153.989630354656	3.688427628838884e7	4.635674852515424e6
0.12544000000000027	37156.62962178433	3.688424822078398e7	4.65925579881718e6
0.12608000000000028	37159.27337865757	3.688422013155874e7	4.682836706378012e6
0.12672000000000028	37161.9227749912	3.68841919457136e7	4.706417567281782e6
0.12736000000000028	37164.575676001165	3.688416372815768e7	4.729998387736078e6
0.12800000000000028	37167.23171964668	3.688413549794126e7	4.753579169796024e6
0.12864000000000028	37169.89603186488	3.688410715535852e7	4.777159905071656e6
0.12928000000000028	37172.56152971791	3.688407879383819e7	4.800740599242567e6
0.12992000000000029	37175.23198122599	3.688405037862952e7	4.824321251033783e6
0.1305600000000003	37177.907768062	3.6884021913206965e7	4.847901861118175e6
0.1312000000000003	37180.58786953693	3.688399339714706e7	4.871482428446759e6
0.1318400000000003	37183.27372028431	3.688396480281958e7	4.895062950516746e6
0.1324800000000003	37185.962453621	3.688393619680357e7	4.918643433500313e6
0.1331200000000003	37188.65546051711	3.68839075361883e7	4.94222387286301e6
0.1337600000000003	37191.35476822132	3.688387881370992e7	4.965804269276274e6
0.1344000000000003	37194.057213507454	3.6883850024758846e7	4.989384619251613e6
0.1350400000000003	37196.76448877275	3.6883821198121466e7	5.012964928006542e6
0.1356800000000003	37199.47823900531	3.688379231124867e7	5.036545193821767e6
0.1363200000000003	37202.19443648857	3.688376338197657e7	5.0601254155219635e6
0.1369600000000003	37204.9164082746	3.688373439575529e7	5.083705593899653e6
0.1376000000000003	37207.64137094263	3.688370537379042e7	5.1072857293518735e6
0.1382400000000003	37210.37332817575	3.6883676271088816e7	5.130865819034617e6
0.1388800000000003	37213.10913361792	3.688364712445694e7	5.154445865181732e6
0.1395200000000003	37215.8496730154	3.688361794281038e7	5.178025869707552e6
0.1401600000000003	37218.594973458574	3.688358867348964e7	5.201605825178297e6
0.1408000000000003	37221.34255524547	3.688355940973187e7	5.225185742413727e6
0.14144000000000032	37224.0974223801	3.68835300571884e7	5.248765612371698e6
0.14208000000000032	37226.85702716182	3.688350061767145e7	5.2723454329395145e6
0.14272000000000032	37229.6216009106	3.688347114078195e7	5.29592521121844e6
0.14336000000000032	37232.38948014528	3.688344165623337e7	5.3195049499619e6
0.14400000000000032	37235.164724625276	3.688341206568952e7	5.343084638463582e6
0.14464000000000032	37237.941499581444	3.68833824432656e7	5.366664282235031e6
0.14528000000000033	37240.72453232015	3.688335279104321e7	5.3902438855550345e6
0.14592000000000033	37243.51187976863	3.6883323058256626e7	5.413823439287092e6
0.14656000000000033	37246.305927076806	3.6883293252786994e7	5.437402946458878e6
0.14720000000000033	37249.101280483206	3.688326344382004e7	5.460982412502318e6
0.14784000000000033	37251.90614625818	3.688323351614933e7	5.484561827369124e6
0.14848000000000033	37254.714299318875	3.688320355857202e7	5.508141198696941e6
0.14912000000000034	37257.52553329873	3.6883173571897335e7	5.531720526367116e6
0.14976000000000034	37260.342923531854	3.688314348420105e7	5.555299802161265e6
0.15040000000000034	37263.16465499674	3.6883113387772694e7	5.578879038211911e6
0.15104000000000034	37265.99197021553	3.688308320216596e7	5.602458223398193e6
0.15168000000000034	37268.8235688345	3.688305297790067e7	5.6260373640979e6
0.15232000000000034	37271.66071069426	3.688302269689506e7	5.64961645854231e6
0.15296000000000035	37274.50388314437	3.688299235205844e7	5.67319550594005e6
0.15360000000000035	37277.34915728124	3.6882961983666606e7	5.696774509017927e6
0.15424000000000035	37280.200944955104	3.688293151841155e7	5.720353460151016e6
0.15488000000000035	37283.05717136641	3.6882901006454825e7	5.743932365156401e6
0.15552000000000035	37285.91878035354	3.688287045285527e7	5.767511225519697e6
0.15616000000000035	37288.78478436427	3.688283982094463e7	5.791090034591164e6
0.15680000000000036	37291.65694650098	3.68828091454588e7	5.814668799145242e6
0.15744000000000036	37294.535106098905	3.688277840371886e7	5.838247515380505e6
0.15808000000000036	37297.417220841424	3.6882747608174056e7	5.8618261834067395e6
0.15872000000000036	37300.30257051676	3.688271676641846e7	5.885404803712475e6
0.15936000000000036	37303.19529729407	3.6882685875448965e7	5.908983379206278e6
0.16000000000000036	37306.09270974347	3.68826549003651e7	5.9325619019346135e6
0.16064000000000037	37308.99482881896	3.688262388380375e7	5.956140378593764e6
0.16128000000000037	37311.902790942855	3.688259280259157e7	5.979718806310802e6
0.16192000000000037	37314.8135194179	3.688256166671781e7	6.003297183989315e6
0.16256000000000037	37317.73073829729	3.688253048565644e7	6.026875516177804e6
0.16320000000000037	37320.65498636751	3.68824992242007e7	6.050453797482161e6
0.16384000000000037	37323.581950859385	3.6882467903383166e7	6.074032027574343e6
0.16448000000000038	37326.51595003037	3.688243652397362e7	6.097610210069764e6
0.16512000000000038	37329.4555491313	3.688240508365567e7	6.121188343262097e6
0.16576000000000038	37332.399517816426	3.688237360490427e7	6.144766429722689e6
0.16640000000000038	37335.34814769934	3.6882342042053625e7	6.168344462013659e6
0.16704000000000038	37338.30225432296	3.688231042996392e7	6.191922446466948e6
0.16768000000000038	37341.262532664594	3.68822787778475e7	6.21550038510067e6
0.16832000000000039	37344.2271059991	3.688224704546975e7	6.239078269493001e6
0.1689600000000004	37347.197817332075	3.688221526989211e7	6.262656107275101e6
0.1696000000000004	37350.17232273019	3.688218342051386e7	6.28623389121596e6
0.1702400000000004	37353.15271089984	3.688215151923107e7	6.309811626627309e6
0.1708800000000004	37356.139602215895	3.6882119542131715e7	6.333389309826471e6
0.1715200000000004	37359.12993544803	3.688208752427146e7	6.356966944131975e6
0.1721600000000004	37362.12690958347	3.6882055432003275e7	6.380544526314529e6
0.1728000000000004	37365.129702896156	3.688202328589953e7	6.404122059093689e6
0.1734400000000004	37368.13708422066	3.688199106443499e7	6.427699537603953e6
0.1740800000000004	37371.14860487454	3.6881958820011795e7	6.451276970443406e6
0.1747200000000004	37374.16886160035	3.6881926444386795e7	6.474854342441377e6
0.1753600000000004	37377.19263187466	3.688189407074688e7	6.498431672378136e6
0.1760000000000004	37380.22210261528	3.6881861606743366e7	6.522008945799402e6
0.1766400000000004	37383.25682235504	3.688182908546637e7	6.545586167994048e6
0.1772800000000004	37386.297318959005	3.688179648507819e7	6.569163335404932e6
0.1779200000000004	37389.34211301227	3.688176385215602e7	6.5927404549398795e6
0.1785600000000004	37392.39407789891	3.688173117015332e7	6.616317525933942e6
0.17920000000000041	37395.4511045019	3.688169839746857e7	6.639894539092957e6
0.17984000000000042	37398.513715255925	3.68816655636831e7	6.663471499981489e6
0.18048000000000042	37401.5812039714	3.688163266567452e7	6.6870484073292315e6
0.18112000000000042	37404.65400788672	3.6881599723936126e7	6.710625265073305e6
0.18176000000000042	37407.73340558163	3.6881566683272325e7	6.734202064133377e6
0.18240000000000042	37410.81804555369	3.6881533634707324e7	6.757778819804676e6
0.18304000000000042	37413.907846550115	3.688150048127499e7	6.781355514246908e6
0.18368000000000043	37417.00571417712	3.688146722740763e7	6.804932150434845e6
0.18432000000000043	37420.10677194745	3.688143395971548e7	6.828508740146515e6
0.18496000000000043	37423.21374662859	3.688140064752118e7	6.852085279897586e6
0.18560000000000043	37426.327827553476	3.6881367226605825e7	6.875661758640816e6
0.18624000000000043	37429.446094930325	3.6881333762092344e7	6.899238185906305e6
0.18688000000000043	37432.57198265846	3.688130020341888e7	6.922814554945476e6
0.18752000000000044	37435.700608098574	3.688126664128405e7	6.946390878603669e6
0.18816000000000044	37438.83742291353	3.688123298659398e7	6.969967144530958e6
0.18880000000000044	37441.978083355105	3.688119926337682e7	6.993543353546777e6
0.18944000000000044	37445.12548934518	3.688116545212183e7	7.01711950416662e6
0.19008000000000044	37448.279633252954	3.688113161314392e7	7.040695607666977e6
0.19072000000000044	37451.43910548629	3.688109765682847e7	7.06427164574963e6
0.19136000000000045	37454.60488924709	3.6881063664329335e7	7.087847634503718e6
0.19200000000000045	37457.77317969643	3.688102962941411e7	7.111423569576721e6
0.19264000000000045	37460.94886290825	3.6880995524324104e7	7.13499944947977e6
0.19328000000000045	37464.13345413342	3.6880961305606514e7	7.158575266887763e6
0.19392000000000045	37467.32043588703	3.688092706713608e7	7.182151034516006e6
0.19456000000000045	37470.51623489303	3.6880892717319116e7	7.205726739677856e6
0.19520000000000046	37473.714406789564	3.6880858344582744e7	7.229302394217152e6
0.19584000000000046	37476.92270068439	3.688082385673053e7	7.252877986261106e6
0.19648000000000046	37480.13537990158	3.688078933032373e7	7.276453526002483e6
0.19712000000000046	37483.352408025814	3.688075476282472e7	7.300029012829382e6
0.19776000000000046	37486.57771149067	3.688072009931993e7	7.323604438944791e6
0.19840000000000046	37489.80754014571	3.688068534672401e7	7.347179802514241e6
0.19904000000000047	37493.040594766164	3.6880650602992795e7	7.3707551218144875e6
0.19968000000000047	37496.28422766506	3.688061572611273e7	7.394330374383292e6
0.20032000000000047	37499.53293535495	3.6880580767667234e7	7.417905565876862e6
0.20096000000000047	37502.78787448159	3.688054578150013e7	7.44148070787351e6
0.20160000000000047	37506.04760775017	3.688051071860201e7	7.46505578928021e6
0.20224000000000047	37509.3138867783	3.688047558507909e7	7.488630812572728e6
0.20288000000000048	37512.58512361502	3.688044037948597e7	7.512205776043868e6
0.20352000000000048	37515.865477734544	3.688040507740465e7	7.535780677889118e6
0.20416000000000048	37519.15045128294	3.6880369710651055e7	7.559355520821686e6
0.20480000000000048	37522.44361729243	3.688033427905215e7	7.5829303075143695e6
0.20544000000000048	37525.739152164184	3.6880298794195734e7	7.606505035580333e6
0.20608000000000049	37529.04398622266	3.688026322969383e7	7.630079704976864e6
0.2067200000000005	37532.35452502601	3.688022757049875e7	7.653654309571132e6
0.2073600000000005	37535.66825260261	3.688019190016811e7	7.677228864502621e6
0.2080000000000005	37538.991690704475	3.688015612927216e7	7.700803356307666e6
0.2086400000000005	37542.320032128344	3.688012026119569e7	7.724377781676512e6
0.2092800000000005	37545.65385478543	3.6880084373951845e7	7.747952157196716e6
0.2099200000000005	37548.99432147912	3.68800483970904e7	7.771526468950749e6
0.2105600000000005	37552.34379841959	3.6880012295217395e7	7.795100711169218e6
0.2112000000000005	37555.697682291255	3.6879976174495205e7	7.818674902385198e6
0.2118400000000005	37559.05693590997	3.687993999959994e7	7.842249035829877e6
0.2124800000000005	37562.424081096855	3.6879903727070935e7	7.865823104140396e6
0.2131200000000005	37565.799646365944	3.687986732821867e7	7.889397101415713e6
0.2137600000000005	37569.17777041661	3.687983090404427e7	7.912971044378734e6
0.2144000000000005	37572.564658551615	3.687979439864974e7	7.936544925866281e6
0.2150400000000005	37575.95530333591	3.687975783805729e7	7.960118747370764e6
0.2156800000000005	37579.35359044038	3.68797212183662e7	7.983692510985294e6
0.2163200000000005	37582.762343130176	3.687968446327607e7	8.007266202288963e6
0.2169600000000005	37586.173150637616	3.687964767171067e7	8.030839835878241e6
0.21760000000000052	37589.58971118738	3.687961084760857e7	8.054413415429676e6
0.21824000000000052	37593.015139936324	3.687957388645809e7	8.07798692049643e6
0.21888000000000052	37596.44567567133	3.6879536882648006e7	8.101560368520196e6
0.21952000000000052	37599.885514749854	3.687949979760037e7	8.125133754215805e6
0.22016000000000052	37603.33113437552	3.6879462609815136e7	8.148707069928751e6
0.22080000000000052	37606.78331010437	3.6879425337709345e7	8.1722803201214755e6
0.22144000000000053	37610.23931025632	3.687938808211123e7	8.195853524820124e6
0.22208000000000053	37613.705921508204	3.687935062672487e7	8.219426641293538e6
0.22272000000000053	37617.17730514461	3.68793131715015e7	8.242999709132576e6
0.22336000000000053	37620.65526828868	3.687927562633414e7	8.2665727096055765e6
0.22400000000000053	37624.13989542997	3.687923801676804e7	8.290145648314914e6
0.22464000000000053	37627.63228925689	3.6879200302854486e7	8.31371851700505e6
0.22528000000000054	37631.129453985224	3.687916253313568e7	8.337291324075418e6
0.22592000000000054	37634.637961331326	3.687912466152975e7	8.360864064085929e6
0.22656000000000054	37638.14792722391	3.687908671745408e7	8.38443673583925e6
0.22720000000000054	37641.66990233851	3.687904869965687e7	8.408009347062588e6
0.22784000000000054	37645.192252621244	3.6879010667534e7	8.43158190214075e6
0.22848000000000054	37648.724095014484	3.6878972501920335e7	8.455154380852563e6
0.22912000000000055	37652.26354285251	3.6878934251599066e7	8.478726792646311e6
0.22976000000000055	37655.810662607844	3.687889593434233e7	8.502299141479282e6
0.23040000000000055	37659.363497874954	3.687885753179696e7	8.525871421474004e6
0.23104000000000055	37662.925820667915	3.6878819022952124e7	8.549443630501939e6
0.23168000000000055	37666.49373943457	3.687878046132331e7	8.573015777749287e6
0.23232000000000055	37670.0666224967	3.6878741821446076e7	8.59658785670313e6
0.23296000000000056	37673.648643154214	3.687870308056453e7	8.620159865103578e6
0.23360000000000056	37677.23832026848	3.6878664295009844e7	8.643731814762974e6
0.23424000000000056	37680.8350061712	3.687862538517094e7	8.667303686436785e6
0.23488000000000056	37684.435320390294	3.687858648038473e7	8.690875507665122e6
0.23552000000000056	37688.04659449583	3.6878547403976604e7	8.71444724244515e6
0.23616000000000056	37691.662472567965	3.6878508287849665e7	8.738018916721644e6
0.23680000000000057	37695.286765017096	3.6878469053181686e7	8.761590514652506e6
0.23744000000000057	37698.91814080717	3.6878429773279e7	8.78516205238484e6
0.23808000000000057	37702.55706901982	3.687839038746419e7	8.808733515729522e6
0.23872000000000057	37706.200942393756	3.6878350955925904e7	8.832304916852077e6
0.23936000000000057	37709.855210921305	3.687831139851221e7	8.85587624061554e6
0.24000000000000057	37713.51614110373	3.687827178821727e7	8.879447501439406e6
0.24064000000000058	37717.180871628094	3.687823212141554e7	8.903018696164137e6
0.24128000000000058	37720.85614348089	3.687819233440985e7	8.92658981441961e6
0.24192000000000058	37724.53858175356	3.687815245543051e7	8.950160860225827e6
0.24256000000000058	37728.22477888724	3.68781125084973e7	8.973731836637646e6
0.24320000000000058	37731.92511738755	3.687807249008669e7	8.997302750517944e6
0.24384000000000058	37735.63011008983	3.6878032311967954e7	9.020873573014334e6
0.24448000000000059	37739.33663258849	3.687799214633043e7	9.044444343547538e6
0.2451200000000006	37743.05723829755	3.687795186620526e7	9.0680150404923e6
0.2457600000000006	37746.78620494074	3.6877911472042404e7	9.091585659396378e6
0.2464000000000006	37750.51862431499	3.687787099938654e7	9.115156205084149e6
0.2470400000000006	37754.25970963902	3.687783047341287e7	9.138726687542908e6
0.2476800000000006	37758.00699697163	3.687778987742823e7	9.16229710066541e6
0.2483200000000006	37761.76567288703	3.6877749115143925e7	9.185867424293557e6
0.2489600000000006	37765.52969201472	3.687770832533807e7	9.20943768809608e6
0.2496000000000006	37769.300356035994	3.6877667441261895e7	9.23300787632616e6
0.2502400000000006	37773.0765485192	3.687762646681937e7	9.256577988929918e6
0.25088000000000055	37776.8653171487	3.6877585413277514e7	9.280148033829466e6
0.2515200000000005	37780.66147613008	3.687754420473424e7	9.30371798787643e6
0.2521600000000005	37784.464203573065	3.6877502965548396e7	9.327287881502703e6
0.25280000000000047	37788.27223060851	3.687746165457283e7	9.350857703286739e6
0.25344000000000044	37792.088967918564	3.6877420279067904e7	9.374427457466876e6
0.2540800000000004	37795.915761342105	3.68773787396731e7	9.397997119660856e6
0.2547200000000004	37799.74699596759	3.687733716347856e7	9.421566717722427e6
0.25536000000000036	37803.588356228	3.687729546242258e7	9.445136233317824e6
0.25600000000000034	37807.43696087894	3.6877253695946015e7	9.468705679261087e6
0.2566400000000003	37811.292601771755	3.687721184299887e7	9.492275049855694e6
0.2572800000000003	37815.15869553786	3.687716986627536e7	9.515844337861685e6
0.25792000000000026	37819.028988287224	3.6877127835602865e7	9.539413556390328e6
0.25856000000000023	37822.911657643934	3.6877085692947224e7	9.562982696387885e6
0.2592000000000002	37826.797798347536	3.687704349178606e7	9.586551764879972e6
0.2598400000000002	37830.69411072661	3.687700118100604e7	9.610120753425611e6
0.26048000000000016	37834.59645020593	3.687695879184196e7	9.633689666865855e6
0.26112000000000013	37838.50967179838	3.687691628941711e7	9.657258499518897e6
0.2617600000000001	37842.428491315586	3.687687369367279e7	9.680827252465224e6
0.2624000000000001	37846.360668838235	3.687683095856844e7	9.704395919157697e6
0.26304000000000005	37850.294799132345	3.687678821845613e7	9.72796452623787e6
0.26368	37854.23964480081	3.6876745353793755e7	9.751533048623597e6
0.26432	37858.19293859924	3.68767023761281e7	9.775101487439247e6
0.26496	37862.152364437185	3.687665931131005e7	9.798669847598666e6
0.26559999999999995	37866.12029329784	3.687661618744399e7	9.822238138128517e6
0.2662399999999999	37870.09967946211	3.6876572916853026e7	9.845806337723749e6
0.2668799999999999	37874.0851606501	3.687652957082001e7	9.869374461173417e6
0.26751999999999987	37878.07609392145	3.6876486142402895e7	9.892942505992893e6
0.26815999999999984	37882.07770173475	3.687644265267836e7	9.916510481487462e6
0.2687999999999998	37886.0907812469	3.6876399034269474e7	9.940078369990876e6
0.2694399999999998	37890.107729590025	3.687635530134972e7	9.96364616949859e6
0.27007999999999976	37894.13356820404	3.687631152018651e7	9.987213901346069e6
0.27071999999999974	37898.16879434458	3.687626755719187e7	1.0010781529621314e7
0.2713599999999997	37902.213665630436	3.6876223552675165e7	1.0034349092219247e7
0.2719999999999997	37906.26865506574	3.687617945034518e7	1.0057916574074766e7
0.27263999999999966	37910.32964761788	3.687613527000389e7	1.008148397738634e7
0.27327999999999963	37914.39581957174	3.687609097389458e7	1.0105051291075896e7
0.2739199999999996	37918.472099375584	3.687604658668468e7	1.0128618525246568e7
0.2745599999999996	37922.56050072665	3.687600205863725e7	1.0152185667509073e7
0.27519999999999956	37926.653843369175	3.68759574799498e7	1.0175752737187844e7
0.27583999999999953	37930.75757839205	3.6875912780987665e7	1.019931971891559e7
0.2764799999999995	37934.87398653079	3.68758679616272e7	1.0222886614057405e7
0.2771199999999995	37938.989554792286	3.6875823091299884e7	1.0246453431830373e7
0.27775999999999945	37943.11904041333	3.687577812075837e7	1.0270020169117572e7
0.2783999999999994	37947.25709695394	3.6875733023465894e7	1.0293586814454047e7
0.2790399999999994	37951.40482095323	3.687568781516909e7	1.0317153372764476e7
0.2796799999999994	37955.55975876513	3.687564254190909e7	1.0340719854926545e7
0.28031999999999935	37959.72647180094	3.687559711838653e7	1.0364286240173314e7
0.2809599999999993	37963.89964559891	3.6875551619069934e7	1.0387852545295035e7
0.2815999999999993	37968.08248831881	3.687550602566769e7	1.0411418767287605e7
0.28223999999999927	37972.27517575014	3.6875460330053136e7	1.0434984903784318e7
0.28287999999999924	37976.474246210215	3.687541451604871e7	1.0458550947511273e7
0.2835199999999992	37980.6805453391	3.6875368624109596e7	1.0482116910304649e7
0.2841599999999992	37984.90132465773	3.6875322606432065e7	1.0505682783607949e7
0.28479999999999916	37989.12755579546	3.687527649332473e7	1.0529248569326757e7
0.28543999999999914	37993.361376961024	3.687523028185647e7	1.05528142679586e7
0.2860799999999991	37997.60498553692	3.687518398773169e7	1.0576379885361522e7
0.2867199999999991	38001.8621320813	3.687513754476967e7	1.0599945405057896e7
0.28735999999999906	38006.12577983757	3.687509097524784e7	1.0623510828122929e7
0.28799999999999903	38010.39868614455	3.6875044324457824e7	1.0647076169308353e7
0.288639999999999	38014.67792066476	3.687499763573545e7	1.0670641438864287e7
0.289279999999999	38018.96933444459	3.6874950772248186e7	1.0694206601281295e7
0.28991999999999896	38023.267780433365	3.687490384970327e7	1.0717771686091462e7
0.29055999999999893	38027.58110481747	3.687485676379563e7	1.074133666842742e7
0.2911999999999989	38031.89805864238	3.687480958029088e7	1.0764901559124628e7
0.2918399999999989	38036.22527043109	3.687476229940355e7	1.0788466362745399e7
0.29247999999999885	38040.56343282386	3.6874714936001614e7	1.08120310839217e7
0.2931199999999988	38044.90847668966	3.687466746771813e7	1.0835595713041497e7
0.2937599999999988	38049.265852620505	3.687461984685362e7	1.085916023972743e7
0.2943999999999988	38053.630444421135	3.6874572167499274e7	1.0882724687753323e7
0.29503999999999875	38058.00877299765	3.687452429626749e7	1.0906289022235325e7
0.2956799999999987	38062.39138813791	3.6874476370205626e7	1.0929853276644846e7
0.2963199999999987	38066.787824874074	3.687442830786119e7	1.0953417433441985e7
0.29695999999999867	38071.189182122216	3.68743801816065e7	1.0976981507572416e7
0.29759999999999864	38075.60304680981	3.687433192522399e7	1.1000545484526688e7
0.2982399999999986	38080.0268637621	3.6874283529550724e7	1.102410935950507e7
0.2988799999999986	38084.460228473996	3.6874235052375734e7	1.1047673149209395e7
0.29951999999999857	38088.899736005354	3.687418649653625e7	1.107123685192956e7
0.30015999999999854	38093.35174664354	3.687413779238927e7	1.1094800451049881e7
0.3007999999999985	38097.81441020875	3.687408896173833e7	1.1118363951526454e7
0.3014399999999985	38102.28415916175	3.687404003334595e7	1.1141927359273972e7
0.30207999999999846	38106.766944132985	3.6873990972204365e7	1.1165490667669088e7
0.30271999999999843	38111.26037409429	3.6873941779548295e7	1.118905387513845e7
0.3033599999999984	38115.760315166044	3.687389254509695e7	1.121261700574651e7
0.3039999999999984	38120.27092424181	3.687384317914035e7	1.1236180035021879e7
0.30463999999999836	38124.793938047864	3.687379364526634e7	1.1259742952806639e7
0.30527999999999833	38129.32552945897	3.687374401185365e7	1.1283305776970446e7
0.3059199999999983	38133.86731149443	3.687369427444436e7	1.1306868507061517e7
0.3065599999999983	38138.41679510811	3.6873644466438435e7	1.1330431151373703e7
0.30719999999999825	38142.97936616467	3.6873594457125425e7	1.1353993673333745e7
0.3078399999999982	38147.54891912713	3.6873544420535006e7	1.1377556121877294e7
0.3084799999999982	38152.131477761235	3.687349418305047e7	1.1401118447546843e7
0.3091199999999982	38156.7247446484	3.687344384895858e7	1.1424680680581592e7
0.30975999999999815	38161.325580755045	3.687339341822433e7	1.144824281859796e7
0.3103999999999981	38165.93903950638	3.687334286454159e7	1.1471804856715284e7
0.3110399999999981	38170.5622236488	3.6873292157889456e7	1.149536678333947e7
0.31167999999999807	38175.197343866224	3.687324137698126e7	1.1518928624213178e7
0.31231999999999804	38179.83959360142	3.687319048755825e7	1.154249036516585e7
0.312959999999998	38184.48995125438	3.687313943897031e7	1.1566051990796186e7
0.313599999999998	38189.1560899125	3.6873088274483755e7	1.1589613519618148e7
0.31423999999999797	38193.83298355412	3.6873037002127424e7	1.1613174950455248e7
0.31487999999999794	38198.516594848865	3.687298559618404e7	1.1636736272215817e7
0.3155199999999979	38203.21193846288	3.687293406970269e7	1.1660297492180156e7
0.3161599999999979	38207.91884636456	3.687288238434922e7	1.168385859785967e7
0.31679999999999786	38212.637142196065	3.687283060294123e7	1.1707419608707251e7
0.31743999999999784	38217.36443089734	3.687277874216886e7	1.1730980528179957e7
0.3180799999999978	38222.10016265133	3.687272672617964e7	1.1754541331606053e7
0.3187199999999978	38226.851242556484	3.687267456945426e7	1.177810202799091e7
0.31935999999999776	38231.61021891025	3.6872622328407705e7	1.1801662629979601e7
0.31999999999999773	38236.38035513038	3.687256994140975e7	1.1825223119892526e7
0.3206399999999977	38241.162379074456	3.687251741247249e7	1.184878349920894e7
0.3212799999999977	38245.95750606577	3.6872464720007114e7	1.1872343761522317e7
0.32191999999999765	38250.7599286293	3.687241195866728e7	1.1895903933026489e7
0.3225599999999976	38255.57716740095	3.687235905169583e7	1.1919463993911205e7
0.3231999999999976	38260.399089970335	3.68723060860437e7	1.1943023965113329e7
0.3238399999999976	38265.23585709544	3.687225292265418e7	1.1966583808349375e7
0.32447999999999755	38270.08370876295	3.687219962077495e7	1.1990143539895907e7
0.3251199999999975	38274.9424705732	3.687214620504029e7	1.2013703167357149e7
0.3257599999999975	38279.809190014246	3.6872092683913894e7	1.2037262691259975e7
0.32639999999999747	38284.690437954065	3.687203904938164e7	1.206082211319708e7
0.32703999999999744	38289.583603849765	3.68719852433333e7	1.2084381412161676e7
0.3276799999999974	38294.48400498439	3.687193133697436e7	1.2107940607985893e7
0.3283199999999974	38299.4006451808	3.687187727254327e7	1.2131499687546665e7
0.32895999999999737	38304.32819992817	3.6871823023066655e7	1.215505863806319e7
0.32959999999999734	38309.264699243984	3.6871768719980866e7	1.217861750115997e7
0.3302399999999973	38314.21472326709	3.687171423991116e7	1.2202176239041217e7
0.3308799999999973	38319.1733994397	3.687165966511845e7	1.2225734875299325e7
0.33151999999999726	38324.14680510527	3.687160493788109e7	1.2249293394662516e7
0.33215999999999724	38329.13073235835	3.687155007066579e7	1.2272851798140546e7
0.3327999999999972	38334.12417577477	3.687149510709772e7	1.2296410099292096e7
0.3334399999999972	38339.131530671315	3.687143993212641e7	1.231996826248121e7
0.33407999999999716	38344.14828252133	3.687138470495062e7	1.2343526337454097e7
0.33471999999999713	38349.176982341596	3.6871329330279864e7	1.2367084293893984e7
0.3353599999999971	38354.2224763647	3.687127374785861e7	1.2390642114508446e7
0.3359999999999971	38359.27425186905	3.687121805328249e7	1.241419982400605e7
0.33663999999999705	38364.33954564474	3.68711623123378e7	1.2437757449106287e7
0.337279999999997	38369.41830703986	3.687110631643096e7	1.2461314919306166e7
0.337919999999997	38374.50471919413	3.6871050214773685e7	1.2484872280660698e7
0.338559999999997	38379.604559273415	3.687099401395732e7	1.2508429539004965e7
0.33919999999999695	38384.72058248749	3.6870937672475256e7	1.2531986681864401e7
0.3398399999999969	38389.84348264166	3.687088114288266e7	1.2555543686670631e7
0.3404799999999969	38394.98062661459	3.687082454708216e7	1.2579100599413285e7
0.34111999999999687	38400.130780839565	3.6870767700420916e7	1.2602657356136348e7
0.34175999999999684	38405.29181436094	3.6870710778987005e7	1.2626214015110368e7
0.3423999999999968	38410.46409652108	3.687065370005884e7	1.2649770548089903e7
0.3430399999999968	38415.65446223811	3.687059646656972e7	1.2673326960247472e7
0.34367999999999677	38420.85304839171	3.6870539116263375e7	1.2696883257749999e7
0.34431999999999674	38426.06198784625	3.6870481620533556e7	1.2720439431906184e7
0.3449599999999967	38431.282080623394	3.6870424019803904e7	1.2743995496885525e7
0.3455999999999967	38436.52105275285	3.687036619499803e7	1.2767551416368121e7
0.34623999999999666	38441.76801680021	3.687030823519365e7	1.2791107213611988e7
0.34687999999999664	38447.02629075106	3.6870250195080616e7	1.2814662909480456e7
0.3475199999999966	38452.29812384512	3.687019195585572e7	1.28382184639787e7
0.3481599999999966	38457.58471983353	3.687013361470161e7	1.2861773911318162e7
0.34879999999999656	38462.886917224874	3.687007495512062e7	1.2885329176306443e7
0.34943999999999653	38468.196042030955	3.687001633907513e7	1.290888437914339e7
0.3500799999999965	38473.518487943285	3.686995757102001e7	1.293243945559824e7
0.3507199999999965	38478.855951141624	3.6869898561444e7	1.2955994375061467e7
0.35135999999999645	38484.20609865561	3.686983944379091e7	1.2979549182414077e7
0.3519999999999964	38489.568409344116	3.686978020240463e7	1.3003103871575553e7
0.3526399999999964	38494.94522565513	3.686972075782603e7	1.3026658415780919e7
0.3532799999999964	38500.3311198925	3.686966118238317e7	1.305021283665405e7
0.35391999999999635	38505.730657281754	3.686960152073602e7	1.3073767152681813e7
0.3545599999999963	38511.144485923214	3.686954162761452e7	1.3097321312583864e7
0.3551999999999963	38516.57612648318	3.686948154961582e7	1.3120875334709762e7
0.35583999999999627	38522.0152475035	3.6869421382230274e7	1.3144429245994516e7
0.35647999999999624	38527.46800579166	3.686936106537004e7	1.316798302879406e7
0.3571199999999962	38532.934050949974	3.6869300524187244e7	1.3191536655840285e7
0.3577599999999962	38538.41541804208	3.686923990635561e7	1.3215090180815727e7
0.35839999999999617	38543.90831541034	3.6869179111948766e7	1.3238643565297464e7
0.35903999999999614	38549.41553383901	3.686911813432784e7	1.3262196808329493e7
0.3596799999999961	38554.93545902939	3.686905699338972e7	1.3285749915655397e7
0.3603199999999961	38560.470008355675	3.6868995699843265e7	1.3309302892022327e7
0.36095999999999606	38566.01400789809	3.686893431531735e7	1.3332855756048411e7
0.36159999999999604	38571.577395355635	3.686887269894912e7	1.335640846294905e7
0.362239999999996	38577.15400578179	3.686881094268554e7	1.337996104161699e7
0.362879999999996	38582.74488432309	3.686874899037993e7	1.3403513472049622e7
0.36351999999999596	38588.350508511816	3.686868687393169e7	1.3427065765743157e7
0.36415999999999593	38593.964486155885	3.686862466502625e7	1.3450617944394687e7
0.3647999999999959	38599.59229792958	3.686856225777438e7	1.3474169972663589e7
0.3654399999999959	38605.2366944579	3.686849973139975e7	1.349772188083941e7
0.36607999999999585	38610.89160856275	3.6868437022825524e7	1.3521273641724315e7
0.3667199999999958	38616.56662925314	3.6868374093911804e7	1.3544825247034157e7
0.3673599999999958	38622.25207907913	3.68683110589997e7	1.3568376732189285e7
0.3679999999999958	38627.9505916529	3.6868247854827814e7	1.3591928075350406e7
0.36863999999999575	38633.66786330889	3.686818444870633e7	1.3615479267713124e7
0.3692799999999957	38639.39453120828	3.686812089219375e7	1.3639030321987875e7
0.3699199999999957	38645.13954171671	3.686805720494199e7	1.3662581250774426e7
0.37055999999999567	38650.89830430703	3.6867993192722484e7	1.3686131978923747e7
0.37119999999999564	38656.66793613717	3.6867929133627445e7	1.3709682607200589e7
0.3718399999999956	38662.45363378583	3.6867864982826814e7	1.373323312208876e7
0.3724799999999956	38668.254661646424	3.6867800565158285e7	1.3756783457675273e7
0.37311999999999557	38674.07209133603	3.686773595851732e7	1.3780333643154437e7
0.37375999999999554	38679.90089833246	3.6867671256165124e7	1.3803883709842684e7
0.3743999999999955	38685.747752109746	3.6867606244330354e7	1.382743358167084e7
0.3750399999999955	38691.604820086395	3.68675412256459e7	1.3850983366614433e7
0.37567999999999546	38697.47883468003	3.686747596426046e7	1.3874532980239268e7
0.37631999999999544	38703.369390464926	3.686741051663136e7	1.389808244303999e7
0.3769599999999954	38709.27172954038	3.6867344903728455e7	1.3921631759567682e7
0.3775999999999954	38715.18812462957	3.6867279152393736e7	1.3945180941032475e7
0.37823999999999536	38721.11860603101	3.68672132520499e7	1.396872998315967e7
0.37887999999999533	38727.0724694435	3.686714703072693e7	1.3992278826253869e7
0.3795199999999953	38733.037816395634	3.686708071317401e7	1.4015827547567945e7
0.3801599999999953	38739.01815163882	3.686701416983651e7	1.4039376099815987e7
0.38079999999999525	38745.01289166282	3.6866947540772386e7	1.4062924535508467e7
0.3814399999999952	38751.02144361872	3.686688063613884e7	1.4086472781672789e7
0.3820799999999952	38757.044191777895	3.686681365023592e7	1.4110020912228948e7
0.3827199999999952	38763.08908943347	3.686674643761061e7	1.413356887623528e7
0.38335999999999515	38769.14378786802	3.686667897086552e7	1.4157116655096177e7
0.3839999999999951	38775.21494759459	3.686661144525829e7	1.4180664327386722e7
0.3846399999999951	38781.3029918647	3.686654368659239e7	1.420421182621979e7
0.38527999999999507	38787.40806657137	3.686647567806103e7	1.4227759144729855e7
0.38591999999999504	38793.525130479735	3.686640752060294e7	1.425130631826303e7
0.386559999999995	38799.65775362645	3.686633925154481e7	1.4274853363129364e7
0.387199999999995	38805.80756683962	3.686627074693357e7	1.4298400232089454e7
0.38783999999999497	38811.97642236677	3.686620204453955e7	1.432194694044075e7
0.38847999999999494	38818.16059500683	3.686613310149049e7	1.4345493468833897e7
0.3891199999999949	38824.3601828431	3.6866064025301546e7	1.4369039858673645e7
0.3897599999999949	38830.57246404023	3.686599476968125e7	1.4392586089971233e7
0.39039999999999486	38836.79919098961	3.6865925378494054e7	1.4416132180550717e7
0.39103999999999484	38843.049267478986	3.6865855665032595e7	1.443967806253608e7
0.3916799999999948	38849.30930491425	3.686578589386183e7	1.4463223830743976e7
0.3923199999999948	38855.589723164136	3.68657158796671e7	1.448676941867378e7
0.39295999999999476	38861.88856375637	3.686564563629294e7	1.4510314830071224e7
0.39359999999999473	38868.201004626884	3.6865575190100975e7	1.4533860071912756e7
0.3942399999999947	38874.52805070194	3.686550458296637e7	1.455740516090046e7
0.3948799999999947	38880.873672656744	3.6865433816026755e7	1.4580950099549247e7
0.39551999999999465	38887.23924586413	3.6865362719867125e7	1.460449482134099e7
0.3961599999999946	38893.61834859746	3.6865291533932365e7	1.4628039416586066e7
0.3967999999999946	38900.01222755419	3.6865220174314365e7	1.4651583852543402e7
0.3974399999999946	38906.42005031202	3.686514861100028e7	1.4675128116421266e7
0.39807999999999455	38912.85514299405	3.686507670619766e7	1.4698672160970634e7
0.3987199999999945	38919.303755527544	3.686500477754398e7	1.4722216103864256e7
0.3993599999999945	38925.76509736587	3.686493255115866e7	1.4745759835178602e7
0.39999999999999447	38932.244876822486	3.686486014684576e7	1.4769303405664193e7
0.40063999999999445	38938.739695524426	3.686478756599256e7	1.4792846813462963e7
0.4012799999999944	38945.258314658204	3.686471466929889e7	1.4816390007554203e7
0.4019199999999944	38951.79391399462	3.686464167115045e7	1.4839933069372665e7
0.40255999999999437	38958.34048750637	3.6864568511969514e7	1.4863475971119095e7
0.40319999999999434	38964.90639978632	3.686449507325871e7	1.4887018669677097e7
0.4038399999999943	38971.49735528612	3.686442139152075e7	1.491056118261486e7
0.4044799999999943	38978.0978869515	3.686434756331347e7	1.4934103539262459e7
0.40511999999999426	38984.7171876712	3.686427353060254e7	1.495764572127809e7
0.40575999999999424	38991.3552844995	3.68641992520159e7	1.498118771146202e7
0.4063999999999942	38998.016574246605	3.6864124704170376e7	1.50047295024131e7
0.4070399999999942	39004.69096409328	3.686405000248412e7	1.502827113456499e7
0.40767999999999416	39011.37856648725	3.686397515826755e7	1.5051812612274801e7
0.40831999999999413	39018.08764636591	3.68639000730966e7	1.507535389994519e7
0.4089599999999941	39024.818383634265	3.686382468655855e7	1.5098894972472232e7
0.4095999999999941	39031.57041073844	3.686374906756464e7	1.5122435857244758e7
0.41023999999999405	39038.335526509814	3.686367329498505e7	1.5145976581294563e7
0.41087999999999403	39045.11221322218	3.686359740999267e7	1.5169517160324624e7
0.411519999999994	39051.91430543839	3.686352117400996e7	1.5193057504058821e7
0.412159999999994	39058.739381106134	3.686344478190771e7	1.5216597690668648e7
0.41279999999999395	39065.575793981654	3.686336813969053e7	1.5240137674170256e7
0.4134399999999939	39072.43758424862	3.6863291220632784e7	1.526367745124761e7
0.4140799999999939	39079.311218186456	3.686321416080385e7	1.5287217069734393e7
0.41471999999999387	39086.204368274506	3.6863136918260895e7	1.5310756516433597e7
0.41535999999999385	39093.117722269744	3.686305934051282e7	1.5334295728020327e7
0.4159999999999938	39100.05687639152	3.6862981556497134e7	1.5357834760718394e7
0.4166399999999938	39107.008800236545	3.686290359894379e7	1.5381373620117418e7
0.41727999999999377	39113.97720342876	3.6862825354192264e7	1.54049122605931e7
0.41791999999999374	39120.96648176654	3.686274696543354e7	1.5428450743963461e7
0.4185599999999937	39127.98023553212	3.686266822593428e7	1.5451988985474968e7
0.4191999999999937	39135.0054860874	3.686258934425284e7	1.5475527064296877e7
0.41983999999999366	39142.058308594234	3.6862510192129925e7	1.5499064935611907e7
0.42047999999999364	39149.125864227666	3.686243085747699e7	1.5522602628372528e7
0.4211199999999936	39156.21233658624	3.686235122969904e7	1.5546140098048026e7
0.4217599999999936	39163.32094081071	3.6862271443116255e7	1.5569677402549291e7
0.42239999999999356	39170.44735133648	3.6862191426870614e7	1.5593214509100042e7
0.42303999999999353	39177.59653181967	3.686211107114048e7	1.561675137363003e7
0.4236799999999935	39184.765204594885	3.686203047224285e7	1.5640288034362324e7
0.4243199999999935	39191.95211055078	3.6861949755543284e7	1.5663824543262888e7
0.42495999999999345	39199.16517815173	3.686186866261654e7	1.5687360794809328e7
0.42559999999999343	39206.38565428908	3.68617875058321e7	1.5710896910401722e7
0.4262399999999934	39213.64154508922	3.686170591449455e7	1.5734432747966824e7
0.4268799999999934	39220.902749246095	3.6861624218437515e7	1.575796843015001e7
0.42751999999999335	39228.192136549726	3.686154224322271e7	1.578150389525666e7
0.4281599999999933	39235.50357161959	3.6861460039842e7	1.5805039161020901e7
0.4287999999999933	39242.83845543688	3.68613774661373e7	1.5828574166805172e7
0.42943999999999327	39250.186726564825	3.686129472710434e7	1.5852108994146151e7
0.43007999999999325	39257.55562850266	3.686121187550382e7	1.5875643669520233e7
0.4307199999999932	39264.95300833968	3.686112853570998e7	1.589917803534934e7
0.4313599999999932	39272.36553220608	3.6861045092569195e7	1.592271224906663e7
0.43199999999999317	39279.80328166537	3.686096136275951e7	1.5946246236975843e7
0.43263999999999314	39287.261831106545	3.686087739647636e7	1.5969780017683774e7
0.4332799999999931	39294.734191601565	3.686079316767878e7	1.5993313575452674e7
0.4339199999999931	39302.236473197874	3.686070868191598e7	1.6016846921279477e7
0.43455999999999306	39309.75957024059	3.686062395713106e7	1.6040380057262015e7
0.43519999999999304	39317.30145997641	3.686053885999419e7	1.606391292373381e7
0.435839999999993	39324.86014740405	3.686045372783654e7	1.608744566584078e7
0.436479999999993	39332.447353443524	3.686036814947919e7	1.611097811061703e7
0.43711999999999296	39340.05760812884	3.68602823811508e7	1.6134510366074841e7
0.43775999999999293	39347.68836763106	3.68601962984713e7	1.6158042375926355e7
0.4383999999999929	39355.33208147208	3.686011010307245e7	1.6181574223683655e7
0.4390399999999929	39363.01526313254	3.686002342948315e7	1.6205105763522029e7
0.43967999999999285	39370.70779841466	3.685993660551624e7	1.6228637121706724e7
0.44031999999999283	39378.42671845782	3.685984949083424e7	1.6252168245669657e7
0.4409599999999928	39386.163837973756	3.685976218771136e7	1.6275699175324917e7
0.4415999999999928	39393.930523819865	3.685967451421364e7	1.6299229836280977e7
0.44223999999999275	39401.715452544566	3.6859586596248336e7	1.632276027713541e7
0.4428799999999927	39409.522996534346	3.6859498411251776e7	1.6346290489826748e7
0.4435199999999927	39417.35518787322	3.685941004342642e7	1.6369820512275163e7
0.44415999999999267	39425.21106179181	3.6859321270402335e7	1.6393350244778218e7
0.44479999999999265	39433.08903327983	3.685923227407089e7	1.6416879766537737e7
0.4454399999999926	39440.98938664956	3.685914292928152e7	1.6440409021493148e7
0.4460799999999926	39448.915304385264	3.6859053399741866e7	1.6463938083721984e7
0.44671999999999257	39456.865730269	3.68589635275933e7	1.6487466881717449e7
0.44735999999999254	39464.829473487516	3.685887344905438e7	1.6510995469528923e7
0.4479999999999925	39472.824993237	3.6858783083780676e7	1.6534523820929734e7
0.4486399999999925	39480.84950591079	3.685869232597044e7	1.655805188630668e7
0.44927999999999246	39488.89042875968	3.685860136769639e7	1.6581579744215282e7
0.44991999999999244	39496.95470760313	3.685851006962798e7	1.6605107335372299e7
0.4505599999999924	39505.04037073914	3.6858418621892534e7	1.662863474366092e7
0.4511999999999924	39513.15343284689	3.68583267724074e7	1.6652161858313883e7
0.45183999999999236	39521.29582456048	3.685823464094165e7	1.6675688733681984e7
0.45247999999999233	39529.45989360191	3.6858142202407695e7	1.6699215353626097e7
0.4531199999999923	39537.6403584947	3.685804956027471e7	1.6722741761510648e7
0.4537599999999923	39545.8527591904	3.685795656649555e7	1.6746267898223918e7
0.45439999999999225	39554.08668355071	3.685786327983234e7	1.6769793784050075e7
0.45503999999999223	39562.351986610185	3.685776960852998e7	1.6793319382003818e7
0.4556799999999922	39570.638497986925	3.685767575932857e7	1.681684477995778e7
0.4563199999999922	39578.947628334936	3.685758161721488e7	1.684036992581378e7
0.45695999999999215	39587.282454108834	3.685748703863896e7	1.6863894755040046e7
0.4575999999999921	39595.641743075204	3.685739233944336e7	1.6887419410610437e7
0.4582399999999921	39604.03126455056	3.685729719613253e7	1.6910943747133363e7
0.45887999999999207	39612.44112381164	3.6857201824176826e7	1.6934467857218884e7
0.45951999999999205	39620.87700919014	3.685710616296554e7	1.6957991715611562e7
0.460159999999992	39629.34690672081	3.685701002550286e7	1.6981515239969227e7
0.460799999999992	39637.83044561456	3.685691378205631e7	1.7005038588947527e7
0.46143999999999197	39646.34690508995	3.685681709311573e7	1.7028561616036233e7
0.46207999999999194	39654.891597723574	3.685672013352683e7	1.7052084398588028e7
0.4627199999999919	39663.45192717236	3.685662290426436e7	1.7075606929712337e7
0.4633599999999919	39672.04639905002	3.685652533730312e7	1.709912918727206e7
0.46399999999999186	39680.66390427226	3.685642747433877e7	1.7122651183945578e7
0.46463999999999184	39689.315787810934	3.6856329183097064e7	1.714617286373408e7
0.4652799999999918	39697.98937137137	3.685623066157877e7	1.7169694311095726e7
0.4659199999999918	39706.68214317212	3.685613185949485e7	1.7193215500774562e7
0.46655999999999176	39715.412556982024	3.685603266999441e7	1.7216736392186683e7
0.46719999999999173	39724.1673495904	3.685593311391111e7	1.7240256987182826e7
0.4678399999999917	39732.94686116513	3.6855833276938826e7	1.7263777325284395e7
0.4684799999999917	39741.75757595089	3.685573312306124e7	1.728729739247819e7
0.46911999999999165	39750.59029190141	3.685563266876378e7	1.731081719094432e7
0.46975999999999163	39759.457760858706	3.68555317077924e7	1.733433662993537e7
0.4703999999999916	39768.34844369618	3.685543059074384e7	1.7357855867221374e7
0.4710399999999916	39777.26233595116	3.68553292012221e7	1.738137484762857e7
0.47167999999999155	39786.20623022006	3.685522739032586e7	1.740489350394414e7
0.4723199999999915	39795.18103290823	3.685512527020304e7	1.742841188874943e7
0.4729599999999915	39804.18813439179	3.685502269184293e7	1.7451929931648068e7
0.47359999999999147	39813.22024802482	3.6854919783757456e7	1.7475447688725777e7
0.47423999999999145	39822.282027181194	3.685481653484654e7	1.7498965156483915e7
0.4748799999999914	39831.368822273485	3.685471305994231e7	1.752248238630104e7
0.4755199999999914	39840.485882852656	3.68546091565949e7	1.754599928417953e7
0.47615999999999137	39849.63219569195	3.685450493807423e7	1.75695159026425e7
0.47679999999999134	39858.80790975509	3.685440034493888e7	1.7593032212764923e7
0.4774399999999913	39868.013699886644	3.685429541965364e7	1.7616548234398127e7
0.4780799999999913	39877.24176849074	3.685419012727421e7	1.7640063946070746e7
0.47871999999999126	39886.51439771834	3.685408438849795e7	1.7663579320686657e7
0.47935999999999124	39895.80376701668	3.685397844623607e7	1.7687094459260657e7
0.4799999999999912	39905.128304998856	3.6853872113475665e7	1.7710609281186596e7
0.4806399999999912	39914.476617014545	3.685376536897284e7	1.773412376951859e7
0.48127999999999116	39923.857120196284	3.685365826401167e7	1.77576379524686e7
0.48191999999999113	39933.273510460946	3.685355082425645e7	1.7781151843565643e7
0.4825599999999911	39942.712145786136	3.685344309168859e7	1.780466545529763e7
0.4831999999999911	39952.191202153925	3.685333478457782e7	1.7828178660320945e7
0.48383999999999106	39961.68874513385	3.6853226347899474e7	1.7851691661430042e7
0.48447999999999103	39971.22784450097	3.6853117310970604e7	1.7875204242197104e7
0.485119999999991	39980.79647271664	3.685300797143282e7	1.7898716539589033e7
0.485759999999991	39990.390129198444	3.6852898342412755e7	1.7922228557030126e7
0.48639999999999095	40000.01758643175	3.685278831441219e7	1.7945740245162148e7
0.4870399999999909	40009.67107791694	3.685267792116857e7	1.7969251615601737e7
0.4876799999999909	40019.36316702203	3.685256710974245e7	1.799276264821659e7
0.4883199999999909	40029.08515574882	3.685245593608503e7	1.8016273365001198e7
0.48895999999999085	40038.84131279435	3.685234428137133e7	1.8039783709283482e7
0.4895999999999908	40048.63467567472	3.685223225599098e7	1.806329373567131e7
0.4902399999999908	40058.4472633081	3.685211997967254e7	1.808680349291127e7
0.49087999999999077	40068.2968195023	3.6852007297894955e7	1.8110312913667083e7
0.49151999999999074	40078.184451870744	3.6851894026045725e7	1.8133821906911742e7
0.4921599999999907	40088.10407604728	3.685178049541457e7	1.8157330631396875e7
0.4927999999999907	40098.04209141212	3.6851666638972215e7	1.818083904663393e7
0.49343999999999066	40108.028661383214	3.6851552287642e7	1.8204347083812438e7
0.49407999999999064	40118.04055305773	3.685143753702979e7	1.8227854777371936e7
0.4947199999999906	40128.100780851964	3.685132229411046e7	1.825136209210453e7
0.4953599999999906	40138.1739744323	3.685120678439959e7	1.827486912083429e7
0.49599999999999056	40148.289782250766	3.685109081058105e7	1.829837578009811e7
0.49663999999999053	40158.44005031793	3.6850974461252555e7	1.832188210881985e7
0.4972799999999905	40168.62867718512	3.685085761877515e7	1.8345388049672753e7
0.4979199999999905	40178.840810617985	3.685074038360168e7	1.8368893644196793e7
0.49855999999999046	40189.106804380484	3.685062270711086e7	1.839239888257283e7
0.49919999999999043	40199.3795281862	3.685050480199935e7	1.841590384642544e7
0.4998399999999904	40209.694943109615	3.685038642060319e7	1.8439408429496694e7
0.5004799999999904	40220.058713773135	3.685026750543771e7	1.8462912604849815e7
0.5011199999999904	40230.4515566446	3.685014808556365e7	1.848641637630988e7
0.5017599999999903	40240.87773824861	3.68500283650068e7	1.850991984734976e7
0.5023999999999903	40251.34247916728	3.684990816774205e7	1.8533422931490883e7
0.5030399999999903	40261.83930817321	3.684978765107054e7	1.8556925703656755e7
0.5036799999999902	40272.371003727756	3.6849666556457415e7	1.858042803433268e7
0.5043199999999902	40282.9459173877	3.6849545016994126e7	1.8603929993602447e7
0.5049599999999902	40293.546988104456	3.684942320251019e7	1.8627431657840177e7
0.5055999999999902	40304.19019953763	3.684930073834537e7	1.8650932844941705e7
0.5062399999999901	40314.866047349184	3.68491780749847e7	1.867443377693943e7
0.5068799999999901	40325.58359739407	3.68490547943891e7	1.869793424596313e7
0.5075199999999901	40336.34078663563	3.684893102547893e7	1.8721434315161303e7
0.5081599999999901	40347.126955868	3.68488068697638e7	1.874493402986078e7
0.50879999999999	40357.95189656419	3.6848682242888965e7	1.876843335115313e7
0.50943999999999	40368.814375278285	3.684855726547428e7	1.8791932338902786e7
0.51007999999999	40379.715374201005	3.684843172312765e7	1.881543088348871e7
0.51071999999999	40390.660249718865	3.684830568733314e7	1.8838929022881392e7
0.5113599999999899	40401.638530746	3.684817917589332e7	1.8862426760036103e7
0.5119999999999899	40412.660862527286	3.684805217660959e7	1.888592409292465e7
0.5126399999999899	40423.70816689382	3.6847924978671595e7	1.890942115947805e7
0.5132799999999899	40434.80204994424	3.6847797038543805e7	1.893291769079714e7
0.5139199999999898	40445.93257530694	3.684766879929959e7	1.895641390824188e7
0.5145599999999898	40457.11579604649	3.684753982106521e7	1.8979909592618972e7
0.5151999999999898	40468.321254457034	3.6847410598535836e7	1.9003404982509445e7
0.5158399999999898	40479.5679102658	3.684728082253982e7	1.9026899927098e7
0.5164799999999897	40490.8599641321	3.684715053861421e7	1.9050394450792946e7
0.5171199999999897	40502.20038023372	3.684701966602549e7	1.907388851221433e7
0.5177599999999897	40513.56466247118	3.684688843694202e7	1.909738221853355e7
0.5183999999999896	40524.97426965641	3.6846756856341496e7	1.912087558193532e7
0.5190399999999896	40536.42471904733	3.684662467120543e7	1.9144368468174957e7
0.5196799999999896	40547.91701980436	3.684649182014774e7	1.9167860844596945e7
0.5203199999999896	40559.450311225395	3.684635856035329e7	1.9191352843247928e7
0.5209599999999895	40571.02648731675	3.684622486769273e7	1.9214844451601304e7
0.5215999999999895	40582.637539344825	3.684609074499687e7	1.9238335666388806e7
0.5222399999999895	40594.301371204034	3.684595588881394e7	1.9261826336796913e7
0.5228799999999895	40606.00944316999	3.684582049003965e7	1.9285316557057068e7
0.5235199999999894	40617.744752324455	3.684568481799592e7	1.9308806458936423e7
0.5241599999999894	40629.53199290588	3.684554841519014e7	1.933229581380918e7
0.5247999999999894	40641.36578284521	3.684541157259777e7	1.9355784770318925e7
0.5254399999999894	40653.23062150133	3.684527418411349e7	1.9379273264423937e7
0.5260799999999893	40665.15227263175	3.6845136239453785e7	1.94027613018165e7
0.5267199999999893	40677.108338968676	3.68449978915557e7	1.942624895127449e7
0.5273599999999893	40689.11134760064	3.6844858869134784e7	1.9449736074813858e7
0.5279999999999893	40701.15007383653	3.684471951599026e7	1.947322284727731e7
0.5286399999999892	40713.24165197172	3.684457942199382e7	1.9496709059227493e7
0.5292799999999892	40725.37969012042	3.684443879431657e7	1.952019481578321e7
0.5299199999999892	40737.55412525967	3.68442976882605e7	1.954368014040581e7
0.5305599999999892	40749.7784855134	3.684415600923014e7	1.956716498826898e7
0.5311999999999891	40762.04609897953	3.684401386577834e7	1.9590649412712257e7
0.5318399999999891	40774.368210378845	3.6843870913362056e7	1.9614133234783445e7
0.5324799999999891	40786.71987536734	3.684372760138338e7	1.963761668046035e7
0.533119999999989	40799.125044153196	3.6843583764145605e7	1.9661099671841517e7
0.533759999999989	40811.57301055887	3.6843439351960994e7	1.968458217630274e7
0.534399999999989	40824.07698342416	3.684329423360089e7	1.9708064128679395e7
0.535039999999989	40836.61864593866	3.6843148594619505e7	1.9731545618270427e7
0.5356799999999889	40849.20828709466	3.684300239603815e7	1.9755026627901174e7
0.5363199999999889	40861.84657037429	3.6842855638025224e7	1.9778507156803034e7
0.5369599999999889	40874.53752051921	3.684270823258273e7	1.980198715842072e7
0.5375999999999889	40887.27341857713	3.6842560222672544e7	1.98254666509371e7
0.5382399999999888	40900.056997622516	3.684241167459196e7	1.9848945670051187e7
0.5388799999999888	40912.88686566515	3.684226258814918e7	1.9872424213892914e7
0.5395199999999888	40925.7581414947	3.684211294145145e7	1.989590226728047e7
0.5401599999999888	40938.69557584271	3.684196249670308e7	1.9919379711992316e7
0.5407999999999887	40951.66898439006	3.684181157317442e7	1.9942856705169942e7
0.5414399999999887	40964.698803741856	3.684165996832943e7	1.9966333145535316e7
0.5420799999999887	40977.77916198682	3.6841507798524484e7	1.9989809092057593e7
0.5427199999999887	40990.905148879196	3.684135488788646e7	2.0013284445859797e7
0.5433599999999886	41004.08293127491	3.684120154556316e7	2.003675937622652e7
0.5439999999999886	41017.3062965207	3.684104757563646e7	2.006023377281703e7
0.5446399999999886	41030.58558542386	3.68408930153391e7	2.0083707659326043e7
0.5452799999999886	41043.91189121424	3.6840737699613735e7	2.0107180940460127e7
0.5459199999999885	41057.30232974323	3.68405816981021e7	2.0130653660469368e7
0.5465599999999885	41070.740455358624	3.684042504220061e7	2.015412582761682e7
0.5471999999999885	41084.22146082476	3.684026788314647e7	2.0177597521134786e7
0.5478399999999884	41097.756329022406	3.684011003484071e7	2.020106864298844e7
0.5484799999999884	41111.34137316611	3.683995165506172e7	2.022453927662464e7
0.5491199999999884	41124.989462018675	3.683979242879919e7	2.0248009253750417e7
0.5497599999999884	41138.69036398868	3.6839632614399694e7	2.027147871004143e7
0.5503999999999883	41152.44060831383	3.683947207919286e7	2.0294947569684822e7
0.5510399999999883	41166.24104796537	3.6839311005420566e7	2.0318415932007413e7
0.5516799999999883	41180.10255864798	3.683914917480976e7	2.0341883680337712e7
0.5523199999999883	41194.01896539708	3.683898665730763e7	2.0365350848974146e7
0.5529599999999882	41207.98861829141	3.6838823476424076e7	2.0388817448754944e7
0.5535999999999882	41222.005756093655	3.683865972406582e7	2.0412283526611924e7
0.5542399999999882	41236.09534492269	3.683849507211e7	2.043574891062676e7
0.5548799999999882	41250.22931861343	3.683832984500191e7	2.045921376646853e7
0.5555199999999881	41264.421504850965	3.683816388712016e7	2.0482678012643028e7
0.5561599999999881	41278.66645339379	3.683799734990242e7	2.050614172943997e7
0.5567999999999881	41292.97605824511	3.683782997219253e7	2.052960477550538e7
0.5574399999999881	41307.350110418	3.6837661786299735e7	2.0553067167019352e7
0.558079999999988	41321.76515405986	3.683749314510687e7	2.057652908887768e7
0.558719999999988	41336.244569178816	3.683732364574495e7	2.0599990325353663e7
0.559359999999988	41350.77975235046	3.6837153469963394e7	2.0623450972548354e7
0.559999999999988	41365.37707837086	3.683698249657272e7	2.0646910963994764e7
0.5606399999999879	41380.03335073622	3.6836810852813266e7	2.0670370367973763e7
0.5612799999999879	41394.75067636986	3.683663839139056e7	2.0693829101335984e7
0.5619199999999879	41409.53171580474	3.683646515234538e7	2.071728718605953e7
0.5625599999999878	41424.3671150735	3.683629128667065e7	2.074074470137981e7
0.5631999999999878	41439.262348052645	3.683611665271224e7	2.0764201568600714e7
0.5638399999999878	41454.225083075995	3.683594117183042e7	2.0787657745136652e7
0.5644799999999878	41469.243153930336	3.6835765001279384e7	2.0811113312700137e7
0.5651199999999877	41484.32660269735	3.6835588089578465e7	2.0834568245135114e7
0.5657599999999877	41499.46618659225	3.683541038549412e7	2.085802250789357e7
0.5663999999999877	41514.678039484694	3.6835231953819744e7	2.0881476143040974e7
0.5670399999999877	41529.938849876584	3.683505270187479e7	2.0904929086395074e7
0.5676799999999876	41545.27963844297	3.683487256214571e7	2.0928381311371714e7
0.5683199999999876	41560.67328147889	3.683469169636774e7	2.095183289632141e7
0.5689599999999876	41576.14018758797	3.68345100101364e7	2.097528379483321e7
0.5695999999999876	41591.6547656981	3.6834327652417086e7	2.099873407902747e7
0.5702399999999875	41607.253393602405	3.6834144274190426e7	2.102218356413232e7
0.5708799999999875	41622.918846372	3.683396014228302e7	2.1045632392961428e7
0.5715199999999875	41638.63262091011	3.683377531939399e7	2.1069080591845002e7
0.5721599999999875	41654.42598834637	3.683358947222468e7	2.1092527982042465e7
0.5727999999999874	41670.27827009722	3.6833402995994486e7	2.1115974778982162e7
0.5734399999999874	41686.19359391197	3.6833215721992075e7	2.113942088635809e7
0.5740799999999874	41702.1900993491	3.683302744551355e7	2.1162866192727067e7
0.5747199999999874	41718.24649502137	3.683283841145691e7	2.1186310827701453e7
0.5753599999999873	41734.38047506214	3.6832648326299965e7	2.1209754628344413e7
0.5759999999999873	41750.57309972775	3.6832457586852625e7	2.123319781302093e7
0.5766399999999873	41766.84038379411	3.6832265926131874e7	2.1256640233189102e7
0.5772799999999872	41783.17669196293	3.683207334193878e7	2.1280081883285176e7
0.5779199999999872	41799.57024917616	3.683188003621539e7	2.13035228731399e7
0.5785599999999872	41816.04757622974	3.683168583403989e7	2.1326963111232173e7
0.5791999999999872	41832.60014628082	3.6831490670526095e7	2.13504025545098e7
0.5798399999999871	41849.226095725986	3.683129443334752e7	2.1373841135068133e7
0.5804799999999871	41865.913508737925	3.683109761603839e7	2.1397279132192675e7
0.5811199999999871	41882.68800914771	3.683089955839915e7	2.142071617172971e7
0.5817599999999871	41899.51242885032	3.683070093482674e7	2.1444152627922572e7
0.582399999999987	41916.43847781404	3.68305010312317e7	2.14675881052972e7
0.583039999999987	41933.41277708872	3.683030053390828e7	2.1491022979080938e7
0.583679999999987	41950.48319101165	3.683009892352218e7	2.151445696484303e7
0.584319999999987	41967.613201107335	3.6829896366719514e7	2.1537890142456505e7
0.5849599999999869	41984.821852579495	3.682969304656765e7	2.1561322624981426e7
0.5855999999999869	42002.11699061131	3.68294884555113e7	2.1584754116827846e7
0.5862399999999869	42019.479807091135	3.682928321563833e7	2.1608184972300317e7
0.5868799999999869	42036.92307286144	3.682907683029876e7	2.1631614903825115e7
0.5875199999999868	42054.44085173874	3.6828869522238724e7	2.1655044037467733e7
0.5881599999999868	42072.04066527373	3.682866125807478e7	2.1678472354776364e7
0.5887999999999868	42089.71175696711	3.682845210962224e7	2.1701899891619552e7
0.5894399999999868	42107.46717126022	3.682824186676186e7	2.172532652766546e7
0.5900799999999867	42125.30934224719	3.682803055511231e7	2.174875227676576e7
0.5907199999999867	42143.22564264894	3.6827818263673306e7	2.177217718410763e7
0.5913599999999867	42161.231607295704	3.682760490824942e7	2.1795601204225894e7
0.5919999999999866	42179.3115857567	3.6827390504430525e7	2.181902433774937e7
0.5926399999999866	42197.46909181535	3.682717533575756e7	2.184244675199211e7
0.5932799999999866	42215.71500275022	3.6826958961361684e7	2.1865868188202087e7
0.5939199999999866	42234.03861190147	3.682674162947524e7	2.1889288786976963e7
0.5945599999999865	42252.44910507246	3.682652316386044e7	2.191270844526953e7
0.5951999999999865	42270.94887825665	3.6826303590893894e7	2.193612717740547e7
0.5958399999999865	42289.52934204603	3.6826083068547666e7	2.1959545071741827e7
0.5964799999999865	42308.19863336903	3.682586138641739e7	2.198296200408228e7
0.5971199999999864	42326.956743116054	3.682563857402477e7	2.2006377989653837e7
0.5977599999999864	42345.79690442544	3.6825414785382144e7	2.2029793115456365e7
0.5983999999999864	42364.711327763085	3.682519003330355e7	2.205320738399757e7
0.5990399999999864	42383.7443962498	3.682496387870026e7	2.207662054804922e7
0.5996799999999863	42402.8512987073	3.682473669921686e7	2.210003281321776e7
0.6003199999999863	42422.03500297622	3.682450850143723e7	2.2123444182532288e7
0.6009599999999863	42441.32962026844	3.682427889970623e7	2.2146854435738623e7
0.6015999999999863	42460.705685604444	3.682404832584761e7	2.217026381797456e7
0.6022399999999862	42480.18126820756	3.68238166137596e7	2.2193672234371316e7
0.6028799999999862	42499.73090758551	3.682358389909271e7	2.2217079754222527e7
0.6035199999999862	42519.38245743488	3.682334996013237e7	2.2240486252695303e7
0.6041599999999862	42539.13652008817	3.68231146506327e7	2.2263891639125858e7
0.6047999999999861	42558.97911207431	3.6822878284503125e7	2.2287296095012072e7
0.6054399999999861	42578.90992787399	3.682264077117196e7	2.231069956319898e7
0.6060799999999861	42598.93308292914	3.68224020141924e7	2.2334101984481245e7
0.606719999999986	42619.075244625084	3.682216185668957e7	2.235750327160239e7
0.607359999999986	42639.2921214652	3.682192070704053e7	2.2380903652286198e7
0.607999999999986	42659.608728066465	3.682167844608336e7	2.240430306183957e7
0.608639999999986	42680.03722219475	3.682143476926454e7	2.2427701317331932e7
0.6092799999999859	42700.55609018265	3.6821189736496456e7	2.2451098443927597e7
0.6099199999999859	42721.17146257998	3.682094377378911e7	2.2474494701073058e7
0.6105599999999859	42741.8902755354	3.682069627336882e7	2.2497889718416456e7
0.6111999999999859	42762.72395715854	3.682044746054848e7	2.2521283634961255e7
0.6118399999999858	42783.646531614766	3.6820197449649185e7	2.254467650783055e7
0.6124799999999858	42804.68186904718	3.681994607271835e7	2.2568068240935907e7
0.6131199999999858	42825.796192088375	3.681969364858414e7	2.2591459013850182e7
0.6137599999999858	42847.02104666653	3.681943989899724e7	2.2614848665817086e7
0.6143999999999857	42868.339072629984	3.681918493372668e7	2.2638237254827555e7
0.6150399999999857	42889.773827004836	3.6818928451352745e7	2.266162460205191e7
0.6156799999999857	42911.310567703375	3.6818670647658765e7	2.26850108192274e7
0.6163199999999857	42932.94934497508	3.681841153095412e7	2.27083959087618e7
0.6169599999999856	42954.69145565663	3.681815124170554e7	2.2731779955097295e7
0.6175999999999856	42976.533535445014	3.6817889643878564e7	2.275516287048283e7
0.6182399999999856	42998.49234780854	3.68176267544811e7	2.2778544669128563e7
0.6188799999999856	43020.57433307067	3.681736182054695e7	2.2801924884789385e7
0.6195199999999855	43042.75502354365	3.681709603712587e7	2.2825304244351048e7
0.6201599999999855	43065.05003630932	3.6816828683736734e7	2.2848682305111434e7
0.6207999999999855	43087.449392782044	3.6816559998030394e7	2.2872059207586475e7
0.6214399999999854	43109.97439503812	3.68162897939829e7	2.2895434841479182e7
0.6220799999999854	43132.614342776425	3.681601802666694e7	2.2918809171640858e7
0.6227199999999854	43155.3576987062	3.6815745082486495e7	2.2942182431118023e7
0.6233599999999854	43178.21606088967	3.681547060971067e7	2.2965554402565878e7
0.6239999999999853	43201.21622967518	3.681519426217917e7	2.2988924876901623e7
0.6246399999999853	43224.30740437775	3.681491682966254e7	2.3012294324507177e7
0.6252799999999853	43247.53685188842	3.6814637644603215e7	2.3035662343426097e7
0.6259199999999853	43270.872089653036	3.6814357203833096e7	2.3059029228853967e7
0.6265599999999852	43294.31559209484	3.681407525895198e7	2.308239482346312e7
0.6271999999999852	43317.90408226851	3.681379156883901e7	2.3105758986617155e7
0.6278399999999852	43341.61836293218	3.681350631895747e7	2.312912182398366e7
0.6284799999999852	43365.437807915085	3.6813219423912644e7	2.315248327099447e7
0.6291199999999851	43389.39869382481	3.681293107395395e7	2.3175843457432926e7
0.6297599999999851	43413.48694997242	3.681264098348036e7	2.3199202195164397e7
0.6303999999999851	43437.70377100363	3.681234936508613e7	2.322255961506351e7
0.6310399999999851	43462.0254233577	3.681205617636605e7	2.3245915678433686e7
0.631679999999985	43486.50398563567	3.6811761357038334e7	2.3269270363161415e7
0.632319999999985	43511.07344176073	3.6811465128884375e7	2.3292623781778682e7
0.632959999999985	43535.81506311238	3.681116676831765e7	2.331597550323455e7
0.633599999999985	43560.6643642019	3.681086709601694e7	2.3339326019458827e7
0.6342399999999849	43585.6557649335	3.68105655089763e7	2.336267495786516e7
0.6348799999999849	43610.78214585531	3.681026224208878e7	2.3386022461033866e7
0.6355199999999849	43636.05783886272	3.6809957164168164e7	2.3409368447332706e7
0.6361599999999848	43661.43866605804	3.680965064843967e7	2.343271313435508e7
0.6367999999999848	43686.96888012626	3.680934211148089e7	2.3456056163687736e7
0.6374399999999848	43712.65466869184	3.680903185991247e7	2.3479397728858728e7
0.6380799999999848	43738.45864031446	3.680871992483482e7	2.3502737832589146e7
0.6387199999999847	43764.415459479365	3.680840634076806e7	2.3526076505992014e7
0.6393599999999847	43790.518458731836	3.6808090545769416e7	2.354941338391953e7
0.6399999999999847	43816.76787010135	3.6807773066907145e7	2.3572748799253248e7
0.6406399999999847	43843.148929483104	3.680745373390093e7	2.3596082634085026e7
0.6412799999999846	43869.67499008674	3.680713277318451e7	2.3619415034599643e7
0.6419199999999846	43896.35540224351	3.6806809778794885e7	2.364274574014588e7
0.6425599999999846	43923.19473150873	3.6806484651587084e7	2.3666074684448063e7
0.6431999999999846	43950.14161453222	3.680615827306613e7	2.3689402411763635e7
0.6438399999999845	43977.29348709652	3.680582909867829e7	2.3712727959740825e7
0.6444799999999845	44004.54892059866	3.6805498933982074e7	2.3736052450204447e7
0.6451199999999845	44031.98291434031	3.680516627879455e7	2.375937493987201e7
0.6457599999999845	44059.55752934318	3.680483182177764e7	2.3782695854889754e7
0.6463999999999844	44087.32963215288	3.680449497948445e7	2.38060148344961e7
0.6470399999999844	44115.206178869514	3.680415677795928e7	2.3829332504783094e7
0.6476799999999844	44143.26739748563	3.680381612039422e7	2.385264818082584e7
0.6483199999999844	44171.46267111347	3.680347393618385e7	2.3875962442298315e7
0.6489599999999843	44199.87710428246	3.680312857984439e7	2.389927424803393e7
0.6495999999999843	44228.397510262424	3.680278208459227e7	2.392258487263816e7
0.6502399999999843	44257.07400444749	3.68024336139356e7	2.39458937873287e7
0.6508799999999842	44285.938754477764	3.680208284285202e7	2.3969200787692904e7
0.6515199999999842	44314.99015254748	3.6801729518067524e7	2.3992505703379136e7
0.6521599999999842	44344.21868318621	3.680137400334033e7	2.401580876304461e7
0.6527999999999842	44373.55609663241	3.680101705340784e7	2.4039110431140807e7
0.6534399999999841	44403.12074361719	3.6800657356910445e7	2.4062409888823885e7
0.6540799999999841	44432.85718910843	3.68002953709471e7	2.4085707410187352e7
0.6547199999999841	44462.73459713991	3.67999316835687e7	2.4109003364867214e7
0.6553599999999841	44492.80930594505	3.6799565368669674e7	2.4132297161809973e7
0.655999999999984	44523.05619855114	3.679919670194001e7	2.4155588967804357e7
0.656639999999984	44553.472546257006	3.6798825986338e7	2.4178878976001877e7
0.657279999999984	44584.07132812222	3.679845313206206e7	2.420216712756674e7
0.657919999999984	44614.87570600721	3.679807724540029e7	2.422545283797468e7
0.6585599999999839	44645.83175730719	3.6797699821807705e7	2.424873706744431e7
0.6591999999999839	44676.9918584029	3.6797319718610846e7	2.4272019077333022e7
0.6598399999999839	44708.31656857662	3.679693721882653e7	2.4295299035433874e7
0.6604799999999839	44739.83126818743	3.6796552260794304e7	2.4318576904721007e7
0.6611199999999838	44771.57605578117	3.679616476614977e7	2.4341852641890123e7
0.6617599999999838	44803.45201396688	3.6795775316401124e7	2.436512659299022e7
0.6623999999999838	44835.56952962317	3.679538304895623e7	2.438839821990121e7
0.6630399999999838	44867.89026257232	3.679498807687088e7	2.441166757879075e7
0.6636799999999837	44900.36836584614	3.6794590656759374e7	2.4434934818966262e7
0.6643199999999837	44933.0695505252	3.679419088494538e7	2.4458200021473035e7
0.6649599999999837	44965.95124071039	3.67937889708527e7	2.44814633063613e7
0.6655999999999836	44999.035546619954	3.679338392320627e7	2.4504724016772285e7
0.6662399999999836	45032.35932129736	3.6792975981359445e7	2.452798231806739e7
0.6668799999999836	45065.86480770656	3.679256551300273e7	2.4551238430195402e7
0.6675199999999836	45099.59277992651	3.6792152542815715e7	2.457449237798721e7
0.6681599999999835	45133.47866317416	3.679173709745041e7	2.4597744152591452e7
0.6687999999999835	45167.63790424123	3.679131882069265e7	2.4620993548952524e7
0.6694399999999835	45201.996579720355	3.679089785885028e7	2.4644240634617515e7
0.6700799999999835	45236.54798634343	3.679047387252082e7	2.46674851744098e7
0.6707199999999834	45271.345706981396	3.679004725015787e7	2.4690727440339673e7
0.6713599999999834	45306.3159119325	3.678961822541552e7	2.4713967559475653e7
0.6719999999999834	45341.53894579208	3.678918608553525e7	2.47372050742533e7
0.6726399999999834	45376.970355268066	3.678875062692431e7	2.476043982670926e7
0.6732799999999833	45412.68046159852	3.678831211644677e7	2.4783672012721084e7
0.6739199999999833	45448.559401192426	3.6787872386177085e7	2.480690282474139e7
0.6745599999999833	45484.66402340308	3.67874282433327e7	2.483013012488167e7
0.6751999999999833	45521.02872075131	3.678698136541528e7	2.4853355048056282e7
0.6758399999999832	45557.61977516672	3.678653150967838e7	2.487657741352674e7
0.6764799999999832	45594.41034098187	3.6786078729590744e7	2.4899797242626447e7
0.6771199999999832	45631.472718885496	3.678562295283912e7	2.4923014503737282e7
0.6777599999999832	45668.74113583055	3.67851646215859e7	2.494622946906905e7
0.6783999999999831	45706.241174251125	3.678470301169521e7	2.4969441650295053e7
0.6790399999999831	45743.97185795883	3.678423827117936e7	2.4992651140868545e7
0.6796799999999831	45781.927853238325	3.678377098423054e7	2.501585832969114e7
0.680319999999983	45820.15325532744	3.678329987300219e7	2.5039062356192887e7
0.680959999999983	45858.65934535937	3.6782826126914755e7	2.506226402606079e7
0.681599999999983	45897.31847327085	3.6782349062117845e7	2.5085462826940786e7
0.682239999999983	45936.254751812885	3.678186928977077e7	2.510865920856252e7
0.682879999999983	45975.43144188564	3.678138601447421e7	2.5131852610382374e7
0.6835199999999829	46014.92468024657	3.678089873732333e7	2.515504270829742e7
0.6841599999999829	46054.65504073895	3.678040871915126e7	2.5178230331541963e7
0.6847999999999829	46094.57881741322	3.677991554516872e7	2.520141517657416e7
0.6854399999999828	46134.825871993016	3.677941881804769e7	2.5224597005468268e7
0.6860799999999828	46175.29888438721	3.677891906841187e7	2.5247776144281175e7
0.6867199999999828	46216.05643080584	3.677841480879805e7	2.527095158365581e7
0.6873599999999828	46257.02838744651	3.677790864646928e7	2.529412508459154e7
0.6879999999999827	46298.31923400432	3.677739875981637e7	2.531729542235404e7
0.6886399999999827	46339.78165601401	3.677688571602056e7	2.5340462933896184e7
0.6892799999999827	46381.687174642924	3.677636819899697e7	2.53636267900429e7
0.6899199999999827	46423.76208491321	3.677584716389669e7	2.5386787555462256e7
0.6905599999999826	46466.11001275779	3.677532351412948e7	2.5409945878998965e7
0.6911999999999826	46508.782312734074	3.677479502116126e7	2.5433100230604198e7
0.6918399999999826	46551.611178514395	3.677426459609818e7	2.5456252562664695e7
0.6924799999999826	46594.79311349314	3.6773729320055574e7	2.5479400910329707e7
0.6931199999999825	46638.30009774765	3.6773190703783646e7	2.550254630213988e7
0.6937599999999825	46681.94944510303	3.6772649629670575e7	2.5525689287277684e7
0.6943999999999825	46726.00915695202	3.677210383148577e7	2.554882836898144e7
0.6950399999999824	46770.31483480737	3.6771554048711956e7	2.5571964001228135e7
0.6956799999999824	46814.85717802875	3.677100097752737e7	2.559509665738201e7
0.6963199999999824	46859.77039856675	3.6770444586035684e7	2.5618226349222355e7
0.6969599999999824	46904.92116382309	3.6769884197368674e7	2.564135255750691e7
0.6975999999999823	46950.33266854941	3.676932035115629e7	2.566447565756495e7
0.6982399999999823	46996.09127899783	3.676875227583228e7	2.5687595129580833e7
0.6988799999999823	47042.14289267671	3.6768180195749335e7	2.5710711105272487e7
0.6995199999999823	47088.470670357085	3.6767604406457596e7	2.5733823778071597e7
0.7001599999999822	47135.09587353931	3.676702508999505e7	2.5756933274157006e7
0.7007999999999822	47181.9987523758	3.6766442402531646e7	2.5780039689720236e7
0.7014399999999822	47229.24699209415	3.676585385216394e7	2.580314129004318e7
0.7020799999999822	47276.74318600906	3.676526317402703e7	2.582624065655022e7
0.7027199999999821	47324.42166054771	3.676467178751454e7	2.5849338762592807e7
0.7033599999999821	47372.54196758534	3.676407202862639e7	2.5872430292903267e7
0.7039999999999821	47420.8740775252	3.676346997218706e7	2.589551943914598e7
0.7046399999999821	47469.71441381101	3.676286183860108e7	2.5918603620800473e7
0.705279999999982	47518.651389820974	3.676225300957862e7	2.594168649953256e7
0.705919999999982	47567.857248850116	3.676163969360748e7	2.5964765447970476e7
0.706559999999982	47617.553696925854	3.676101973182874e7	2.5987838996677082e7
0.707199999999982	47667.367737187684	3.676039896974987e7	2.6010911156679895e7
0.7078399999999819	47717.61443317194	3.675977268159795e7	2.6033978673174422e7
0.7084799999999819	47768.064539426836	3.675914260827771e7	2.605704270128646e7
0.7091199999999819	47818.912415754254	3.675850871115851e7	2.608010326249955e7
0.7097599999999818	47870.064277685386	3.67578704596324e7	2.610315994488398e7
0.7103999999999818	47921.36897734622	3.675722889546373e7	2.6126213435792603e7
0.7110399999999818	47973.17225412952	3.675658214239135e7	2.614926249437983e7
0.7116799999999818	48025.10234801193	3.675593373333893e7	2.6172309516850956e7
0.7123199999999817	48077.45828448159	3.675527941428164e7	2.6195351555579707e7
0.7129599999999817	48130.16358523513	3.675461994919158e7	2.6218389121130463e7
0.7135999999999817	48182.93900548986	3.675396113616304e7	2.6241426260496445e7
0.7142399999999817	48236.27711089681	3.6753294262050904e7	2.6264456892273776e7
0.7148799999999816	48289.80019428292	3.675262461993002e7	2.6287484676126294e7
0.7155199999999816	48343.60566925774	3.675195217188589e7	2.631050960696791e7
0.7161599999999816	48397.85877953191	3.6751271530210115e7	2.633352786731058e7
0.7167999999999816	48452.26373828377	3.675059046087258e7	2.6356544923443474e7
0.7174399999999815	48507.13681290385	3.674990359026034e7	2.6379557008373555e7
0.7180799999999815	48562.09641696808	3.674921477542186e7	2.640256677215612e7
0.7187199999999815	48617.72984981366	3.6748517043853454e7	2.6425569364809833e7
0.7193599999999815	48673.50376157594	3.674781794106736e7	2.6448570046181187e7
0.7199999999999814	48729.500878014354	3.6747117011120304e7	2.6471568508251783e7
0.7206399999999814	48785.87840121948	3.6746408992447495e7	2.6494560999306843e7
0.7212799999999814	48842.60485900888	3.67456957581478e7	2.6517548847262464e7
0.7219199999999814	48899.64978770622	3.6744980963044144e7	2.6540534671453107e7
0.7225599999999813	48957.030147774974	3.674425944164608e7	2.6563514740599304e7
0.7231999999999813	49014.7833675274	3.6743534372616075e7	2.658649135031139e7
0.7238399999999813	49072.96141436898	3.674280431986531e7	2.660946346791481e7
0.7244799999999813	49131.31464173113	3.674206951897848e7	2.663243118491893e7
0.7251199999999812	49189.98962571036	3.674133316152855e7	2.6655396846435208e7
0.7257599999999812	49249.29069731666	3.674058856715634e7	2.6678355683979526e7
0.7263999999999812	49308.65093220339	3.673983970036845e7	2.6701310405242e7
0.7270399999999811	49368.51222740246	3.673908781035135e7	2.6724262030734744e7
0.7276799999999811	49428.67191921105	3.673832965448699e7	2.674720813891344e7
0.7283199999999811	49489.3415362081	3.673756563730176e7	2.6770149069267478e7
0.7289599999999811	49550.397722422844	3.6736797296127416e7	2.679308589678303e7
0.729599999999981	49611.66334384639	3.673602507246291e7	2.681601888663642e7
0.730239999999981	49673.3878299241	3.673524803630664e7	2.683894741913287e7
0.730879999999981	49735.61624799195	3.673446260393245e7	2.686186887700611e7
0.731519999999981	49798.0774412308	3.673367499517327e7	2.6884787720299874e7
0.7321599999999809	49861.24370227024	3.6732878659892395e7	2.690769927513933e7
0.7327999999999809	49924.78136758394	3.6732076459738374e7	2.6930605531276997e7
0.7334399999999809	49988.479499506655	3.673127227006295e7	2.6953509262849662e7
0.7340799999999809	50052.99186646159	3.673045856830006e7	2.6976405117414135e7
0.7347199999999808	50117.84917548147	3.672964070517797e7	2.6999296881936926e7
0.7353599999999808	50182.94631184817	3.672881815470955e7	2.7022184133158475e7
0.7359999999999808	50248.844397042994	3.672798501103134e7	2.7045062663039178e7
0.7366399999999808	50314.97821474831	3.672715011395173e7	2.706793881260333e7
0.7372799999999807	50381.651730827856	3.67263070240505e7	2.7090807910233967e7
0.7379199999999807	50448.81715173633	3.672545650917955e7	2.7113670493252188e7
0.7385599999999807	50516.68133187561	3.6724598292552896e7	2.7136526396114565e7
0.7391999999999807	50585.039772348624	3.672373341729598e7	2.7159376320437107e7
0.7398399999999806	50653.8479046745	3.6722863121366434e7	2.718222115678191e7
0.7404799999999806	50723.116296970904	3.672198651183978e7	2.7205060235427797e7
0.7411199999999806	50793.005325350634	3.672110141256187e7	2.722789197209577e7
0.7417599999999805	50863.92037244559	3.672020216215613e7	2.72507122545972e7
0.7423999999999805	50935.027901496025	3.6719304416572966e7	2.727353246205048e7
0.7430399999999805	51006.776688815815	3.671839279287842e7	2.7296341282157622e7
0.7436799999999805	51079.17697698016	3.671747524068429e7	2.731914460163412e7
0.7443199999999804	51152.229873349184	3.671654730009583e7	2.7341939088540625e7
0.7449599999999804	51225.97092497552	3.6715614341524564e7	2.7364728731486127e7
0.7455999999999804	51300.33613881461	3.671467176349507e7	2.7387510072374925e7
0.7462399999999804	51375.513693473666	3.6713717486923836e7	2.7410281587796178e7
0.7468799999999803	51451.259182923124	3.671275590681628e7	2.7433046474406604e7
0.7475199999999803	51527.80360722717	3.6711784412166506e7	2.7455802823636737e7
0.7481599999999803	51604.95151239884	3.6710805225009926e7	2.7478552228131585e7
0.7487999999999803	51682.80115304383	3.67098177698194e7	2.750129426568969e7
0.7494399999999802	51761.606294937395	3.670881539851715e7	2.752402400033723e7
0.7500799999999802	51841.233713486145	3.67078056081735e7	2.7546746991707727e7
0.7507199999999802	51921.544360946886	3.6706784317493334e7	2.756946012540617e7
0.7513599999999802	52002.895260862344	3.6705751895680234e7	2.7592163744215235e7
0.7519999999999801	52084.97569951068	3.67047094212016e7	2.7614858558716357e7
0.7526399999999801	52167.638844085945	3.670365896342423e7	2.7637546069375355e7
0.7532799999999801	52251.65378679311	3.670259143611462e7	2.7660219605017964e7
0.75391999999998	52336.355857318835	3.6701513267140605e7	2.768288381281128e7
0.75455999999998	52421.84677491619	3.670042803848882e7	2.7705541398793828e7
0.75519999999998	52508.32088388994	3.669932608068054e7	2.7728185093081586e7
0.75583999999998	52595.83706180916	3.6698214267644554e7	2.775082007163274e7
0.75647999999998	52684.56136554239	3.66970849858927e7	2.777344059451111e7
0.7571199999999799	52774.06645029267	3.6695947020551704e7	2.779605317345882e7
0.7577599999999799	52864.53539908301	3.669479678249384e7	2.7818655114956867e7
0.7583999999999799	52956.21026878557	3.66936280083509e7	2.7841241701933526e7
0.7590399999999798	53048.9696730813	3.669244965038159e7	2.7863819662357327e7
0.7596799999999798	53142.86869634626	3.6691255142323315e7	2.7886384000724543e7
0.7603199999999798	53237.85521662982	3.669004618859223e7	2.7908935967248026e7
0.7609599999999798	53333.8339564456	3.668882444055521e7	2.7931476765953097e7
0.7615999999999797	53431.161524988485	3.66875857452598e7	2.7954003292496677e7
0.7622399999999797	53529.621067488115	3.668633119133765e7	2.7976516289989475e7
0.7628799999999797	53629.52782752645	3.668506047864003e7	2.7999015571582623e7
0.7635199999999797	53730.63974655542	3.6683775031079e7	2.802150213341596e7
0.7641599999999796	53833.05647770497	3.668247164258444e7	2.8043973518436283e7
0.7647999999999796	53936.706347356	3.668115182073772e7	2.806643082583236e7
0.7654399999999796	54041.73882510501	3.667981465704972e7	2.8088873361350212e7
0.7660799999999796	54148.138707382124	3.667845959989256e7	2.811130066289137e7
0.7667199999999795	54256.16691142509	3.667708680950637e7	2.8133712877201073e7
0.7673599999999795	54365.62303698506	3.667569324945011e7	2.8156107590440612e7
0.7679999999999795	54476.48233099824	3.6674282284461126e7	2.8178487338366184e7
0.7686399999999795	54588.479837759296	3.6672857891705e7	2.8200855080574643e7
0.7692799999999794	54701.95983887705	3.667141312564222e7	2.8223205525467318e7
0.7699199999999794	54816.97877228337	3.666994984029604e7	2.8245540071515895e7
0.7705599999999794	54933.11545384578	3.6668472207096346e7	2.8267861797909137e7
0.7711999999999793	55050.64763519761	3.666697664002927e7	2.8290167972968746e7
0.7718399999999793	55169.50064588338	3.666546342174771e7	2.831245876070836e7
0.7724799999999793	55290.00503081027	3.666392992989884e7	2.8334732174192112e7
0.7731199999999793	55411.67629639041	3.6662381324189916e7	2.8356992050475076e7
0.7737599999999792	55535.25210503553	3.666080837222877e7	2.8379231381531216e7
0.7743999999999792	55660.201921367545	3.665921843795071e7	2.840145569990173e7
0.7750399999999792	55786.6185715739	3.665761150265272e7	2.842366497672906e7
0.7756799999999792	55914.889763811974	3.665597669369718e7	2.844585082983808e7
0.7763199999999791	56044.875324826535	3.6654322671890326e7	2.8468019894353792e7
0.7769599999999791	56176.72954596082	3.665264621186622e7	2.8490169658528745e7
0.7775999999999791	56310.001022963384	3.665095024045939e7	2.8512302251207963e7
0.7782399999999791	56445.22875991051	3.6649230263913184e7	2.853441425451683e7
0.778879999999979	56581.6711887052	3.664749402996468e7	2.855651148919137e7
0.779519999999979	56720.0652487621	3.664573125557055e7	2.857858606832764e7
0.780159999999979	56859.91503855641	3.664395178425967e7	2.860064550772933e7
0.780799999999979	57001.60097122906	3.6642147661818765e7	2.8622683645280216e7
0.7814399999999789	57144.84609443468	3.6640325856693e7	2.8644705815015804e7
0.7820799999999789	57289.6879744197	3.663848198873099e7	2.8666708562549345e7
0.7827199999999789	57436.71243267539	3.663661276407575e7	2.868868939157397e7
0.7833599999999789	57585.15371921168	3.663472250434851e7	2.8710651468707405e7
0.7839999999999788	57735.30623567079	3.663281266840419e7	2.8732595958175015e7
0.7846399999999788	57887.759613179514	3.663087360323887e7	2.875451537195487e7
0.7852799999999788	58041.849929538155	3.662891206689711e7	2.8776414813909054e7
0.7859199999999787	58197.869806611314	3.662692875762438e7	2.8798294849159576e7
0.7865599999999787	58355.951119949736	3.662491835820535e7	2.8820151278036263e7
0.7871999999999787	58516.13879954246	3.6622878216302134e7	2.8841981966208804e7
0.7878399999999787	58677.91500816922	3.6620823447951086e7	2.886379865168114e7
0.7884799999999786	58842.06769139552	3.6618735217688955e7	2.8885586618600693e7
0.7891199999999786	59008.54401882714	3.661661888972573e7	2.8907350020022277e7
0.7897599999999786	59176.626300033226	3.6614481516286284e7	2.892909421621479e7
0.7903999999999786	59347.20037255859	3.66123110780466e7	2.8950809849285334e7
0.7910399999999785	59519.90865594509	3.661012140635772e7	2.8972507717397172e7
0.7916799999999785	59694.794139407015	3.6607898068880185e7	2.89941763626854e7
0.7923199999999785	59872.44301302821	3.6605642399146296e7	2.9015816894655753e7
0.7929599999999785	60052.184200409145	3.6603362071535975e7	2.903743519246123e7
0.7935999999999784	60235.03992065105	3.660104108846032e7	2.9059018720040943e7
0.7942399999999784	60419.9586101736	3.6598698030831635e7	2.9080581934690557e7
0.7948799999999784	60607.68527893541	3.6596318335155815e7	2.9102113366652276e7
0.7955199999999784	60797.77633236854	3.659390781295467e7	2.912361747266535e7
0.7961599999999783	60991.40746578968	3.659145705684939e7	2.9145086938878246e7
0.7967999999999783	61187.989712172784	3.658896810708976e7	2.916652318723784e7
0.7974399999999783	61386.37740570948	3.658645836721537e7	2.9187939784958735e7
0.7980799999999783	61588.32754802477	3.658390275349213e7	2.9209317024604704e7
0.7987199999999782	61792.436062496214	3.658132246466243e7	2.9230671460505042e7
0.7993599999999782	61999.3874493768	3.657870664201092e7	2.9251994498454895e7
0.7999999999999782	62209.27694555698	3.6576055054207124e7	2.9273285898754016e7
0.8006399999999781	62422.34191598641	3.657336582663758e7	2.9294544133522686e7
0.8012799999999781	62638.61337190816	3.657063635311711e7	2.9315767042274144e7
0.8019199999999781	62858.18133638217	3.656786919888302e7	2.933695661652658e7
0.8025599999999781	63081.562567609144	3.6565051656366274e7	2.9358102681045868e7
0.803199999999978	63307.80482852279	3.656220445153489e7	2.9379221591462273e7
0.803839999999978	63537.69811065884	3.6559312863916405e7	2.940030160739115e7
0.804479999999978	63772.116447190005	3.655636618170995e7	2.9421334190068975e7
0.805119999999978	64010.373658180644	3.65533710450758e7	2.9442324437429126e7
0.8057599999999779	64253.85019234213	3.655031798485823e7	2.9463264887339924e7
0.8063999999999779	64501.72751614311	3.654720943911541e7	2.948415722614899e7
0.8070399999999779	64754.10941858283	3.654404696958065e7	2.950500261928297e7
0.8076799999999779	65011.66926355413	3.6540822169297576e7	2.9525794293930225e7
0.8083199999999778	65275.18242456958	3.6537532968284965e7	2.9546530595890436e7
0.8089599999999778	65543.5936750173	3.653418260123931e7	2.956721380523342e7
0.8095999999999778	65817.8676870556	3.6530767648638315e7	2.9587841210344385e7
0.8102399999999778	66098.01312191114	3.65272816395595e7	2.9608407434605893e7
0.8108799999999777	66384.64399891875	3.6523725579592824e7	2.962891326185249e7
0.8115199999999777	66677.20723507175	3.65200960967899e7	2.964935570448579e7
0.8121599999999777	66977.94826345457	3.651637412962694e7	2.9669719550918806e7
0.8127999999999777	67285.92068221446	3.65125662287917e7	2.9690009755112786e7
0.8134399999999776	67602.6514795658	3.650866035200673e7	2.9710216627395567e7
0.8140799999999776	67927.403715149	3.650465762430958e7	2.9730340741695844e7
0.8147199999999776	68260.69592698703	3.6500568524147704e7	2.9750390529734153e7
0.8153599999999775	68603.03102255052	3.649637074198256e7	2.9770347711830083e7
0.8159999999999775	68955.27656156471	3.649206602712064e7	2.9790213649016954e7
0.8166399999999775	69317.10723015777	3.6487651949410275e7	2.980998607274731e7
0.8172799999999775	69690.16695083612	3.6483114518040836e7	2.982965362060885e7
0.8179199999999774	70073.9112532019	3.647845770100346e7	2.9849219180564914e7
0.8185599999999774	70468.4056258334	3.64736841093667e7	2.9868684652079135e7
0.8191999999999774	70876.02301275138	3.646876759050805e7	2.988802879510408e7
0.8198399999999774	71295.94676099587	3.646371387577249e7	2.9907255861680955e7
0.8204799999999773	71726.60675201664	3.645854661552626e7	2.9926384687550284e7
0.8211199999999773	72170.60775457202	3.645323258918502e7	2.994538822194592e7
0.8217599999999773	72628.93417462084	3.6447759644366845e7	2.9964256346581355e7
0.8223999999999773	73104.05723679347	3.6442101897310436e7	2.9982967880912527e7
0.8230399999999772	73597.59667359128	3.643623783371737e7	3.0001505017369274e7
0.8236799999999772	74112.41620112845	3.643014686093396e7	3.001985086763784e7
0.8243199999999772	74651.62742788457	3.642378265783311e7	3.0037967318410687e7
0.8249599999999772	75221.36319590361	3.641708697299091e7	3.005580681665156e7
0.8255999999999771	75825.89369270462	3.6410014156161666e7	3.0073331723186247e7
0.8262399999999771	76496.24820043978	3.640228883867199e7	3.0090319118150823e7
0.8268799999999771	77274.86398423438	3.639360085731823e7	3.0106518501351416e7
0.827519999999977	78150.78503041304	3.638391966247841e7	3.0121900646495346e7
0.828159999999977	79120.73659020248	3.6373285839025475e7	3.0136496507822163e7
0.828799999999977	80220.38855243287	3.6361336437646195e7	3.0150009370040506e7
0.829439999999977	81469.25219368386	3.634787776357294e7	3.0162279127871256e7
0.830079999999977	82861.31953980126	3.633300993626235e7	3.0173384683308017e7
0.8303999999999769	83928.39547039554	3.632183223079332e7	3.0175883740321714e7
0.8307199999999769	84972.20562746811	3.6310905503295265e7	3.0178579514665224e7
0.8313599999999769	86459.27860834659	3.629512438069225e7	3.0188895097875983e7
0.8316799999999769	87565.03312454528	3.628373356655873e7	3.0191194479010254e7
0.8323199999999769	89202.00340909336	3.6267018076682925e7	3.0200721877515532e7
0.8326399999999768	90435.61466653757	3.625467283717423e7	3.0202226095614504e7
0.8329599999999768	91592.66922515977	3.624307310516279e7	3.0204329813142933e7
0.8335999999999768	93265.81647731575	3.622604488031917e7	3.021355044409505e7
0.8342399999999768	94955.02870728676	3.620888455851892e7	3.0222639599656504e7
0.8348799999999768	96673.8623016192	3.619147986901758e7	3.02315055011878e7
0.8355199999999767	98387.93962069972	3.617408712454164e7	3.0240356122605007e7
0.8361599999999767	100078.38506001263	3.615688399228272e7	3.024933696159451e7
0.8367999999999767	101729.02689553541	3.614006006142151e7	3.0258604436586034e7
0.8374399999999766	103368.85340712994	3.6123294030526586e7	3.0267894993733205e7
0.8380799999999766	104984.4030605688	3.610667065110019e7	3.027727761381677e7
0.8387199999999766	106524.94204677237	3.609068256746826e7	3.0287157625639442e7
0.8393599999999766	107989.63227332612	3.607534793540892e7	3.029755149759238e7
0.8399999999999765	109415.1197214128	3.606030931146248e7	3.0308166240783066e7
0.8406399999999765	110795.63332759627	3.604563718849348e7	3.0319060838261403e7
0.8412799999999765	112138.65938032173	3.603124646236392e7	3.033016567187352e7
0.8419199999999765	113458.75429104929	3.601701025380338e7	3.0341376832759626e7
0.8425599999999764	114742.1315028906	3.6003048447594866e7	3.03527935011885e7
0.8431999999999764	115989.38595365954	3.5989337066768035e7	3.0364396150415495e7
0.8438399999999764	117215.42305746688	3.597576569695362e7	3.037609448618115e7
0.8444799999999764	118507.6187092397	3.596184334606278e7	3.038748777374391e7
0.8451199999999763	119849.89039813443	3.594734103197859e7	3.039837920396976e7
0.8457599999999763	121252.25522875894	3.593213290561813e7	3.0408662674101226e7
0.8463999999999763	122711.59034064389	3.591627733171195e7	3.0418385633836467e7
0.8470399999999763	124252.21008387658	3.589949700983624e7	3.0427315565265268e7
0.8476799999999762	125895.20369529506	3.588157262030031e7	3.0435267836202182e7
0.8483199999999762	127664.6344377235	3.5862252125676215e7	3.044202989500431e7
0.8489599999999762	129543.60730255044	3.58416712614167e7	3.0447711500538453e7
0.8495999999999762	131569.49274149686	3.581949607525728e7	3.0452031917246055e7
0.8502399999999761	133649.82730609013	3.5796554557469904e7	3.045567794507972e7
0.8508799999999761	135775.41616741192	3.577298248407775e7	3.045876216611011e7
0.8515199999999761	137863.71237210356	3.574966802680552e7	3.0462027322197594e7
0.852159999999976	139890.78230203546	3.572691106198706e7	3.0465725983837575e7
0.852799999999976	141905.37372840568	3.570420087900528e7	3.046943098062767e7
0.853439999999976	143949.3520181603	3.568104617232249e7	3.0472729262337834e7
0.854079999999976	145989.60191639993	3.565778167700992e7	3.0475900977411415e7
0.8547199999999759	147978.20031002568	3.563497566226756e7	3.0479424670993514e7
0.8553599999999759	149904.8127127004	3.561278437975432e7	3.0483433479176566e7
0.8559999999999759	151785.66782850644	3.559096793187771e7	3.0487725685853772e7
0.8566399999999759	153635.57381782177	3.5569379266841225e7	3.0492178251008537e7
0.8572799999999758	155459.01565483032	3.5548054267041326e7	3.049682307276259e7
0.8579199999999758	157224.8732507979	3.552729429723888e7	3.05019148334778e7
0.8585599999999758	158934.61992001574	3.550705667675854e7	3.0507418293038446e7
0.8591999999999758	160601.90399377074	3.548724743392291e7	3.0513255743308034e7
0.8598399999999757	162232.93708608	3.546776775673226e7	3.0519343996409796e7
0.8604799999999757	163809.57534578754	3.5448837340212755e7	3.052587026645766e7
0.8611199999999757	165323.86476295633	3.543055859736909e7	3.0532922797703892e7
0.8617599999999757	166783.82384846458	3.541284304541969e7	3.054042781862883e7
0.8623999999999756	168205.81026047256	3.5395513081432834e7	3.0548235600918658e7
0.8630399999999756	169592.5866076752	3.5378532849277e7	3.055631639090095e7
0.8636799999999756	170960.76822460457	3.536174176057952e7	3.0564534495700836e7
0.8643199999999756	172305.070750259	3.534514861031243e7	3.0572897198863775e7
0.8649599999999755	173637.72107545112	3.532862256264847e7	3.058129340964159e7
0.8655999999999755	174952.68156147006	3.531220197662702e7	3.058975567136935e7
0.8662399999999755	176256.29361803783	3.529583317105297e7	3.0598238567926414e7
0.8668799999999754	177566.88161501283	3.527926601584904e7	3.0606527827098943e7
0.8675199999999754	178880.21013883338	3.5262557400981866e7	3.061467184673812e7
0.8681599999999754	180225.65872541186	3.5245672264755115e7	3.0622643784215298e7
0.8687999999999754	181596.0602415491	3.522847964156982e7	3.063032851569869e7
0.8694399999999753	182987.7120597579	3.5210938030717015e7	3.063768883711226e7
0.8700799999999753	184403.55413309985	3.519300991606047e7	3.0644691777518e7
0.8707199999999753	185823.58555130876	3.517496105220597e7	3.0651565360515993e7
0.8713599999999753	187244.550195806	3.515685838306553e7	3.0658367259604305e7
0.8719999999999752	188670.62088763647	3.5138701462589785e7	3.0665097514851045e7
0.8726399999999752	190097.9284961144	3.512059480127471e7	3.067184671955676e7
0.8732799999999752	191523.67266982084	3.5102424671148874e7	3.067851529662074e7
0.8739199999999752	192950.40417498315	3.508419330210751e7	3.0685105397535313e7
0.8745599999999751	194391.43605484738	3.506569174925726e7	3.0691435837968282e7
0.8751999999999751	195858.70527853363	3.504681815269088e7	3.069741841365295e7
0.8758399999999751	197335.22165389135	3.502769935873911e7	3.070316134747774e7
0.8764799999999751	198810.97071230927	3.50084331016722e7	3.070874857605517e7
0.877119999999975	200293.89029812362	3.498889620524659e7	3.0714072752784856e7
0.877759999999975	201780.7395104475	3.496913572112118e7	3.071917424816821e7
0.878399999999975	203266.08120188245	3.494923159137e7	3.0724122185332686e7
0.879039999999975	204748.23665184813	3.49291394569387e7	3.0728877094931934e7
0.8796799999999749	206231.89685529144	3.490883479926281e7	3.0733417618044265e7
0.8803199999999749	207716.28749891053	3.488829683724655e7	3.0737724957051884e7
0.8809599999999749	209210.87958574473	3.48675754887996e7	3.0741843765717912e7
0.8815999999999748	210703.5970507076	3.484684260797086e7	3.074592374907705e7
0.8822399999999748	212179.8225429964	3.4825944849078454e7	3.0749827879552767e7
0.8828799999999748	213654.52116506046	3.480472271678688e7	3.075341680971478e7
0.8835199999999748	215124.79543593244	3.478324564124406e7	3.0756750925123457e7
0.8841599999999747	216586.53443600755	3.476160264138207e7	3.0759907975552563e7
0.8847999999999747	218033.78424208335	3.47399818528716e7	3.0763053435364604e7
0.8854399999999747	219478.98812562623	3.47181951655951e7	3.0766022240303323e7
0.8860799999999747	220940.3815562251	3.4695991458051346e7	3.076859363941615e7
0.8867199999999746	222413.9761262493	3.467347134262979e7	3.0770855564151395e7
0.8873599999999746	223906.41705266293	3.465057929231118e7	3.0772758859641183e7
0.8879999999999746	225408.85086694197	3.462744132403159e7	3.0774413687036276e7
0.8886399999999746	226926.075190524	3.460398868360931e7	3.0775758991534915e7
0.8892799999999745	228459.042032729	3.458013330841164e7	3.077671593363729e7
0.8899199999999745	230022.19024050815	3.455566927591999e7	3.0777102044727515e7
0.8905599999999745	231626.2344292459	3.453047773283494e7	3.077681142484855e7
0.8911999999999745	233283.32729361462	3.450432643998203e7	3.077563694932065e7
0.8918399999999744	235034.26722875834	3.4476611943415955e7	3.0773042901958674e7
0.8924799999999744	236886.73121853295	3.4447348094124585e7	3.076903928838405e7
0.8931199999999744	238847.62919547208	3.441641453838616e7	3.0763516187130984e7
0.8937599999999744	240908.4302722501	3.4383871779699616e7	3.0756523353455577e7
0.8943999999999743	243071.8465560408	3.434961962275132e7	3.0747968177584223e7
0.8950399999999743	245251.02861754913	3.431490082814922e7	3.0738950385189503e7
0.8956799999999743	247422.07495872365	3.428014992311196e7	3.0729855753991738e7
0.8963199999999742	249599.7929599888	3.424512739323182e7	3.0720471091634758e7
0.8969599999999742	251815.35189974215	3.42102560757112e7	3.071117834352879e7
0.8975999999999742	253964.91519472585	3.417568247988876e7	3.0702098601263214e7
0.8982399999999742	256053.46689954997	3.414152992986509e7	3.0693343844992846e7
0.8988799999999741	258064.0794764035	3.410846441677455e7	3.0685511934666082e7
0.8995199999999741	259989.44242911544	3.40768661177349e7	3.06789463493993e7
0.9001599999999741	261927.00512660935	3.404473806291386e7	3.0671862206903502e7
0.9007999999999741	263884.68004619784	3.401195518946137e7	3.0664146594926514e7
0.901439999999974	265876.55796133395	3.397805669486061e7	3.065538422056694e7
0.902079999999974	267925.2840287897	3.3942465754193395e7	3.0645054751354e7
0.902719999999974	270037.3016036461	3.390514821671764e7	3.0633124626894474e7
0.903359999999974	272228.7176794701	3.386577415194952e7	3.061929392118079e7
0.9039999999999739	274567.88174585375	3.3822901500778586e7	3.060226147335057e7
0.9046399999999739	277126.6151929501	3.377512396245878e7	3.0580754935422637e7
0.9052799999999739	279962.40767250495	3.3721428495011754e7	3.0553852827218108e7
0.9059199999999739	283222.2444605045	3.36585789531948e7	3.0518625394036204e7
0.9062399999999738	285342.67244015174	3.3617120264847994e7	3.049193279778296e7
0.9065599999999738	287802.47248717595	3.3567619879534185e7	3.0457953741018843e7
0.9067199999999739	290107.7788554428	3.3521672956413068e7	3.0421832556649625e7
0.9068799999999739	292425.0245831458	3.347550118014272e7	3.0385493128536146e7
0.9071999999999739	295291.52009788656	3.341843326530678e7	3.034460571135053e7
0.9075199999999739	297745.3662268513	3.3369807317451946e7	3.031130302820179e7
0.9078399999999739	299886.8165430435	3.3326725707608435e7	3.0282972235406987e7
0.9081599999999739	302113.7114576695	3.328006225705889e7	3.025136746263001e7
0.9084799999999739	304395.7649744892	3.3231153728375033e7	3.0217696839563753e7
0.9091199999999738	307676.5910550864	3.3162871108448714e7	3.017699103070712e7
0.9097599999999738	310632.97955553996	3.3101578239367478e7	3.0142523339121193e7
0.9103999999999738	313400.2760061936	3.3044262301329102e7	3.011157706385931e7
0.9110399999999738	316071.7064039673	3.298913035402874e7	3.0082535056735184e7
0.9116799999999737	318645.3367857196	3.2936129190411944e7	3.0055353016458817e7
0.9119999999999737	319950.51454001915	3.2907959202191845e7	3.004021443767763e7
0.9120099999999737	327424.18238024757	3.2743214647637103e7	2.98909492445983e7
0.9120199999999736	330157.48827430006	3.268787819786909e7	2.9841045929838087e7
0.9126599999999736	332912.87673675304	3.2630904278127417e7	2.9809997709129106e7
0.9132999999999736	335205.27625420503	3.2582716924674205e7	2.978685766475534e7
0.9139399999999736	337322.4996699494	3.2537578113945648e7	2.976642411578023e7
0.9145799999999735	339420.5648158768	3.2492491299539212e7	2.9745975997378293e7
0.9152199999999735	341559.52741038246	3.2446213487047307e7	2.9724380924348436e7
0.9158599999999735	343611.3676738573	3.2400943301058922e7	2.9703639392183054e7
0.9164999999999734	345608.62637341104	3.23560202544209e7	2.9683150883478083e7
0.9171399999999734	347583.7908069148	3.231086913515523e7	2.966239131152168e7
0.9177799999999734	349577.73581874045	3.2264682940444767e7	2.9640622990519565e7
0.9184199999999734	351605.8623775476	3.2217269974274073e7	2.9617669096024707e7
0.9190599999999733	353633.16814072896	3.2169696955852635e7	2.9594504752874386e7
0.9196999999999733	355660.3279029049	3.212204816496828e7	2.957120722165108e7
0.9203399999999733	357701.0020309097	3.2073902839289896e7	2.9547390200933e7
0.9209799999999733	359756.1565011658	3.2025235853739202e7	2.952302964806261e7
0.9216199999999732	361773.78443861665	3.197717439773185e7	2.949915929766108e7
0.9222599999999732	363772.2441140013	3.192924447253203e7	2.947534466149397e7
0.9228999999999732	365758.7673982647	3.188117696275712e7	2.9451338219894107e7
0.9235399999999732	367759.8006183894	3.1832350456779316e7	2.9426567855208408e7
0.9241799999999731	369752.6217401852	3.1783198121695362e7	2.9401430683887918e7
0.9248199999999731	371692.39886016195	3.1734758887572702e7	2.937688354895045e7
0.9254599999999731	373604.4888564264	3.16865211859207e7	2.9352456375320688e7
0.9260999999999731	375512.01023805264	3.163798017261117e7	2.9327683775410954e7
0.926739999999973	377473.5941040116	3.1587683795614384e7	2.930122379625089e7
0.927379999999973	379546.6797574629	3.1534124392952766e7	2.9271678959419683e7
0.928019999999973	381770.17315683526	3.1476226774841215e7	2.923804778865113e7
0.928659999999973	384181.32158877037	3.1412974939337455e7	2.9199380802646425e7
0.9292999999999729	386919.79463947896	3.1340774360040896e7	2.915233684226618e7
0.9296199999999729	388542.30328135774	3.1297892595384005e7	2.9122492521824986e7
0.9299399999999729	390751.980992801	3.1240488296530887e7	2.9079155770263452e7
0.9302599999999729	393420.47064894496	3.117100470939369e7	2.90245759845828e7
0.9305799999999729	396444.0167917694	3.1091819443333305e7	2.896094648122196e7
0.9308999999999729	399584.1399831118	3.1008906442153275e7	2.8893802271072485e7
0.9312199999999728	402744.43086000875	3.0924752704479277e7	2.8825448975418914e7
0.9318599999999728	407149.22629606375	3.080546967509424e7	2.8734128119712304e7
0.9324999999999728	411377.2978391463	3.068968662614268e7	2.8645900746481366e7
0.9328199999999728	413764.6132119751	3.0624082638804566e7	2.859455347384443e7
0.9334599999999728	418285.40807577106	3.049919385088133e7	2.8497610203096226e7
0.9340999999999727	422470.21147535706	3.0382580243709914e7	2.840820899258484e7
0.9347399999999727	426590.8639928461	3.0266617919810414e7	2.8319257754146945e7
0.9353799999999727	430922.6567803357	3.0143451619010232e7	2.8223427997470126e7
0.9360199999999727	435432.5454377551	3.0013842819204558e7	2.8121416129888147e7
0.9366599999999726	439869.4653694022	2.9884748833555117e7	2.8019710174373426e7
0.9372999999999726	444350.7208163739	2.9753818809719995e7	2.7916115160544936e7
0.9379399999999726	448821.98259126395	2.9622325874727044e7	2.7811818223180298e7
0.9385799999999725	453279.90529249876	2.949049098634248e7	2.770702548174359e7
0.9388999999999725	455935.6936735369	2.9411312701853663e7	2.7642139166653063e7
0.9392199999999725	458834.19495255616	2.9324305046725124e7	2.7569861728353597e7
0.9395399999999725	461707.0606419055	2.9237569094315976e7	2.7497780475759253e7
0.9396999999999726	463658.6980260419	2.917876354516165e7	2.7447242722878587e7
0.9398599999999726	465540.52756947844	2.912217463158737e7	2.7398764656570952e7
0.9400199999999727	467406.1156459029	2.9066008298554152e7	2.735066413962253e7
0.9401799999999727	469378.3933669387	2.9006639288119704e7	2.7299540341394816e7
0.9403399999999728	471641.60647243407	2.8938484449011095e7	2.7240152605024464e7
0.9404999999999728	474388.5030616566	2.885597780820826e7	2.7167273244551267e7
0.9405799999999728	476241.0526800267	2.880026601802931e7	2.7117252454587486e7
0.9407399999999728	479307.90296305966	2.8707584448412392e7	2.70347767803283e7
0.9408999999999729	482330.6031488316	2.861578047346738e7	2.695309358613079e7
0.9410599999999729	485249.5752383936	2.85268001771136e7	2.6874031184638318e7
0.941219999999973	488055.94411922275	2.8440853719698396e7	2.6797788266449098e7
0.941539999999973	492078.06651643134	2.83162317644346e7	2.6689631739253547e7
0.9418599999999729	495447.03580725763	2.821052728984239e7	2.659917252387204e7
0.9424999999999729	501031.1634447783	2.8032171084724024e7	2.644913053924972e7
0.9428199999999729	504079.9380197203	2.793388097548158e7	2.6365444952158768e7
0.9431399999999729	507771.09970927605	2.7813476341336135e7	2.626087394129649e7
0.9431599999999729	508891.01875003864	2.7776682345589943e7	2.6226781086571623e7
0.9434799999999729	512571.58781705215	2.765642569949599e7	2.6122255065103162e7
0.9441199999999729	518067.2433591773	2.7476591966558866e7	2.5970149605025735e7
0.9447599999999728	523047.8164536456	2.7311712365878765e7	2.5831906536167793e7
0.9453999999999728	528366.4942959695	2.7133813454801507e7	2.5681156050757185e7
0.9454799999999728	529256.2131094222	2.710391789062041e7	2.565506733596179e7
0.9455199999999728	529722.7824472246	2.7088215536591306e7	2.5641308851344813e7
0.9455399999999728	529969.5311245102	2.707988174637941e7	2.5633973527135905e7
0.9455599999999729	530207.0374003544	2.7071900877934255e7	2.5626971065254867e7
0.9455699999999728	530332.4766096624	2.7067663814783655e7	2.5623236870046124e7
0.9455799999999728	532480.9863956561	2.7002278310624044e7	2.5561791940238815e7
0.9455899999999727	535686.8293705663	2.68971857532359e7	2.5462856596787665e7
0.9455999999999727	547937.9246329344	2.647709967619276e7	2.5066553276907198e7
0.9459199999999727	552515.1448379179	2.632259459227139e7	2.4928948695753485e7
0.9465599999999726	557944.0499875237	2.6135058746030137e7	2.476821773667292e7
0.9471999999999726	563547.0594294443	2.593909754021093e7	2.459926847482497e7
0.9478399999999726	568732.555230079	2.5755310895522263e7	2.4441578969291933e7
0.9484799999999726	573559.9437787401	2.5581194831129573e7	2.4292801481732573e7
0.9491199999999725	578421.4385273965	2.540307255893383e7	2.413999430992687e7
0.9497599999999725	583655.3206388035	2.520866763845709e7	2.3971507019609224e7
0.9503999999999725	589425.4632156104	2.499114833834025e7	2.3780822883733395e7
0.9507199999999725	592679.9393344596	2.4867345015864953e7	2.3671089520892862e7
0.9510399999999725	596202.6178193281	2.47324194071498e7	2.3550710233143516e7
0.9513599999999724	600119.1724832844	2.4581443832892973e7	2.3414992201409984e7
0.9515199999999725	602291.7271012515	2.4497301038804576e7	2.3338870987372544e7
0.9516799999999725	604838.9413065688	2.4397809524970368e7	2.324813318636708e7
0.9518399999999726	607755.7557653418	2.4283724084345058e7	2.314348944964001e7
0.9519999999999726	611297.2869657867	2.4144948696455974e7	2.30153334287998e7
0.9520799999999726	613493.5274102652	2.4058642794722877e7	2.2935151241832614e7
0.9521199999999727	614773.3212083338	2.400824428130395e7	2.2888164891733933e7
0.9521299999999726	616730.4208737713	2.394663112272242e7	2.2829828776124287e7
0.9521399999999726	616730.4955011144	2.3955055544897012e7	2.2838083308032285e7
0.9524599999999726	620746.0274391748	2.3795597224496003e7	2.269386479858729e7
0.9527799999999725	624435.1483682843	2.364818527970374e7	2.2561003798501447e7
0.9530999999999725	628122.8227971866	2.3499246772821248e7	2.242659105956449e7
0.9534199999999725	631832.1266277939	2.3347335353523627e7	2.2289247213214193e7
0.9534999999999725	633027.6922718865	2.3297969911460407e7	2.2244050098267518e7
0.9535799999999724	634764.3564466132	2.3225057573107075e7	2.2176416161989074e7
0.9537399999999725	637517.3560065221	2.3110070567947924e7	2.2070490256362896e7
0.9540599999999725	641411.5388159084	2.2947969855575625e7	2.192320656650307e7
0.9546999999999725	646461.2690394414	2.2735840246265754e7	2.1735191378596794e7
0.9553399999999724	650716.1151787706	2.255461269732229e7	2.157638467596316e7
0.9559799999999724	654837.4323431768	2.23762734451808e7	2.1420095831895087e7
0.9562999999999724	657045.9423500035	2.2279700865364894e7	2.1334790845228545e7
0.9566199999999724	659415.2826893823	2.2175376958340637e7	2.1242014540850293e7
0.9569399999999724	662117.5424027876	2.2055792679964412e7	2.1134581028540418e7
0.9572599999999724	664778.3793777308	2.1937604744323537e7	2.1028404145485166e7
0.9578999999999723	669398.867796057	2.1731355719315816e7	2.084464733586625e7
0.9585399999999723	674115.7712303033	2.1518424760648876e7	2.0654219709947005e7
0.9591799999999723	679166.9518892394	2.1287089235847134e7	2.04458738482154e7
0.9594999999999723	681985.5750309322	2.115672842234627e7	2.0327501337029435e7
0.9598199999999723	685051.0974666633	2.1013980829804864e7	2.019716443315895e7
0.9601399999999722	688284.4328132533	2.0862355033643737e7	2.0058216579494074e7
0.9604599999999722	691498.2199051039	2.0710481199295714e7	1.991893061229005e7
0.9607799999999722	694777.1338807774	2.055432259954203e7	1.9775431226378243e7
0.9610999999999722	698122.3881467606	2.039381195949207e7	1.9627649635166187e7
0.9614199999999722	701643.5094282099	2.0223586489705574e7	1.947042992952593e7
0.9617399999999722	705126.906498331	2.005404092948638e7	1.9313751478966314e7
0.9620599999999722	708532.1516578385	1.9887295880520776e7	1.915965358464718e7
0.9623799999999721	712105.2457518585	1.9711225113895614e7	1.8996478224455517e7
0.9626999999999721	716089.0976163626	1.9513505107440967e7	1.8812361490273986e7
0.9630199999999721	719736.3795926984	1.932855269406848e7	1.8640398666758645e7
0.9633399999999721	723185.7210097408	1.9150058503329553e7	1.8474529347129196e7
0.9636599999999721	726774.8758350677	1.8961678030727208e7	1.829902165007792e7
0.9639799999999721	730815.3899142061	1.874772922092862e7	1.809875998473498e7
0.9641399999999721	733165.8242838026	1.862274022664323e7	1.7981220088574123e7
0.9642999999999722	735759.6932893044	1.848429509457272e7	1.7850672380746406e7
0.9646199999999722	740688.8556732958	1.8218422398959734e7	1.7600060186197773e7
0.9649399999999722	745853.4047649328	1.793796065917411e7	1.7335205378834046e7
0.9652599999999721	750977.1857866287	1.7656554858887006e7	1.706925509052303e7
0.9655799999999721	754576.4458681993	1.7453649211582117e7	1.6878867126985777e7
0.9658999999999721	757713.7150926964	1.727308324115701e7	1.6709909140317757e7
0.9662199999999721	760877.4973060151	1.7088465876036573e7	1.6536919940602599e7
0.9665399999999721	764212.3278045942	1.6891810018044405e7	1.6352180599328531e7
0.9668599999999721	767807.3593861219	1.6677777148658745e7	1.6150520749841806e7
0.9671799999999721	771724.5817055155	1.644241570391659e7	1.5928103621285185e7
0.967499999999972	776012.0099112462	1.618248543037422e7	1.5681775044208743e7
0.967819999999972	780517.4940095835	1.5907002486988638e7	1.5420232199914148e7
0.968139999999972	785326.0523339768	1.561038029920433e7	1.5138054070898626e7
0.968459999999972	790531.0872391938	1.5286419664489295e7	1.4829219338762421e7
0.968779999999972	796248.8606930902	1.492727783720129e7	1.4486107112554308e7
0.968939999999972	799354.0433014105	1.4730915056282055e7	1.4298200771218486e7
0.9690999999999721	802765.7752689663	1.451477009109294e7	1.4091069157733597e7
0.9692599999999721	806437.6993774743	1.4281232196228702e7	1.386701701339512e7
0.9694199999999722	810410.2877890806	1.4027518974505372e7	1.362333979086522e7
0.9695799999999722	814780.0881155042	1.3747346134437613e7	1.3353937475308137e7
0.9696599999999722	817166.9263198087	1.3593913105758667e7	1.3206266626674136e7
0.9697399999999722	819715.9359159509	1.342977441476557e7	1.304819404519523e7
0.9698199999999721	822367.6263824891	1.325862556569188e7	1.2883299301083177e7
0.9699799999999722	827667.4988215769	1.29150271626615e7	1.255216462555269e7
0.9701399999999722	833148.2610925457	1.2557732084604494e7	1.2207636011634102e7
0.9702999999999723	838971.0843293361	1.217620399586764e7	1.1839488178394638e7
0.9703799999999723	842081.3864374344	1.1971694358790219e7	1.1642035222548822e7
0.9704599999999722	845333.0812437919	1.1757382064168565e7	1.1435040137212666e7
0.9705399999999722	848551.0145870451	1.1544813824193954e7	1.1229701921822637e7
0.9706199999999722	851584.1520412372	1.134395044610522e7	1.1035684724385329e7
0.9706999999999721	854591.6269158261	1.114436123629294e7	1.0842870986737903e7
0.9707799999999721	857576.8117419307	1.094603135108143e7	1.065124670944165e7
0.9708599999999721	860675.4920476627	1.0739960266013205e7	1.0452077907699574e7
0.970939999999972	864027.8542687026	1.0516714140107028e7	1.0236207076640297e7
0.971019999999972	867335.4328872665	1.0295614407789417e7	1.0022382883096488e7
0.9711799999999721	871108.9016226019	1.0038852248167396e7	9.774637884919718e6
0.9713399999999721	874131.6196126849	9.829895308208462e6	9.573223120893057e6
0.9714999999999722	876873.3814483813	9.63819797234787e6	9.388500221506992e6
0.9718199999999722	880225.4535363548	9.39959772156291e6	9.159521811049685e6
0.9724599999999721	882072.2513254934	9.258107654524188e6	9.027431639519863e6
0.9730999999999721	884023.0413546271	9.10260005030388e6	8.881520328762915e6
0.9734199999999721	885230.992219781	9.004486846937474e6	8.78867702631885e6
0.9737399999999721	886699.5477649336	8.883678240148786e6	8.673677579686563e6
0.9740599999999721	888505.2497136178	8.733130647528216e6	8.529641064708686e6
0.974379999999972	890428.3592579616	8.572687825387698e6	8.375868337865239e6
0.974699999999972	891368.5132857639	8.497866534698445e6	8.3054221347564915e6
0.975019999999972	892288.0114283647	8.425827475401912e6	8.237639659591642e6
0.975339999999972	893478.2583007147	8.332056660668451e6	8.148621317265854e6
0.9754999999999721	894260.1961256932	8.269999844924826e6	8.089294223529042e6
0.9756599999999721	895238.0909932425	8.191977212448243e6	8.014374582231824e6
0.9758199999999722	896506.7082295906	8.09019993932385e6	7.91625643699579e6
0.9758999999999721	897298.9681481406	8.026361189842828e6	7.854550790299787e6
0.9759399999999722	897746.345933558	7.990217739685446e6	7.819572877951578e6
0.9759499999999721	897863.6176145603	7.980732136445992e6	7.810389148567898e6
0.9759599999999721	911231.3101458418	7.01364834597116e6	6.866946240429749e6
0.9762799999999721	912789.2109693331	6.883411069733117e6	6.741787919243073e6
0.976599999999972	914598.4808966434	6.730043399042681e6	6.5939619879579e6
0.976919999999972	916727.0488885539	6.54714343683479e6	6.417193426600833e6
0.977239999999972	919272.2940019342	6.325447971686866e6	6.202403413262606e6
0.9773999999999721	920740.496415065	6.196270506018665e6	6.077043527801476e6
0.9775599999999721	922366.4825172612	6.052226936746605e6	5.937112868153555e6
0.9777199999999722	924176.6254937255	5.89076273859233e6	5.780107199992355e6
0.9778799999999722	926202.5802446349	5.708789167877313e6	5.602998352558745e6
0.9780399999999723	928484.3953798631	5.502403963364832e6	5.401960689651755e6
0.9781999999999723	931066.8852283447	5.267172937386584e6	5.172645825449414e6
0.9783599999999724	933853.1189039614	5.011195691665839e6	4.92296199839116e6
0.9785199999999724	936940.3002859134	4.725248155483447e6	4.6438753027537e6
0.9786799999999725	939953.5802889882	4.444245702817675e6	4.369534194765266e6
0.9788399999999725	942041.9679283174	4.24778975582296e6	4.1778401326310188e6
0.9789999999999726	944330.4634663423	4.0308922528755814e6	3.9660744552979027e6
0.9791599999999726	946848.9975806618	3.790385179240972e6	3.731125885215093e6
0.9793199999999727	949631.1822681513	3.5226723150977343e6	3.469461824470748e6
0.9794799999999727	952717.255790436	3.2234348626942933e6	3.1768397374005644e6
0.9796399999999728	955019.2320565417	2.9967791664815173e6	2.955208934216569e6
0.9797999999999728	956669.2059197179	2.8307288915930763e6	2.7928728859424233e6
0.9799599999999729	956882.9434160809	2.8105217911358178e6	2.773374868627464e6
0.9801199999999729	955286.0925294654	2.9738565833886564e6	2.933727402030321e6
0.9801299999999729	959052.9876688825	2.586253395501837e6	2.553920923398152e6
0.9802099999999728	961743.0491504407	2.3130297637833804e6	2.286287799700758e6
0.9803699999999729	964159.1894747891	2.0633150339568555e6	2.0417386047296426e6
0.9805299999999729	964472.1344796867	2.0428340371815562e6	2.0218383309359218e6
0.9805399999999729	967073.6999885156	1.7597445204924718e6	1.7443191463254432e6
0.9806999999999729	969763.552136139	1.4756467483820692e6	1.4658832026945092e6
0.980859999999973	971618.2681120841	1.2721887244151682e6	1.266435805881519e6
0.980939999999973	972690.3568621592	1.1542427796244174e6	1.150782390446564e6
0.991179999999973	974322.0	974322.0	974322.0
