lambda	f0	f1	fla
0.0	64994.655622138016	3.047693609922971e8	64994.655622138016
0.00032	64975.5955172403	3.04768235012222e8	162480.63853058583
0.00064	64961.55740016713	3.047679734804272e8	259971.48503090444
0.0009600000000000001	64948.55844231169	3.047679628728864e8	357463.45218417805
0.00128	64941.02709275946	3.047678761267626e8	454960.7840203369
0.0016	64933.4419629717	3.0476782737460697e8	552458.0722552021
0.00192	64927.605932049046	3.0476776916100925e8	649957.0617177973
0.0022400000000000002	64923.12878684135	3.047677000565771e8	747457.3491050916
0.00256	64918.83926244312	3.047676509280507e8	844957.833409741
0.00288	64915.60723403259	3.047676067383261e8	942459.3576915778
0.0032	64913.18543070909	3.0476754357210964e8	1.0399616026680816e6
0.00352	64910.393434522106	3.047675092771183e8	1.137463541505089e6
0.00384	64908.31096544983	3.047674662510507e8	1.2349661334553773e6
0.0041600000000000005	64906.67982008912	3.047674183185145e8	1.3324691282370582e6
0.0044800000000000005	64904.81492352704	3.0476740312919474e8	1.4299720073714622e6
0.0048000000000000004	64903.373636121076	3.0476736012217e8	1.5274751660290838e6
0.00512	64902.44604725247	3.047673130534844e8	1.6249787883573307e6
0.00544	64901.29017275926	3.0476727902809566e8	1.72248222506706e6
0.00576	64900.294665865695	3.047672451941949e8	1.819985801287153e6
0.00608	64899.46409435201	3.04767214988549e8	1.9174895424830364e6
0.0064	64898.97553865524	3.047671688702691e8	2.0149935028649303e6
0.00672	64898.31192354915	3.047671363218976e8	2.112497351350575e6
0.00704	64897.576198647184	3.0476711956771857e8	2.210001219018948e6
0.00736	64897.33283397187	3.0476708262669677e8	2.307505416596802e6
0.00768	64896.76816189495	3.0476706254344374e8	2.4050094013160593e6
0.008	64896.5233708777	3.047670299665872e8	2.5025135909166085e6
0.008320000000000001	64896.15256100595	3.047670062866559e8	2.600017708876676e6
0.008640000000000002	64895.995782373226	3.047669695527408e8	2.6975219113144944e6
0.008960000000000003	64895.925503939856	3.047669452059404e8	2.7950262870566514e6
0.009280000000000004	64895.69541948665	3.0476691805319625e8	2.892530462899656e6
0.009600000000000004	64895.537776521436	3.0476689654029346e8	2.990034747400685e6
0.009920000000000005	64895.541155443796	3.0476686582076186e8	3.087539086329141e6
0.010240000000000006	64895.37791171135	3.047668471994209e8	3.1850433645639676e6
0.010560000000000007	64895.4063579252	3.047668207618777e8	3.2825477381122163e6
0.010880000000000008	64895.462035727134	3.047667919003749e8	3.3800520952848596e6
0.011200000000000009	64895.538208084836	3.047667707843924e8	3.4775565409653517e6
0.01152000000000001	64895.673622453745	3.047667513139558e8	3.575061050599097e6
0.01184000000000001	64895.73003570161	3.047667225917196e8	3.6725653600780424e6
0.012160000000000011	64895.9500350153	3.047667001411064e8	3.770069888998447e6
0.012480000000000012	64896.00462084303	3.04766677794004e8	3.8675742413523486e6
0.012800000000000013	64896.27896834646	3.0476665295209223e8	3.965078764384336e6
0.013120000000000014	64896.45035580885	3.047666309651485e8	4.0625832071898934e6
0.013440000000000014	64896.69128928254	3.0476660617793167e8	4.1600876667897603e6
0.013760000000000015	64897.00069947161	3.0476658030365676e8	4.257592162948169e6
0.014080000000000016	64897.14553592709	3.047665632285261e8	4.355096603984433e6
0.014400000000000017	64897.46549171907	3.04766537604208e8	4.452601083489239e6
0.014720000000000018	64897.78421754716	3.047665140881616e8	4.550105576211609e6
0.015040000000000019	64898.07019817435	3.047664951058442e8	4.647610089614296e6
0.01536000000000002	64898.2622982669	3.047664757839705e8	4.745114493031158e6
0.01568000000000002	64898.64479753304	3.047664534604068e8	4.842619024306293e6
0.01600000000000002	64899.0569428822	3.0476642502028424e8	4.940123472356351e6
0.016320000000000022	64899.3198361883	3.04766406045358e8	5.037627909596711e6
0.016640000000000023	64899.61527250097	3.0476638759964615e8	5.135132375332486e6
0.016960000000000024	64899.992077587645	3.0476636736086506e8	5.232636878652231e6
0.017280000000000025	64900.382479659165	3.04766346733209e8	5.33014137542027e6
0.017600000000000025	64900.737938314196	3.0476632351864254e8	5.427645778878717e6
0.017920000000000026	64901.08897385839	3.047663049034814e8	5.525150245329842e6
0.018240000000000027	64901.590603480785	3.047662822847422e8	5.622654774464578e6
0.018560000000000028	64901.93400901757	3.047662618151056e8	5.720159173402178e6
0.01888000000000003	64902.31363275498	3.0476624388033336e8	5.817663642412071e6
0.01920000000000003	64902.75198896232	3.047662206433665e8	5.9151680555034205e6
0.01952000000000003	64903.20748967483	3.0476620318358994e8	6.012672583023161e6
0.01984000000000003	64903.62759166612	3.0476617871025735e8	6.110176925231762e6
0.020160000000000032	64904.00821073295	3.0476615899358326e8	6.207681308715853e6
0.020480000000000033	64904.4326999737	3.047661437975594e8	6.305185814892304e6
0.020800000000000034	64904.9396560907	3.047661215342102e8	6.402690244822827e6
0.021120000000000035	64905.371023739484	3.0476610226311666e8	6.500194649384752e6
0.021440000000000035	64905.87769897476	3.047660793663465e8	6.597699037295588e6
0.021760000000000036	64906.363135220294	3.047660589766582e8	6.695203444005491e6
0.022080000000000037	64906.793808511684	3.0476604280925125e8	6.792707877029499e6
0.022400000000000038	64907.255613117864	3.0476602389658403e8	6.890212268370878e6
0.02272000000000004	64907.73874363794	3.047660025851347e8	6.987716613653654e6
0.02304000000000004	64908.28798814501	3.0476598198233193e8	7.085221025905838e6
0.02336000000000004	64908.68494362093	3.04765963894339e8	7.18272533463511e6
0.02368000000000004	64909.18825955529	3.047659456171066e8	7.280229730894666e6
0.024000000000000042	64909.692708810544	3.0476592368356115e8	7.37773402848928e6
0.024320000000000043	64910.26415480141	3.047659045058744e8	7.475238444113435e6
0.024640000000000044	64910.78504847455	3.047658834392619e8	7.572742751248307e6
0.024960000000000045	64911.277082156834	3.047658667128313e8	7.670247124758469e6
0.025280000000000045	64911.76491285379	3.047658463059127e8	7.7677513901093425e6
0.025600000000000046	64912.3314935032	3.0476582616986275e8	7.86525572575577e6
0.025920000000000047	64912.862773264125	3.0476580403693897e8	7.962759962007653e6
0.026240000000000048	64913.36337291544	3.047657891505845e8	8.060264344029362e6
0.02656000000000005	64913.85929383512	3.0476577085587347e8	8.157768621123005e6
0.02688000000000005	64914.408562657874	3.0476575031751454e8	8.2552728777952995e6
0.02720000000000005	64915.00792263486	3.04765730966647e8	8.352777201999954e6
0.02752000000000005	64915.46742726055	3.0476571360920036e8	8.450281432288872e6
0.027840000000000052	64916.015855517675	3.047656937806416e8	8.54778566882718e6
0.028160000000000053	64916.59131287974	3.04765676230617e8	8.6452899827557e6
0.028480000000000054	64917.10736046289	3.047656556948252e8	8.742794142331474e6
0.028800000000000055	64917.73091570344	3.0476563775162977e8	8.840298467512285e6
0.029120000000000056	64918.26046915345	3.047656178193055e8	8.937802631622484e6
0.029440000000000056	64918.78538693712	3.0476559952893955e8	9.035306826477144e6
0.029760000000000057	64919.38027983928	3.047655814640346e8	9.1328110838924e6
0.030080000000000058	64919.99365179818	3.047655600283753e8	9.2303152458963e6
0.03040000000000006	64920.50460194615	3.047655432114668e8	9.327819434890654e6
0.03072000000000006	64921.06130864232	3.0476552487958014e8	9.425323610605963e6
0.03104000000000006	64921.61130975734	3.0476550560457146e8	9.522827738460619e6
0.03136000000000006	64922.23385938874	3.047654852293597e8	9.620331889398297e6
0.03168000000000006	64922.81978228673	3.047654665081591e8	9.717836043830084e6
0.03200000000000006	64923.31759142827	3.047654507017947e8	9.815340193885952e6
0.032320000000000064	64923.938956502	3.047654290992166e8	9.912844265736127e6
0.032640000000000065	64924.62685069975	3.0476540914716977e8	1.0010348441593936e7
0.032960000000000066	64925.110562059854	3.0476539262287045e8	1.0107852519767765e7
0.033280000000000066	64925.66349380176	3.0476537729865354e8	1.0205356693911938e7
0.03360000000000007	64926.35743339188	3.0476535366012794e8	1.0302860714803949e7
0.03392000000000007	64926.90950935399	3.0476533617719436e8	1.0400364791869251e7
0.03424000000000007	64927.48760403281	3.0476531674614584e8	1.0497868815816525e7
0.03456000000000007	64928.10180368285	3.04765299472787e8	1.0595372936384888e7
0.03488000000000007	64928.725532131895	3.0476528071422106e8	1.0692877002897622e7
0.03520000000000007	64929.321403517686	3.047652625599785e8	1.0790381051401377e7
0.03552000000000007	64929.9073527676	3.0476524321433306e8	1.088788503601673e7
0.03584000000000007	64930.474470202505	3.047652245892386e8	1.0985389015543524e7
0.036160000000000074	64931.07466061123	3.0476520638020235e8	1.1082893029709024e7
0.036480000000000075	64931.72936441048	3.047651885299864e8	1.1180397097451122e7
0.036800000000000076	64932.313073209836	3.047651674187218e8	1.1277900964961102e7
0.03712000000000008	64932.92472078457	3.0476515009566814e8	1.1375404986106373e7
0.03744000000000008	64933.54125761242	3.0476513219548184e8	1.147290897887179e7
0.03776000000000008	64934.11092030638	3.0476511673689425e8	1.1570413006877108e7
0.03808000000000008	64934.76626609478	3.0476509578426737e8	1.1667916897831606e7
0.03840000000000008	64935.386820632404	3.047650765187794e8	1.1765420806287874e7
0.03872000000000008	64936.010535686095	3.0476505604714715e8	1.1862924658353306e7
0.03904000000000008	64936.64662224034	3.0476503793816936e8	1.1960428601044264e7
0.03936000000000008	64937.25744329342	3.04765020717664e8	1.2057932542437606e7
0.03968000000000008	64937.8551655641	3.047650038443579e8	1.2155436473616742e7
0.040000000000000084	64938.53363683699	3.047649825060535e8	1.2252940292533528e7
0.040320000000000085	64939.157980691176	3.047649647402339e8	1.2350444189457165e7
0.040640000000000086	64939.710731644765	3.0476494741856426e8	1.2447948023977987e7
0.04096000000000009	64940.387383502115	3.047649285462305e8	1.2545451902369902e7
0.04128000000000009	64941.022672628584	3.047649103580391e8	1.2642955756836582e7
0.04160000000000009	64941.67074521928	3.0476488928951895e8	1.2740459491686232e7
0.04192000000000009	64942.279430538234	3.0476487234364736e8	1.2837963347722534e7
0.04224000000000009	64942.939036102325	3.0476485276474524e8	1.2935467130074084e7
0.04256000000000009	64943.55143213594	3.047648358792542e8	1.3032970968904272e7
0.04288000000000009	64944.2343972211	3.0476481608658725e8	1.3130474739419159e7
0.04320000000000009	64944.85362066679	3.0476479836104727e8	1.3227978525141524e7
0.04352000000000009	64945.516603294294	3.04764779261858e8	1.3325482281196807e7
0.043840000000000094	64946.169787949475	3.047647606896795e8	1.3422986038340025e7
0.044160000000000095	64946.75857314242	3.0476474281276727e8	1.3520489752326384e7
0.044480000000000096	64947.41400947311	3.0476472393285245e8	1.3617993473567639e7
0.0448000000000001	64948.04090468406	3.0476470703851897e8	1.3715497243997835e7
0.0451200000000001	64948.65217598064	3.047646895451615e8	1.3813000961267516e7
0.0454400000000001	64949.358021348286	3.0476466715764546e8	1.3910504534836298e7
0.0457600000000001	64950.01346583021	3.0476464970810205e8	1.4008008271492412e7
0.0460800000000001	64950.63900625609	3.047646320998446e8	1.4105511960721716e7
0.0464000000000001	64951.33196678147	3.0476461147733176e8	1.4203015562711747e7
0.0467200000000001	64951.94333976376	3.0476459505883557e8	1.4300519269695759e7
0.0470400000000001	64952.60056785111	3.0476457642114806e8	1.4398022905087976e7
0.0473600000000001	64953.2817681291	3.0476455801382375e8	1.4495526561878314e7
0.047680000000000104	64953.94265198794	3.0476453947824544e8	1.4593030180989116e7
0.048000000000000105	64954.59315425603	3.047645198836259e8	1.4690533727096928e7
0.048320000000000106	64955.2338016796	3.047645020026307e8	1.478803733367153e7
0.04864000000000011	64955.911558998574	3.0476448277868384e8	1.4885540898375982e7
0.04896000000000011	64956.5828936947	3.0476446544326365e8	1.498304453669744e7
0.04928000000000011	64957.21130743127	3.0476444679795474e8	1.5080548058137443e7
0.04960000000000011	64957.87602072097	3.0476442901547885e8	1.5178051644537877e7
0.04992000000000011	64958.5780342432	3.047644089704329e8	1.5275555141622815e7
0.05024000000000011	64959.23028664034	3.0476439083653593e8	1.5373058674184639e7
0.05056000000000011	64959.89394702811	3.0476437173831993e8	1.5470562156798556e7
0.05088000000000011	64960.535414040634	3.0476435488594806e8	1.5568065719969245e7
0.051200000000000113	64961.23215400186	3.0476433421420825e8	1.5665569128835214e7
0.051520000000000114	64961.87187539624	3.047643174556643e8	1.5763072671552233e7
0.051840000000000115	64962.58397400607	3.0476429803223586e8	1.5860576133611936e7
0.052160000000000116	64963.20855278008	3.047642798014351e8	1.5958079562037557e7
0.05248000000000012	64963.87550904764	3.0476426178983164e8	1.6055583030052733e7
0.05280000000000012	64964.588846719686	3.047642427065268e8	1.6153086473460265e7
0.05312000000000012	64965.26700158397	3.047642241361467e8	1.625058989813061e7
0.05344000000000012	64965.94722753611	3.0476420394167495e8	1.6348093225650841e7
0.05376000000000012	64966.60798832965	3.0476418656411004e8	1.644559667282947e7
0.05408000000000012	64967.29260044912	3.047641677333267e8	1.654310005243496e7
0.05440000000000012	64968.01000613913	3.0476414848923767e8	1.6640603428076372e7
0.05472000000000012	64968.65224281629	3.047641296161551e8	1.6738106740188133e7
0.055040000000000124	64969.30116635532	3.0476411230524063e8	1.683561013211064e7
0.055360000000000124	64970.016416421415	3.047640937803101e8	1.6933113507985614e7
0.055680000000000125	64970.69621625533	3.047640740349618e8	1.7030616770117648e7
0.056000000000000126	64971.40204985519	3.047640547082866e8	1.712812006719915e7
0.05632000000000013	64972.05669292825	3.047640380158629e8	1.7225623451513417e7
0.05664000000000013	64972.74737966667	3.047640178712985e8	1.7323126663198467e7
0.05696000000000013	64973.46111333584	3.047639995851026e8	1.7420629989135806e7
0.05728000000000013	64974.13989656497	3.0476398177775407e8	1.7518133297393084e7
0.05760000000000013	64974.80952811211	3.047639620996703e8	1.761563647744034e7
0.05792000000000013	64975.50960218802	3.047639437190613e8	1.77131397482941e7
0.05824000000000013	64976.21243797556	3.0476392395145816e8	1.781064292875855e7
0.05856000000000013	64976.87054009906	3.047639070673679e8	1.7908146222866375e7
0.058880000000000134	64977.58982263129	3.0476388690986246e8	1.8005649370586615e7
0.059200000000000134	64978.2593432304	3.0476386935190713e8	1.8103152612023056e7
0.059520000000000135	64978.97020331856	3.0476385070109236e8	1.8200655815625872e7
0.059840000000000136	64979.64123134978	3.047638319444312e8	1.829815896305487e7
0.06016000000000014	64980.34286530042	3.047638132716508e8	1.8395662131861076e7
0.06048000000000014	64981.06323830097	3.047637937788781e8	1.849316525628024e7
0.06080000000000014	64981.734736957544	3.047637753499827e8	1.8590668386543937e7
0.06112000000000014	64982.45121624182	3.047637563343286e8	1.868817151095211e7
0.06144000000000014	64983.123821475194	3.0476373767095876e8	1.878567460319763e7
0.06176000000000014	64983.82227844153	3.0476371982122266e8	1.888317775757328e7
0.06208000000000014	64984.5283753993	3.0476370084064746e8	1.8980680837041292e7
0.06240000000000014	64985.22082078329	3.047636814561125e8	1.907818386590303e7
0.06272000000000014	64985.948977871485	3.047636630460138e8	1.9175686976504e7
0.06304000000000014	64986.66704969556	3.0476364181635803e8	1.9273189887662135e7
0.06336000000000014	64987.340805542095	3.0476362518677735e8	1.9370693034726355e7
0.06368000000000014	64988.06388845657	3.0476360594758016e8	1.9468196050721984e7
0.06400000000000014	64988.75226677468	3.0476358688269794e8	1.956569903261441e7
0.06432000000000014	64989.4900874071	3.047635678805648e8	1.9663202052162956e7
0.06464000000000014	64990.156108253046	3.04763550285319e8	1.9760705082860477e7
0.06496000000000014	64990.88809477597	3.047635305171621e8	1.9858208022399034e7
0.06528000000000014	64991.56806530497	3.047635114475925e8	1.9955710945800886e7
0.06560000000000014	64992.30270057121	3.047634923267159e8	2.005321390427602e7
0.06592000000000015	64993.01646427183	3.047634733716345e8	2.0150716841477137e7
0.06624000000000015	64993.7146510674	3.0476345464035773e8	2.0248219766369924e7
0.06656000000000015	64994.428438852476	3.047634366465763e8	2.0345722742478125e7
0.06688000000000015	64995.122976467625	3.047634176900007e8	2.0443225624259092e7
0.06720000000000015	64995.84154817409	3.0476339832367104e8	2.0540728488346875e7
0.06752000000000015	64996.57769742171	3.047633789327124e8	2.0638231354308076e7
0.06784000000000015	64997.28473551638	3.047633610339671e8	2.0735734281483434e7
0.06816000000000015	64997.99560852264	3.0476334180768687e8	2.083323710983983e7
0.06848000000000015	64998.71959134995	3.0476332206938756e8	2.093073990258544e7
0.06880000000000015	64999.40491330857	3.04763303483363e8	2.102824272551069e7
0.06912000000000015	65000.1493579496	3.0476328386297417e8	2.1125745519643147e7
0.06944000000000015	65000.85479407056	3.0476326486766976e8	2.1223248307848208e7
0.06976000000000016	65001.58840389072	3.0476324683163846e8	2.132075117657198e7
0.07008000000000016	65002.29809652264	3.047632272380595e8	2.1418253901889175e7
0.07040000000000016	65003.05041834149	3.0476320787757427e8	2.1515756670250166e7
0.07072000000000016	65003.75003429699	3.047631902702869e8	2.161325950074661e7
0.07104000000000016	65004.47878303784	3.047631701874891e8	2.1710762170729563e7
0.07136000000000016	65005.183562436854	3.0476315173423564e8	2.1808264921418525e7
0.07168000000000016	65005.92962367569	3.0476313199222606e8	2.1905767605791062e7
0.07200000000000016	65006.65029815095	3.0476311310339177e8	2.200327031492094e7
0.07232000000000016	65007.34178489091	3.047630944645407e8	2.2100773002502643e7
0.07264000000000016	65008.06671651046	3.047630757436792e8	2.219827570277113e7
0.07296000000000016	65008.835175398875	3.0476305581323916e8	2.229577834269498e7
0.07328000000000016	65009.54446009544	3.047630370388085e8	2.2393280999245998e7
0.07360000000000017	65010.30362833852	3.0476301649287534e8	2.2490783559156965e7
0.07392000000000017	65011.01062912895	3.0476299806984913e8	2.258828621404672e7
0.07424000000000017	65011.7523104886	3.047629783103024e8	2.268578878957586e7
0.07456000000000017	65012.497460993036	3.047629597477398e8	2.278329144444183e7
0.07488000000000017	65013.20488883574	3.0476294122263986e8	2.288079405485808e7
0.07520000000000017	65013.94687458844	3.0476292131202155e8	2.2978296580733694e7
0.07552000000000017	65014.67805334232	3.047629022117231e8	2.3075799144596137e7
0.07584000000000017	65015.40525717345	3.0476288276388407e8	2.317330166573549e7
0.07616000000000017	65016.152143152365	3.047628635622592e8	2.327080421089764e7
0.07648000000000017	65016.8748653898	3.047628446396745e8	2.336830674231804e7
0.07680000000000017	65017.608912107295	3.047628249362111e8	2.346580921164872e7
0.07712000000000017	65018.350476186344	3.047628055024724e8	2.3563311695638187e7
0.07744000000000018	65019.11089158864	3.047627862831124e8	2.366081420070842e7
0.07776000000000018	65019.81228869752	3.047627673264588e8	2.3758316658990618e7
0.07808000000000018	65020.556263854705	3.0476274966971785e8	2.3855819245442398e7
0.07840000000000018	65021.30436360551	3.047627294160151e8	2.3953321620317135e7
0.07872000000000018	65022.05566377702	3.047627092173762e8	2.4050823989033833e7
0.07904000000000018	65022.79721757941	3.047626903146607e8	2.414832643779634e7
0.07936000000000018	65023.53081914196	3.0476267108318156e8	2.4245828840574678e7
0.07968000000000018	65024.27883207055	3.04762651531364e8	2.4343331218313873e7
0.08000000000000018	65025.015580617655	3.0476263235554785e8	2.444083360277805e7
0.08032000000000018	65025.74151321065	3.047626138438858e8	2.4538336017895833e7
0.08064000000000018	65026.50654514961	3.0476259309910804e8	2.463583827656948e7
0.08096000000000018	65027.25498089638	3.0476257351380974e8	2.4733340600095738e7
0.08128000000000019	65028.00335742532	3.047625548281428e8	2.483084298367604e7
0.08160000000000019	65028.736822180545	3.047625355784576e8	2.4928345295099687e7
0.08192000000000019	65029.48294488014	3.047625154529025e8	2.5025847533603866e7
0.08224000000000019	65030.23791457036	3.0476249650866526e8	2.5123349864021163e7
0.08256000000000019	65031.00347216314	3.047624762348885e8	2.5220852081777953e7
0.08288000000000019	65031.72024727267	3.047624573987777e8	2.5318354360483933e7
0.08320000000000019	65032.47713294259	3.0476243802499664e8	2.541585661871526e7
0.08352000000000019	65033.23886355692	3.047624190173456e8	2.5513358899082433e7
0.08384000000000019	65034.00504082618	3.047623990806253e8	2.5610861092977885e7
0.08416000000000019	65034.74588661782	3.04762379017974e8	2.570836323982555e7
0.0844800000000002	65035.505083230426	3.0476236033934665e8	2.5805865507081866e7
0.0848000000000002	65036.24057887883	3.047623413209227e8	2.590336771139209e7
0.0851200000000002	65036.98901432218	3.047623210580079e8	2.6000869808967113e7
0.0854400000000002	65037.761162564304	3.0476230195777255e8	2.609837201412098e7
0.0857600000000002	65038.522583974554	3.047622817828724e8	2.619587410458637e7
0.0860800000000002	65039.2474904975	3.0476226277582633e8	2.6293376248809706e7
0.0864000000000002	65040.00950062601	3.0476224301162845e8	2.639087834888453e7
0.0867200000000002	65040.76017327156	3.0476222370381016e8	2.6488380465045523e7
0.0870400000000002	65041.52512196705	3.047622040852967e8	2.6585882554359637e7
0.0873600000000002	65042.29471015552	3.0476218442649585e8	2.6683384631343015e7
0.0876800000000002	65043.05014663423	3.04762164916539e8	2.6780886695391983e7
0.0880000000000002	65043.83212151887	3.047621440841502e8	2.6878388654300105e7
0.0883200000000002	65044.58284928922	3.0476212501666063e8	2.697589072676357e7
0.0886400000000002	65045.36346669	3.0476210484155893e8	2.707339271560485e7
0.0889600000000002	65046.12015126545	3.0476208570447093e8	2.7170894761572406e7
0.0892800000000002	65046.848592105736	3.0476206619158816e8	2.7268396735534858e7
0.08960000000000021	65047.63156013522	3.047620463217331e8	2.73658987141997e7
0.08992000000000021	65048.40615391867	3.047620266855342e8	2.7463400693035856e7
0.09024000000000021	65049.16361098112	3.047620066248933e8	2.756090260491716e7
0.09056000000000021	65049.94918788905	3.047619858356962e8	2.7658404463070147e7
0.09088000000000021	65050.71428195122	3.047619670583489e8	2.775590647163082e7
0.09120000000000021	65051.47696790158	3.047619471522845e8	2.7853408362556837e7
0.09152000000000021	65052.22916806128	3.047619273580481e8	2.7950910240963224e7
0.09184000000000021	65053.0130811131	3.0476190795080733e8	2.8048412170561954e7
0.09216000000000021	65053.78801536553	3.0476188763154566e8	2.8145913995035183e7
0.09248000000000021	65054.557732017776	3.047618681850155e8	2.8243415881983258e7
0.09280000000000022	65055.33332142653	3.047618480124094e8	2.8340917693940856e7
0.09312000000000022	65056.08070867912	3.047618290542023e8	2.8438419580000475e7
0.09344000000000022	65056.858683477396	3.047618090371271e8	2.8535921382237315e7
0.09376000000000022	65057.64740095078	3.047617881441584e8	2.8633423098777e7
0.09408000000000022	65058.39822399129	3.0476176921764797e8	2.8730924952115465e7
0.09440000000000022	65059.19720244091	3.0476174802362615e8	2.8828426622416906e7
0.09472000000000022	65059.95829155532	3.0476172888857365e8	2.8925928439367943e7
0.09504000000000022	65060.75420971047	3.04761708475788e8	2.902343015366858e7
0.09536000000000022	65061.50419892593	3.0476168900632924e8	2.912093190280214e7
0.09568000000000022	65062.30686996317	3.0476166896328133e8	2.921843363175547e7
0.09600000000000022	65063.06702180716	3.0476164856714326e8	2.9315935275033537e7
0.09632000000000022	65063.858746758226	3.047616297810984e8	2.941343708838774e7
0.09664000000000023	65064.62477466638	3.0476160868383265e8	2.95109386426421e7
0.09696000000000023	65065.41266709217	3.04761588928339e8	2.960844033274671e7
0.09728000000000023	65066.19330152567	3.047615689229136e8	2.9705941978838257e7
0.09760000000000023	65066.95790324276	3.047615495600587e8	2.9803443659873683e7
0.09792000000000023	65067.73178503315	3.0476152907245433e8	2.990094522626344e7
0.09824000000000023	65068.52806697778	3.0476150921373755e8	2.9998446861027323e7
0.09856000000000023	65069.324845731135	3.047614886698123e8	3.009594841548571e7
0.09888000000000023	65070.11143916663	3.04761468149059e8	3.0193449949399088e7
0.09920000000000023	65070.885694358636	3.0476144802550316e8	3.0290951497963462e7
0.09952000000000023	65071.66842018239	3.04761428803946e8	3.0388453130547784e7
0.09984000000000023	65072.4843951924	3.0476140767873996e8	3.0485954590198644e7
0.10016000000000023	65073.257480839435	3.0476138785101265e8	3.0583456127169058e7
0.10048000000000024	65074.043718800945	3.047613675707849e8	3.0680957617318477e7
0.10080000000000024	65074.842378060166	3.047613475883654e8	3.0778459135173652e7
0.10112000000000024	65075.63071368457	3.047613267135713e8	3.087596054021232e7
0.10144000000000024	65076.40919568846	3.047613071575759e8	3.097346205631145e7
0.10176000000000024	65077.206897797085	3.0476128669089234e8	3.1070963483989153e7
0.10208000000000024	65077.99554733047	3.0476126616089773e8	3.1168464883466374e7
0.10240000000000024	65078.790332317076	3.047612463837135e8	3.126596635189462e7
0.10272000000000024	65079.59245639417	3.0476122599379945e8	3.1363467750802424e7
0.10304000000000024	65080.36505849282	3.0476120580587304e8	3.1460969130480096e7
0.10336000000000024	65081.15938355866	3.047611856252413e8	3.1558470516974688e7
0.10368000000000024	65081.95501353103	3.0476116536875206e8	3.1655971883350015e7
0.10400000000000025	65082.745745094566	3.047611445775679e8	3.1753473176254738e7
0.10432000000000025	65083.54853067783	3.04761124143201e8	3.185097450336676e7
0.10464000000000025	65084.355305631994	3.047611042792645e8	3.1948475880148765e7
0.10496000000000025	65085.15506891299	3.04761083748783e8	3.2045977167465217e7
0.10528000000000025	65085.95305808379	3.047610629885441e8	3.214347841535413e7
0.10560000000000025	65086.75093666071	3.047610426901076e8	3.2240979698113184e7
0.10592000000000025	65087.562170866295	3.047610224746197e8	3.233848098809752e7
0.10624000000000025	65088.33628817305	3.0476100226389146e8	3.243598223195682e7
0.10656000000000025	65089.13767175306	3.0476098159135854e8	3.2533483437536694e7
0.10688000000000025	65089.94059667371	3.047609614183512e8	3.2630984684139155e7
0.10720000000000025	65090.73872010019	3.0476094104307514e8	3.2728485891347036e7
0.10752000000000025	65091.56148070206	3.0476091989432925e8	3.2825987023828655e7
0.10784000000000026	65092.344589075794	3.0476090008118683e8	3.2923488250903856e7
0.10816000000000026	65093.15159057932	3.047608799036059e8	3.3020989446688633e7
0.10848000000000026	65093.973744034185	3.047608585045354e8	3.311849051004436e7
0.10880000000000026	65094.793943830315	3.0476083797947764e8	3.321599165252999e7
0.10912000000000026	65095.58071513867	3.047608174336925e8	3.331349274931211e7
0.10944000000000026	65096.38708968918	3.0476079725939834e8	3.3410993890555225e7
0.10976000000000026	65097.19638536456	3.0476077633793116e8	3.350849493896151e7
0.11008000000000026	65098.007026778454	3.047607558708511e8	3.3605996024676636e7
0.11040000000000026	65098.81683574247	3.0476073512036335e8	3.370349706474527e7
0.11072000000000026	65099.63202722608	3.04760714266228e8	3.380099808432602e7
0.11104000000000026	65100.43820509797	3.0476069425788516e8	3.389849917594245e7
0.11136000000000026	65101.23467970043	3.0476067361796147e8	3.399600017528204e7
0.11168000000000027	65102.07010747639	3.0476065171533483e8	3.409350105448655e7
0.11200000000000027	65102.88240108959	3.0476063117972636e8	3.41910020517016e7
0.11232000000000027	65103.689219986656	3.047606116159916e8	3.428850313955505e7
0.11264000000000027	65104.513771160666	3.047605900060147e8	3.438600399961756e7
0.11296000000000027	65105.33073283607	3.047605689192384e8	3.4483504897690505e7
0.11328000000000027	65106.135816436996	3.0476054898059237e8	3.458100590127274e7
0.11360000000000027	65106.938710857416	3.0476052872580016e8	3.4678506853724286e7
0.11392000000000027	65107.744282660526	3.047605070706328e8	3.477600763554055e7
0.11424000000000027	65108.59038133624	3.0476048625426465e8	3.487350853470345e7
0.11456000000000027	65109.40446797498	3.0476046584957504e8	3.497100943881953e7
0.11488000000000027	65110.216328094495	3.047604446257523e8	3.506851023328283e7
0.11520000000000027	65111.047577507255	3.047604237139328e8	3.516601106674173e7
0.11552000000000028	65111.86582206	3.047604029363223e8	3.5263511890286334e7
0.11584000000000028	65112.690607964534	3.047603815071442e8	3.536101263031561e7
0.11616000000000028	65113.50020679189	3.04760361248171e8	3.54585134786104e7
0.11648000000000028	65114.33930137924	3.0476033973221976e8	3.5556014193068594e7
0.11680000000000028	65115.14654657977	3.0476031945643026e8	3.565351500994108e7
0.11712000000000028	65115.98530482534	3.047602983907424e8	3.5751015748629756e7
0.11744000000000028	65116.79710162017	3.047602777021484e8	3.5848516493790396e7
0.11776000000000028	65117.62225561836	3.047602573346516e8	3.5946017274787456e7
0.11808000000000028	65118.43187801246	3.0476023564856976e8	3.6043517872825064e7
0.11840000000000028	65119.28811216221	3.0476021448212653e8	3.614101855908355e7
0.11872000000000028	65120.08807788696	3.047601941376259e8	3.623851927924031e7
0.11904000000000028	65120.93058011599	3.0476017255553466e8	3.633601987601479e7
0.11936000000000029	65121.76564721797	3.047601514261306e8	3.64335205059226e7
0.11968000000000029	65122.598295697804	3.047601298018113e8	3.653102106041253e7
0.12000000000000029	65123.4081076852	3.047601096551833e8	3.662852175775685e7
0.12032000000000029	65124.24700667091	3.047600886166027e8	3.6726022359956555e7
0.12064000000000029	65125.07627405398	3.0476006698368484e8	3.682352286798418e7
0.12096000000000029	65125.9088684355	3.0476004606645745e8	3.692102345113049e7
0.12128000000000029	65126.77362010376	3.047600240346499e8	3.701852391343789e7
0.12160000000000029	65127.5782253261	3.047600041135137e8	3.7116024564916484e7
0.12192000000000029	65128.425963679176	3.047599822577842e8	3.721352500513933e7
0.12224000000000029	65129.24970929042	3.0475996088522327e8	3.731102546883461e7
0.1225600000000003	65130.09923865144	3.047599402789112e8	3.7408526034859404e7
0.1228800000000003	65130.94127700158	3.0475991821131605e8	3.750602640101949e7
0.1232000000000003	65131.76973498181	3.047598970100701e8	3.7603526847344354e7
0.1235200000000003	65132.61703363355	3.0475987614446956e8	3.770102733754261e7
0.1238400000000003	65133.439915908035	3.0475985465075266e8	3.779852771466602e7
0.1241600000000003	65134.2869347552	3.047598338281155e8	3.7896028181967854e7
0.1244800000000003	65135.116141005085	3.0475981246429396e8	3.7993528552439176e7
0.1248000000000003	65135.967789707276	3.047597911028698e8	3.8091028928647794e7
0.1251200000000003	65136.805698572156	3.0475976988351953e8	3.8188529296395615e7
0.12544000000000027	65137.65672816082	3.0475974796668017e8	3.828602957400862e7
0.12576000000000026	65138.49591630843	3.047597272498184e8	3.838352997760711e7
0.12608000000000025	65139.33607009983	3.047597057545642e8	3.8481030270113915e7
0.12640000000000023	65140.17570086794	3.0475968425008124e8	3.8578530546702616e7
0.12672000000000022	65141.03475975341	3.047596626259357e8	3.867603081079363e7
0.1270400000000002	65141.87789518349	3.047596413636014e8	3.877353109255936e7
0.1273600000000002	65142.709728806	3.0475962022966146e8	3.887103136666749e7
0.12768000000000018	65143.555996696705	3.047595984664554e8	3.896853155896412e7
0.12800000000000017	65144.41588017779	3.0475957674832726e8	3.906603175443345e7
0.12832000000000016	65145.26344476719	3.047595553541428e8	3.916353196628319e7
0.12864000000000014	65146.114784618534	3.04759534110075e8	3.926103218649882e7
0.12896000000000013	65146.94928165819	3.0475951257617366e8	3.9358532340525694e7
0.12928000000000012	65147.79949226007	3.047594908650666e8	3.9456032471009746e7
0.1296000000000001	65148.677698094776	3.047594690960713e8	3.955353260391929e7
0.1299200000000001	65149.52883293837	3.04759447096085e8	3.965103266877036e7
0.13024000000000008	65150.36865485409	3.047594262546599e8	3.9748532860048175e7
0.13056000000000006	65151.21578010501	3.0475940448045415e8	3.9846032922015965e7
0.13088000000000005	65152.08496360403	3.047593829997933e8	3.994353302709653e7
0.13120000000000004	65152.929613252	3.047593612887138e8	4.004103306632726e7
0.13152000000000003	65153.80353540716	3.047593394484195e8	4.0138533099550575e7
0.13184	65154.65287997673	3.047593180788563e8	4.02360331589607e7
0.13216	65155.513094068294	3.0475929580352265e8	4.033353309387711e7
0.13248	65156.372356225365	3.0475927444135624e8	4.043103313413734e7
0.13279999999999997	65157.230077941	3.0475925222719276e8	4.0528533045694776e7
0.13311999999999996	65158.084237785115	3.0475923054637784e8	4.062603301039786e7
0.13343999999999995	65158.95284040872	3.047592088778323e8	4.072353297483131e7
0.13375999999999993	65159.81111258808	3.047591874816286e8	4.082103295232079e7
0.13407999999999992	65160.66089972199	3.047591656407962e8	4.091853284860421e7
0.1343999999999999	65161.526805090056	3.0475914437102836e8	4.101603282106867e7
0.1347199999999999	65162.39937532926	3.0475912152095914e8	4.111353257223507e7
0.13503999999999988	65163.24350580556	3.0475910055169487e8	4.121103253760362e7
0.13535999999999987	65164.12398207935	3.0475907782776433e8	4.130853228292601e7
0.13567999999999986	65165.00188239253	3.047590562566209e8	4.1406032167325266e7
0.13599999999999984	65165.85441225747	3.047590341945356e8	4.150353194866899e7
0.13631999999999983	65166.72025536287	3.047590123754444e8	4.160103175997068e7
0.13663999999999982	65167.57742147037	3.0475899085347027e8	4.169853158986072e7
0.1369599999999998	65168.45808696314	3.047589688136332e8	4.1796031354782514e7
0.1372799999999998	65169.31738064346	3.047589468201079e8	4.189353109295498e7
0.13759999999999978	65170.183688071374	3.0475892457039607e8	4.199103078729902e7
0.13791999999999977	65171.06096374289	3.0475890268648326e8	4.2088530526755325e7
0.13823999999999975	65171.93441405854	3.0475888090150064e8	4.218603026202403e7
0.13855999999999974	65172.79316097538	3.0475885853562516e8	4.228352988963674e7
0.13887999999999973	65173.69136450232	3.0475883625922847e8	4.238102954878937e7
0.1391999999999997	65174.54792140184	3.047588144013976e8	4.24785292155252e7
0.1395199999999997	65175.425709750816	3.0475879285816085e8	4.257602892988524e7
0.1398399999999997	65176.30125532208	3.04758770511651e8	4.267352851563696e7
0.14015999999999967	65177.17958624937	3.04758748647517e8	4.2771028156531334e7
0.14047999999999966	65178.05021114858	3.047587260920186e8	4.286852767912416e7
0.14079999999999965	65178.93058071489	3.0475870418277043e8	4.296602728608892e7
0.14111999999999963	65179.792619869484	3.0475868199537224e8	4.306352682347217e7
0.14143999999999962	65180.68098712387	3.047586598951444e8	4.3161026381037414e7
0.1417599999999996	65181.57674048262	3.0475863714674604e8	4.325852583834435e7
0.1420799999999996	65182.43884082763	3.0475861569260824e8	4.335602543553598e7
0.14239999999999958	65183.32808820358	3.0475859215574735e8	4.3453524745146744e7
0.14271999999999957	65184.19810153519	3.047585709456952e8	4.355102435471798e7
0.14303999999999956	65185.09044363835	3.0475854828492266e8	4.364852376178178e7
0.14335999999999954	65185.96819573958	3.047585265397648e8	4.374602327253574e7
0.14367999999999953	65186.85617552061	3.047585035566615e8	4.38435225997012e7
0.14399999999999952	65187.74144449358	3.047584815841414e8	4.3941022054792695e7
0.1443199999999995	65188.65652890697	3.0475845824982476e8	4.403852132423321e7
0.1446399999999995	65189.499373430066	3.047584370830582e8	4.4136020829877436e7
0.14495999999999948	65190.41134939073	3.0475841371863276e8	4.423352006197303e7
0.14527999999999947	65191.29323425325	3.0475839168070096e8	4.433101944552525e7
0.14559999999999945	65192.169555257635	3.0475836961035585e8	4.442851880493566e7
0.14591999999999944	65193.05913204863	3.047583473943491e8	4.452601813972675e7
0.14623999999999943	65193.94232175412	3.0475832479340816e8	4.462351739798445e7
0.1465599999999994	65194.85348424391	3.047583021622223e8	4.472101666065272e7
0.1468799999999994	65195.734359967784	3.0475827928969944e8	4.481851584696805e7
0.1471999999999994	65196.6305298309	3.0475825695476764e8	4.491601511025745e7
0.14751999999999937	65197.50679170916	3.047582347930679e8	4.5013514367262974e7
0.14783999999999936	65198.41232799754	3.0475821224575335e8	4.511101357746141e7
0.14815999999999935	65199.30821561758	3.0475818946286595e8	4.520851272952841e7
0.14847999999999933	65200.19990638653	3.0475816705407e8	4.53060119184124e7
0.14879999999999932	65201.09020964915	3.0475814470314604e8	4.540351109981438e7
0.1491199999999993	65201.99926734169	3.0475812118445134e8	4.550101010816177e7
0.1494399999999993	65202.89034163741	3.047580996036485e8	4.5598509375178e7
0.14975999999999928	65203.778751751626	3.047580767834147e8	4.569600843992986e7
0.15007999999999927	65204.67940507665	3.047580536982884e8	4.579350746015886e7
0.15039999999999926	65205.58508566782	3.0475803139415973e8	4.589100658677018e7
0.15071999999999924	65206.487771883374	3.04758008332832e8	4.598850558185911e7
0.15103999999999923	65207.3815000788	3.04757985992674e8	4.6086004662931554e7
0.15135999999999922	65208.27806425091	3.047579633455052e8	4.618350368507187e7
0.1516799999999992	65209.192672394194	3.047579401562603e8	4.6281002625229165e7
0.1519999999999992	65210.09571131422	3.047579174073897e8	4.637850160708618e7
0.15231999999999918	65210.990790347794	3.0475789480910444e8	4.64760005899957e7
0.15263999999999917	65211.9013716924	3.047578720873844e8	4.657349955216442e7
0.15295999999999915	65212.80832746293	3.0475784911235815e8	4.667099845739174e7
0.15327999999999914	65213.70492515602	3.0475782610812926e8	4.676849733408802e7
0.15359999999999913	65214.62370181498	3.047578032813473e8	4.686599624151589e7
0.1539199999999991	65215.53116710849	3.047577806939573e8	4.696349516102351e7
0.1542399999999991	65216.431012778536	3.047577577731006e8	4.706099400761613e7
0.1545599999999991	65217.34559119303	3.0475773446609765e8	4.7158492791736394e7
0.15487999999999907	65218.25887989697	3.047577113994542e8	4.725599159649176e7
0.15519999999999906	65219.161233582854	3.0475768859305835e8	4.73534904170525e7
0.15551999999999905	65220.08031683073	3.047576659576208e8	4.745098926315486e7
0.15583999999999903	65220.97909833769	3.0475764303810936e8	4.754848803277432e7
0.15615999999999902	65221.91046626642	3.047576198555076e8	4.764598677356363e7
0.156479999999999	65222.818954990435	3.0475759687357986e8	4.774348551102239e7
0.156799999999999	65223.738753709746	3.04757573404554e8	4.7840984166350886e7
0.15711999999999898	65224.65027994595	3.0475755045408225e8	4.793848288057306e7
0.15743999999999897	65225.566615203716	3.047575274905574e8	4.803598158152034e7
0.15775999999999896	65226.47588031983	3.0475750486972106e8	4.813348031529232e7
0.15807999999999894	65227.39748274667	3.047574811518946e8	4.823097887097986e7
0.15839999999999893	65228.32574589602	3.0475745805646145e8	4.832847751509091e7
0.15871999999999892	65229.24419057836	3.0475743452777404e8	4.842597606680062e7
0.1590399999999989	65230.15621334744	3.047574118665615e8	4.852347473542678e7
0.1593599999999989	65231.07184821248	3.0475738883227354e8	4.862097333254926e7
0.15967999999999888	65231.98840467867	3.0475736586352396e8	4.8718471925583385e7
0.15999999999999887	65232.928632055504	3.047573416746806e8	4.881597032799948e7
0.16031999999999885	65233.85415418906	3.047573189240624e8	4.891346893256152e7
0.16063999999999884	65234.76669273722	3.047572954633278e8	4.901096739699984e7
0.16095999999999883	65235.695788660225	3.047572723688966e8	4.9108465918691754e7
0.1612799999999988	65236.62103282486	3.047572487900337e8	4.9205964343648925e7
0.1615999999999988	65237.55124792761	3.0475722531944144e8	4.930346277458764e7
0.1619199999999988	65238.472891585974	3.047572023989139e8	4.9400961271792755e7
0.16223999999999877	65239.40319219017	3.047571786353209e8	4.949845962421238e7
0.16255999999999876	65240.33649278069	3.047571551684923e8	4.959595801158225e7
0.16287999999999875	65241.256206414364	3.0475713220472467e8	4.969345645390069e7
0.16319999999999873	65242.18710597392	3.047571088260878e8	4.9790954822587416e7
0.16351999999999872	65243.10895159708	3.047570858158872e8	4.9888453228389315e7
0.1638399999999987	65244.05715507209	3.0475706160233635e8	4.998595144375718e7
0.1641599999999987	65244.98848701673	3.04757038284625e8	5.008344977598063e7
0.16447999999999868	65245.91482033477	3.047570149978228e8	5.018094809359218e7
0.16479999999999867	65246.8463903641	3.047569911211213e8	5.027844630286562e7
0.16511999999999866	65247.784246387324	3.04756967733073e8	5.037594458219623e7
0.16543999999999864	65248.72500723317	3.04756944182745e8	5.0473442821534954e7
0.16575999999999863	65249.64596327133	3.047569206813237e8	5.05709410367842e7
0.16607999999999862	65250.58484709661	3.0475689737441015e8	5.066843928365731e7
0.1663999999999986	65251.52499246913	3.0475687357327825e8	5.07659374338268e7
0.1667199999999986	65252.48127791357	3.047568496563839e8	5.086343556231115e7
0.16703999999999858	65253.40982814553	3.047568260061006e8	5.096093369630907e7
0.16735999999999857	65254.3532319439	3.047568024884355e8	5.105843184913918e7
0.16767999999999855	65255.289547992674	3.0475677892816424e8	5.115592997327073e7
0.16799999999999854	65256.23672623492	3.0475675506722057e8	5.125342804024884e7
0.16831999999999853	65257.18736716027	3.047567306321864e8	5.135092599759869e7
0.1686399999999985	65258.12025830973	3.04756707305263e8	5.1448424110817045e7
0.1689599999999985	65259.06393343819	3.047566841095977e8	5.154592223964841e7
0.1692799999999985	65260.00263961283	3.0475666021093845e8	5.164342022989998e7
0.16959999999999847	65260.95441842531	3.047566360845703e8	5.1740918176491715e7
0.16991999999999846	65261.89094157559	3.047566124597616e8	5.183841617959501e7
0.17023999999999845	65262.85033296554	3.047565883312655e8	5.193591410020645e7
0.17055999999999844	65263.80143140675	3.0475656436968356e8	5.203341202635202e7
0.17087999999999842	65264.749294488276	3.047565408810417e8	5.213091001468697e7
0.1711999999999984	65265.69867691131	3.047565167391389e8	5.222840787680352e7
0.1715199999999984	65266.65230972807	3.047564925310947e8	5.232590571503843e7
0.17183999999999838	65267.59621674569	3.0475646902185434e8	5.242340364919782e7
0.17215999999999837	65268.552239756944	3.04756445166495e8	5.252090151814944e7
0.17247999999999836	65269.510280837545	3.047564210924494e8	5.261839933517277e7
0.17279999999999834	65270.45258633276	3.0475639711503696e8	5.27158971398573e7
0.17311999999999833	65271.41645798934	3.0475637286972576e8	5.28133949000472e7
0.17343999999999832	65272.37741361228	3.047563489440974e8	5.2910892697138734e7
0.1737599999999983	65273.321246778985	3.047563251596766e8	5.300839048869184e7
0.1740799999999983	65274.27742032329	3.0475630131424624e8	5.3105888263990454e7
0.17439999999999828	65275.24173939437	3.0475627659639525e8	5.320338587799085e7
0.17471999999999827	65276.21298671869	3.047562524798427e8	5.330088358633127e7
0.17503999999999825	65277.16908111674	3.0475622820510876e8	5.3398381238426864e7
0.17535999999999824	65278.12456620933	3.0475620427557355e8	5.349587893440632e7
0.17567999999999823	65279.07724370192	3.04756180343523e8	5.359337661170311e7
0.1759999999999982	65280.04479556812	3.047561557892057e8	5.36908741758112e7
0.1763199999999982	65281.004835628504	3.047561318751477e8	5.378837183028851e7
0.1766399999999982	65281.9625835885	3.047561075878802e8	5.388586940103543e7
0.17695999999999817	65282.93516283139	3.047560830784394e8	5.39833669285165e7
0.17727999999999816	65283.89277800331	3.047560591876961e8	5.408086453706052e7
0.17759999999999815	65284.86513159667	3.047560350181491e8	5.4178362092306934e7
0.17791999999999814	65285.84200408817	3.0475601043475485e8	5.427585956154574e7
0.17823999999999812	65286.80059732396	3.047559859076626e8	5.437335700944006e7
0.1785599999999981	65287.77477504283	3.0475596172521937e8	5.44708545153658e7
0.1788799999999981	65288.73430332623	3.047559376580651e8	5.456835201378524e7
0.17919999999999808	65289.71328374825	3.0475591263878477e8	5.4665849341532946e7
0.17951999999999807	65290.68651616107	3.0475588850017715e8	5.4763346806024e7
0.17983999999999806	65291.65207849733	3.0475586428060406e8	5.4860844233591944e7
0.18015999999999804	65292.623348276735	3.047558397178256e8	5.495834158788872e7
0.18047999999999803	65293.6063950537	3.047558148935126e8	5.505583888829343e7
0.18079999999999802	65294.5859729297	3.047557904939381e8	5.5153336246132426e7
0.181119999999998	65295.54961133813	3.0475576622921336e8	5.5250833599100254e7
0.181439999999998	65296.514771977454	3.047557420693936e8	5.534833095620191e7
0.18175999999999798	65297.50979258964	3.0475571723871243e8	5.544582819972044e7
0.18207999999999797	65298.48070692258	3.0475569252147174e8	5.554332542764876e7
0.18239999999999795	65299.45502880353	3.047556681776405e8	5.564082271003255e7
0.18271999999999794	65300.43763298062	3.047556432968091e8	5.573831988486101e7
0.18303999999999793	65301.42056634411	3.047556187461311e8	5.5835817103837095e7
0.1833599999999979	65302.3858025905	3.0475559460111564e8	5.5933314366401754e7
0.1836799999999979	65303.38454874153	3.047555694447747e8	5.60308114544904e7
0.1839999999999979	65304.369998768154	3.047555447569755e8	5.612830860120184e7
0.18431999999999787	65305.339671486654	3.04755520371279e8	5.622580577429673e7
0.18463999999999786	65306.32963525649	3.0475549550700456e8	5.632330285934407e7
0.18495999999999785	65307.31182393418	3.04755470597632e8	5.642079991316634e7
0.18527999999999784	65308.30338231007	3.047554457348838e8	5.651829696669024e7
0.18559999999999782	65309.28525665485	3.04755420893741e8	5.661579399979069e7
0.1859199999999978	65310.28013306634	3.0475539612368613e8	5.671329104016578e7
0.1862399999999978	65311.26771278246	3.047553717477553e8	5.681078813151523e7
0.18655999999999778	65312.24249737348	3.047553468998987e8	5.690828510818149e7
0.18687999999999777	65313.24113575328	3.047553216672455e8	5.700578201580647e7
0.18719999999999776	65314.2376568826	3.047552965273359e8	5.710327892228411e7
0.18751999999999774	65315.23355248135	3.047552719936324e8	5.7200775925201975e7
0.18783999999999773	65316.222294433144	3.047552469953126e8	5.7298272818697475e7
0.18815999999999772	65317.21286403722	3.0475522183184785e8	5.739576966597134e7
0.1884799999999977	65318.209525525424	3.0475519695769405e8	5.749326655597963e7
0.1887999999999977	65319.199176787355	3.0475517217533535e8	5.759076344107482e7
0.18911999999999768	65320.19173091805	3.047551473353348e8	5.768826030112857e7
0.18943999999999767	65321.20556305822	3.047551215837423e8	5.778575698920462e7
0.18975999999999765	65322.18785330275	3.04755097309894e8	5.788325391501103e7
0.19007999999999764	65323.194832235844	3.047550720409588e8	5.798075065550326e7
0.19039999999999763	65324.195008927716	3.047550466464954e8	5.807824734977123e7
0.1907199999999976	65325.19285156455	3.047550218133431e8	5.817574413231099e7
0.1910399999999976	65326.19978914223	3.047549965095092e8	5.8273240815757334e7
0.1913599999999976	65327.194893912114	3.0475497125598377e8	5.8370737482423335e7
0.19167999999999757	65328.20360757928	3.0475494611978674e8	5.846823416578006e7
0.19199999999999756	65329.19676227078	3.047549211965836e8	5.856573086072723e7
0.19231999999999755	65330.20223006966	3.0475489584809506e8	5.866322746724208e7
0.19263999999999754	65331.21778347967	3.047548704283645e8	5.8760724051309064e7
0.19295999999999752	65332.21341727394	3.047548454793885e8	5.885822069321833e7
0.1932799999999975	65333.23119915886	3.0475481997974485e8	5.895571722995731e7
0.1935999999999975	65334.231554328195	3.0475479480374426e8	5.905321379832953e7
0.19391999999999748	65335.25112205217	3.0475476904180163e8	5.915071025180987e7
0.19423999999999747	65336.25123269197	3.0475474393101585e8	5.9248206798953004e7
0.19455999999999746	65337.261014379896	3.0475471890989107e8	5.9345703354619056e7
0.19487999999999744	65338.27204417191	3.0475469347654444e8	5.944319981429641e7
0.19519999999999743	65339.29700415018	3.0475466775635135e8	5.954069621226794e7
0.19551999999999742	65340.306630563515	3.047546423293145e8	5.963819263810494e7
0.1958399999999974	65341.308392683546	3.0475461712147987e8	5.973568908362689e7
0.1961599999999974	65342.33180640352	3.047545915049419e8	5.9833185449607864e7
0.19647999999999738	65343.33609677815	3.047545661377891e8	5.993068183217248e7
0.19679999999999737	65344.370006438185	3.047545404147922e8	6.002817815161947e7
0.19711999999999735	65345.38999043285	3.0475451461932343e8	6.012567442847575e7
0.19743999999999734	65346.40348537607	3.047544894357683e8	6.022317080377851e7
0.19775999999999733	65347.42688349046	3.0475446349453753e8	6.0320667020421945e7
0.1980799999999973	65348.44494976946	3.0475443838600457e8	6.0418163380473085e7
0.1983999999999973	65349.45888112026	3.0475441279991984e8	6.051565962574238e7
0.1987199999999973	65350.49168379047	3.0475438699981964e8	6.061315582657972e7
0.19903999999999727	65351.51282995392	3.0475436114888686e8	6.071065199078989e7
0.19935999999999726	65352.535295010835	3.047543354122921e8	6.080814816165232e7
0.19967999999999725	65353.557898368585	3.0475430977202374e8	6.090564433473408e7
0.19999999999999724	65354.58508859301	3.047542842746163e8	6.10031405229933e7
0.20031999999999722	65355.601396260536	3.047542586139061e8	6.110063665286139e7
0.2006399999999972	65356.62847052504	3.0475423261596537e8	6.1198132706600636e7
0.2009599999999972	65357.66646473477	3.0475420674350774e8	6.129562877698645e7
0.20127999999999718	65358.68266138526	3.047541810413732e8	6.139312484702204e7
0.20159999999999717	65359.727553391596	3.047541549579935e8	6.1490620846009254e7
0.20191999999999716	65360.75462117288	3.047541291672668e8	6.158811687250171e7
0.20223999999999714	65361.78647263245	3.047541033080506e8	6.1685612871795684e7
0.20255999999999713	65362.820090521614	3.047540776317676e8	6.178310889234295e7
0.20287999999999712	65363.84976759045	3.047540514891748e8	6.188060479804964e7
0.2031999999999971	65364.886426546895	3.0475402551674014e8	6.1978100726505384e7
0.2035199999999971	65365.92632117896	3.047539993585148e8	6.2075596602440335e7
0.20383999999999708	65366.96047155302	3.0475397352839947e8	6.217309252327709e7
0.20415999999999707	65368.00343895862	3.047539472635284e8	6.2270588345177926e7
0.20447999999999705	65369.04084257266	3.047539212983101e8	6.236808420644864e7
0.20479999999999704	65370.07631971223	3.0475389569492227e8	6.246558012300861e7
0.20511999999999703	65371.11754343799	3.047538692557278e8	6.2563075855646916e7
0.20543999999999701	65372.15573280219	3.0475384326166624e8	6.266057165973486e7
0.205759999999997	65373.200861727666	3.047538170035931e8	6.275806739771082e7
0.206079999999997	65374.2383837282	3.0475379106060076e8	6.285556317710529e7
0.20639999999999697	65375.285217398035	3.047537648950915e8	6.295305890069449e7
0.20671999999999696	65376.335098500465	3.04753738529835e8	6.30505545679935e7
0.20703999999999695	65377.37867627783	3.047537121163364e8	6.31480502027605e7
0.20735999999999694	65378.42152513977	3.047536860740915e8	6.324554589636037e7
0.20767999999999692	65379.46725794335	3.047536599310216e8	6.334304155397144e7
0.2079999999999969	65380.52434881079	3.047536332602163e8	6.344053709340831e7
0.2083199999999969	65381.57055592938	3.047536071312984e8	6.353803271936886e7
0.20863999999999688	65382.6181382158	3.047535808461561e8	6.363552829643092e7
0.20895999999999687	65383.66849242892	3.0475355416911095e8	6.373302377630072e7
0.20927999999999686	65384.72194448555	3.0475352794028103e8	6.3830519334677e7
0.20959999999999684	65385.7637929404	3.0475350182536966e8	6.3928014890298456e7
0.20991999999999683	65386.821301162236	3.047534752136289e8	6.402551033661763e7
0.21023999999999682	65387.87615415058	3.0475344907274085e8	6.412300586212357e7
0.2105599999999968	65388.938894673	3.047534220373093e8	6.422050118809588e7
0.2108799999999968	65389.994261371125	3.0475339583633685e8	6.4317996666237265e7
0.21119999999999678	65391.04364104989	3.0475336960653275e8	6.44154921161228e7
0.21151999999999677	65392.10826068614	3.047533430185746e8	6.45129874848093e7
0.21183999999999675	65393.164987013	3.047533163724052e8	6.461048281724548e7
0.21215999999999674	65394.226022721305	3.0475328970489854e8	6.470797813082002e7
0.21247999999999673	65395.28356699772	3.047532634068023e8	6.480547350239104e7
0.21279999999999671	65396.34039817803	3.0475323649131835e8	6.490296872451299e7
0.2131199999999967	65397.4172812161	3.0475320969177985e8	6.500046396922136e7
0.2134399999999967	65398.47921539719	3.047531828661884e8	6.509795917876991e7
0.21375999999999667	65399.54285271644	3.0475315634372926e8	6.519545443660707e7
0.21407999999999666	65400.60274454548	3.047531297794246e8	6.52929496648872e7
0.21439999999999665	65401.67609810857	3.0475310293477833e8	6.5390444825958125e7
0.21471999999999664	65402.7435324377	3.047530761001013e8	6.5487939966653876e7
0.21503999999999662	65403.81525839816	3.0475304927517885e8	6.558543509495866e7
0.2153599999999966	65404.87429127538	3.047530226812235e8	6.568293024519117e7
0.2156799999999966	65405.939427607664	3.0475299613534784e8	6.578042539288265e7
0.21599999999999658	65407.01316427396	3.0475296901007026e8	6.587792040449493e7
0.21631999999999657	65408.09708100611	3.047529419737756e8	6.597541542528654e7
0.21663999999999656	65409.17140461549	3.047529149390844e8	6.607291042091372e7
0.21695999999999654	65410.24276256126	3.0475288841683745e8	6.61704055074088e7
0.21727999999999653	65411.319153128505	3.0475286101584977e8	6.6267900389250316e7
0.21759999999999652	65412.39078013387	3.047528342954941e8	6.636539539724483e7
0.2179199999999965	65413.47214556356	3.047528072246277e8	6.6462890318685405e7
0.2182399999999965	65414.54534406584	3.047527804574412e8	6.656038528199908e7
0.21855999999999648	65415.63476594947	3.047527528561103e8	6.6657880057861894e7
0.21887999999999647	65416.70826751531	3.0475272604275316e8	6.675537497539865e7
0.21919999999999645	65417.79131568997	3.0475269898838764e8	6.6852869829712786e7
0.21951999999999644	65418.87627179798	3.047526719705631e8	6.695036467552955e7
0.21983999999999643	65419.961880642986	3.047526443597097e8	6.704785937349829e7
0.22015999999999641	65421.04004236374	3.047526174097766e8	6.714535419280197e7
0.2204799999999964	65422.11094517333	3.0475259077008873e8	6.724284905691205e7
0.2207999999999964	65423.213103734226	3.047525627648709e8	6.734034362613282e7
0.22111999999999638	65424.30077260045	3.047525359153187e8	6.743783842097993e7
0.22143999999999636	65425.37914888593	3.0475250862134475e8	6.753533309229963e7
0.22175999999999635	65426.47433860435	3.0475248117376447e8	6.763282772448218e7
0.22207999999999634	65427.56187753941	3.047524538303944e8	6.773032235558864e7
0.22239999999999632	65428.654223878904	3.0475242641512173e8	6.782781695624644e7
0.2227199999999963	65429.7400887843	3.047523994872848e8	6.792531164218315e7
0.2230399999999963	65430.83724929791	3.047523717721267e8	6.802280614336322e7
0.22335999999999628	65431.93161654573	3.047523444582753e8	6.812030071356991e7
0.22367999999999627	65433.026075784015	3.047523169032123e8	6.821779521171254e7
0.22399999999999626	65434.118160869366	3.04752289748339e8	6.831528977931963e7
0.22431999999999624	65435.212695046954	3.047522622383852e8	6.841278425109671e7
0.22463999999999623	65436.31426422555	3.047522346238306e8	6.851027868652406e7
0.22495999999999622	65437.41189263714	3.04752206896091e8	6.860777307505675e7
0.2252799999999962	65438.51550693819	3.0475217970585096e8	6.870526757086648e7
0.2255999999999962	65439.618173049406	3.047521519454664e8	6.880276191920927e7
0.22591999999999618	65440.71043035783	3.0475212455255014e8	6.89002563240409e7
0.22623999999999617	65441.81251983457	3.0475209690977293e8	6.899775066172121e7
0.22655999999999615	65442.92073948754	3.0475206900286204e8	6.9095244925904e7
0.22687999999999614	65444.01906549913	3.047520415960639e8	6.919273927733372e7
0.22719999999999613	65445.132206991024	3.047520135215515e8	6.929023347026488e7
0.22751999999999611	65446.23222980437	3.047519860093053e8	6.938772776230884e7
0.2278399999999961	65447.32994920028	3.047519585343551e8	6.948522204275985e7
0.2281599999999961	65448.45597663615	3.047519303442066e8	6.9582716163594e7
0.22847999999999608	65449.55871978514	3.047519027076099e8	6.9680210374177e7
0.22879999999999606	65450.67221990092	3.047518749362605e8	6.97777045438312e7
0.22911999999999605	65451.77086003813	3.0475184732259655e8	6.987519871967271e7
0.22943999999999604	65452.894562032976	3.0475181906043094e8	6.997269274765779e7
0.22975999999999602	65454.00384362861	3.047517912921273e8	7.007018685919847e7
0.230079999999996	65455.119283742926	3.0475176347023356e8	7.016768094466907e7
0.230399999999996	65456.23301937751	3.0475173560523784e8	7.026517500037728e7
0.23071999999999598	65457.35161324257	3.047517074500085e8	7.036266897431378e7
0.23103999999999597	65458.46719191804	3.0475167964348114e8	7.046016300776054e7
0.23135999999999596	65459.585408621744	3.047516514492959e8	7.055765693503635e7
0.23167999999999594	65460.70803015063	3.0475162345324916e8	7.065515089284125e7
0.23199999999999593	65461.831185341616	3.047515951602061e8	7.075264476351692e7
0.23231999999999592	65462.95177691869	3.0475156711667454e8	7.08501386713647e7
0.2326399999999959	65464.07029583736	3.04751538981382e8	7.094763253760968e7
0.2329599999999959	65465.200911418855	3.047515107292321e8	7.104512636718774e7
0.23327999999999588	65466.31992040417	3.047514828343394e8	7.11426202524028e7
0.23359999999999587	65467.44332446104	3.0475145473026645e8	7.124011407355285e7
0.23391999999999585	65468.58455399939	3.047514261986449e8	7.133760778964087e7
0.23423999999999584	65469.69702195489	3.0475139825921184e8	7.143510160342804e7
0.23455999999999583	65470.832459527715	3.047513696615549e8	7.153259526181087e7
0.23487999999999581	65471.95760252044	3.0475134147122747e8	7.163008898896147e7
0.2351999999999958	65473.09119987896	3.0475131330002964e8	7.172758270831537e7
0.2355199999999958	65474.21865765202	3.0475128484207606e8	7.182507633668388e7
0.23583999999999578	65475.35041088838	3.047512565820772e8	7.192256999608578e7
0.23615999999999576	65476.48251242796	3.0475122815706193e8	7.202006359797275e7
0.23647999999999575	65477.61826080335	3.0475119974904466e8	7.211755718774727e7
0.23679999999999574	65478.75460457097	3.04751171209887e8	7.221505072801416e7
0.23711999999999572	65479.895765926005	3.0475114286356425e8	7.231254429868896e7
0.2374399999999957	65481.02195829451	3.047511145145124e8	7.241003783842905e7
0.2377599999999957	65482.17179371705	3.047510856948015e8	7.250753126542275e7
0.23807999999999568	65483.31532788905	3.0475105701452047e8	7.260502470163034e7
0.23839999999999567	65484.45447114039	3.0475102860934937e8	7.270251818099278e7
0.23871999999999566	65485.59426875982	3.0475099973632264e8	7.280001153025854e7
0.23903999999999564	65486.73373667193	3.0475097151624024e8	7.289750501614499e7
0.23935999999999563	65487.87369909622	3.047509428248013e8	7.29949983707936e7
0.23967999999999562	65489.02151347825	3.047509143363594e8	7.30924917609744e7
0.2399999999999956	65490.164402700044	3.047508853711339e8	7.318998501401685e7
0.2403199999999956	65491.31713503387	3.047508565601254e8	7.328747829232915e7
0.24063999999999558	65492.46454202631	3.0475082782162327e8	7.33849715648687e7
0.24095999999999557	65493.6156905444	3.0475079916271096e8	7.348246484029923e7
0.24127999999999555	65494.76107168124	3.047507702584894e8	7.357995803308725e7
0.24159999999999554	65495.922594696334	3.047507411442112e8	7.367745116813588e7
0.24191999999999553	65497.06912145887	3.0475071225039893e8	7.377494432577474e7
0.24223999999999551	65498.22324710921	3.0475068365939134e8	7.387243754329734e7
0.2425599999999955	65499.37161383818	3.047506548994055e8	7.396993069643362e7
0.2428799999999955	65500.519797947876	3.0475062597454494e8	7.406742379024553e7
0.24319999999999548	65501.69151690592	3.047505966478152e8	7.416491678488727e7
0.24351999999999546	65502.835406457794	3.047505681642418e8	7.426240994428305e7
0.24383999999999545	65504.00308085142	3.0475053872169346e8	7.435990286886597e7
0.24415999999999544	65505.16344330407	3.0475050972956365e8	7.445739587830585e7
0.24447999999999542	65506.328477441515	3.047504805079033e8	7.455488881586207e7
0.2447999999999954	65507.48331848653	3.04750451646935e8	7.465238181457041e7
0.2451199999999954	65508.650096701494	3.047504222160436e8	7.474987466338019e7
0.24543999999999538	65509.80594394514	3.0475039374945736e8	7.484736772103846e7
0.24575999999999537	65510.97920911656	3.047503641179803e8	7.494486048659211e7
0.24607999999999536	65512.14629151775	3.047503346724989e8	7.504235327353922e7
0.24639999999999534	65513.30474190036	3.047503059569022e8	7.513984621423277e7
0.24671999999999533	65514.48222862841	3.0475027629304653e8	7.52373389161922e7
0.24703999999999532	65515.641833856425	3.047502472477766e8	7.533483173776454e7
0.2473599999999953	65516.81867117421	3.0475021773947346e8	7.54323244384394e7
0.2476799999999953	65518.000440692886	3.047501882291567e8	7.552981712268764e7
0.24799999999999528	65519.15558466253	3.0475015924944717e8	7.562730989886113e7
0.24831999999999527	65520.34604962703	3.047501293643447e8	7.572480245747122e7
0.24863999999999525	65521.508228898674	3.047501002232361e8	7.582229515992683e7
0.24895999999999524	65522.69246303768	3.047500706518379e8	7.591978775242756e7
0.24927999999999523	65523.85715956456	3.047500414118738e8	7.601728039319728e7
0.24959999999999521	65525.05208483446	3.047500116633028e8	7.611477291024338e7
0.2499199999999952	65526.220480692966	3.047499822534468e8	7.621226547223812e7
0.2502399999999952	65527.40085541925	3.0474995257747453e8	7.630975795705111e7
0.2505599999999952	65528.58225408254	3.0474992316659105e8	7.640725048930408e7
0.25087999999999516	65529.762125738365	3.047498935792252e8	7.650474295655817e7
0.25119999999999515	65530.95665740459	3.047498638551394e8	7.660223538075459e7
0.25151999999999514	65532.137354360326	3.0474983405703944e8	7.669972775619206e7
0.2518399999999951	65533.32198133713	3.047498042815147e8	7.679722012042873e7
0.2521599999999951	65534.50673694643	3.047497746089378e8	7.689471249090643e7
0.2524799999999951	65535.69563378405	3.047497450425221e8	7.699220487153465e7
0.2527999999999951	65536.88848242881	3.047497151794122e8	7.708969716042797e7
0.25311999999999507	65538.07591210835	3.047496852635959e8	7.718718941205712e7
0.25343999999999506	65539.2611047295	3.0474965558749306e8	7.728468170286308e7
0.25375999999999505	65540.46276214962	3.0474962548577833e8	7.738217387820123e7
0.25407999999999503	65541.65088084465	3.0474959581711936e8	7.747966613343722e7
0.254399999999995	65542.84983483132	3.0474956571098846e8	7.757715826571079e7
0.254719999999995	65544.04273440746	3.0474953604943657e8	7.767465048668006e7
0.255039999999995	65545.24562084243	3.047495056653875e8	7.777214251107661e7
0.255359999999995	65546.42801843939	3.0474947599922454e8	7.78696346833201e7
0.25567999999999497	65547.63589203206	3.047494459535238e8	7.79671267577426e7
0.25599999999999495	65548.83622285821	3.047494158378178e8	7.806461878862962e7
0.25631999999999494	65550.03826071403	3.0474938583309644e8	7.816211082919146e7
0.2566399999999949	65551.23472231052	3.047493556973562e8	7.825960281201112e7
0.2569599999999949	65552.44773320602	3.047493253524667e8	7.835709473333198e7
0.2572799999999949	65553.6423081962	3.0474929550983137e8	7.845458674998301e7
0.2575999999999949	65554.84930416576	3.0474926530529624e8	7.855207866276617e7
0.2579199999999949	65556.05535543528	3.047492350083226e8	7.864957053090316e7
0.25823999999999486	65557.26874502184	3.047492044384288e8	7.874706231384261e7
0.25855999999999485	65558.47420480914	3.0474917447895867e8	7.884455422839239e7
0.25887999999999484	65559.68535073828	3.047491441714392e8	7.894204603710774e7
0.2591999999999948	65560.90125464332	3.0474911365765107e8	7.903953777571101e7
0.2595199999999948	65562.1035987053	3.0474908343354356e8	7.913702955914441e7
0.2598399999999948	65563.32194391216	3.047490530032765e8	7.923452128073978e7
0.2601599999999948	65564.53764159461	3.047490224809678e8	7.933201295617576e7
0.26047999999999477	65565.74428272109	3.047489924437581e8	7.942950473096047e7
0.26079999999999476	65566.96710062012	3.047489616321064e8	7.952699629573253e7
0.26111999999999475	65568.185722675	3.0474893117426527e8	7.962448792928931e7
0.26143999999999473	65569.40185347383	3.047489006957456e8	7.972197953532702e7
0.2617599999999947	65570.62190891469	3.0474887014258754e8	7.981947110444014e7
0.2620799999999947	65571.84536723398	3.047488393439925e8	7.991696259140532e7
0.2623999999999947	65573.08225622425	3.04748808362127e8	8.001445401969269e7
0.2627199999999947	65574.30459216688	3.047487777618147e8	8.011194551687206e7
0.26303999999999467	65575.52351941456	3.04748747154008e8	8.02094369892015e7
0.26335999999999465	65576.75299003524	3.0474871661364347e8	8.030692846669011e7
0.26367999999999464	65577.97528420684	3.0474868597121924e8	8.040441989165072e7
0.26399999999999463	65579.2083406417	3.047486550759794e8	8.050191123739564e7
0.2643199999999946	65580.43932764714	3.0474862430258334e8	8.059940259326175e7
0.2646399999999946	65581.66473966646	3.0474859355216706e8	8.06968939306268e7
0.2649599999999946	65582.89742564152	3.047485624524897e8	8.079438516033375e7
0.2652799999999946	65584.13050104139	3.047485317520173e8	8.089187647553523e7
0.26559999999999456	65585.3607133478	3.047485007077219e8	8.098936767687716e7
0.26591999999999455	65586.59793187349	3.0474846998539233e8	8.10868589483237e7
0.26623999999999454	65587.83670718984	3.0474843906101435e8	8.118435014666507e7
0.2665599999999945	65589.07330954043	3.047484078750457e8	8.128184125309867e7
0.2668799999999945	65590.31154847985	3.047483769646396e8	8.137933241352376e7
0.2671999999999945	65591.55216413717	3.0474834573370713e8	8.147682346947075e7
0.2675199999999945	65592.79777198554	3.0474831482905346e8	8.157431459557872e7
0.26783999999999447	65594.03903654302	3.047482834309192e8	8.16718055657567e7
0.26815999999999446	65595.2849078	3.047482522804917e8	8.176929658484189e7
0.26847999999999445	65596.51893004295	3.047482214348005e8	8.186678765634125e7
0.26879999999999443	65597.76526955492	3.047481902585304e8	8.196427862745637e7
0.2691199999999944	65599.01597344529	3.047481588141946e8	8.206176950886902e7
0.2694399999999944	65600.26145256167	3.0474812772207314e8	8.215926046044046e7
0.2697599999999944	65601.51299360621	3.047480965019102e8	8.225675136120203e7
0.2700799999999944	65602.76231764173	3.0474806504351926e8	8.235424217522286e7
0.27039999999999437	65604.01440484522	3.047480337369293e8	8.245173301137373e7
0.27071999999999435	65605.27290814828	3.0474800221053815e8	8.254922377186163e7
0.27103999999999434	65606.52430547547	3.0474797058513325e8	8.26467144793505e7
0.27135999999999433	65607.78513394645	3.047479392206218e8	8.274420524346621e7
0.2716799999999943	65609.03910623406	3.047479077492558e8	8.284169595267794e7
0.2719999999999943	65610.29707343863	3.047478763931793e8	8.293918667521249e7
0.2723199999999943	65611.55254944603	3.047478446475909e8	8.303667726898938e7
0.2726399999999943	65612.81690517381	3.047478130991101e8	8.313416790184379e7
0.27295999999999426	65614.0803369142	3.047477813318827e8	8.32316584533171e7
0.27327999999999425	65615.34642260033	3.04747749639459e8	8.332914900602184e7
0.27359999999999424	65616.60127836841	3.047477182507568e8	8.342663961257392e7
0.2739199999999942	65617.867523987	3.047476865157792e8	8.352413011165228e7
0.2742399999999942	65619.13891186063	3.047476546899529e8	8.36216205684276e7
0.2745599999999942	65620.4003803665	3.047476230251461e8	8.37191110410343e7
0.2748799999999942	65621.67019860374	3.0474759134516656e8	8.381660149445203e7
0.27519999999999417	65622.94888971538	3.0474755925692916e8	8.39140918208604e7
0.27551999999999416	65624.20896754495	3.0474752776293474e8	8.401158227615482e7
0.27583999999999415	65625.48974136729	3.0474749533480096e8	8.410907246780083e7
0.27615999999999413	65626.75809917746	3.047474637787093e8	8.420656286970909e7
0.2764799999999941	65628.03380259905	3.047474316466628e8	8.43040530966844e7
0.2767999999999941	65629.30563205536	3.047474000662851e8	8.440154345217901e7
0.2771199999999941	65630.59354043787	3.047473675155647e8	8.449903352937e7
0.2774399999999941	65631.86145016347	3.0474733589394325e8	8.459652382822324e7
0.27775999999999407	65633.14688750172	3.047473036436699e8	8.469401394407198e7
0.27807999999999405	65634.42789444594	3.047472713028691e8	8.479150401008558e7
0.27839999999999404	65635.71024177113	3.0474723935615474e8	8.488899416526213e7
0.27871999999999403	65636.99039854966	3.047472072843089e8	8.498648426271543e7
0.279039999999994	65638.27337616704	3.0474717534204245e8	8.508397437701498e7
0.279359999999994	65639.55882555991	3.047471430822992e8	8.518146438314132e7
0.279679999999994	65640.85228679082	3.04747110584907e8	8.527895430710417e7
0.279999999999994	65642.13828618209	3.0474707826157576e8	8.537644425280543e7
0.28031999999999396	65643.42332807722	3.047470460622359e8	8.547393421106488e7
0.28063999999999395	65644.71698421337	3.0474701367880803e8	8.557142410242862e7
0.28095999999999394	65646.0122359657	3.0474698109668505e8	8.566891391756094e7
0.2812799999999939	65647.30028489926	3.047469490558752e8	8.576640385809548e7
0.2815999999999939	65648.59858607792	3.047469164974231e8	8.586389363889673e7
0.2819199999999939	65649.89261352416	3.047468840062555e8	8.596138341392961e7
0.2822399999999939	65651.19466250662	3.0474685130131096e8	8.605887311276111e7
0.28255999999999387	65652.48328170546	3.0474681922358793e8	8.615636295742075e7
0.28287999999999386	65653.79145240624	3.047467863005303e8	8.625385255561848e7
0.28319999999999385	65655.07962735175	3.047467540914277e8	8.635134231976733e7
0.28351999999999383	65656.38810286015	3.0474672129376495e8	8.64488319101543e7
0.2838399999999938	65657.69510603086	3.047466884554985e8	8.654632146613395e7
0.2841599999999938	65658.9944771705	3.0474665595554405e8	8.664381109093206e7
0.2844799999999938	65660.29965044529	3.047466232070016e8	8.674130062753181e7
0.2847999999999938	65661.61005482558	3.047465903829279e8	8.683879012456718e7
0.28511999999999377	65662.92688990937	3.047465573617713e8	8.693627954816139e7
0.28543999999999375	65664.22622139647	3.047465248908552e8	8.703376909433256e7
0.28575999999999374	65665.54575196464	3.047464916808247e8	8.713125842210844e7
0.28607999999999373	65666.85423969926	3.047464588082024e8	8.722874781642742e7
0.2863999999999937	65668.17240599082	3.047464259293382e8	8.732623719398947e7
0.2867199999999937	65669.4789353594	3.047463931104822e8	8.742372655857055e7
0.2870399999999937	65670.79459888359	3.047463602329657e8	8.752121589098579e7
0.2873599999999937	65672.11329935	3.0474632719569725e8	8.761870515777528e7
0.28767999999999366	65673.43778859833	3.047462939346131e8	8.771619434231314e7
0.28799999999999365	65674.76276548208	3.047462608654437e8	8.781368356033488e7
0.28831999999999364	65676.07717398103	3.047462278276147e8	8.791117275785911e7
0.2886399999999936	65677.40171641298	3.0474619476271486e8	8.800866193279305e7
0.2889599999999936	65678.72949908202	3.047461612978593e8	8.810615097245051e7
0.2892799999999936	65680.05578107735	3.0474612808463293e8	8.82036400615654e7
0.2895999999999936	65681.38113724817	3.047460949604897e8	8.830112915371576e7
0.28991999999999357	65682.71226823852	3.047460614601778e8	8.839861811886021e7
0.29023999999999356	65684.02534756744	3.0474602868606937e8	8.849610725967349e7
0.29055999999999355	65685.36836131857	3.047459948486554e8	8.85935960909536e7
0.29087999999999353	65686.69788943518	3.0474596141484135e8	8.869108500755443e7
0.2911999999999935	65688.02848049728	3.0474592820976436e8	8.878857396926838e7
0.2915199999999935	65689.35989191275	3.047458949048762e8	8.888606288036375e7
0.2918399999999935	65690.70534384584	3.047458610563392e8	8.898355162057635e7
0.2921599999999935	65692.03619024724	3.0474582782087845e8	8.908104050704277e7
0.29247999999999347	65693.37954576979	3.0474579420200884e8	8.917852926809777e7
0.29279999999999345	65694.71793287968	3.047457605635877e8	8.927601799753861e7
0.29311999999999344	65696.04999225095	3.0474572717380625e8	8.937350677300261e7
0.29343999999999343	65697.40292294664	3.047456932043912e8	8.947099537090379e7
0.2937599999999934	65698.73984455771	3.047456596382217e8	8.956848405334981e7
0.2940799999999934	65700.08394298024	3.0474562600833213e8	8.966597269978534e7
0.2943999999999934	65701.43174382416	3.047455922912312e8	8.97634613007749e7
0.2947199999999934	65702.78029899737	3.047455583885828e8	8.986094982517038e7
0.29503999999999336	65704.13497825027	3.047455246406516e8	8.995843837697008e7
0.29535999999999335	65705.47734522948	3.047454906697983e8	9.005592683178616e7
0.29567999999999334	65706.83623555397	3.0474545670896244e8	9.015341527860141e7
0.2959999999999933	65708.18558668348	3.047454230966865e8	9.025090379927018e7
0.2963199999999933	65709.53938442412	3.047453889904983e8	9.034839215433645e7
0.2966399999999933	65710.89519294159	3.047453550817552e8	9.044588054669274e7
0.2969599999999933	65712.25385702781	3.047453209280737e8	9.054336884575036e7
0.29727999999999327	65713.6139846613	3.047452869067227e8	9.064085716244778e7
0.29759999999999326	65714.96821862225	3.047452528787487e8	9.073834545039032e7
0.29791999999999325	65716.33152878849	3.047452187714479e8	9.083583369842744e7
0.29823999999999323	65717.69603838964	3.047451842898267e8	9.093332181296775e7
0.2985599999999932	65719.05439691407	3.0474515055716735e8	9.103081012386198e7
0.2988799999999932	65720.42422099922	3.047451160668531e8	9.112829819388881e7
0.2991999999999932	65721.79302590362	3.047450815961081e8	9.122578624610601e7
0.2995199999999932	65723.15227039643	3.047450478071584e8	9.132327447290038e7
0.29983999999999317	65724.5206822178	3.04745013351761e8	9.14207624837908e7
0.30015999999999315	65725.89581763442	3.0474497909354025e8	9.151825053564397e7
0.30047999999999314	65727.26229252944	3.04744944660775e8	9.161573850618646e7
0.30079999999999313	65728.63875744799	3.047449102095466e8	9.171322645524874e7
0.3011199999999931	65730.01174378116	3.047448756227892e8	9.181071433813968e7
0.3014399999999931	65731.3835116257	3.0474484138080394e8	9.190820230109331e7
0.3017599999999931	65732.76088653394	3.047448071069023e8	9.200569023553814e7
0.3020799999999931	65734.14533698735	3.0474477206566554e8	9.210317792030774e7
0.30239999999999306	65735.52323011571	3.0474473755451375e8	9.220066573748818e7
0.30271999999999305	65736.90614177578	3.047447029833872e8	9.22981535170434e7
0.30303999999999304	65738.28442594563	3.04744668195723e8	9.239564120474328e7
0.303359999999993	65739.67422736173	3.047446334163335e8	9.249312887983055e7
0.303679999999993	65741.06106350433	3.0474459866295815e8	9.259061653760473e7
0.303999999999993	65742.44701612808	3.047445639863789e8	9.268810419498028e7
0.304319999999993	65743.83650612523	3.04744529286384e8	9.278559182461081e7
0.30463999999999297	65745.22794555961	3.04744494197704e8	9.288307931409064e7
0.30495999999999296	65746.61393005568	3.0474445926897967e8	9.298056682521184e7
0.30527999999999295	65747.9983298911	3.0474442476971155e8	9.307805444309513e7
0.30559999999999293	65749.39811884356	3.047443896543944e8	9.31755418604345e7
0.3059199999999929	65750.8031335501	3.0474435447408557e8	9.327302923814903e7
0.3062399999999929	65752.19028646019	3.047443195715505e8	9.33705166651226e7
0.3065599999999929	65753.59094782683	3.0474428448446995e8	9.34680040216638e7
0.3068799999999929	65754.98912927974	3.047442492842589e8	9.356549131841649e7
0.30719999999999287	65756.38859381016	3.047442144290147e8	9.366297869860892e7
0.30751999999999285	65757.79500203532	3.047441790652161e8	9.37604659040161e7
0.30783999999999284	65759.19923038757	3.0474414390963924e8	9.385795314848047e7
0.30815999999999283	65760.6006583631	3.047441086708679e8	9.395544034197195e7
0.3084799999999928	65762.00943129843	3.0474407359631497e8	9.405292756775098e7
0.3087999999999928	65763.41101119995	3.047440381940533e8	9.41504146640124e7
0.3091199999999928	65764.82528778615	3.0474400270904225e8	9.424790171991177e7
0.3094399999999928	65766.2390459831	3.047439672980481e8	9.43453887747414e7
0.30975999999999276	65767.64982403157	3.047439318075774e8	9.44428757793275e7
0.31007999999999275	65769.0622362114	3.0474389668579894e8	9.454036287574834e7
0.31039999999999274	65770.47302192952	3.04743861024332e8	9.463784978014636e7
0.3107199999999927	65771.89355184544	3.047438254879523e8	9.473533670640174e7
0.3110399999999927	65773.31158675943	3.047437898488629e8	9.483282357533891e7
0.3113599999999927	65774.72750733294	3.047437544550341e8	9.493031049546784e7
0.3116799999999927	65776.15375509833	3.047437185889844e8	9.502779725196512e7
0.31199999999999267	65777.57297553596	3.0474368323043823e8	9.512528413810167e7
0.31231999999999266	65778.9910512134	3.047436476306523e8	9.522277092456919e7
0.31263999999999265	65780.4230913222	3.0474361155662394e8	9.532025754867673e7
0.31295999999999263	65781.84919565727	3.047435758560401e8	9.541774426157545e7
0.3132799999999926	65783.27717076988	3.047435400172971e8	9.55152309087153e7
0.3135999999999926	65784.70482640616	3.0474350419327074e8	9.56127175364003e7
0.3139199999999926	65786.13525687998	3.0474346832085705e8	9.571020412695822e7
0.3142399999999926	65787.5655872484	3.047434324746936e8	9.580769070182258e7
0.31455999999999257	65789.00207247377	3.047433962538079e8	9.59051771391761e7
0.31487999999999255	65790.44211126045	3.0474336025170606e8	9.60026636237542e7
0.31519999999999254	65791.8759720228	3.047433240824403e8	9.610015002744856e7
0.31551999999999253	65793.31406618727	3.047432882136763e8	9.619763650478889e7
0.3158399999999925	65794.74760875311	3.047432521554842e8	9.629512289530985e7
0.3161599999999925	65796.19501919152	3.047432159002177e8	9.639260920901248e7
0.3164799999999925	65797.64253523065	3.047431795009291e8	9.649009545307744e7
0.3167999999999925	65799.08160960625	3.047431434491179e8	9.658758177723394e7
0.31711999999999246	65800.52203993293	3.0474310745871156e8	9.668506809779495e7
0.31743999999999245	65801.97440111972	3.0474307075961906e8	9.67825541775784e7
0.31775999999999244	65803.41767591449	3.0474303490994203e8	9.688004049665609e7
0.3180799999999924	65804.86439320637	3.0474299829512936e8	9.697752655083945e7
0.3183999999999924	65806.31946356664	3.047429619120208e8	9.707501266013147e7
0.3187199999999924	65807.77990045503	3.0474292525207955e8	9.717249866063105e7
0.3190399999999924	65809.23135643238	3.047428888644122e8	9.726998471748422e7
0.31935999999999237	65810.68292658123	3.047428524582895e8	9.736747074430417e7
0.31967999999999236	65812.14120690046	3.0474281564761275e8	9.74649566221324e7
0.31999999999999235	65813.59852966899	3.0474277910969704e8	9.756244256210089e7
0.32031999999999233	65815.05730073493	3.047427426527265e8	9.765992850466518e7
0.3206399999999923	65816.51958615005	3.04742705632823e8	9.775741424485207e7
0.3209599999999923	65817.98913120014	3.0474266903179395e8	9.785490009978189e7
0.3212799999999923	65819.44895032841	3.0474263250233454e8	9.795238594673926e7
0.3215999999999923	65820.91965342998	3.0474259542124844e8	9.804987159936404e7
0.32191999999999227	65822.38371755657	3.0474255872790134e8	9.814735734763485e7
0.32223999999999225	65823.85058062577	3.047425218640929e8	9.824484301845247e7
0.32255999999999224	65825.3224845975	3.0474248489139277e8	9.834232863302925e7
0.32287999999999223	65826.80014355133	3.0474244798008233e8	9.843981424671982e7
0.3231999999999922	65828.26908918771	3.047424109608942e8	9.85372997950782e7
0.3235199999999922	65829.74770352057	3.0474237384565645e8	9.863478529427087e7
0.3238399999999922	65831.22445578381	3.047423367182559e8	9.873227076356563e7
0.3241599999999922	65832.70407942969	3.047422997956514e8	9.8829756276481e7
0.32447999999999216	65834.18363115496	3.047422625638598e8	9.892724166444537e7
0.32479999999999215	65835.66904266358	3.047422253706537e8	9.902472704412353e7
0.32511999999999214	65837.14049680562	3.0474218817927516e8	9.912221239022203e7
0.3254399999999921	65838.63368361148	3.047421508963075e8	9.921969769642954e7
0.3257599999999921	65840.11903300618	3.047421134265035e8	9.931718291167217e7
0.3260799999999921	65841.60243366925	3.047420763307253e8	9.94146682226326e7
0.3263999999999921	65843.09578044311	3.047420389073934e8	9.95121534086885e7
0.3267199999999921	65844.58392656076	3.0474200133731323e8	9.960963851839064e7
0.32703999999999206	65846.0779184043	3.0474196400607723e8	9.970712368514104e7
0.32735999999999205	65847.57341620202	3.047419264006816e8	9.980460873830739e7
0.32767999999999203	65849.06002073047	3.0474188924384075e8	9.990209390745245e7
0.327999999999992	65850.56198470305	3.047418513740138e8	9.99995788283278e7
0.328319999999992	65852.06625177433	3.047418136298583e8	1.0009706376681264e8
0.328639999999992	65853.55825320215	3.047417762019027e8	1.0019454877585974e8
0.328959999999992	65855.06459954778	3.047417384105065e8	1.0029203365006666e8
0.32927999999999197	65856.56574727522	3.047417008223085e8	1.003895185625453e8
0.32959999999999195	65858.0718302958	3.0474166270752865e8	1.0048700327975403e8
0.32991999999999194	65859.57935435453	3.0474162510436267e8	1.0058448814136265e8
0.33023999999999193	65861.08739728938	3.0474158721464574e8	1.0068197288365737e8
0.3305599999999919	65862.59454467955	3.047415493708975e8	1.007794576153334e8
0.3308799999999919	65864.11038441298	3.0474151132761997e8	1.0087694226162085e8
0.3311999999999919	65865.61694338394	3.0474147335043734e8	1.0097442689827411e8
0.3315199999999919	65867.13386906195	3.0474143539187276e8	1.0107191152275997e8
0.33183999999999186	65868.64668825244	3.047413974353089e8	1.0116939611990164e8
0.33215999999999185	65870.17265185787	3.0474135917913073e8	1.0126688060104139e8
0.33247999999999184	65871.68971640918	3.0474132089899445e8	1.0136436504281469e8
0.3327999999999918	65873.20539822026	3.04741282867018e8	1.0146184954078278e8
0.3331199999999918	65874.727904129	3.047412447111766e8	1.0155933397672935e8
0.3334399999999918	65876.25302924599	3.0474120636701155e8	1.01656818326233e8
0.3337599999999918	65877.78736899204	3.047411681375069e8	1.0175430269462852e8
0.3340799999999918	65879.30989982297	3.047411296393561e8	1.0185178693996207e8
0.33439999999999176	65880.83819264267	3.047410912545908e8	1.0194927120143367e8
0.33471999999999175	65882.3670040293	3.047410528414242e8	1.0204675542819946e8
0.33503999999999173	65883.90163124356	3.047410144470752e8	1.0214423963957426e8
0.3353599999999917	65885.42513712568	3.0474097604102516e8	1.0224172381407881e8
0.3356799999999917	65886.96836309998	3.047409374458581e8	1.023392079126461e8
0.3359999999999917	65888.49918833125	3.047408988326731e8	1.0243669197123668e8
0.3363199999999917	65890.04316693949	3.0474086005200386e8	1.0253417595653644e8
0.33663999999999167	65891.58335083327	3.0474082147937876e8	1.0263165998354714e8
0.33695999999999166	65893.1200936086	3.0474078279419136e8	1.0272914394467506e8
0.33727999999999164	65894.66614297715	3.0474074403660923e8	1.0282662786181128e8
0.33759999999999163	65896.21225905843	3.0474070529322636e8	1.0292411175799106e8
0.3379199999999916	65897.75602268528	3.047406664328148e8	1.030215955872817e8
0.3382399999999916	65899.30486831637	3.047406275824127e8	1.0311907939746238e8
0.3385599999999916	65900.85610588263	3.0474058850593525e8	1.0321656310682955e8
0.3388799999999916	65902.40688337752	3.047405496109007e8	1.033140468513782e8
0.33919999999999156	65903.95738289303	3.0474051060692143e8	1.0341153053290379e8
0.33951999999999155	65905.51553942035	3.0474047154344094e8	1.0350901417332996e8
0.33983999999999154	65907.06966074531	3.047404324212987e8	1.036064977651588e8
0.3401599999999915	65908.62311767951	3.0474039345387787e8	1.0370398138314648e8
0.3404799999999915	65910.19069982148	3.047403540646398e8	1.0380146484089632e8
0.3407999999999915	65911.74035406593	3.047403151602243e8	1.0389894842584327e8
0.3411199999999915	65913.31190017781	3.047402756949991e8	1.039964318080203e8
0.3414399999999915	65914.87341868732	3.0474023632823104e8	1.0409391519094722e8
0.34175999999999146	65916.44561962744	3.047401969480994e8	1.0419139855014451e8
0.34207999999999145	65918.01352279565	3.047401574350845e8	1.0428888183484802e8
0.34239999999999143	65919.57763307722	3.047401183252428e8	1.0438636522881205e8
0.3427199999999914	65921.14341882663	3.047400787944729e8	1.0448384845358546e8
0.3430399999999914	65922.72928943046	3.0474003901567703e8	1.0458133158016922e8
0.3433599999999914	65924.29607039278	3.0473999976304114e8	1.0467881484840685e8
0.3436799999999914	65925.87376318811	3.047399599912128e8	1.0477629791924563e8
0.34399999999999137	65927.45821713768	3.047399202517762e8	1.0487378097919883e8
0.34431999999999136	65929.03434505237	3.0473988063316786e8	1.0497126404884909e8
0.34463999999999134	65930.61800645456	3.0473984067217934e8	1.0506874697907396e8
0.34495999999999133	65932.19152295818	3.0473980127110493e8	1.0516623006921291e8
0.3452799999999913	65933.78276418701	3.0473976126255864e8	1.0526371293498498e8
0.3455999999999913	65935.3637319469	3.0473972158854496e8	1.0536119588302466e8
0.3459199999999913	65936.95847064145	3.047396815558515e8	1.0545867868959399e8
0.3462399999999913	65938.54227567941	3.047396417213786e8	1.0555616153100562e8
0.34655999999999126	65940.13755313335	3.0473960160324013e8	1.0565364425509895e8
0.34687999999999125	65941.7308731428	3.0473956152692086e8	1.0575112696572351e8
0.34719999999999124	65943.32741442826	3.0473952147533417e8	1.058486096603695e8
0.3475199999999912	65944.91674064181	3.047394815871779e8	1.0594609238044831e8
0.3478399999999912	65946.51487536448	3.047394411623363e8	1.060435748930455e8
0.3481599999999912	65948.11896539027	3.0473940116560084e8	1.0614105753167932e8
0.3484799999999912	65949.72105775391	3.047393606508208e8	1.062385399618589e8
0.3487999999999912	65951.32615847982	3.047393204171637e8	1.0633602246509841e8
0.34911999999999116	65952.92659884183	3.047392804626453e8	1.0643350503598069e8
0.34943999999999115	65954.53498973318	3.0473923981109625e8	1.065309873418697e8
0.34975999999999113	65956.1377743359	3.047391995051287e8	1.0662846973793748e8
0.3500799999999911	65957.74891506876	3.047391591721073e8	1.067259521031435e8
0.3503999999999911	65959.36086761202	3.0473911842248374e8	1.0682343429605518e8
0.3507199999999911	65960.9797339912	3.047390777599351e8	1.069209164968834e8
0.3510399999999911	65962.59296907994	3.047390372302672e8	1.070183987136435e8
0.35135999999999107	65964.2117857417	3.0473899655918676e8	1.0711588085736585e8
0.35167999999999106	65965.83197008891	3.0473895595672804e8	1.0721336299904224e8
0.35199999999999104	65967.44660318518	3.047389155475755e8	1.073108451781427e8
0.35231999999999103	65969.07547824304	3.047388742915388e8	1.0740832704119796e8
0.352639999999991	65970.70354836508	3.0473883339844495e8	1.0750580900427395e8
0.352959999999991	65972.32190126638	3.0473879266975546e8	1.0760329099187714e8
0.353279999999991	65973.95718673988	3.0473875142465633e8	1.0770077278089166e8
0.353599999999991	65975.58033257099	3.047387107650799e8	1.0779825474165648e8
0.35391999999999096	65977.21001482892	3.04738669851755e8	1.0789573658977677e8
0.35423999999999095	65978.84185167507	3.0473862889030397e8	1.0799321839501265e8
0.35455999999999094	65980.48062536151	3.047385876620894e8	1.080907000828825e8
0.3548799999999909	65982.11541609322	3.047385464446314e8	1.0818818174456526e8
0.3551999999999909	65983.75236440949	3.047385052820082e8	1.0828566339969109e8
0.3555199999999909	65985.39982897796	3.047384639470771e8	1.0838314497294386e8
0.3558399999999909	65987.03934687638	3.0473842271939915e8	1.084806265517339e8
0.3561599999999909	65988.68109336741	3.047383813531699e8	1.0857810805517738e8
0.35647999999999086	65990.32665064042	3.0473834012958443e8	1.086755895843977e8
0.35679999999999085	65991.9797490428	3.047382984902678e8	1.0877307094269934e8
0.35711999999999083	65993.62276613004	3.047382571903461e8	1.088705523880175e8
0.3574399999999908	65995.2761133384	3.0473821557005453e8	1.0896803369797689e8
0.3577599999999908	65996.9264714958	3.0473817385570717e8	1.0906551494467205e8
0.3580799999999908	65998.58466769393	3.0473813240058464e8	1.0916299626146843e8
0.3583999999999908	66000.24665239298	3.0473809067067254e8	1.092604774546184e8
0.35871999999999077	66001.89791918316	3.0473804905511427e8	1.0935795865414539e8
0.35903999999999076	66003.56105877228	3.047380072166202e8	1.0945543975354873e8
0.35935999999999074	66005.22511058915	3.0473796535833085e8	1.095529208185818e8
0.35967999999999073	66006.88087788192	3.047379237591608e8	1.0965040194365586e8
0.3599999999999907	66008.55038501327	3.047378816853625e8	1.0974788287897408e8
0.3603199999999907	66010.21832768219	3.047378397616001e8	1.0984536383935677e8
0.3606399999999907	66011.88793079556	3.047377977848647e8	1.0994284475379822e8
0.3609599999999907	66013.55885498128	3.047377556845715e8	1.1004032559655078e8
0.36127999999999066	66015.22682830281	3.047377136830358e8	1.1013780644508411e8
0.36159999999999065	66016.90374851365	3.0473767167351335e8	1.1023528726849264e8
0.36191999999999064	66018.57987246793	3.0473762958336914e8	1.1033276803425513e8
0.3622399999999906	66020.26407891272	3.047375869843554e8	1.10430248592829e8
0.3625599999999906	66021.94364261825	3.047375448412981e8	1.1052772928541374e8
0.3628799999999906	66023.62228011739	3.047375026388829e8	1.1062520992782205e8
0.3631999999999906	66025.30560120153	3.047374601666845e8	1.1072269044714378e8
0.3635199999999906	66026.9978688606	3.047374177273635e8	1.108201709558519e8
0.36383999999999056	66028.67875112174	3.0473737543138134e8	1.1091765148122524e8
0.36415999999999055	66030.36909400782	3.047373326980011e8	1.1101513182518594e8
0.36447999999999053	66032.06038314276	3.0473729036489743e8	1.1111261228720963e8
0.3647999999999905	66033.74914510177	3.04737247706412e8	1.1121009260075319e8
0.3651199999999905	66035.44431204656	3.047372049955945e8	1.113075728708734e8
0.3654399999999905	66037.15398341775	3.047371621459463e8	1.1140505307104345e8
0.3657599999999905	66038.8421530336	3.047371197426707e8	1.1150253339232348e8
0.36607999999999047	66040.5482333036	3.047370767474213e8	1.1160001348002915e8
0.36639999999999046	66042.2445747707	3.04737034068789e8	1.1169749364896396e8
0.36671999999999044	66043.9528531693	3.047369910292207e8	1.1179497366469575e8
0.36703999999999043	66045.65745004638	3.04736948242361e8	1.1189245374221285e8
0.3673599999999904	66047.36593263508	3.047369051966156e8	1.119899336986094e8
0.3676799999999904	66049.0741344443	3.0473686219294333e8	1.1208741364165518e8
0.3679999999999904	66050.78366972467	3.047368191762007e8	1.1218489355211818e8
0.3683199999999904	66052.50312813139	3.047367759354022e8	1.122823733577004e8
0.36863999999999036	66054.21363682115	3.0473673283754295e8	1.1237985318155065e8
0.36895999999999035	66055.936695874	3.0473668952812254e8	1.1247733290658572e8
0.36927999999999034	66057.6505405815	3.047366464956705e8	1.1257481269926721e8
0.3695999999999903	66059.37152577787	3.0473660311495787e8	1.1267229233909534e8
0.3699199999999903	66061.0949087587	3.047365597662232e8	1.1276977196339844e8
0.3702399999999903	66062.82174735203	3.047365162830585e8	1.1286725151126024e8
0.3705599999999903	66064.55041242372	3.0473647279060227e8	1.129647310278942e8
0.3708799999999903	66066.27930266518	3.047364292434548e8	1.1306221049544445e8
0.37119999999999026	66068.01652510736	3.047363853577123e8	1.1315968981357084e8
0.37151999999999025	66069.74232273073	3.0473634208145404e8	1.1325716932175381e8
0.37183999999999023	66071.48059089176	3.047362981038517e8	1.133546485481812e8
0.3721599999999902	66073.21713265737	3.047362545188065e8	1.1345212789036062e8
0.3724799999999902	66074.95454201908	3.04736210844022e8	1.1354960717065252e8
0.3727999999999902	66076.69970535146	3.047361669065556e8	1.1364708632881615e8
0.3731199999999902	66078.4366264679	3.0473612328005815e8	1.1374456556860471e8
0.37343999999999017	66080.18347425155	3.047360792183355e8	1.1384204462304984e8
0.37375999999999016	66081.92807902205	3.0473603526773864e8	1.1393952368830721e8
0.37407999999999014	66083.68157206537	3.047359910888534e8	1.1403700264448488e8
0.37439999999999013	66085.43243344952	3.047359469787019e8	1.1413448159535335e8
0.3747199999999901	66087.18431567839	3.0473590287925905e8	1.1423196052152185e8
0.3750399999999901	66088.93727961979	3.047358587619438e8	1.1432943941231866e8
0.3753599999999901	66090.68516220764	3.047358148758876e8	1.1442691835738985e8
0.3756799999999901	66092.45102227414	3.047357701467495e8	1.1452439696775006e8
0.37599999999999006	66094.20856549253	3.0473572610104614e8	1.146218758001352e8
0.37631999999999005	66095.9735860165	3.0473568164686257e8	1.1471935445415041e8
0.37663999999999004	66097.74327759912	3.047356370842753e8	1.1481683304066795e8
0.37695999999999	66099.5011723861	3.047355926718782e8	1.1491431164679863e8
0.37727999999999	66101.2733829726	3.047355479746342e8	1.1501179012482798e8
0.37759999999999	66103.0446368354	3.0473550348269427e8	1.1510926865004428e8
0.37791999999999	66104.81580762827	3.047354590746632e8	1.1520674717731129e8
0.37823999999999	66106.58627684992	3.047354143319963e8	1.1530422554801473e8
0.37855999999998996	66108.36354172933	3.0473536960813594e8	1.1540170390029225e8
0.37887999999998995	66110.14665553131	3.047353246505017e8	1.1549918213786972e8
0.37919999999998993	66111.92570387111	3.0473527986952126e8	1.1559666040999636e8
0.3795199999999899	66113.71021639844	3.047352350153698e8	1.1569413862794514e8
0.3798399999999899	66115.49082750584	3.0473519009704113e8	1.1579161678924862e8
0.3801599999999899	66117.27542156287	3.047351450268949e8	1.158890948654186e8
0.3804799999999899	66119.0736474705	3.047350997979284e8	1.159865728596188e8
0.38079999999998987	66120.85400132561	3.047350549510844e8	1.1608405095816746e8
0.38111999999998986	66122.65270694705	3.04735009648842e8	1.1618152886467084e8
0.38143999999998984	66124.44604809898	3.0473496460738873e8	1.1627900683718678e8
0.38175999999998983	66126.2456599201	3.0473491900523436e8	1.1637648456955196e8
0.3820799999999898	66128.04634882284	3.0473487381558555e8	1.1647396242985569e8
0.3823999999999898	66129.84644519232	3.0473482842186826e8	1.1657144018168387e8
0.3827199999999898	66131.65066475126	3.04734782889254e8	1.166689178526945e8
0.3830399999999898	66133.44888056313	3.0473473773055273e8	1.1676639563292916e8
0.38335999999998976	66135.2622071667	3.047346920444111e8	1.1686387319022976e8
0.38367999999998975	66137.06689244971	3.047346466386572e8	1.1696135081938404e8
0.38399999999998974	66138.88131073787	3.047346007520941e8	1.1705882823968843e8
0.3843199999999897	66140.69080254994	3.0473455520407164e8	1.17156305756539e8
0.3846399999999897	66142.50702928181	3.047345094581242e8	1.172537831710953e8
0.3849599999999897	66144.3240501362	3.047344637763549e8	1.1735126058040623e8
0.3852799999999897	66146.14291776669	3.047344176535602e8	1.1744873779053494e8
0.3855999999999897	66147.96845918824	3.047343719148841e8	1.1754621512219748e8
0.38591999999998966	66149.79632046953	3.047343257989209e8	1.1764369227924089e8
0.38623999999998965	66151.61413776396	3.0473428000917625e8	1.1774116952543427e8
0.38655999999998963	66153.44709236347	3.0473423381508374e8	1.1783864659413995e8
0.3868799999999896	66155.27550189689	3.0473418761592007e8	1.1793612362735972e8
0.3871999999999896	66157.10343993761	3.047341416173107e8	1.1803360070720753e8
0.3875199999999896	66158.94046701714	3.047340954575402e8	1.1813107769956006e8
0.3878399999999896	66160.77539299805	3.047340490863803e8	1.1822855457792313e8
0.38815999999998957	66162.61112452096	3.047340026771168e8	1.1832603141113691e8
0.38847999999998956	66164.4531314942	3.047339565209241e8	1.1842350831562439e8
0.38879999999998954	66166.2969147074	3.047339099235726e8	1.1852098501895611e8
0.38911999999998953	66168.14038701543	3.047338634665833e8	1.1861846174571332e8
0.3894399999999895	66169.98838361319	3.0473381696354204e8	1.1871593842638612e8
0.3897599999999895	66171.83555458434	3.0473377025123715e8	1.1881341499404784e8
0.3900799999999895	66173.68840738939	3.047337235979922e8	1.1891089155713503e8
0.3903999999999895	66175.53685190271	3.047336771282847e8	1.1900836815814406e8
0.39071999999998946	66177.39610760313	3.047336301337843e8	1.1910584452976944e8
0.39103999999998945	66179.24975338991	3.047335835018795e8	1.1920332100850157e8
0.39135999999998944	66181.114531183	3.047335364582163e8	1.1930079730183259e8
0.3916799999999894	66182.97639759579	3.0473348938021576e8	1.1939827354864188e8
0.3919999999999894	66184.8350771773	3.047334424997588e8	1.1949574983962914e8
0.3923199999999894	66186.69911879579	3.047333955904308e8	1.195932260913551e8
0.3926399999999894	66188.57072047298	3.047333484546508e8	1.1969070222754365e8
0.3929599999999894	66190.44310117708	3.047333012972075e8	1.1978817832432754e8
0.39327999999998936	66192.31484009259	3.047332541184735e8	1.1988565438096978e8
0.39359999999998935	66194.19168146461	3.047332066598287e8	1.1998313029914099e8
0.39391999999998933	66196.06619971943	3.047331594873906e8	1.2008060629707196e8
0.3942399999999893	66197.94696986431	3.047331121137362e8	1.2017808218807258e8
0.3945599999999893	66199.82934092637	3.0473306451007473e8	1.2027555795776801e8
0.3948799999999893	66201.71212467078	3.04733017051579e8	1.2037303375336513e8
0.3951999999999893	66203.59802810421	3.047329694704885e8	1.2047050947082119e8
0.39551999999998927	66205.48375622072	3.047329219456989e8	1.2056798517878053e8
0.39583999999998926	66207.37793473476	3.0473287429008216e8	1.2066546080843589e8
0.39615999999998924	66209.2689497748	3.04732826694738e8	1.2076293642834675e8
0.39647999999998923	66211.16640304776	3.047327785897618e8	1.2086041181841303e8
0.3967999999999892	66213.06227353784	3.047327308091439e8	1.2095788730422841e8
0.3971199999999892	66214.9605716187	3.0473268286343837e8	1.2105536269415477e8
0.3974399999999892	66216.85745751843	3.0473263512085503e8	1.2115283813205893e8
0.3977599999999892	66218.75933981889	3.047325872294248e8	1.2125031348199752e8
0.39807999999998916	66220.66808024238	3.0473253908180505e8	1.2134778870221251e8
0.39839999999998915	66222.58117051442	3.0473249099354935e8	1.2144526391665894e8
0.39871999999998914	66224.48734948115	3.047324426330051e8	1.2154273898638198e8
0.3990399999999891	66226.39947800415	3.04732394379755e8	1.2164021407032444e8
0.3993599999999891	66228.31374513594	3.0473234604091984e8	1.217376890892663e8
0.3996799999999891	66230.2282744816	3.047322979365436e8	1.2183516416991216e8
0.3999999999999891	66232.15111457888	3.047322494782539e8	1.2193263908196698e8
0.4003199999999891	66234.07548247756	3.047322007094992e8	1.2203011383840871e8
0.40063999999998906	66235.99804393221	3.0473215233409166e8	1.2212758871891476e8
0.40095999999998905	66237.92060612192	3.0473210393552303e8	1.2222506355794387e8
0.40127999999998903	66239.85054409737	3.047320550908679e8	1.2232253819017789e8
0.401599999999989	66241.77572587175	3.047320065674483e8	1.2242001291607825e8
0.401919999999989	66243.7150453098	3.0473195753577495e8	1.2251748741386962e8
0.402239999999989	66245.64892444364	3.047319086869841e8	1.2261496194935021e8
0.402559999999989	66247.58721956349	3.047318597507255e8	1.2271243641975716e8
0.40287999999998897	66249.5306939609	3.047318109390757e8	1.2280991091089943e8
0.40319999999998896	66251.4683663886	3.047317619003646e8	1.229073852745447e8
0.40351999999998894	66253.4078260106	3.0473171296342146e8	1.2300485964769652e8
0.40383999999998893	66255.3605418045	3.047316636182505e8	1.231023338313315e8
0.4041599999999889	66257.30347242166	3.04731614689227e8	1.231998081444956e8
0.4044799999999889	66259.25596453376	3.047315654176129e8	1.2329728229222469e8
0.4047999999999889	66261.21081173774	3.047315159808376e8	1.2339475634171481e8
0.4051199999999889	66263.16562463531	3.047314666061889e8	1.2349223038346264e8
0.40543999999998886	66265.12271988869	3.047314175187144e8	1.2358970451014853e8
0.40575999999998885	66267.08413771214	3.0473136793039286e8	1.2368717840351081e8
0.40607999999998884	66269.04299596781	3.047313184819915e8	1.2378465231917989e8
0.4063999999999888	66271.00832691144	3.0473126861965096e8	1.2388212603756559e8
0.4067199999999888	66272.98027309099	3.0473121912982184e8	1.2397959987821414e8
0.4070399999999888	66274.95044343117	3.047311692917765e8	1.2407707354313622e8
0.4073599999999888	66276.92142451694	3.047311196190326e8	1.2417454724271874e8
0.4076799999999888	66278.89554071722	3.047310696300909e8	1.2427202078219871e8
0.40799999999998876	66280.87434393447	3.047310198164063e8	1.2436949436270197e8
0.40831999999998875	66282.85366149926	3.0473096969704777e8	1.2446696778554955e8
0.40863999999998873	66284.83734282377	3.0473091968203795e8	1.2456444122027561e8
0.4089599999999887	66286.81876307483	3.04730869696312e8	1.2466191463236205e8
0.4092799999999887	66288.8027434927	3.047308196115612e8	1.2475938797217296e8
0.4095999999999887	66290.79474164975	3.047307693569612e8	1.2485686121382332e8
0.4099199999999887	66292.78598953522	3.047307189170227e8	1.249543343456192e8
0.41023999999998867	66294.77999142991	3.0473066875590324e8	1.2505180755986604e8
0.41055999999998866	66296.77207333135	3.0473061829289997e8	1.2514928061566046e8
0.41087999999998864	66298.77265106548	3.047305679200755e8	1.2524675367994134e8
0.41119999999998863	66300.76893616797	3.047305175642146e8	1.2534422671515119e8
0.4115199999999886	66302.77886956224	3.047304666863558e8	1.2544169951007485e8
0.4118399999999886	66304.78147395064	3.047304161271625e8	1.2553917239807886e8
0.4121599999999886	66306.78968029964	3.0473036544210345e8	1.2563664520385955e8
0.4124799999999886	66308.79519545716	3.047303147004708e8	1.2573411795099995e8
0.41279999999998856	66310.8115863398	3.0473026381085e8	1.2583159060967891e8
0.41311999999998855	66312.82680938352	3.0473021294902635e8	1.2592906324529617e8
0.41343999999998854	66314.84120086524	3.04730162017432e8	1.2602653581773837e8
0.4137599999999885	66316.87014896297	3.047301109547324e8	1.2612400831058271e8
0.4140799999999885	66318.89125694957	3.047300597684955e8	1.2622148071370038e8
0.4143999999999885	66320.91582212308	3.0473000880843705e8	1.2631895317851825e8
0.4147199999999885	66322.93662548812	3.0472995767647004e8	1.2641642553593032e8
0.4150399999999885	66324.96971197893	3.0472990620377254e8	1.2651389772509296e8
0.41535999999998846	66327.00284902017	3.0472985507309455e8	1.2661137002210268e8
0.41567999999998845	66329.03553611544	3.047298036307606e8	1.2670884215527551e8
0.41599999999998843	66331.06544642824	3.047297523345397e8	1.2680631431338571e8
0.4163199999999884	66333.11339867853	3.0472970067522323e8	1.2690378629673395e8
0.4166399999999884	66335.15199077631	3.047296491097223e8	1.2700125827933651e8
0.4169599999999884	66337.19556882679	3.0472959746167713e8	1.2709873019612181e8
0.4172799999999884	66339.24673423971	3.047295456221999e8	1.2719620200308502e8
0.41759999999998837	66341.29834313299	3.0472949371600276e8	1.2729367374795425e8
0.41791999999998836	66343.34886953107	3.0472944200245947e8	1.273911455381743e8
0.41823999999998834	66345.40240286285	3.0472939012643284e8	1.2748861722777762e8
0.41855999999998833	66347.45997400876	3.0472933807362986e8	1.2758608881122224e8
0.4188799999999883	66349.51733383216	3.0472928631948435e8	1.2768356048501508e8
0.4191999999999883	66351.57927981709	3.047292341071788e8	1.2778103193497151e8
0.4195199999999883	66353.64742065566	3.0472918170175844e8	1.2787850327277288e8
0.4198399999999883	66355.71409962121	3.047291295577239e8	1.2797597468460326e8
0.42015999999998827	66357.78123648428	3.0472907738753605e8	1.2807344605101573e8
0.42047999999998825	66359.85182472953	3.047290250747903e8	1.2817091732477371e8
0.42079999999998824	66361.92753958075	3.047289724820684e8	1.2826838844888173e8
0.4211199999999882	66364.00400692735	3.047289202299839e8	1.2836585968188678e8
0.4214399999999882	66366.0889080875	3.047288673939863e8	1.2846333063891666e8
0.4217599999999882	66368.16222634437	3.047288150083085e8	1.2856080174402635e8
0.4220799999999882	66370.25275633053	3.047287621066877e8	1.286582726064601e8
0.4223999999999882	66372.34260118056	3.0472870928854114e8	1.2875574346856262e8
0.42271999999998816	66374.4298876068	3.047286565571908e8	1.2885321433073759e8
0.42303999999998815	66376.52340611567	3.0472860369632447e8	1.2895068510663389e8
0.42335999999998813	66378.61352983475	3.047285509684946e8	1.290481559017241e8
0.4236799999999881	66380.71635091031	3.047284976731332e8	1.2914562642859681e8
0.4239999999999881	66382.8154868977	3.0472844457439214e8	1.292430970012591e8
0.4243199999999881	66384.91808487539	3.0472839151438653e8	1.2934056755702397e8
0.4246399999999881	66387.01970928063	3.0472833815809256e8	1.2943803795110872e8
0.42495999999998807	66389.13263442111	3.047282849023428e8	1.2953550835892606e8
0.42527999999998806	66391.23848977199	3.0472823148564976e8	1.2963297865879834e8
0.42559999999998804	66393.34854951623	3.047281781536619e8	1.2973044896160172e8
0.42591999999998803	66395.47248235338	3.047281245240359e8	1.2982791911011638e8
0.426239999999988	66397.58993950242	3.0472807095536673e8	1.2992538924521555e8
0.426559999999988	66399.71068991472	3.04728017496843e8	1.300228593935477e8
0.426879999999988	66401.83582714092	3.047279635880285e8	1.301203293166032e8
0.427199999999988	66403.96121042654	3.047279098240498e8	1.3021779926581174e8
0.42751999999998797	66406.08412185183	3.047278561430841e8	1.3031526921332572e8
0.42783999999998795	66408.21579014418	3.0472780231584185e8	1.304127390675526e8
0.42815999999998794	66410.35623508225	3.047277481969963e8	1.3051020876613171e8
0.4284799999999879	66412.49158876257	3.0472769434953284e8	1.3060767854207696e8
0.4287999999999879	66414.62907788689	3.0472764010040295e8	1.307051481111784e8
0.4291199999999879	66416.77365000799	3.047275859667324e8	1.3080261769778183e8
0.4294399999999879	66418.91703591608	3.047275315693297e8	1.3090008713443325e8
0.4297599999999879	66421.063514636	3.047274774509425e8	1.3099755665657195e8
0.43007999999998786	66423.21208824005	3.04727423036009e8	1.310950260163564e8
0.43039999999998785	66425.36908890119	3.0472736855924606e8	1.3119249531812884e8
0.43071999999998783	66427.52328606382	3.047273138741807e8	1.3128996449233969e8
0.4310399999999878	66429.68132807362	3.047272595221365e8	1.3138743377590643e8
0.4313599999999878	66431.84189165707	3.047272046422963e8	1.314849027970705e8
0.4316799999999878	66434.00938309869	3.047271499846359e8	1.3158237188157651e8
0.4319999999999878	66436.17131600485	3.047270951497108e8	1.3167984084997882e8
0.43231999999998777	66438.34378787952	3.047270402681411e8	1.3177730976772054e8
0.43263999999998776	66440.51839539042	3.0472698520230806e8	1.3187477857043964e8
0.43295999999998774	66442.69270924009	3.047269301920045e8	1.3197224736040038e8
0.43327999999998773	66444.86481470519	3.047268754808317e8	1.320697162421188e8
0.4335999999999877	66447.04971914199	3.04726819891327e8	1.3216718471383658e8
0.4339199999999877	66449.22411568082	3.04726764861125e8	1.3226465338532302e8
0.4342399999999877	66451.41779259196	3.0472670946432805e8	1.323621218719164e8
0.4345599999999877	66453.60474355814	3.047266539844785e8	1.3245959028175741e8
0.43487999999998767	66455.79378850813	3.0472659860312724e8	1.3255705869870998e8
0.43519999999998765	66457.9907961736	3.0472654325250566e8	1.3265452709668837e8
0.43551999999998764	66460.1858999748	3.047264875043221e8	1.3275199528361543e8
0.4358399999999876	66462.3793713289	3.047264319999183e8	1.3284946353878674e8
0.4361599999999876	66464.58380842349	3.047263761914697e8	1.3294693163060221e8
0.4364799999999876	66466.78830195438	3.047263203807762e8	1.3304439968434134e8
0.4367999999999876	66468.99848532001	3.047262644938889e8	1.3314186767087382e8
0.4371199999999876	66471.21059170953	3.047262085134629e8	1.3323933558041897e8
0.43743999999998756	66473.4177430308	3.047261525824294e8	1.3333680347153965e8
0.43775999999998755	66475.63058448826	3.0472609659680367e8	1.334342713047528e8
0.43807999999998753	66477.8543707207	3.04726040292385e8	1.3353173896721222e8
0.4383999999999875	66480.07685270155	3.047259840792014e8	1.3362920663147858e8
0.4387199999999875	66482.29949108047	3.047259277130563e8	1.3372667419132662e8
0.4390399999999875	66484.5260620811	3.047258713693003e8	1.3382414172571358e8
0.4393599999999875	66486.75656813123	3.04725814911332e8	1.3392160917464139e8
0.43967999999998747	66488.9874550259	3.047257583392796e8	1.3401907653606144e8
0.43999999999998746	66491.2297104573	3.04725701590006e8	1.3411654378823668e8
0.44031999999998744	66493.46484449862	3.0472564503262043e8	1.3421401108316377e8
0.44063999999998743	66495.70592775296	3.047255882410647e8	1.343114782406067e8
0.4409599999999874	66497.95075422327	3.0472553145447993e8	1.3440894536455327e8
0.4412799999999874	66500.19582277955	3.0472547459207356e8	1.345064124173965e8
0.4415999999999874	66502.44554493336	3.047254176928167e8	1.346038794187363e8
0.4419199999999874	66504.69586611453	3.047253607043342e8	1.3470134634312448e8
0.44223999999998737	66506.9517272645	3.047253035944639e8	1.3479881317900726e8
0.44255999999998735	66509.21428760554	3.047252462101652e8	1.3489627985917935e8
0.44287999999998734	66511.47274961794	3.0472518896663696e8	1.349937465612386e8
0.4431999999999873	66513.73600038157	3.047251316831018e8	1.3509121321015185e8
0.4435199999999873	66516.0045910213	3.0472507431918657e8	1.3518867978827658e8
0.4438399999999873	66518.27454153604	3.0472501672058856e8	1.3528614622483116e8
0.4441599999999873	66520.54585467766	3.047249592127015e8	1.353836126641175e8
0.4444799999999873	66522.82247440796	3.047249015739895e8	1.3548107900994396e8
0.44479999999998726	66525.100628521	3.0472484389913577e8	1.3557854530220068e8
0.44511999999998725	66527.38494024938	3.047247860047894e8	1.3567601146180362e8
0.44543999999998724	66529.66774612774	3.047247281408657e8	1.3577347759560862e8
0.4457599999999872	66531.95561927083	3.047246702738959e8	1.3587094369237038e8
0.4460799999999872	66534.24996050523	3.047246121368447e8	1.3596840963373792e8
0.4463999999999872	66536.53581221528	3.047245540596141e8	1.360658755584335e8
0.4467199999999872	66538.83326879893	3.0472449589261115e8	1.3616334141081432e8
0.44703999999998717	66541.1338717236	3.047244376210371e8	1.3626080717949024e8
0.44735999999998716	66543.4403732755	3.047243791823499e8	1.3635827283790004e8
0.44767999999998714	66545.7437526647	3.047243208219384e8	1.3645573849075094e8
0.44799999999998713	66548.05390624322	3.0472426228539354e8	1.3655320402960864e8
0.4483199999999871	66550.36684018205	3.047242036001734e8	1.366506694644042e8
0.4486399999999871	66552.67614627184	3.047241451772888e8	1.367481349758549e8
0.4489599999999871	66554.99241575062	3.047240864691895e8	1.3684560032422417e8
0.4492799999999871	66557.31284895535	3.047240276360435e8	1.3694306557964984e8
0.44959999999998707	66559.64164210258	3.047239687384816e8	1.3704053077157718e8
0.44991999999998705	66561.96430966943	3.047239098530435e8	1.3713799592640486e8
0.45023999999998704	66564.29109184945	3.0472385078073215e8	1.3723546096018353e8
0.450559999999987	66566.6264201644	3.047237916643133e8	1.3733292593948933e8
0.450879999999987	66568.96144829608	3.0472373244852275e8	1.3743039083449647e8
0.451199999999987	66571.29930833902	3.047236731385445e8	1.3752785564916772e8
0.451519999999987	66573.64217541799	3.0472361395264876e8	1.3762532048315638e8
0.451839999999987	66575.98235376108	3.047235544800992e8	1.377227851467711e8
0.45215999999998696	66578.3298006518	3.047234949287498e8	1.3782024973917753e8
0.45247999999998695	66580.6824258816	3.0472343535650814e8	1.3791771428535062e8
0.45279999999998694	66583.035326341	3.047233756746141e8	1.3801517874239185e8
0.4531199999999869	66585.39115541014	3.0472331595421946e8	1.38112643143887e8
0.4534399999999869	66587.75646755531	3.0472325591652584e8	1.382101073669604e8
0.4537599999999869	66590.11076045127	3.047231962503238e8	1.383075717126447e8
0.4540799999999869	66592.4822916122	3.047231360802899e8	1.3840503579926667e8
0.45439999999998687	66594.84915250077	3.0472307608239186e8	1.3850249992153245e8
0.45471999999998686	66597.22652397817	3.047230157782404e8	1.3859996387035647e8
0.45503999999998684	66599.59876842485	3.0472295563892996e8	1.3869742785127953e8
0.45535999999998683	66601.97811685469	3.0472289524977195e8	1.387948916822937e8
0.4556799999999868	66604.35605807275	3.047228349676227e8	1.388923555211318e8
0.4559999999999868	66606.74255985295	3.047227744786916e8	1.389898192302319e8
0.4563199999999868	66609.12803042703	3.0472271395358866e8	1.3908728288202512e8
0.4566399999999868	66611.52122324024	3.047226532865261e8	1.391847464329271e8
0.45695999999998677	66613.915773792	3.0472259252051836e8	1.3928220989899385e8
0.45727999999998675	66616.31335713343	3.047225317695495e8	1.3937967333316076e8
0.45759999999998674	66618.71126120597	3.047224709229211e8	1.3947713668331274e8
0.4579199999999867	66621.11692050124	3.0472240994237417e8	1.395745999358682e8
0.4582399999999867	66623.52024732147	3.0472234888574505e8	1.3967206311172897e8
0.4585599999999867	66625.93608165286	3.047222875651088e8	1.397695261326843e8
0.4588799999999867	66628.34126892206	3.047222266593738e8	1.3986698929747686e8
0.4591999999999867	66630.76146935674	3.047221652616112e8	1.3996445220393044e8
0.45951999999998666	66633.17746171614	3.0472210397030896e8	1.400619151161868e8
0.45983999999998665	66635.6018389803	3.0472204242138225e8	1.4015937787373367e8
0.46015999999998664	66638.03087250232	3.047219808241516e8	1.4025684057062376e8
0.4604799999999866	66640.46034774825	3.0472191920268685e8	1.4035430321561596e8
0.4607999999999866	66642.89030741192	3.047218574351045e8	1.4045176575254583e8
0.4611199999999866	66645.32736539745	3.0472179567927295e8	1.405492282576329e8
0.4614399999999866	66647.7625048106	3.0472173379236656e8	1.4064669066012013e8
0.46175999999998657	66650.20337481383	3.047216718930685e8	1.4074415301880366e8
0.46207999999998656	66652.65330282922	3.04721609699487e8	1.408416152051995e8
0.46239999999998654	66655.09961712491	3.047215476845711e8	1.4093907743089575e8
0.46271999999998653	66657.55257415921	3.0472148537404466e8	1.4103653948212087e8
0.4630399999999865	66660.00432827536	3.0472142322337455e8	1.4113400156527135e8
0.4633599999999865	66662.46357756699	3.047213607334009e8	1.412314634538788e8
0.4636799999999865	66664.92484673817	3.047212982916818e8	1.4132892532437673e8
0.4639999999999865	66667.38460779659	3.0472123592940325e8	1.4142638718938878e8
0.46431999999998647	66669.85571892631	3.047211731939794e8	1.415238488457359e8
0.46463999999998645	66672.32742279448	3.0472111040434015e8	1.4162131043547752e8
0.46495999999998644	66674.8026038134	3.04721047482629e8	1.417187719239042e8
0.4652799999999864	66677.28083164485	3.047209847272316e8	1.418162334494885e8
0.4655999999999864	66679.76103748985	3.0472092161103624e8	1.4191369476639277e8
0.4659199999999864	66682.24658948093	3.0472085872440374e8	1.4201115615112856e8
0.4662399999999864	66684.73549962699	3.047207953150378e8	1.4210861725209936e8
0.4665599999999864	66687.2237758661	3.047207322029844e8	1.4220607844927126e8
0.46687999999998636	66689.72005883465	3.047206687936364e8	1.4230353946992657e8
0.46719999999998635	66692.21774789982	3.047206054138982e8	1.4240100046298516e8
0.46751999999998634	66694.71749802268	3.04720541899951e8	1.4249846135223427e8
0.4678399999999863	66697.22095363474	3.047204783890087e8	1.4259592220261237e8
0.4681599999999863	66699.72914585777	3.04720414719386e8	1.426933829389725e8
0.4684799999999863	66702.2405179054	3.047203508256222e8	1.4279084352966338e8
0.4687999999999863	66704.75213048661	3.047202869699105e8	1.4288830409582156e8
0.46911999999998627	66707.26779709966	3.047202230752427e8	1.4298576460338178e8
0.46943999999998626	66709.7968124356	3.0472015885304683e8	1.4308322492176694e8
0.46975999999998624	66712.3205689878	3.047200948287209e8	1.4318068528759426e8
0.47007999999998623	66714.84619083	3.0472003070266783e8	1.4327814556399935e8
0.4703999999999862	66717.37759444641	3.0471996636378443e8	1.4337560570069402e8
0.4707199999999862	66719.91315070541	3.0471990198607916e8	1.434730657785154e8
0.4710399999999862	66722.4511545581	3.04719837565388e8	1.4357052579455888e8
0.4713599999999862	66724.99652413126	3.047197728380188e8	1.4366798562708685e8
0.47167999999998617	66727.53867136265	3.047197082538047e8	1.4376544548238122e8
0.47199999999998615	66730.08459474375	3.0471964350336605e8	1.4386290521825057e8
0.47231999999998614	66732.64222740538	3.047195785899258e8	1.439603648402401e8
0.4726399999999861	66735.20073496013	3.047195136835275e8	1.440578244228378e8
0.4729599999999861	66737.75704067033	3.047194485859215e8	1.441552838706639e8
0.4732799999999861	66740.31660384774	3.047193836086352e8	1.442527433338522e8
0.4735999999999861	66742.88677150127	3.0471931832712173e8	1.443502026153171e8
0.4739199999999861	66745.45776602339	3.0471925291818935e8	1.444476617934056e8
0.47423999999998606	66748.02753664603	3.0471918765256125e8	1.4454512099530408e8
0.47455999999998605	66750.60442301449	3.047191221264684e8	1.4464258003392065e8
0.47487999999998604	66753.1850743781	3.0471905665915036e8	1.4474003905883932e8
0.475199999999986	66755.76898847386	3.0471899090282327e8	1.4483749790458253e8
0.475519999999986	66758.3573727351	3.047189251604229e8	1.449349567155549e8
0.475839999999986	66760.94547342096	3.0471885926943403e8	1.4503241541194257e8
0.476159999999986	66763.5418239438	3.047187933718958e8	1.451298740657067e8
0.47647999999998597	66766.13896230869	3.047187273964835e8	1.452273326389417e8
0.47679999999998596	66768.73933184572	3.047186611235634e8	1.4532479102812916e8
0.47711999999998594	66771.3450141232	3.047185950079673e8	1.4542224945107806e8
0.47743999999998593	66773.95224604486	3.0471852869810426e8	1.4551970773810428e8
0.4777599999999859	66776.56853566665	3.04718462117323e8	1.4561716585632e8
0.4780799999999859	66779.18157216061	3.0471839562306297e8	1.457146239699158e8
0.4783999999999859	66781.80256840086	3.0471832899608725e8	1.458120819799435e8
0.4787199999999859	66784.42340035865	3.0471826245374197e8	1.4590953998608118e8
0.47903999999998587	66787.04838599358	3.04718195726464e8	1.4600699786152816e8
0.47935999999998585	66789.6800979274	3.047181287430509e8	1.4610445557331073e8
0.47967999999998584	66792.31755463299	3.0471806177007586e8	1.4620191324853572e8
0.4799999999999858	66794.94796958625	3.047179948951177e8	1.4629937092259637e8
0.4803199999999858	66797.59402428336	3.047179275826859e8	1.463968283501739e8
0.4806399999999858	66800.24193675381	3.047178601604731e8	1.4649428568117774e8
0.4809599999999858	66802.88674870817	3.047177929404645e8	1.4659174306297952e8
0.4812799999999858	66805.53405949268	3.047177255604638e8	1.4668920032436302e8
0.48159999999998576	66808.19746430029	3.047176578518044e8	1.4678665739099014e8
0.48191999999998575	66810.85665066581	3.047175901907719e8	1.46884114433346e8
0.48223999999998574	66813.51794075473	3.047175225314451e8	1.4698157143260875e8
0.4825599999999857	66816.18029629825	3.047174548386869e8	1.4707902837128493e8
0.4828799999999857	66818.85585458984	3.0471738662994325e8	1.4717648502260217e8
0.4831999999999857	66821.52962065022	3.0471731870378697e8	1.4727394176417345e8
0.4835199999999857	66824.20659398385	3.0471725063995093e8	1.4737139839564636e8
0.48383999999998567	66826.89027544971	3.0471718220163816e8	1.474688548041208e8
0.48415999999998566	66829.57564107252	3.047171140209806e8	1.4756631129269227e8
0.48447999999998564	66832.26563985216	3.047170455787568e8	1.4766376761157438e8
0.48479999999998563	66834.96178430771	3.0471697703543985e8	1.477612238390881e8
0.4851199999999856	66837.65270708135	3.04716908407439e8	1.4785867997723824e8
0.4854399999999856	66840.3536323989	3.047168398566811e8	1.4795613611238798e8
0.4857599999999856	66843.05798444437	3.0471677082003397e8	1.480535919676732e8
0.4860799999999856	66845.76478835549	3.0471670207223815e8	1.4815104791870916e8
0.48639999999998557	66848.4777903904	3.0471663293114394e8	1.4824850363589716e8
0.48671999999998555	66851.19575545863	3.047165638277876e8	1.4834595932801372e8
0.48703999999998554	66853.91360974587	3.0471649463747615e8	1.4844341493175724e8
0.4873599999999855	66856.639162214	3.047164253496916e8	1.4854087044592142e8
0.4876799999999855	66859.36122842808	3.047163560190008e8	1.4863832589128646e8
0.4879999999999855	66862.09286706458	3.047162864762129e8	1.4873578119193542e8
0.4883199999999855	66864.82743402089	3.047162169064748e8	1.488332364346668e8
0.4886399999999855	66867.56579874724	3.0471614724891716e8	1.489306915901533e8
0.48895999999998546	66870.30686457129	3.047160772838109e8	1.490281465503078e8
0.48927999999998545	66873.0576630679	3.0471600733971846e8	1.491256014791827e8
0.48959999999998544	66875.80330753759	3.047159374598131e8	1.4922305639032823e8
0.4899199999999854	66878.55686181078	3.0471586736209124e8	1.4932051115231538e8
0.4902399999999854	66881.31876054361	3.047157971457757e8	1.49417965813792e8
0.4905599999999854	66884.07897828687	3.047157268225804e8	1.495154203752753e8
0.4908799999999854	66886.84070416239	3.047156565642675e8	1.4961287492260247e8
0.49119999999998537	66889.61233724274	3.047155858960533e8	1.4971032922689414e8
0.49151999999998536	66892.38532992525	3.0471551535882974e8	1.4980778354926008e8
0.49183999999998534	66895.16183954419	3.0471544464570004e8	1.4990523773997703e8
0.49215999999998533	66897.94190913763	3.047153738290402e8	1.500026918345151e8
0.4924799999999853	66900.7293220646	3.047153028183233e8	1.5010014579010892e8
0.4927999999999853	66903.51579004225	3.047152319275172e8	1.501975997570847e8
0.4931199999999853	66906.31027586167	3.0471516067212784e8	1.5029505350118783e8
0.4934399999999853	66909.10811917446	3.04715089501822e8	1.5039250724158344e8
0.49375999999998527	66911.90525749463	3.047150182689906e8	1.5048996090340984e8
0.49407999999998525	66914.71284894725	3.047149467815058e8	1.5058741439732644e8
0.49439999999998524	66917.5193243565	3.047148753753696e8	1.5068486788334864e8
0.4947199999999852	66920.33398532962	3.047148035639835e8	1.5078232112552553e8
0.4950399999999852	66923.15179638827	3.047147317847254e8	1.508797743374371e8
0.4953599999999852	66925.97283839848	3.04714659996766e8	1.5097722749892667e8
0.4956799999999852	66928.79276432924	3.047145881712605e8	1.5107468059349278e8
0.4959999999999852	66931.61866882928	3.047145161775773e8	1.5117213355988294e8
0.49631999999998516	66934.4565717298	3.047144440104561e8	1.512695863983511e8
0.49663999999998515	66937.29416238688	3.047143715288893e8	1.5136703903249264e8
0.49695999999998514	66940.13523410175	3.047142993131612e8	1.5146449175229222e8
0.4972799999999851	66942.9813602777	3.0471422689483374e8	1.5156194432584783e8
0.4975999999999851	66945.82631684116	3.0471415435059726e8	1.5165939678799427e8
0.4979199999999851	66948.68188212744	3.047140815579634e8	1.5175684908353597e8
0.4982399999999851	66951.54088474154	3.0471400879814184e8	1.51854301348736e8
0.49855999999998507	66954.4001817061	3.0471393591875386e8	1.5195175350607648e8
0.49887999999998506	66957.26711891443	3.047138629014276e8	1.520492055499583e8
0.49919999999998504	66960.13500441832	3.047137897526276e8	1.5214665748011738e8
0.49951999999998503	66963.01081890993	3.0471371658964264e8	1.5224410935850838e8
0.499839999999985	66965.88370740542	3.0471364334335077e8	1.52341561145131e8
0.5001599999999851	66968.76970047047	3.047135697722088e8	1.5243901272711048e8
0.500479999999985	66971.65320449113	3.0471349645573175e8	1.5253646438636878e8
0.500799999999985	66974.54559638017	3.0471342267190117e8	1.5263391576724526e8
0.501119999999985	66977.44252762891	3.047133489265802e8	1.527313671206115e8
0.501439999999985	66980.33961201648	3.0471327510771555e8	1.5282881838812527e8
0.501759999999985	66983.23850672165	3.04713201249028e8	1.5292626958746132e8
0.502079999999985	66986.1472189006	3.04713127050164e8	1.53023720571765e8
0.502399999999985	66989.05945533355	3.047130527443507e8	1.5312117145474216e8
0.502719999999985	66991.97442640357	3.047129785711074e8	1.5321862235630527e8
0.5030399999999849	66994.89031986972	3.047129041721397e8	1.533160730954419e8
0.5033599999999849	66997.81762006013	3.047128296268544e8	1.5341352371711168e8
0.5036799999999849	67000.74588574759	3.0471275489376485e8	1.535109741950849e8
0.5039999999999849	67003.67994184635	3.047126801847522e8	1.536084246383617e8
0.5043199999999849	67006.61452067966	3.047126053547589e8	1.5370587497119302e8
0.5046399999999849	67009.55934613255	3.047125303005121e8	1.5380332514616352e8
0.5049599999999849	67012.49908553813	3.047124554250172e8	1.5390077535895938e8
0.5052799999999849	67015.44562034689	3.047123803436589e8	1.5399822542129666e8
0.5055999999999848	67018.40273742228	3.0471230498147553e8	1.5409567529694277e8
0.5059199999999848	67021.35886454716	3.0471222947298837e8	1.5419312504795745e8
0.5062399999999848	67024.32261429461	3.047121540611461e8	1.5429057480144402e8
0.5065599999999848	67027.28337059423	3.047120784634484e8	1.5438802440914616e8
0.5068799999999848	67030.25818888085	3.047120026843932e8	1.544854738815787e8
0.5071999999999848	67033.23210780972	3.047119268577169e8	1.545829232790121e8
0.5075199999999848	67036.21371010653	3.0471185078996676e8	1.5468037250744724e8
0.5078399999999847	67039.19360287033	3.047117748184553e8	1.5477782173332328e8
0.5081599999999847	67042.18372481181	3.047116986628748e8	1.54875270820165e8
0.5084799999999847	67045.18022684667	3.047116223145522e8	1.5497271976148394e8
0.5087999999999847	67048.17480235951	3.047115458861028e8	1.5507016861030737e8
0.5091199999999847	67051.17697882633	3.0471146929210085e8	1.5516761732774508e8
0.5094399999999847	67054.18265331001	3.047113926532933e8	1.5526506597313148e8
0.5097599999999847	67057.19226375682	3.047113159004575e8	1.5536251451134792e8
0.5100799999999847	67060.20113982215	3.047112392039008e8	1.554599630268635e8
0.5103999999999846	67063.22487284703	3.047111620643783e8	1.5555741127255177e8
0.5107199999999846	67066.25263535252	3.0471108476905143e8	1.556548593893347e8
0.5110399999999846	67069.27697500988	3.0471100771930623e8	1.5575230757853928e8
0.5113599999999846	67072.31012986109	3.0471093027120185e8	1.5584975551709893e8
0.5116799999999846	67075.3461250608	3.0471085285304946e8	1.5594720342086345e8
0.5119999999999846	67078.38525933855	3.047107753752467e8	1.5604465124412817e8
0.5123199999999846	67081.43452131526	3.047106975520082e8	1.561420988438275e8
0.5126399999999846	67084.48487596663	3.047106196654148e8	1.562395463598227e8
0.5129599999999845	67087.53978747998	3.0471054181271315e8	1.563369938436227e8
0.5132799999999845	67090.59956193445	3.0471046367356616e8	1.564344411309821e8
0.5135999999999845	67093.65787659727	3.0471038571992874e8	1.5653188846094185e8
0.5139199999999845	67096.7299734207	3.047103074017881e8	1.566293355584277e8
0.5142399999999845	67099.80607347822	3.047102287892583e8	1.567267824543817e8
0.5145599999999845	67102.88076832837	3.0471015040504277e8	1.5682422941485426e8
0.5148799999999845	67105.96341801205	3.0471007169165444e8	1.5692167615756765e8
0.5151999999999844	67109.05110225636	3.047099931080637e8	1.5701912291724405e8
0.5155199999999844	67112.14407308695	3.0470991408017373e8	1.5711656939816692e8
0.5158399999999844	67115.23688754992	3.047098351141235e8	1.572140158583562e8
0.5161599999999844	67118.33656500523	3.0470975602742696e8	1.5731146220707557e8
0.5164799999999844	67121.44401051928	3.047096767077236e8	1.574089083866083e8
0.5167999999999844	67124.55743749652	3.0470959724690646e8	1.5750635444335032e8
0.5171199999999844	67127.66815374942	3.0470951791538954e8	1.5760380051279956e8
0.5174399999999844	67130.78530701523	3.0470943829790586e8	1.577012463846214e8
0.5177599999999843	67133.91415386193	3.047093584873071e8	1.577986921091449e8
0.5180799999999843	67137.0407402223	3.04709278665418e8	1.5789613777364853e8
0.5183999999999843	67140.17486305608	3.047091986530329e8	1.5799358328994152e8
0.5187199999999843	67143.31099477885	3.047091187007849e8	1.5809102878518194e8
0.5190399999999843	67146.45424879702	3.04709038448728e8	1.581884740750585e8
0.5193599999999843	67149.60245318955	3.047089581194757e8	1.5828591927384922e8
0.5196799999999843	67152.75341579806	3.047088776248286e8	1.583833643345868e8
0.5199999999999843	67155.91038478461	3.047087970408921e8	1.584808092982438e8
0.5203199999999842	67159.07024630162	3.047087163330082e8	1.5857825414520177e8
0.5206399999999842	67162.23883901702	3.047086355052943e8	1.586756988802815e8
0.5209599999999842	67165.41169676064	3.04708554487621e8	1.5877314346468544e8
0.5212799999999842	67168.58773470756	3.047084733507058e8	1.5887058793457147e8
0.5215999999999842	67171.7656988041	3.047083922480139e8	1.5896803236926955e8
0.5219199999999842	67174.95087966055	3.0470831092431056e8	1.5906547663812792e8
0.5222399999999842	67178.14505227092	3.0470822930977505e8	1.5916292070531225e8
0.5225599999999841	67181.3340154688	3.047081479335531e8	1.5926036484026504e8
0.5228799999999841	67184.53515253594	3.0470806621035254e8	1.5935780874547628e8
0.5231999999999841	67187.7411234467	3.047079843249114e8	1.5945525251375648e8
0.5235199999999841	67190.95384544366	3.0470790224381316e8	1.5955269612836447e8
0.5238399999999841	67194.16444458559	3.0470782027608037e8	1.5965013974675903e8
0.5241599999999841	67197.38988250453	3.0470773787801784e8	1.5974758309213868e8
0.5244799999999841	67200.61155185703	3.0470765557233286e8	1.598450264293774e8
0.5247999999999841	67203.84196042115	3.0470757310379964e8	1.599424696305688e8
0.525119999999984	67207.07512296239	3.0470749052248436e8	1.6003991271899652e8
0.525439999999984	67210.32148756189	3.047074075281828e8	1.6013735554176864e8
0.525759999999984	67213.55909868059	3.0470732490874743e8	1.6023479850228512e8
0.526079999999984	67216.80969805265	3.047072417824013e8	1.6033224114733294e8
0.526399999999984	67220.06361721775	3.047071586137833e8	1.604296837164198e8
0.526719999999984	67223.32131042315	3.047070755278731e8	1.6052712627554625e8
0.527039999999984	67226.58543461101	3.047069921104491e8	1.6062456860773334e8
0.527359999999984	67229.85714549155	3.047069085841484e8	1.6072201083061287e8
0.5276799999999839	67233.12950745445	3.047068247766532e8	1.6081945284986842e8
0.5279999999999839	67236.40909482501	3.047067410812938e8	1.6091689487601098e8
0.5283199999999839	67239.69322756538	3.047066571474285e8	1.610143367226261e8
0.5286399999999839	67242.98215189816	3.0470657311355853e8	1.611117784628138e8
0.5289599999999839	67246.27977253315	3.047064888464651e8	1.6120922002784535e8
0.5292799999999839	67249.5744330469	3.0470640468271863e8	1.6130666159014153e8
0.5295999999999839	67252.88354612119	3.047063199471026e8	1.6140410280040073e8
0.5299199999999838	67256.19080490373	3.047062354284556e8	1.6150154406841582e8
0.5302399999999838	67259.50522177322	3.047061508603461e8	1.6159898525735798e8
0.5305599999999838	67262.8247439972	3.0470606595422643e8	1.6169642621311727e8
0.5308799999999838	67266.14809022131	3.0470598106682235e8	1.617938671241418e8
0.5311999999999838	67269.48155806868	3.047058957555145e8	1.618913077582788e8
0.5315199999999838	67272.8155720643	3.0470581054569185e8	1.619887483898804e8
0.5318399999999838	67276.15553830205	3.0470572524382305e8	1.6208618891864672e8
0.5321599999999838	67279.50008618852	3.0470563975809836e8	1.62183629294985e8
0.5324799999999837	67282.8557708711	3.047055539340372e8	1.6228106943952116e8
0.5327999999999837	67286.20776451097	3.047054681726622e8	1.6237850955865705e8
0.5331199999999837	67289.56859274485	3.047053823815463e8	1.624759496090296e8
0.5334399999999837	67292.93821290265	3.0470529621735317e8	1.6257338940743253e8
0.5337599999999837	67296.30743392109	3.04705210008538e8	1.626708291245303e8
0.5340799999999837	67299.68321854206	3.047051237531488e8	1.6276826876248193e8
0.5343999999999837	67303.07000413546	3.0470503722709554e8	1.628657082035488e8
0.5347199999999837	67306.45175318455	3.047049506515303e8	1.6296314755825302e8
0.5350399999999836	67309.84691734982	3.047048638357082e8	1.6306058673307502e8
0.5353599999999836	67313.2454682271	3.047047768988304e8	1.631580257869272e8
0.5356799999999836	67316.65041149477	3.047046898888178e8	1.63255464746756e8
0.5359999999999836	67320.05434915665	3.04704602766329e8	1.6335290358796534e8
0.5363199999999836	67323.47409163523	3.047045153324201e8	1.6345034221154535e8
0.5366399999999836	67326.8905004233	3.047044279229272e8	1.635477807885369e8
0.5369599999999836	67330.31639433133	3.047043401929339e8	1.63645219139696e8
0.5372799999999835	67333.7459771546	3.0470425254790497e8	1.6374265747987193e8
0.5375999999999835	67337.18067437969	3.04704164696036e8	1.6384009565292776e8
0.5379199999999835	67340.62219104644	3.0470407666695523e8	1.6393753367538556e8
0.5382399999999835	67344.06831099291	3.047039884907003e8	1.6403497156221277e8
0.5385599999999835	67347.52379785811	3.0470390014326346e8	1.6413240930253223e8
0.5388799999999835	67350.97959287286	3.047038118374438e8	1.6422984700666657e8
0.5391999999999835	67354.44327285921	3.047037229996944e8	1.6432728436889032e8
0.5395199999999835	67357.90801113566	3.0470363439850074e8	1.6442472180015504e8
0.5398399999999834	67361.37866396915	3.04703545625487e8	1.645221590824639e8
0.5401599999999834	67364.86248189629	3.0470345647526574e8	1.6461959610803816e8
0.5404799999999834	67368.34814808084	3.047033673163318e8	1.6471703307046697e8
0.5407999999999834	67371.8368411099	3.0470327794357795e8	1.6481446985935935e8
0.5411199999999834	67375.33539528737	3.047031884230145e8	1.6491190651336274e8
0.5414399999999834	67378.83336528388	3.047030989632331e8	1.6500934314047587e8
0.5417599999999834	67382.34389685377	3.047030091080992e8	1.6510677949966606e8
0.5420799999999834	67385.85577582767	3.047029191057649e8	1.6520421571992484e8
0.5423999999999833	67389.37301276044	3.0470282908620334e8	1.6530165187344223e8
0.5427199999999833	67392.89632234123	3.0470273898758364e8	1.6539908792696658e8
0.5430399999999833	67396.42582225354	3.0470264858775765e8	1.654965237598346e8
0.5433599999999833	67399.96123505871	3.047025580841674e8	1.655939594789065e8
0.5436799999999833	67403.50548881656	3.047024674477035e8	1.65691395069587e8
0.5439999999999833	67407.05140201	3.047023765784206e8	1.6578883047409502e8
0.5443199999999833	67410.59952466958	3.047022857513194e8	1.658862658421445e8
0.5446399999999832	67414.16106906053	3.047021945434161e8	1.6598370094850543e8
0.5449599999999832	67417.72026617397	3.0470210348545694e8	1.6608113607485944e8
0.5452799999999832	67421.29122203733	3.04702012078262e8	1.6617857095557404e8
0.5455999999999832	67424.8650519398	3.0470192052878904e8	1.6627600569918177e8
0.5459199999999832	67428.44568379626	3.0470182887700045e8	1.6637344032914305e8
0.5462399999999832	67432.03367907883	3.0470173685758716e8	1.664708747006855e8
0.5465599999999832	67435.62657168129	3.047016449808572e8	1.6656830909124482e8
0.5468799999999832	67439.2229368403	3.0470155290475214e8	1.6666574331324285e8
0.5471999999999831	67442.82720028433	3.0470146059293026e8	1.667631773486026e8
0.5475199999999831	67446.43460584607	3.047013682564461e8	1.668606113104947e8
0.5478399999999831	67450.05251443632	3.047012755745603e8	1.669580450265069e8
0.5481599999999831	67453.67270742697	3.047011828122959e8	1.670554786378591e8
0.5484799999999831	67457.30033487963	3.047010898802597e8	1.6715291209776688e8
0.5487999999999831	67460.93696134217	3.04700996765355e8	1.6725034539957863e8
0.5491199999999831	67464.56588757812	3.047009039042695e8	1.673477787753747e8
0.549439999999983	67468.21408707992	3.047008103955286e8	1.6744521174225315e8
0.549759999999983	67471.86449934701	3.0470071686127794e8	1.6754264463392317e8
0.550079999999983	67475.52002455918	3.0470062330176044e8	1.6764007745179665e8
0.550399999999983	67479.18287173894	3.047005294052729e8	1.6773751002527615e8
0.550719999999983	67482.8504602735	3.0470043538826513e8	1.67834942472075e8
0.551039999999983	67486.52456508405	3.0470034137902725e8	1.6793237486356273e8
0.551359999999983	67490.20711755003	3.047002469209127e8	1.6802980694883043e8
0.551679999999983	67493.89134619967	3.0470015252724737e8	1.6812723900759497e8
0.551999999999983	67497.58265552629	3.0470005791662776e8	1.68224670887003e8
0.5523199999999829	67501.28041400162	3.046999632743069e8	1.683221026888757e8
0.5526399999999829	67504.98391517815	3.046998683457202e8	1.6841953427217788e8
0.5529599999999829	67508.69619166362	3.04699773146866e8	1.6851696564683133e8
0.5532799999999829	67512.41048219966	3.046996780539356e8	1.6861439701768687e8
0.5535999999999829	67516.13556269398	3.046995825397733e8	1.6871182809692848e8
0.5539199999999829	67519.86068593782	3.0469948704077595e8	1.688092591210762e8
0.5542399999999829	67523.5988937875	3.0469939128626513e8	1.6890668994593728e8
0.5545599999999828	67527.33667632863	3.046992955768878e8	1.6900412073196277e8
0.5548799999999828	67531.08394383175	3.046991993850521e8	1.6910155119085756e8
0.5551999999999828	67534.83652105417	3.0469910320651406e8	1.6919898159553593e8
0.5555199999999828	67538.59554689955	3.0469900693224275e8	1.6929641188594294e8
0.5558399999999828	67542.36220400882	3.04698910342645e8	1.693938419404471e8
0.5561599999999828	67546.13437673633	3.0469881360549426e8	1.6949127185110822e8
0.5564799999999828	67549.90904471354	3.046987169979958e8	1.6958870177069896e8
0.5567999999999828	67553.69508456788	3.0469861982164764e8	1.6968613131434962e8
0.5571199999999827	67557.48638752167	3.0469852259122175e8	1.697835607655875e8
0.5574399999999827	67561.28262800945	3.0469842530753636e8	1.6988099012466767e8
0.5577599999999827	67565.0839047039	3.0469832785124403e8	1.6997841932501063e8
0.5580799999999827	67568.8977723397	3.046982300137666e8	1.7007584825338113e8
0.5583999999999827	67572.70927966735	3.046981322906828e8	1.701732771795299e8
0.5587199999999827	67576.5310900171	3.046980343363914e8	1.7027070591606274e8
0.5590399999999827	67580.36066150569	3.046979360200162e8	1.703681343884619e8
0.5593599999999826	67584.19177266366	3.046978378118851e8	1.7046556285671347e8
0.5596799999999826	67588.03793568004	3.0469773922138e8	1.7056299105228052e8
0.5599999999999826	67591.8811511768	3.046976406050711e8	1.7066041916654104e8
0.5603199999999826	67595.73863017207	3.046975417579609e8	1.707578470921763e8
0.5606399999999826	67599.5936012931	3.0469744275442845e8	1.708552748632821e8
0.5609599999999826	67603.4642197136	3.046973435365215e8	1.7095270245517284e8
0.5612799999999826	67607.33458061502	3.0469724419938725e8	1.7105012991405398e8
0.5615999999999826	67611.21404169581	3.046971447205917e8	1.7114755723131487e8
0.5619199999999825	67615.10686708758	3.04697044919899e8	1.7124498430740064e8
0.5622399999999825	67618.9962141181	3.046969450774396e8	1.7134241129211703e8
0.5625599999999825	67622.8907242876	3.0469684515767074e8	1.7143983816921234e8
0.5628799999999825	67626.79521569089	3.046967450402576e8	1.7153726487297955e8
0.5631999999999825	67630.71081649548	3.0469664446662515e8	1.716346912580826e8
0.5635199999999825	67634.6283379032	3.046965440891454e8	1.7173211768768683e8
0.5638399999999825	67638.55823025608	3.0469644325442326e8	1.7182954379812637e8
0.5641599999999825	67642.48787468007	3.046963424256336e8	1.719269698447554e8
0.5644799999999824	67646.42689227322	3.046962413448088e8	1.7202439568615246e8
0.5647999999999824	67650.37238351023	3.046961400315347e8	1.7212182133186674e8
0.5651199999999824	67654.32489987019	3.046960386183795e8	1.722192468568257e8
0.5654399999999824	67658.28279042375	3.046959369698953e8	1.7231667218362164e8
0.5657599999999824	67662.25361558684	3.046958351307306e8	1.724140973405668e8
0.5660799999999824	67666.22142277818	3.046957333093804e8	1.7251152243856847e8
0.5663999999999824	67670.19874539762	3.046956312112609e8	1.7260894731622884e8
0.5667199999999823	67674.1840453304	3.0469552903229266e8	1.727063720836387e8
0.5670399999999823	67678.18214723427	3.046954262742457e8	1.7280379646028534e8
0.5673599999999823	67682.175228239	3.0469532379709744e8	1.7290122092580658e8
0.5676799999999823	67686.18473894453	3.0469522084428805e8	1.729986450602664e8
0.5679999999999823	67690.19443541816	3.0469511798676175e8	1.730960691804714e8
0.5683199999999823	67694.21132334015	3.0469501483070046e8	1.7319349306572235e8
0.5686399999999823	67698.24102576436	3.046949114192742e8	1.7329091674269956e8
0.5689599999999823	67702.27382520944	3.046948078147957e8	1.7338834024241036e8
0.5692799999999822	67706.31391925704	3.046947040860413e8	1.7348576360562748e8
0.5695999999999822	67710.35865488114	3.046946002468544e8	1.7358318683896792e8
0.5699199999999822	67714.41630882725	3.046944960491794e8	1.73680609804509e8
0.5702399999999822	67718.47321480275	3.0469439191727847e8	1.7377803273795226e8
0.5705599999999822	67722.5421383199	3.0469428737419814e8	1.7387545537271294e8
0.5708799999999822	67726.61558960125	3.0469418280219686e8	1.7397287792339453e8
0.5711999999999822	67730.69977896163	3.046940778563916e8	1.740703001956307e8
0.5715199999999822	67734.78642534201	3.046939728729691e8	1.7416772237764138e8
0.5718399999999821	67738.88085384709	3.046938677323164e8	1.7426514440326872e8
0.5721599999999821	67742.98705017677	3.0469376217956877e8	1.7436256612823617e8
0.5724799999999821	67747.10013670615	3.046936565028752e8	1.74459987715011e8
0.5727999999999821	67751.21439122324	3.0469355095505035e8	1.745574093058353e8
0.5731199999999821	67755.3395056248	3.046934449282217e8	1.7465483055658513e8
0.5734399999999821	67759.47068710151	3.046933388591537e8	1.747522517152039e8
0.5737599999999821	67763.60826637813	3.046932324987767e8	1.748496726388801e8
0.574079999999982	67767.75263421968	3.0469312593874085e8	1.7494709338010886e8
0.574399999999982	67771.9059361265	3.046930191715374e8	1.75044513935292e8
0.574719999999982	67776.06898090105	3.046929123318283e8	1.7514193438195908e8
0.575039999999982	67780.2343651286	3.046928052421603e8	1.752393546148422e8
0.575359999999982	67784.4059820425	3.046926980300891e8	1.753367747087428e8
0.575679999999982	67788.5892292057	3.0469259047505593e8	1.7543419453885645e8
0.575999999999982	67792.77671083929	3.04692482967547e8	1.75531614326627e8
0.576319999999982	67796.97267208791	3.046923749253544e8	1.756290337383565e8
0.576639999999982	67801.17888033115	3.046922669005751e8	1.7572645309263292e8
0.5769599999999819	67805.3884678143	3.0469215882181334e8	1.7582387234536535e8
0.5772799999999819	67809.60573796916	3.04692050290682e8	1.7592129126833695e8
0.5775999999999819	67813.83196585553	3.046919416640078e8	1.7601871006774774e8
0.5779199999999819	67818.06529092831	3.046918328202068e8	1.761161286724464e8
0.5782399999999819	67822.30815012846	3.046917237830405e8	1.7621354709698522e8
0.5785599999999819	67826.55409757995	3.0469161459281605e8	1.76310965361773e8
0.5788799999999819	67830.80828182324	3.046915052377943e8	1.7640838346203247e8
0.5791999999999818	67835.07341101342	3.046913955106235e8	1.7650580127863896e8
0.5795199999999818	67839.34437767616	3.046912859397782e8	1.7660321911533865e8
0.5798399999999818	67843.618892918	3.0469117583147365e8	1.767006365690302e8
0.5801599999999818	67847.90283065659	3.0469106561789274e8	1.7679805389239553e8
0.5804799999999818	67852.19622102886	3.0469095530866176e8	1.768954710909251e8
0.5807999999999818	67856.49789058165	3.046908445453428e8	1.7699288795584527e8
0.5811199999999818	67860.80639624428	3.0469073377583873e8	1.770903047463931e8
0.5814399999999817	67865.12068439214	3.0469062280279934e8	1.7718772134736776e8
0.5817599999999817	67869.44335773811	3.0469051165022576e8	1.772851377736197e8
0.5820799999999817	67873.77809763372	3.0469040018877137e8	1.7738255395121703e8
0.5823999999999817	67878.11959029392	3.0469028842002845e8	1.774799698785599e8
0.5827199999999817	67882.4608174385	3.046901767744707e8	1.7757738580326387e8
0.5830399999999817	67886.81187167321	3.0469006477949315e8	1.7767480145410812e8
0.5833599999999817	67891.17354476097	3.0468995265939885e8	1.7777221696192703e8
0.5836799999999817	67895.54367351068	3.046898400931414e8	1.778696321383013e8
0.5839999999999816	67899.92220773779	3.046897274806657e8	1.7796704721634158e8
0.5843199999999816	67904.30225315258	3.046896148015566e8	1.7806446218120053e8
0.5846399999999816	67908.7003938761	3.046895016043116e8	1.7816187677573475e8
0.5849599999999816	67913.0990803896	3.046893884005582e8	1.7825929129142725e8
0.5852799999999816	67917.50843748373	3.046892749223474e8	1.783567055756451e8
0.5855999999999816	67921.9199589664	3.046891614687685e8	1.784541197997362e8
0.5859199999999816	67926.3467703996	3.046890474206555e8	1.7855153360637555e8
0.5862399999999816	67930.77728312276	3.046889334891061e8	1.7864894740705663e8
0.5865599999999815	67935.22251162349	3.046888190127095e8	1.787463608184845e8
0.5868799999999815	67939.66631987559	3.04688704639045e8	1.7884377421350718e8
0.5871999999999815	67944.12502398522	3.046885898372652e8	1.7894118728724638e8
0.5875199999999815	67948.58927447874	3.046884748871809e8	1.7903860019981483e8
0.5878399999999815	67953.05934652957	3.0468835975302213e8	1.7913601293015116e8
0.5881599999999815	67957.53607034069	3.046882444526977e8	1.7923342548894826e8
0.5884799999999815	67962.02948055616	3.0468812889096045e8	1.793308378241186e8
0.5887999999999814	67966.52558150455	3.04688013100182e8	1.794282499487006e8
0.5891199999999814	67971.02512679111	3.046878971863499e8	1.7952566192522094e8
0.5894399999999814	67975.54520488111	3.04687780880599e8	1.7962307360209396e8
0.5897599999999814	67980.06044225098	3.046876644068784e8	1.797204851005908e8
0.5900799999999814	67984.59056007632	3.046875478835419e8	1.7981789649847713e8
0.5903999999999814	67989.12834948632	3.046874309303593e8	1.7991530756825042e8
0.5907199999999814	67993.67467036578	3.0468731401605856e8	1.8001271858672956e8
0.5910399999999814	67998.22865381179	3.046871965834465e8	1.801101292242648e8
0.5913599999999813	68002.7856712605	3.046870792100778e8	1.8020753982000265e8
0.5916799999999813	68007.3573192475	3.046869615200122e8	1.8030495015629575e8
0.5919999999999813	68011.93749403671	3.046868433418139e8	1.804023601288457e8
0.5923199999999813	68016.52344197454	3.046867253312891e8	1.8049977012450027e8
0.5926399999999813	68021.11543232763	3.046866070060709e8	1.805971798576547e8
0.5929599999999813	68025.71786279368	3.046864884092634e8	1.8069458935534996e8
0.5932799999999813	68030.33640713779	3.046863694700756e8	1.8079199857762426e8
0.5935999999999813	68034.9552999588	3.046862504386935e8	1.8088940766623667e8
0.5939199999999812	68039.58551177959	3.0468613104170215e8	1.8098681646316665e8
0.5942399999999812	68044.22312136814	3.046860116467059e8	1.8108422518490654e8
0.5945599999999812	68048.86735929738	3.046858918968113e8	1.8118163361894456e8
0.5948799999999812	68053.52367765659	3.0468577186855495e8	1.8127904181267253e8
0.5951999999999812	68058.18384474605	3.0468565172194684e8	1.813764498577174e8
0.5955199999999812	68062.85427824267	3.046855314021526e8	1.8147385772390264e8
0.5958399999999812	68067.53499898124	3.046854107292973e8	1.8157126530388394e8
0.5961599999999811	68072.2243042897	3.046852899285016e8	1.8166867273083282e8
0.5964799999999811	68076.91961849238	3.046851687284063e8	1.817660798417185e8
0.5967999999999811	68081.62908386387	3.0468504739076513e8	1.818634867956495e8
0.5971199999999811	68086.34271349733	3.046849257937262e8	1.8196089351569647e8
0.5974399999999811	68091.06305574159	3.046848041465663e8	1.820583001276625e8
0.5977599999999811	68095.79950019074	3.0468468200602186e8	1.8215570637030482e8
0.5980799999999811	68100.53452726877	3.0468455993956476e8	1.8225311257548633e8
0.5983999999999811	68105.28790490556	3.046844372994935e8	1.8235051836363375e8
0.598719999999981	68110.04426639927	3.0468431461361957e8	1.8244792404402375e8
0.599039999999981	68114.81481758259	3.0468419163164926e8	1.8254532947116667e8
0.599359999999981	68119.58695682835	3.0468406851522446e8	1.826427347365975e8
0.599679999999981	68124.37646755057	3.046839450085676e8	1.8274013969311953e8
0.599999999999981	68129.17077817307	3.0468382126565087e8	1.82837544427696e8
0.600319999999981	68133.9713305962	3.046836976010541e8	1.829349491295204e8
0.600639999999981	68138.78624878841	3.046835732732966e8	1.8303235335654336e8
0.600959999999981	68143.60317385945	3.0468344907801133e8	1.831297575813264e8
0.6012799999999809	68148.43879865082	3.046833242985862e8	1.832271613797659e8
0.6015999999999809	68153.27071455392	3.04683199511172e8	1.8332456508896795e8
0.6019199999999809	68158.12748457785	3.046830741420789e8	1.8342196837498337e8
0.6022399999999809	68162.9779877818	3.0468294903843504e8	1.835193717350257e8
0.6025599999999809	68167.847585433	3.0468282337839663e8	1.836167746842252e8
0.6028799999999809	68172.72280102146	3.0468269756084704e8	1.8371417745715636e8
0.6031999999999809	68177.60642234876	3.046825714639399e8	1.8381157998127112e8
0.6035199999999808	68182.50332855605	3.0468244519292665e8	1.8390898232174894e8
0.6038399999999808	68187.40395037206	3.046823186392492e8	1.840063844090674e8
0.6041599999999808	68192.31534908571	3.0468219191239005e8	1.8410378631189153e8
0.6044799999999808	68197.24035687085	3.046820647426888e8	1.8420118786816064e8
0.6047999999999808	68202.16951026587	3.0468193763223207e8	1.8429858937735856e8
0.6051199999999808	68207.11366251018	3.046818099001621e8	1.843959904318233e8
0.6054399999999808	68212.05730421665	3.0468168219287896e8	1.8449339141618073e8
0.6057599999999808	68217.01544505653	3.046815542091591e8	1.845907921539034e8
0.6060799999999807	68221.9874212876	3.046814258020865e8	1.846881925554077e8
0.6063999999999807	68226.96401525539	3.0468129730561876e8	1.8478559281915775e8
0.6067199999999807	68231.95751290962	3.04681168371666e8	1.84882992738702e8
0.6070399999999807	68236.9486777465	3.046810394933914e8	1.8498039260541484e8
0.6073599999999807	68241.95486183473	3.046809101223813e8	1.850777920930806e8
0.6076799999999807	68246.97218053494	3.0468078062678874e8	1.8517519142340696e8
0.6079999999999807	68251.99668688193	3.046806506613691e8	1.8527259038480777e8
0.6083199999999807	68257.0337434703	3.0468052058857274e8	1.8536998919941133e8
0.6086399999999806	68262.07598995253	3.0468039049112654e8	1.8546738791457278e8
0.6089599999999806	68267.1302596971	3.046802598122083e8	1.8556478619385323e8
0.6092799999999806	68272.19448117417	3.046801288558769e8	1.8566218422113046e8
0.6095999999999806	68277.26546340037	3.046799979260975e8	1.8575958218018004e8
0.6099199999999806	68282.34858088309	3.046798665013907e8	1.858569797550567e8
0.6102399999999806	68287.44259934366	3.046797349316443e8	1.8595437715830824e8
0.6105599999999806	68292.54511963372	3.0467960315343165e8	1.860517743501247e8
0.6108799999999805	68297.65366028066	3.04679471074309e8	1.8614917127286023e8
0.6111999999999805	68302.78335206691	3.0467933853051317e8	1.86246567832011e8
0.6115199999999805	68307.91710363454	3.046792058558531e8	1.8634396422460178e8
0.6118399999999805	68313.05941174738	3.046790728774264e8	1.864413603464599e8
0.6121599999999805	68318.21497665449	3.0467893967559683e8	1.8653875624830398e8
0.6124799999999805	68323.37219820781	3.046788063803716e8	1.866361520050383e8
0.6127999999999805	68328.54659981006	3.0467867261588115e8	1.8673354739224946e8
0.6131199999999805	68333.72676788032	3.0467853863718975e8	1.8683094256143978e8
0.6134399999999804	68338.91893141843	3.046784045179313e8	1.8692833755997592e8
0.6137599999999804	68344.12934311111	3.046782697934518e8	1.870257321049405e8
0.6140799999999804	68349.33480645707	3.04678135102421e8	1.8712312657897723e8
0.6143999999999804	68354.55743245246	3.0467800018876064e8	1.8722052083331454e8
0.6147199999999804	68359.78809785815	3.0467786480266774e8	1.873179147106483e8
0.6150399999999804	68365.03784263958	3.046777290041739e8	1.8741530825168905e8
0.6153599999999804	68370.29187259448	3.0467759321184045e8	1.8751270170789802e8
0.6156799999999804	68375.55445745903	3.04677456928926e8	1.876100947750843e8
0.6159999999999803	68380.82947445335	3.046773206088976e8	1.8770748773359314e8
0.6163199999999803	68386.1103701018	3.0467718396658754e8	1.8780488040510803e8
0.6166399999999803	68391.41129676366	3.04677046941026e8	1.8790227275714296e8
0.6169599999999803	68396.70889411478	3.046769097868874e8	1.8799966493748686e8
0.6172799999999803	68402.02947618811	3.046767721928028e8	1.8809705676388842e8
0.6175999999999803	68407.3547289075	3.046766343270226e8	1.881944483328115e8
0.6179199999999803	68412.68977324812	3.046764963539379e8	1.8829183974752787e8
0.6182399999999802	68418.03791551887	3.046763579679556e8	1.8838923082025748e8
0.6185599999999802	68423.39339780122	3.0467621931922036e8	1.8848662164126858e8
0.6188799999999802	68428.7608194282	3.046760803777276e8	1.8858401219348556e8
0.6191999999999802	68434.14002774871	3.0467594119495624e8	1.8868140250843346e8
0.6195199999999802	68439.52798148467	3.0467580164261466e8	1.8877879250523302e8
0.6198399999999802	68444.9357082705	3.046756616967956e8	1.888761821728946e8
0.6201599999999802	68450.34145438836	3.0467552183475435e8	1.8897357179873326e8
0.6204799999999802	68455.76728367538	3.046753813723183e8	1.8907096096668953e8
0.6207999999999801	68461.19339705636	3.046752408353773e8	1.8916834999513233e8
0.6211199999999801	68466.64186831038	3.046750998618538e8	1.892657386674596e8
0.6214399999999801	68472.09060458283	3.046749587632365e8	1.893631271684389e8
0.6217599999999801	68477.55785930817	3.046748171374888e8	1.8946051525488368e8
0.6220799999999801	68483.03755957361	3.0467467524503326e8	1.8955790308597875e8
0.6223999999999801	68488.52141950309	3.046745332218695e8	1.8965529074297354e8
0.6227199999999801	68494.01960891378	3.046743908698129e8	1.897526781061619e8
0.62303999999998	68499.5302471052	3.046742481461534e8	1.8985006514789528e8
0.62335999999998	68505.05155327145	3.0467410508476627e8	1.8994745188825083e8
0.62367999999998	68510.57508236596	3.0467396198088324e8	1.9004483850784618e8
0.62399999999998	68516.11880681354	3.0467381849251837e8	1.9014222479999673e8
0.62431999999998	68521.67278191479	3.0467367452373856e8	1.9023961070068505e8
0.62463999999998	68527.23977632126	3.046735303569359e8	1.903369963868728e8
0.62495999999998	68532.80762239193	3.0467338612426895e8	1.9043438193638772e8
0.62527999999998	68538.4019483421	3.0467324110941935e8	1.905317669108697e8
0.62559999999998	68543.99344013467	3.046730961857661e8	1.9062915184495315e8
0.6259199999999799	68549.60328337188	3.046729508068197e8	1.9072653640459472e8
0.6262399999999799	68555.22728466734	3.0467280506837904e8	1.908239206477655e8
0.6265599999999799	68560.86133867771	3.046726591107273e8	1.909213046604695e8
0.6268799999999799	68566.50509868718	3.046725128791182e8	1.9101868840803793e8
0.6271999999999799	68572.15558807038	3.04672366330357e8	1.91116071861997e8
0.6275199999999799	68577.82431498369	3.046722194776185e8	1.912134550345899e8
0.6278399999999799	68583.50158466434	3.046720721563304e8	1.9131083781857407e8
0.6281599999999798	68589.18718780956	3.0467192480887556e8	1.9140822049130106e8
0.6284799999999798	68594.89598263337	3.0467177676680595e8	1.9150560263815153e8
0.6287999999999798	68600.60180458474	3.0467162881470674e8	1.916029847420713e8
0.6291199999999798	68606.32602801232	3.0467148031870794e8	1.9170036641229665e8
0.6294399999999798	68612.06577580645	3.0467133145238096e8	1.9179774775647438e8
0.6297599999999798	68617.80846587791	3.046711825998729e8	1.918951290114962e8
0.6300799999999798	68623.56743331175	3.046710333934447e8	1.9199250995060042e8
0.6303999999999798	68629.33986788816	3.046708834497908e8	1.920898903307571e8
0.6307199999999797	68635.12017172229	3.0467073358262664e8	1.9218727066240513e8
0.6310399999999797	68640.91678726749	3.046705832614127e8	1.922846506139335e8
0.6313599999999797	68646.72494064126	3.046704326306807e8	1.923820302743825e8
0.6316799999999797	68652.5431494725	3.046702816353168e8	1.9247940960808355e8
0.6319999999999797	68658.37378285614	3.0467013044255453e8	1.9257678872124037e8
0.6323199999999797	68664.21659144593	3.046699786418545e8	1.926741673539676e8
0.6326399999999797	68670.07160505456	3.0466982679000366e8	1.9277154585792658e8
0.6329599999999797	68675.9374592529	3.046696746014557e8	1.9286892405181623e8
0.6332799999999796	68681.81840700051	3.0466952208362246e8	1.9296630194155645e8
0.6335999999999796	68687.70594775023	3.046693692295073e8	1.930636795192689e8
0.6339199999999796	68693.61410430804	3.0466921573887396e8	1.9316105659943208e8
0.6342399999999796	68699.53129251009	3.0466906225342524e8	1.9325843358417177e8
0.6345599999999796	68705.45802983058	3.0466890834697783e8	1.9335581020323446e8
0.6348799999999796	68711.39837191635	3.04668754170825e8	1.934531865537407e8
0.6351999999999796	68717.35053305494	3.046685996752638e8	1.9355056260319582e8
0.6355199999999795	68723.31284967349	3.046684449994983e8	1.9364793843914238e8
0.6358399999999795	68729.29040314475	3.0466828974369407e8	1.9374531380901742e8
0.6361599999999795	68735.28013473116	3.046681341282212e8	1.9384268885132718e8
0.6364799999999795	68741.2805207487	3.046679784281202e8	1.939400637402186e8
0.6367999999999795	68747.2982151525	3.046678221641857e8	1.9403743817285895e8
0.6371199999999795	68753.32276279018	3.046676656222994e8	1.941348123270373e8
0.6374399999999795	68759.36859137585	3.046675087408389e8	1.9423218616843057e8
0.6377599999999795	68765.41869441015	3.046673513393044e8	1.943295595754164e8
0.6380799999999794	68771.48630235708	3.046671938357077e8	1.9442693281900465e8
0.6383999999999794	68777.56492171001	3.046670359722859e8	1.9452430573217675e8
0.6387199999999794	68783.65423009821	3.0466687781470627e8	1.9462167835640314e8
0.6390399999999794	68789.76169830699	3.046667190332234e8	1.9471905048336744e8
0.6393599999999794	68795.87534693957	3.046665601800287e8	1.9481642246118197e8
0.6396799999999794	68802.0060024243	3.0466640076148486e8	1.9491379397790316e8
0.6399999999999794	68808.14525808608	3.0466624122621465e8	1.95011165317064e8
0.6403199999999794	68814.30450056458	3.0466608134340566e8	1.95108536334846e8
0.6406399999999793	68820.47428231222	3.0466592087041664e8	1.952059068720555e8
0.6409599999999793	68826.65830811008	3.0466576008762306e8	1.953032771091555e8
0.6412799999999793	68832.84860748428	3.046655993020957e8	1.954006472398941e8
0.6415999999999793	68839.06315917542	3.0466543763655454e8	1.9549801670784333e8
0.6419199999999793	68845.2813857914	3.0466527603395826e8	1.955953861100708e8
0.6422399999999793	68851.51404277484	3.0466511406846243e8	1.9569275517698693e8
0.6425599999999793	68857.75922293079	3.046649516280836e8	1.9579012383559173e8
0.6428799999999792	68864.02627746006	3.046647887088385e8	1.95887492086196e8
0.6431999999999792	68870.30428436068	3.046646254759389e8	1.9598486003068623e8
0.6435199999999792	68876.58954985916	3.0466446200130576e8	1.960822277137167e8
0.6438399999999792	68882.89209311712	3.046642981079223e8	1.9617959502464625e8
0.6441599999999792	68889.20112711508	3.046641341170614e8	1.96276962166169e8
0.6444799999999792	68895.53382267257	3.0466396919363487e8	1.963743286060921e8
0.6447999999999792	68901.8748294969	3.046638042925245e8	1.964716949537529e8
0.6451199999999792	68908.22719748925	3.0466363899573445e8	1.965690609405897e8
0.6454399999999791	68914.59848084401	3.046634731691134e8	1.9666642648230356e8
0.6457599999999791	68920.9831387093	3.0466330723150784e8	1.967637918468792e8
0.6460799999999791	68927.38614119455	3.0466314051985836e8	1.9686115660756683e8
0.6463999999999791	68933.79652803713	3.046629736987146e8	1.9695852118929508e8
0.6467199999999791	68940.21749824665	3.046628065985193e8	1.9705588548342583e8
0.6470399999999791	68946.66214773926	3.046626389069792e8	1.9715324929223713e8
0.6473599999999791	68953.11169867004	3.046624710633729e8	1.9725061289288813e8
0.647679999999979	68959.5795700602	3.046623027512923e8	1.9734797608502474e8
0.647999999999979	68966.06040504796	3.0466213401213336e8	1.9744533889311862e8
0.648319999999979	68972.55514738361	3.046619649595685e8	1.975427013907753e8
0.648639999999979	68979.06364248536	3.046617954283793e8	1.9764006347045898e8
0.648959999999979	68985.59177138092	3.0466162554447037e8	1.977374252154685e8
0.649279999999979	68992.1208071463	3.046614554793827e8	1.9783478673025668e8
0.649599999999979	68998.67733122462	3.046612848588792e8	1.979321477808584e8
0.649919999999979	69005.24986749477	3.0466111370636696e8	1.980295083779092e8
0.650239999999979	69011.82037508927	3.046609425216686e8	1.9812686883957776e8
0.6505599999999789	69018.42279195378	3.046607706346248e8	1.982242287417155e8
0.6508799999999789	69025.03162262373	3.0466059841728294e8	1.9832158831687477e8
0.6511999999999789	69031.65051812844	3.046604261023546e8	1.9841894771754763e8
0.6515199999999789	69038.29666214835	3.046602528788136e8	1.9851630642121905e8
0.6518399999999789	69044.9528483431	3.046600794758557e8	1.9861366489631903e8
0.6521599999999789	69051.61832693998	3.046599057614301e8	1.9871102305628663e8
0.6524799999999789	69058.30275761214	3.046597316858921e8	1.9880838087177876e8
0.6527999999999788	69064.99766457216	3.046595572343539e8	1.9890573832976893e8
0.6531199999999788	69071.70821333295	3.046593823152978e8	1.9900309537190586e8
0.6534399999999788	69078.4357810321	3.0465920711593676e8	1.9910045212053555e8
0.6537599999999788	69085.17915364612	3.046590311944032e8	1.9919780828607672e8
0.6540799999999788	69091.93876934236	3.046588549532373e8	1.992951641312661e8
0.6543999999999788	69098.70694177339	3.046586785776865e8	1.9939251977435064e8
0.6547199999999788	69105.49540298892	3.046585015762693e8	1.9948987489746132e8
0.6550399999999788	69112.29911659451	3.0465832434851253e8	1.9958722975994644e8
0.6553599999999787	69119.11866350361	3.0465814646363825e8	1.9968458407945967e8
0.6556799999999787	69125.95034714078	3.046579683742052e8	1.9978193815081587e8
0.6559999999999787	69132.79748212591	3.0465778983037704e8	1.998792918110547e8
0.6563199999999787	69139.66436720017	3.046576106980486e8	1.999766449731865e8
0.6566399999999787	69146.53806132513	3.046574314132507e8	2.0007399791849917e8
0.6569599999999787	69153.42741274618	3.0465725182052547e8	2.001713505477456e8
0.6572799999999787	69160.33900127631	3.0465707160916764e8	2.002687026586497e8
0.6575999999999786	69167.26544277082	3.046568908109781e8	2.0036605426898032e8
0.6579199999999786	69174.20875224163	3.0465670970477587e8	2.004634055622896e8
0.6582399999999786	69181.16789477074	3.046565280801577e8	2.005607563994162e8
0.6585599999999786	69188.1384709036	3.0465634641632813e8	2.0065810709393004e8
0.6588799999999786	69195.1222592913	3.04656164081054e8	2.007554572298234e8
0.6591999999999786	69202.12689245766	3.0465598107747585e8	2.008528068111105e8
0.6595199999999786	69209.14745468803	3.0465579798963404e8	2.0095015622064227e8
0.6598399999999786	69216.18379138452	3.046556144152477e8	2.0104750519282898e8
0.6601599999999785	69223.23516778222	3.046554302856687e8	2.011448536816199e8
0.6604799999999785	69230.3094114784	3.0465524562043196e8	2.0124220170202774e8
0.6607999999999785	69237.38415128944	3.0465506094194156e8	2.0133954959113258e8
0.6611199999999785	69244.48856716703	3.046548754167799e8	2.0143689680782062e8
0.6614399999999785	69251.60073846842	3.046546897610294e8	2.0153424381747478e8
0.6617599999999785	69258.73396576554	3.046545035052068e8	2.016315903137757e8
0.6620799999999785	69265.88473587476	3.0465431679991084e8	2.0172893639464834e8
0.6623999999999785	69273.05014641587	3.0465412963716614e8	2.0182628205338174e8
0.6627199999999784	69280.23327495561	3.046539420130022e8	2.0192362728792924e8
0.6630399999999784	69287.42199566783	3.046537544245949e8	2.0202097242339247e8
0.6633599999999784	69294.6366968032	3.046535658921948e8	2.0211831681673738e8
0.6636799999999784	69301.87495255949	3.046533768563941e8	2.022156607586291e8
0.6639999999999784	69309.12437313996	3.0465318750968575e8	2.0231300437221414e8
0.6643199999999784	69316.38685224137	3.046529977821368e8	2.0241034761136112e8
0.6646399999999784	69323.66813690896	3.0465280757267326e8	2.0250769041044134e8
0.6649599999999783	69330.96088252003	3.0465261709293324e8	2.0260503290724438e8
0.6652799999999783	69338.2801077209	3.0465242571373415e8	2.027023746879441e8
0.6655999999999783	69345.61216151726	3.0465223413688236e8	2.027997162142091e8
0.6659199999999783	69352.9558895833	3.046520421949513e8	2.0289705737395895e8
0.6662399999999783	69360.3265671545	3.046518496106093e8	2.0299439798716077e8
0.6665599999999783	69367.7038876245	3.046516566488768e8	2.03091738223053e8
0.6668799999999783	69375.10401967252	3.0465146302496547e8	2.0318907789673337e8
0.6671999999999783	69382.51622942925	3.0465126946710086e8	2.0328641748984423e8
0.6675199999999782	69389.95726204997	3.046510747419876e8	2.033837561847554e8
0.6678399999999782	69397.4088794609	3.046508800532626e8	2.0348109477809766e8
0.6681599999999782	69404.88044566712	3.0465068476874757e8	2.0357843285060683e8
0.6684799999999782	69412.36548552303	3.046504890703833e8	2.0367577052116898e8
0.6687999999999782	69419.87512749252	3.046502926411407e8	2.037731075810305e8
0.6691199999999782	69427.392501576	3.0465009593200296e8	2.038704443256461e8
0.6694399999999782	69434.933752335	3.0464989866227657e8	2.0396778057216895e8
0.6697599999999782	69442.49205745525	3.046497010973476e8	2.0406511649552995e8
0.6700799999999781	69450.06173911356	3.0464950278882706e8	2.0416245179309955e8
0.6703999999999781	69457.66179443563	3.046493041418778e8	2.0425978674203563e8
0.6707199999999781	69465.26958268373	3.046491050718797e8	2.0435712127777267e8
0.6710399999999781	69472.8962355836	3.0464890551046896e8	2.0445445535768408e8
0.6713599999999781	69480.54725894715	3.046487052813432e8	2.0455178886472708e8
0.6716799999999781	69488.21175558344	3.0464850476596856e8	2.0464912205088267e8
0.6719999999999781	69495.89705115517	3.046483035113635e8	2.0474645461386237e8
0.672319999999978	69503.59557533402	3.046481021238248e8	2.048437869580813e8
0.672639999999978	69511.31735075977	3.0464790001641065e8	2.0494111869187972e8
0.672959999999978	69519.05801920845	3.046476973933159e8	2.0503844995053378e8
0.673279999999978	69526.81483271833	3.046474942481188e8	2.051357807283089e8
0.673599999999978	69534.58702850719	3.046472907749564e8	2.0523311115521002e8
0.673919999999978	69542.38453894004	3.0464708648720616e8	2.0533044090620172e8
0.674239999999978	69550.19783325522	3.0464688182203513e8	2.0542777027212843e8
0.674559999999978	69558.02663293427	3.046466768660803e8	2.055250993109638e8
0.6748799999999779	69565.87778075947	3.0464647118717957e8	2.056224277329811e8
0.6751999999999779	69573.74654056955	3.0464626509955466e8	2.0571975574808896e8
0.6755199999999779	69581.63117809668	3.046460585421468e8	2.0581708331406897e8
0.6758399999999779	69589.52997080378	3.046458516375664e8	2.0591441051276147e8
0.6761599999999779	69597.45953434634	3.046456438620925e8	2.060117369950813e8
0.6764799999999779	69605.40321523276	3.046454357075832e8	2.0610906308750734e8
0.6767999999999779	69613.36668610209	3.0464522712920785e8	2.062063887611541e8
0.6771199999999779	69621.34473415463	3.046450181380685e8	2.0630371402142996e8
0.6774399999999778	69629.3437220065	3.0464480837020785e8	2.0640103862341782e8
0.6777599999999778	69637.36040589443	3.046445982723524e8	2.0649836286808e8
0.6780799999999778	69645.40260401057	3.046443874369524e8	2.0659568648124823e8
0.6783999999999778	69653.45243673156	3.046441763506152e8	2.0669300978655425e8
0.6787199999999778	69661.53307658342	3.0464396471572524e8	2.067903325891971e8
0.6790399999999778	69669.6285230861	3.046437522403736e8	2.068876546852673e8
0.6793599999999778	69677.74297909862	3.046435395829895e8	2.069849765226018e8
0.6796799999999777	69685.88559983658	3.046433259602679e8	2.0708229757154343e8
0.6799999999999777	69694.04197349751	3.046431120002638e8	2.0717961825360414e8
0.6803199999999777	69702.20696768335	3.0464289781289953e8	2.0727693864158845e8
0.6806399999999777	69710.40593452347	3.046426828451339e8	2.073742583669444e8
0.6809599999999777	69718.6238336686	3.0464246713400376e8	2.074715774493123e8
0.6812799999999777	69726.85739661191	3.046422512519274e8	2.0756889627689573e8
0.6815999999999777	69735.11909535648	3.0464203446846277e8	2.0766621435561737e8
0.6819199999999777	69743.39112378436	3.0464181745603126e8	2.0776353213745868e8
0.6822399999999776	69751.68197875003	3.046415998708074e8	2.078608493903184e8
0.6825599999999776	69759.99693531317	3.046413816785682e8	2.0795816609194386e8
0.6828799999999776	69768.3377011472	3.046411626446424e8	2.080554820820184e8
0.6831999999999776	69776.69453280982	3.046409433402119e8	2.0815279774685398e8
0.6835199999999776	69785.07230459913	3.046407233401392e8	2.0825011279712808e8
0.6838399999999776	69793.46913689261	3.0464050297439384e8	2.0834742745720497e8
0.6841599999999776	69801.88777925915	3.046402819600964e8	2.0844474153404891e8
0.6844799999999776	69810.32557617189	3.046400605054568e8	2.0854205516869402e8
0.6847999999999775	69818.78880151783	3.0463983804205686e8	2.0863936797342396e8
0.6851199999999775	69827.26567189698	3.0463961551116824e8	2.0873668058841953e8
0.6854399999999775	69835.77082894069	3.046393920144885e8	2.0883399240247613e8
0.6857599999999775	69844.29847925792	3.046391680890885e8	2.089313037811206e8
0.6860799999999775	69852.85048843047	3.0463894349545294e8	2.0902861456017882e8
0.6863999999999775	69861.41397149215	3.0463871849560535e8	2.091259249147981e8
0.6867199999999775	69869.99832901481	3.0463849298764634e8	2.0922323477754617e8
0.6870399999999774	69878.61162590128	3.046382665987542e8	2.093205438942957e8
0.6873599999999774	69887.23256129066	3.0463804005773216e8	2.0941785275846386e8
0.6876799999999774	69895.89245417452	3.046378124935791e8	2.0951516078070888e8
0.6879999999999774	69904.5681871871	3.046375844998327e8	2.096124683611524e8
0.6883199999999774	69913.26085335671	3.046373560686288e8	2.0970977549429446e8
0.6886399999999774	69921.97952610627	3.0463712675110334e8	2.0980708187341815e8
0.6889599999999774	69930.71885498005	3.0463689689372605e8	2.0990438773468727e8
0.6892799999999774	69939.4821518653	3.046366666208074e8	2.1000169316427746e8
0.6895999999999773	69948.26989130508	3.04636435429905e8	2.1009899781542987e8
0.6899199999999773	69957.06786565133	3.046362041417312e8	2.101963022490601e8
0.6902399999999773	69965.89803815844	3.0463597206709844e8	2.102936059961634e8
0.6905599999999773	69974.75382637476	3.046357388717241e8	2.1039090882307494e8
0.6908799999999773	69983.62598752564	3.0463550571125394e8	2.1048821152424946e8
0.6911999999999773	69992.52603723065	3.046352713233916e8	2.1058551323076165e8
0.6915199999999773	70001.4433842202	3.046350368720068e8	2.1068281474297836e8
0.6918399999999773	70010.38708095135	3.046348013499032e8	2.1078011536679298e8
0.6921599999999772	70019.35337073772	3.046345655984092e8	2.1087741568232962e8
0.6924799999999772	70028.3369209324	3.046343290719377e8	2.109747153098984e8
0.6927999999999772	70037.3552011091	3.04634091761583e8	2.1107201424793553e8
0.6931199999999772	70046.38714308111	3.046338540866015e8	2.1116931277978474e8
0.6934399999999772	70055.44354602507	3.0463361579259396e8	2.112666107319829e8
0.6937599999999772	70064.52470650645	3.046333766626457e8	2.1136390795351627e8
0.6940799999999772	70073.6323165374	3.0463313692875224e8	2.1146120460509965e8
0.6943999999999771	70082.75871419763	3.046328964629526e8	2.115585005949304e8
0.6947199999999771	70091.91004665059	3.046326554714185e8	2.1165579606739593e8
0.6950399999999771	70101.09146145266	3.046324137836531e8	2.1175309090503535e8
0.6953599999999771	70110.28660536552	3.0463217170982325e8	2.118503853178472e8
0.6956799999999771	70119.5148609257	3.046319286674616e8	2.1194767890613517e8
0.6959999999999771	70128.74998471305	3.0463168523483634e8	2.1204497206343448e8
0.6963199999999771	70138.02522007209	3.0463144092983735e8	2.121422644637562e8
0.696639999999977	70147.3283837863	3.0463119563885236e8	2.1223955602338162e8
0.696959999999977	70156.64439093324	3.046309502670446e8	2.1233684736762863e8
0.697279999999977	70165.99432989364	3.0463070399138993e8	2.124341379289129e8
0.697599999999977	70175.35624541015	3.0463045700775003e8	2.1253142783632803e8
0.697919999999977	70184.75233750735	3.0463020929188377e8	2.126287170789706e8
0.698239999999977	70194.17549386127	3.0462996114751506e8	2.1272600586603093e8
0.698559999999977	70203.6065454043	3.04629712309037e8	2.1282329400575092e8
0.698879999999977	70213.075842512	3.0462946272989225e8	2.129205814740578e8
0.699199999999977	70222.57442371482	3.0462921228845817e8	2.1301786818246958e8
0.6995199999999769	70232.09597511205	3.046289611633325e8	2.1311515425316596e8
0.6998399999999769	70241.6330352533	3.046287095294349e8	2.1321243980564457e8
0.7001599999999769	70251.21044799194	3.046284569223527e8	2.1330972452168813e8
0.7004799999999769	70260.79782250462	3.046282042061092e8	2.1340700899645215e8
0.7007999999999769	70270.41597365854	3.0462795040904987e8	2.1350429255511442e8
0.7011199999999769	70280.06543238924	3.0462769569157326e8	2.1360157530922523e8
0.7014399999999769	70289.73109279573	3.046274408219473e8	2.1369885779225472e8
0.7017599999999768	70299.42672812103	3.046271847768756e8	2.1379613929004058e8
0.7020799999999768	70309.14745554078	3.046269283174974e8	2.1389342033435145e8
0.7023999999999768	70318.89925732272	3.0462667109890676e8	2.1399070068428403e8
0.7027199999999768	70328.66915885634	3.0462641327824277e8	2.1408798044564724e8
0.7030399999999768	70338.4777591799	3.04626154199205e8	2.141852591625574e8
0.7033599999999768	70348.29897704803	3.0462589491396785e8	2.142825375660899e8
0.7036799999999768	70358.15300865604	3.0462563480659676e8	2.1437981522859848e8
0.7039999999999768	70368.02625283327	3.0462537411452675e8	2.144770923123906e8
0.7043199999999767	70377.93678449409	3.0462511233195126e8	2.1457436846598127e8
0.7046399999999767	70387.87461621367	3.046248497721561e8	2.1467164390609163e8
0.7049599999999767	70397.83141399056	3.0462458692110586e8	2.147689189720761e8
0.7052799999999767	70407.82107975295	3.0462432287779194e8	2.1486619303227064e8
0.7055999999999767	70417.82739361233	3.046240586241169e8	2.1496346677355444e8
0.7059199999999767	70427.87897275349	3.0462379304121274e8	2.150607394142941e8
0.7062399999999767	70437.94827208301	3.0462352706848466e8	2.1515801160852394e8
0.7065599999999767	70448.0414295844	3.0462326039967394e8	2.152552831412636e8
0.7068799999999766	70458.16451751857	3.0462299264357316e8	2.1535255373706526e8
0.7071999999999766	70468.31560231742	3.0462272451234883e8	2.1544982389793435e8
0.7075199999999766	70478.49407776202	3.046224553616821e8	2.1554709316743806e8
0.7078399999999766	70488.70407527922	3.046221854090856e8	2.1564436169974265e8
0.7081599999999766	70498.936958258	3.04621914930181e8	2.1574162968671176e8
0.7084799999999766	70509.20381003425	3.04621643494006e8	2.1583889682572094e8
0.7087999999999766	70519.48189877102	3.046213717787641e8	2.159361635899098e8
0.7091199999999765	70529.81107591209	3.046210986649171e8	2.1603342919670463e8
0.7094399999999765	70540.1522635014	3.046208251588475e8	2.161306943473273e8
0.7097599999999765	70550.52316045202	3.046205507871436e8	2.1622795871051797e8
0.7100799999999765	70560.93228911982	3.0462027564178646e8	2.1632522235320184e8
0.7103999999999765	70571.3693630156	3.046199994060629e8	2.1642248504662743e8
0.7107199999999765	70581.8324138655	3.046197225591121e8	2.1651974712968564e8
0.7110399999999765	70592.31795894707	3.0461944519181406e8	2.1661700866537774e8
0.7113599999999765	70602.8449188246	3.046191665250839e8	2.1671426910443386e8
0.7116799999999764	70613.38894440612	3.046188875101514e8	2.168115291155178e8
0.7119999999999764	70623.97134771517	3.046186073860909e8	2.1690878816263765e8
0.7123199999999764	70634.58194978426	3.0461832632100797e8	2.1700604636150855e8
0.7126399999999764	70645.22281717922	3.046180446885144e8	2.1710330397804445e8
0.7129599999999764	70655.88466994296	3.046177622615066e8	2.172005608470922e8
0.7132799999999764	70666.59038019546	3.046174788168266e8	2.1729781681525266e8
0.7135999999999764	70677.31982970514	3.0461719478367716e8	2.1739507218202406e8
0.7139199999999764	70688.06644694078	3.046169100177725e8	2.174923268419301e8
0.7142399999999763	70698.86083013582	3.046166241686979e8	2.175895805527144e8
0.7145599999999763	70709.67509367176	3.0461633760945684e8	2.17686833571865e8
0.7148799999999763	70720.53462678634	3.046160500809346e8	2.1778408572068408e8
0.7151999999999763	70731.4185586458	3.0461576153205353e8	2.17881336955723e8
0.7155199999999763	70742.32313896244	3.0461547261685544e8	2.1797858774289176e8
0.7158399999999763	70753.27065481117	3.046151826157957e8	2.180758375730732e8
0.7161599999999763	70764.24133057888	3.046148917120518e8	2.1817308657075506e8
0.7164799999999762	70775.24524197092	3.04614600262015e8	2.1827033499325228e8
0.7167999999999762	70786.27504553618	3.046143076420108e8	2.18367582390879e8
0.7171199999999762	70797.3446173362	3.04614014272342e8	2.1846482906782e8
0.7174399999999762	70808.4448404381	3.046137200626881e8	2.1856207495594183e8
0.7177599999999762	70819.57711034807	3.0461342469190526e8	2.186593198242983e8
0.7180799999999762	70830.73463003583	3.046131289051589e8	2.1875656420491615e8
0.7183999999999762	70841.93142562709	3.0461283190615255e8	2.1885380752926219e8
0.7187199999999762	70853.16306852893	3.046125340746032e8	2.1895105006779948e8
0.7190399999999761	70864.41404056532	3.046122355785485e8	2.1904829193616107e8
0.7193599999999761	70875.7127142699	3.0461193580819815e8	2.191455327029943e8
0.7196799999999761	70887.0276173944	3.0461163559304684e8	2.1924277295517838e8
0.7199999999999761	70898.3970145976	3.046113337329673e8	2.193400118388933e8
0.7203199999999761	70909.78269044605	3.0461103170028454e8	2.1943725040236455e8
0.7206399999999761	70921.20799539905	3.046107283814258e8	2.1953448784944898e8
0.7209599999999761	70932.65686317589	3.04610424761947e8	2.196317248849371e8
0.721279999999976	70944.15015760441	3.0461011949054986e8	2.197289605396684e8
0.721599999999976	70955.67487344742	3.0460981352777934e8	2.1982619550152302e8
0.721919999999976	70967.22543497846	3.0460950677687484e8	2.1992342969840312e8
0.722239999999976	70978.82339218071	3.0460919876094085e8	2.2002066279108003e8
0.722559999999976	70990.44688292245	3.0460889021289873e8	2.2011789530180797e8
0.722879999999976	71002.1098346222	3.046085803364684e8	2.2021512665829635e8
0.723199999999976	71013.79284592925	3.0460826999030584e8	2.2031235747484162e8
0.723519999999976	71025.51879923203	3.0460795868840474e8	2.204095874056649e8
0.723839999999976	71037.28497837039	3.0460764600289303e8	2.205068161393464e8
0.7241599999999759	71049.08665121073	3.046073324657358e8	2.206040440584418e8
0.7244799999999759	71060.90974839964	3.046070182774611e8	2.2070127130350158e8
0.7247999999999759	71072.78635080226	3.046067024871783e8	2.2079849719350323e8
0.7251199999999759	71084.68357133737	3.046063864697961e8	2.2089572271479133e8
0.7254399999999759	71096.61704457944	3.046060690567852e8	2.209929470237227e8
0.7257599999999759	71108.58405884918	3.046057513715954e8	2.21090170933534e8
0.7260799999999759	71120.59702489353	3.0460543179549676e8	2.21187393272004e8
0.7263999999999758	71132.63936708802	3.0460511170972556e8	2.2128461503606814e8
0.7267199999999758	71144.70552900531	3.046047906850792e8	2.213818359117804e8
0.7270399999999758	71156.82476548292	3.046044683071353e8	2.2147905560490024e8
0.7273599999999758	71168.9801188808	3.046041449940863e8	2.2157627441363087e8
0.7276799999999758	71181.16167137475	3.046038208497241e8	2.216734924098662e8
0.7279999999999758	71193.38924145633	3.04603495605899e8	2.2177070940296075e8
0.7283199999999758	71205.64981094858	3.046031695372129e8	2.2186792558827615e8
0.7286399999999758	71217.95586587653	3.0460284172173595e8	2.2196514029662207e8
0.7289599999999757	71230.28486172155	3.046025139976492e8	2.220623548601279e8
0.7292799999999757	71242.65458020708	3.046021846648103e8	2.221595680437934e8
0.7295999999999757	71255.07596892364	3.046018538123339e8	2.222567799140134e8
0.7299199999999757	71267.50593481596	3.0460152312504876e8	2.2235399168743104e8
0.7302399999999757	71280.0058248961	3.046011904459953e8	2.224512018056475e8
0.7305599999999757	71292.51598573092	3.0460085719972503e8	2.225484112913309e8
0.7308799999999757	71305.08547575808	3.046005223642021e8	2.2264561941014385e8
0.7311999999999756	71317.68016956317	3.046001869366951e8	2.227428268805336e8
0.7315199999999756	71330.31951339488	3.0459985025313e8	2.2284003322134522e8
0.7318399999999756	71342.98964038744	3.045995126525157e8	2.2293723867571166e8
0.7321599999999756	71355.71697545532	3.045991736580373e8	2.230344429006959e8
0.7324799999999756	71368.4687865705	3.045988339972988e8	2.2313164641910374e8
0.7327999999999756	71381.26904775311	3.0459849294292676e8	2.2322884870365888e8
0.7331199999999756	71394.0937980431	3.0459815113254327e8	2.233260502140355e8
0.7334399999999756	71406.97616930194	3.0459780780440044e8	2.2342325039961973e8
0.7337599999999755	71419.8856185231	3.0459746382987684e8	2.2352044989015007e8
0.7340799999999755	71432.83680121323	3.045971186497167e8	2.2361764827833873e8
0.7343999999999755	71445.82775561383	3.045967719497625e8	2.2371484533175004e8
0.7347199999999755	71458.86369204927	3.0459642422893375e8	2.2381204141683495e8
0.7350399999999755	71471.93920262375	3.0459607551137805e8	2.2390923654888698e8
0.7353599999999755	71485.04359970627	3.0459572648885e8	2.240064312327715e8
0.7356799999999755	71498.21087944291	3.045953748014759e8	2.2410362374104196e8
0.7359999999999755	71511.39577592358	3.045950232953926e8	2.242008161538863e8
0.7363199999999754	71524.63359133211	3.0459467007379407e8	2.2429800708411393e8
0.7366399999999754	71537.90178379993	3.0459431616118723e8	2.2439519727878326e8
0.7369599999999754	71551.23180722792	3.0459396026003695e8	2.244923857892439e8
0.7372799999999754	71564.58208670582	3.0459360375419265e8	2.2458957362288946e8
0.7375999999999754	71577.99604606317	3.04593245952233e8	2.2468676028052208e8
0.7379199999999754	71591.43981812325	3.045928873875047e8	2.247839461455275e8
0.7382399999999754	71604.92286164679	3.0459252737538666e8	2.248811307142062e8
0.7385599999999753	71618.44893520484	3.045921663329973e8	2.2497831429418063e8
0.7388799999999753	71632.03215619906	3.0459180346720344e8	2.250754963020764e8
0.7391999999999753	71645.63925077097	3.045914398608446e8	2.2517267752784544e8
0.7395199999999753	71659.30584207966	3.0459107503116065e8	2.2526985762302214e8
0.7398399999999753	71673.006726521	3.0459070910576636e8	2.253670366742326e8
0.7401599999999753	71686.73618940497	3.045903423427621e8	2.2546421486994275e8
0.7404799999999753	71700.5439625851	3.0458997341811377e8	2.2556139124180654e8
0.7407999999999753	71714.37652459447	3.045896040197889e8	2.2565856702424726e8
0.7411199999999752	71728.25054772092	3.0458923350704604e8	2.257557417462362e8
0.7414399999999752	71742.1742492476	3.0458886142166483e8	2.258529150690455e8
0.7417599999999752	71756.13856505856	3.0458848810482186e8	2.2595008724184817e8
0.7420799999999752	71770.15659327465	3.0458811323305005e8	2.2604725802676278e8
0.7423999999999752	71784.22192609885	3.0458773725750947e8	2.2614442775553563e8
0.7427199999999752	71798.32808306163	3.0458736014649373e8	2.2624159640184548e8
0.7430399999999752	71812.47254025363	3.045869822161034e8	2.2633876419878983e8
0.7433599999999752	71826.66696251556	3.0458660238145006e8	2.264359303420764e8
0.7436799999999751	71840.92031408685	3.0458622116718113e8	2.265330952222966e8
0.7439999999999751	71855.20825217445	3.045858391753627e8	2.2663025927977484e8
0.7443199999999751	71869.53346519383	3.0458545546300864e8	2.267274218125354e8
0.7446399999999751	71883.92572189249	3.0458507066482717e8	2.2682458329912168e8
0.7449599999999751	71898.34806573085	3.0458468469572043e8	2.26921743665607e8
0.7452799999999751	71912.8187997311	3.04584297469117e8	2.2701890285098058e8
0.7455999999999751	71927.344868318	3.0458390875176054e8	2.2711606068183956e8
0.745919999999975	71941.90954845386	3.045835187795976e8	2.272132173284479e8
0.746239999999975	71956.52995643763	3.0458312724934596e8	2.2731037256758606e8
0.746559999999975	71971.18803952576	3.04582734858345e8	2.2740752691373515e8
0.746879999999975	71985.91292184786	3.045823405270418e8	2.2750467956710812e8
0.747199999999975	72000.67242864853	3.045819453786606e8	2.2760183135691756e8
0.747519999999975	72015.47132495862	3.045815489135668e8	2.2769898191006196e8
0.747839999999975	72030.37000371277	3.0458115008502114e8	2.277961304576747e8
0.748159999999975	72045.26066343268	3.045807514588749e8	2.2789327888990968e8
0.7484799999999749	72060.22631108083	3.045803503156406e8	2.2799042519236484e8
0.7487999999999749	72075.24891966204	3.045799478586612e8	2.2808757025908646e8
0.7491199999999749	72090.28905209152	3.045795444350558e8	2.2818471433889875e8
0.7494399999999749	72105.40984795414	3.045791395645021e8	2.2828185708670434e8
0.7497599999999749	72120.5591029358	3.045787330839049e8	2.2837899836569083e8
0.7500799999999749	72135.77781747295	3.0457832584913975e8	2.2847613882650724e8
0.7503999999999749	72151.03248777111	3.0457791641762376e8	2.2857327737748617e8
0.7507199999999749	72166.35594030401	3.0457750546452135e8	2.2867041453152663e8
0.7510399999999748	72181.72454053484	3.04577093507677e8	2.287675506701397e8
0.7513599999999748	72197.14579115334	3.045766797741377e8	2.2886468521341792e8
0.7516799999999748	72212.61986408794	3.045762651442341e8	2.289618188213749e8
0.7519999999999748	72228.12783404	3.0457584904106325e8	2.2905895105457473e8
0.7523199999999748	72243.70848646987	3.045754306635229e8	2.291560813184918e8
0.7526399999999748	72259.33245419172	3.045750120200568e8	2.2925321111524373e8
0.7529599999999748	72275.03062479639	3.045745906622031e8	2.2935033860857028e8
0.7532799999999747	72290.76485192581	3.0457416840533435e8	2.2944746515386686e8
0.7535999999999747	72306.5485544048	3.0457374477645516e8	2.2954459039709273e8
0.7539199999999747	72322.38069651062	3.045733196986883e8	2.296417142786692e8
0.7542399999999747	72338.27658921447	3.045728931569265e8	2.2973883678952712e8
0.7545599999999747	72354.24807784661	3.045724639601766e8	2.2983595703243136e8
0.7548799999999747	72370.2359536685	3.045720352371309e8	2.2993307735203463e8
0.7551999999999747	72386.30213017801	3.045716032814453e8	2.3003019496490124e8
0.7555199999999747	72402.41850381014	3.045711704218482e8	2.3012731162038282e8
0.7558399999999746	72418.59205383169	3.045707363123461e8	2.3022442705775183e8
0.7561599999999746	72434.8150992721	3.045703004449897e8	2.303215408897895e8
0.7564799999999746	72451.1010337545	3.0456986277514195e8	2.304186530842554e8
0.7567999999999746	72467.44237410898	3.0456942360757667e8	2.3051576386819166e8
0.7571199999999746	72483.85363813966	3.045689826006936e8	2.3061287298500103e8
0.7574399999999746	72500.30125639492	3.0456854097468793e8	2.3070998134893265e8
0.7577599999999746	72516.81183416545	3.045680972353681e8	2.3080708783356348e8
0.7580799999999746	72533.39778728665	3.0456765076491994e8	2.3090419197145545e8
0.7583999999999745	72550.03963662735	3.0456720338166344e8	2.31001295134222e8
0.7587199999999745	72566.70854636244	3.0456675531783944e8	2.3109839749018145e8
0.7590399999999745	72583.46256749817	3.0456630496678954e8	2.3119549783312446e8
0.7593599999999745	72600.27643389291	3.0456585237439984e8	2.3129259618953755e8
0.7596799999999745	72617.15495694423	3.0456539841096365e8	2.3138969321951234e8
0.7599999999999745	72634.07051176725	3.0456494343703556e8	2.314867891890621e8
0.7603199999999745	72651.0426375096	3.04564487034145e8	2.3158388378369272e8
0.7606399999999744	72668.08987694002	3.045640280703613e8	2.316809761454248e8
0.7609599999999744	72685.18273978727	3.045635681350534e8	2.3177806747412455e8
0.7612799999999744	72702.36465282284	3.0456310558399904e8	2.3187515652746892e8
0.7615999999999744	72719.59026372561	3.045626422183327e8	2.3197224466379327e8
0.7619199999999744	72736.88135329193	3.0456217655201244e8	2.320693307552141e8
0.7622399999999744	72754.24097004233	3.0456170944180197e8	2.321664154532444e8
0.7625599999999744	72771.64896501263	3.045612404905258e8	2.3226349844877777e8
0.7628799999999744	72789.16072985108	3.0456076889281934e8	2.3236057913873845e8
0.7631999999999743	72806.6778372864	3.045602970364169e8	2.3245765931949744e8
0.7635199999999743	72824.2970984773	3.045598224743542e8	2.3255473714538896e8
0.7638399999999743	72841.97148650525	3.045593463758298e8	2.3265181349569228e8
0.7641599999999743	72859.69910829856	3.0455886882822835e8	2.3274888843520886e8
0.7644799999999743	72877.50874843758	3.045583887393784e8	2.328459611343326e8
0.7647999999999743	72895.36524492556	3.0455790756381476e8	2.3294303269470328e8
0.7651199999999743	72913.27322819202	3.045574250441335e8	2.3304010291937542e8
0.7654399999999743	72931.27058780332	3.0455694008000815e8	2.3313717097366267e8
0.7657599999999742	72949.33878563333	3.0455645336640316e8	2.332342373829662e8
0.7660799999999742	72967.46527155048	3.0455596466699094e8	2.3333130196155688e8
0.7663999999999742	72985.67583373653	3.0455547315102315e8	2.3342836407681105e8
0.7667199999999742	73003.92195621699	3.0455498102497894e8	2.3352542540637794e8
0.7670399999999742	73022.2602669076	3.045544862105076e8	2.3362248436865166e8
0.7673599999999742	73040.63518413875	3.0455399073245096e8	2.3371954250181493e8
0.7676799999999742	73059.11173060065	3.045534926406666e8	2.3381659832321632e8
0.7679999999999741	73077.64811684983	3.045529919851052e8	2.3391365185891604e8
0.7683199999999741	73096.2405562774	3.0455249081677014e8	2.3401070468134502e8
0.7686399999999741	73114.90912161152	3.04551986968928e8	2.341077551291633e8
0.7689599999999741	73133.6355438848	3.0455148116740364e8	2.3420480375363487e8
0.7692799999999741	73152.44881690989	3.0455097306515604e8	2.343018502925464e8
0.7695999999999741	73171.33860589324	3.0455046360844696e8	2.3439889546946767e8
0.7699199999999741	73190.27501517472	3.0454995246529037e8	2.3449593902054396e8
0.7702399999999741	73209.30674331378	3.0454943856484073e8	2.345929801304924e8
0.770559999999974	73228.39317586945	3.0454892250963545e8	2.3469001925154707e8
0.770879999999974	73247.57746338792	3.0454840463764817e8	2.3478705665201074e8
0.771199999999974	73266.81843386992	3.045478849333366e8	2.3488409230863896e8
0.771519999999974	73286.10497593196	3.045473640910594e8	2.349811267527911e8
0.771839999999974	73305.5076175273	3.0454683964347816e8	2.3507815809503227e8
0.772159999999974	73324.96181524973	3.0454631422340107e8	2.3517518835003343e8
0.772479999999974	73344.51148948098	3.0454578570545125e8	2.3527221588499314e8
0.772799999999974	73364.1234710755	3.0454525553914386e8	2.3536924180949506e8
0.7731199999999739	73383.78014087323	3.045447240307787e8	2.3546626635470605e8
0.7734399999999739	73403.55369961931	3.045441897260242e8	2.3556328841081443e8
0.7737599999999739	73423.3667667233	3.045436540534453e8	2.3566030906288317e8
0.7740799999999739	73443.31728489329	3.0454311461908805e8	2.3575732647857672e8
0.7743999999999739	73463.27689762748	3.0454257447308683e8	2.358543429872186e8
0.7747199999999739	73483.35516747362	3.04542031505739e8	2.3595135697837028e8
0.7750399999999739	73503.48531846724	3.0454148692622113e8	2.360483693713477e8
0.7753599999999738	73523.73586464023	3.045409386850128e8	2.361453785908282e8
0.7756799999999738	73544.01763704474	3.0454039061536044e8	2.3624238758655116e8
0.7759999999999738	73564.39053909236	3.0453983882305163e8	2.3633939335016084e8
0.7763199999999738	73584.84873047013	3.045392852928911e8	2.3643639741753325e8
0.7766399999999738	73605.39597191197	3.0453872847719544e8	2.3653339858576536e8
0.7769599999999738	73626.00311906164	3.0453817118282413e8	2.3663039902593473e8
0.7772799999999738	73646.69516503994	3.045376103832914e8	2.3672739639066395e8
0.7775999999999738	73667.48695858147	3.0453704765996134e8	2.3682439190947753e8
0.7779199999999737	73688.35532803381	3.0453648274652535e8	2.3692138536812025e8
0.7782399999999737	73709.28804477798	3.04535915638807e8	2.3701837675845397e8
0.7785599999999737	73730.31694450247	3.0453534620954156e8	2.3711536598627687e8
0.7788799999999737	73751.42498595772	3.0453477425427556e8	2.3721235288625503e8
0.7791999999999737	73772.6316697389	3.0453419960188437e8	2.3730933732685295e8
0.7795199999999737	73793.90063472617	3.045336235198384e8	2.3740632028538835e8
0.7798399999999737	73815.29069423738	3.0453304367700976e8	2.3750329995547053e8
0.7801599999999737	73836.72127290914	3.045324629983268e8	2.3760027859757122e8
0.7804799999999736	73858.26335924689	3.045318790627826e8	2.3769725433688515e8
0.7807999999999736	73879.90704308484	3.045312919691794e8	2.3779422724515107e8
0.7811199999999736	73901.59608867286	3.045307040998869e8	2.3789119916784748e8
0.7814399999999736	73923.42206617502	3.0453011238512903e8	2.37988167725354e8
0.7817599999999736	73945.269330364	3.0452951920431757e8	2.3808513474873793e8
0.7820799999999736	73967.26641249048	3.045289227375473e8	2.3818209884126952e8
0.7823999999999736	73989.33528489825	3.0452832422918916e8	2.3827906095626754e8
0.7827199999999735	74011.5041368719	3.045277226001609e8	2.3837602025320873e8
0.7830399999999735	74033.74840911171	3.04527119252486e8	2.384729778215134e8
0.7833599999999735	74056.09372186144	3.045265131504294e8	2.3856993285365623e8
0.7836799999999735	74078.52161679178	3.0452590461733776e8	2.3866688559630334e8
0.7839999999999735	74101.01830735023	3.045252937813141e8	2.3876383614449656e8
0.7843199999999735	74123.62842390318	3.045246796167165e8	2.388607837011535e8
0.7846399999999735	74146.34791377732	3.045240623071832e8	2.3895772840618685e8
0.7849599999999735	74169.15091235939	3.0452344403657377e8	2.3905467196515304e8
0.7852799999999734	74192.01387965943	3.045228231178002e8	2.3915161304715827e8
0.7855999999999734	74215.04679887461	3.045221977181007e8	2.392485502333655e8
0.7859199999999734	74238.09582943235	3.0452157175266576e8	2.3934548656340215e8
0.7862399999999734	74261.28994907186	3.0452094109541726e8	2.3944241882019228e8
0.7865599999999734	74284.58099834215	3.04520308726584e8	2.395393493329421e8
0.7868799999999734	74307.95165479761	3.045196734131575e8	2.3963627712599397e8
0.7871999999999734	74331.45185414533	3.045190346251281e8	2.3973320178984728e8
0.7875199999999734	74355.04190281282	3.0451839363705266e8	2.398301243163471e8
0.7878399999999733	74378.71217376465	3.045177498067493e8	2.3992704419531602e8
0.7881599999999733	74402.45883870682	3.045171041969504e8	2.400239622607407e8
0.7884799999999733	74426.33925562513	3.045164552627782e8	2.4012087730486658e8
0.7887999999999733	74450.28216318491	3.045158038908476e8	2.4021779000868535e8
0.7891199999999733	74474.398952242	3.045151485160744e8	2.4031469915824756e8
0.7894399999999733	74498.55826018057	3.0451449088038605e8	2.404116060970311e8
0.7897599999999733	74522.84017975927	3.045138302089399e8	2.4050851022772363e8
0.7900799999999732	74547.25992004955	3.0451316611043817e8	2.4060541124132925e8
0.7903999999999732	74571.73191439161	3.0451250025306934e8	2.4070231043502712e8
0.7907199999999732	74596.33409537375	3.0451183096889573e8	2.4079920650451657e8
0.7910399999999732	74621.04085945994	3.045111583000879e8	2.408960994743914e8
0.7913599999999732	74645.84380011949	3.0451048314429647e8	2.4099299004991275e8
0.7916799999999732	74670.75287304912	3.0450980557079405e8	2.410898782855166e8
0.7919999999999732	74695.76934449506	3.045091237128468e8	2.4118676270059016e8
0.7923199999999732	74720.89095965368	3.045084397049691e8	2.4128364498166746e8
0.7926399999999731	74746.12281870969	3.0450775301902145e8	2.4138052470901668e8
0.7929599999999731	74771.49577415809	3.045070624619937e8	2.4147740094033942e8
0.7932799999999731	74796.94951924481	3.0450636883553e8	2.4157427429524568e8
0.7935999999999731	74822.56671556227	3.045056705169455e8	2.4167114350000983e8
0.7939199999999731	74848.24212182546	3.045049713970621e8	2.4176801161728382e8
0.7942399999999731	74874.03813270025	3.045042685899605e8	2.418648763669682e8
0.7945599999999731	74899.95101664039	3.045035628565401e8	2.4196173834922114e8
0.794879999999973	74925.98826799869	3.045028529880109e8	2.4205859660181543e8
0.795199999999973	74952.1113227681	3.045021409264035e8	2.4215545265706676e8
0.795519999999973	74978.38447326014	3.045014255328716e8	2.4225230561995888e8
0.795839999999973	75004.76930229992	3.0450070564777994e8	2.4234915455642173e8
0.796159999999973	75031.25077704026	3.0449998322629946e8	2.4244600101560077e8
0.796479999999973	75057.8755159363	3.0449925798920494e8	2.4254284478205875e8
0.796799999999973	75084.60169148604	3.044985296242536e8	2.4263968559566072e8
0.797119999999973	75111.45486200743	3.044977961653849e8	2.4273652189130577e8
0.797439999999973	75138.42140000894	3.044970611556003e8	2.4283335648655248e8
0.7977599999999729	75165.50531311924	3.0449632310486454e8	2.4293018819192302e8
0.7980799999999729	75192.7324551567	3.044955803378953e8	2.4302701567259657e8
0.7983999999999729	75220.07487393958	3.044948339086361e8	2.431238397597414e8
0.7987199999999729	75247.54087222161	3.044940846174932e8	2.4322066109070268e8
0.7990399999999729	75275.13911992188	3.0449333173198324e8	2.4331747907907316e8
0.7993599999999729	75302.85121949778	3.0449257554051536e8	2.434142939481268e8
0.7996799999999729	75330.71658819287	3.0449181501732683e8	2.435111048821946e8
0.7999999999999728	75358.67762468733	3.044910521216115e8	2.4360791343280587e8
0.8003199999999728	75386.76895303215	3.044902848297771e8	2.437047179849835e8
0.8006399999999728	75415.02298021092	3.044895141169443e8	2.4380151932156336e8
0.8009599999999728	75443.38368563984	3.0448873916873264e8	2.4389831677566862e8
0.8012799999999728	75471.89194721179	3.0448796033360994e8	2.4399511063047445e8
0.8015999999999728	75500.52519170077	3.044871788165624e8	2.4409190184354618e8
0.8019199999999728	75529.22068104663	3.0448639505799425e8	2.4418869075293094e8
0.8022399999999728	75558.13106798628	3.044856058274417e8	2.4428547479499856e8
0.8025599999999727	75587.16681654533	3.044848123914989e8	2.4438225496312934e8
0.8028799999999727	75616.32850435081	3.044840159473792e8	2.4447903221449828e8
0.8031999999999727	75645.64548261333	3.0448321437204474e8	2.4457580484664902e8
0.8035199999999727	75675.103176485	3.0448241012563145e8	2.446725748284112e8
0.8038399999999727	75704.68613120468	3.0448160194327503e8	2.447693411373054e8
0.8041599999999727	75734.39267652553	3.04480789797915e8	2.4486610374734476e8
0.8044799999999727	75764.25243478076	3.044799735486252e8	2.4496286254702568e8
0.8047999999999726	75794.2675745721	3.0447915320845395e8	2.4505961754318598e8
0.8051199999999726	75824.41340129575	3.044783291750232e8	2.4515636904707e8
0.8054399999999726	75854.7125066102	3.044775013129815e8	2.4525311695038474e8
0.8057599999999726	75885.13812432064	3.044766703658709e8	2.4534986184322506e8
0.8060799999999726	75915.73073007655	3.0447583255639505e8	2.4544660068555376e8
0.8063999999999726	75946.46688591702	3.04474992500832e8	2.455433371886517e8
0.8067199999999726	75977.34598647246	3.044741486173949e8	2.4564007007404876e8
0.8070399999999726	76008.3798848892	3.0447329861587405e8	2.4573679749192923e8
0.8073599999999725	76039.58576374511	3.044724458452249e8	2.4583352214339393e8
0.8076799999999725	76070.89589652962	3.044715889534645e8	2.4593024292062467e8
0.8079999999999725	76102.41279235335	3.0447072740780735e8	2.460269594087561e8
0.8083199999999725	76134.07624451283	3.044698602196164e8	2.4612367079244652e8
0.8086399999999725	76165.87557542705	3.04468990399664e8	2.46220379498726e8
0.8089599999999725	76197.82292820087	3.044681161696416e8	2.463170840886771e8
0.8092799999999725	76229.95076860722	3.044672363714628e8	2.4641378362689963e8
0.8095999999999725	76262.19630258947	3.0446635396021056e8	2.465104804883541e8
0.8099199999999724	76294.63055129614	3.0446546588528496e8	2.466071722131768e8
0.8102399999999724	76327.28147111858	3.044645730369054e8	2.467038595223458e8
0.8105599999999724	76360.02387665802	3.044636755986655e8	2.4680054253616908e8
0.8108799999999724	76392.9311368069	3.044627749257497e8	2.4689722236292014e8
0.8111999999999724	76426.06727343393	3.0446186747131604e8	2.4699389613422439e8
0.8115199999999724	76459.33129630754	3.0446095668080527e8	2.470905666203614e8
0.8118399999999724	76492.75354277577	3.0446004132447374e8	2.4718723282535893e8
0.8121599999999723	76526.36163520628	3.0445912113512546e8	2.4728389453286463e8
0.8124799999999723	76560.13027415414	3.044581955438773e8	2.4738055127111003e8
0.8127999999999723	76594.08719920121	3.044572650864789e8	2.474772034754053e8
0.8131199999999723	76628.17325282752	3.0445633224883264e8	2.4757385315117985e8
0.8134399999999723	76662.53324160428	3.04455390621011e8	2.4767049510894832e8
0.8137599999999723	76696.95682426813	3.0445444723651886e8	2.477671350244201e8
0.8140799999999723	76731.59666115123	3.044534981402615e8	2.4786376970446685e8
0.8143999999999723	76766.43717043458	3.0445254313218826e8	2.479603989775845e8
0.8147199999999722	76801.41865652206	3.0445158465091366e8	2.480570248136326e8
0.8150399999999722	76836.60376145881	3.0445062024043596e8	2.481536452189882e8
0.8153599999999722	76872.00091842117	3.044496497897726e8	2.4825026009883013e8
0.8156799999999722	76907.59520986812	3.044486734138779e8	2.4834686953817254e8
0.8159999999999722	76943.33242920063	3.0444769422768563e8	2.4844347606295e8
0.8163199999999722	76979.26467985465	3.0444670836399394e8	2.485400765230235e8
0.8166399999999722	77015.41075805912	3.044457168786215e8	2.486366717774656e8
0.8169599999999722	77051.69173979828	3.0444472295627284e8	2.4873326440800422e8
0.8172799999999721	77088.27344189832	3.044437202188833e8	2.4882984922980374e8
0.8175999999999721	77124.96972144005	3.044427128273079e8	2.4892642960207564e8
0.8179199999999721	77161.82353213594	3.044417026585365e8	2.4902300706329042e8
0.8182399999999721	77198.89980785	3.0444068590601057e8	2.4911957850775468e8
0.8185599999999721	77236.22633876008	3.044396615808105e8	2.4921614312448663e8
0.8188799999999721	77273.73790991819	3.0443863304951626e8	2.4931270365098962e8
0.8191999999999721	77311.41383101213	3.0443759815179145e8	2.494092583095597e8
0.819519999999972	77349.32140343837	3.0443655931458026e8	2.4950580909500322e8
0.819839999999972	77387.39488855896	3.044355137470681e8	2.4960235370345092e8
0.820159999999972	77425.72775125949	3.044344619856174e8	2.4969889258499426e8
0.820479999999972	77464.30524861223	3.0443340361096054e8	2.497954253867906e8
0.820799999999972	77502.96594142148	3.044323431721984e8	2.4989195580722862e8
0.821119999999972	77541.98581574194	3.0443127164328015e8	2.499884764821444e8
0.821439999999972	77581.14447874008	3.0443019758562535e8	2.5008499439388567e8
0.821759999999972	77620.49938824601	3.04429116143101e8	2.5018150555955708e8
0.8220799999999719	77660.0552105309	3.0442803135047364e8	2.5027801328961188e8
0.8223999999999719	77699.9191703843	3.0442693793451715e8	2.50374513262983e8
0.8227199999999719	77739.94170910718	3.044258383533923e8	2.5047100746696058e8
0.8230399999999719	77780.2570009554	3.044247313366564e8	2.50567494873592e8
0.8233599999999719	77820.59242947344	3.044236235359283e8	2.506639809039801e8
0.8236799999999719	77861.42348642468	3.044225031700551e8	2.5076045593729153e8
0.8239999999999719	77902.34722579473	3.044213798250212e8	2.5085692778892067e8
0.8243199999999719	77943.51973970135	3.044202489657412e8	2.509533927449791e8
0.8246399999999718	77984.96845698026	3.0441911031690526e8	2.510498505757928e8
0.8249599999999718	78026.57371923866	3.04417968932294e8	2.511463054218405e8
0.8252799999999718	78068.43894425925	3.044168184922652e8	2.5124275208294043e8
0.8255999999999718	78110.59205224627	3.0441565961974865e8	2.513391910693098e8
0.8259199999999718	78152.9099069999	3.044144984720408e8	2.5143562743657592e8
0.8262399999999718	78195.56435244974	3.0441332791588664e8	2.5153205531847546e8
0.8265599999999718	78238.39355878875	3.044121507160837e8	2.5162847696285638e8
0.8268799999999717	78281.56648240704	3.044109650626398e8	2.5172489089577642e8
0.8271999999999717	78324.91381951589	3.044097747529786e8	2.5182130022076333e8
0.8275199999999717	78368.56707962093	3.044085755788581e8	2.519177014734579e8
0.8278399999999717	78412.41838050993	3.0440737103869534e8	2.5201409752261335e8
0.8281599999999717	78456.54829273453	3.044061581688104e8	2.5211048592233205e8
0.8284799999999717	78500.8647106296	3.044049415749802e8	2.5220687046434617e8
0.8287999999999717	78545.53996689423	3.0440371352543205e8	2.523032447663118e8
0.8291199999999717	78590.3744517505	3.044024821675939e8	2.5239961553797314e8
0.8294399999999716	78635.49283716016	3.044012419641528e8	2.5249597820439658e8
0.8297599999999716	78680.92756796804	3.04399994788811e8	2.5259233431706437e8
0.8300799999999716	78726.53681408062	3.0439874094632286e8	2.526886840978505e8
0.8303999999999716	78772.46096747724	3.043974786749023e8	2.5278502610101032e8
0.8307199999999716	78818.63241301931	3.0439621081328547e8	2.5288136266489872e8
0.8310399999999716	78865.14205782149	3.0439493145926934e8	2.5297768889430463e8
0.8313599999999716	78911.92414686207	3.043936464920591e8	2.5307400965451774e8
0.8316799999999716	78958.96789946736	3.043923535011731e8	2.531703229333238e8
0.8319999999999715	79006.2971205001	3.04391052649704e8	2.532666288624613e8
0.8323199999999715	79053.88908717387	3.043897435864598e8	2.5336292713799572e8
0.8326399999999715	79101.67878838473	3.043884301305833e8	2.5345922092088223e8
0.8329599999999715	79149.87159214332	3.043871042089524e8	2.535555035164311e8
0.8332799999999715	79198.35747455932	3.0438577240325475e8	2.536517803783336e8
0.8335999999999715	79247.08855430946	3.043844336082138e8	2.5374805057133377e8
0.8339199999999715	79296.22594549226	3.043830824011498e8	2.538443095931632e8
0.8342399999999714	79345.58062834873	3.0438172630202633e8	2.5394056367363873e8
0.8345599999999714	79395.1860910324	3.0438036183654773e8	2.5403680991388747e8
0.8348799999999714	79445.20429079219	3.0437898611172104e8	2.5413304591707745e8
0.8351999999999714	79495.47266585688	3.0437760369762284e8	2.5422927546214122e8
0.8355199999999714	79546.05076159434	3.043762137404323e8	2.5432549783882657e8
0.8358399999999714	79596.97737442338	3.0437481228258514e8	2.5442170973807305e8
0.8361599999999714	79648.19399860743	3.043734032501381e8	2.545179144217315e8
0.8364799999999714	79699.77807646939	3.043719856132134e8	2.546141110334431e8
0.8367999999999713	79751.7481858734	3.04370555276477e8	2.5471029614065117e8
0.8371199999999713	79803.89369976136	3.043691211337908e8	2.5480647714171603e8
0.8374399999999713	79856.3936268292	3.043676767811026e8	2.5490264869890583e8
0.8377599999999713	79909.33897482738	3.043662208286074e8	2.5499880965252066e8
0.8380799999999713	79962.53147121365	3.0436475775106865e8	2.550949637091027e8
0.8383999999999713	80016.12546139098	3.043632849493194e8	2.5519110870737523e8
0.8387199999999713	80070.09137956898	3.043617995630766e8	2.5528724223387256e8
0.8390399999999713	80124.2920178626	3.0436030800209415e8	2.5538336963211152e8
0.8393599999999712	80178.9521927471	3.0435880407724965e8	2.5547948573715177e8
0.8396799999999712	80233.92633057557	3.0435729198482645e8	2.5557559403687963e8
0.8399999999999712	80289.23537021628	3.043557724233924e8	2.556716951133001e8
0.8403199999999712	80344.97723484336	3.043542371633584e8	2.5576778205906942e8
0.8406399999999712	80400.89592023668	3.043526999896694e8	2.5586386640608072e8
0.8409599999999712	80457.36772526422	3.043511463925864e8	2.5595993601006374e8
0.8412799999999712	80514.16878315518	3.043495841574162e8	2.5605599736881164e8
0.8415999999999711	80571.3008030314	3.0434801307732046e8	2.5615205029991132e8
0.8419199999999711	80628.94612032593	3.0434642577387875e8	2.5624808861133793e8
0.8422399999999711	80686.88786160464	3.043448330802532e8	2.563441213769327e8
0.8425599999999711	80745.21086508235	3.0434322792286843e8	2.564401426446818e8
0.8428799999999711	80803.8705974586	3.0434161517202777e8	2.5653615650033826e8
0.8431999999999711	80863.06532996788	3.043399865554708e8	2.5663215599220794e8
0.8435199999999711	80922.65752847645	3.043383464009378e8	2.567281447335603e8
0.8438399999999711	80982.46066424862	3.04336703553943e8	2.5682413014800775e8
0.844159999999971	81042.82382992336	3.043350413872057e8	2.5692009825108042e8
0.844479999999971	81103.59977662958	3.043333695121467e8	2.5701605711744612e8
0.844799999999971	81164.71197271284	3.043316890425574e8	2.5711200766644183e8
0.845119999999971	81226.3808220382	3.0432999482658666e8	2.5720794556969783e8
0.845439999999971	81288.3337128254	3.0432829023221576e8	2.5730387361877432e8
0.845759999999971	81350.81288338438	3.043265718441788e8	2.5739978895230296e8
0.846079999999971	81413.76292734896	3.0432484136947954e8	2.574956929922702e8
0.846399999999971	81477.11961953845	3.043230982801014e8	2.5759158526984257e8
0.8467199999999709	81540.81025189115	3.04321348160902e8	2.5768747049018553e8
0.8470399999999709	81605.07151881572	3.0431958255716366e8	2.577833415209506e8
0.8473599999999709	81669.76355392367	3.043178029447707e8	2.5787919957598093e8
0.8476799999999709	81734.88932476164	3.04316014367178e8	2.5797504891710258e8
0.8479999999999709	81800.5767545231	3.043142080699702e8	2.5807088213099256e8
0.8483199999999709	81866.6792946465	3.043123906366292e8	2.5816670476277184e8
0.8486399999999709	81933.26909016399	3.0431056064338756e8	2.5826251560400504e8
0.8489599999999708	82000.33099838493	3.043087168530373e8	2.5835831358953968e8
0.8492799999999708	82067.89323610363	3.04306862734264e8	2.5845410165581542e8
0.8495999999999708	82135.92517211637	3.043049920501973e8	2.5854987448898464e8
0.8499199999999708	82204.50554092453	3.04303107799e8	2.586456346327088e8
0.8502399999999708	82273.6082422129	3.043012112383954e8	2.5874138313889477e8
0.8505599999999708	82343.31012781752	3.0429929629507256e8	2.5883711484099352e8
0.8508799999999708	82413.34971093362	3.042973724276403e8	2.5893283772993058e8
0.8511999999999708	82483.94276311212	3.042954339874928e8	2.5902854702082813e8
0.8515199999999707	82555.03965167818	3.042934808810475e8	2.5912424261210814e8
0.8518399999999707	82626.75442286873	3.042915113526954e8	2.5921992301060644e8
0.8521599999999707	82699.00919830147	3.0428952970808506e8	2.5931559185755274e8
0.8524799999999707	82771.80033138198	3.0428753251260763e8	2.5941124621232373e8
0.8527999999999707	82845.1329928902	3.04285520234488e8	2.5950688645953903e8
0.8531199999999707	82918.92907882597	3.0428349336059624e8	2.5960251298808604e8
0.8534399999999707	82993.49586729197	3.042814495032156e8	2.5969812379076973e8
0.8537599999999707	83068.53792029328	3.042793909486833e8	2.5979372075932443e8
0.8540799999999706	83144.20448598788	3.0427731531384647e8	2.5988930186555967e8
0.8543999999999706	83220.44348264193	3.042752269455449e8	2.599848707988357e8
0.8547199999999706	83297.26777561872	3.042731205524633e8	2.6008042302565494e8
0.8550399999999706	83374.63841042302	3.0427099981364983e8	2.6017596166823816e8
0.8553599999999706	83452.79125474801	3.042688575013746e8	2.6027148056409392e8
0.8556799999999706	83531.43566990267	3.042667018848119e8	2.6036698672558275e8
0.8559999999999706	83610.67475008593	3.042645339996702e8	2.6046248104087275e8
0.8563199999999705	83690.78168860216	3.042623370013858e8	2.6055794911253077e8
0.8566399999999705	83771.37902110725	3.0426013235222614e8	2.606534092430985e8
0.8569599999999705	83852.5680258334	3.042579086462392e8	2.607488516648026e8
0.8572799999999705	83934.6310880016	3.042556635504462e8	2.6084427439906642e8
0.8575999999999705	84017.26284509008	3.0425340187547976e8	2.609396815066316e8
0.8579199999999705	84100.54566080948	3.0425112667741174e8	2.610350756046036e8
0.8582399999999705	84184.57413153411	3.0424882641449195e8	2.6113044678719348e8
0.8585599999999705	84269.31923815596	3.0424650917289776e8	2.6122580196798715e8
0.8588799999999704	84354.71200366064	3.042441731421595e8	2.6132113956528696e8
0.8591999999999704	84441.0035309347	3.042418166508059e8	2.614164581596606e8
0.8595199999999704	84527.96497748232	3.042394425911492e8	2.615117601844556e8
0.8598399999999704	84615.50555235166	3.042370469820526e8	2.6160704218629736e8
0.8601599999999704	84704.11941072128	3.042346313505281e8	2.6170230552651966e8
0.8604799999999704	84793.40738141898	3.0423219589531815e8	2.617975503001922e8
0.8607999999999704	84883.37142649134	3.0422973869339556e8	2.6189277483256844e8
0.8611199999999704	84974.20533732332	3.042272636809995e8	2.6198798251861054e8
0.8614399999999703	85065.95263466529	3.0422476062834567e8	2.6208316453407013e8
0.8617599999999703	85158.22210640166	3.042222440241229e8	2.621783332828431e8
0.8620799999999703	85251.51815685372	3.042197052284875e8	2.622734813727497e8
0.8623999999999703	85345.62888950229	3.0421714254144984e8	2.623686072862725e8
0.8627199999999703	85440.53044621658	3.0421456019544524e8	2.6246371464782515e8
0.8630399999999703	85536.34372397308	3.0421194995468843e8	2.625587963465217e8
0.8633599999999703	85632.7203371426	3.042093286280226e8	2.626538668191874e8
0.8636799999999702	85730.29273639923	3.0420667683662623e8	2.6274890940375412e8
0.8639999999999702	85828.84333340605	3.042039973975091e8	2.6284392647413215e8
0.8643199999999702	85928.16170475412	3.04201300123452e8	2.6293892645567307e8
0.8646399999999702	86028.38100786686	3.041985791970774e8	2.6303390431860518e8
0.8649599999999702	86129.53444765013	3.041958321168298e8	2.6312885788009584e8
0.8652799999999702	86231.81439783145	3.041930581929229e8	2.632237865431989e8
0.8655999999999702	86334.92221942349	3.041902632506227e8	2.6331869528327623e8
0.8659199999999702	86439.1733972803	3.0418743589780146e8	2.6341357425698426e8
0.8662399999999701	86544.36726920736	3.0418458899170035e8	2.6350843454272738e8
0.8665599999999701	86650.4890188455	3.041817166725587e8	2.6360327104101807e8
0.8668799999999701	86757.94492947466	3.0417880655522895e8	2.636980730442168e8
0.8671999999999701	86866.29025183467	3.04175881025668e8	2.6379285986879566e8
0.8675199999999701	86975.80589759114	3.0417292110330176e8	2.6388761507029256e8
0.8678399999999701	87086.44470273628	3.041699341316862e8	2.6398234498136538e8
0.8681599999999701	87198.17781556609	3.0416692009385145e8	2.6407704955643216e8
0.86847999999997	87311.20797756551	3.041638691608747e8	2.6417172025890058e8
0.86879999999997	87425.31544401344	3.0416079399579966e8	2.6426636802492788e8
0.86911999999997	87540.74331260637	3.0415768476464635e8	2.6436098431512508e8
0.86943999999997	87657.38222835276	3.041545465970713e8	2.6445557354117227e8
0.86975999999997	87775.33123996058	3.041513739015232e8	2.6455013082372037e8
0.87007999999997	87894.50763666163	3.0414816969242656e8	2.6464465874040955e8
0.87039999999997	88014.99031046247	3.041449337523281e8	2.647391570807615e8
0.87071999999997	88137.01560635446	3.0414165765559775e8	2.6483361850725052e8
0.87103999999997	88260.24823406617	3.041383533842175e8	2.6492805337339193e8
0.8713599999999699	88385.15929097583	3.041350106834661e8	2.6502245277602705e8
0.8716799999999699	88511.13639482686	3.0413163834172845e8	2.651168242587309e8
0.8719999999999699	88638.86621332029	3.041282220727246e8	2.65211155422282e8
0.8723199999999699	88768.0051082752	3.041247725373913e8	2.6530545547870025e8
0.8726399999999699	88898.86708303879	3.0412127666905224e8	2.6539971303218427e8
0.8729599999999699	89030.99465252362	3.041177571593084e8	2.6549394778734133e8
0.8732799999999699	89165.11300373243	3.041141877419554e8	2.6558813687440547e8
0.8735999999999698	89300.84194078694	3.04110577050124e8	2.6568228773740047e8
0.8739199999999698	89437.7812069512	3.041069382166758e8	2.6577641176176274e8
0.8742399999999698	89576.91958828071	3.041032500284153e8	2.6587049049824005e8
0.8745599999999698	89717.84336903186	3.0409951114844966e8	2.6596452267625117e8
0.8748799999999698	89860.33675376534	3.0409574280330384e8	2.660585267890799e8
0.8751999999999698	90005.04831280901	3.040919105699776e8	2.6615247276086462e8
0.8755199999999698	90151.52029471357	3.040880473529566e8	2.6624638927969763e8
0.8758399999999698	90299.96388885772	3.0408413094160753e8	2.663402568874048e8
0.8761599999999697	90450.6659322485	3.0408016632212085e8	2.6643407993524924e8
0.8764799999999697	90603.24531559693	3.0407615552448213e8	2.6652786010695028e8
0.8767999999999697	90758.27867277128	3.040720824114823e8	2.6662158327831092e8
0.8771199999999697	90915.33788629163	3.040679666785368e8	2.6671526660978842e8
0.8774399999999697	91074.9716965549	3.0406378230587626e8	2.6680888729498997e8
0.8777599999999697	91236.80850050107	3.0405955523065704e8	2.6690246798672342e8
0.8780799999999697	91400.98235719574	3.040552717392154e8	2.6699599661653e8
0.8783999999999696	91567.72696037975	3.0405092867530674e8	2.670894703839786e8
0.8787199999999696	91737.02462435776	3.040465206663638e8	2.671828845062844e8
0.8790399999999696	91908.8431797757	3.040420608901125e8	2.672762504985063e8
0.8793599999999696	92083.36088741971	3.0403754023795986e8	2.673695603203006e8
0.8796799999999696	92260.67131759833	3.040329519194684e8	2.6746280794848165e8
0.8799999999999696	92440.81213678028	3.040283020110022e8	2.6755599866712907e8
0.8803199999999696	92623.66453834494	3.040235885605175e8	2.6764913068175745e8
0.8806399999999696	92809.81600699516	3.0401880164049304e8	2.6774219525631312e8
0.8809599999999695	92998.7201419594	3.0401395601732117e8	2.678352052606557e8
0.8812799999999695	93190.91234502984	3.040090353378373e8	2.6792814628763357e8
0.8815999999999695	93386.13804269294	3.0400404949988586e8	2.6802102695783436e8
0.8819199999999695	93584.91290685073	3.0399898199332637e8	2.6811383270606115e8
0.8822399999999695	93786.7361948422	3.0399385440723884e8	2.6820658243828744e8
0.8825599999999695	93992.23749639616	3.0398864071042085e8	2.6829925319375134e8
0.8828799999999695	94201.73782636202	3.039833410355378e8	2.6839184504098052e8
0.8831999999999695	94415.10867074206	3.039779581320791e8	2.684843603069357e8
0.8835199999999694	94632.54474277516	3.039724904334878e8	2.685767975465974e8
0.8838399999999694	94854.10612731449	3.039669307920688e8	2.6866915036422056e8
0.8841599999999694	95080.22847574466	3.0396127645836586e8	2.6876141628708607e8
0.8844799999999694	95310.96753581743	3.0395553110783994e8	2.688535984772227e8
0.8847999999999694	95546.82778397638	3.0394966695812005e8	2.68945672319096e8
0.8851199999999694	95787.78169286327	3.0394370222480106e8	2.6903765381356746e8
0.8854399999999694	96034.21882770502	3.039376257770677e8	2.691295330481464e8
0.8857599999999693	96286.25183829485	3.03931435179515e8	2.692213077660079e8
0.8860799999999693	96544.11089390267	3.0392512410254675e8	2.6931297226988834e8
0.8863999999999693	96808.53575013998	3.039186784500897e8	2.6940451402781135e8
0.8867199999999693	97079.67624753408	3.039121043024034e8	2.694959383127431e8
0.8870399999999693	97357.84349039002	3.039053857046488e8	2.69587230877443e8
0.8873599999999693	97643.78363206486	3.038985198867795e8	2.696783892025116e8
0.8876799999999693	97938.26737432093	3.0389148246291757e8	2.697693915788648e8
0.8879999999999693	98240.45922038936	3.0388429643308663e8	2.6986025816400427e8
0.8883199999999692	98552.17480647884	3.0387693371140176e8	2.6995096406138545e8
0.8886399999999692	98874.88871006791	3.038693543838416e8	2.7004147378725433e8
0.8889599999999692	99208.59425509765	3.038615696951735e8	2.701317971185182e8
0.8892799999999692	99554.94799804129	3.0385355434023684e8	2.702219115275188e8
0.8895999999999692	99915.21819806914	3.0384528775879204e8	2.703117986303011e8
0.8899199999999692	100291.79936746632	3.038367253308203e8	2.704014187276686e8
0.8902399999999692	100686.08121949295	3.0382784394273335e8	2.7049075109584427e8
0.8905599999999692	101099.87280543933	3.038186204226793e8	2.705797749736917e8
0.8908799999999691	101536.44736690307	3.038090049616603e8	2.7066844599737126e8
0.8911999999999691	101998.96072286803	3.037989513456152e8	2.707567229261296e8
0.8915199999999691	102491.2501745121	3.037884045677551e8	2.708445566910546e8
0.8918399999999691	103020.20806199673	3.0377725897573835e8	2.709318533106171e8
0.8921599999999691	103590.60517489041	3.037654797513932e8	2.710185816258556e8
0.8924799999999691	104214.86479591283	3.037528525723746e8	2.711045510460463e8
0.8927999999999691	104907.72931644252	3.0373915933702534e8	2.7118956756466955e8
0.893119999999969	105687.25485152118	3.037240887646725e8	2.712733540112934e8
0.893439999999969	106580.63035139082	3.0370726340707785e8	2.713555746503805e8
0.893759999999969	107623.52978792663	3.036880750226848e8	2.7143568785607004e8
0.894079999999969	108843.80605655412	3.0366621054189277e8	2.715134142572236e8
0.894399999999969	110279.5259013917	3.0364095968810546e8	2.715881198629673e8
0.894719999999969	111964.87479861912	3.036117217976965e8	2.716592673888444e8
0.895039999999969	113916.45038252258	3.035782097938159e8	2.717265975644797e8
0.895359999999969	116117.36408627756	3.035407089073772e8	2.7179035964827776e8
0.895679999999969	118545.63054571653	3.034994697017327e8	2.7185077170261705e8
0.8959999999999689	121156.65494416567	3.034553275756183e8	2.719085737998588e8
0.8963199999999689	123888.09171876199	3.034092684549616e8	2.7196464021889114e8
0.8966399999999689	126692.6997069937	3.033619828233458e8	2.7201958323615706e8
0.8969599999999689	129532.28969885853	3.03314030359028e8	2.7207389967795485e8
0.8972799999999689	132375.30852005724	3.032658303031988e8	2.72127961806136e8
0.8975999999999689	135208.93384087403	3.0321767136654145e8	2.721820272134235e8
0.8979199999999689	138040.81816668177	3.0316937754060644e8	2.7223593868797034e8
0.8982399999999688	140881.66257425322	3.031208183805694e8	2.722895800201368e8
0.8985599999999688	143747.83023055896	3.030715415631186e8	2.7234254616684496e8
0.8988799999999688	146587.56678629655	3.0302261185772663e8	2.723957882814173e8
0.8991999999999688	149403.79390217672	3.029738663938155e8	2.724491605637348e8
0.8995199999999688	152182.09280308045	3.029256574301733e8	2.7250297862826484e8
0.8998399999999688	154945.25343585614	3.028774382610331e8	2.725567533613828e8
0.9001599999999688	157695.54307234826	3.028292484418519e8	2.726105206004283e8
0.9004799999999687	160432.1059626765	3.0278114464444005e8	2.7266433133260137e8
0.9007999999999687	163171.07883088558	3.0273269975759095e8	2.7271780251264846e8
0.9011199999999687	165971.59648878986	3.0268321305868345e8	2.727703082228922e8
0.9014399999999687	168759.72173862212	3.026336871081722e8	2.7282274386495584e8
0.9017599999999687	171525.3082700855	3.0258426280270886e8	2.728752354712457e8
0.9020799999999687	174275.50402979337	3.0253481983937246e8	2.7292767533804625e8
0.9023999999999687	177033.93937431005	3.024847895395284e8	2.729795525929439e8
0.9027199999999687	179817.47025864068	3.0243399921247077e8	2.730307124125789e8
0.9030399999999686	182627.32110053772	3.023824011978868e8	2.7308111112278414e8
0.9033599999999686	185475.26433756572	3.0232981114527893e8	2.731305825257353e8
0.9036799999999686	188355.93749167738	3.0227633537501377e8	2.7317922119558215e8
0.9039999999999686	191277.1921535055	3.02221746196364e8	2.732268211719503e8
0.9043199999999686	194256.31985883677	3.021657505376733e8	2.7327311797090334e8
0.9046399999999686	197280.58083626878	3.0210851915928876e8	2.7331826344843805e8
0.9049599999999686	200377.952298751	3.0204958287917536e8	2.733618344429155e8
0.9052799999999686	203540.21369833348	3.0198905959982157e8	2.734039352035585e8
0.9055999999999685	206771.3059082768	3.019268316982255e8	2.7344445799718124e8
0.9059199999999685	210080.2732229279	3.018628488126116e8	2.7348335634841645e8
0.9062399999999685	213483.7436218344	3.0179666848074067e8	2.735202290797789e8
0.9065599999999685	217005.30518748247	3.01728004521393e8	2.7355481675462127e8
0.9068799999999685	220641.44128678722	3.016568724373881e8	2.7358713060702163e8
0.9071999999999685	224384.1655197249	3.0158337498984885e8	2.736172606413416e8
0.9075199999999685	228191.30445804386	3.015084312125321e8	2.736460346258239e8
0.9078399999999684	232043.4214984703	3.014323325846098e8	2.73673713935328e8
0.9081599999999684	235893.03008148333	3.013560708164013e8	2.737011936884962e8
0.9084799999999684	239716.4864405999	3.012799786118575e8	2.7372877382212985e8
0.9087999999999684	243521.16201741158	3.012040480541193e8	2.737564480015501e8
0.9091199999999684	247281.86016480162	3.011285584916849e8	2.7378446807140285e8
0.9094399999999684	250985.15147300373	3.010539149521959e8	2.738132016294329e8
0.9097599999999684	254625.98112391494	3.009802975596316e8	2.7384281295637757e8
0.9100799999999684	258190.82928048115	3.0090792546359354e8	2.738735013252666e8
0.9103999999999683	261693.47197696485	3.008365062230491e8	2.739050030005435e8
0.9107199999999683	265128.121558217	3.0076623598756206e8	2.7393749707727575e8
0.9110399999999683	268508.2064068632	3.0069677501018524e8	2.739706763953116e8
0.9113599999999683	271828.5846946248	3.006282480583722e8	2.740046550362159e8
0.9116799999999683	275094.7111595323	3.0056056084146005e8	2.7403934847282237e8
0.9119999999999683	278303.0976051504	3.004938355601888e8	2.740748687034719e8
0.9123199999999683	281454.908501684	3.004280850822433e8	2.7411122854860014e8
0.9126399999999683	284559.76159084326	3.003630379024754e8	2.741481820520782e8
0.9129599999999682	287624.72367005784	3.002985116958654e8	2.74185564093796e8
0.9132799999999682	290656.4292250294	3.0023438860253364e8	2.742232681484548e8
0.9135999999999682	293682.491972385	3.001700919528153e8	2.7426077017538893e8
0.9139199999999682	296687.6114274314	3.0010594088825375e8	2.74298360366175e8
0.9142399999999682	299701.18041220284	3.000413661295214e8	2.743355209434763e8
0.9145599999999682	302701.8099423952	2.9997673522201127e8	2.743725858072746e8
0.9148799999999682	305676.92869893514	2.9991237987734395e8	2.7440985732234573e8
0.9151999999999682	308634.9257488405	2.998481344595075e8	2.744471848990353e8
0.9155199999999681	311589.8108712871	2.997837114654646e8	2.74484306628075e8
0.9158399999999681	314544.64749385475	2.997190416897234e8	2.745211592186398e8
0.9161599999999681	317506.3545647891	2.996539268194154e8	2.745575613276328e8
0.9164799999999681	320483.51558891113	2.995881836074174e8	2.7459334529573834e8
0.9167999999999681	323501.2744811136	2.995212861799331e8	2.746280304757899e8
0.9171199999999681	326558.6141753437	2.9945328510160434e8	2.7466166201031667e8
0.9174399999999681	329677.56516412727	2.993836399088496e8	2.7469374477774537e8
0.917759999999968	332852.28233100194	2.993124690153675e8	2.7472438533523303e8
0.918079999999968	336088.0325906712	2.9923970888123876e8	2.7475352426130795e8
0.918399999999968	339382.6053961728	2.9916536250096726e8	2.747811625414791e8
0.918719999999968	342741.33408415125	2.9908932514753985e8	2.748072028151726e8
0.919039999999968	346157.91941423656	2.99011632144594e8	2.748316753513139e8
0.919359999999968	349604.02164100634	2.98932842157895e8	2.748550898345779e8
0.919679999999968	353096.0846970922	2.988527604841763e8	2.748772674396006e8
0.919999999999968	356654.6565507336	2.9877080773139536e8	2.7489767548539823e8
0.9203199999999679	360278.772672118	2.9868711630208784e8	2.749164338877344e8
0.9206399999999679	363977.54294279945	2.986015146411626e8	2.749333836970383e8
0.9209599999999679	367805.5551263575	2.98512960635652e8	2.749475675780777e8
0.9212799999999679	371784.9142453513	2.984208647303069e8	2.74958441167177e8
0.9215999999999679	375927.4431043497	2.983249648986512e8	2.7496576036212677e8
0.9219199999999679	380142.6016739137	2.982273595879216e8	2.7497144888562584e8
0.9222399999999679	384524.7881578644	2.981260338204901e8	2.749736540781264e8
0.9225599999999679	389073.49651513813	2.980204475703676e8	2.7497187396207887e8
0.9228799999999678	393704.16876373626	2.979123241278391e8	2.7496768815658563e8
0.9231999999999678	398337.19415752916	2.978034163286556e8	2.749627062511166e8
0.9235199999999678	402868.5594859678	2.9769617147613704e8	2.7495917966906196e8
0.9238399999999678	407303.90471719526	2.975905188255501e8	2.749570451771699e8
0.9241599999999678	411608.99239579675	2.974873352458956e8	2.7495711216682065e8
0.9244799999999678	415814.233974824	2.973858176992366e8	2.749586430375305e8
0.9247999999999678	419918.63329874433	2.9728611986972386e8	2.749617815367351e8
0.9251199999999677	423903.7658007324	2.971887622965113e8	2.749670096897221e8
0.9254399999999677	427791.66635461594	2.970930128834434e8	2.749736539894877e8
0.9257599999999677	431593.91533922154	2.9699877392981184e8	2.749816264855278e8
0.9260799999999677	435334.1020873882	2.9690531096363616e8	2.749902502740209e8
0.9263999999999677	439061.8365000385	2.968115844041598e8	2.7499856674317044e8
0.9267199999999677	442795.77453107695	2.9671700757908815e8	2.750060333380406e8
0.9270399999999677	446548.0428906535	2.9662134042390794e8	2.750124275717793e8
0.9273599999999677	450339.2330295306	2.965241482738532e8	2.750173467851182e8
0.9276799999999676	454198.93692979723	2.964246513538e8	2.750200682350024e8
0.9279999999999676	458098.8211327592	2.963236394364825e8	2.7502132051216775e8
0.9283199999999676	462020.39685400954	2.96221658883678e8	2.750216079969329e8
0.9286399999999676	465967.7591425922	2.961184983504527e8	2.7502073376744723e8
0.9289599999999676	469944.21118397656	2.960143052993758e8	2.750188338876611e8
0.9292799999999676	473968.466660207	2.9590846002338797e8	2.750153327804866e8
0.9295999999999676	478024.57055697637	2.958013861593552e8	2.7501062150349426e8
0.9299199999999676	482117.62759113865	2.956928458798014e8	2.7500447804387695e8
0.9302399999999675	486237.2687552598	2.9558313216350704e8	2.749971727756396e8
0.9305599999999675	490396.94373028004	2.954718716267004e8	2.7498835802470535e8
0.9308799999999675	494584.2769452008	2.9535949484553415e8	2.749784322270237e8
0.9311999999999675	498786.39429759677	2.952462969331778e8	2.749676682080933e8
0.9315199999999675	503007.8945013063	2.9513216338824403e8	2.7495595882002294e8
0.9318399999999675	507288.213131107	2.950160231148926e8	2.749423077439789e8
0.9321599999999675	511646.08208622166	2.9489741948369336e8	2.749262886161187e8
0.9324799999999674	516064.0758793854	2.947766901770033e8	2.7490821270264584e8
0.9327999999999674	520512.24623110547	2.9465464786953217e8	2.7488883395563674e8
0.9331199999999674	524973.7255635589	2.945317664230943e8	2.7486859212747383e8
0.9334399999999674	529467.689031791	2.944076021329263e8	2.7484707350433105e8
0.9337599999999674	534004.1503863161	2.942819341135693e8	2.748240712327985e8
0.9340799999999674	538555.6086739223	2.941554990845893e8	2.748002701706474e8
0.9343999999999674	543136.8257951469	2.9402802485479677e8	2.747754162000847e8
0.9347199999999674	547758.1113960976	2.938992607865733e8	2.7474927469192815e8
0.9350399999999673	552459.452365092	2.9376793008462375e8	2.7472065311234266e8
0.9353599999999673	557220.9605618132	2.9363463108923656e8	2.746901072985095e8
0.9356799999999673	562071.6801655462	2.9349854369805366e8	2.746568698178535e8
0.9359999999999673	567058.7781417819	2.933584878656596e8	2.7461983640404886e8
0.9363199999999673	572260.3776672481	2.932124497004387e8	2.74577122444355e8
0.9366399999999673	577699.6818787428	2.9305949527590865e8	2.7452784870706135e8
0.9369599999999673	583306.6811018478	2.929019832612189e8	2.744742138895987e8
0.9372799999999673	589124.5968110553	2.927389322122575e8	2.7441529627860713e8
0.9375999999999672	595207.5151212756	2.925680217859352e8	2.743489181754269e8
0.9379199999999672	601392.5784518371	2.9239178435342884e8	2.742774368320287e8
0.9382399999999672	607288.504821049	2.9222122568654346e8	2.7421114892619073e8
0.9385599999999672	613043.738916825	2.9205234341230464e8	2.7414631284036213e8
0.9388799999999672	618550.2972922543	2.918885775249658e8	2.740861534608008e8
0.9391999999999672	623830.291377551	2.917298800789887e8	2.740306322518923e8
0.9395199999999672	628941.8202441446	2.915747695624234e8	2.739783659005669e8
0.9398399999999671	633995.6703108932	2.914199587943591e8	2.739262752528068e8
0.9401599999999671	639034.169866783	2.912645359453826e8	2.738735059191262e8
0.9404799999999671	644125.877317842	2.9110637679343426e8	2.7381806361889744e8
0.9407999999999671	649267.4978403796	2.9094573944490415e8	2.737601883056284e8
0.9411199999999671	654478.2786475986	2.907822211825507e8	2.7369949968035936e8
0.9414399999999671	659812.6857701943	2.90613921890394e8	2.736342092553617e8
0.9417599999999671	665294.3464310684	2.9044014442913604e8	2.7356365716030973e8
0.942079999999967	670939.6698144428	2.9026026965117913e8	2.7348725565864897e8
0.942399999999967	676721.9670465324	2.900749386530779e8	2.7340560137195295e8
0.942719999999967	682613.206965762	2.8988496111259824e8	2.7331945062455404e8
0.943039999999967	688587.5681306693	2.896908718071322e8	2.7322930169686913e8
0.943359999999967	694670.3188695848	2.89491730742891e8	2.731342652404649e8
0.943679999999967	700872.0257478436	2.8928717211313194e8	2.730339916922009e8
0.943999999999967	707149.1882261598	2.890785708555977e8	2.7292977124221534e8
0.944319999999967	713470.4122411613	2.8886681964263177e8	2.728224411574741e8
0.944639999999967	719780.2083810472	2.8865414650822306e8	2.727140999898543e8
0.9449599999999669	726106.7639703644	2.8843959501727164e8	2.7260384462380046e8
0.9452799999999669	732464.9997454449	2.8822260584877264e8	2.724911453415044e8
0.9455999999999669	738909.8522314433	2.880012474999239e8	2.723741763318799e8
0.9459199999999669	745458.9713393244	2.877748652836664e8	2.7225231499028623e8
0.9462399999999669	752115.9100442338	2.875432741280767e8	2.7212538146226573e8
0.9465599999999669	758867.1837026527	2.8730689272190714e8	2.71993766237136e8
0.9468799999999669	765640.3645684797	2.870681643864969e8	2.7185977431044257e8
0.9471999999999668	772407.0810887647	2.8682821511301875e8	2.7172446844892335e8
0.9475199999999668	779179.5015810191	2.865865696135985e8	2.7158739778051037e8
0.9478399999999668	785967.4820274988	2.8634282865840924e8	2.714481827794397e8
0.9481599999999668	792802.9658759906	2.860960082095649e8	2.713058900497226e8
0.9484799999999668	799725.8946527463	2.858445755386239e8	2.711590648849571e8
0.9487999999999668	806684.8635594274	2.8559016005051273e8	2.7100924612093127e8
0.9491199999999668	813640.1947687485	2.8533423010981065e8	2.708578224949239e8
0.9494399999999668	820586.2644519107	2.8507710492615676e8	2.7070509534261155e8
0.9497599999999667	827519.2810558903	2.8481893502662677e8	2.7055120629955983e8
0.9500799999999667	834462.0059577135	2.8455896604136825e8	2.703954387999111e8
0.9503999999999667	841355.880636765	2.842993100157482e8	2.7023979549063724e8
0.9507199999999667	848236.9581489041	2.8403836374348986e8	2.700827542954988e8
0.9510399999999667	855161.4636334215	2.83774032618325e8	2.6992232468658185e8
0.9513599999999667	862174.4092755304	2.8350440271881676e8	2.697566847338313e8
0.9516799999999667	869359.6305173981	2.832261663299753e8	2.695826854302481e8
0.9519999999999667	876763.7225238439	2.8293768102928567e8	2.6939875699855167e8
0.9523199999999666	884407.7555178636	2.8263804826303643e8	2.6920403468362856e8
0.9526399999999666	892361.767428452	2.8232479289141e8	2.6899615295336884e8
0.9529599999999666	900736.1744130895	2.8199396979245657e8	2.6877134408305436e8
0.9532799999999666	909663.3419611929	2.816389641840035e8	2.685232912486539e8
0.9535999999999666	919163.4375246003	2.812584167531061e8	2.682506753992538e8
0.9539199999999666	929022.0433709068	2.8086053646331304e8	2.6796129227883276e8
0.9542399999999666	938678.6600955075	2.8046712287039757e8	2.676759012633248e8
0.9545599999999665	948044.7768061415	2.800816446815337e8	2.6739781390185353e8
0.9548799999999665	957027.0051164577	2.797080059097757e8	2.6713076174158812e8
0.9551999999999665	965774.4140858335	2.7934064741351175e8	2.6686945310312814e8
0.9555199999999665	974462.0275698367	2.7897269828586656e8	2.666073367370882e8
0.9558399999999665	983159.1413952727	2.7860134807210946e8	2.663417288489198e8
0.9561599999999665	991865.7817160665	2.782263214910768e8	2.6607236295276916e8
0.9564799999999665	1.0005595330813539e6	2.7784879052288e8	2.658003555101947e8
0.9567999999999665	1.0092931035437317e6	2.774663562275158e8	2.6552341110055095e8
0.9571199999999664	1.0180092839734434e6	2.770818962770738e8	2.652442768028004e8
0.9574399999999664	1.0268529026125784e6	2.766886576007384e8	2.6495649119277692e8
0.9577599999999664	1.0359798561054649e6	2.762795528041166e8	2.6465326428278336e8
0.9580799999999664	1.045394037943551e6	2.758538716878449e8	2.6433390030475175e8
0.9583999999999664	1.0550342229608493e6	2.7541471237004983e8	2.6400134975912172e8
0.9587199999999664	1.0650301309724275e6	2.7495591688825923e8	2.6364970108290923e8
0.9590399999999664	1.0750917855007171e6	2.7449084112616706e8	2.6329173203316417e8
0.9593599999999664	1.0854798219814294e6	2.740067276337042e8	2.629152081226266e8
0.9596799999999663	1.0961500578938494e6	2.7350582306334436e8	2.6252226504775542e8
0.9599999999999663	1.1077919245395027e6	2.7295826229236716e8	2.6208424347764492e8
0.9601599999999664	1.1156237349404502e6	2.7258987164960164e8	2.6177433761267242e8
0.9603199999999664	1.1238249570266334e6	2.722052789762172e8	2.614487668807266e8
0.9603399999999664	1.1286045961847873e6	2.7198957833959997e8	2.6124723212092704e8
0.9604999999999665	1.1375634526631592e6	2.7157464726544744e8	2.608923824548334e8
0.9608199999999665	1.1503659959261098e6	2.709673408980094e8	2.6039591182133675e8
0.9611399999999665	1.1621217557027664e6	2.704006962547301e8	2.5993808524968886e8
0.9614599999999665	1.172906426276331e6	2.698735449927615e8	2.5951782238240013e8
0.9617799999999664	1.1830900453522298e6	2.693698718533621e8	2.5911977305265096e8
0.9620999999999664	1.1929275561332514e6	2.688785030072467e8	2.587332196976405e8
0.9624199999999664	1.2028231963731463e6	2.683794661925725e8	2.5833896794876638e8
0.9627399999999664	1.2130245446950365e6	2.678602355745211e8	2.5792496049154082e8
0.9630599999999664	1.223745346061191e6	2.6730974996665436e8	2.574805329559607e8
0.9633799999999664	1.2352258375038072e6	2.66715197765009e8	2.569933211930148e8
0.9636999999999664	1.246948079146782e6	2.661003050818199e8	2.5648612822261396e8
0.9640199999999663	1.2588796319156582e6	2.6546748719841915e8	2.5596126149816746e8
0.9643399999999663	1.270676232752982e6	2.6483567065854344e8	2.554369429573109e8
0.9646599999999663	1.2825574547573822e6	2.641927155813329e8	2.5490147059313086e8
0.9649799999999663	1.2945643006750485e6	2.6353547869471484e8	2.5435180187262672e8
0.9652999999999663	1.3070373405363574e6	2.628450606193936e8	2.537696912116084e8
0.9656199999999663	1.3205757741145082e6	2.6208854723418477e8	2.5312334437537876e8
0.9659399999999663	1.3351057259990545e6	2.612685736288628e8	2.524152397120825e8
0.9662599999999663	1.3505274352984321e6	2.6038978147370294e8	2.5164979704243845e8
0.9665799999999662	1.3662735529353374e6	2.5948284791911986e8	2.5085659200379327e8
0.9667399999999663	1.3751940124402752e6	2.589675874082387e8	2.5040006440388575e8
0.9667599999999663	1.3777066304834783e6	2.588227807175445e8	2.502653064548819e8
0.9667699999999663	1.381782248387614e6	2.5859761796147206e8	2.500503357407176e8
0.9667799999999662	1.3852593340933332e6	2.5840392067092562e8	2.4986576074130735e8
0.9669399999999663	1.3945598326278888e6	2.578637990163608e8	2.4938492596893793e8
0.9670999999999663	1.403977008650081e6	2.573122183637473e8	2.4889283722315598e8
0.9674199999999663	1.4207924265986297e6	2.563191124393409e8	2.4801452517331713e8
0.9677399999999663	1.4373073291577857e6	2.5533388793329334e8	2.4714318424299535e8
0.9680599999999663	1.453890930848038e6	2.543335558839047e8	2.4625657938529554e8
0.9683799999999663	1.4712901350288242e6	2.532730228875317e8	2.4531105209788907e8
0.9686999999999663	1.4896240377307583e6	2.521446399566093e8	2.4429913795833996e8
0.9690199999999662	1.5085237143189244e6	2.5097204370204347e8	2.4324366385281533e8
0.9693399999999662	1.527371848342428e6	2.4979082682610774e8	2.4217906929648107e8
0.9696599999999662	1.5467057856846505e6	2.4856774014414284e8	2.4107312196169886e8
0.9699799999999662	1.5665972477931192e6	2.4729552047887975e8	2.3991873820347422e8
0.9702999999999662	1.5872043995546626e6	2.4596371366380656e8	2.3870573133865002e8
0.9706199999999662	1.6096033237597113e6	2.445017423587112e8	2.3736557131385612e8
0.9707799999999662	1.6214266051236258e6	2.437243942829115e8	2.3665014556735837e8
0.9709399999999663	1.6329914570937625e6	2.4295981361067155e8	2.3594685615888044e8
0.9710999999999663	1.6440957785724578e6	2.422207551736099e8	2.3526808971708524e8
0.9712599999999664	1.6546893731803992e6	2.4151001701099744e8	2.3461657489467853e8
0.9714199999999664	1.6652327101200488e6	2.407976786408528e8	2.3396327333614445e8
0.9715799999999665	1.6761122578535127e6	2.4005771503554955e8	2.3328290988459945e8
0.9717399999999665	1.6874595306708864e6	2.3928112417863113e8	2.325667272156718e8
0.9718999999999666	1.6990119086892551e6	2.3848606281574655e8	2.318323466852503e8
0.9720599999999666	1.71062327207013e6	2.3768146892257732e8	2.310884434950943e8
0.9722199999999667	1.7222681682157053e6	2.36868922990959e8	2.3033654891997534e8
0.9723799999999667	1.7336903028135856e6	2.3606817275574797e8	2.295958543503901e8
0.9725399999999668	1.744743590451986e6	2.3528928702023253e8	2.2887615385764298e8
0.9728599999999668	1.7643660936212486e6	2.3389458739918447e8	2.2759457319294378e8
0.9731799999999667	1.7834798982766774e6	2.325197495933375e8	2.263314028401083e8
0.9734999999999667	1.8009782854072042e6	2.3124494165576613e8	2.2516467662644398e8
0.9738199999999667	1.8189870396255483e6	2.2991590372195402e8	2.2394432644320306e8
0.9741399999999667	1.8380010091096736e6	2.2849648416718453e8	2.2263509579270917e8
0.9742999999999667	1.8488116748254932e6	2.2768291505011028e8	2.2187897859335795e8
0.9744599999999668	1.8604660975795367e6	2.2680074369528297e8	2.2105576900543016e8
0.9745399999999668	1.867111799495613e6	2.262980295168205e8	2.2058401835172993e8
0.9746199999999667	1.8742312151231624e6	2.257588228412075e8	2.2007663190573004e8
0.9746299999999667	1.8777922144961862e6	2.2550383584753126e8	2.1983044312055373e8
0.9746399999999666	1.8911645131151485e6	2.2453097421702823e8	2.1888482864292958e8
0.9746599999999667	1.8971426131012077e6	2.2408865087804905e8	2.1845831805860785e8
0.9748199999999667	1.9097256643275432e6	2.2312892055603904e8	2.1755862122865838e8
0.9751399999999667	1.9318405667149192e6	2.2142077041144022e8	2.1596427561549306e8
0.9752999999999667	1.944052063212669e6	2.2046845178845263e8	2.1507089911523193e8
0.9754599999999668	1.9568818618651885e6	2.19460260903301e8	2.1412272798161694e8
0.9756199999999668	1.9699565695937357e6	2.184248405286203e8	2.1314767045769206e8
0.9757799999999669	1.9836599878914095e6	2.1733177190386084e8	2.1211604063324893e8
0.975939999999967	1.9985407577355101e6	2.161361935663491e8	2.1098404163976675e8
0.976099999999967	2.0139336114739594e6	2.1488993005192113e8	2.0980219373698744e8
0.976259999999967	2.0286751751564213e6	2.136880481951375e8	2.0866325467963615e8
0.9764199999999671	2.0431772681410247e6	2.1249314205530465e8	2.0753073188561642e8
0.9765799999999671	2.056143355458939e6	2.1141418011852568e8	2.0651101489752775e8
0.9767399999999672	2.067952206560979e6	2.104249068164284e8	2.0557852405219606e8
0.9768999999999672	2.079478157841451e6	2.0945355821991676e8	2.04663216970476e8
0.9770599999999673	2.0907780230028627e6	2.0849748167177373e8	2.0376251189006418e8
0.9772199999999673	2.102184128547181e6	2.0752724859089944e8	2.0284766562244037e8
0.9773799999999674	2.114099412477887e6	2.065062169949726e8	2.0188286729524988e8
0.9775399999999674	2.126243988013524e6	2.054581202738407e8	2.0089128633245438e8
0.9776999999999675	2.139542383733971e6	2.0430460083222643e8	1.997963200288185e8
0.9777799999999675	2.1475483218037877e6	2.0360787797388685e8	1.99131429449011e8
0.9778599999999674	2.156350464044051e6	2.02839461737562e8	1.9839633765395978e8
0.9779399999999674	2.1662721161415554e6	2.0196953462251282e8	1.9756187465161577e8
0.9779799999999674	2.1724458849860835e6	2.0142666318050325e8	1.9703908531564948e8
0.9779899999999674	2.180795527773668e6	2.006988328497982e8	1.9632945084833398e8
0.9779999999999673	2.217937409947943e6	1.976084323826308e8	1.933098414932254e8
0.9781599999999674	2.2338292445732406e6	1.9620567349001804e8	1.9196932841169122e8
0.9783199999999674	2.2474931605221797e6	1.9498385848726714e8	1.9080533408697703e8
0.9786399999999674	2.270568338417902e6	1.92898156158267e8	1.8882635088242882e8
0.9787999999999675	2.281980976398555e6	1.918552826856819e8	1.8783632868943894e8
0.9789599999999675	2.2934851412153933e6	1.9079537314262933e8	1.8682929341907343e8
0.9791199999999676	2.3053717814441067e6	1.8969098998226386e8	1.8577837827422467e8
0.9792799999999676	2.317385742141801e6	1.8856562052922523e8	1.8470655710443085e8
0.9794399999999677	2.3294990062868954e6	1.8742126571788093e8	1.8361577899428457e8
0.9795999999999677	2.3419296287534013e6	1.86237338213845e8	1.824858718787032e8
0.9797599999999678	2.354403309129634e6	1.8504002576456344e8	1.8134246876605958e8
0.9799199999999678	2.3678483007956324e6	1.837382100072124e8	1.800962931441417e8
0.9800799999999679	2.381924664620456e6	1.8236164343653965e8	1.7877644743859723e8
0.9802399999999679	2.3960652534547546e6	1.8096812468310326e8	1.7743954078876767e8
0.980399999999968	2.410706096234694e6	1.7951447095734704e8	1.7604323716606355e8
0.980559999999968	2.4253451111202887e6	1.780484217349745e8	1.7463430912540117e8
0.9807199999999681	2.4404628988511376e6	1.7651829701564005e8	1.731620763738628e8
0.980799999999968	2.4490161458835965e6	1.7564633215325934e8	1.723209436859122e8
0.980879999999968	2.45799173796909e6	1.7472703164959037e8	1.7143324760647467e8
0.980959999999968	2.467878258893343e6	1.7370982203917927e8	1.7044937542959714e8
0.9810399999999679	2.4794465730027054e6	1.7251414094571093e8	1.6929028314039892e8
0.981079999999968	2.486456051864727e6	1.717872646058377e8	1.6858409330799112e8
0.981119999999968	2.494797166603213e6	1.7092034052255943e8	1.677404662639936e8
0.9811599999999681	2.503326511311038e6	1.7003170934724516e8	1.668754746146108e8
0.981239999999968	2.518996986571384e6	1.6839336797704458e8	1.6528156477725798e8
0.981319999999968	2.534231640028281e6	1.667935889451928e8	1.637252241507271e8
0.981329999999968	2.541371730383956e6	1.660450956251253e8	1.6299248110000524e8
0.9813399999999679	2.550044158654868e6	1.6513771549961585e8	1.6210382955238828e8
0.9814199999999679	2.562418241869525e6	1.6383680019451696e8	1.608403221778316e8
0.9815799999999679	2.580545313431993e6	1.6191468486624378e8	1.5897975001567587e8
0.981739999999968	2.5951976120911897e6	1.6034503578374103e8	1.5746452373872167e8
0.981899999999968	2.609542800637169e6	1.587936372468695e8	1.5596670513738772e8
0.9820599999999681	2.624410163968542e6	1.5717105286204243e8	1.5439848609203404e8
0.9822199999999681	2.640844295099245e6	1.5536027154979035e8	1.5264492013319707e8
0.9823799999999682	2.658930488943952e6	1.5334827400432813e8	1.5069312777158228e8
0.9824599999999681	2.6685775443192543e6	1.5226746934271103e8	1.496435047805625e8
0.9825399999999681	2.6786070636601485e6	1.5113800308553913e8	1.485459020309924e8
0.9826199999999681	2.689413474613412e6	1.4991527518714994e8	1.4735648971058136e8
0.982699999999968	2.7015585626361566e6	1.48534463428124e8	1.460115541739464e8
0.982779999999968	2.713245648711946e6	1.472022391954413e8	1.44714138726562e8
0.982859999999968	2.7248516152842985e6	1.4587493011277488e8	1.434213377673233e8
0.982939999999968	2.736845539205575e6	1.4449795863474718e8	1.420795140453327e8
0.9830199999999679	2.7476549131019344e6	1.4324929788760534e8	1.4086357998989376e8
0.9830999999999679	2.757789057655321e6	1.4207099181175625e8	1.397165986852075e8
0.9831799999999679	2.7681898100941065e6	1.4085420161741164e8	1.3853159489880812e8
0.9832599999999678	2.7781145039306898e6	1.3968928222031537e8	1.3739738927273867e8
0.9833399999999678	2.7874577762768944e6	1.3858800921970484e8	1.3632557203265294e8
0.9834199999999678	2.7964548359026415e6	1.3752327353180215e8	1.352895028778198e8
0.9834999999999677	2.8060042301783985e6	1.3638711601676244e8	1.3418302767227949e8
0.9835799999999677	2.8173429770060517e6	1.350294165623686e8	1.3285849431409268e8
0.9836599999999677	2.8274253197460524e6	1.3381684524353153e8	1.3167647812197264e8
0.9838199999999677	2.84401510110285e6	1.3180707909452176e8	1.2972045671910408e8
0.9839799999999678	2.857119226692354e6	1.3020063734460193e8	1.2816059418434893e8
0.9841399999999678	2.8679830307961605e6	1.2884012637539753e8	1.2684220818194811e8
0.9842999999999679	2.87803301269442e6	1.2756172091505942e8	1.2560418701498827e8
0.9844599999999679	2.888256486139613e6	1.2624314486960042e8	1.2432620990411748e8
0.984619999999968	2.899850985134093e6	1.2473081370483717e8	1.2285705349820425e8
0.9846999999999679	2.9066670384852365e6	1.2383552868798876e8	1.2198531710474747e8
0.9847799999999679	2.9143181497213803e6	1.2282592326253527e8	1.210008686327144e8
0.9848599999999679	2.922996539406074e6	1.2167597251649192e8	1.1987805246019502e8
0.9849399999999678	2.9318277577308794e6	1.2050263703722453e8	1.1873202064947158e8
0.9850199999999678	2.9410841915919865e6	1.1926872628237033e8	1.1752613820384672e8
0.9850999999999678	2.951200880799346e6	1.1791480215542886e8	1.1620184449643317e8
0.9851799999999677	2.9624274633143796e6	1.1640652342265674e8	1.1472528192053564e8
0.9853399999999678	2.975810137766016e6	1.146075858007623e8	1.1297106396953917e8
0.9854999999999678	2.9838318215063037e6	1.1352805022391498e8	1.119251590570765e8
0.9856599999999679	2.991862472277383e6	1.1243760037683028e8	1.1086814849527548e8
0.9857399999999679	2.9965416366423946e6	1.1179903150274289e8	1.102475079972488e8
0.9858199999999678	3.001841025885179e6	1.110735588738313e8	1.0954110191474395e8
0.9858999999999678	3.008171492326486e6	1.1020509441346297e8	1.0869361780027148e8
0.9859399999999678	3.012078422723895e6	1.0966933762866011e8	1.0816973656422122e8
0.9859499999999678	3.1345394270147337e6	9.325365959570727e7	9.198748595733424e7
0.9860299999999678	3.1408447059097607e6	9.237599363208356e7	9.112937860158205e7
0.9861099999999677	3.1479120901420275e6	9.138606412140715e7	9.016043618969002e7
0.9861899999999677	3.1561548989511365e6	9.022524905387044e7	8.902282486358818e7
0.9862699999999677	3.1662237489058794e6	8.879994252761275e7	8.762419156877832e7
0.9863099999999677	3.1722914455944235e6	8.793788845826495e7	8.677744743515874e7
0.9863499999999678	3.17941485598989e6	8.692333551649877e7	8.578023099948013e7
0.9863899999999678	3.188119484547052e6	8.568046389253503e7	8.455774308513965e7
0.9863999999999677	3.1906455061023165e6	8.53192329475042e7	8.420228415829848e7
0.9864099999999677	3.318703171837262e6	6.7035573317283094e7	6.616966105200443e7
0.9864299999999677	3.327114237467366e6	6.582230128538185e7	6.497424159713964e7
0.9864399999999677	3.3468622944775545e6	6.295906013442901e7	6.215071873171733e7
0.9865199999999676	3.361573345842284e6	6.081085351710233e7	6.0036437220391884e7
0.9865999999999676	3.37708087715602e6	5.8531731134494275e7	5.7792658821044154e7
0.9866799999999676	3.39421367649143e6	5.5998675214155346e7	5.5297983786471955e7
0.9867199999999676	3.4028239040901214e6	5.47208928196646e7	5.4039388864464104e7
0.9867599999999677	3.412242213541458e6	5.331935850774139e7	5.265858828800457e7
0.9867999999999677	3.423092950091645e6	5.170016734736583e7	5.1062909965320244e7
0.9868399999999677	3.4336856687490223e6	5.0114988601585776e7	4.950066265498813e7
0.9869199999999677	3.446818878664142e6	4.813996528193742e7	4.755537892698116e7
0.9869999999999677	3.459965642740042e6	4.614949770018819e7	4.559453378343999e7
0.9870799999999676	3.475126393703818e6	4.383956666970235e7	4.3318058101335146e7
0.9871199999999677	3.483756139238337e6	4.252015323897922e7	4.201736444433329e7
0.9871599999999677	3.4931856250394937e6	4.107388446959743e7	4.059134829643209e7
0.9871999999999678	3.5035958092911215e6	3.9472064065032065e7	3.9011667671357416e7
0.9872399999999678	3.5150697223532856e6	3.769983330244571e7	3.726363571916263e7
0.9872799999999678	3.5279194763188474e6	3.570930479555005e7	3.529995757428839e7
0.9873199999999679	3.542381789312064e6	3.3461390053421438e7	3.308201702863157e7
0.9873599999999679	3.5589205896805273e6	3.0883305716909707e7	3.053792548890065e7
0.987379999999968	3.5681049948562887e6	2.944784483287406e7	2.9121242516117446e7
0.987399999999968	3.5780666273087543e6	2.7888674402100503e7	2.758236074413735e7
0.987419999999968	3.5888825187317296e6	2.6192722216094434e7	2.5908365912700888e7
0.987439999999968	3.6007274628649577e6	2.4332185679741263e7	2.4071798564536635e7
0.987459999999968	3.6138355976939937e6	2.226972590836805e7	2.20357810438716e7
0.9874999999999681	3.632904163040785e6	1.9254754370737374e7	1.9059481243140668e7
0.9875399999999681	3.6474749853097773e6	1.693850272080815e7	1.6772896515223416e7
0.9875799999999681	3.6571218468296328e6	1.5405422872139573e7	1.5259508973404849e7
0.9876199999999682	3.6660862466516015e6	1.3976323320874453e7	1.3848682585895246e7
0.9876599999999682	3.6718153036563336e6	1.305926782344997e7	1.2943426659355419e7
0.9877399999999682	3.6784909016816244e6	1.1985245611651659e7	1.1883404798907163e7
0.9877799999999682	3.6861931697222455e6	1.074755717554462e7	1.0661267307393245e7
0.9878599999999682	3.694945121278498e6	9.330078660420775e6	9.261668139255408e6
0.9879399999999682	3.6975330254477155e6	8.908121245907187e6	8.84528155196828e6
0.9879499999999681	3.707944461693981e6	7.209238142977953e6	7.167047554118369e6
0.9879899999999682	3.7149266357587273e6	6.063980275323689e6	6.035768141112439e6
0.9880299999999682	3.7237920257879347e6	4.604818778368473e6	4.594272888140055e6
0.9982699999999682	3.729096e6	3.729096e6	3.729096e6
