lambda	f0	f1	fla
0.0	56875.802986720126	1.3293760181588212e8	56875.802986720126
0.00032	56845.42214363387	1.329372065213352e8	99367.13769537518
0.00064	56829.587495925305	1.3293701772980763e8	141872.90790700482
0.0009600000000000001	56821.202030367065	1.3293690998276004e8	184386.08725986758
0.00128	56814.59113763497	1.3293681429717182e8	226900.99076135873
0.0016	56809.69362493711	1.3293673732063009e8	269417.57782814535
0.00192	56805.847788921055	1.3293666042579503e8	311935.1685786928
0.0022400000000000002	56802.41265766321	1.3293660334828067e8	354453.1667534588
0.00256	56799.590019326664	1.3293655248455414e8	396971.75742933585
0.00288	56797.187588829605	1.3293649801397075e8	439490.72596880957
0.0032	56795.46606747309	1.3293645263507542e8	482010.3690082985
0.00352	56794.11180859912	1.329364002322903e8	524530.3253526947
0.00384	56792.93364714749	1.3293635134068388e8	567050.4379301686
0.0041600000000000005	56791.654324055366	1.3293631322033738e8	609570.4640386709
0.0044800000000000005	56791.0235687952	1.3293627333839253e8	652091.1043392057
0.0048000000000000004	56789.9763930655	1.3293623973794408e8	694611.3352485105
0.00512	56789.620307566904	1.3293619740566467e8	737132.1881685953
0.00544	56789.014172177136	1.3293616588928556e8	779652.824372794
0.00576	56788.63531739698	1.3293612945631732e8	822173.6384463566
0.00608	56788.314316180644	1.3293609755886601e8	864694.5145230436
0.0064	56788.00475786101	1.3293606837377234e8	907215.3991195537
0.00672	56787.700881554294	1.3293603923264745e8	949736.2711750212
0.00704	56787.66123542349	1.3293600889988248e8	992257.3787554988
0.00736	56787.63378593842	1.3293597989294967e8	1.0347784888133835e6
0.00768	56787.68111499804	1.3293594862424886e8	1.0772996371582663e6
0.008	56787.52448051787	1.329359245936917e8	1.1198206210342075e6
0.008320000000000001	56787.70663940567	1.3293589662883483e8	1.1623418928720718e6
0.008640000000000002	56787.69795539235	1.329358715762633e8	1.2048629826639728e6
0.008960000000000003	56787.908254730966	1.3293584325224102e8	1.2473842441368485e6
0.009280000000000004	56788.02260779335	1.3293582146567003e8	1.2899054529594115e6
0.009600000000000004	56788.26067972075	1.3293579516325548e8	1.3324267269444487e6
0.009920000000000005	56788.42984410688	1.3293577260408561e8	1.3749479528525833e6
0.010240000000000006	56788.71303796089	1.3293574561499204e8	1.4174692317139714e6
0.010560000000000007	56789.02810526662	1.3293572161230566e8	1.4599905561944237e6
0.010880000000000008	56789.27457305639	1.3293569983247195e8	1.5025118214429973e6
0.011200000000000009	56789.65919411028	1.3293567602062224e8	1.5450331864421065e6
0.01152000000000001	56789.949218451955	1.3293565387373184e8	1.5875544616288475e6
0.01184000000000001	56790.25129549241	1.3293563052909921e8	1.6300757201846899e6
0.012160000000000011	56790.71657485808	1.3293560646894951e8	1.6725971161237354e6
0.012480000000000012	56791.07042378066	1.3293558521931879e8	1.715118421401992e6
0.012800000000000013	56791.483004486436	1.3293556413261113e8	1.757639772919453e6
0.013120000000000014	56791.85434633513	1.3293554348454876e8	1.8001610757345927e6
0.013440000000000014	56792.252526442455	1.3293552124849433e8	1.8426823702322526e6
0.013760000000000015	56792.72275141098	1.3293550040016375e8	1.885203740392607e6
0.014080000000000016	56793.263050785514	1.3293547708597769e8	1.9277251312775984e6
0.014400000000000017	56793.633435667456	1.3293545870135368e8	1.9702464104136892e6
0.014720000000000018	56794.139591052946	1.3293543578259268e8	2.0127677445760393e6
0.015040000000000019	56794.711950028606	1.3293541548722608e8	2.055289168410183e6
0.01536000000000002	56795.110692947324	1.3293539631752743e8	2.0978104252299275e6
0.01568000000000002	56795.64971612077	1.3293537532223748e8	2.140331778981258e6
0.01600000000000002	56796.152577442605	1.3293535384416784e8	2.1828530756428917e6
0.016320000000000022	56796.67215267632	1.3293533498062173e8	2.2253744173468943e6
0.016640000000000023	56797.187339058524	1.3293531494662811e8	2.2678957228536312e6
0.016960000000000024	56797.755418496046	1.3293529577664478e8	2.3104170818584966e6
0.017280000000000025	56798.330139012665	1.3293527545432515e8	2.3529384148449525e6
0.017600000000000025	56798.8089990692	1.3293525619120432e8	2.395459658925885e6
0.017920000000000026	56799.44327066863	1.329352356275554e8	2.4379810196930547e6
0.018240000000000027	56799.97194488232	1.3293521803669952e8	2.4805023174460107e6
0.018560000000000028	56800.52583651231	1.3293519861116673e8	2.523023594300245e6
0.01888000000000003	56801.12320671582	1.3293517812704276e8	2.565544881039144e6
0.01920000000000003	56801.66602193108	1.3293516003082152e8	2.608066146626087e6
0.01952000000000003	56802.253037003335	1.3293514130836713e8	2.650587431397051e6
0.01984000000000003	56802.891513787625	1.3293512138775851e8	2.693108730479287e6
0.020160000000000032	56803.486287750886	1.3293510224871486e8	2.7356299893382858e6
0.020480000000000033	56804.09412982748	1.3293508344004533e8	2.778151255134181e6
0.020800000000000034	56804.72392163571	1.329350655086517e8	2.8206725482440256e6
0.021120000000000035	56805.35595032929	1.3293504540459046e8	2.8631937857776135e6
0.021440000000000035	56805.90838909557	1.329350277128634e8	2.9057149838770293e6
0.021760000000000036	56806.59836833107	1.3293500926690713e8	2.94823628843574e6
0.022080000000000037	56807.176677553754	1.329349910543135e8	2.99075747669576e6
0.022400000000000038	56807.871724064404	1.3293497100233017e8	3.033278725849646e6
0.02272000000000004	56808.50162284488	1.3293495220122859e8	3.0757999264778923e6
0.02304000000000004	56809.1159052103	1.3293493555296533e8	3.1183211490150806e6
0.02336000000000004	56809.75095317588	1.3293491684746456e8	3.160842332727687e6
0.02368000000000004	56810.39647070243	1.329348984438092e8	3.2033635214316836e6
0.024000000000000042	56811.06136251409	1.3293488051409495e8	3.2458847282280982e6
0.024320000000000043	56811.731309242845	1.3293486203497724e8	3.288405914694454e6
0.024640000000000044	56812.335319903774	1.329348446896474e8	3.330927052530539e6
0.024960000000000045	56813.031829804	1.3293482603105193e8	3.3734482362903943e6
0.025280000000000045	56813.70368471359	1.3293480766365728e8	3.415969390992826e6
0.025600000000000046	56814.408641048096	1.3293478951141486e8	3.4584905712720635e6
0.025920000000000047	56815.059150573165	1.3293477120533122e8	3.5010116824595816e6
0.026240000000000048	56815.72119675342	1.3293475398831987e8	3.5435328213260705e6
0.02656000000000005	56816.33192955271	1.3293473754538742e8	3.5860539193590004e6
0.02688000000000005	56817.0674977069	1.3293471870147233e8	3.6285750634189514e6
0.02720000000000005	56817.77376988099	1.3293470048774388e8	3.671096183589981e6
0.02752000000000005	56818.44493119954	1.3293468298500706e8	3.7136172770740944e6
0.027840000000000052	56819.11006071756	1.3293466543242308e8	3.756138351675293e6
0.028160000000000053	56819.82198598687	1.3293464795933038e8	3.798659462333612e6
0.028480000000000054	56820.54230869317	1.3293462912422843e8	3.841180530721775e6
0.028800000000000055	56821.212923843406	1.3293461315982032e8	3.883701620994469e6
0.029120000000000056	56821.93267484935	1.329345941779169e8	3.9262226604563054e6
0.029440000000000056	56822.63062809575	1.3293457613873644e8	3.968743693906813e6
0.029760000000000057	56823.342868276384	1.3293455858143865e8	4.011264743568138e6
0.030080000000000058	56824.01261499414	1.3293454231813425e8	4.0537857792450213e6
0.03040000000000006	56824.75710763133	1.3293452470436938e8	4.0963068355043964e6
0.03072000000000006	56825.4452221846	1.3293450632142736e8	4.138827801739216e6
0.03104000000000006	56826.16755222894	1.3293448877136257e8	4.18134881477451e6
0.03136000000000006	56826.88555956418	1.3293447144960034e8	4.223869819087891e6
0.03168000000000006	56827.613372556094	1.3293445371576533e8	4.2663908082963675e6
0.03200000000000006	56828.334203750026	1.329344361734243e8	4.308911785058816e6
0.032320000000000064	56829.063496260715	1.3293441819779766e8	4.351432744316891e6
0.032640000000000065	56829.76718513666	1.3293440152392575e8	4.393953709325159e6
0.032960000000000066	56830.52508068446	1.3293438390084268e8	4.436474684345809e6
0.033280000000000066	56831.228002473654	1.3293436661135037e8	4.478995605560301e6
0.03360000000000007	56831.97643055549	1.3293434919065197e8	4.5215165548284035e6
0.03392000000000007	56832.70800530354	1.3293433182000192e8	4.564037477884238e6
0.03424000000000007	56833.42780122842	1.3293431399277985e8	4.606558362346105e6
0.03456000000000007	56834.17334287114	1.329342971373187e8	4.649079293377885e6
0.03488000000000007	56834.92009119244	1.329342799054982e8	4.691600201182199e6
0.03520000000000007	56835.64853166798	1.3293426277843812e8	4.734121083504384e6
0.03552000000000007	56836.37877052005	1.32934245208984e8	4.776641940419712e6
0.03584000000000007	56837.136916645046	1.3293422779158142e8	4.819162817979841e6
0.036160000000000074	56837.88453444505	1.3293421049626766e8	4.861683678174728e6
0.036480000000000075	56838.63777861915	1.329341929140041e8	4.904204521775335e6
0.036800000000000076	56839.37247755525	1.329341759993149e8	4.94672536034518e6
0.03712000000000008	56840.13498301417	1.3293415824860352e8	4.989246183360618e6
0.03744000000000008	56840.87153417509	1.3293414157880814e8	5.031767010014523e6
0.03776000000000008	56841.63010706439	1.3293412421533392e8	5.074287820525241e6
0.03808000000000008	56842.375025834626	1.3293410688200863e8	5.11680860745175e6
0.03840000000000008	56843.15096329107	1.3293408924942116e8	5.1593294011440845e6
0.03872000000000008	56843.897404903015	1.3293407217012195e8	5.201850176124518e6
0.03904000000000008	56844.6471159192	1.3293405535134383e8	5.244370953008988e6
0.03936000000000008	56845.41701063582	1.3293403792420875e8	5.286891714093965e6
0.03968000000000008	56846.180940827566	1.3293402063551007e8	5.329412463298146e6
0.040000000000000084	56846.93886709102	1.3293400379456277e8	5.371933213094929e6
0.040320000000000085	56847.71472092434	1.3293398613728206e8	5.414453935918601e6
0.040640000000000086	56848.48203712262	1.329339687830956e8	5.45697465107215e6
0.04096000000000009	56849.248223405186	1.329339516906229e8	5.4994953642641e6
0.04128000000000009	56850.015982134115	1.3293393426040703e8	5.542016053592006e6
0.04160000000000009	56850.79221691769	1.3293391751064804e8	5.584536767703664e6
0.04192000000000009	56851.54687294747	1.3293390085071935e8	5.627057453690201e6
0.04224000000000009	56852.321508401496	1.3293388328205617e8	5.669578109281952e6
0.04256000000000009	56853.112513092696	1.3293386585179661e8	5.712098774697011e6
0.04288000000000009	56853.89362635102	1.329338485401315e8	5.754619424068503e6
0.04320000000000009	56854.63643938042	1.3293383197651018e8	5.797140057530452e6
0.04352000000000009	56855.44385764682	1.329338145100113e8	5.839660702416667e6
0.043840000000000094	56856.21896069548	1.3293379733222897e8	5.88218131736639e6
0.044160000000000095	56857.01134445941	1.3293377983896405e8	5.924701923412153e6
0.044480000000000096	56857.79300521282	1.329337625767506e8	5.967222517786221e6
0.0448000000000001	56858.56172888191	1.3293374596880977e8	6.009743117566118e6
0.0451200000000001	56859.3483389493	1.3293372872272983e8	6.052263694511479e6
0.0454400000000001	56860.13059061628	1.3293371162535168e8	6.094784262512572e6
0.0457600000000001	56860.9293474652	1.3293369418996337e8	6.137304819353262e6
0.0460800000000001	56861.713456683494	1.3293367705608739e8	6.17982536444512e6
0.0464000000000001	56862.500044564404	1.3293365985827173e8	6.222345897466318e6
0.0467200000000001	56863.30117902296	1.3293364296009496e8	6.26486644684359e6
0.0470400000000001	56864.09479381849	1.3293362551099007e8	6.307386951811704e6
0.0473600000000001	56864.878418032844	1.3293360829859695e8	6.34990744679772e6
0.047680000000000104	56865.67257957589	1.3293359147177365e8	6.392427958685163e6
0.048000000000000105	56866.471099264985	1.3293357435929011e8	6.43494844973244e6
0.048320000000000106	56867.277092323944	1.3293355690844418e8	6.477468920079259e6
0.04864000000000011	56868.07288487304	1.3293353988972647e8	6.5199893900560625e6
0.04896000000000011	56868.88158118498	1.3293352258655255e8	6.562509846976597e6
0.04928000000000011	56869.67452263028	1.3293350565588918e8	6.605030295684388e6
0.04960000000000011	56870.46928642035	1.3293348838800795e8	6.647550718055023e6
0.04992000000000011	56871.27345226056	1.3293347130041912e8	6.690071146798462e6
0.05024000000000011	56872.08161348139	1.3293345431183565e8	6.732591572859857e6
0.05056000000000011	56872.86720715818	1.3293343710505415e8	6.775111955072718e6
0.05088000000000011	56873.69482466695	1.329334197242149e8	6.817632356800057e6
0.051200000000000113	56874.52059455161	1.32933402442331e8	6.860152750187473e6
0.051520000000000114	56875.3007611473	1.3293338537604666e8	6.902673099839872e6
0.051840000000000115	56876.12633479774	1.3293336786060649e8	6.945193457839458e6
0.052160000000000116	56876.928158039176	1.329333510224442e8	6.987713816916021e6
0.05248000000000012	56877.73248617388	1.32933334436771e8	7.030234180327058e6
0.05280000000000012	56878.559475080445	1.3293331658890624e8	7.072754487429062e6
0.05312000000000012	56879.37337386895	1.3293329934198348e8	7.115274802106427e6
0.05344000000000012	56880.19295018956	1.329332819716062e8	7.157795104001582e6
0.05376000000000012	56880.99400456007	1.3293326536305961e8	7.200315417684975e6
0.05408000000000012	56881.82774246575	1.3293324744484888e8	7.242835680315597e6
0.05440000000000012	56882.63472529072	1.3293323062099066e8	7.285355965178143e6
0.05472000000000012	56883.45470310291	1.329332132134595e8	7.327876219102269e6
0.055040000000000124	56884.26671806475	1.3293319619007778e8	7.3703964749798e6
0.055360000000000124	56885.11598008091	1.3293317845836097e8	7.412916715414303e6
0.055680000000000125	56885.929751760385	1.329331619175886e8	7.455436976754533e6
0.056000000000000126	56886.73311988783	1.3293314445793866e8	7.497957165709755e6
0.05632000000000013	56887.56750201507	1.3293312709095356e8	7.540477377462823e6
0.05664000000000013	56888.38706406853	1.3293310997614563e8	7.582997577869665e6
0.05696000000000013	56889.22959462584	1.329330926776338e8	7.625517777994955e6
0.05728000000000013	56890.03507340584	1.329330759194946e8	7.668037962533069e6
0.05760000000000013	56890.87665369428	1.3293305818496755e8	7.710558113612589e6
0.05792000000000013	56891.707192339905	1.329330411725325e8	7.753078284224859e6
0.05824000000000013	56892.53153630685	1.3293302376034053e8	7.7955984143018825e6
0.05856000000000013	56893.36546980667	1.3293300624469131e8	7.838118535677036e6
0.058880000000000134	56894.19367515429	1.3293298931164962e8	7.880638674221508e6
0.059200000000000134	56895.040237575704	1.329329717038257e8	7.923158778722011e6
0.059520000000000135	56895.8537390381	1.3293295481144765e8	7.9656788829018725e6
0.059840000000000136	56896.69449171857	1.3293293724001625e8	8.008198960735925e6
0.06016000000000014	56897.54391666577	1.3293291977682562e8	8.050719041448487e6
0.06048000000000014	56898.37083428042	1.3293290268501976e8	8.093239111756236e6
0.06080000000000014	56899.21006543586	1.3293288547175597e8	8.135759174776238e6
0.06112000000000014	56900.05658766358	1.3293286785373333e8	8.178279208349225e6
0.06144000000000014	56900.897972837454	1.3293285031707287e8	8.220799230282363e6
0.06176000000000014	56901.73483171592	1.3293283307483363e8	8.263319254390253e6
0.06208000000000014	56902.56655690523	1.3293281651733738e8	8.305839304621376e6
0.06240000000000014	56903.419889730874	1.3293279862832086e8	8.3483592808958525e6
0.06272000000000014	56904.2542446407	1.329327814524456e8	8.390879272115823e6
0.06304000000000014	56905.101147857145	1.3293276409707823e8	8.433399252251327e6
0.06336000000000014	56905.948603451565	1.329327467815784e8	8.475919223780764e6
0.06368000000000014	56906.79096710603	1.3293272926664367e8	8.518439166218208e6
0.06400000000000014	56907.64310487251	1.3293271201481582e8	8.560959122894391e6
0.06432000000000014	56908.48734922529	1.3293269460124126e8	8.60347905019478e6
0.06464000000000014	56909.355905643126	1.329326770161518e8	8.645998977463974e6
0.06496000000000014	56910.20161024619	1.3293265922760066e8	8.688518858338604e6
0.06528000000000014	56911.04073260419	1.3293264245875312e8	8.731038787701003e6
0.06560000000000014	56911.89948327122	1.329326248535166e8	8.773558669267876e6
0.06592000000000015	56912.74469972076	1.3293260738367563e8	8.816078535301032e6
0.06624000000000015	56913.601903509705	1.3293259005934548e8	8.858598410444487e6
0.06656000000000015	56914.46785237536	1.3293257248740001e8	8.901118265633484e6
0.06688000000000015	56915.31795980295	1.3293255497526939e8	8.943638098240688e6
0.06720000000000015	56916.16624981509	1.329325376980991e8	8.986157933190107e6
0.06752000000000015	56917.02944144708	1.3293252000555919e8	9.028677742388938e6
0.06784000000000015	56917.886044280385	1.329325028762526e8	9.071197571780033e6
0.06816000000000015	56918.74939643925	1.3293248523304926e8	9.113717360922236e6
0.06848000000000015	56919.59534974645	1.3293246777556153e8	9.15623713473067e6
0.06880000000000015	56920.46630661483	1.3293245022501235e8	9.19875691370559e6
0.06912000000000015	56921.32969820152	1.3293243284457333e8	9.24127668560639e6
0.06944000000000015	56922.19628734035	1.3293241523079275e8	9.283796432603415e6
0.06976000000000016	56923.05958539732	1.3293239780400015e8	9.326316177755792e6
0.07008000000000016	56923.92306954487	1.3293238005844262e8	9.36883588903651e6
0.07040000000000016	56924.78390595818	1.3293236267767766e8	9.411355611627508e6
0.07072000000000016	56925.65313940424	1.3293234532844648e8	9.453875332577141e6
0.07104000000000016	56926.52054767947	1.3293232758598678e8	9.496395012236493e6
0.07136000000000016	56927.394047072776	1.3293230974052045e8	9.538914678291433e6
0.07168000000000016	56928.2520347611	1.3293229248437168e8	9.581434360208694e6
0.07200000000000016	56929.12680730611	1.3293227477688637e8	9.623954013613021e6
0.07232000000000016	56930.00066865859	1.3293225711917447e8	9.666473657879021e6
0.07264000000000016	56930.86597962995	1.3293223980283542e8	9.708993307152856e6
0.07296000000000016	56931.745093221754	1.3293222184331231e8	9.75151291065931e6
0.07328000000000016	56932.61820369109	1.3293220439536549e8	9.79403253403413e6
0.07360000000000017	56933.49004954186	1.3293218695308113e8	9.836552144928688e6
0.07392000000000017	56934.35524830288	1.3293216941727689e8	9.879071731033478e6
0.07424000000000017	56935.24868404785	1.329321513481762e8	9.921591291910369e6
0.07456000000000017	56936.113691132	1.3293213388240874e8	9.964110859326739e6
0.07488000000000017	56936.99134105056	1.3293211634018138e8	1.0006630420982238e7
0.07520000000000017	56937.86640562998	1.3293209867701727e8	1.0049149959363647e7
0.07552000000000017	56938.756748025604	1.3293208077577043e8	1.009166948202462e7
0.07584000000000017	56939.63306770973	1.329320632167713e8	1.0134189005655814e7
0.07616000000000017	56940.511527109	1.3293204532665053e8	1.0176708494246932e7
0.07648000000000017	56941.39747908403	1.3293202761368714e8	1.0219227991294699e7
0.07680000000000017	56942.27948283417	1.3293200998903538e8	1.0261747479576493e7
0.07712000000000017	56943.16387663698	1.3293199206520467e8	1.0304266935147077e7
0.07744000000000018	56944.043395545916	1.329319746203645e8	1.0346786411276044e7
0.07776000000000018	56944.92416182508	1.3293195684761304e8	1.0389305851329414e7
0.07808000000000018	56945.82234418976	1.3293193902432904e8	1.043182529155519e7
0.07840000000000018	56946.70404257223	1.3293192132833916e8	1.0474344714587448e7
0.07872000000000018	56947.59140601803	1.3293190359499693e8	1.0516864128008718e7
0.07904000000000018	56948.47570982437	1.3293188580724725e8	1.0559383522394566e7
0.07936000000000018	56949.366202975136	1.3293186795141652e8	1.0601902905125547e7
0.07968000000000018	56950.256727503554	1.3293185023751874e8	1.0644422287196973e7
0.08000000000000018	56951.143242374914	1.3293183238914888e8	1.068694164291492e7
0.08032000000000018	56952.0424073691	1.329318145651052e8	1.0729461000230484e7
0.08064000000000018	56952.93604992097	1.3293179674238299e8	1.0771980340592643e7
0.08096000000000018	56953.83072973398	1.3293177872121093e8	1.0814499653863117e7
0.08128000000000019	56954.718700451034	1.3293176119370118e8	1.0857018988988535e7
0.08160000000000019	56955.6228146928	1.3293174314288788e8	1.0899538284452688e7
0.08192000000000019	56956.51980489945	1.3293172533172631e8	1.0942057580877528e7
0.08224000000000019	56957.40542805475	1.3293170748060343e8	1.0984576851610502e7
0.08256000000000019	56958.31335355847	1.3293168929696295e8	1.1027096103360375e7
0.08288000000000019	56959.20498618377	1.3293167165987289e8	1.106961537324722e7
0.08320000000000019	56960.11273524215	1.32931653673132e8	1.1112134616960278e7
0.08352000000000019	56961.01284987902	1.3293163571703975e8	1.1154653844143841e7
0.08384000000000019	56961.912338941096	1.329316177564764e8	1.1197173058311451e7
0.08416000000000019	56962.82101775252	1.3293159956675535e8	1.1239692249539055e7
0.0844800000000002	56963.7112915393	1.3293158193797806e8	1.1282211459082043e7
0.0848000000000002	56964.62662889702	1.3293156382389161e8	1.13247306385568e7
0.0851200000000002	56965.53234364392	1.3293154571487302e8	1.136724979748057e7
0.0854400000000002	56966.432536031745	1.3293152801608227e8	1.1409768974234248e7
0.0857600000000002	56967.340068878555	1.3293150978725784e8	1.145228810033983e7
0.0860800000000002	56968.24684412393	1.3293149169031484e8	1.149480722485811e7
0.0864000000000002	56969.15886762631	1.3293147371253379e8	1.1537326352304408e7
0.0867200000000002	56970.06486166895	1.3293145592314224e8	1.1579845478491787e7
0.0870400000000002	56970.978838213756	1.3293143758789918e8	1.1622364552490907e7
0.0873600000000002	56971.88116180637	1.329314196441877e8	1.1664883637739776e7
0.0876800000000002	56972.79747991333	1.3293140159908818e8	1.1707402714804951e7
0.0880000000000002	56973.711550504835	1.329313834469936e8	1.1749921768269526e7
0.0883200000000002	56974.626723057154	1.329313652436905e8	1.179244080601365e7
0.0886400000000002	56975.54634563922	1.3293134708378263e8	1.1834959839424081e7
0.0889600000000002	56976.456051238434	1.3293132904299651e8	1.1877478862185918e7
0.0892800000000002	56977.373200948576	1.3293131087854868e8	1.1919997868558422e7
0.08960000000000021	56978.29198318287	1.3293129283417982e8	1.1962516874964029e7
0.08992000000000021	56979.19982666144	1.3293127469604428e8	1.2005035850846577e7
0.09024000000000021	56980.12555987904	1.329312563962278e8	1.2047554816224981e7
0.09056000000000021	56981.04123492638	1.3293123831674255e8	1.2090073780104924e7
0.09088000000000021	56981.95679649309	1.3293122018802346e8	1.2132592727250427e7
0.09120000000000021	56982.880217593076	1.329312019322904e8	1.217511165776666e7
0.09152000000000021	56983.801089200686	1.3293118373615327e8	1.2217630579146294e7
0.09184000000000021	56984.72291232656	1.3293116561031915e8	1.2260149495611798e7
0.09216000000000021	56985.642585131674	1.329311474597748e8	1.230266839565736e7
0.09248000000000021	56986.56910901439	1.3293112906304704e8	1.2345187266948432e7
0.09280000000000022	56987.49808800126	1.3293111072483318e8	1.2387706133529982e7
0.09312000000000022	56988.42544506465	1.3293109252513528e8	1.2430224999208245e7
0.09344000000000022	56989.3519590645	1.3293107412782419e8	1.2472743833415931e7
0.09376000000000022	56990.27220378054	1.329310558684301e8	1.2515262662505988e7
0.09408000000000022	56991.20369572321	1.329310376180066e8	1.255778149035412e7
0.09440000000000022	56992.13212577149	1.3293101937333985e8	1.2600300303696409e7
0.09472000000000022	56993.06161629386	1.3293100098434934e8	1.2642819092057599e7
0.09504000000000022	56993.991171429974	1.3293098262839635e8	1.2685337871253315e7
0.09536000000000022	56994.93241896914	1.3293096415357217e8	1.2727856637348168e7
0.09568000000000022	56995.84783693645	1.329309461467826e8	1.2770375412440088e7
0.09600000000000022	56996.78847784006	1.3293092780262284e8	1.281289416583579e7
0.09632000000000022	56997.7249149567	1.3293090925605215e8	1.2855412883594122e7
0.09664000000000023	56998.65881633209	1.3293089089666173e8	1.289793160468174e7
0.09696000000000023	56999.59089720969	1.3293087241383809e8	1.2940450299809586e7
0.09728000000000023	57000.530198146	1.3293085402363022e8	1.2982968998039247e7
0.09760000000000023	57001.472612957725	1.329308353436922e8	1.3025487658430321e7
0.09792000000000023	57002.40665936793	1.3293081713207744e8	1.3068006344572337e7
0.09824000000000023	57003.33981604377	1.3293079874299213e8	1.3110525000224093e7
0.09856000000000023	57004.29020111747	1.3293078016152398e8	1.3153043640078729e7
0.09888000000000023	57005.226076690255	1.329307617971014e8	1.3195562275819644e7
0.09920000000000023	57006.170602974606	1.3293074310180245e8	1.3238080874177994e7
0.09952000000000023	57007.1090866164	1.3293072477476779e8	1.3280599491175238e7
0.09984000000000023	57008.059655726094	1.3293070623467344e8	1.3323118085449526e7
0.10016000000000023	57008.99208764074	1.3293068782371686e8	1.3365636663863655e7
0.10048000000000024	57009.94647318325	1.3293066896584518e8	1.3408155204739712e7
0.10080000000000024	57010.88761252488	1.3293065044905476e8	1.3450673755405935e7
0.10112000000000024	57011.83364233139	1.3293063201723298e8	1.349319230660705e7
0.10144000000000024	57012.778616498756	1.3293061338392751e8	1.353571082401928e7
0.10176000000000024	57013.733357366866	1.3293059474226937e8	1.3578229336824285e7
0.10208000000000024	57014.683715842984	1.3293057613113256e8	1.3620747836268174e7
0.10240000000000024	57015.62169649	1.3293055768145345e8	1.3663266328615634e7
0.10272000000000024	57016.5820252356	1.3293053890821674e8	1.370578479537166e7
0.10304000000000024	57017.53448224754	1.329305201779431e8	1.3748303246864485e7
0.10336000000000024	57018.472264255215	1.3293050188683408e8	1.3790821717994226e7
0.10368000000000024	57019.43361996385	1.3293048291103034e8	1.3833340126957903e7
0.10400000000000025	57020.38667924643	1.3293046429414904e8	1.3875858553056138e7
0.10432000000000025	57021.342551339956	1.3293044561361554e8	1.391837696250879e7
0.10464000000000025	57022.29690452641	1.3293042700595263e8	1.3960895365659352e7
0.10496000000000025	57023.25281954659	1.3293040836580127e8	1.4003413754278142e7
0.10528000000000025	57024.21190629587	1.3293038942772515e8	1.4045932101827737e7
0.10560000000000025	57025.17503808705	1.3293037056263506e8	1.4088450447968362e7
0.10592000000000025	57026.12928265757	1.3293035195656912e8	1.4130968800908873e7
0.10624000000000025	57027.08792790231	1.3293033315238748e8	1.4173487124216123e7
0.10656000000000025	57028.04889260259	1.3293031444420236e8	1.4216005447176844e7
0.10688000000000025	57029.01379981731	1.3293029561855614e8	1.4258523748516206e7
0.10720000000000025	57029.976840812524	1.3293027659501722e8	1.4301042014309358e7
0.10752000000000025	57030.938521975375	1.3293025789054175e8	1.4343560300403176e7
0.10784000000000026	57031.90415885455	1.3293023888563883e8	1.438607854504169e7
0.10816000000000026	57032.86010718118	1.3293022033314009e8	1.4428596817190455e7
0.10848000000000026	57033.840007513485	1.3293020122064416e8	1.4471115037459012e7
0.10880000000000026	57034.80339447994	1.3293018242210267e8	1.4513633264309965e7
0.10912000000000026	57035.765723308614	1.3293016352423102e8	1.4556151466731703e7
0.10944000000000026	57036.73406328652	1.329301446204863e8	1.4598669661153456e7
0.10976000000000026	57037.709876156994	1.3293012558147375e8	1.4641187834662743e7
0.11008000000000026	57038.67633904793	1.3293010683640221e8	1.4683706019398836e7
0.11040000000000026	57039.64984845229	1.3293008780887434e8	1.4726224166604945e7
0.11072000000000026	57040.616281523435	1.3293006881221709e8	1.4768742298135545e7
0.11104000000000026	57041.59323232399	1.3293004980518064e8	1.48112604250871e7
0.11136000000000026	57042.56384868883	1.329300309059387e8	1.4853778545623867e7
0.11168000000000027	57043.53630459139	1.3293001189148223e8	1.4896296642210865e7
0.11200000000000027	57044.50965097174	1.3292999286800537e8	1.4938814725786699e7
0.11232000000000027	57045.49389728395	1.3292997364690225e8	1.4981332784042837e7
0.11264000000000027	57046.468272404425	1.3292995479606283e8	1.5023850862314753e7
0.11296000000000027	57047.44580180647	1.3292993567285019e8	1.5066368899929227e7
0.11328000000000027	57048.42175915815	1.3292991666391276e8	1.5108886936230354e7
0.11360000000000027	57049.40133176579	1.3292989755483562e8	1.5151404951569838e7
0.11392000000000027	57050.37953597541	1.329298784344921e8	1.5193922951556612e7
0.11424000000000027	57051.359791553936	1.3292985931711982e8	1.5236440940836772e7
0.11456000000000027	57052.34569466955	1.3292984017343992e8	1.5278958919241201e7
0.11488000000000027	57053.321432474935	1.3292982123331974e8	1.5321476899150122e7
0.11520000000000027	57054.31144573485	1.3292980191642965e8	1.5363994835539918e7
0.11552000000000028	57055.2937718436	1.3292978264551045e8	1.5406512757444724e7
0.11584000000000028	57056.27739128427	1.3292976372985525e8	1.5449030708684748e7
0.11616000000000028	57057.26468856266	1.3292974440400639e8	1.5491548602791758e7
0.11648000000000028	57058.25148716583	1.3292972525011271e8	1.5534066503487106e7
0.11680000000000028	57059.24732317412	1.3292970570725925e8	1.5576584353843745e7
0.11712000000000028	57060.22989809884	1.32929686731681e8	1.561910224578695e7
0.11744000000000028	57061.21192941315	1.3292966765908974e8	1.5661620113083959e7
0.11776000000000028	57062.2063355646	1.3292964817171669e8	1.5704137929618884e7
0.11808000000000028	57063.199383339816	1.3292962890997875e8	1.5746655758490482e7
0.11840000000000028	57064.186633433805	1.3292960969071123e8	1.5789173574316282e7
0.11872000000000028	57065.18886529633	1.3292959021321642e8	1.58316913597563e7
0.11904000000000028	57066.1819065848	1.3292957087065883e8	1.587420914005569e7
0.11936000000000029	57067.171445637556	1.329295516935434e8	1.5916726924003266e7
0.11968000000000029	57068.161625534296	1.3292953237326424e8	1.5959244678474491e7
0.12000000000000029	57069.166321293094	1.3292951282582718e8	1.6001762405462038e7
0.12032000000000029	57070.161165840764	1.3292949360710861e8	1.6044280150181713e7
0.12064000000000029	57071.15967951533	1.3292947424768959e8	1.608679786821709e7
0.12096000000000029	57072.15738050224	1.3292945476424477e8	1.6129315557506843e7
0.12128000000000029	57073.164081668685	1.3292943526488459e8	1.6171833239667086e7
0.12160000000000029	57074.15931473389	1.3292941599452443e8	1.6214350926476274e7
0.12192000000000029	57075.160319336836	1.3292939652133192e8	1.6256868580654029e7
0.12224000000000029	57076.162129690056	1.3292937702693884e8	1.6299386219843999e7
0.1225600000000003	57077.163304500966	1.3292935764914462e8	1.6341903859649105e7
0.1228800000000003	57078.16905629091	1.3292933796968836e8	1.6384421453357998e7
0.1232000000000003	57079.17346619763	1.3292931854422802e8	1.6426939063944092e7
0.1235200000000003	57080.18164969486	1.3292929896443532e8	1.6469456645699415e7
0.1238400000000003	57081.193078232536	1.3292927930100061e8	1.651197420676338e7
0.1241600000000003	57082.19786138219	1.3292925980633211e8	1.6554491769729147e7
0.1244800000000003	57083.20408403395	1.3292924032440056e8	1.6597009322421076e7
0.1248000000000003	57084.21119921911	1.3292922077176397e8	1.6639526853957739e7
0.1251200000000003	57085.224723181644	1.3292920108458039e8	1.6682044361108555e7
0.12544000000000027	57086.232898629474	1.3292918155834201e8	1.6724561870522283e7
0.12576000000000026	57087.241491945475	1.329291620153727e8	1.6767079365055222e7
0.12608000000000025	57088.257237872844	1.3292914234014836e8	1.680959683601126e7
0.12640000000000023	57089.27390581744	1.3292912255424838e8	1.6852114280541148e7
0.12672000000000022	57090.2850080859	1.3292910284675562e8	1.689463171683276e7
0.1270400000000002	57091.301887429254	1.3292908326005031e8	1.693714916025247e7
0.1273600000000002	57092.318052645416	1.3292906347769143e8	1.6979666564944267e7
0.12768000000000018	57093.335022349114	1.3292904387396054e8	1.7022183979834e7
0.12800000000000017	57094.35185832892	1.3292902398016971e8	1.7064701344282206e7
0.12832000000000016	57095.37055556286	1.3292900441476469e8	1.71072187391085e7
0.12864000000000014	57096.39063437174	1.3292898456786157e8	1.7149736085752897e7
0.12896000000000013	57097.41123739682	1.3292896491578828e8	1.7192253444624297e7
0.12928000000000012	57098.43248348721	1.3292894501642928e8	1.7234770758856013e7
0.1296000000000001	57099.457317072956	1.329289252005895e8	1.7277288073645193e7
0.1299200000000001	57100.47783013424	1.3292890542213567e8	1.731980537619432e7
0.13024000000000008	57101.5083221244	1.3292888542618503e8	1.7362322645784598e7
0.13056000000000006	57102.528486648844	1.3292886570108528e8	1.7404839928301137e7
0.13088000000000005	57103.55261195312	1.3292884592314194e8	1.7447357194066927e7
0.13120000000000004	57104.58054801579	1.3292882597020727e8	1.7489874426871315e7
0.13152000000000003	57105.6049974063	1.3292880617005956e8	1.7532391663314383e7
0.13184	57106.63938226521	1.329287861087478e8	1.757490886062342e7
0.13216	57107.666931374086	1.329287662971332e8	1.761742607149885e7
0.13248	57108.697974875395	1.329287462312254e8	1.7659943238379903e7
0.13279999999999997	57109.72401257465	1.3292872637247777e8	1.770246041492875e7
0.13311999999999996	57110.763934977615	1.3292870633836362e8	1.7744977566802915e7
0.13343999999999995	57111.78886312869	1.3292868648850608e8	1.778749471678348e7
0.13375999999999993	57112.831204022485	1.3292866635008095e8	1.7830011829888992e7
0.13407999999999992	57113.863325998835	1.3292864625488524e8	1.787252892638625e7
0.1343999999999999	57114.89559547652	1.329286263346497e8	1.791504603300435e7
0.1347199999999999	57115.92717231986	1.3292860644351223e8	1.795756312953362e7
0.13503999999999988	57116.97097693523	1.3292858613080242e8	1.8000080166319754e7
0.13535999999999987	57118.01336200475	1.3292856615432674e8	1.8042597233722974e7
0.13567999999999986	57119.04968737494	1.329285460029629e8	1.808511425870778e7
0.13599999999999984	57120.08515520807	1.3292852596501474e8	1.8127631284816083e7
0.13631999999999983	57121.12918018027	1.3292850583530168e8	1.817014829231864e7
0.13663999999999982	57122.17545254233	1.3292848554324953e8	1.82126652660283e7
0.1369599999999998	57123.21859351819	1.3292846534104173e8	1.8255182235684e7
0.1372799999999998	57124.257276271586	1.3292844528247932e8	1.829769920761612e7
0.13759999999999978	57125.307125101266	1.3292842508120285e8	1.8340216156038173e7
0.13791999999999977	57126.35108365155	1.329284048650775e8	1.838273308373365e7
0.13823999999999975	57127.39648794085	1.3292838466622481e8	1.842525000145633e7
0.13855999999999974	57128.443593324715	1.3292836445134297e8	1.846776690482708e7
0.13887999999999973	57129.487509774495	1.329283442206938e8	1.8510283789654333e7
0.1391999999999997	57130.54107648185	1.3292832390245084e8	1.855280065697976e7
0.1395199999999997	57131.58941910579	1.32928303640493e8	1.8595317513984896e7
0.1398399999999997	57132.63870984508	1.3292828337825766e8	1.863783435812817e7
0.14015999999999967	57133.69215918681	1.3292826295993935e8	1.8680351170331214e7
0.14047999999999966	57134.74136091806	1.3292824273020767e8	1.8722867991634063e7
0.14079999999999965	57135.7998221052	1.3292822234288205e8	1.87653847850849e7
0.14111999999999963	57136.848303276965	1.3292820205812368e8	1.8807901570713084e7
0.14143999999999962	57137.908188378795	1.3292818161199537e8	1.885041832965479e7
0.1417599999999996	57138.96371359721	1.3292816121806325e8	1.8892935078490153e7
0.1420799999999996	57140.02118511271	1.3292814086874597e8	1.8935451821606506e7
0.14239999999999958	57141.07897019995	1.3292812044383161e8	1.897796854052641e7
0.14271999999999957	57142.14261572872	1.3292809985569584e8	1.9020485227426466e7
0.14303999999999956	57143.1994346291	1.329280794585586e8	1.9063001921939664e7
0.14335999999999954	57144.25923692142	1.3292805899770047e8	1.9105518596142996e7
0.14367999999999953	57145.32147307842	1.3292803850136615e8	1.9148035253560055e7
0.14399999999999952	57146.38354848217	1.3292801807009292e8	1.9190551906410817e7
0.1443199999999995	57147.44962837644	1.3292799738160527e8	1.9233068511811215e7
0.1446399999999995	57148.51430985167	1.3292797687622155e8	1.9275585128576692e7
0.14495999999999948	57149.5734580003	1.329279564637182e8	1.9318101740270052e7
0.14527999999999947	57150.64765727686	1.3292793568755002e8	1.9360618298252825e7
0.14559999999999945	57151.70917847834	1.3292791528574356e8	1.940313488592628e7
0.14591999999999944	57152.776962793076	1.329278947002147e8	1.9445651438403636e7
0.14623999999999943	57153.84599354538	1.3292787402017039e8	1.948816796426509e7
0.1465599999999994	57154.91572906737	1.3292785350025415e8	1.9530684500276987e7
0.1468799999999994	57155.99255770571	1.3292783258333088e8	1.957320097021039e7
0.1471999999999994	57157.06169371697	1.3292781200738513e8	1.9615717469699413e7
0.14751999999999937	57158.1343285027	1.3292779133249405e8	1.96582339437218e7
0.14783999999999936	57159.206799282336	1.329277706362389e8	1.9700750400527548e7
0.14815999999999935	57160.28267195567	1.3292774991746557e8	1.974326684296289e7
0.14847999999999933	57161.35431422441	1.3292772926265976e8	1.978578327734528e7
0.14879999999999932	57162.44001931921	1.3292770830253045e8	1.9828299664360885e7
0.1491199999999993	57163.51313968323	1.3292768765213816e8	1.9870816072747044e7
0.1494399999999993	57164.58938644847	1.3292766689115211e8	1.9913332453362215e7
0.14975999999999928	57165.666170963996	1.3292764609546147e8	1.9955848815261412e7
0.15007999999999927	57166.7481506338	1.3292762521308488e8	1.9998365154567868e7
0.15039999999999926	57167.83360263192	1.3292760437142053e8	2.0040881488890346e7
0.15071999999999924	57168.91368594545	1.329275835819344e8	2.0083397812484253e7
0.15103999999999923	57169.99436309274	1.3292756269159336e8	2.0125914107352648e7
0.15135999999999922	57171.0800967397	1.3292754178686005e8	2.016843039027233e7
0.1516799999999992	57172.16150223856	1.3292752094106501e8	2.0210946664386213e7
0.1519999999999992	57173.24995657265	1.3292749998702128e8	2.02534629139903e7
0.15231999999999918	57174.335346845095	1.3292747909343247e8	2.029597915609834e7
0.15263999999999917	57175.423386018	1.3292745809498695e8	2.0338495370379075e7
0.15295999999999915	57176.512593657404	1.3292743712159628e8	2.0381011575346585e7
0.15327999999999914	57177.6014255015	1.3292741611812435e8	2.0423527761264984e7
0.15359999999999913	57178.695658449775	1.3292739498283644e8	2.0466043917368874e7
0.1539199999999991	57179.78425054146	1.3292737408840147e8	2.0508560091545332e7
0.1542399999999991	57180.877744940815	1.3292735301379126e8	2.0551076228008606e7
0.1545599999999991	57181.97344402167	1.329273318808743e8	2.0593592343136325e7
0.15487999999999907	57183.0669648253	1.329273108103365e8	2.0636108451858107e7
0.15519999999999906	57184.15893789442	1.3292728978246486e8	2.0678624551709153e7
0.15551999999999905	57185.25532809351	1.3292726871745205e8	2.0721140635357484e7
0.15583999999999903	57186.355309345905	1.3292724762000121e8	2.07636567027988e7
0.15615999999999902	57187.45055499891	1.3292722646411367e8	2.080617274291219e7
0.156479999999999	57188.54935485912	1.3292720533269256e8	2.084868877561141e7
0.156799999999999	57189.64729884157	1.3292718416977565e8	2.089120478842307e7
0.15711999999999898	57190.75108382146	1.329271628735294e8	2.0933720770962335e7
0.15743999999999897	57191.853758009216	1.3292714166786054e8	2.0976236752490174e7
0.15775999999999896	57192.9549042579	1.3292712049423772e8	2.1018752723509368e7
0.15807999999999894	57194.061657299215	1.3292709920476021e8	2.1061268666678865e7
0.15839999999999893	57195.165191380176	1.3292707791034481e8	2.110378459202354e7
0.15871999999999892	57196.27201728433	1.3292705669321027e8	2.1146300518068895e7
0.1590399999999989	57197.378049971885	1.3292703532726611e8	2.118881640549316e7
0.1593599999999989	57198.48574825903	1.3292701403785782e8	2.123133229213229e7
0.15967999999999888	57199.59408686934	1.3292699268147111e8	2.1273848154280238e7
0.15999999999999887	57200.70082875264	1.3292697138653383e8	2.1316364010541413e7
0.16031999999999885	57201.81409421336	1.3292694998045367e8	2.135887984012481e7
0.16063999999999884	57202.925163387925	1.3292692862817256e8	2.140139566209463e7
0.16095999999999883	57204.03881879812	1.3292690719155183e8	2.1443911458282553e7
0.1612799999999988	57205.15039024875	1.3292688572613725e8	2.1486427233646568e7
0.1615999999999988	57206.265398393436	1.3292686434554109e8	2.1528943011149295e7
0.1619199999999988	57207.38172374428	1.3292684286142467e8	2.1571458758596756e7
0.16223999999999877	57208.49543148753	1.3292682143381342e8	2.1613974498554412e7
0.16255999999999876	57209.61324309025	1.3292679992949024e8	2.165649021505206e7
0.16287999999999875	57210.73185497336	1.3292677844133393e8	2.169900592037474e7
0.16319999999999873	57211.850323898696	1.3292675690745555e8	2.1741521603647616e7
0.16351999999999872	57212.9727087456	1.3292673534711377e8	2.1784037271371286e7
0.1638399999999987	57214.091862266105	1.3292671377893929e8	2.1826552920592792e7
0.1641599999999987	57215.213546535226	1.3292669220210281e8	2.186906855598776e7
0.16447999999999868	57216.33750087349	1.3292667061872631e8	2.191158417767666e7
0.16479999999999867	57217.46489884889	1.3292664890867919e8	2.1954099766833674e7
0.16511999999999866	57218.58438386431	1.3292662742945814e8	2.1996615372882348e7
0.16543999999999864	57219.714382534665	1.329266056770919e8	2.203913092805299e7
0.16575999999999863	57220.83969754244	1.3292658401631626e8	2.208164647985368e7
0.16607999999999862	57221.968011963756	1.3292656237407564e8	2.2124162022650834e7
0.1663999999999986	57223.09856384106	1.3292654068681331e8	2.2166677545248367e7
0.1667199999999986	57224.2255287941	1.3292651888664925e8	2.220919303143061e7
0.16703999999999858	57225.35784705615	1.329264971929523e8	2.2251708525182847e7
0.16735999999999857	57226.489966033114	1.3292647536499165e8	2.229422398169013e7
0.16767999999999855	57227.62455388897	1.3292645357293725e8	2.2336739431578618e7
0.16799999999999854	57228.75490826996	1.3292643188377857e8	2.237925488055829e7
0.16831999999999853	57229.89075848814	1.3292641006929389e8	2.242177029840937e7
0.1686399999999985	57231.02544505108	1.329263882451025e8	2.2464285698967885e7
0.1689599999999985	57232.16688991901	1.3292636626386163e8	2.2506801063914057e7
0.1692799999999985	57233.3013332328	1.3292634447948763e8	2.254931644157101e7
0.16959999999999847	57234.44036203191	1.3292632265595132e8	2.259183180172577e7
0.16991999999999846	57235.581251428266	1.329263006898671e8	2.26343471245072e7
0.17023999999999845	57236.723364814025	1.3292627877156287e8	2.2676862441649843e7
0.17055999999999844	57237.864923571615	1.3292625684268981e8	2.2719377741771173e7
0.17087999999999842	57239.00698284801	1.3292623487722556e8	2.2761893021289714e7
0.1711999999999984	57240.149962124364	1.329262129056334e8	2.2804408285732836e7
0.1715199999999984	57241.294779239404	1.3292619091812423e8	2.2846923534175158e7
0.17183999999999838	57242.44148314139	1.3292616887526251e8	2.2889438759863574e7
0.17215999999999837	57243.58787948097	1.3292614681024595e8	2.2931953966641873e7
0.17247999999999836	57244.737061722284	1.3292612470786881e8	2.297446915442631e7
0.17279999999999834	57245.886084987906	1.3292610270691264e8	2.3016984344723787e7
0.17311999999999833	57247.03465816515	1.3292608060396215e8	2.3059499502175853e7
0.17343999999999832	57248.18710051357	1.3292605847676082e8	2.3102014643738974e7
0.1737599999999983	57249.33912814314	1.3292603638376349e8	2.3144529776003756e7
0.1740799999999983	57250.49108872719	1.3292601424211933e8	2.3187044884867907e7
0.17439999999999828	57251.644246453965	1.32925992135705e8	2.3229559985956598e7
0.17471999999999827	57252.79811104349	1.3292596993930954e8	2.3272075057021014e7
0.17503999999999825	57253.95784522213	1.3292594768540159e8	2.3314590107916456e7
0.17535999999999824	57255.11319676265	1.3292592542343415e8	2.3357105138799757e7
0.17567999999999823	57256.27137249162	1.3292590326534095e8	2.3399620175272636e7
0.1759999999999982	57257.42955802483	1.3292588096879278e8	2.3442135172463104e7
0.1763199999999982	57258.59085678418	1.3292585866744684e8	2.3484650156360902e7
0.1766399999999982	57259.75380155565	1.3292583637202108e8	2.352716512764361e7
0.17695999999999817	57260.91314090368	1.3292581410008816e8	2.356968008510285e7
0.17727999999999816	57262.0765198083	1.3292579173607166e8	2.3612195014564916e7
0.17759999999999815	57263.2375680784	1.3292576947403057e8	2.365470994516357e7
0.17791999999999814	57264.40597032566	1.3292574698757757e8	2.369722482688964e7
0.17823999999999812	57265.5726999239	1.3292572466425145e8	2.3739739721177816e7
0.1785599999999981	57266.739227585575	1.329257022788935e8	2.378225458919008e7
0.1788799999999981	57267.90437317407	1.3292567987969469e8	2.3824769438518435e7
0.17919999999999808	57269.07902810016	1.3292565729702902e8	2.3867284247693613e7
0.17951999999999807	57270.247342397255	1.3292563485243694e8	2.3909799061248712e7
0.17983999999999806	57271.42071149767	1.329256123829186e8	2.3952313859354567e7
0.18015999999999804	57272.59318006065	1.3292558985453302e8	2.399482863098515e7
0.18047999999999803	57273.76417960903	1.329255673402196e8	2.4037343388783045e7
0.18079999999999802	57274.939896280994	1.329255447787433e8	2.407985812675956e7
0.181119999999998	57276.114840590526	1.3292552224613482e8	2.4122372854140338e7
0.181439999999998	57277.292079953484	1.3292549964677712e8	2.416488755611594e7
0.18175999999999798	57278.470034945014	1.3292547699740008e8	2.4207402234368563e7
0.18207999999999797	57279.645730374636	1.3292545447453523e8	2.424991691855889e7
0.18239999999999795	57280.82683545889	1.3292543183075117e8	2.4292431569949415e7
0.18271999999999794	57282.00724164585	1.3292540914261067e8	2.4334946197416e7
0.18303999999999793	57283.18959028438	1.3292538644821876e8	2.4377460810049366e7
0.1833599999999979	57284.37423647489	1.3292536375000656e8	2.4419975408577397e7
0.1836799999999979	57285.554907002246	1.3292534106688997e8	2.4462489991347753e7
0.1839999999999979	57286.74018752872	1.3292531829535212e8	2.450500454633753e7
0.18431999999999787	57287.92435098003	1.3292529560836112e8	2.4547519100667447e7
0.18463999999999786	57289.11368671609	1.3292527276295145e8	2.459003361468667e7
0.18495999999999785	57290.3030444949	1.3292524994770977e8	2.46325481189215e7
0.18527999999999784	57291.489971150804	1.3292522715734002e8	2.4675062610420965e7
0.18559999999999782	57292.6813697019	1.329252042789022e8	2.4717577073871445e7
0.1859199999999978	57293.8718383915	1.3292518143036532e8	2.476009152671943e7
0.1862399999999978	57295.06335718354	1.329251585523417e8	2.4802605959545366e7
0.18655999999999778	57296.25703472686	1.3292513568167748e8	2.4845120380095784e7
0.18687999999999777	57297.45110590646	1.3292511282394433e8	2.4887634787981655e7
0.18719999999999776	57298.64874568452	1.3292508980211547e8	2.4930149152656212e7
0.18751999999999774	57299.843373877906	1.3292506689870693e8	2.4972663521589633e7
0.18783999999999773	57301.041422330105	1.3292504389826512e8	2.501517785965138e7
0.18815999999999772	57302.24119185747	1.329250208705732e8	2.5057692178495944e7
0.1884799999999977	57303.4392561226	1.3292499787832119e8	2.5100206487130802e7
0.1887999999999977	57304.64074482617	1.3292497487511021e8	2.5142720780992705e7
0.18911999999999768	57305.840348484366	1.3292495179137003e8	2.518523504260537e7
0.18943999999999767	57307.045343718026	1.329249287480898e8	2.5227749300711628e7
0.18975999999999765	57308.250723009325	1.3292490561550295e8	2.5270263526663337e7
0.19007999999999764	57309.4515901845	1.3292488260443208e8	2.5312777756482057e7
0.19039999999999763	57310.65992334194	1.3292485943106909e8	2.5355291945949174e7
0.1907199999999976	57311.866893887476	1.3292483627201024e8	2.539780612143736e7
0.1910399999999976	57313.076183478464	1.3292481308457103e8	2.5440320277785517e7
0.1913599999999976	57314.28479229077	1.329247898992755e8	2.5482834418379474e7
0.19167999999999757	57315.49321392354	1.3292476669743246e8	2.552534854003821e7
0.19199999999999756	57316.7072980906	1.329247434017288e8	2.5567862632628463e7
0.19231999999999755	57317.917389518276	1.3292472019585663e8	2.561037672358399e7
0.19263999999999754	57319.13100863308	1.329246969839898e8	2.5652890800606597e7
0.19295999999999752	57320.34572983678	1.3292467367045501e8	2.5695404843268476e7
0.1932799999999975	57321.56410061206	1.3292465026528186e8	2.5737918855464593e7
0.1935999999999975	57322.77907385277	1.329246269833299e8	2.5780432873017494e7
0.19391999999999748	57323.99811238689	1.3292460359820731e8	2.5822946858162463e7
0.19423999999999747	57325.214979494056	1.3292458025084159e8	2.586546083314501e7
0.19455999999999746	57326.43721130479	1.3292455682087474e8	2.5907974780656524e7
0.19487999999999744	57327.658036846835	1.3292453344399317e8	2.5950488721603673e7
0.19519999999999743	57328.881023348	1.329245099564977e8	2.59930026269556e7
0.19551999999999742	57330.10391241388	1.3292448648827253e8	2.603551652018216e7
0.1958399999999974	57331.32926100143	1.3292446302550666e8	2.6078030400653407e7
0.1961599999999974	57332.55406924951	1.3292443950409244e8	2.6120544253385454e7
0.19647999999999738	57333.78136893268	1.3292441600362436e8	2.6163058096397333e7
0.19679999999999737	57335.00722578937	1.3292439252665544e8	2.6205571927049194e7
0.19711999999999735	57336.237243669915	1.3292436891947126e8	2.6248085719564024e7
0.19743999999999734	57337.46693071745	1.3292434533818503e8	2.6290599501030814e7
0.19775999999999733	57338.7003941639	1.3292432170129529e8	2.6333113258652013e7
0.1980799999999973	57339.93109190885	1.3292429806983797e8	2.6375626999214374e7
0.1983999999999973	57341.16335993564	1.3292427446309748e8	2.6418140730027504e7
0.1987199999999973	57342.39965402546	1.3292425079059698e8	2.6460654435101848e7
0.19903999999999727	57343.63241239214	1.3292422715945286e8	2.6503168129634164e7
0.19935999999999726	57344.87134598559	1.3292420334299469e8	2.6545681776253507e7
0.19967999999999725	57346.10729743579	1.3292417968726148e8	2.658819543654429e7
0.19999999999999724	57347.344786501155	1.3292415596197677e8	2.6630709068224188e7
0.20031999999999722	57348.58414098619	1.329241322133021e8	2.6673222680734172e7
0.2006399999999972	57349.82406052824	1.3292410843000889e8	2.6715736270757634e7
0.2009599999999972	57351.065477305645	1.329240846784641e8	2.675824985234276e7
0.20127999999999718	57352.30945393299	1.3292406080367732e8	2.680076339517084e7
0.20159999999999717	57353.552334167616	1.3292403703007875e8	2.6843276941447098e7
0.20191999999999716	57354.79576374098	1.329240131879847e8	2.688579045832062e7
0.20223999999999714	57356.04047228978	1.3292398936059988e8	2.6928303963134512e7
0.20255999999999713	57357.28822336064	1.329239654395115e8	2.6970817435347904e7
0.20287999999999712	57358.53378001102	1.3292394152561927e8	2.7013330891163975e7
0.2031999999999971	57359.78330537055	1.3292391761863546e8	2.705584433544406e7
0.2035199999999971	57361.032520578236	1.3292389367527339e8	2.7098357755973246e7
0.20383999999999708	57362.2810669459	1.3292386976369314e8	2.714087116632508e7
0.20415999999999707	57363.53368600596	1.3292384575814809e8	2.7183384544631794e7
0.20447999999999705	57364.78523501646	1.329238217893331e8	2.72258979134326e7
0.20479999999999704	57366.039442241694	1.3292379774693e8	2.7268411253135342e7
0.20511999999999703	57367.293043340724	1.3292377372167836e8	2.7310924579684563e7
0.20543999999999701	57368.55013098062	1.3292374964663127e8	2.7353437882595602e7
0.205759999999997	57369.804676080406	1.3292372562829486e8	2.739595117894348e7
0.206079999999997	57371.062913914684	1.3292370150741942e8	2.743846444091721e7
0.20639999999999697	57372.32098360283	1.3292367742019194e8	2.74809776934598e7
0.20671999999999696	57373.579250099094	1.3292365335263833e8	2.752349093400451e7
0.20703999999999695	57374.840479441744	1.3292362915725733e8	2.756600413422473e7
0.20735999999999694	57376.10335611531	1.3292360494449331e8	2.7608517315853916e7
0.20767999999999692	57377.367470337085	1.3292358077909672e8	2.7651030491996497e7
0.2079999999999969	57378.62938972079	1.3292355656452622e8	2.76935436398977e7
0.2083199999999969	57379.89525802169	1.329235323682288e8	2.773605677842688e7
0.20863999999999688	57381.16076508564	1.3292350810956801e8	2.7778569887362916e7
0.20895999999999687	57382.426988823085	1.329234838790904e8	2.782108298641955e7
0.20927999999999686	57383.69775725732	1.3292345955415876e8	2.7863596052984547e7
0.20959999999999684	57384.965321314674	1.3292343524810275e8	2.7906109104591887e7
0.20991999999999683	57386.237310436816	1.3292341086153266e8	2.7948622126426745e7
0.21023999999999682	57387.50849523369	1.3292338655716988e8	2.799113514848817e7
0.2105599999999968	57388.7796179078	1.3292336217816421e8	2.8033648138415396e7
0.2108799999999968	57390.054068271595	1.3292333782381566e8	2.8076161119752176e7
0.21119999999999678	57391.32821362134	1.3292331340396094e8	2.8118674070611026e7
0.21151999999999677	57392.60388934728	1.3292328896646021e8	2.816118700249991e7
0.21183999999999675	57393.8809416389	1.3292326449934286e8	2.8203699912743323e7
0.21215999999999674	57395.15825141991	1.3292324003373833e8	2.8246212807034288e7
0.21247999999999673	57396.43723161503	1.3292321553855562e8	2.8288725679880504e7
0.21279999999999671	57397.71549452191	1.329231910756749e8	2.8331238542540472e7
0.2131199999999967	57398.99955012352	1.3292316649715342e8	2.8373751368638895e7
0.2134399999999967	57400.2818950037	1.3292314193088599e8	2.84162641794552e7
0.21375999999999667	57401.56411391644	1.3292311738672146e8	2.8458776978354067e7
0.21407999999999666	57402.85000574189	1.3292309277150038e8	2.850128974839887e7
0.21439999999999665	57404.134511593504	1.3292306814237253e8	2.8543802497796535e7
0.21471999999999664	57405.42028380033	1.3292304357938044e8	2.858631524580458e7
0.21503999999999662	57406.7084509385	1.32923018877174e8	2.86288279492127e7
0.2153599999999966	57407.99757292282	1.3292299419724213e8	2.867134064153323e7
0.2156799999999966	57409.286474945686	1.3292296949621694e8	2.871385331251165e7
0.21599999999999658	57410.57942750567	1.3292294475266804e8	2.875636596084701e7
0.21631999999999657	57411.870537245035	1.329229200116456e8	2.879887859162135e7
0.21663999999999656	57413.16571572136	1.3292289522528552e8	2.884139119910046e7
0.21695999999999654	57414.46041433231	1.329228704217952e8	2.8883903785795067e7
0.21727999999999653	57415.75448245594	1.329228456560595e8	2.8926416363496654e7
0.21759999999999652	57417.050922836075	1.3292282083826426e8	2.8968928915047865e7
0.2179199999999965	57418.350902075275	1.3292279597171505e8	2.9011441442029174e7
0.2182399999999965	57419.65063314907	1.3292277105156848e8	2.905395394037281e7
0.21855999999999648	57420.94941016976	1.3292274619151329e8	2.9096466434323758e7
0.21887999999999647	57422.25103587846	1.3292272126774615e8	2.913897889981295e7
0.21919999999999645	57423.552581999465	1.3292269632446228e8	2.9181491344177686e7
0.21951999999999644	57424.857497571444	1.329226713576084e8	2.9224003769201428e7
0.21983999999999643	57426.16191775466	1.3292264637373242e8	2.9266516173282616e7
0.22015999999999641	57427.46909094263	1.3292262133675317e8	2.930902855099498e7
0.2204799999999964	57428.77359528522	1.3292259634898318e8	2.935154092061633e7
0.2207999999999964	57430.08380224103	1.3292257127174027e8	2.939405325809848e7
0.22111999999999638	57431.39205986765	1.3292254623604989e8	2.943656558636246e7
0.22143999999999636	57432.703296138054	1.3292252113715354e8	2.9479077886089038e7
0.22175999999999635	57434.01520170533	1.3292249600802073e8	2.9521590162728764e7
0.22207999999999634	57435.32903329473	1.329224708369239e8	2.9564102414625153e7
0.22239999999999632	57436.64124986206	1.32922445706719e8	2.960661465740971e7
0.2227199999999963	57437.95721917335	1.3292242050299428e8	2.9649126869813714e7
0.2230399999999963	57439.27304979817	1.3292239532412465e8	2.9691639070681043e7
0.22335999999999628	57440.591090764734	1.3292237007462043e8	2.973415124053146e7
0.22367999999999627	57441.9104450554	1.3292234482257748e8	2.9776663393830337e7
0.22399999999999626	57443.22885309323	1.3292231956593342e8	2.981917552835859e7
0.22431999999999624	57444.55136900273	1.3292229424837026e8	2.9861687635399826e7
0.22463999999999623	57445.87563849407	1.3292226888521479e8	2.990419971650921e7
0.22495999999999622	57447.19729879532	1.3292224359795691e8	2.9946711795590345e7
0.2252799999999962	57448.52139693532	1.3292221821680209e8	2.9989223838377304e7
0.2255999999999962	57449.848338319476	1.3292219285825486e8	3.0031735871374987e7
0.22591999999999618	57451.17599260583	1.3292216740080862e8	3.0074247865502533e7
0.22623999999999617	57452.5024843069	1.3292214201036583e8	3.0116759856746916e7
0.22655999999999615	57453.832075291975	1.3292211649909173e8	3.0159271805914026e7
0.22687999999999614	57455.16089218809	1.3292209104910791e8	3.020178375121006e7
0.22719999999999613	57456.49625535692	1.329220654974565e8	3.0244295661327742e7
0.22751999999999611	57457.828964500215	1.3292203999075323e8	3.0286807562414158e7
0.2278399999999961	57459.16181183965	1.3292201448230463e8	3.0329319446032397e7
0.2281599999999961	57460.498171742096	1.329219888829891e8	3.0371831294451147e7
0.22847999999999608	57461.833197128246	1.3292196332451873e8	3.0414343133933764e7
0.22879999999999606	57463.17146761138	1.3292193771049821e8	3.045685494599729e7
0.22911999999999605	57464.509088974344	1.3292191204758635e8	3.049936672910897e7
0.22943999999999604	57465.85185089586	1.3292188636769003e8	3.0541878495004497e7
0.22975999999999602	57467.192598486705	1.3292186064868633e8	3.05843902330687e7
0.230079999999996	57468.53515936317	1.3292183494419993e8	3.062690195855089e7
0.230399999999996	57469.87865053705	1.3292180922994389e8	3.0669413665187992e7
0.23071999999999598	57471.22368816091	1.3292178342497537e8	3.0711925334768612e7
0.23103999999999597	57472.57014979963	1.3292175767655598e8	3.075443700113335e7
0.23135999999999596	57473.918069310006	1.3292173186152527e8	3.0796948635866743e7
0.23167999999999594	57475.26908730607	1.3292170598389581e8	3.0839460241093602e7
0.23199999999999593	57476.617554708726	1.32921680164562e8	3.0881971840459857e7
0.23231999999999592	57477.96777829075	1.3292165427326836e8	3.0924483407069203e7
0.2326399999999959	57479.3203664945	1.3292162839306231e8	3.0966994960637905e7
0.2329599999999959	57480.67471237159	1.32921602463619e8	3.1009506486655515e7
0.23327999999999588	57482.029035955966	1.329215765290219e8	3.105201799399213e7
0.23359999999999587	57483.3852843968	1.3292155053405638e8	3.109452947123698e7
0.23391999999999585	57484.74314761648	1.329215245323727e8	3.1137040930642597e7
0.23423999999999584	57486.10089535698	1.329214985262455e8	3.1179552371408824e7
0.23455999999999583	57487.461440665786	1.3292147248636484e8	3.1222063788886327e7
0.23487999999999581	57488.82132641566	1.3292144640808624e8	3.1264575179304007e7
0.2351999999999958	57490.184243073345	1.3292142030180046e8	3.1307086547892015e7
0.2355199999999958	57491.54740620122	1.329213941668773e8	3.1349597892343476e7
0.23583999999999578	57492.91286868809	1.3292136805666566e8	3.1392109226781204e7
0.23615999999999576	57494.28028258567	1.3292134183956914e8	3.1434620519883133e7
0.23647999999999575	57495.6463778744	1.329213157026719e8	3.147713181328972e7
0.23679999999999574	57497.01622410621	1.3292128945524824e8	3.1519643065784454e7
0.23711999999999572	57498.38456616681	1.3292126322995746e8	3.156215430470478e7
0.2374399999999957	57499.7568096057	1.3292123693214355e8	3.160466551172033e7
0.2377599999999957	57501.127358892685	1.3292121067254382e8	3.164717670882149e7
0.23807999999999568	57502.50396743567	1.3292118430485642e8	3.1689687867122512e7
0.23839999999999567	57503.87896654919	1.3292115794116156e8	3.1732199007393263e7
0.23871999999999566	57505.25338650241	1.3292113162854479e8	3.1774710141663715e7
0.23903999999999564	57506.6317249302	1.3292110524563971e8	3.181722124439454e7
0.23935999999999563	57508.0086192484	1.3292107884367804e8	3.185973232369834e7
0.23967999999999562	57509.38905771365	1.3292105240988922e8	3.1902243380290028e7
0.2399999999999956	57510.77154323844	1.3292102590813375e8	3.1944754404324375e7
0.2403199999999956	57512.15289342497	1.3292099944641404e8	3.198726541927171e7
0.24063999999999558	57513.53614061346	1.3292097296894906e8	3.2029776414051052e7
0.24095999999999557	57514.9209631229	1.3292094643002957e8	3.2072287377387185e7
0.24127999999999555	57516.30986813184	1.3292091980513765e8	3.211479830520617e7
0.24159999999999554	57517.69660659317	1.329208932475471e8	3.2157309229713228e7
0.24191999999999553	57519.085776560954	1.329208666337854e8	3.2199820124590263e7
0.24223999999999551	57520.476689332114	1.3292083996802127e8	3.2242330990268987e7
0.2425599999999955	57521.86756770701	1.3292081335490383e8	3.2284841850735363e7
0.2428799999999955	57523.258472375506	1.3292078666660775e8	3.2327352675039694e7
0.24319999999999548	57524.65538333724	1.32920759917015e8	3.2369863471011557e7
0.24351999999999546	57526.04998087124	1.3292073319979346e8	3.241237425510263e7
0.24383999999999545	57527.44622753286	1.3292070645068121e8	3.2454885014672913e7
0.24415999999999544	57528.844501548265	1.3292067966422677e8	3.2497395748645052e7
0.24447999999999542	57530.24330297005	1.3292065282842919e8	3.253990645291402e7
0.2447999999999954	57531.643814217394	1.3292062601232733e8	3.2582417145225618e7
0.2451199999999954	57533.04589574501	1.3292059912844521e8	3.2624927804049656e7
0.24543999999999538	57534.44812910313	1.3292057228088447e8	3.2667438453799967e7
0.24575999999999537	57535.85344767963	1.3292054533407024e8	3.2709949063404866e7
0.24607999999999536	57537.258940940446	1.3292051838754213e8	3.2752459655066505e7
0.24639999999999534	57538.665239074784	1.3292049144002819e8	3.2794970228946496e7
0.24671999999999533	57540.07498516638	1.329204644593232e8	3.2837480779088426e7
0.24703999999999532	57541.486138284155	1.3292043739896868e8	3.2879991292443287e7
0.2473599999999953	57542.8963705	1.3292041038863325e8	3.2922501799255993e7
0.2476799999999953	57544.3100797773	1.3292038329892783e8	3.296501227083704e7
0.24799999999999528	57545.723683041	1.3292035621515931e8	3.300752272556853e7
0.24831999999999527	57547.13751574682	1.3292032912040418e8	3.3050033159505975e7
0.24863999999999525	57548.55376877778	1.3292030192434695e8	3.3092543551828705e7
0.24895999999999524	57549.972331427016	1.329202747251783e8	3.3135053926799554e7
0.24927999999999523	57551.39218143565	1.3292024756431171e8	3.3177564293969437e7
0.24959999999999521	57552.81105982519	1.329202203379388e8	3.322007462576818e7
0.2499199999999952	57554.23326585365	1.3292019311365625e8	3.3262584942252386e7
0.2502399999999952	57555.656821648125	1.3292016581050529e8	3.3305095221678805e7
0.2505599999999952	57557.081856212906	1.3292013846822023e8	3.3347605474022944e7
0.25087999999999516	57558.506050111435	1.3292011115655307e8	3.339011571500765e7
0.25119999999999515	57559.93213522143	1.3292008382514708e8	3.3432625934059154e7
0.25151999999999514	57561.36314105242	1.3292005641256313e8	3.3475136117971048e7
0.2518399999999951	57562.79140546305	1.3292002903119487e8	3.351764628923338e7
0.2521599999999951	57564.22337756174	1.3292000158601195e8	3.3560156428738795e7
0.2524799999999951	57565.656012894295	1.3291997412294853e8	3.360266654574415e7
0.2527999999999951	57567.09075269613	1.3291994662948433e8	3.36451766381434e7
0.25311999999999507	57568.52514555194	1.3291991912945919e8	3.3687686710108764e7
0.25343999999999506	57569.96238945956	1.3291989154236338e8	3.373019674361739e7
0.25375999999999505	57571.40048408223	1.3291986398352131e8	3.3772706766354956e7
0.25407999999999503	57572.83857293066	1.3291983642381182e8	3.381521677030977e7
0.254399999999995	57574.279370485485	1.3291980878593643e8	3.38577267378402e7
0.254719999999995	57575.72216206538	1.3291978112255135e8	3.390023668174856e7
0.255039999999995	57577.16668023659	1.3291975346330461e8	3.394274660937066e7
0.255359999999995	57578.60987864526	1.329197257644181e8	3.398525650726117e7
0.25567999999999497	57580.057301384724	1.3291969800981386e8	3.4027766375399105e7
0.25599999999999495	57581.504227682446	1.3291967027158824e8	3.407027622867131e7
0.25631999999999494	57582.95388860651	1.3291964243441908e8	3.41127860399375e7
0.2566399999999949	57584.40285182727	1.3291961468181685e8	3.4155295853644736e7
0.2569599999999949	57585.854530320816	1.3291958687279141e8	3.419780563618202e7
0.2572799999999949	57587.308225294706	1.3291955897180645e8	3.424031537783078e7
0.2575999999999949	57588.762165947395	1.3291953110168178e8	3.428282510882455e7
0.2579199999999949	57590.21798587883	1.3291950318574592e8	3.432533481062987e7
0.25823999999999486	57591.67648323503	1.3291947518536007e8	3.4367844473814905e7
0.25855999999999485	57593.13424830225	1.329194472747922e8	3.441035414082665e7
0.25887999999999484	57594.59412836786	1.3291941928789239e8	3.445286377084931e7
0.2591999999999948	57596.05721210684	1.3291939118834381e8	3.449537335520075e7
0.2595199999999948	57597.51980428854	1.3291936313343866e8	3.4537882931853995e7
0.2598399999999948	57598.983875124584	1.3291933507585765e8	3.458039249001518e7
0.2601599999999948	57600.449667739485	1.3291930697308907e8	3.462290201880034e7
0.26047999999999477	57601.91658414587	1.3291927879686937e8	3.4665411510360144e7
0.26079999999999476	57603.38475524572	1.3291925065765932e8	3.4707920993527934e7
0.26111999999999475	57604.853869567734	1.3291922247107658e8	3.4750430446073964e7
0.26143999999999473	57606.327506946705	1.3291919421163873e8	3.479293986393366e7
0.2617599999999947	57607.798521901845	1.3291916601855011e8	3.483544927819578e7
0.2620799999999947	57609.273121987506	1.3291913769351435e8	3.487795864153772e7
0.2623999999999947	57610.7478478279	1.3291910943029058e8	3.49204680021201e7
0.2627199999999947	57612.22453340098	1.3291908109320699e8	3.496297732571062e7
0.26303999999999467	57613.70210869115	1.329190527684976e8	3.5005486634130925e7
0.26335999999999465	57615.18165297296	1.329190243397993e8	3.504799589754168e7
0.26367999999999464	57616.66580141599	1.3291899591387564e8	3.509050514593291e7
0.26399999999999463	57618.144716892624	1.3291896750469646e8	3.513301437575079e7
0.2643199999999946	57619.6307513251	1.329189390399097e8	3.5175523576979354e7
0.2646399999999946	57621.11609766993	1.3291891050233798e8	3.521803273927159e7
0.2649599999999946	57622.60325369604	1.3291888200099117e8	3.5260541893277496e7
0.2652799999999946	57624.09136513177	1.3291885345039529e8	3.530305101572793e7
0.26559999999999456	57625.581709686485	1.3291882484722438e8	3.534556010662967e7
0.26591999999999455	57627.072621886036	1.3291879623321189e8	3.5388069175805256e7
0.26623999999999454	57628.56803402703	1.3291876759178464e8	3.5430578221716665e7
0.2665599999999945	57630.06054173069	1.3291873891955765e8	3.547308723800029e7
0.2668799999999945	57631.55577630321	1.32918710233728e8	3.551559623334733e7
0.2671999999999945	57633.05320621362	1.3291868149377944e8	3.555810519652665e7
0.2675199999999945	57634.548939821245	1.3291865277091554e8	3.560061414368203e7
0.26783999999999447	57636.05197302105	1.329186239507428e8	3.5643123050778784e7
0.26815999999999446	57637.5531520662	1.3291859513852967e8	3.5685631939246185e7
0.26847999999999445	57639.05666047003	1.329185663051287e8	3.572814080432848e7
0.26879999999999443	57640.55940527495	1.329185374664907e8	3.57706496480291e7
0.2691199999999944	57642.06526113011	1.329185085767568e8	3.58131584608341e7
0.2694399999999944	57643.57171228198	1.3291847964858e8	3.585566724426278e7
0.2697599999999944	57645.08057676064	1.3291845071457818e8	3.589817600840423e7
0.2700799999999944	57646.59174659486	1.3291842168800771e8	3.5940684729744054e7
0.27039999999999437	57648.10578551533	1.3291839264336011e8	3.5983193428744934e7
0.27071999999999435	57649.61823723579	1.3291836364192514e8	3.602570211872928e7
0.27103999999999434	57651.143509803485	1.3291833485411409e8	3.606821085643124e7
0.27135999999999433	57652.67003911596	1.329183060318187e8	3.611071956629088e7
0.2716799999999943	57654.19823154494	1.3291827711086899e8	3.615322823113613e7
0.2719999999999943	57655.72953110558	1.3291824821382728e8	3.6195736885258906e7
0.2723199999999943	57657.262087997326	1.3291821925472979e8	3.623824550392345e7
0.2726399999999943	57658.79372397389	1.329181903441407e8	3.628075411562882e7
0.27295999999999426	57660.32926893825	1.3291816132784788e8	3.632326268184028e7
0.27327999999999425	57661.8658992556	1.3291813229219842e8	3.6365771223997526e7
0.27359999999999424	57663.404858716545	1.3291810318712033e8	3.6408279729284726e7
0.2739199999999942	57664.943251778015	1.3291807413684072e8	3.645078822955889e7
0.2742399999999942	57666.484379601876	1.3291804498678897e8	3.649329668487958e7
0.2745599999999942	57668.02739126947	1.3291801583292618e8	3.653580512087817e7
0.2748799999999942	57669.57290895243	1.3291798662634748e8	3.657831352455736e7
0.27519999999999417	57671.11783516267	1.3291795743199953e8	3.662082191149242e7
0.27551999999999416	57672.66632138322	1.329179281890257e8	3.6663330267936096e7
0.27583999999999415	57674.214467605416	1.3291789894468115e8	3.670583860404893e7
0.27615999999999413	57675.76713511018	1.3291786954900405e8	3.674834688193526e7
0.2764799999999941	57677.318406341234	1.329178402183394e8	3.679085515697905e7
0.2767999999999941	57678.875359715465	1.3291781079210101e8	3.6833363389912926e7
0.2771199999999941	57680.42990998253	1.3291778141768132e8	3.6875871615640394e7
0.2774399999999941	57681.98623589418	1.3291775200635974e8	3.691837981261827e7
0.27775999999999407	57683.546909565164	1.3291772241413653e8	3.696088794266974e7
0.27807999999999405	57685.10651839061	1.3291769298103368e8	3.700339609626281e7
0.27839999999999404	57686.66826998024	1.3291766343192977e8	3.7045904199272074e7
0.27871999999999403	57688.2309926045	1.3291763387288861e8	3.7088412280301064e7
0.279039999999994	57689.798314054315	1.329176042507862e8	3.7130920327131085e7
0.279359999999994	57691.36330907235	1.3291757465468751e8	3.717342835958775e7
0.279679999999994	57692.93273354042	1.3291754498085217e8	3.721593635355056e7
0.279999999999994	57694.50294137268	1.329175152741819e8	3.725844431888792e7
0.28031999999999396	57696.075801849125	1.3291748550931633e8	3.7300952249803826e7
0.28063999999999395	57697.64723279511	1.3291745578871644e8	3.734346017205796e7
0.28095999999999394	57699.22249318411	1.3291742599709587e8	3.738596805708475e7
0.2812799999999939	57700.80198770926	1.3291739614285985e8	3.742847590746742e7
0.2815999999999939	57702.37866874339	1.3291736628376311e8	3.747098373434251e7
0.2819199999999939	57703.95943338545	1.329173363323633e8	3.751349151800897e7
0.2822399999999939	57705.541196699756	1.3291730646612196e8	3.7555999306246795e7
0.28255999999999387	57707.1243250665	1.3291727654175253e8	3.759850705891256e7
0.28287999999999386	57708.7086447689	1.3291724652147324e8	3.7641014765136875e7
0.28319999999999385	57710.29569464244	1.3291721649126887e8	3.768352245028045e7
0.28351999999999383	57711.88321087246	1.3291718640394513e8	3.772603009932863e7
0.2838399999999938	57713.47425509421	1.3291715637310287e8	3.776853774666323e7
0.2841599999999938	57715.06437817309	1.3291712624302131e8	3.7811045344900586e7
0.2844799999999938	57716.65663700857	1.3291709604194702e8	3.785355290416918e7
0.2847999999999938	57718.25232347158	1.329170658805827e8	3.789606045685087e7
0.28511999999999377	57719.85029087677	1.3291703560320789e8	3.793856795776174e7
0.28543999999999375	57721.44639685149	1.3291700539479434e8	3.79810754566266e7
0.28575999999999374	57723.04515715712	1.32916975150331e8	3.8023582926730804e7
0.28607999999999373	57724.6491476915	1.329169447830408e8	3.8066090345051e7
0.2863999999999937	57726.251893431734	1.3291691450805502e8	3.810859776845728e7
0.2867199999999937	57727.85488840139	1.3291688408448482e8	3.815110512903745e7
0.2870399999999937	57729.46192104698	1.3291685372463058e8	3.819361249028835e7
0.2873599999999937	57731.068594479846	1.3291682327528176e8	3.8236119805107296e7
0.28767999999999366	57732.68026871614	1.3291679277204925e8	3.82786270874713e7
0.28799999999999365	57734.290686079796	1.3291676226624918e8	3.8321134347647406e7
0.28831999999999364	57735.90336383884	1.3291673172638643e8	3.836364157905687e7
0.2886399999999936	57737.51994055666	1.329167010829654e8	3.8406148762771204e7
0.2889599999999936	57739.13254887527	1.3291667059602506e8	3.844865596823411e7
0.2892799999999936	57740.752422671685	1.3291663988664046e8	3.849116309396834e7
0.2895999999999936	57742.37226396609	1.3291660923621085e8	3.8533670216062136e7
0.28991999999999357	57743.99501697115	1.3291657851294912e8	3.8576177298455e7
0.29023999999999356	57745.61715297262	1.3291654774275036e8	3.86186843460855e7
0.29055999999999355	57747.23856154141	1.3291651703898564e8	3.8661191391771905e7
0.29087999999999353	57748.86609182787	1.3291648627405143e8	3.8703698403318256e7
0.2911999999999935	57750.49622624671	1.3291645530905266e8	3.874620533772044e7
0.2915199999999935	57752.122596997804	1.3291642454944667e8	3.878871230847135e7
0.2918399999999935	57753.75735892166	1.3291639358358818e8	3.88312192042448e7
0.2921599999999935	57755.386974184934	1.3291636270555247e8	3.8873726101169154e7
0.29247999999999347	57757.02065941944	1.3291633170957415e8	3.8916232945672326e7
0.29279999999999345	57758.659217623346	1.3291630075094694e8	3.89587397836751e7
0.29311999999999344	57760.29641561291	1.3291626970039193e8	3.9001246572908275e7
0.29343999999999343	57761.9365141327	1.3291623856449074e8	3.904375331822672e7
0.2937599999999934	57763.57937295984	1.3291620744283964e8	3.908626004870405e7
0.2940799999999934	57765.221378623	1.329161763748996e8	3.9128766773405194e7
0.2943999999999934	57766.86811107496	1.3291614515921006e8	3.917127343700974e7
0.2947199999999934	57768.51238419316	1.3291611401126055e8	3.921378009781215e7
0.29503999999999336	57770.16034426252	1.329160827846841e8	3.925628671702861e7
0.29535999999999335	57771.812027233325	1.3291605143895437e8	3.9298793282635555e7
0.29567999999999334	57773.46347313369	1.3291602018728691e8	3.9341299854769506e7
0.2959999999999933	57775.11533208288	1.3291598885134065e8	3.938380638118973e7
0.2963199999999933	57776.771455410875	1.3291595750786862e8	3.942631288726848e7
0.2966399999999933	57778.427790352485	1.3291592607813695e8	3.946881934678828e7
0.2969599999999933	57780.08661672926	1.329158946037904e8	3.951132577363573e7
0.29727999999999327	57781.747502673206	1.3291586316785565e8	3.955383219214432e7
0.29759999999999326	57783.40671090449	1.3291583172040813e8	3.95963385848663e7
0.29791999999999325	57785.07038478113	1.3291580017515941e8	3.963884493039834e7
0.29823999999999323	57786.7402400644	1.3291576855439788e8	3.968135123649359e7
0.2985599999999932	57788.40351584514	1.3291573697885585e8	3.972385753016845e7
0.2988799999999932	57790.07498185438	1.3291570531490897e8	3.976636378189037e7
0.2991999999999932	57791.74179670555	1.3291567368401691e8	3.980887001890808e7
0.2995199999999932	57793.416009551634	1.3291564201533319e8	3.985137622847806e7
0.29983999999999317	57795.089372965514	1.3291561027122484e8	3.9893882393498525e7
0.30015999999999315	57796.764583409175	1.3291557851322265e8	3.993638853425406e7
0.30047999999999314	57798.442696266524	1.3291554670706055e8	3.997889464117154e7
0.30079999999999313	57800.120289309554	1.3291551492319004e8	4.002140073300094e7
0.3011199999999931	57801.8010279387	1.3291548307318269e8	4.006390678569826e7
0.3014399999999931	57803.48372952977	1.3291545107982202e8	4.010641277509473e7
0.3017599999999931	57805.16641726828	1.3291541924743447e8	4.01489187915041e7
0.3020799999999931	57806.85483457707	1.3291538727244145e8	4.019142474738434e7
0.30239999999999306	57808.5416590311	1.3291535526044779e8	4.023393066941983e7
0.30271999999999305	57810.228026023135	1.3291532323010944e8	4.027643656401579e7
0.30303999999999304	57811.92323012201	1.3291529116885865e8	4.0318942433824465e7
0.303359999999993	57813.61450364938	1.3291525905586739e8	4.036144826359483e7
0.303679999999993	57815.31013533009	1.32915226915634e8	4.040395406649224e7
0.303999999999993	57817.00499231855	1.3291519476511621e8	4.044645984406905e7
0.304319999999993	57818.70410321636	1.3291516255537008e8	4.048896558491982e7
0.30463999999999297	57820.40181502999	1.3291513042780142e8	4.053147132813059e7
0.30495999999999296	57822.1065608766	1.3291509803145765e8	4.057397697261646e7
0.30527999999999295	57823.808155184604	1.3291506576744114e8	4.0616482633485064e7
0.30559999999999293	57825.5155211627	1.3291503339339037e8	4.065898824299706e7
0.3059199999999929	57827.22073881078	1.3291500106399234e8	4.070149384286599e7
0.3062399999999929	57828.93058056821	1.3291496865293847e8	4.074399939915451e7
0.3065599999999929	57830.63984345873	1.3291493622353618e8	4.078650492757936e7
0.3068799999999929	57832.35514793031	1.3291490364005971e8	4.082901039106071e7
0.30719999999999287	57834.06713529293	1.3291487125559774e8	4.0871515891430005e7
0.30751999999999285	57835.784082153754	1.3291483863418885e8	4.091402130054601e7
0.30783999999999284	57837.5003826634	1.3291480611548333e8	4.09565267188543e7
0.30815999999999283	57839.22320082159	1.3291477340500455e8	4.0999032060664505e7
0.3084799999999928	57840.943203916715	1.3291474080591893e8	4.104153741285329e7
0.3087999999999928	57842.66725861645	1.3291470809274383e8	4.108404271064749e7
0.3091199999999928	57844.38927191835	1.3291467544936715e8	4.11265480065676e7
0.3094399999999928	57846.117886004206	1.3291464257433258e8	4.116905321336787e7
0.30975999999999276	57847.84838445159	1.3291460974296485e8	4.121155841284871e7
0.31007999999999275	57849.576956697674	1.3291457698518848e8	4.125406361170025e7
0.31039999999999274	57851.310006717955	1.3291454407653762e8	4.129656874473695e7
0.3107199999999927	57853.0432771925	1.3291451122871406e8	4.133907387465517e7
0.3110399999999927	57854.78031668886	1.3291447823779003e8	4.138157894052823e7
0.3113599999999927	57856.51848851845	1.3291444525799601e8	4.14240839884206e7
0.3116799999999927	57858.257023549864	1.3291441233824739e8	4.146658903305843e7
0.31199999999999267	57859.996860058774	1.3291437921717246e8	4.1509093993596554e7
0.31231999999999266	57861.743184796185	1.3291434610799372e8	4.1551598940000944e7
0.31263999999999265	57863.485873354955	1.3291431307655971e8	4.159410388590456e7
0.31295999999999263	57865.23695836445	1.3291427989689225e8	4.163660876893029e7
0.3132799999999926	57866.98076329848	1.329142467225042e8	4.167911362625491e7
0.3135999999999926	57868.73246469364	1.3291421355357942e8	4.172161846836529e7
0.3139199999999926	57870.48854046837	1.3291418015168722e8	4.176412321799451e7
0.3142399999999926	57872.24263356684	1.3291414689093298e8	4.1806627988114186e7
0.31455999999999257	57873.997990571384	1.3291411357120843e8	4.184913271814099e7
0.31487999999999255	57875.755884227314	1.3291408017999984e8	4.189163740494876e7
0.31519999999999254	57877.5138025756	1.3291404683413728e8	4.1934142083571084e7
0.31551999999999253	57879.277850237624	1.3291401335988268e8	4.197664670341212e7
0.3158399999999925	57881.038867685886	1.329139798848952e8	4.201915129839603e7
0.3161599999999925	57882.80386637017	1.3291394637024719e8	4.206165586101233e7
0.3164799999999925	57884.571591318876	1.3291391281712063e8	4.210416039073543e7
0.3167999999999925	57886.34021842756	1.3291387926565212e8	4.214666489899482e7
0.31711999999999246	57888.11367255279	1.3291384555837241e8	4.218916933853477e7
0.31743999999999245	57889.88333398805	1.3291381200168118e8	4.223167380058112e7
0.31775999999999244	57891.66137913055	1.329137782430977e8	4.2274178181585014e7
0.3180799999999924	57893.436867833174	1.3291374453257823e8	4.231668255339039e7
0.3183999999999924	57895.21349203848	1.3291371078811882e8	4.2359186892452195e7
0.3187199999999924	57896.996457619316	1.3291367691241238e8	4.2401691171269715e7
0.3190399999999924	57898.78167134862	1.3291364304182023e8	4.244419543042823e7
0.31935999999999237	57900.563498068725	1.3291360918921712e8	4.2486699670206696e7
0.31967999999999236	57902.348979718496	1.3291357525791018e8	4.25292038645056e7
0.31999999999999235	57904.13744890138	1.3291354129054473e8	4.257170802643855e7
0.32031999999999233	57905.92750183295	1.3291350729430532e8	4.261421215731531e7
0.3206399999999923	57907.72077129229	1.329134732297531e8	4.26567162455702e7
0.3209599999999923	57909.51086154871	1.3291343925426547e8	4.269922033730345e7
0.3212799999999923	57911.309421550286	1.3291340516897282e8	4.2741724376617156e7
0.3215999999999923	57913.10418669835	1.3291337099079843e8	4.2784228360520005e7
0.32191999999999227	57914.90471990837	1.3291333678857847e8	4.2826732317570634e7
0.32223999999999225	57916.705249721905	1.3291330258564219e8	4.286923625134636e7
0.32255999999999224	57918.50881505053	1.329132683737992e8	4.291174016126331e7
0.32287999999999223	57920.314525783804	1.3291323403900978e8	4.2954244009886146e7
0.3231999999999922	57922.12133010876	1.3291319969008584e8	4.2996747831550926e7
0.3235199999999922	57923.93172245718	1.3291316537265773e8	4.30392516426928e7
0.3238399999999922	57925.73842137019	1.3291313101890333e8	4.308175541645161e7
0.3241599999999922	57927.55432286599	1.3291309657705137e8	4.31242591447295e7
0.32447999999999216	57929.36830565947	1.329130620269765e8	4.316676281339013e7
0.32479999999999215	57931.184566868964	1.3291302757419868e8	4.3209266491918236e7
0.32511999999999214	57933.00491530246	1.3291299298774222e8	4.325177010653094e7
0.3254399999999921	57934.82542558047	1.3291295834778723e8	4.329427368054191e7
0.3257599999999921	57936.64422232723	1.329129238315084e8	4.333677727035159e7
0.3260799999999921	57938.47140103001	1.3291288907218365e8	4.337928076330318e7
0.3263999999999921	57940.296096426966	1.3291285440768327e8	4.3421784262117326e7
0.3267199999999921	57942.12672031742	1.3291281962118612e8	4.346428770171113e7
0.32703999999999206	57943.956598404264	1.3291278484719086e8	4.3506791121456705e7
0.32735999999999205	57945.78918041856	1.3291275005583476e8	4.354929451391132e7
0.32767999999999203	57947.62131727348	1.3291271524029776e8	4.359179787470374e7
0.327999999999992	57949.459027634395	1.3291268026692316e8	4.363430116401631e7
0.328319999999992	57951.298585554396	1.329126453111069e8	4.3676804436775506e7
0.328639999999992	57953.13657722513	1.3291261036502641e8	4.37193076881337e7
0.328959999999992	57954.980414417776	1.3291257530998096e8	4.376181088402756e7
0.32927999999999197	57956.82452346226	1.3291254028694503e8	4.3804314067028575e7
0.32959999999999195	57958.66902953192	1.32912505180174e8	4.384681719910168e7
0.32991999999999194	57960.51896804573	1.3291247003336489e8	4.388932029795678e7
0.33023999999999193	57962.36958167379	1.3291243486181906e8	4.393182336541707e7
0.3305599999999919	57964.22195351829	1.3291239962539737e8	4.3974326388914846e7
0.3308799999999919	57966.07483497735	1.3291236444094208e8	4.401682940621142e7
0.3311999999999919	57967.93005078785	1.3291232915268636e8	4.405933236698662e7
0.3315199999999919	57969.78978470338	1.3291229378162426e8	4.410183527955827e7
0.33183999999999186	57971.65146106321	1.3291225841091502e8	4.4144338169717185e7
0.33215999999999185	57973.51413063408	1.329122229977936e8	4.418684102262304e7
0.33247999999999184	57975.376666242184	1.3291218758108804e8	4.422934385039131e7
0.3327999999999918	57977.23895769164	1.3291215216053855e8	4.427184665285872e7
0.3331199999999918	57979.11037964717	1.3291211658286206e8	4.43143493852119e7
0.3334399999999918	57980.980861732445	1.3291208101627356e8	4.435685209666836e7
0.3337599999999918	57982.85310577301	1.3291204539899102e8	4.439935476841934e7
0.3340799999999918	57984.72644069539	1.3291200983793113e8	4.444185743568632e7
0.33439999999999176	57986.60351024143	1.3291197410348429e8	4.4484360023500465e7
0.33471999999999175	57988.48428134723	1.3291193833783637e8	4.452686257926219e7
0.33503999999999173	57990.363789118295	1.3291190258128309e8	4.45693651131372e7
0.3353599999999917	57992.24542156053	1.3291186676982293e8	4.4611867605923705e7
0.3356799999999917	57994.131276869135	1.3291183093869312e8	4.4654370070789255e7
0.3359999999999917	57996.01553941026	1.329117950802188e8	4.4696872501270585e7
0.3363199999999917	57997.906529476124	1.3291175910469003e8	4.4739374872693725e7
0.33663999999999167	57999.79628793504	1.329117231600483e8	4.478187722946312e7
0.33695999999999166	58001.685759347616	1.3291168723237821e8	4.4824379567546934e7
0.33727999999999164	58003.582108027826	1.3291165114881067e8	4.4866881833404385e7
0.33759999999999163	58005.477315676086	1.3291161509409994e8	4.490938408394093e7
0.3379199999999916	58007.379242998846	1.3291157895330499e8	4.495188628554891e7
0.3382399999999916	58009.280253689874	1.3291154275413589e8	4.4994388442458495e7
0.3385599999999916	58011.18113468908	1.3291150657802075e8	4.5036890582703315e7
0.3388799999999916	58013.087819990775	1.3291147034717514e8	4.5079392683869146e7
0.33919999999999156	58014.992970524014	1.329114340375499e8	4.5121894732890725e7
0.33951999999999155	58016.90367941159	1.3291139766173169e8	4.51643967386522e7
0.33983999999999154	58018.81109565946	1.3291136143606552e8	4.5206898768764295e7
0.3401599999999915	58020.72869464262	1.3291132493285432e8	4.524940068678047e7
0.3404799999999915	58022.64400010049	1.3291128852465577e8	4.529190261104462e7
0.3407999999999915	58024.558811448514	1.3291125200142072e8	4.533440447125156e7
0.3411199999999915	58026.47911634232	1.329112155495875e8	4.537690633483433e7
0.3414399999999915	58028.40016192644	1.3291117892502436e8	4.541940811536983e7
0.34175999999999146	58030.3279068459	1.3291114239382905e8	4.546190990755528e7
0.34207999999999145	58032.249614692926	1.3291110569633806e8	4.550441161426868e7
0.34239999999999143	58034.18043046844	1.3291106894515827e8	4.554691328387213e7
0.3427199999999914	58036.1097627182	1.3291103223954536e8	4.558941494336069e7
0.3430399999999914	58038.04333065182	1.3291099538225703e8	4.5631916528874815e7
0.3433599999999914	58039.97639024208	1.3291095863101152e8	4.567441812563986e7
0.3436799999999914	58041.91545150317	1.3291092169058348e8	4.571691963656771e7
0.34399999999999137	58043.85222407207	1.3291088484140407e8	4.5759421152500845e7
0.34431999999999136	58045.79577168187	1.3291084787460335e8	4.580192260755385e7
0.34463999999999134	58047.73772293279	1.3291081085541731e8	4.584442401860397e7
0.34495999999999133	58049.6800981414	1.3291077402363276e8	4.588692546964269e7
0.3452799999999913	58051.63109503729	1.3291073681258063e8	4.592942677055723e7
0.3455999999999913	58053.580145362495	1.3291069968328731e8	4.597192807339007e7
0.3459199999999913	58055.53185815931	1.329106625388909e8	4.6014429347729765e7
0.3462399999999913	58057.483552401354	1.3291062542105524e8	4.6056930606232226e7
0.34655999999999126	58059.44111900976	1.3291058817210095e8	4.609943179812694e7
0.34687999999999125	58061.401369719264	1.3291055077809176e8	4.61419329163659e7
0.34719999999999124	58063.36157227475	1.3291051344680172e8	4.618443403116277e7
0.3475199999999912	58065.31809003755	1.3291047617192484e8	4.622693513801354e7
0.3478399999999912	58067.28839023593	1.3291043866932721e8	4.626943614953419e7
0.3481599999999912	58069.25419068344	1.329104012389278e8	4.631193715799559e7
0.3484799999999912	58071.22050263244	1.3291036377620392e8	4.635443813031224e7
0.3487999999999912	58073.197238613764	1.3291032615847397e8	4.6396939030116335e7
0.34911999999999116	58075.167645098445	1.3291028864589168e8	4.643943993716937e7
0.34943999999999115	58077.1410408532	1.3291025100885196e8	4.648194077740759e7
0.34975999999999113	58079.119899031684	1.3291021336389764e8	4.652444159307881e7
0.3500799999999911	58081.10093186022	1.3291017559898384e8	4.6566942342808716e7
0.3503999999999911	58083.08158051756	1.3291013785785235e8	4.6609443075184986e7
0.3507199999999911	58085.06214358539	1.3291010017526677e8	4.665194380261697e7
0.3510399999999911	58087.05246497416	1.3291006225956582e8	4.669444442916447e7
0.35135999999999107	58089.04198363116	1.3291002436682718e8	4.673694503771947e7
0.35167999999999106	58091.02860099763	1.3290998653684042e8	4.677944564093745e7
0.35199999999999104	58093.02538929088	1.3290994846796992e8	4.6821946141176485e7
0.35231999999999103	58095.0201129043	1.3290991046844864e8	4.686444663886936e7
0.352639999999991	58097.018112741105	1.3290987239129962e8	4.6906947085712165e7
0.352959999999991	58099.01562384016	1.3290983432919906e8	4.694944751190215e7
0.353279999999991	58101.019243222705	1.3290979613472171e8	4.6991947869638264e7
0.353599999999991	58103.02393269081	1.3290975799392757e8	4.703444822132168e7
0.35391999999999096	58105.03025655871	1.3290971981605674e8	4.7076948535245754e7
0.35423999999999095	58107.03900903767	1.3290968153183898e8	4.711944878734791e7
0.35455999999999094	58109.047752232465	1.329096432493445e8	4.716194901426758e7
0.3548799999999909	58111.06518983817	1.3290960480750805e8	4.720444916446252e7
0.3551999999999909	58113.07791604837	1.3290956640557805e8	4.724694929990039e7
0.3555199999999909	58115.09635652991	1.3290952795782468e8	4.7289449396864474e7
0.3558399999999909	58117.119590471615	1.3290948940592335e8	4.733194943395795e7
0.3561599999999909	58119.13834700109	1.3290945088705736e8	4.737444945396647e7
0.35647999999999086	58121.16506990592	1.3290941234235601e8	4.741694944394764e7
0.35679999999999085	58123.187250627525	1.3290937374860589e8	4.745944938754097e7
0.35711999999999083	58125.218855064755	1.3290933504114717e8	4.7501949270590805e7
0.3574399999999908	58127.25265128429	1.3290929623711185e8	4.7544449094455644e7
0.3577599999999908	58129.28277753874	1.3290925763314594e8	4.7586948961404115e7
0.3580799999999908	58131.3204013313	1.3290921872389168e8	4.762944869784193e7
0.3583999999999908	58133.35972320185	1.329091798494293e8	4.767194842163264e7
0.35871999999999077	58135.398424434556	1.329091409813288e8	4.7714448121122666e7
0.35903999999999076	58137.44100662557	1.3290910204569335e8	4.7756947772672124e7
0.35935999999999074	58139.48695419773	1.3290906298459987e8	4.779944735506692e7
0.35967999999999073	58141.53188087816	1.3290902406139898e8	4.784194696009672e7
0.3599999999999907	58143.58651628389	1.3290898490610279e8	4.7884446461566195e7
0.3603199999999907	58145.63602236799	1.329089457924067e8	4.792694594836953e7
0.3606399999999907	58147.69151048881	1.3290890668946892e8	4.796944541653298e7
0.3609599999999907	58149.75212670845	1.3290886730974399e8	4.8011944761723004e7
0.36127999999999066	58151.80478682838	1.329088281937967e8	4.8054444170607075e7
0.36159999999999065	58153.870559646006	1.3290878881801434e8	4.809694346755803e7
0.36191999999999064	58155.93064330065	1.3290874951578492e8	4.8139442760976516e7
0.3622399999999906	58158.00031086556	1.3290871005968222e8	4.81819419782963e7
0.3625599999999906	58160.067439090395	1.3290867063618585e8	4.822444117924267e7
0.3628799999999906	58162.138985450016	1.3290863110819827e8	4.8266940318532154e7
0.3631999999999906	58164.21028411035	1.3290859158601761e8	4.830943943314927e7
0.3635199999999906	58166.28664146882	1.329085519826474e8	4.835193849485229e7
0.36383999999999056	58168.3597262973	1.3290851253054303e8	4.8394437582835004e7
0.36415999999999055	58170.442798441945	1.3290847274134691e8	4.843693652783659e7
0.36447999999999053	58172.527445389984	1.3290843304892392e8	4.847943548231263e7
0.3647999999999905	58174.61208756883	1.3290839319078915e8	4.852193434959665e7
0.3651199999999905	58176.69914174523	1.329083534109808e8	4.856443322016716e7
0.3654399999999905	58178.791058636845	1.3290831350607629e8	4.860693202131342e7
0.3657599999999905	58180.88260757153	1.3290827359549077e8	4.864943079327046e7
0.36607999999999047	58182.98223152795	1.329082336009529e8	4.8691929512731776e7
0.36639999999999046	58185.07322495059	1.3290819370849362e8	4.873442823718612e7
0.36671999999999044	58187.17344142094	1.3290815363953543e8	4.877692687588614e7
0.36703999999999043	58189.27566223386	1.3290811351269093e8	4.881942546761998e7
0.3673599999999904	58191.378941664254	1.3290807338975416e8	4.886192403443247e7
0.3676799999999904	58193.48025423721	1.3290803325804675e8	4.890442256975172e7
0.3679999999999904	58195.594578172415	1.3290799290101819e8	4.8946921003346816e7
0.3683199999999904	58197.70627294715	1.329079526799376e8	4.898941945817184e7
0.36863999999999036	58199.817810492576	1.3290791234295204e8	4.90319178430774e7
0.36895999999999035	58201.935130033606	1.3290787188557304e8	4.907441616004421e7
0.36927999999999034	58204.0536888466	1.329078315023396e8	4.9116914477925315e7
0.3695999999999903	58206.174787970805	1.3290779106621373e8	4.915941275065765e7
0.3699199999999903	58208.297506432405	1.3290775057681581e8	4.920191097746727e7
0.3702399999999903	58210.423939900786	1.3290770990406047e8	4.924440911145845e7
0.3705599999999903	58212.5518696701	1.3290766935220939e8	4.928690726380227e7
0.3708799999999903	58214.682059004735	1.3290762870565554e8	4.93294053551292e7
0.37119999999999026	58216.81756451455	1.3290758795932414e8	4.9371903385384396e7
0.37151999999999025	58218.955025048905	1.3290754714924437e8	4.941440136574011e7
0.37183999999999023	58221.09467015133	1.3290750628708576e8	4.9456899300616674e7
0.3721599999999902	58223.23249956566	1.3290746554597089e8	4.949939725187976e7
0.3724799999999902	58225.374645570664	1.3290742460040776e8	4.954189510225618e7
0.3727999999999902	58227.5210177188	1.3290738362139717e8	4.9584392915237874e7
0.3731199999999902	58229.6694388851	1.3290734266563165e8	4.9626890710577026e7
0.37343999999999017	58231.82405564262	1.3290730155089341e8	4.966938842284463e7
0.37375999999999016	58233.97123458601	1.3290726049222203e8	4.971188612371755e7
0.37407999999999014	58236.12925702794	1.3290721930424626e8	4.9754383755355686e7
0.37439999999999013	58238.29153096482	1.3290717803171106e8	4.979688133025308e7
0.3747199999999901	58240.44792975876	1.3290713682963227e8	4.983937890008001e7
0.3750399999999901	58242.611407484954	1.3290709552894571e8	4.988187640959971e7
0.3753599999999901	58244.77601670557	1.3290705424971268e8	4.992437390006191e7
0.3756799999999901	58246.946707612195	1.3290701269168437e8	4.996687126177917e7
0.37599999999999006	58249.11349031354	1.3290697128545457e8	5.000936865014756e7
0.37631999999999005	58251.29035262089	1.3290692980599615e8	5.0051865989358276e7
0.37663999999999004	58253.46471877586	1.3290688827986796e8	5.009436328149524e7
0.37695999999999	58255.64246100011	1.3290684665565011e8	5.0136860510791436e7
0.37727999999999	58257.82468757603	1.3290680493745314e8	5.017935767939044e7
0.37759999999999	58260.00616655976	1.3290676329098949e8	5.022185484651437e7
0.37791999999999	58262.18965120798	1.3290672152039102e8	5.026435193992306e7
0.37823999999999	58264.38066680505	1.3290667980548297e8	5.030684903094794e7
0.37855999999998996	58266.5727599515	1.3290663789666729e8	5.0349346021136984e7
0.37887999999998995	58268.765962053185	1.3290659601017132e8	5.039184299224673e7
0.37919999999998993	58270.96161426324	1.3290655402682112e8	5.0434339899939366e7
0.3795199999999899	58273.16505506672	1.3290651193119311e8	5.047683674157844e7
0.3798399999999899	58275.361455509905	1.3290646992848526e8	5.051933358579475e7
0.3801599999999899	58277.5681701422	1.3290642781742136e8	5.0561830366924144e7
0.3804799999999899	58279.77556757511	1.3290638569950128e8	5.060432711750452e7
0.38079999999998987	58281.97952681433	1.3290634350271064e8	5.0646823807553865e7
0.38111999999998986	58284.196919750204	1.3290630119789743e8	5.068932043633102e7
0.38143999999998984	58286.407364733306	1.3290625890673617e8	5.073181703752362e7
0.38175999999998983	58288.62430281633	1.3290621658924149e8	5.077431360419645e7
0.3820799999999898	58290.84371953502	1.3290617418694046e8	5.081681011149603e7
0.3823999999999898	58293.064820719286	1.329061317639567e8	5.0859306583368964e7
0.3827199999999898	58295.28821371098	1.3290608928751403e8	5.0901803007624574e7
0.3830399999999898	58297.518976081024	1.3290604665811187e8	5.094429934922929e7
0.38335999999998976	58299.74796260595	1.3290600401919596e8	5.098679565738127e7
0.38367999999998975	58301.978873210544	1.3290596135173075e8	5.102929192704983e7
0.38399999999998974	58304.21282884026	1.3290591867629175e8	5.1071788166797236e7
0.3843199999999897	58306.450299806595	1.3290587597607015e8	5.11142843704425e7
0.3846399999999897	58308.68962235311	1.3290583314348081e8	5.11567804955531e7
0.3849599999999897	58310.93524393429	1.3290579010719785e8	5.119927651727794e7
0.3852799999999897	58313.18206602029	1.3290574727594507e8	5.124177258975437e7
0.3855999999999897	58315.42695126351	1.3290570425120434e8	5.128426855758188e7
0.38591999999998966	58317.678077383105	1.3290566120231926e8	5.1326764490951434e7
0.38623999999998965	58319.93521574477	1.3290561820344107e8	5.136926041833372e7
0.38655999999998963	58322.18853561354	1.3290557507764198e8	5.141175626534719e7
0.3868799999999896	58324.45127589962	1.3290553175037524e8	5.145425201115008e7
0.3871999999999896	58326.71237748437	1.3290548856237066e8	5.149674778069346e7
0.3875199999999896	58328.97435776479	1.3290544535443899e8	5.153924351396546e7
0.3878399999999896	58331.240391551095	1.329054019848452e8	5.158173915791907e7
0.38815999999998957	58333.5151817976	1.3290535851551777e8	5.162423473931082e7
0.38847999999998956	58335.789280478064	1.329053149884024e8	5.166673026855397e7
0.38879999999998954	58338.059237539084	1.3290527155743273e8	5.170922580333444e7
0.38911999999998953	58340.33721892727	1.3290522805518048e8	5.175172128603074e7
0.3894399999999895	58342.616547399564	1.329051844617e8	5.179421670472224e7
0.3897599999999895	58344.90334671976	1.3290514063339327e8	5.1836712007088274e7
0.3900799999999895	58347.18563696141	1.3290509706990498e8	5.187920738049083e7
0.3903999999999895	58349.478978816674	1.3290505317718633e8	5.1921702602757625e7
0.39071999999998946	58351.764342461014	1.3290500951926821e8	5.196419788234565e7
0.39103999999998945	58354.059403486695	1.3290496555930525e8	5.200669302032367e7
0.39135999999998944	58356.35959318234	1.3290492156758568e8	5.2049188119391724e7
0.3916799999999894	58358.65578499952	1.3290487766140148e8	5.2091683219903454e7
0.3919999999999894	58360.96078747327	1.3290483358417608e8	5.213417822915439e7
0.3923199999999894	58363.266749230046	1.3290478944627722e8	5.217667318550024e7
0.3926399999999894	58365.57679821527	1.3290474523317406e8	5.221916808507622e7
0.3929599999999894	58367.88596627595	1.32904701081831e8	5.2261662978611864e7
0.39327999999998936	58370.20084839643	1.329046568586582e8	5.230415781763042e7
0.39359999999998935	58372.51644152278	1.3290461249816068e8	5.2346652573244765e7
0.39391999999998933	58374.83673914928	1.32904568027268e8	5.2389147258350864e7
0.3942399999999893	58377.15532379047	1.32904523679401e8	5.243164196097457e7
0.3945599999999893	58379.48253025565	1.3290447921715795e8	5.247413659382354e7
0.3948799999999893	58381.80864672614	1.3290443466750829e8	5.251663116155256e7
0.3951999999999893	58384.140844629794	1.3290439004226537e8	5.255912567308468e7
0.39551999999998927	58386.46875381702	1.3290434554655378e8	5.2601620203203835e7
0.39583999999998926	58388.80313869236	1.3290430088183054e8	5.264411464036664e7
0.39615999999998924	58391.14716684416	1.329042559906499e8	5.268660896355966e7
0.39647999999998923	58393.48335924549	1.3290421132595453e8	5.272910334158999e7
0.3967999999999892	58395.8338199031	1.329041662937215e8	5.277159755230743e7
0.3971199999999892	58398.1783152733	1.3290412141107942e8	5.281409178850914e7
0.3974399999999892	58400.52780360721	1.3290407650986639e8	5.2856585990113206e7
0.3977599999999892	58402.880722040085	1.3290403140830062e8	5.289908008385026e7
0.39807999999998916	58405.23812240373	1.3290398640696049e8	5.294157418981203e7
0.39839999999998915	58407.59681547121	1.329039412190997e8	5.298406819193207e7
0.39871999999998914	58409.95733471181	1.3290389591320418e8	5.302656211765754e7
0.3990399999999891	58412.32507326979	1.3290385066519986e8	5.306905604031594e7
0.3993599999999891	58414.689005043074	1.3290380533892106e8	5.3111549898954056e7
0.3996799999999891	58417.057822681534	1.3290376003534812e8	5.31540437390786e7
0.3999999999999891	58419.43314187227	1.3290371455847797e8	5.319653748327486e7
0.4003199999999891	58421.805956132	1.329036691221295e8	5.3239031211565204e7
0.40063999999998906	58424.184904693386	1.3290362352487631e8	5.328152484846947e7
0.40095999999998905	58426.567593094034	1.3290357792542803e8	5.332401845602913e7
0.40127999999998903	58428.953063962996	1.3290353223034963e8	5.33665119961717e7
0.401599999999989	58431.34186211432	1.3290348651319975e8	5.340900549866985e7
0.401919999999989	58433.73165617826	1.3290344075804234e8	5.3451498955699846e7
0.402239999999989	58436.12857507192	1.3290339490680943e8	5.34939923475306e7
0.402559999999989	58438.521985295796	1.3290334900346726e8	5.353648568540921e7
0.40287999999998897	58440.921522540746	1.3290330312114346e8	5.357897900450435e7
0.40319999999998896	58443.322853913516	1.3290325712302583e8	5.3621472247081764e7
0.40351999999998894	58445.72387204771	1.3290321107927577e8	5.3663965440083094e7
0.40383999999998893	58448.13142659276	1.3290316500936475e8	5.370645859541167e7
0.4041599999999889	58450.54347698237	1.3290311876200065e8	5.374895165067404e7
0.4044799999999889	58452.95952772386	1.3290307250801733e8	5.3791444674499325e7
0.4047999999999889	58455.375048782495	1.3290302626413703e8	5.383393767095023e7
0.4051199999999889	58457.795678020884	1.3290297979927237e8	5.387643054977269e7
0.40543999999998886	58460.21931678781	1.3290293340996692e8	5.39189234297325e7
0.40575999999998885	58462.64761988738	1.329028869617157e8	5.396141625730592e7
0.40607999999998884	58465.07408023652	1.3290284040417972e8	5.400390900812555e7
0.4063999999999888	58467.5008037408	1.329027939668205e8	5.4046401776591465e7
0.4067199999999888	58469.93688353333	1.3290274728755076e8	5.408889442094542e7
0.4070399999999888	58472.37587957863	1.3290270052836631e8	5.4131387003066294e7
0.4073599999999888	58474.81603209052	1.3290265371337943e8	5.4173879531654015e7
0.4076799999999888	58477.262247293496	1.3290260688885126e8	5.42163720284197e7
0.40799999999998876	58479.70726163976	1.3290256004676372e8	5.425886448577699e7
0.40831999999998875	58482.15978119459	1.3290251304504153e8	5.4301356850849204e7
0.40863999999998873	58484.61330702966	1.3290246599116164e8	5.434384916355204e7
0.4089599999999887	58487.0623735912	1.3290241910552871e8	5.438634151074081e7
0.4092799999999887	58489.52385611838	1.3290237189994703e8	5.442883370274111e7
0.4095999999999887	58491.98734727126	1.3290232468269078e8	5.4471325859358475e7
0.4099199999999887	58494.45208555136	1.3290227746123877e8	5.451381798319613e7
0.41023999999998867	58496.92002979065	1.3290223018536796e8	5.4556310054800615e7
0.41055999999998866	58499.38878701061	1.3290218285027274e8	5.459880207073309e7
0.41087999999998864	58501.86108940889	1.3290213546999735e8	5.4641294038316e7
0.41119999999998863	58504.339743000266	1.3290208789653629e8	5.468378589829489e7
0.4115199999999886	58506.81728708664	1.3290204045029691e8	5.472627777794178e7
0.4118399999999886	58509.30630065135	1.3290199278290421e8	5.4768769541303545e7
0.4121599999999886	58511.79060799699	1.329019451412217e8	5.4811261280395426e7
0.4124799999999886	58514.27928974022	1.3290189740015833e8	5.48537529489841e7
0.41279999999998856	58516.77288095037	1.3290184967714137e8	5.489624459575813e7
0.41311999999998855	58519.26702575367	1.3290180179390512e8	5.4938736144528635e7
0.41343999999998854	58521.767965760824	1.3290175378939371e8	5.4981227614903405e7
0.4137599999999885	58524.26714894878	1.3290170585965836e8	5.502371908286412e7
0.4140799999999885	58526.77247190672	1.3290165780901113e8	5.506621047208054e7
0.4143999999999885	58529.27902235355	1.329016098863445e8	5.510870188269512e7
0.4147199999999885	58531.79292414051	1.3290156162250978e8	5.515119312384837e7
0.4150399999999885	58534.305982422	1.3290151338042498e8	5.519368434103753e7
0.41535999999998846	58536.825922657124	1.329014651372017e8	5.523617552929399e7
0.41567999999998845	58539.34176898169	1.3290141682061046e8	5.5278666652172275e7
0.41599999999998843	58541.86903095018	1.3290136833817513e8	5.5321157680193394e7
0.4163199999999884	58544.393631631676	1.3290131985658659e8	5.53636486743675e7
0.4166399999999884	58546.919828095015	1.3290127151387922e8	5.540613969469202e7
0.4169599999999884	58549.457701813284	1.3290122278277844e8	5.544863052732422e7
0.4172799999999884	58551.994061040714	1.3290117404592232e8	5.549112132386017e7
0.41759999999998837	58554.530606342065	1.3290112547883557e8	5.553361215858532e7
0.41791999999998836	58557.07879226321	1.3290107663069953e8	5.5576102849923804e7
0.41823999999998834	58559.6195961482	1.329010277952224e8	5.5618593509368524e7
0.41855999999998833	58562.17464875555	1.3290097869885406e8	5.566108403501858e7
0.4188799999999883	58564.71760607105	1.3290093006013472e8	5.5703574712282926e7
0.4191999999999883	58567.279790154105	1.3290088089241447e8	5.574606514620071e7
0.4195199999999883	58569.83687820295	1.3290083181601503e8	5.578855558236413e7
0.4198399999999883	58572.399492471486	1.3290078268665428e8	5.583104596645293e7
0.42015999999998827	58574.96141828523	1.3290073348532866e8	5.587353628682291e7
0.42047999999998825	58577.53272123199	1.3290068412764406e8	5.591602651375282e7
0.42079999999998824	58580.10459202093	1.3290063476455821e8	5.595851670550423e7
0.4211199999999882	58582.68250086515	1.3290058532614523e8	5.600100683579082e7
0.4214399999999882	58585.258333591955	1.3290053590206403e8	5.604349693762578e7
0.4217599999999882	58587.84199677593	1.329004863102552e8	5.608598693996788e7
0.4220799999999882	58590.42521949956	1.3290043668432488e8	5.612847689426112e7
0.4223999999999882	58593.01425465398	1.3290038705234295e8	5.617096681594158e7
0.42271999999998816	58595.6078658488	1.3290033725053735e8	5.621345663505437e7
0.42303999999998815	58598.19622412043	1.3290028753949292e8	5.625594645599898e7
0.42335999999998813	58600.79487023866	1.3290023769054775e8	5.6298436191022694e7
0.4236799999999881	58603.39621551873	1.3290018769891429e8	5.634092583358136e7
0.4239999999999881	58606.002328182956	1.3290013773562533e8	5.638341545724459e7
0.4243199999999881	58608.61522178052	1.329000876361801e8	5.6425904993393235e7
0.4246399999999881	58611.22302537354	1.3290003750680734e8	5.646839448016896e7
0.42495999999998807	58613.83205960677	1.3289998746142063e8	5.651088396959128e7
0.42527999999998806	58616.45622095506	1.3289993698691656e8	5.65533732515136e7
0.42559999999998804	58619.07810331424	1.3289988665383825e8	5.6595862558334514e7
0.42591999999998803	58621.70126111695	1.3289983621518247e8	5.663835178702891e7
0.426239999999988	58624.32825939204	1.3289978581301634e8	5.66808409995206e7
0.426559999999988	58626.95948881616	1.328997353250742e8	5.6723330143911324e7
0.426879999999988	58629.592262491475	1.3289968478059602e8	5.676581923105671e7
0.427199999999988	58632.23346694202	1.3289963401196547e8	5.680830819323991e7
0.42751999999998797	58634.87388673854	1.3289958338732581e8	5.685079718235061e7
0.42783999999998795	58637.5217112691	1.32899532475454e8	5.689328601871896e7
0.42815999999998794	58640.16766087391	1.3289948166892406e8	5.693577486484012e7
0.4284799999999879	58642.824698662254	1.3289943059732339e8	5.69782635695113e7
0.4287999999999879	58645.48022174258	1.3289937967527865e8	5.702075230306054e7
0.4291199999999879	58648.13656934532	1.3289932861103456e8	5.706324094177025e7
0.4294399999999879	58650.80045781468	1.3289927736616376e8	5.710572947283296e7
0.4297599999999879	58653.46209041313	1.3289922624406932e8	5.7148218020872064e7
0.43007999999998786	58656.133368525254	1.3289917495343907e8	5.7190706467502855e7
0.43039999999998785	58658.79896619537	1.3289912372304557e8	5.723319490228835e7
0.43071999999998783	58661.47921859765	1.3289907218275808e8	5.727568317744551e7
0.4310399999999878	58664.16067549146	1.328990207572862e8	5.731817146807696e7
0.4313599999999878	58666.838059565824	1.32898969172361e8	5.736065965298221e7
0.4316799999999878	58669.53048625453	1.3289891764421016e8	5.740314783621697e7
0.4319999999999878	58672.21274033402	1.3289886604797132e8	5.7445635949558504e7
0.43231999999998777	58674.9099585077	1.3289881417028499e8	5.748812391498122e7
0.43263999999998776	58677.60893407454	1.3289876243966798e8	5.753061191010117e7
0.43295999999998774	58680.30554768171	1.3289871040138936e8	5.757309973584166e7
0.43327999999998773	58683.00761398919	1.3289865856067422e8	5.76155876152423e7
0.4335999999999877	58685.71890908713	1.3289860638507676e8	5.765807531975776e7
0.4339199999999877	58688.42985906381	1.3289855424203409e8	5.770056300307641e7
0.4342399999999877	58691.14448411633	1.3289850219494106e8	5.77430506950329e7
0.4345599999999877	58693.8590354899	1.3289844994459972e8	5.778553826357664e7
0.43487999999998767	58696.586485847954	1.3289839755357964e8	5.782802574305396e7
0.43519999999998765	58699.309253071515	1.3289834520704906e8	5.787051320397224e7
0.43551999999998764	58702.03343969181	1.3289829282068728e8	5.791300061310012e7
0.4358399999999876	58704.76654750709	1.328982402788446e8	5.795548792422542e7
0.4361599999999876	58707.50159188632	1.3289818770114684e8	5.799797518542813e7
0.4364799999999876	58710.23309694712	1.3289813516405253e8	5.804046242695879e7
0.4367999999999876	58712.982086222866	1.3289808226637359e8	5.8082949485461295e7
0.4371199999999876	58715.72826447103	1.3289802957110734e8	5.81254365952463e7
0.43743999999998756	58718.47887273689	1.3289797667362306e8	5.816792358358267e7
0.43775999999998755	58721.227353424794	1.3289792384059872e8	5.821041056332603e7
0.43807999999998753	58723.98163363435	1.3289787078004809e8	5.825289741108138e7
0.4383999999999875	58726.74518378094	1.3289781767816009e8	5.829538421019893e7
0.4387199999999875	58729.510638090374	1.3289776462109655e8	5.833787099429677e7
0.4390399999999875	58732.282787128635	1.3289771113348493e8	5.838035755739583e7
0.4393599999999875	58735.05265183063	1.328976579441086e8	5.842284421424061e7
0.43967999999998747	58737.82545785502	1.3289760455162443e8	5.846533074761711e7
0.43999999999998746	58740.60836133257	1.3289755110344097e8	5.850781722619471e7
0.44031999999998744	58743.388025405504	1.3289749762618053e8	5.85503036541682e7
0.44063999999998743	58746.17226223297	1.328974440458646e8	5.859279000328471e7
0.4409599999999874	58748.962913308795	1.3289739034637932e8	5.8635276267364815e7
0.4412799999999874	58751.75804064296	1.3289733650416389e8	5.867776243480824e7
0.4415999999999874	58754.55067534395	1.3289728282788458e8	5.8720248637889266e7
0.4419199999999874	58757.35385975177	1.3289722894153617e8	5.8762734717884034e7
0.44223999999998737	58760.15505958911	1.3289717505407636e8	5.880522075999908e7
0.44255999999998735	58762.963712727775	1.3289712101168005e8	5.884770670141947e7
0.44287999999998734	58765.77838871888	1.3289706677300347e8	5.889019252288202e7
0.4431999999999873	58768.59371593694	1.3289701270970169e8	5.893267838591913e7
0.4435199999999873	58771.41375422212	1.3289695843824172e8	5.8975164122853234e7
0.4438399999999873	58774.23479778422	1.3289690407587683e8	5.9017649783460625e7
0.4441599999999873	58777.06731426948	1.328968496012014e8	5.9060135363963895e7
0.4444799999999873	58779.89678576286	1.3289679520883897e8	5.910262094268548e7
0.44479999999998726	58782.72965368083	1.3289674061516142e8	5.9145106397125825e7
0.44511999999998725	58785.56457146015	1.328966860798965e8	5.918759184195124e7
0.44543999999998724	58788.40634227739	1.3289663132737336e8	5.9230077157084666e7
0.4457599999999872	58791.25404350242	1.3289657667907201e8	5.927256248510251e7
0.4460799999999872	58794.10077400281	1.3289652173114744e8	5.931504764212929e7
0.4463999999999872	58796.952933803805	1.3289646674512044e8	5.9357532748164214e7
0.4467199999999872	58799.81590669941	1.3289641184935997e8	5.940001786348924e7
0.44703999999998717	58802.67077324542	1.3289635678788044e8	5.9442502863283135e7
0.44735999999998716	58805.54360423767	1.3289630155894214e8	5.9484987761024095e7
0.44767999999998714	58808.40480660539	1.3289624640607896e8	5.952747264921451e7
0.44799999999998713	58811.27821426835	1.3289619113556777e8	5.956995745430693e7
0.4483199999999871	58814.1499480359	1.3289613573855874e8	5.961244216455227e7
0.4486399999999871	58817.032670215696	1.3289608040089023e8	5.965492687018673e7
0.4489599999999871	58819.9156619578	1.3289602478008194e8	5.969741141159024e7
0.4492799999999871	58822.80009273432	1.328959692509814e8	5.973989595754629e7
0.44959999999998707	58825.69597679168	1.3289591354993361e8	5.978238039511406e7
0.44991999999998705	58828.59403265795	1.328958576816337e8	5.9824864721124396e7
0.45023999999998704	58831.489362266504	1.3289580194182676e8	5.986734906587816e7
0.450559999999987	58834.39154124906	1.3289574601130918e8	5.990983329094216e7
0.450879999999987	58837.30099842918	1.3289569003207998e8	5.995231746038676e7
0.451199999999987	58840.20749180422	1.3289563400547582e8	5.9994801569140464e7
0.451519999999987	58843.12853702822	1.3289557770003673e8	6.003728552225885e7
0.451839999999987	58846.04314971944	1.3289552155591282e8	6.0079769506834865e7
0.45215999999998696	58848.96618118759	1.3289546529360947e8	6.012225340478943e7
0.45247999999998695	58851.89912579792	1.3289540881982413e8	6.0164737174601644e7
0.45279999999998694	58854.8249815048	1.3289535251154809e8	6.020722097745711e7
0.4531199999999869	58857.75907438138	1.3289529588654597e8	6.024970460339257e7
0.4534399999999869	58860.699852695725	1.3289523936554432e8	6.0292188242022164e7
0.4537599999999869	58863.639149537994	1.3289518261768658e8	6.033467173884877e7
0.4540799999999869	58866.59218898035	1.328951257554783e8	6.037715515305365e7
0.45439999999998687	58869.53945877353	1.3289506889627527e8	6.041963852719445e7
0.45471999999998686	58872.493855047076	1.3289501202445483e8	6.0462121861207634e7
0.45503999999998684	58875.45572866478	1.3289495499487199e8	6.05046050892187e7
0.45535999999998683	58878.41588215451	1.3289489787512933e8	6.05470882368432e7
0.4556799999999868	58881.3803661909	1.328948407636872e8	6.0589571352156155e7
0.4559999999999868	58884.35584756373	1.3289478348615775e8	6.063205435926725e7
0.4563199999999868	58887.3249698705	1.3289472619207202e8	6.067453731680417e7
0.4566399999999868	58890.30476450924	1.3289466880623429e8	6.0717020199673906e7
0.45695999999998677	58893.288069275484	1.3289461131013931e8	6.075950299543264e7
0.45727999999998675	58896.27539052896	1.3289455366151015e8	6.080198568491355e7
0.45759999999998674	58899.264296268644	1.3289449616806518e8	6.0844468407459155e7
0.4579199999999867	58902.25763618407	1.3289443834160168e8	6.08869509412039e7
0.4582399999999867	58905.255349682906	1.3289438058495015e8	6.092943347038404e7
0.4585599999999867	58908.26167489591	1.3289432260270183e8	6.097191586189444e7
0.4588799999999867	58911.27228090802	1.328942646572998e8	6.101439823359661e7
0.4591999999999867	58914.28183096324	1.3289420657150558e8	6.105688050124777e7
0.45951999999998666	58917.29551617073	1.3289414854671541e8	6.109936276006547e7
0.45983999999998665	58920.31800926308	1.3289409035184062e8	6.11418449063645e7
0.46015999999998664	58923.33579862799	1.3289403206730363e8	6.118432696968619e7
0.4604799999999866	58926.36736666525	1.3289397365440077e8	6.122680894209835e7
0.4607999999999866	58929.39697590488	1.3289391522561258e8	6.1269290866809905e7
0.4611199999999866	58932.4385600359	1.3289385649987896e8	6.131177262171364e7
0.4614399999999866	58935.47496110699	1.3289379801578172e8	6.135425444579559e7
0.46175999999998657	58938.51955639149	1.3289373920799053e8	6.1396736085445955e7
0.46207999999998656	58941.57156900204	1.3289368038713726e8	6.1439217683465e7
0.46239999999998654	58944.62209031232	1.3289362155901352e8	6.1481699237721816e7
0.46271999999998653	58947.679113409235	1.3289356263095054e8	6.15241807096257e7
0.4630399999999865	58950.7446921771	1.3289350354377055e8	6.156666207277564e7
0.4633599999999865	58953.80598215144	1.3289344451990351e8	6.1609143423182964e7
0.4636799999999865	58956.87255634254	1.3289338534661749e8	6.165162466740722e7
0.4639999999999865	58959.95454284218	1.328933258331556e8	6.1694105722217366e7
0.46431999999998647	58963.02758442505	1.3289326656749508e8	6.173658684723394e7
0.46463999999998645	58966.108297543506	1.3289320715500084e8	6.177906786823596e7
0.46495999999998644	58969.19836102466	1.3289314760672486e8	6.182154879111207e7
0.4652799999999864	58972.287397029664	1.3289308797961229e8	6.1864029636669144e7
0.4655999999999864	58975.37732513254	1.328930283430986e8	6.190651043818745e7
0.4659199999999864	58978.491467804015	1.3289296819564891e8	6.194899097443806e7
0.4662399999999864	58981.5915952715	1.3289290841937572e8	6.199147163577782e7
0.4665599999999864	58984.694903208416	1.3289284849758543e8	6.203395219068082e7
0.46687999999998636	58987.81184193512	1.328927883898165e8	6.207643262568489e7
0.46719999999998635	58990.92842616777	1.328927283001201e8	6.2118913028479755e7
0.46751999999998634	58994.045672337605	1.3289266802280249e8	6.2161393303458415e7
0.4678399999999863	58997.178443028584	1.3289260757704043e8	6.220387346732102e7
0.4681599999999863	59000.31005491485	1.328925471982781e8	6.224635362124366e7
0.4684799999999863	59003.43927810929	1.3289248674678148e8	6.228883369917547e7
0.4687999999999863	59006.57923890052	1.3289242619733289e8	6.2331313696199544e7
0.46911999999998627	59009.720863909046	1.3289236548893683e8	6.237379357878046e7
0.46943999999998626	59012.86987024101	1.3289230479404284e8	6.2416273430751994e7
0.46975999999998624	59016.02025354582	1.3289224397576383e8	6.2458753184632234e7
0.47007999999998623	59019.17395799658	1.328921830729939e8	6.250123285961497e7
0.4703999999999862	59022.335312066956	1.3289212197450572e8	6.254371240558693e7
0.4707199999999862	59025.50442060195	1.3289206085151754e8	6.2586191903004244e7
0.4710399999999862	59028.66541578607	1.3289199983182916e8	6.262867140364131e7
0.4713599999999862	59031.84655913619	1.3289193836781085e8	6.267115066441451e7
0.47167999999998617	59035.02758775916	1.3289187699007726e8	6.271362992445297e7
0.47199999999998615	59038.208602322724	1.3289181558295457e8	6.2756109129294746e7
0.47231999999998614	59041.398830229635	1.3289175408695453e8	6.279858825568326e7
0.4726399999999861	59044.58757568605	1.3289169244672866e8	6.28410672717239e7
0.4729599999999861	59047.782795710504	1.3289163065208934e8	6.288354617665498e7
0.4732799999999861	59050.98457441287	1.3289156892580958e8	6.2926025075800344e7
0.4735999999999861	59054.1864907706	1.3289150703272063e8	6.2968503854463376e7
0.4739199999999861	59057.400068924384	1.328914449472207e8	6.301098250641324e7
0.47423999999998606	59060.61593823798	1.3289138283691572e8	6.305346110601275e7
0.47455999999998605	59063.835548770374	1.3289132061939383e8	6.309593961488842e7
0.47487999999998604	59067.05860352215	1.3289125846221492e8	6.3138418112348646e7
0.475199999999986	59070.28769101293	1.3289119606757699e8	6.318089645829097e7
0.475519999999986	59073.52254074941	1.3289113357744169e8	6.322337471984539e7
0.475839999999986	59076.75762595515	1.3289107101685284e8	6.326585290593462e7
0.476159999999986	59079.99834393093	1.3289100833492842e8	6.330833099509014e7
0.47647999999998597	59083.2438151246	1.3289094578930028e8	6.335080910948603e7
0.47679999999998596	59086.49557140116	1.3289088292599791e8	6.3393287033596896e7
0.47711999999998594	59089.75128038958	1.3289081996114302e8	6.3435764869008176e7
0.47743999999998593	59093.01545824841	1.3289075701861386e8	6.3478242677122995e7
0.4777599999999859	59096.283023327705	1.3289069388057865e8	6.352072035122949e7
0.4780799999999859	59099.54564368769	1.3289063080320956e8	6.356319800925891e7
0.4783999999999859	59102.83042261565	1.3289056736309202e8	6.360567546284979e7
0.4787199999999859	59106.09708701731	1.3289050410821906e8	6.364815295297427e7
0.47903999999998587	59109.38701502633	1.3289044058539309e8	6.3690630284284174e7
0.47935999999998585	59112.67717239033	1.328903770683803e8	6.3733107575739935e7
0.47967999999998584	59115.97011972675	1.3289031324047577e8	6.377558467676224e7
0.4799999999999858	59119.266855732996	1.3289024972937806e8	6.381806188886456e7
0.4803199999999858	59122.569805632396	1.3289018569250444e8	6.386053880889844e7
0.4806399999999858	59125.88161458555	1.3289012178392863e8	6.390301575210092e7
0.4809599999999858	59129.19179305037	1.3289005780620152e8	6.394549261817706e7
0.4812799999999858	59132.504006620606	1.328899937697023e8	6.398796941395875e7
0.48159999999998576	59135.82732448625	1.3288992949634843e8	6.403044605832452e7
0.48191999999998575	59139.15229454911	1.3288986524674144e8	6.407292267172851e7
0.48223999999998574	59142.48872376041	1.3288980077253383e8	6.411539913950644e7
0.4825599999999857	59145.820958505385	1.3288973621470901e8	6.415787552136485e7
0.4828799999999857	59149.172703019016	1.3288967142468783e8	6.4200351757739544e7
0.4831999999999857	59152.50129195486	1.3288960718249163e8	6.4242828203245744e7
0.4835199999999857	59155.85929126515	1.3288954220772511e8	6.428530426648409e7
0.48383999999998567	59159.21329842429	1.3288947735212342e8	6.4327780341585614e7
0.48415999999998566	59162.57771144136	1.3288941226370198e8	6.437025626567871e7
0.48447999999998564	59165.93994498262	1.3288934734637313e8	6.441273222772938e7
0.48479999999998563	59169.312581812905	1.3288928197707058e8	6.445520793232407e7
0.4851199999999856	59172.68248154045	1.328892169233743e8	6.449768374462152e7
0.4854399999999856	59176.06664024699	1.3288915145465687e8	6.454015931899713e7
0.4857599999999856	59179.45152474083	1.3288908593772237e8	6.458263482625818e7
0.4860799999999856	59182.83363851858	1.3288902054313283e8	6.46251103474676e7
0.48639999999998557	59186.23132272683	1.3288895475522281e8	6.4667585641345814e7
0.48671999999998555	59189.62945651312	1.3288888897304803e8	6.4710060893967465e7
0.48703999999998554	59193.0370228699	1.3288882307421613e8	6.475253605033555e7
0.4873599999999855	59196.45357611007	1.3288875700677244e8	6.479501108477995e7
0.4876799999999855	59199.85674649516	1.3288869111699149e8	6.483748615454085e7
0.4879999999999855	59203.28379356938	1.3288862478116436e8	6.487996097450859e7
0.4883199999999855	59206.70586782741	1.3288855862758918e8	6.492243583628087e7
0.4886399999999855	59210.13027625814	1.3288849249474443e8	6.496491066484806e7
0.48895999999998546	59213.56907050792	1.3288842599852024e8	6.500738527857231e7
0.48927999999998545	59217.00802194848	1.3288835923475103e8	6.504985971671402e7
0.48959999999998544	59220.44871170244	1.3288829277632128e8	6.509233426030742e7
0.4899199999999854	59223.89945868053	1.3288822586530605e8	6.513480854256469e7
0.4902399999999854	59227.35405541572	1.3288815909342952e8	6.517728284996424e7
0.4905599999999854	59230.813403869186	1.3288809208250687e8	6.521975699757309e7
0.4908799999999854	59234.27977949268	1.3288802506405708e8	6.526223109996374e7
0.49119999999998537	59237.75439047791	1.3288795785750948e8	6.530470506904059e7
0.49151999999998536	59241.226305795186	1.3288789063831866e8	6.534717898529641e7
0.49183999999998534	59244.7011820212	1.3288782337838882e8	6.538965283777747e7
0.49215999999998533	59248.19260803264	1.3288775571945004e8	6.543212645701665e7
0.4924799999999853	59251.67969125599	1.328876883247302e8	6.547460015863808e7
0.4927999999999853	59255.178530459256	1.328876205411533e8	6.551707362922904e7
0.4931199999999853	59258.677076025815	1.3288755273391546e8	6.555954704238274e7
0.4934399999999853	59262.18061849899	1.328874849029123e8	6.56020204007052e7
0.49375999999998527	59265.69187513107	1.3288741695588022e8	6.564449365998833e7
0.49407999999998525	59269.20313985755	1.3288734886869062e8	6.568696680429322e7
0.49439999999998524	59272.737908147596	1.328872805356706e8	6.572943979311994e7
0.4947199999999852	59276.257368124476	1.3288721233962263e8	6.577191279597911e7
0.4950399999999852	59279.78874034244	1.3288714401539885e8	6.58143856955034e7
0.4953599999999852	59283.32843043629	1.3288707548165978e8	6.585685844945216e7
0.4956799999999852	59286.8628340717	1.3288700692459238e8	6.589933114304446e7
0.4959999999999852	59290.41865518069	1.3288693802995047e8	6.594180363385568e7
0.49631999999998516	59293.98009254814	1.3288686917625043e8	6.598427610144766e7
0.49663999999998515	59297.53136338778	1.328868004636709e8	6.6026748587662615e7
0.49695999999998514	59301.08999208669	1.3288673152223527e8	6.606922091759768e7
0.4972799999999851	59304.66458574365	1.3288666213694525e8	6.61116929884387e7
0.4975999999999851	59308.24276955636	1.3288659296833345e8	6.615416512220817e7
0.4979199999999851	59311.81437381996	1.3288652350373076e8	6.619663705873644e7
0.4982399999999851	59315.40225305634	1.3288645419265312e8	6.623910903318e7
0.49855999999998507	59318.993032413	1.3288638462027262e8	6.628158083214731e7
0.49887999999998506	59322.58414222078	1.3288631505517688e8	6.632405258809001e7
0.49919999999998504	59326.18374515839	1.3288624525242138e8	6.636652418282635e7
0.49951999999998503	59329.789660167124	1.3288617550382347e8	6.640899576079703e7
0.499839999999985	59333.40180288343	1.3288610527077535e8	6.645146705278809e7
0.5001599999999851	59337.02114374686	1.3288603531229933e8	6.649393843844614e7
0.500479999999985	59340.644961409664	1.3288596508527479e8	6.653640964484746e7
0.500799999999985	59344.27419105261	1.3288589461026528e8	6.657888068249504e7
0.501119999999985	59347.898810385755	1.3288582454440083e8	6.662135187544668e7
0.501439999999985	59351.544687622285	1.328857537556326e8	6.666382266934188e7
0.501759999999985	59355.18664283115	1.3288568315347148e8	6.670629350727678e7
0.502079999999985	59358.84255447799	1.3288561225956996e8	6.6748764158167616e7
0.502399999999985	59362.49442695323	1.3288554146990667e8	6.679123481170596e7
0.502719999999985	59366.15464932461	1.3288547065732464e8	6.683370541023226e7
0.5030399999999849	59369.81925601981	1.3288539945089495e8	6.687617576515367e7
0.5033599999999849	59373.490746894284	1.3288532837576689e8	6.691864614166856e7
0.5036799999999849	59377.17289656304	1.3288525701812436e8	6.6961116333338894e7
0.5039999999999849	59380.85688357016	1.3288518548588723e8	6.700358638989941e7
0.5043199999999849	59384.53832998372	1.3288511421473925e8	6.70460565287347e7
0.5046399999999849	59388.236521602885	1.3288504254127358e8	6.708852642486963e7
0.5049599999999849	59391.93782639998	1.3288497069130522e8	6.713099618518105e7
0.5052799999999849	59395.64371864933	1.3288489888574307e8	6.717346592184673e7
0.5055999999999848	59399.343672266994	1.3288482703402682e8	6.72159355839135e7
0.5059199999999848	59403.0610427518	1.3288475503160197e8	6.725840512998605e7
0.5062399999999848	59406.79367596107	1.3288468267968468e8	6.7300874458207e7
0.5065599999999848	59410.51441615561	1.328846103588494e8	6.734334374761024e7
0.5068799999999848	59414.24848568276	1.3288453785307889e8	6.738581290117987e7
0.5071999999999848	59417.9842374664	1.3288446550543453e8	6.742828208698659e7
0.5075199999999848	59421.732049465165	1.3288439264383224e8	6.747075096919544e7
0.5078399999999847	59425.48482563467	1.3288432003109293e8	6.751321993119998e7
0.5081599999999847	59429.239577909306	1.3288424717127888e8	6.755568871974905e7
0.5084799999999847	59432.99970211294	1.3288417432360521e8	6.759815746807833e7
0.5087999999999847	59436.77237277447	1.3288410107047455e8	6.764062596724494e7
0.5091199999999847	59440.541866526284	1.3288402780322132e8	6.768309440836544e7
0.5094399999999847	59444.324111236696	1.3288395454217875e8	6.772556280960152e7
0.5097599999999847	59448.116845734	1.3288388094949585e8	6.776803099761543e7
0.5100799999999847	59451.89504195138	1.3288380749208415e8	6.78104991979792e7
0.5103999999999846	59455.69832018107	1.3288373372900574e8	6.785296720518005e7
0.5107199999999846	59459.502883304645	1.3288365992784587e8	6.789543514391814e7
0.5110399999999846	59463.312702964366	1.3288358589547317e8	6.793790291739981e7
0.5113599999999846	59467.13220476432	1.32883511976896e8	6.798037070398404e7
0.5116799999999846	59470.94624084417	1.3288343782609043e8	6.802283831932023e7
0.5119999999999846	59474.770891158434	1.3288336369598141e8	6.806530590053532e7
0.5123199999999846	59478.61310918227	1.3288328919927925e8	6.810777325261378e7
0.5126399999999846	59482.44571298513	1.3288321473231196e8	6.815024056511304e7
0.5129599999999845	59486.293140234964	1.3288313999108042e8	6.819270769403358e7
0.5132799999999845	59490.14114744104	1.3288306529413609e8	6.82351747956714e7
0.5135999999999845	59493.9936206446	1.3288299052600163e8	6.827764181264946e7
0.5139199999999845	59497.8561975554	1.3288291553944254e8	6.832010867196876e7
0.5142399999999845	59501.72314552433	1.3288284048271124e8	6.836257544686255e7
0.5145599999999845	59505.60266068602	1.3288276520989203e8	6.840504206615558e7
0.5148799999999845	59509.483332134056	1.328826898334443e8	6.844750858199582e7
0.5151999999999844	59513.373141191165	1.3288261417466302e8	6.848997490608317e7
0.5155199999999844	59517.26150345639	1.3288253885966557e8	6.853244135578594e7
0.5158399999999844	59521.157943382765	1.3288246299029794e8	6.85749074727431e7
0.5161599999999844	59525.060393585474	1.3288238719937526e8	6.86173735820483e7
0.5164799999999844	59528.97673395704	1.3288231138160777e8	6.86598396332011e7
0.5167999999999844	59532.89162794942	1.3288223527679482e8	6.870230548428012e7
0.5171199999999844	59536.80427161668	1.3288215928143841e8	6.874477133966205e7
0.5174399999999844	59540.73792316896	1.3288208286829804e8	6.878723693786226e7
0.5177599999999843	59544.67439963711	1.328820064324584e8	6.882970247425006e7
0.5180799999999843	59548.61793113748	1.3288192972186835e8	6.887216782025684e7
0.5183999999999843	59552.56318594085	1.32881853051415e8	6.891463313628179e7
0.5187199999999843	59556.514419983	1.3288177636503641e8	6.895709839532965e7
0.5190399999999843	59560.472446358	1.3288169952469397e8	6.899956352612287e7
0.5193599999999843	59564.44783397328	1.3288162230176747e8	6.904202841485079e7
0.5196799999999843	59568.412175255886	1.3288154527750148e8	6.90844933495459e7
0.5199999999999843	59572.385933557365	1.3288146804095894e8	6.912695812654467e7
0.5203199999999842	59576.37556124627	1.3288139076236197e8	6.91694228372993e7
0.5206399999999842	59580.3641761939	1.3288131318843505e8	6.921188734179623e7
0.5209599999999842	59584.367472317484	1.3288123526299722e8	6.925435161800288e7
0.5212799999999842	59588.36951549498	1.3288115749695785e8	6.929681592426655e7
0.5215999999999842	59592.38131037299	1.3288107965774292e8	6.933928014469549e7
0.5219199999999842	59596.379969697584	1.3288100194894624e8	6.938174437452783e7
0.5222399999999842	59600.41635728995	1.3288092361231737e8	6.942420824221337e7
0.5225599999999841	59604.440109286574	1.3288084538048874e8	6.946667210591187e7
0.5228799999999841	59608.473786743016	1.3288076687606251e8	6.95091357791666e7
0.5231999999999841	59612.51238925727	1.32880688374752e8	6.955159940357535e7
0.5235199999999841	59616.572856987324	1.3288060953086339e8	6.959406280623038e7
0.5238399999999841	59620.624305410034	1.3288053064193271e8	6.963652612793718e7
0.5241599999999841	59624.68610841659	1.3288045186463092e8	6.967898946000066e7
0.5244799999999841	59628.74760548059	1.3288037269139592e8	6.972145253124258e7
0.5247999999999841	59632.822267131436	1.3288029367649196e8	6.97639156385622e7
0.525119999999984	59636.90472904018	1.3288021433386633e8	6.98063785243155e7
0.525439999999984	59640.992530132695	1.3288013476513068e8	6.984884124040325e7
0.525759999999984	59645.08932391637	1.3288005509544176e8	6.989130385413831e7
0.526079999999984	59649.18543097717	1.3287997555421731e8	6.993376648151997e7
0.526399999999984	59653.299784650524	1.3287989560341635e8	6.997622884841424e7
0.526719999999984	59657.402742022656	1.3287981579630429e8	7.001869123179701e7
0.527039999999984	59661.52853577841	1.328797354845248e8	7.00611533062981e7
0.527359999999984	59665.65700081414	1.3287965522891322e8	7.01036153576424e7
0.5276799999999839	59669.78519564079	1.3287957491613695e8	7.014607732468863e7
0.5279999999999839	59673.925641586466	1.3287949442435485e8	7.018853914896005e7
0.5283199999999839	59678.07153565081	1.3287941393502253e8	7.02310009229309e7
0.5286399999999839	59682.22547102709	1.3287933301117788e8	7.027346241682497e7
0.5289599999999839	59686.3857337345	1.3287925189884235e8	7.031592375954552e7
0.5292799999999839	59690.553769644066	1.3287917107500973e8	7.035838520404945e7
0.5295999999999839	59694.720887164935	1.328790899978664e8	7.040084645957324e7
0.5299199999999838	59698.90422795109	1.3287900857459994e8	7.044330748474932e7
0.5302399999999838	59703.08142353448	1.3287892729904202e8	7.04857685305714e7
0.5305599999999838	59707.2792052277	1.3287884587098116e8	7.052822945045571e7
0.5308799999999838	59711.4763980099	1.3287876413557406e8	7.057069015209924e7
0.5311999999999838	59715.68905902312	1.3287868225612302e8	7.061315072948126e7
0.5315199999999838	59719.904005992736	1.328786000804351e8	7.065561109537943e7
0.5318399999999838	59724.123326240566	1.328785179245317e8	7.06980714185572e7
0.5321599999999838	59728.3526447136	1.328784358087391e8	7.074053171247773e7
0.5324799999999837	59732.584797479365	1.328783534561748e8	7.078299182638632e7
0.5327999999999837	59736.81928791394	1.328782709521234e8	7.08254518052605e7
0.5331199999999837	59741.06499142284	1.3287818819097626e8	7.08679115967943e7
0.5334399999999837	59745.33028273816	1.3287810542189705e8	7.091037133755131e7
0.5337599999999837	59749.58028163011	1.3287802261270806e8	7.095283099406739e7
0.5340799999999837	59753.855347250465	1.328779394955452e8	7.0995290442062e7
0.5343999999999837	59758.122787722685	1.328778563320005e8	7.103774980578884e7
0.5347199999999837	59762.40950092233	1.3287777301576352e8	7.108020904087949e7
0.5350399999999836	59766.7056371284	1.3287768932957254e8	7.112266802634536e7
0.5353599999999836	59771.000659115656	1.3287760572719611e8	7.116512699985579e7
0.5356799999999836	59775.30519945881	1.3287752192099206e8	7.120758581234506e7
0.5359999999999836	59779.61847301387	1.3287743806888393e8	7.125004454789108e7
0.5363199999999836	59783.9318092027	1.3287735401063094e8	7.12925031164807e7
0.5366399999999836	59788.25994433143	1.3287726977007592e8	7.133496153753917e7
0.5369599999999836	59792.58783743069	1.3287718559389026e8	7.137741993636538e7
0.5372799999999835	59796.931610067695	1.3287710089377028e8	7.141987800439732e7
0.5375999999999835	59801.26926779952	1.3287701668403599e8	7.146233627624498e7
0.5379199999999835	59805.62625901227	1.3287693182392685e8	7.150479415050632e7
0.5382399999999835	59809.98538324961	1.328768468164032e8	7.154725188930923e7
0.5385599999999835	59814.351364237315	1.3287676173443057e8	7.158970953398626e7
0.5388799999999835	59818.72655806766	1.3287667655467962e8	7.163216707297401e7
0.5391999999999835	59823.10429647299	1.3287659141335428e8	7.167462457653825e7
0.5395199999999835	59827.505263149294	1.3287650568193205e8	7.171708171513735e7
0.5398399999999834	59831.89708317588	1.3287642016500399e8	7.175953890763535e7
0.5401599999999834	59836.29501208034	1.3287633451410393e8	7.180199597303453e7
0.5404799999999834	59840.713314229375	1.3287624836139332e8	7.184445271894582e7
0.5407999999999834	59845.12795867848	1.3287616239349994e8	7.18869095051612e7
0.5411199999999834	59849.55211018679	1.3287607636266343e8	7.192936620383455e7
0.5414399999999834	59853.98754746296	1.328759899113623e8	7.197182262213556e7
0.5417599999999834	59858.430403234226	1.3287590338474359e8	7.201427894486445e7
0.5420799999999834	59862.88189478034	1.3287581662891197e8	7.205673508907565e7
0.5423999999999833	59867.33277804265	1.3287572984058008e8	7.209919115700765e7
0.5427199999999833	59871.80099103023	1.3287564288176464e8	7.214164708194627e7
0.5430399999999833	59876.26664278681	1.3287555575753398e8	7.218410285737413e7
0.5433599999999833	59880.750332364594	1.3287546861216344e8	7.222655857093468e7
0.5436799999999833	59885.22708790112	1.3287538122177611e8	7.226901408947778e7
0.5439999999999833	59889.72722207547	1.3287529349762625e8	7.231146937831971e7
0.5443199999999833	59894.211944073926	1.3287520616987045e8	7.235392481688035e7
0.5446399999999832	59898.72711210096	1.328751180610619e8	7.23963797851523e7
0.5449599999999832	59903.25371697123	1.3287502994927937e8	7.243883469772843e7
0.5452799999999832	59907.77211086179	1.3287494189679314e8	7.248128957961538e7
0.5455999999999832	59912.30052709856	1.3287485353124116e8	7.252374423600246e7
0.5459199999999832	59916.8411568235	1.3287476509581281e8	7.256619880033639e7
0.5462399999999832	59921.38976643961	1.3287467643883277e8	7.26086531877662e7
0.5465599999999832	59925.94004005769	1.3287458770156105e8	7.265110747241473e7
0.5468799999999832	59930.50108507047	1.3287449877506194e8	7.26935615987553e7
0.5471999999999831	59935.07066728043	1.3287440974037816e8	7.273601560993083e7
0.5475199999999831	59939.651717899105	1.3287432030057083e8	7.277846934457561e7
0.5478399999999831	59944.221860585196	1.3287423145501311e8	7.282092333966863e7
0.5481599999999831	59948.82610013927	1.3287414153786644e8	7.286337670297971e7
0.5484799999999831	59953.42268438668	1.3287405198626262e8	7.290583020283353e7
0.5487999999999831	59958.026314015515	1.3287396209165639e8	7.294828345737165e7
0.5491199999999831	59962.642126499384	1.3287387216574691e8	7.29907366397347e7
0.549439999999983	59967.26534004177	1.3287378187008196e8	7.303318956176719e7
0.549759999999983	59971.891272728695	1.3287369175424539e8	7.307564252313833e7
0.550079999999983	59976.53656773486	1.3287360124907842e8	7.311809521842337e7
0.550399999999983	59981.17541068746	1.3287351061518648e8	7.316054777906103e7
0.550719999999983	59985.832856623136	1.3287341972477289e8	7.32030001458105e7
0.551039999999983	59990.49772895883	1.32873328844552e8	7.324545246036007e7
0.551359999999983	59995.181685070376	1.3287323748904657e8	7.328790446026964e7
0.551679999999983	59999.85030185148	1.3287314663994269e8	7.333035667120865e7
0.551999999999983	60004.53710945689	1.3287305513343586e8	7.337280846627936e7
0.5523199999999829	60009.23419606163	1.3287296336888763e8	7.341526006186664e7
0.5526399999999829	60013.939347111795	1.32872871522378e8	7.345771155403103e7
0.5529599999999829	60018.65438400675	1.3287277972429925e8	7.350016301560207e7
0.5532799999999829	60023.3673752926	1.3287268765306547e8	7.354261426335968e7
0.5535999999999829	60028.098208916854	1.3287259541874537e8	7.358506536685562e7
0.5539199999999829	60032.828548444784	1.3287250304781982e8	7.362751633240497e7
0.5542399999999829	60037.5717141828	1.3287241051236866e8	7.366996715034024e7
0.5545599999999828	60042.327229811344	1.3287231767130399e8	7.37124177420373e7
0.5548799999999828	60047.083997463575	1.3287222495478928e8	7.375486834094015e7
0.5551999999999828	60051.84553958361	1.328721320716097e8	7.379731878705144e7
0.5555199999999828	60056.63023607607	1.3287203868261859e8	7.383976889997333e7
0.5558399999999828	60061.412711691904	1.3287194519375008e8	7.388221889356178e7
0.5561599999999828	60066.201255937056	1.3287185170049766e8	7.392466882451192e7
0.5564799999999828	60071.00997982782	1.3287175783664064e8	7.396711849527775e7
0.5567999999999828	60075.81553011864	1.3287166410748224e8	7.400956817648676e7
0.5571199999999827	60080.6384940284	1.3287156994839741e8	7.40520175628251e7
0.5574399999999827	60085.46424260197	1.328714758599839e8	7.409446692644234e7
0.5577599999999827	60090.288108225286	1.3287138152009039e8	7.41369160856563e7
0.5580799999999827	60095.13650130075	1.3287128693978734e8	7.417936505807689e7
0.5583999999999827	60099.98542527627	1.3287119209749685e8	7.422181382080375e7
0.5587199999999827	60104.85043659288	1.3287109716492562e8	7.426426247638561e7
0.5590399999999827	60109.716657512574	1.3287100212490915e8	7.43067110085642e7
0.5593599999999826	60114.59434350334	1.3287090707407893e8	7.434915947580601e7
0.5596799999999826	60119.4838828339	1.3287081151189516e8	7.439160759811847e7
0.5599999999999826	60124.36843629698	1.3287071606772172e8	7.443405572003382e7
0.5603199999999826	60129.273903182155	1.3287062009100258e8	7.447650348853801e7
0.5606399999999826	60134.18470071063	1.3287052432366861e8	7.451895131220937e7
0.5609599999999826	60139.10582748018	1.3287042841901289e8	7.456139899894965e7
0.5612799999999826	60144.03942702552	1.328703318983338e8	7.460384628087191e7
0.5615999999999826	60148.97459855277	1.3287023554437044e8	7.464629359218013e7
0.5619199999999825	60153.91206632815	1.3287013901537234e8	7.468874074131371e7
0.5622399999999825	60158.88288961844	1.3287004208868745e8	7.473118761651507e7
0.5625599999999825	60163.82976016986	1.3286994521442135e8	7.477363444551285e7
0.5628799999999825	60168.801849015494	1.3286984813791406e8	7.481608110653098e7
0.5631999999999825	60173.78046464125	1.328697508985194e8	7.485852761335075e7
0.5635199999999825	60178.78161649158	1.3286965303258641e8	7.490097371152073e7
0.5638399999999825	60183.775984105974	1.3286955578527673e8	7.494342008970132e7
0.5641599999999825	60188.78260881821	1.3286945773371556e8	7.498586595406286e7
0.5644799999999824	60193.79028346205	1.3286935985809189e8	7.502831185223763e7
0.5647999999999824	60198.83291497812	1.3286926149382937e8	7.507075742379709e7
0.5651199999999824	60203.85390445476	1.3286916328967439e8	7.511320301024443e7
0.5654399999999824	60208.89273458595	1.3286906462037851e8	7.515564827537122e7
0.5657599999999824	60213.958122133554	1.3286896580339657e8	7.519809340210226e7
0.5660799999999824	60219.01303200801	1.3286886692531115e8	7.524053842321265e7
0.5663999999999824	60224.08191609984	1.3286876807469206e8	7.528298339942205e7
0.5667199999999823	60229.15653689073	1.3286866884875542e8	7.532542809890863e7
0.5670399999999823	60234.247028427184	1.3286856918448472e8	7.53678724899613e7
0.5673599999999823	60239.339555314575	1.3286846971032353e8	7.541031692271203e7
0.5676799999999823	60244.45166576585	1.328683698602814e8	7.545276108362633e7
0.5679999999999823	60249.569972523816	1.3286826967396717e8	7.549520498903914e7
0.5683199999999823	60254.69221061806	1.3286816968727212e8	7.553764894220161e7
0.5686399999999823	60259.82175984889	1.3286806914907877e8	7.558009251764412e7
0.5689599999999823	60264.96098645928	1.3286796866892275e8	7.562253606265153e7
0.5692799999999822	60270.118109758805	1.3286786790276773e8	7.566497938495749e7
0.5695999999999822	60275.28353933426	1.3286776690820806e8	7.570742251294827e7
0.5699199999999822	60280.45628276528	1.3286766580384083e8	7.57498655135607e7
0.5702399999999822	60285.634291457296	1.3286756440455095e8	7.579230828024186e7
0.5705599999999822	60290.82439431601	1.3286746306195424e8	7.583475101625414e7
0.5708799999999822	60296.01124874184	1.3286736161568229e8	7.58771936235054e7
0.5711999999999822	60301.219523784275	1.3286725964585654e8	7.59196358726427e7
0.5715199999999822	60306.44328328901	1.3286715740837215e8	7.59620779068485e7
0.5718399999999821	60311.67130605256	1.3286705522211495e8	7.600451990339825e7
0.5721599999999821	60316.90824913278	1.3286695284700441e8	7.604696172696498e7
0.5724799999999821	60322.1613098606	1.3286684995555152e8	7.608940319295494e7
0.5727999999999821	60327.40593274173	1.3286674739620861e8	7.613184477636038e7
0.5731199999999821	60332.674626148786	1.3286664417783457e8	7.617428592334259e7
0.5734399999999821	60337.9358777844	1.3286654150408399e8	7.621672731002757e7
0.5737599999999821	60343.23989580065	1.328664375325211e8	7.62591679012301e7
0.574079999999982	60348.517150266016	1.32866334330429e8	7.630160885283494e7
0.574399999999982	60353.819712934994	1.3286623070045982e8	7.634404950001156e7
0.574719999999982	60359.13787301105	1.328661265116675e8	7.63864897629378e7
0.575039999999982	60364.45844704328	1.3286602226322415e8	7.642892992250368e7
0.575359999999982	60369.79586293418	1.3286591816452245e8	7.647137010525249e7
0.575679999999982	60375.12587827187	1.3286581354536028e8	7.651380991520329e7
0.575999999999982	60380.487125472384	1.328657087346646e8	7.655624955770561e7
0.576319999999982	60385.84279268585	1.3286560394637194e8	7.659868914024508e7
0.576639999999982	60391.22037096479	1.3286549855919589e8	7.664112831622857e7
0.5769599999999819	60396.60960377597	1.3286539321329431e8	7.668356745006667e7
0.5772799999999819	60401.99667302883	1.3286528762735422e8	7.672600637355027e7
0.5775999999999819	60407.39113191253	1.3286518195386331e8	7.676844517856316e7
0.5779199999999819	60412.799614432945	1.3286507627836649e8	7.681088391725242e7
0.5782399999999819	60418.22496879788	1.3286497006306641e8	7.685332227982795e7
0.5785599999999819	60423.64717774929	1.3286486382753609e8	7.689576055792347e7
0.5788799999999819	60429.09797449093	1.3286475711106916e8	7.693819849819233e7
0.5791999999999818	60434.54221896749	1.3286465038283616e8	7.698063635710204e7
0.5795199999999818	60439.99500049476	1.328645437646178e8	7.70230742115667e7
0.5798399999999818	60445.47939908799	1.3286443644282301e8	7.70655115996284e7
0.5801599999999818	60450.955139531914	1.3286432908083743e8	7.710794888854201e7
0.5804799999999818	60456.44418850053	1.3286422163360867e8	7.71503860613407e7
0.5807999999999818	60461.966390727845	1.3286411343355866e8	7.719282273851943e7
0.5811199999999818	60467.45520316096	1.3286400596323916e8	7.723525975299062e7
0.5814399999999817	60472.99351118441	1.3286389730352923e8	7.727769602432565e7
0.5817599999999817	60478.51968035561	1.3286378903357995e8	7.732013244424415e7
0.5820799999999817	60484.06534760526	1.3286368034341887e8	7.73625685548849e7
0.5823999999999817	60489.61743108428	1.3286357179885206e8	7.740500467988823e7
0.5827199999999817	60495.187792120414	1.3286346272030902e8	7.744744042833793e7
0.5830399999999817	60500.74126543711	1.3286335391940391e8	7.748987625824486e7
0.5833599999999817	60506.34329475924	1.3286324386529385e8	7.753231130412571e7
0.5836799999999817	60511.944652355276	1.3286313426491512e8	7.75747465405409e7
0.5839999999999816	60517.551876518984	1.3286302441687357e8	7.761718156103237e7
0.5843199999999816	60523.154879435955	1.3286291476039957e8	7.765961661781451e7
0.5846399999999816	60528.78833634486	1.3286280427000405e8	7.770205112593612e7
0.5849599999999816	60534.42452077502	1.3286269366724025e8	7.774448549513951e7
0.5852799999999816	60540.07770980639	1.3286258284880754e8	7.778691967077544e7
0.5855999999999816	60545.73262186302	1.3286247226998203e8	7.782935391289753e7
0.5859199999999816	60551.38974746956	1.3286236133280025e8	7.787178787157851e7
0.5862399999999816	60557.06647443446	1.3286225001648928e8	7.791422154148868e7
0.5865599999999815	60562.763444036675	1.3286213813109526e8	7.795665481109108e7
0.5868799999999815	60568.47183473184	1.3286202639878803e8	7.799908810000263e7
0.5871999999999815	60574.18333458341	1.3286191435310806e8	7.804152113102312e7
0.5875199999999815	60579.90593396523	1.3286180210374433e8	7.808395397158906e7
0.5878399999999815	60585.64083119779	1.3286168980520941e8	7.812638671281682e7
0.5881599999999815	60591.389966528535	1.3286157710384102e8	7.816881914743648e7
0.5884799999999815	60597.142085521766	1.328614642204643e8	7.82112514003674e7
0.5887999999999814	60602.90579797283	1.328613513000173e8	7.825368356031184e7
0.5891199999999814	60608.68779546424	1.3286123774995655e8	7.829611528089334e7
0.5894399999999814	60614.4761862566	1.3286112425024314e8	7.833854695740388e7
0.5897599999999814	60620.27902518597	1.3286101034911153e8	7.838097832675683e7
0.5900799999999814	60626.08769748761	1.3286089651028402e8	7.842340965865488e7
0.5903999999999814	60631.900066041344	1.3286078253817435e8	7.84658408368027e7
0.5907199999999814	60637.7417646815	1.3286066789212808e8	7.850827155218488e7
0.5910399999999814	60643.58648816999	1.3286055333589049e8	7.855070224477245e7
0.5913599999999813	60649.44137346559	1.3286043851078904e8	7.859313270546058e7
0.5916799999999813	60655.312433771505	1.3286032324744512e8	7.86355628362188e7
0.5919999999999813	60661.18558816393	1.3286020806482796e8	7.867799293809564e7
0.5923199999999813	60667.06329963793	1.3286009273902363e8	7.8720422879542e7
0.5926399999999813	60672.980236096424	1.3285997653414024e8	7.876285223841937e7
0.5929599999999813	60678.89513274838	1.3285986071649472e8	7.880528174792506e7
0.5932799999999813	60684.812628428415	1.3285974436591983e8	7.884771086440267e7
0.5935999999999813	60690.76086094646	1.3285962769201092e8	7.889013972318909e7
0.5939199999999812	60696.6952939251	1.328595111751346e8	7.89325685911584e7
0.5942399999999812	60702.658386949755	1.3285939414636022e8	7.89749970881977e7
0.5945599999999812	60708.62969382855	1.3285927678927235e8	7.901742531465034e7
0.5948799999999812	60714.59819198807	1.3285915996705323e8	7.905985377921766e7
0.5951999999999812	60720.59235863387	1.3285904209703048e8	7.910228155193682e7
0.5955199999999812	60726.60007586645	1.3285892418775432e8	7.914470922748764e7
0.5958399999999812	60732.61712343128	1.3285880600842705e8	7.918713666659528e7
0.5961599999999811	60738.635840289084	1.3285868796757483e8	7.922956410944465e7
0.5964799999999811	60744.68753089077	1.3285856909678993e8	7.927199099116322e7
0.5967999999999811	60750.73929566783	1.3285845033749793e8	7.931441785950027e7
0.5971199999999811	60756.78510218072	1.328583317193742e8	7.935684472985218e7
0.5974399999999811	60762.8692608053	1.3285821220808077e8	7.93992710022429e7
0.5977599999999811	60768.95419487225	1.3285809263675524e8	7.944169715867965e7
0.5980799999999811	60775.058107279256	1.3285797281943405e8	7.948412309519908e7
0.5983999999999811	60781.15794383345	1.32857852974269e8	7.95265489328303e7
0.598719999999981	60787.27967373428	1.3285773268863459e8	7.956897443492426e7
0.599039999999981	60793.42552392696	1.3285761192114668e8	7.961139957713926e7
0.599359999999981	60799.58147012472	1.3285749099411e8	7.965382454654744e7
0.599679999999981	60805.72087102786	1.3285737040904562e8	7.969624963307305e7
0.599999999999981	60811.89584594692	1.3285724920503385e8	7.973867428135617e7
0.600319999999981	60818.08315642643	1.3285712761325401e8	7.978109862026207e7
0.600639999999981	60824.291251820265	1.3285700555983815e8	7.982352260841298e7
0.600959999999981	60830.477704979516	1.3285688410390411e8	7.986594686490308e7
0.6012799999999809	60836.715983117385	1.328567616828625e8	7.990837048006582e7
0.6015999999999809	60842.952744908485	1.3285663894218381e8	7.995079381998882e7
0.6019199999999809	60849.19391275116	1.3285651653227068e8	7.999321727821462e7
0.6022399999999809	60855.45752036957	1.328563931125103e8	8.003564005485897e7
0.6025599999999809	60861.73098151566	1.3285627026766308e8	8.007806309884183e7
0.6028799999999809	60868.011170844555	1.3285614656643327e8	8.01204855465649e7
0.6031999999999809	60874.311249282626	1.328560228176306e8	8.016290789029595e7
0.6035199999999808	60880.592638390735	1.3285589911229628e8	8.020533016961978e7
0.6038399999999808	60886.92494817513	1.32855774630077e8	8.024775191681063e7
0.6041599999999808	60893.26892208232	1.3285565023411384e8	8.029017363700978e7
0.6044799999999808	60899.605935927226	1.3285552569987515e8	8.033259518719776e7
0.6047999999999808	60905.96682969995	1.3285540048240331e8	8.037501624984606e7
0.6051199999999808	60912.34085853774	1.3285527505561264e8	8.041743710680799e7
0.6054399999999808	60918.71531249557	1.3285514976865086e8	8.045985796424311e7
0.6057599999999808	60925.11756855659	1.3285502412817587e8	8.050227853423148e7
0.6060799999999807	60931.522601058605	1.328548980121238e8	8.054469873256844e7
0.6063999999999807	60937.95729748583	1.3285477150149697e8	8.058711861849749e7
0.6067199999999807	60944.37734101622	1.3285464507463862e8	8.062953846440285e7
0.6070399999999807	60950.82932432647	1.3285451827785766e8	8.067195801327944e7
0.6073599999999807	60957.2909353537	1.3285439138759595e8	8.071437742388056e7
0.6076799999999807	60963.76142534545	1.3285426393816154e8	8.075679641282183e7
0.6079999999999807	60970.24645026926	1.3285413638684852e8	8.079921525980984e7
0.6083199999999807	60976.74513773436	1.3285400849934153e8	8.084163382185243e7
0.6086399999999806	60983.282426673766	1.3285388007580161e8	8.088405198674382e7
0.6089599999999806	60989.78985620216	1.3285375210618825e8	8.09264703300072e7
0.6092799999999806	60996.3339262681	1.3285362319311595e8	8.096888802669078e7
0.6095999999999806	61002.885834919136	1.3285349460994117e8	8.10113058408475e7
0.6099199999999806	61009.45564877788	1.3285336503131501e8	8.105372296835655e7
0.6102399999999806	61016.03379195041	1.3285323555661467e8	8.109614007539672e7
0.6105599999999806	61022.63669687211	1.3285310576044388e8	8.113855690872927e7
0.6108799999999805	61029.23251352835	1.3285297571213146e8	8.118097349797994e7
0.6111999999999805	61035.85036462267	1.3285284558833045e8	8.122338996220675e7
0.6115199999999805	61042.485112221	1.3285271502721223e8	8.126580607805464e7
0.6118399999999805	61049.14262107176	1.3285258380376793e8	8.13082217096946e7
0.6121599999999805	61055.79671339738	1.3285245307954372e8	8.135063755736823e7
0.6124799999999805	61062.475917874115	1.3285232157734822e8	8.139305285035934e7
0.6127999999999805	61069.15327692117	1.3285219019947754e8	8.143546813038607e7
0.6131199999999805	61075.86130213519	1.3285205796696757e8	8.147788280992512e7
0.6134399999999804	61082.58021486768	1.3285192560583118e8	8.152029732584634e7
0.6137599999999804	61089.319078108325	1.3285179326313487e8	8.156271177177979e7
0.6140799999999804	61096.05623137013	1.3285166031616287e8	8.160512575696751e7
0.6143999999999804	61102.81669850829	1.3285152748469324e8	8.164753973271188e7
0.6147199999999804	61109.58141547247	1.3285139383469208e8	8.168995311758706e7
0.6150399999999804	61116.38065452069	1.328512603095423e8	8.173236650267506e7
0.6153599999999804	61123.18092757662	1.3285112620002757e8	8.177477943875834e7
0.6156799999999804	61129.98532510544	1.3285099220647438e8	8.181719235763969e7
0.6159999999999803	61136.82876199932	1.3285085740379827e8	8.185960470298174e7
0.6163199999999803	61143.67277600674	1.328507226265047e8	8.190201697353546e7
0.6166399999999803	61150.52209381326	1.3285058776653919e8	8.194442910450599e7
0.6169599999999803	61157.40888309844	1.3285045176349686e8	8.198684045390299e7
0.6172799999999803	61164.28474854634	1.3285031662819609e8	8.202925224330923e7
0.6175999999999803	61171.18525122273	1.3285018070155868e8	8.20716634625201e7
0.6179199999999803	61178.09488235344	1.3285004453658366e8	8.21140744465358e7
0.6182399999999802	61185.02066902091	1.3284990793038782e8	8.215648507237095e7
0.6185599999999802	61191.97134530513	1.3284977096001932e8	8.219889539057688e7
0.6188799999999802	61198.932004074864	1.3284963392106855e8	8.224130557803367e7
0.6191999999999802	61205.903789852004	1.328494963684356e8	8.228371535949586e7
0.6195199999999802	61212.89508549184	1.3284935850382045e8	8.232612486260633e7
0.6198399999999802	61219.89327811936	1.3284922083429451e8	8.236853439655508e7
0.6201599999999802	61226.901018209915	1.3284908282909805e8	8.241094363337357e7
0.6204799999999802	61233.93508302045	1.328489440692955e8	8.245335231915654e7
0.6207999999999801	61240.99084526669	1.3284880470028748e8	8.249576054166435e7
0.6211199999999801	61248.05190298485	1.328486656868779e8	8.253816889333597e7
0.6214399999999801	61255.136640963785	1.3284852579689167e8	8.258057661574453e7
0.6217599999999801	61262.22172730402	1.3284838633455631e8	8.262298451011723e7
0.6220799999999801	61269.34427586126	1.3284824602183819e8	8.26653917958512e7
0.6223999999999801	61276.44931249148	1.3284810560392804e8	8.270779891514257e7
0.6227199999999801	61283.58243731863	1.328479651965245e8	8.275020595715904e7
0.62303999999998	61290.73420845744	1.3284782412188023e8	8.279261249606083e7
0.62335999999998	61297.89524427114	1.3284768279325809e8	8.283501878526752e7
0.62367999999998	61305.08748350372	1.328475412748462e8	8.287742487281522e7
0.62399999999998	61312.28366515769	1.3284739924921745e8	8.291983055016714e7
0.62431999999998	61319.50495158559	1.328472567435094e8	8.296223584172533e7
0.62463999999998	61326.735276196916	1.3284711383837076e8	8.300464079135053e7
0.62495999999998	61333.97852476054	1.3284697115600748e8	8.304704578896171e7
0.62527999999998	61341.2220125047	1.328468285578902e8	8.308945074338746e7
0.62559999999998	61348.525852088824	1.3284668438725547e8	8.313185464074337e7
0.6259199999999799	61355.79870405146	1.3284654076494937e8	8.317425877277365e7
0.6262399999999799	61363.111833248426	1.3284639657474215e8	8.321666246764265e7
0.6265599999999799	61370.42812247255	1.3284625209878597e8	8.325906588769072e7
0.6268799999999799	61377.75732634289	1.3284610737317462e8	8.330146905890664e7
0.6271999999999799	61385.1165080426	1.3284596242457882e8	8.334387200412735e7
0.6275199999999799	61392.48493649972	1.3284581691721922e8	8.338627450467989e7
0.6278399999999799	61399.87653144499	1.3284567084650409e8	8.34286765623164e7
0.6281599999999798	61407.26578683021	1.328455250902615e8	8.347107871840617e7
0.6284799999999798	61414.705871714315	1.328453782449682e8	8.35134801109204e7
0.6287999999999798	61422.12040811474	1.3284523194422263e8	8.355588173762e7
0.6291199999999798	61429.58630532965	1.3284508486040172e8	8.359828279234217e7
0.6294399999999798	61437.04294715759	1.3284493760392532e8	8.364068363604657e7
0.6297599999999798	61444.51600598419	1.328447902165107e8	8.368308430435315e7
0.6300799999999798	61452.02284594619	1.3284464168837583e8	8.372548416730033e7
0.6303999999999798	61459.52200280449	1.328444934922749e8	8.376788413685964e7
0.6307199999999797	61467.06856327666	1.3284434489585069e8	8.38102837717873e7
0.6310399999999797	61474.62216773223	1.3284419577472651e8	8.385268297827573e7
0.6313599999999797	61482.16866339836	1.328440467973596e8	8.389508217263435e7
0.6316799999999797	61489.754035333484	1.328438969960138e8	8.39374807606456e7
0.6319999999999797	61497.363597484786	1.3284374660708144e8	8.397987888547665e7
0.6323199999999797	61504.96600103654	1.3284359653017808e8	8.402227710385877e7
0.6326399999999797	61512.608392979535	1.328434457226405e8	8.406467477378783e7
0.6329599999999797	61520.25144236522	1.3284329468438344e8	8.410707219651406e7
0.6332799999999796	61527.9197400721	1.328431431262688e8	8.414946919772789e7
0.6335999999999796	61535.58931373811	1.3284299173002161e8	8.419186620006354e7
0.6339199999999796	61543.28336191017	1.3284283977328245e8	8.423426275424963e7
0.6342399999999796	61550.988812213436	1.3284268759214088e8	8.427665906810468e7
0.6345599999999796	61558.72907905969	1.3284253449346244e8	8.431905471012346e7
0.6348799999999796	61566.48003868993	1.328423816082049e8	8.436145038860615e7
0.6351999999999796	61574.24864227644	1.3284222808303866e8	8.440384556424814e7
0.6355199999999795	61582.02537228097	1.3284207443512331e8	8.444624056161454e7
0.6358399999999795	61589.81782269693	1.3284192048086059e8	8.448863526660599e7
0.6361599999999795	61597.66072857831	1.3284176540319642e8	8.45310291717742e7
0.6364799999999795	61605.485186502905	1.3284161081394002e8	8.457342327682883e7
0.6367999999999795	61613.32721792657	1.3284145583390822e8	8.461581703547558e7
0.6371199999999795	61621.20178693407	1.3284130017675939e8	8.465821027031867e7
0.6374399999999795	61629.10434670229	1.3284114400705501e8	8.470060308392636e7
0.6377599999999795	61636.992162259005	1.3284098821316846e8	8.474299602686845e7
0.6380799999999794	61644.92742956541	1.328408314423691e8	8.478538825887945e7
0.6383999999999794	61652.87364233113	1.328406743609759e8	8.482778019115335e7
0.6387199999999794	61660.81392924241	1.3284051731713106e8	8.487017203965157e7
0.6390399999999794	61668.78374103879	1.3284036016102536e8	8.491256372147809e7
0.6393599999999794	61676.7950046735	1.3284020134451845e8	8.495495425097907e7
0.6396799999999794	61684.80795988212	1.3284004301982968e8	8.499734498892601e7
0.6399999999999794	61692.83070802677	1.3283988438474755e8	8.503973542529058e7
0.6403199999999794	61700.8748337283	1.3283972531091057e8	8.508212548173971e7
0.6406399999999793	61708.93884445559	1.328395661020073e8	8.512451535185036e7
0.6409599999999793	61717.02065735835	1.3283940593457037e8	8.51669045069163e7
0.6412799999999793	61725.137516286944	1.3283924576786746e8	8.520929356734514e7
0.6415999999999793	61733.25433857783	1.3283908528305076e8	8.525168231595756e7
0.6419199999999793	61741.38986895363	1.3283892425860523e8	8.529407061696538e7
0.6422399999999793	61749.54345183038	1.3283876301057896e8	8.53364586725768e7
0.6425599999999793	61757.7225892799	1.3283860130965829e8	8.537884633789359e7
0.6428799999999792	61765.90457573937	1.3283843949861528e8	8.542123382470913e7
0.6431999999999792	61774.11463742502	1.328382771059376e8	8.546362083863893e7
0.6435199999999792	61782.34279608355	1.3283811406480463e8	8.550600733254027e7
0.6438399999999792	61790.606390312445	1.3283795088820781e8	8.554839364223292e7
0.6441599999999792	61798.869635298375	1.3283778726617387e8	8.559077955514681e7
0.6444799999999792	61807.15953889239	1.3283762347711153e8	8.563316525988534e7
0.6447999999999792	61815.464469051665	1.3283745912117466e8	8.567555049431007e7
0.6451199999999792	61823.79782062842	1.3283729436280565e8	8.5717935368701e7
0.6454399999999791	61832.1280775706	1.3283712945606281e8	8.57603200354496e7
0.6457599999999791	61840.49473423043	1.328369637670202e8	8.580270409904285e7
0.6460799999999791	61848.88567682157	1.3283679804588987e8	8.584508803910449e7
0.6463999999999791	61857.27973256711	1.328366319438199e8	8.588747162259585e7
0.6467199999999791	61865.69515554253	1.3283646523903033e8	8.592985471216747e7
0.6470399999999791	61874.1482899196	1.328362981974369e8	8.59722374850472e7
0.6473599999999791	61882.598308103275	1.3283613087537989e8	8.601461996295051e7
0.647679999999979	61891.064856948484	1.3283596315156928e8	8.605700207397601e7
0.647999999999979	61899.585770071506	1.3283579460396692e8	8.609938355755885e7
0.648319999999979	61908.09534944732	1.328356262714547e8	8.614176506327923e7
0.648639999999979	61916.63822469201	1.3283545728924185e8	8.618414604609768e7
0.648959999999979	61925.19529465876	1.3283528766221744e8	8.622652650182608e7
0.649279999999979	61933.776444109164	1.3283511779629198e8	8.626890669684814e7
0.649599999999979	61942.36780729067	1.3283494790322348e8	8.631128676361085e7
0.649919999999979	61950.98919707014	1.3283477722107205e8	8.635366621381447e7
0.650239999999979	61959.63371282459	1.3283460598179924e8	8.639604519508974e7
0.6505599999999789	61968.27043691184	1.328344349522652e8	8.643842419496433e7
0.6508799999999789	61976.95914654202	1.328342633381406e8	8.64808027175034e7
0.6511999999999789	61985.65572930898	1.3283409070131895e8	8.652318046141449e7
0.6515199999999789	61994.38092032286	1.3283391817021602e8	8.656555816811946e7
0.6518399999999789	62003.12100483247	1.3283374517569607e8	8.660793546193196e7
0.6521599999999789	62011.87343813284	1.3283357180467388e8	8.665031239819004e7
0.6524799999999789	62020.65362422563	1.3283339793388297e8	8.669268890144464e7
0.6527999999999788	62029.480977725696	1.328332230138253e8	8.673506461921781e7
0.6531199999999788	62038.279906519114	1.328330488846648e8	8.677744072608343e7
0.6534399999999788	62047.14176797735	1.3283287347027276e8	8.681981589786333e7
0.6537599999999788	62055.989666622874	1.32832698153424e8	8.686219101064183e7
0.6540799999999788	62064.87277812821	1.3283252224686888e8	8.690456563202058e7
0.6543999999999788	62073.77674552623	1.3283234549821597e8	8.694693959127297e7
0.6547199999999788	62082.71621297731	1.3283216847844383e8	8.698931326645795e7
0.6550399999999788	62091.670049361266	1.3283199113203745e8	8.703168661362721e7
0.6553599999999787	62100.62957145901	1.328318138043778e8	8.70740598558097e7
0.6556799999999787	62109.63070291582	1.3283163535887721e8	8.711643226014942e7
0.6559999999999787	62118.641784941574	1.3283145661270349e8	8.715880435070467e7
0.6563199999999787	62127.668663491735	1.3283127768515818e8	8.720117620748645e7
0.6566399999999787	62136.733832693	1.3283109803848904e8	8.724354748491941e7
0.6569599999999787	62145.81559214801	1.3283091826120225e8	8.728591856145732e7
0.6572799999999787	62154.9212377098	1.3283073761683369e8	8.73282889553962e7
0.6575999999999786	62164.02898531727	1.3283055741131784e8	8.737065951720436e7
0.6579199999999786	62173.17754577928	1.3283037565947767e8	8.741302895445557e7
0.6582399999999786	62182.3396023996	1.3283019427781597e8	8.745539851780926e7
0.6585599999999786	62191.5344906099	1.3283001203895596e8	8.749776740590847e7
0.6588799999999786	62200.75672684506	1.328298293459062e8	8.75401358815625e7
0.6591999999999786	62209.97696657138	1.3282964635793227e8	8.758250403929633e7
0.6595199999999786	62219.22329705301	1.3282946323401453e8	8.762487199324259e7
0.6598399999999786	62228.5138438019	1.3282927869108306e8	8.76672389027905e7
0.6601599999999785	62237.81615961864	1.328290945397351e8	8.770960595079236e7
0.6604799999999785	62247.114766307015	1.3282891010255718e8	8.775197268493958e7
0.6607999999999785	62256.494587828485	1.3282872402125171e8	8.779433823620446e7
0.6611199999999785	62265.84507273651	1.3282853867901517e8	8.78367041410459e7
0.6614399999999785	62275.23918816578	1.3282835244541088e8	8.787906934646925e7
0.6617599999999785	62284.6470244544	1.3282816601189956e8	8.792143429904135e7
0.6620799999999785	62294.09166010091	1.3282797864373022e8	8.796379851989183e7
0.6623999999999785	62303.552397181535	1.3282779058229357e8	8.800616216099769e7
0.6627199999999784	62313.01578398265	1.3282760294811992e8	8.804852595973879e7
0.6630399999999784	62322.52875931345	1.3282741429374191e8	8.80908889726105e7
0.6633599999999784	62332.073926233854	1.3282722494825095e8	8.813325141103542e7
0.6636799999999784	62341.624676808235	1.3282703537907936e8	8.817561357559583e7
0.6639999999999784	62351.1981400566	1.3282684532509962e8	8.821797529843833e7
0.6643199999999784	62360.79574497818	1.3282665547384316e8	8.82603370362963e7
0.6646399999999784	62370.400176652445	1.328264645870931e8	8.830269796056592e7
0.6649599999999783	62380.07897014404	1.3282627282806458e8	8.834505820140511e7
0.6652799999999783	62389.73831876704	1.328260807413056e8	8.838741808878297e7
0.6655999999999783	62399.45166492076	1.3282588847802953e8	8.842977774761032e7
0.6659199999999783	62409.165501112184	1.3282569535607587e8	8.847213670552577e7
0.6662399999999783	62418.909463497825	1.3282550174396211e8	8.851449521711697e7
0.6665599999999783	62428.68553271464	1.3282530808496103e8	8.855685357801276e7
0.6668799999999783	62438.45978401563	1.3282511386094221e8	8.859921143130551e7
0.6671999999999783	62448.284779847476	1.3282491880522648e8	8.864156861601895e7
0.6675199999999782	62458.12200117686	1.3282472345606108e8	8.868392547778995e7
0.6678399999999782	62467.995106847535	1.3282452770952213e8	8.872628195477906e7
0.6681599999999782	62477.88031135348	1.3282433125866021e8	8.876863783358604e7
0.6684799999999782	62487.80692644551	1.3282413441489783e8	8.881099333142026e7
0.6687999999999782	62497.742423068965	1.3282393705981234e8	8.885334835789011e7
0.6691199999999782	62507.720155149334	1.3282373893915078e8	8.889570275340661e7
0.6694399999999782	62517.702807939626	1.3282354042986561e8	8.893805675720653e7
0.6697599999999782	62527.72828749164	1.3282334162831035e8	8.89804104459639e7
0.6700799999999781	62537.757728833276	1.3282314248720084e8	8.902276377485053e7
0.6703999999999781	62547.839351477975	1.3282294240271732e8	8.906511635462904e7
0.6707199999999781	62557.945391512796	1.328227415491062e8	8.910746829207212e7
0.6710399999999781	62568.07116745868	1.3282254039134523e8	8.914981989689665e7
0.6713599999999781	62578.20841575004	1.3282233892864461e8	8.919217116554569e7
0.6716799999999781	62588.352761969334	1.3282213700360113e8	8.92345219905547e7
0.6719999999999781	62598.54719460637	1.3282193490893616e8	8.927687258228202e7
0.672319999999978	62608.7926195216	1.3282173104753658e8	8.931922186704245e7
0.672639999999978	62619.03737791031	1.3282152764730102e8	8.936157132475367e7
0.672959999999978	62629.32769027168	1.328213233497953e8	8.940392005680315e7
0.673279999999978	62639.590621535965	1.3282111920194438e8	8.944626874333006e7
0.673599999999978	62649.92640269483	1.328209141002674e8	8.948861667391504e7
0.673919999999978	62660.28438085633	1.3282070834448004e8	8.953096403303997e7
0.674239999999978	62670.67334049531	1.3282050134926026e8	8.957331042826971e7
0.674559999999978	62681.0866993098	1.3282029447446957e8	8.961565677355069e7
0.6748799999999779	62691.52459769304	1.328200870096538e8	8.965800258954944e7
0.6751999999999779	62701.99200921878	1.328198790198083e8	8.970034792117624e7
0.6755199999999779	62712.48322231866	1.3281967041601337e8	8.97426927059784e7
0.6758399999999779	62722.993100236774	1.3281946195410267e8	8.97850374525012e7
0.6761599999999779	62733.55597446415	1.3281925163913767e8	8.982738082308316e7
0.6764799999999779	62744.13821282584	1.3281904144045703e8	8.986972413723205e7
0.6767999999999779	62754.747747332935	1.3281883036735179e8	8.991206672709268e7
0.6771199999999779	62765.36073370816	1.3281861927955718e8	8.995440916624452e7
0.6774399999999778	62776.0208388811	1.3281840715418418e8	8.999675077580938e7
0.6777599999999778	62786.69313602816	1.3281819502328819e8	9.003909224297702e7
0.6780799999999778	62797.39126040941	1.3281798226587585e8	9.00814331510367e7
0.6783999999999778	62808.15478470567	1.3281776797563769e8	9.012377289724842e7
0.6787199999999778	62818.91269730674	1.3281755456692584e8	9.016611309593235e7
0.6790399999999778	62829.70162051709	1.3281733962812346e8	9.020845212211013e7
0.6793599999999778	62840.50819264505	1.3281712482924293e8	9.025079110453841e7
0.6796799999999777	62851.36769631422	1.3281690857743968e8	9.029312897201173e7
0.6799999999999777	62862.26481822802	1.3281669197891094e8	9.033546647039832e7
0.6803199999999777	62873.17973877676	1.3281647413848911e8	9.037780298399284e7
0.6806399999999777	62884.10661121945	1.3281625722589107e8	9.04201399865149e7
0.6809599999999777	62895.08497576702	1.3281603872942974e8	9.046247578110018e7
0.6812799999999777	62906.073618797	1.3281582007528879e8	9.050481132467356e7
0.6815999999999777	62917.09376701544	1.3281560061483513e8	9.054714618172407e7
0.6819199999999777	62928.170492764075	1.3281538057607535e8	9.058948051490468e7
0.6822399999999776	62939.25763069754	1.3281515983241266e8	9.063181422256698e7
0.6825599999999776	62950.39034884557	1.3281493807017578e8	9.067414710108855e7
0.6828799999999776	62961.51368023216	1.3281471684479387e8	9.071648019418815e7
0.6831999999999776	62972.70287471836	1.3281449397840047e8	9.075881203831095e7
0.6835199999999776	62983.90193905397	1.3281427141115814e8	9.08011439402375e7
0.6838399999999776	62995.13190632969	1.3281404724676415e8	9.084347461012773e7
0.6841599999999776	63006.404526463324	1.3281382337429418e8	9.088580534255975e7
0.6844799999999776	63017.700769202915	1.3281359823664512e8	9.092813506596257e7
0.6847999999999775	63029.015721508185	1.3281337277358794e8	9.097046442110546e7
0.6851199999999775	63040.37066646719	1.3281314658349295e8	9.101279313919516e7
0.6854399999999775	63051.78934665448	1.328129194150334e8	9.105512105469438e7
0.6857599999999775	63063.20900057081	1.3281269234956592e8	9.109744888843168e7
0.6860799999999775	63074.63866346889	1.3281246437215291e8	9.113977594701292e7
0.6863999999999775	63086.125924294516	1.328122357297239e8	9.118210241396935e7
0.6867199999999775	63097.63482667141	1.3281200618460302e8	9.12244281141261e7
0.6870399999999774	63109.18561567562	1.328117763283165e8	9.126675345933385e7
0.6873599999999774	63120.76050801914	1.3281154550600468e8	9.130907799356961e7
0.6876799999999774	63132.36778262609	1.3281131401539202e8	9.135140192320766e7
0.6879999999999774	63143.99781925485	1.3281108252040137e8	9.139372570135276e7
0.6883199999999774	63155.69640018688	1.3281084957737856e8	9.143604834855221e7
0.6886399999999774	63167.37073909414	1.3281061701113057e8	9.147837109109527e7
0.6889599999999774	63179.12985154172	1.3281038268552612e8	9.152069249156609e7
0.6892799999999774	63190.8978664953	1.3281014799087505e8	9.156301348293243e7
0.6895999999999773	63202.69365184108	1.3280991274048324e8	9.160533394194376e7
0.6899199999999773	63214.514114410806	1.3280967727567731e8	9.164765410256888e7
0.6902399999999773	63226.40096322178	1.3280944021755461e8	9.168997302572425e7
0.6905599999999773	63238.294504295314	1.3280920345998068e8	9.173229199917266e7
0.6908799999999773	63250.21426512	1.3280896585203245e8	9.17746102340828e7
0.6911999999999773	63262.19435459778	1.3280872683177646e8	9.181692735173756e7
0.6915199999999773	63274.200498790065	1.328084873309305e8	9.18592439844519e7
0.6918399999999773	63286.23204218702	1.3280824775057575e8	9.190156040902142e7
0.6921599999999772	63298.29569741261	1.3280800702706604e8	9.19438758911985e7
0.6924799999999772	63310.37799769019	1.3280776607322773e8	9.198619105782756e7
0.6927999999999772	63322.54036964965	1.3280752368060464e8	9.202850509032142e7
0.6931199999999772	63334.702488512565	1.328072811842725e8	9.20708188879396e7
0.6934399999999772	63346.91257429369	1.3280703770316115e8	9.211313185439582e7
0.6937599999999772	63359.14133491932	1.3280679359816349e8	9.215544423010127e7
0.6940799999999772	63371.38966562213	1.3280654978529139e8	9.219775665049852e7
0.6943999999999771	63383.707737445264	1.3280630389345956e8	9.224006748469985e7
0.6947199999999771	63396.051713043584	1.3280605738279922e8	9.22823777316422e7
0.6950399999999771	63408.42297351269	1.3280581053003746e8	9.23246875834642e7
0.6953599999999771	63420.83856482429	1.3280556309618261e8	9.236699687881888e7
0.6956799999999771	63433.295346967025	1.3280531444104439e8	9.240930517078272e7
0.6959999999999771	63445.76108031559	1.328050660774462e8	9.245161350126794e7
0.6963199999999771	63458.28343152308	1.3280481583170423e8	9.249392037144174e7
0.696639999999977	63470.85548571924	1.3280456506779924e8	9.253622672754876e7
0.696959999999977	63483.43407233679	1.3280431399153823e8	9.257853269940071e7
0.697279999999977	63496.060519176724	1.3280406186634402e8	9.262083778560168e7
0.697599999999977	63508.741956012	1.3280380862075861e8	9.266314193740565e7
0.697919999999977	63521.43106584929	1.3280355539273168e8	9.270544593358861e7
0.698239999999977	63534.149308776425	1.3280330158591123e8	9.274774936423902e7
0.698559999999977	63546.925459115744	1.3280304640387687e8	9.279005168109956e7
0.698879999999977	63559.744845900124	1.3280279067615366e8	9.28323534581152e7
0.699199999999977	63572.59756033898	1.3280253434959547e8	9.287465465458024e7
0.6995199999999769	63585.48005695264	1.3280227695707774e8	9.291695494205947e7
0.6998399999999769	63598.388910080415	1.328020188390773e8	9.295925455675204e7
0.7001599999999769	63611.3394506164	1.3280176016569994e8	9.300155362163427e7
0.7004799999999769	63624.345577694585	1.328015005364908e8	9.304385185978544e7
0.7007999999999769	63637.392608454815	1.3280124016204832e8	9.308614941342884e7
0.7011199999999769	63650.47374773043	1.3280097865759444e8	9.312844601000327e7
0.7014399999999769	63663.55485927234	1.3280071752805291e8	9.317074269381315e7
0.7017599999999768	63676.7339612589	1.3280045377513404e8	9.321303739037159e7
0.7020799999999768	63689.89395867622	1.328001912526033e8	9.325533276783283e7
0.7023999999999768	63703.12771673198	1.3279992704124476e8	9.329762680457574e7
0.7027199999999768	63716.407130698964	1.3279966154005924e8	9.333991977093917e7
0.7030399999999768	63729.70926678572	1.3279939600454308e8	9.338221254149476e7
0.7033599999999768	63743.066130453335	1.3279912885012157e8	9.342450401115537e7
0.7036799999999768	63756.436220202246	1.3279886132380748e8	9.346679504351453e7
0.7039999999999768	63769.85931639546	1.3279859394485818e8	9.350908601553471e7
0.7043199999999767	63783.3255398929	1.3279832456637812e8	9.355137541228399e7
0.7046399999999767	63796.86032902714	1.3279805387088282e8	9.359366372024257e7
0.7049599999999767	63810.360540400965	1.327977838896496e8	9.363595233961813e7
0.7052799999999767	63823.9712140723	1.3279751176989372e8	9.367823930186376e7
0.7055999999999767	63837.57178349917	1.3279723976733845e8	9.372052616096398e7
0.7059199999999767	63851.258869333695	1.327969664146064e8	9.376281190960415e7
0.7062399999999767	63864.956844099106	1.327966921156346e8	9.380509680946521e7
0.7065599999999767	63878.6919500012	1.3279641755613096e8	9.384738135182261e7
0.7068799999999766	63892.48845194868	1.3279614213083223e8	9.388966511565462e7
0.7071999999999766	63906.33064900559	1.327958649728915e8	9.39319474824398e7
0.7075199999999766	63920.20143453271	1.3279558740447019e8	9.397422938092321e7
0.7078399999999766	63934.0898711004	1.3279530972979368e8	9.40165110228308e7
0.7081599999999766	63948.065788260195	1.3279502998169519e8	9.405879103535381e7
0.7084799999999766	63962.07797099685	1.3279474992014411e8	9.41010706483907e7
0.7087999999999766	63976.11734813969	1.3279446907946722e8	9.414334952889504e7
0.7091199999999765	63990.1931646303	1.3279418732451773e8	9.418562758294663e7
0.7094399999999765	64004.35518481972	1.3279390429896645e8	9.422790457129815e7
0.7097599999999765	64018.49355795823	1.3279362138909984e8	9.427018144469465e7
0.7100799999999765	64032.69237565439	1.3279333703226855e8	9.431245711804369e7
0.7103999999999765	64046.986023115285	1.327930517060432e8	9.435473193912226e7
0.7107199999999765	64061.292396132754	1.3279276500282304e8	9.439700559346762e7
0.7110399999999765	64075.631719453995	1.3279247793406576e8	9.443927880477665e7
0.7113599999999765	64090.00797640919	1.3279219033235997e8	9.448155145472677e7
0.7116799999999764	64104.43572376057	1.3279190135970709e8	9.452382295058109e7
0.7119999999999764	64118.923999982035	1.3279161111250626e8	9.456609336221333e7
0.7123199999999764	64133.443690826854	1.3279132036317687e8	9.4608363230176e7
0.7126399999999764	64148.046867895966	1.3279102844617271e8	9.465063209462535e7
0.7129599999999764	64162.64731281035	1.3279073596778387e8	9.469290036187272e7
0.7132799999999764	64177.28752914245	1.3279044289257775e8	9.473516801829508e7
0.7135999999999764	64191.99217521621	1.3279014818797831e8	9.477743433349717e7
0.7139199999999764	64206.762799420336	1.3278985265153025e8	9.4819699875679e7
0.7142399999999763	64221.54709573654	1.3278955639884773e8	9.486196471160795e7
0.7145599999999763	64236.407482882576	1.3278925888826704e8	9.490422847134887e7
0.7148799999999763	64251.281638746375	1.3278896082454967e8	9.494649163967177e7
0.7151999999999763	64266.22264285919	1.3278866159701823e8	9.498875379439297e7
0.7155199999999763	64281.22646574409	1.3278836079951552e8	9.503101464257117e7
0.7158399999999763	64296.22559403423	1.3278806021883962e8	9.50732754425158e7
0.7161599999999763	64311.3324916669	1.3278775796413244e8	9.511553487220438e7
0.7164799999999762	64326.428954288625	1.3278745544440882e8	9.515779390594399e7
0.7167999999999762	64341.603768770445	1.3278715130150479e8	9.52000515951028e7
0.7171199999999762	64356.85167173333	1.327868458516444e8	9.524230816332898e7
0.7174399999999762	64372.123012954224	1.3278654005885492e8	9.528456428690027e7
0.7177599999999762	64387.4345675929	1.3278623287517221e8	9.532681921801281e7
0.7180799999999762	64402.833990053216	1.3278592426858756e8	9.536907294574268e7
0.7183999999999762	64418.239734203584	1.327856158112965e8	9.541132657514139e7
0.7187199999999762	64433.725875680524	1.3278530514565724e8	9.545357843269792e7
0.7190399999999761	64449.23182778634	1.3278499447096664e8	9.549583008057502e7
0.7193599999999761	64464.776677859976	1.3278468237208614e8	9.553808050610758e7
0.7196799999999761	64480.39293545498	1.3278436956786475e8	9.55803302343454e7
0.7199999999999761	64496.07279669044	1.3278405530396813e8	9.562257871923696e7
0.7203199999999761	64511.8139570618	1.3278373969617768e8	9.566482604207504e7
0.7206399999999761	64527.5728840088	1.327834237749167e8	9.570707293191366e7
0.7209599999999761	64543.40026775661	1.3278310633032273e8	9.574931853031701e7
0.721279999999976	64559.234500378305	1.3278278887635759e8	9.579156391057597e7
0.721599999999976	64575.19377883203	1.3278246898785135e8	9.583380735557838e7
0.721919999999976	64591.168167477415	1.327821487529196e8	9.587605033974855e7
0.722239999999976	64607.16042431369	1.32781827988308e8	9.591829273115185e7
0.722559999999976	64623.284917906814	1.3278150493311116e8	9.596053328863324e7
0.722879999999976	64639.40783755567	1.3278118130165361e8	9.600277321203612e7
0.723199999999976	64655.574577673586	1.3278085657343593e8	9.604501213694878e7
0.723519999999976	64671.81367298904	1.3278053104451448e8	9.608725028436823e7
0.723839999999976	64688.09912778966	1.3278020461350575e8	9.612948757289194e7
0.7241599999999759	64704.44783007377	1.3277987644282997e8	9.6171723399726e7
0.7244799999999759	64720.83189250794	1.3277954764816263e8	9.621395856374069e7
0.7247999999999759	64737.33113910618	1.3277921686338614e8	9.625619209610856e7
0.7251199999999759	64753.803560779445	1.3277888670458992e8	9.629842585275182e7
0.7254399999999759	64770.38019663479	1.3277855409499264e8	9.634065763825506e7
0.7257599999999759	64786.991098912375	1.3277822087780556e8	9.638288876871194e7
0.7260799999999759	64803.65778242297	1.3277788631365761e8	9.642511871255708e7
0.7263999999999758	64820.407603496045	1.3277755017273277e8	9.64673473089902e7
0.7267199999999758	64837.1972574981	1.3277721330450197e8	9.650957516191098e7
0.7270399999999758	64854.04914519673	1.3277687502458212e8	9.655180177912365e7
0.7273599999999758	64870.971716879074	1.3277653520285122e8	9.659402706687154e7
0.7276799999999758	64887.906203488295	1.327761953297645e8	9.663625209217715e7
0.7279999999999758	64904.90977099791	1.3277585421746738e8	9.667847600577074e7
0.7283199999999758	64921.9652830677	1.3277551164324503e8	9.67206986395331e7
0.7286399999999758	64939.11409977944	1.3277516742059313e8	9.676291986733988e7
0.7289599999999757	64956.31435460622	1.327748221461407e8	9.680514011109017e7
0.7292799999999757	64973.55517209456	1.3277447607294706e8	9.68473595513318e7
0.7295999999999757	64990.84612082193	1.3277412886927912e8	9.68895779478139e7
0.7299199999999757	65008.20532379348	1.3277378020992102e8	9.693179506691618e7
0.7302399999999757	65025.61939043818	1.3277343082582936e8	9.697401143733716e7
0.7305599999999757	65043.10798284879	1.3277307932152696e8	9.70162260441464e7
0.7308799999999757	65060.64841048073	1.3277272694732444e8	9.705843979295748e7
0.7311999999999756	65078.25306601367	1.3277237374962698e8	9.710065272014816e7
0.7315199999999756	65095.92580506743	1.3277201874311282e8	9.71428641051188e7
0.7318399999999756	65113.66696845023	1.3277166245394063e8	9.718507433122294e7
0.7321599999999756	65131.44859199123	1.3277130546063237e8	9.722728381324424e7
0.7324799999999756	65149.295581754275	1.3277094635843736e8	9.726949152817899e7
0.7327999999999756	65167.21506005886	1.3277058709360895e8	9.731169890205744e7
0.7331199999999756	65185.195238207176	1.3277022552076267e8	9.735390435868345e7
0.7334399999999756	65203.20484435262	1.3276986384286235e8	9.739610950318903e7
0.7337599999999755	65221.30881251159	1.3276949994300506e8	9.74383127994344e7
0.7340799999999755	65239.44466488178	1.3276913559309885e8	9.748051552930404e7
0.7343999999999755	65257.696659773304	1.3276876897835821e8	9.752271638193585e7
0.7347199999999755	65275.9619073781	1.3276840134057686e8	9.756491624012017e7
0.7350399999999755	65294.34385887464	1.3276803231702876e8	9.760711486365442e7
0.7353599999999755	65312.76018679699	1.3276766163065031e8	9.764931202556759e7
0.7356799999999755	65331.24618994261	1.3276729033200273e8	9.769150850643744e7
0.7359999999999755	65349.798208820976	1.3276691712634072e8	9.773370335171065e7
0.7363199999999754	65368.42139117532	1.3276654343478787e8	9.777589760725217e7
0.7366399999999754	65387.080947204	1.3276616829662794e8	9.781809055566299e7
0.7369599999999754	65405.84428329116	1.3276579100867435e8	9.786028169502966e7
0.7372799999999754	65424.64901206181	1.327654124943756e8	9.790247168763843e7
0.7375999999999754	65443.55048009213	1.3276503289512219e8	9.794466065108483e7
0.7379199999999754	65462.487652884134	1.3276465172987416e8	9.798684821326953e7
0.7382399999999754	65481.521290762044	1.3276426899696867e8	9.802903438733195e7
0.7385599999999753	65500.598016317665	1.3276388535948764e8	9.80712196474453e7
0.7388799999999753	65519.75112261238	1.3276350008902222e8	9.81134034631866e7
0.7391999999999753	65538.97356273461	1.3276311379498026e8	9.815558628155129e7
0.7395199999999753	65558.27818333746	1.3276272549163064e8	9.819776737586862e7
0.7398399999999753	65577.64220723571	1.3276233643914573e8	9.823994767053093e7
0.7401599999999753	65597.05112368539	1.3276194562402074e8	9.828212641083589e7
0.7404799999999753	65616.57325008497	1.3276155281566268e8	9.832430344202848e7
0.7407999999999753	65636.1570259278	1.3276115882564987e8	9.836647934993926e7
0.7411199999999752	65655.82478679095	1.3276076310117187e8	9.8408653729458e7
0.7414399999999752	65675.53964732234	1.3276036649882765e8	9.84508272044187e7
0.7417599999999752	65695.30498091647	1.3275996859152836e8	9.849299945800705e7
0.7420799999999752	65715.19497452327	1.3275956866147637e8	9.853516997539292e7
0.7423999999999752	65735.15509063403	1.3275916646945345e8	9.85773385628703e7
0.7427199999999752	65755.17019642555	1.3275876367053936e8	9.861950644356784e7
0.7430399999999752	65775.25271257876	1.3275835954699817e8	9.866167308673525e7
0.7433599999999752	65795.38264526494	1.327579546302619e8	9.870383888095027e7
0.7436799999999751	65815.64734344505	1.3275754657629888e8	9.874600210458572e7
0.7439999999999751	65835.94117003352	1.3275713798236847e8	9.878816465981837e7
0.7443199999999751	65856.31812059914	1.3275672755035433e8	9.883032559369351e7
0.7446399999999751	65876.8114839481	1.3275631532639039e8	9.887248494722056e7
0.7449599999999751	65897.34072024698	1.3275590184349306e8	9.891464309510258e7
0.7452799999999751	65917.98822174207	1.327554860806527e8	9.895679929614536e7
0.7455999999999751	65938.68422288989	1.327550693781895e8	9.899895452964108e7
0.745919999999975	65959.4460831777	1.3275465140382834e8	9.904110855120115e7
0.746239999999975	65980.32144926814	1.3275423117944899e8	9.908326064171967e7
0.746559999999975	66001.22458881306	1.3275381008889738e8	9.91254118103237e7
0.746879999999975	66022.25829381966	1.3275338636785346e8	9.91675607644384e7
0.747199999999975	66043.35707557462	1.3275296157858354e8	9.920970865218301e7
0.747519999999975	66064.50430761337	1.3275253525846681e8	9.925185512245338e7
0.747839999999975	66085.75670921893	1.3275210751102611e8	9.929400026545425e7
0.748159999999975	66107.1387784943	1.3275167682222463e8	9.933614295314224e7
0.7484799999999749	66128.52434562704	1.3275124587458678e8	9.93782851586508e7
0.7487999999999749	66150.06549114405	1.3275081186624683e8	9.942042482189369e7
0.7491199999999749	66171.63552760295	1.3275037743598445e8	9.946256388476251e7
0.7494399999999749	66193.29742351937	1.3274994076528616e8	9.950470099973518e7
0.7497599999999749	66215.07576295089	1.3274950156933613e8	9.954683595718105e7
0.7500799999999749	66236.92138314135	1.3274906134340492e8	9.95889698638499e7
0.7503999999999749	66258.82194368477	1.3274862025686209e8	9.963110284270312e7
0.7507199999999749	66280.80672569707	1.3274817667474738e8	9.967323367276359e7
0.7510399999999748	66302.93598272312	1.3274773062953094e8	9.971536239094183e7
0.7513599999999748	66325.08832118132	1.327472842206267e8	9.975749054196692e7
0.7516799999999748	66347.37116438143	1.3274683507974596e8	9.979961637194763e7
0.7519999999999748	66369.71949953696	1.3274638473190014e8	9.984174100882144e7
0.7523199999999748	66392.18006020114	1.3274593194087078e8	9.988386353290987e7
0.7526399999999748	66414.71861444047	1.3274547685286124e8	9.99259840433306e7
0.7529599999999748	66437.31762033147	1.3274502167119786e8	9.996810419248672e7
0.7532799999999747	66460.01301168153	1.3274456364532596e8	1.0001022191715802e8
0.7535999999999747	66482.81809701041	1.327441043134945e8	1.0005233837702522e8
0.7539199999999747	66505.76860535429	1.327436409352742e8	1.0009445151345697e8
0.7542399999999747	66528.71982969555	1.3274317850412865e8	1.0013656505313598e8
0.7545599999999747	66551.77706179535	1.3274271290111594e8	1.0017867591482472e8
0.7548799999999747	66574.96075010333	1.3274224543856215e8	1.0022078509103751e8
0.7551999999999747	66598.23982933548	1.327417758480735e8	1.0026289236957197e8
0.7555199999999747	66621.58803243923	1.3274130492017134e8	1.0030499833912666e8
0.7558399999999746	66645.05139229946	1.3274083127024555e8	1.0034710196304697e8
0.7561599999999746	66668.59312474534	1.327403566854646e8	1.003892045810251e8
0.7564799999999746	66692.24117058658	1.3273987977957971e8	1.0043130515022296e8
0.7567999999999746	66715.98049467402	1.3273940053875682e8	1.004734036541841e8
0.7571199999999746	66739.80344288533	1.3273891932014172e8	1.0051550035912253e8
0.7574399999999746	66763.74030848383	1.3273843601548171e8	1.0055759518841232e8
0.7577599999999746	66787.76758651798	1.327379517528613e8	1.0059968898906496e8
0.7580799999999746	66811.92290246078	1.327374639200563e8	1.0064177978890146e8
0.7583999999999745	66836.16289485742	1.327369742089719e8	1.0068386885703631e8
0.7587199999999745	66860.49613597392	1.3273648332592535e8	1.0072595672955039e8
0.7590399999999745	66884.91076199723	1.3273599054042096e8	1.0076804284789497e8
0.7593599999999745	66909.45970923558	1.3273549494915025e8	1.0081012653696777e8
0.7596799999999745	66934.11978788098	1.3273499732933411e8	1.0085220837881258e8
0.7599999999999745	66958.83313401927	1.3273449789131513e8	1.0089428851734829e8
0.7603199999999745	66983.67640458849	1.3273399652308203e8	1.00936366883987e8
0.7606399999999744	67008.65379022085	1.3273349217977852e8	1.0097844268299457e8
0.7609599999999744	67033.65001633551	1.3273298711358775e8	1.0102051759765226e8
0.7612799999999744	67058.84917716109	1.3273247838554546e8	1.0106258943382023e8
0.7615999999999744	67084.07479167102	1.3273196837883958e8	1.0110465996075118e8
0.7619199999999744	67109.45167361284	1.3273145639209093e8	1.0114672867251298e8
0.7622399999999744	67134.9403706938	1.3273094175438827e8	1.0118879504628406e8
0.7625599999999744	67160.53668941383	1.3273042407900797e8	1.0123085878351645e8
0.7628799999999744	67186.23190211056	1.3272990529135963e8	1.0127292134797767e8
0.7631999999999743	67212.06019012992	1.3272938292294192e8	1.013149808626389e8
0.7635199999999743	67237.9599511935	1.3272886004554205e8	1.0135703965473811e8
0.7638399999999743	67263.98280418503	1.3272833362187696e8	1.0139909541591012e8
0.7641599999999743	67290.0998341619	1.3272780682477467e8	1.014411505603613e8
0.7644799999999743	67316.34991183861	1.3272727593666455e8	1.0148320225478913e8
0.7647999999999743	67342.75330582658	1.3272674242716652e8	1.0152525162387107e8
0.7651199999999743	67369.25263703511	1.3272620685490397e8	1.015672990788801e8
0.7654399999999743	67395.82291395393	1.32725669430716e8	1.0160934477326654e8
0.7657599999999742	67422.52378255458	1.3272513008139081e8	1.0165138866309324e8
0.7660799999999742	67449.38184195859	1.327245866023994e8	1.0169342906376319e8
0.7663999999999742	67476.28735342785	1.3272404331419647e8	1.0173546925672252e8
0.7667199999999742	67503.35041429309	1.3272349600926831e8	1.0177750604180741e8
0.7670399999999742	67530.54234394798	1.3272294640117334e8	1.0181954072269702e8
0.7673599999999742	67557.8567566789	1.3272239405378616e8	1.018615729609058e8
0.7676799999999742	67585.23736247572	1.3272184066694182e8	1.0190360404553851e8
0.7679999999999741	67612.79540823161	1.3272128318096915e8	1.0194563165151559e8
0.7683199999999741	67640.46919020674	1.327207238621227e8	1.0198765750164467e8
0.7686399999999741	67668.23722730241	1.3272016252488986e8	1.020296814464928e8
0.7689599999999741	67696.12584061292	1.327195990447601e8	1.020717033943695e8
0.7692799999999741	67724.15390814046	1.3271903198374143e8	1.0211372224123886e8
0.7695999999999741	67752.33703032219	1.3271846217980349e8	1.0215573863202511e8
0.7699199999999741	67780.64519673905	1.3271789012090154e8	1.0219775293272793e8
0.7702399999999741	67808.99606216831	1.3271731666625546e8	1.022397657839484e8
0.770559999999974	67837.51561018471	1.3271674024244003e8	1.0228177600079276e8
0.770879999999974	67866.19823428558	1.3271616029002209e8	1.0232378314770822e8
0.771199999999974	67894.99512667127	1.3271557793777098e8	1.0236578808049051e8
0.771519999999974	67923.84830978724	1.3271499470451e8	1.0240779195528193e8
0.771839999999974	67952.878082611	1.3271440707566127e8	1.0244979208593827e8
0.772159999999974	67982.03483377541	1.3271381765536986e8	1.0249179046758348e8
0.772479999999974	68011.3090862188	1.3271322582113777e8	1.0253378661535235e8
0.772799999999974	68040.73070878108	1.3271263056352729e8	1.0257577975350747e8
0.7731199999999739	68070.2814957471	1.3271203327506097e8	1.0261777095107743e8
0.7734399999999739	68099.94651478321	1.3271143338320662e8	1.0265975975978626e8
0.7737599999999739	68129.7444218182	1.3271083034092239e8	1.0270174575796664e8
0.7740799999999739	68159.66799630529	1.3271022467094192e8	1.0274372934547299e8
0.7743999999999739	68189.73734576095	1.3270961667766255e8	1.0278571075992362e8
0.7747199999999739	68219.97067041775	1.3270900485871287e8	1.028276888391312e8
0.7750399999999739	68250.29860552234	1.327083915811755e8	1.028696653982451e8
0.7753599999999738	68280.76343735802	1.3270777502273186e8	1.0291163903232047e8
0.7756799999999738	68311.37430798651	1.3270715566283268e8	1.0295361011202735e8
0.7759999999999738	68342.14179886022	1.3270653344225113e8	1.0299557859094636e8
0.7763199999999738	68373.05803412688	1.327059076692966e8	1.0303754392744593e8
0.7766399999999738	68404.08915024898	1.3270528006385659e8	1.030795074461427e8
0.7769599999999738	68435.27971013395	1.327046480195822e8	1.0312146713007766e8
0.7772799999999738	68466.60569515986	1.3270401469825031e8	1.0316342542707294e8
0.7775999999999738	68498.05058363713	1.3270337813529623e8	1.0320538080445266e8
0.7779199999999737	68529.62426076435	1.3270273916166894e8	1.0324733390759785e8
0.7782399999999737	68561.4527369295	1.3270209518252942e8	1.0328928274260715e8
0.7785599999999737	68593.35986060761	1.3270145006592545e8	1.0333123027693096e8
0.7788799999999737	68625.4480552729	1.3270080007333407e8	1.0337317362018894e8
0.7791999999999737	68657.66704446998	1.3270014762276973e8	1.034151146405421e8
0.7795199999999737	68690.04614255748	1.3269949216511862e8	1.034570529139233e8
0.7798399999999737	68722.56297007845	1.3269883359310456e8	1.0349898834870665e8
0.7801599999999737	68755.20989370684	1.3269817314208227e8	1.0354092190386644e8
0.7804799999999736	68788.06099713466	1.3269750839470014e8	1.0358285170704216e8
0.7807999999999736	68821.04648077092	1.3269683980188687e8	1.0362477809069836e8
0.7811199999999736	68854.20658747162	1.3269616851270753e8	1.0366670195738047e8
0.7814399999999736	68887.50717352856	1.3269549474351524e8	1.0370862346593688e8
0.7817599999999736	68920.93094004269	1.326948176264209e8	1.0375054193159565e8
0.7820799999999736	68954.6335390154	1.3269413545773661e8	1.0379245605252397e8
0.7823999999999736	68988.4035485384	1.3269345155106463e8	1.0383436837016161e8
0.7827199999999735	69022.34955700077	1.326927638346427e8	1.0387627728475976e8
0.7830399999999735	69056.4566883398	1.3269207354514429e8	1.0391818375762936e8
0.7833599999999735	69090.72289512804	1.3269137943254338e8	1.0396008680648167e8
0.7836799999999735	69125.20890744796	1.3269068090117945e8	1.0400198597382365e8
0.7839999999999735	69159.79068968896	1.326899806354692e8	1.040438833329933e8
0.7843199999999735	69194.56779115139	1.3268927628661491e8	1.0408577706149548e8
0.7846399999999735	69229.59564685989	1.326885672268061e8	1.0412766667455614e8
0.7849599999999735	69264.71823836281	1.3268785583270495e8	1.0416955399944654e8
0.7852799999999734	69300.03218090505	1.3268714062554309e8	1.0421143789333284e8
0.7855999999999734	69335.45953556358	1.3268642263325696e8	1.0425331914320756e8
0.7859199999999734	69371.21291502722	1.3268569869995138e8	1.0429519531152311e8
0.7862399999999734	69406.97745037793	1.3268497456875072e8	1.0433707084043083e8
0.7865599999999734	69443.0306065865	1.326842440558533e8	1.0437894092502111e8
0.7868799999999734	69479.18223645147	1.3268351242634797e8	1.044208096613594e8
0.7871999999999734	69515.61314796477	1.3268277339146797e8	1.0446267213623793e8
0.7875199999999734	69552.1636173171	1.3268203347052336e8	1.0450453344242842e8
0.7878399999999733	69588.83800556636	1.3268129038581014e8	1.0454639178542438e8
0.7881599999999733	69625.83532697873	1.3268054040171951e8	1.0458824425997138e8
0.7884799999999733	69663.00266041607	1.3267978775075509e8	1.0463009416403456e8
0.7887999999999733	69700.22214736097	1.3267903451776679e8	1.0467194311452843e8
0.7891199999999733	69737.78708293037	1.3267827317629708e8	1.0471378523341607e8
0.7894399999999733	69775.44776163073	1.3267750988539656e8	1.047556253222046e8
0.7897599999999733	69813.37159023229	1.3267674120259053e8	1.0479746069539748e8
0.7900799999999732	69851.42532395945	1.3267597109461915e8	1.0483929445363715e8
0.7903999999999732	69889.77721740492	1.3267519409582636e8	1.0488112231064238e8
0.7907199999999732	69928.18993228678	1.3267441661412722e8	1.0492294927670816e8
0.7910399999999732	69966.88009100784	1.3267363190940157e8	1.0496477006487328e8
0.7913599999999732	70005.8070501709	1.3267284353129573e8	1.0500658746850559e8
0.7916799999999732	70044.85540509054	1.3267205198048122e8	1.050484018561818e8
0.7919999999999732	70084.10925984386	1.3267125729044211e8	1.0509021326875263e8
0.7923199999999732	70123.62971953826	1.3267045673950131e8	1.0513201955925828e8
0.7926399999999731	70163.333349808	1.3266965227182905e8	1.0517382224554244e8
0.7929599999999731	70203.2843687465	1.326688424633952e8	1.05215620207766e8
0.7932799999999731	70243.32474414265	1.3266803110549475e8	1.0525741641545442e8
0.7935999999999731	70283.74362215637	1.3266721252724431e8	1.0529920642630114e8
0.7939199999999731	70324.2603035252	1.3266639190802993e8	1.053409942871829e8
0.7942399999999731	70365.0409545839	1.3266556595170347e8	1.0538277741230422e8
0.7945599999999731	70406.01040181129	1.3266473561367412e8	1.0542455653997429e8
0.794879999999973	70447.2588326933	1.326638995937043e8	1.0546633065077187e8
0.795199999999973	70488.69625067966	1.3266306036921962e8	1.05508101690592e8
0.795519999999973	70530.33038016813	1.3266221774570036e8	1.055498695030121e8
0.795839999999973	70572.13680734599	1.3266136997528009e8	1.0559163268857393e8
0.796159999999973	70614.32050958739	1.3266051590813541e8	1.0563339036851019e8
0.796479999999973	70656.6148480525	1.326596593607526e8	1.0567514552190253e8
0.796799999999973	70699.15183541358	1.3265879751845208e8	1.0571689593035199e8
0.797119999999973	70741.94833251681	1.3265793014367455e8	1.0575864140259998e8
0.797439999999973	70784.9720638133	1.3265705995743704e8	1.0580038409639624e8
0.7977599999999729	70828.22400836746	1.3265618375804311e8	1.0584212145483634e8
0.7980799999999729	70871.71888378065	1.3265530267654896e8	1.0588385437757361e8
0.7983999999999729	70915.4102857857	1.3265441823267648e8	1.0592558406367892e8
0.7987199999999729	70959.40446988045	1.3265352725671484e8	1.0596730799941137e8
0.7990399999999729	71003.63385676134	1.3265263201602104e8	1.0600902797633772e8
0.7993599999999729	71048.17308863222	1.3265172963434727e8	1.0605074170595674e8
0.7996799999999729	71092.7991339874	1.3265082637640916e8	1.060924541462058e8
0.7999999999999728	71137.79651794673	1.3264991577920587e8	1.0613416018266469e8
0.8003199999999728	71182.9802187103	1.3264900073750305e8	1.0617586208772491e8
0.8006399999999728	71228.41539816598	1.3264808082424995e8	1.0621755952801767e8
0.8009599999999728	71274.13739546362	1.3264715631926627e8	1.062592527297831e8
0.8012799999999728	71320.14853546178	1.326462257209546e8	1.0630094048559986e8
0.8015999999999728	71366.36820426695	1.326452904424099e8	1.063426239060839e8
0.8019199999999728	71412.93299589529	1.3264434753537527e8	1.0638430064933236e8
0.8022399999999728	71459.64438166238	1.3264340179372163e8	1.0642597451426454e8
0.8025599999999727	71506.64081501136	1.3264245135888013e8	1.0646764403374174e8
0.8028799999999727	71553.95383993365	1.3264149466888554e8	1.0650930795513214e8
0.8031999999999727	71601.45923456617	1.3264053382577978e8	1.0655096793604006e8
0.8035199999999727	71649.38685703346	1.3263956417292997e8	1.0659262027575874e8
0.8038399999999727	71697.49993183017	1.3263859134202112e8	1.0663426944595326e8
0.8041599999999727	71745.94692647901	1.3263761215904868e8	1.0667591292006305e8
0.8044799999999727	71794.706314703	1.3263662489521855e8	1.0671754929668044e8
0.8047999999999726	71843.51743090873	1.3263563849601807e8	1.0675918571619423e8
0.8051199999999726	71892.86713047783	1.3263464143210995e8	1.0680081299176313e8
0.8054399999999726	71942.36174575792	1.3263364067274784e8	1.0684243664935564e8
0.8057599999999726	71992.21602436255	1.3263263464068347e8	1.0688405545611405e8
0.8060799999999726	72042.36827280362	1.3263161848764512e8	1.069256654865728e8
0.8063999999999726	72092.79033058451	1.3263060050077604e8	1.0696727340803017e8
0.8067199999999726	72143.49944730541	1.3262957579591662e8	1.070088752816514e8
0.8070399999999726	72194.53234629388	1.3262854527292997e8	1.0705047183402331e8
0.8073599999999725	72245.858781356	1.3262750898220569e8	1.0709206309410559e8
0.8076799999999725	72297.51458063732	1.3262646607208079e8	1.0713364837509872e8
0.8079999999999725	72349.5333030672	1.326254149937439e8	1.0717522642533562e8
0.8083199999999725	72401.73941674572	1.3262436173569879e8	1.072168020436078e8
0.8086399999999725	72454.28953310174	1.3262329986879542e8	1.0725837005874415e8
0.8089599999999725	72507.21422640354	1.3262223169883049e8	1.0729993233328807e8
0.8092799999999725	72560.46629624159	1.3262115767157692e8	1.0734148921258213e8
0.8095999999999725	72614.06695144864	1.3262007698492403e8	1.073830400453384e8
0.8099199999999724	72667.95723442963	1.326189880608478e8	1.0742458353554931e8
0.8102399999999724	72722.18988280224	1.3261789336855073e8	1.0746612168568306e8
0.8105599999999724	72776.75805683521	1.3261679456547557e8	1.0750765583203451e8
0.8108799999999724	72831.67522181768	1.3261568642034201e8	1.0754918173094122e8
0.8111999999999724	72886.87057640913	1.3261457413479908e8	1.0759070357931018e8
0.8115199999999724	72942.50389895074	1.3261345180645865e8	1.0763221661310855e8
0.8118399999999724	72998.38140950944	1.3261232590115231e8	1.0767372603503385e8
0.8121599999999723	73054.75072795479	1.3261118884164885e8	1.0771522573400661e8
0.8124799999999723	73111.39762006179	1.3261004640654369e8	1.0775672035366666e8
0.8127999999999723	73168.49534083225	1.3260889762896888e8	1.0779820913515003e8
0.8131199999999723	73225.86211673338	1.3260774174642281e8	1.0783969141796002e8
0.8134399999999723	73283.71498796821	1.3260657772054371e8	1.0788116639086357e8
0.8137599999999723	73341.79597621772	1.3260540769349676e8	1.0792263574073887e8
0.8140799999999723	73400.26750684224	1.3260422945809346e8	1.0796409769497593e8
0.8143999999999723	73459.06990033571	1.3260304658208692e8	1.0800555513982141e8
0.8147199999999722	73518.44126738403	1.3260185293227938e8	1.08047003117781e8
0.8150399999999722	73578.1305950637	1.3260064915847081e8	1.0808844210115123e8
0.8153599999999722	73638.12382128356	1.3259944436212428e8	1.0812987949828033e8
0.8156799999999722	73698.65582971192	1.325982260330929e8	1.0817130514691207e8
0.8159999999999722	73759.42052915276	1.3259700378571123e8	1.0821272682251404e8
0.8163199999999722	73820.62985845396	1.3259577290251628e8	1.082541407090708e8
0.8166399999999722	73882.39038583338	1.3259453252775364e8	1.0829554611856219e8
0.8169599999999722	73944.45255039017	1.3259328475977033e8	1.083369447099331e8
0.8172799999999721	74007.07050244386	1.3259202555111775e8	1.0837833321433604e8
0.8175999999999721	74069.9224104394	1.3259076271627219e8	1.0841971795066811e8
0.8179199999999721	74133.36915423642	1.3258948975833435e8	1.0846109366698875e8
0.8182399999999721	74197.16781515456	1.3258820790356846e8	1.0850246131223424e8
0.8185599999999721	74261.37917889826	1.3258691805282703e8	1.0854382162595661e8
0.8188799999999721	74326.13119829228	1.3258561896915846e8	1.0858517361034341e8
0.8191999999999721	74391.25587473706	1.3258431206808592e8	1.0862651838523443e8
0.819519999999972	74456.93055031986	1.3258299657416165e8	1.0866785533927897e8
0.819839999999972	74522.9377384094	1.3258167216820554e8	1.0870918416284087e8
0.820159999999972	74589.3979333705	1.3258033982363003e8	1.0875050566706905e8
0.820479999999972	74656.50326761801	1.3257899385605982e8	1.0879181521448286e8
0.820799999999972	74723.97426422041	1.3257764217115438e8	1.0883311923026796e8
0.821119999999972	74791.88625128032	1.3257628161418177e8	1.0887441513164586e8
0.821439999999972	74860.4778049753	1.3257490848020807e8	1.0891569990889527e8
0.821759999999972	74929.36438301022	1.3257352798314942e8	1.0895697776533678e8
0.8220799999999719	74998.81180959645	1.3257213844105981e8	1.0899824735821989e8
0.8223999999999719	75068.81250746002	1.3257073787368405e8	1.0903950704841536e8
0.8227199999999719	75139.15768933715	1.3256933017036454e8	1.0908075998763376e8
0.8230399999999719	75210.27497304541	1.3256790683198874e8	1.0912199924925551e8
0.8233599999999719	75281.76224205799	1.3256647935873573e8	1.0916323421528736e8
0.8236799999999719	75353.8696528625	1.3256503616914344e8	1.0920445538609354e8
0.8239999999999719	75426.38959379453	1.3256358608913082e8	1.0924566998200858e8
0.8243199999999719	75499.65486973381	1.3256212269506238e8	1.0928687275935762e8
0.8246399999999718	75573.29962953209	1.3256065414461847e8	1.0932807036763749e8
0.8249599999999718	75647.64748012254	1.3255916867617986e8	1.0936925315531252e8
0.8252799999999718	75722.5309083589	1.3255767386374599e8	1.0941042732686888e8
0.8255999999999718	75797.90264425935	1.3255616852397498e8	1.0945159188761117e8
0.8259199999999718	75873.98803041855	1.3255465234554018e8	1.0949274660906114e8
0.8262399999999718	75950.70612051344	1.3255312244859818e8	1.0953388908662152e8
0.8265599999999718	76027.88559039823	1.3255158233354464e8	1.0957502217008771e8
0.8268799999999717	76105.65086132701	1.3255003218638085e8	1.0961614602454796e8
0.8271999999999717	76184.128219408	1.3254846794865027e8	1.0965725730447607e8
0.8275199999999717	76263.18096712988	1.3254689262011842e8	1.0969835845444986e8
0.8278399999999717	76343.19127322608	1.3254529962691069e8	1.0973944408694759e8
0.8281599999999717	76423.41104020747	1.3254370460047878e8	1.0978052700088191e8
0.8284799999999717	76504.45098079307	1.3254209171089803e8	1.0982159418407327e8
0.8287999999999717	76586.22925254391	1.3254046253708012e8	1.098626469131763e8
0.8291199999999717	76668.58343681316	1.3253882558040568e8	1.0990369219275989e8
0.8294399999999716	76751.74228867928	1.325371728017803e8	1.0994472338586965e8
0.8297599999999716	76835.5869224807	1.325355055861358e8	1.0998574160546598e8
0.8300799999999716	76920.01964268801	1.3253382587353927e8	1.1002674843084142e8
0.8303999999999716	77005.13694253282	1.3253213525156382e8	1.1006774518412028e8
0.8307199999999716	77090.9529391619	1.3253043116974813e8	1.1010872973784293e8
0.8310399999999716	77177.5287462639	1.3252871281585474e8	1.1014970141374114e8
0.8313599999999716	77264.85897767538	1.3252697959569189e8	1.1019065970248863e8
0.8316799999999716	77352.91487220384	1.3252523270842907e8	1.1023160558157381e8
0.8319999999999715	77441.5567165491	1.3252347407416764e8	1.1027254061123209e8
0.8323199999999715	77531.14138221134	1.3252169929943699e8	1.103134611826906e8
0.8326399999999715	77621.44514204754	1.3251991003205867e8	1.1035436861414853e8
0.8329599999999715	77712.39701068307	1.3251810865564878e8	1.103952648646021e8
0.8332799999999715	77804.35030320675	1.3251629073629534e8	1.1043614628601895e8
0.8335999999999715	77896.77660853113	1.325144607432663e8	1.1047701649921067e8
0.8339199999999715	77990.24304829758	1.3251261063849744e8	1.1051786888321747e8
0.8342399999999714	78084.18807956926	1.3251075233498016e8	1.1055871326294614e8
0.8345599999999714	78179.29686122449	1.325088725127994e8	1.105995386271508e8
0.8348799999999714	78275.00813323726	1.3250698175435548e8	1.1064035369641547e8
0.8351999999999714	78371.45503329854	1.3250507830876571e8	1.1068115701926681e8
0.8355199999999714	78468.84397922427	1.325031542765339e8	1.1072194201658353e8
0.8358399999999714	78567.01450468838	1.3250121617357135e8	1.1076271408761518e8
0.8361599999999714	78665.8474282433	1.3249926418607745e8	1.1080347335426937e8
0.8364799999999714	78765.75268210685	1.3249729414819251e8	1.1084421638495485e8
0.8367999999999713	78866.24775666595	1.3249531140778665e8	1.1088494755766597e8
0.8371199999999713	78967.76737836894	1.3249330965553313e8	1.1092566164878668e8
0.8374399999999713	79070.32845037503	1.3249128930802555e8	1.1096635899070202e8
0.8377599999999713	79173.38197311875	1.3248925748719686e8	1.1100704544196157e8
0.8380799999999713	79277.66670449014	1.3248720301893416e8	1.1104771174589734e8
0.8383999999999713	79382.63206690163	1.3248513606665236e8	1.1108836631161954e8
0.8387199999999713	79488.67282690768	1.3248304707262364e8	1.1112900117390062e8
0.8390399999999713	79595.82990145398	1.3248093995080821e8	1.1116961960110326e8
0.8393599999999712	79703.64149931942	1.324788181518993e8	1.1121022439694482e8
0.8396799999999712	79812.69358261456	1.3247667190744807e8	1.1125080743827735e8
0.8399999999999712	79922.68802302207	1.3247451238825166e8	1.1129137803621127e8
0.8403199999999712	80033.73068758952	1.324723306896463e8	1.1133192871123597e8
0.8406399999999712	80145.55694856822	1.3247013221593563e8	1.1137246394195564e8
0.8409599999999712	80258.69743288436	1.3246791164856735e8	1.114129793232151e8
0.8412799999999712	80372.92939626418	1.3246566867499432e8	1.1145347453424917e8
0.8415999999999711	80488.24072845682	1.3246340393399109e8	1.1149395008817446e8
0.8419199999999711	80604.45768522838	1.3246112592111212e8	1.1153441308816978e8
0.8422399999999711	80721.89230427887	1.3245882280964136e8	1.1157485360891844e8
0.8425599999999711	80840.53896183817	1.3245649798826426e8	1.1161527447944227e8
0.8428799999999711	80960.04404956766	1.3245415898682953e8	1.1165568196893613e8
0.8431999999999711	81081.140767671	1.3245178818398906e8	1.1169606131960812e8
0.8435199999999711	81203.17549655137	1.3244939914860046e8	1.1173642384272534e8
0.8438399999999711	81326.53245964617	1.3244698823537567e8	1.1177676650384448e8
0.844159999999971	81450.95023135896	1.3244455452823174e8	1.1181708846663232e8
0.844479999999971	81576.96822659724	1.324420927294518e8	1.1185738531826223e8
0.844799999999971	81704.07251446304	1.3243961050738274e8	1.1189766342868733e8
0.845119999999971	81832.39598083653	1.3243710408237672e8	1.1193791960358389e8
0.845439999999971	81962.1105487945	1.3243457344119778e8	1.1197815383392884e8
0.845759999999971	82093.11158481862	1.3243201911834869e8	1.1201836653106159e8
0.846079999999971	82225.89135175446	1.3242943048605038e8	1.1205854875483052e8
0.846399999999971	82359.72165671848	1.3242682288451241e8	1.1209871334269392e8
0.8467199999999709	82495.06110461811	1.324241883413846e8	1.1213885359537944e8
0.8470399999999709	82631.84331523183	1.3242152887185869e8	1.1217897118236883e8
0.8473599999999709	82770.14898151852	1.3241883852677968e8	1.1221906104958871e8
0.8476799999999709	82910.2269782201	1.3241611404442155e8	1.1225912043894474e8
0.8479999999999709	83051.41774845356	1.3241337574520548e8	1.1229916644742817e8
0.8483199999999709	83194.40659382558	1.3241059716351444e8	1.1233917671334086e8
0.8486399999999709	83338.98396227718	1.3240779574508479e8	1.1237916596971744e8
0.8489599999999708	83485.39621651731	1.3240495467605191e8	1.1241911995602173e8
0.8492799999999708	83633.3496082808	1.3240208843748093e8	1.124590508866329e8
0.8495999999999708	83783.12880933382	1.3239918862951255e8	1.1249895164220293e8
0.8499199999999708	83934.36182089394	1.3239626560596432e8	1.1253883093283941e8
0.8502399999999708	84087.82040680703	1.3239330090970469e8	1.1257867315744758e8
0.8505599999999708	84242.4884723454	1.3239030899461196e8	1.126184904159306e8
0.8508799999999708	84399.47896506228	1.3238728003146523e8	1.1265827448347254e8
0.8511999999999708	84557.97491949594	1.3238422032987612e8	1.1269803057145472e8
0.8515199999999707	84718.64677408634	1.3238112494835667e8	1.1273775454069382e8
0.8518399999999707	84881.30220633933	1.3237799261918047e8	1.127774452464537e8
0.8521599999999707	85045.90733888223	1.323748239004094e8	1.1281710312190998e8
0.8524799999999707	85212.55050825485	1.3237161973267634e8	1.1285672894515903e8
0.8527999999999707	85381.53512903777	1.323683731316989e8	1.1289631676867995e8
0.8531199999999707	85552.40543399849	1.3236509474449438e8	1.129358755657293e8
0.8534399999999707	85725.54538318998	1.323617712051957e8	1.129753939532897e8
0.8537599999999707	85900.81312476787	1.3235841360984924e8	1.1301488133845238e8
0.8540799999999706	86078.80608011353	1.3235500499530636e8	1.1305432328577058e8
0.8543999999999706	86259.19485134592	1.3235155786849044e8	1.130937303816047e8
0.8547199999999706	86442.12469269733	1.3234806185826716e8	1.1313309374336958e8
0.8550399999999706	86627.6818507029	1.3234451713936315e8	1.1317241348359826e8
0.8553599999999706	86815.35958672791	1.3234094162609527e8	1.1321170480290358e8
0.8556799999999706	87006.37819508622	1.3233730218939924e8	1.1325093949792236e8
0.8559999999999706	87199.85368168842	1.3233361858612955e8	1.1329013428865317e8
0.8563199999999705	87396.23626208294	1.3232988409347203e8	1.1332928343814422e8
0.8566399999999705	87595.63387988882	1.3232609780543734e8	1.1336838613411897e8
0.8569599999999705	87797.72566825869	1.3232226652616741e8	1.1340744810894011e8
0.8572799999999705	88003.30271889297	1.3231837027557233e8	1.1344645230120277e8
0.8575999999999705	88212.42841944448	1.3231441282563156e8	1.1348540188906465e8
0.8579199999999705	88424.3019228457	1.3231040905174136e8	1.1352430945848323e8
0.8582399999999705	88640.29700800849	1.323063356719133e8	1.1356315517556281e8
0.8585599999999705	88859.47739787777	1.3230220431253062e8	1.1360194881904554e8
0.8588799999999704	89082.56943420648	1.322980029771254e8	1.1364068012918812e8
0.8591999999999704	89308.92744234615	1.3229374768071659e8	1.1367936270425168e8
0.8595199999999704	89539.64031285349	1.3228942196196541e8	1.1371798249341574e8
0.8598399999999704	89774.77953768182	1.3228501379220153e8	1.1375652909218265e8
0.8601599999999704	90014.59023449945	1.3228053296638864e8	1.1379501087666334e8
0.8604799999999704	90258.65347387786	1.3227597682867326e8	1.1383342542886552e8
0.8607999999999704	90507.25276260267	1.3227134241194472e8	1.1387177015778264e8
0.8611199999999704	90760.87499314485	1.3226662341705585e8	1.1391003962721026e8
0.8614399999999703	91020.0958391108	1.3226181245342213e8	1.139482274643515e8
0.8617599999999703	91285.68727058262	1.3225689173494303e8	1.1398631835490887e8
0.8620799999999703	91555.75228313239	1.3225189308031099e8	1.1402433935602546e8
0.8623999999999703	91832.61896849608	1.3224678259527989e8	1.1406226147853552e8
0.8627199999999703	92116.30603705646	1.3224155910730028e8	1.1410008359953894e8
0.8630399999999703	92405.4027974684	1.3223624563435453e8	1.1413782527623655e8
0.8633599999999703	92701.82163703305	1.322308052374126e8	1.1417545478667709e8
0.8636799999999702	93005.68915190522	1.3222524175263074e8	1.1421297533245337e8
0.8639999999999702	93317.47619472379	1.3221954933161715e8	1.1425038179927577e8
0.8643199999999702	93637.29841119701	1.3221371581112191e8	1.1428766355851339e8
0.8646399999999702	93966.2744016033	1.3220773784750813e8	1.1432481772736849e8
0.8649599999999702	94305.62789420653	1.3220158331889023e8	1.1436181653949419e8
0.8652799999999702	94654.99006169083	1.3219526810848671e8	1.1439867350916855e8
0.8655999999999702	95015.1002379854	1.3218878013843425e8	1.1443537811729674e8
0.8659199999999702	95387.02902898709	1.3218209665276746e8	1.1447191062641267e8
0.8662399999999701	95771.84205659461	1.3217521184653199e8	1.1450826595152941e8
0.8665599999999701	96170.31417912296	1.3216810306493802e8	1.1454442435867281e8
0.8668799999999701	96584.57581052897	1.3216074513247088e8	1.145803640791643e8
0.8671999999999701	97015.38250557361	1.3215312370255247e8	1.1461607251764628e8
0.8675199999999701	97467.28507726877	1.3214520636757037e8	1.1465152189391772e8
0.8678399999999701	97940.57897013497	1.3213698159751903e8	1.1468670193650365e8
0.8681599999999701	98435.64129281616	1.3212841446250595e8	1.1472158205471326e8
0.86847999999997	98953.84051872038	1.3211948818254757e8	1.1475614750587997e8
0.86879999999997	99497.33901302596	1.3211019553536278e8	1.1479039193199773e8
0.86911999999997	100069.52576212089	1.3210045758240189e8	1.1482424679354492e8
0.86943999999997	100675.6863341483	1.3209021473085614e8	1.1485766051319939e8
0.86975999999997	101319.59493951839	1.3207939650555949e8	1.1489057176871638e8
0.87007999999997	102006.107017916	1.3206794452338012e8	1.1492292980432238e8
0.87039999999997	102741.59372785199	1.3205577235768677e8	1.1495465957067373e8
0.87071999999997	103522.55292972199	1.320429084442026e8	1.1498578463617489e8
0.87103999999997	104353.12232727236	1.3202932106032301e8	1.1501627719503511e8
0.8713599999999699	105237.64173646632	1.3201492358497582e8	1.1504606158523354e8
0.8716799999999699	106182.93337198035	1.3199963092704408e8	1.150750636804921e8
0.8719999999999699	107193.50176089801	1.319834514803379e8	1.1510329045907608e8
0.8723199999999699	108273.40826923188	1.3196630880524994e8	1.1513067484575948e8
0.8726399999999699	109424.65685934456	1.3194818153714393e8	1.1515719746086691e8
0.8729599999999699	110649.84375674525	1.319290304305639e8	1.1518282336081195e8
0.8732799999999699	111942.4955198708	1.3190893681260666e8	1.1520762169274145e8
0.8735999999999698	113303.03673161696	1.3188789899038841e8	1.1523159006184222e8
0.8739199999999698	114728.71452414354	1.3186595334148137e8	1.1525475894051063e8
0.8742399999999698	116212.13149895477	1.318432444139218e8	1.1527725283408034e8
0.8745599999999698	117758.57012693511	1.3181974821426025e8	1.1529905063329619e8
0.8748799999999698	119365.3601657175	1.3179550994739425e8	1.1532019073663624e8
0.8751999999999698	121106.8711313537	1.3176996798522763e8	1.1534019011818443e8
0.8755199999999698	122942.94488466614	1.3174324860924648e8	1.1535915296014275e8
0.8758399999999698	124862.76331081484	1.3171545532523713e8	1.1537716735274437e8
0.8761599999999697	126872.16489462361	1.31686554985745e8	1.1539420386520691e8
0.8764799999999697	128979.58429269627	1.3165634763744712e8	1.1541008713551751e8
0.8767999999999697	131169.35749046213	1.3162506380447194e8	1.1542501600859985e8
0.8771199999999697	133462.3633667717	1.3159235739016604e8	1.1543868836926897e8
0.8774399999999697	135880.99498612035	1.3155804408512552e8	1.1545094377679406e8
0.8777599999999697	138558.5436260397	1.3152091987563162e8	1.1546074002640328e8
0.8780799999999697	141395.9519274106	1.3148174261479458e8	1.1546872754965383e8
0.8783999999999696	144368.61014872714	1.3144087463972515e8	1.1547521950652467e8
0.8787199999999696	147367.89297933807	1.3139944993379343e8	1.154811974238795e8
0.8790399999999696	150345.8566624733	1.3135817709675e8	1.1548727782994503e8
0.8793599999999696	153308.20403487285	1.3131722348475774e8	1.1549360874528734e8
0.8796799999999696	156204.47543997795	1.312770448896314e8	1.155005853709919e8
0.8799999999999696	159028.02147951486	1.3123768903387144e8	1.1550824971238042e8
0.8803199999999696	161799.12999163617	1.3119887124854884e8	1.1551635445739591e8
0.8806399999999696	164515.43197992622	1.311606827224256e8	1.15524980194634e8
0.8809599999999695	167191.58465472356	1.3112288189389348e8	1.1553391651947771e8
0.8812799999999695	169805.01433386197	1.3108578924575531e8	1.1554344359779698e8
0.8815999999999695	172370.4020000015	1.3104925953563868e8	1.1555343586221187e8
0.8819199999999695	174882.94657709374	1.3101325891059783e8	1.1556386347676226e8
0.8822399999999695	177351.81587595167	1.3097772305963568e8	1.1557467134196654e8
0.8825599999999695	179761.90124496265	1.30942853825144e8	1.155860363095973e8
0.8828799999999695	182113.3587945783	1.3090869668747829e8	1.1559799924801886e8
0.8831999999999695	184396.58103843153	1.3087538612568633e8	1.1561067854686746e8
0.8835199999999694	186625.06052304778	1.3084273957942554e8	1.156239153602598e8
0.8838399999999694	188808.50229101712	1.3081060902459173e8	1.156375806759173e8
0.8841599999999694	190951.6254471472	1.3077895160679317e8	1.1565163768895005e8
0.8844799999999694	193064.586374912	1.3074761930835117e8	1.1566595714686449e8
0.8847999999999694	195154.92425825304	1.3071653467224173e8	1.1568047172527003e8
0.8851199999999694	197231.97697788058	1.3068552497638072e8	1.1569502987660533e8
0.8854399999999694	199311.0099494183	1.3065441833295465e8	1.1570948123802717e8
0.8857599999999693	201390.4956205589	1.3062330484369458e8	1.157239053485666e8
0.8860799999999693	203476.1217849879	1.3059197017938441e8	1.157381129363387e8
0.8863999999999693	205565.54589249496	1.3056047883398265e8	1.157521606844516e8
0.8867199999999693	207665.4479504045	1.3052876580609693e8	1.1576599155752209e8
0.8870399999999693	209760.04348429106	1.3049701936329284e8	1.1577977055052327e8
0.8873599999999693	211863.10595334004	1.3046511301607627e8	1.1579338694619602e8
0.8876799999999693	213990.67823540597	1.3043275855860843e8	1.1580658655028093e8
0.8879999999999693	216146.91963684215	1.3039996243393606e8	1.1581937509633054e8
0.8883199999999692	218357.74182001373	1.3036627157337312e8	1.1583135255666126e8
0.8886399999999692	220551.0931101376	1.3033290985877271e8	1.1584359758662452e8
0.8889599999999692	222804.61486600686	1.3029854853145286e8	1.1585493792695107e8
0.8892799999999692	225120.16016123793	1.3026310721397085e8	1.1586530128736904e8
0.8895999999999692	227445.70409302306	1.3022734303699408e8	1.158753543714378e8
0.8899199999999692	229755.2533754934	1.3019163370044404e8	1.1588543012098673e8
0.8902399999999692	232020.52857485932	1.3015644756947999e8	1.1589594245746623e8
0.8905599999999692	234207.24081527797	1.3012234891361439e8	1.1590739068893924e8
0.8908799999999691	236307.98202635226	1.30089419070422e8	1.1591984758845225e8
0.8911999999999691	238339.19091730675	1.3005739083503066e8	1.1593307801614712e8
0.8915199999999691	240288.56527953144	1.300265108975541e8	1.1594730149894494e8
0.8918399999999691	242180.53365027573	1.2999633609077653e8	1.1596212662571375e8
0.8921599999999691	244033.8996142189	1.2996661270946082e8	1.1597732981060295e8
0.8924799999999691	245828.6252158602	1.2993770282202752e8	1.1599323250838232e8
0.8927999999999691	247568.6427059259	1.2990950325545266e8	1.160097438649622e8
0.893119999999969	249264.2522477782	1.2988186149163875e8	1.1602672949868864e8
0.893439999999969	250910.04054956386	1.2985492312860627e8	1.1604431949393894e8
0.893759999999969	252522.19844567982	1.2982840398268443e8	1.1606226230192289e8
0.894079999999969	254095.03062122775	1.298023938177851e8	1.1608063801024468e8
0.894399999999969	255634.0952833064	1.2977682999946374e8	1.1609939171197827e8
0.894719999999969	257146.82312079013	1.2975161913233544e8	1.1611844108761731e8
0.895039999999969	258639.27852328372	1.2972665089122143e8	1.1613768839234862e8
0.895359999999969	260116.34655575288	1.2970183441672374e8	1.1615705303785734e8
0.895679999999969	261582.05725918052	1.2967708459293413e8	1.161764593684085e8
0.8959999999999689	263036.4877469122	1.2965240445137486e8	1.1619591018315352e8
0.8963199999999689	264479.9316564921	1.296277589179566e8	1.16215374152653e8
0.8966399999999689	265918.22937499644	1.2960310868758725e8	1.1623481668182242e8
0.8969599999999689	267355.12160160905	1.2957835677878696e8	1.1625415116802657e8
0.8972799999999689	268789.7966813175	1.295535413269646e8	1.1627341164976987e8
0.8975999999999689	270230.54338737536	1.2952847968478538e8	1.162924349727022e8
0.8979199999999689	271667.8348874561	1.2950340663608004e8	1.1631143073925027e8
0.8982399999999688	273110.9077273356	1.2947813954400305e8	1.1633023582997161e8
0.8985599999999688	274555.659262067	1.2945274367000788e8	1.163489082781938e8
0.8988799999999688	276000.1817185343	1.2942729037599196e8	1.16367511911543e8
0.8991999999999688	277450.4136536483	1.2940161487740634e8	1.1638589909945606e8
0.8995199999999688	278901.9969927948	1.2937583953367695e8	1.1640417924998689e8
0.8998399999999688	280361.1943107494	1.2934984842210518e8	1.1642224858136526e8
0.9001599999999688	281820.8360466902	1.2932374661490463e8	1.1644020074513942e8
0.9004799999999687	283282.05414436804	1.2929753611583981e8	1.1645803755161583e8
0.9007999999999687	284745.64820479247	1.2927120151224102e8	1.1647574509052458e8
0.9011199999999687	286209.5209751456	1.2924473935590187e8	1.1649331992582028e8
0.9014399999999687	287673.1675981009	1.2921819934678687e8	1.1651080668656199e8
0.9017599999999687	289137.02639462607	1.2919150774270159e8	1.1652813884352756e8
0.9020799999999687	290603.9833001165	1.291646800833051e8	1.1654533055158858e8
0.9023999999999687	292077.4416969606	1.2913762853864646e8	1.1656230275158015e8
0.9027199999999687	293550.3295895896	1.2911046883737326e8	1.1657915900493203e8
0.9030399999999686	295023.5496688602	1.290832159323257e8	1.1659591279889926e8
0.9033599999999686	296504.3776215994	1.2905573112825322e8	1.1661243945506814e8
0.9036799999999686	297990.28263741743	1.2902804975807816e8	1.1662877042939967e8
0.9039999999999686	299485.70657608117	1.2900011054286355e8	1.1664485055857591e8
0.9043199999999686	300990.83283690247	1.2897191095100756e8	1.1666067731409696e8
0.9046399999999686	302504.225765915	1.2894345198431057e8	1.166762512060517e8
0.9049599999999686	304026.4280699083	1.2891475761553621e8	1.1669159372347537e8
0.9052799999999686	305556.7046036613	1.2888581765841025e8	1.1670669534086165e8
0.9055999999999685	307089.9758472133	1.2885673991130297e8	1.167216529573919e8
0.9059199999999685	308626.1894904483	1.2882754692633007e8	1.1673648686340415e8
0.9062399999999685	310170.55681455845	1.2879811126345995e8	1.1675108194280083e8
0.9065599999999685	311722.2521821758	1.2876848263974686e8	1.1676548294912876e8
0.9068799999999685	313287.6502626089	1.2873850674775718e8	1.1677955034539443e8
0.9071999999999685	314858.44177917327	1.2870834397012064e8	1.1679342851308651e8
0.9075199999999685	316433.63485173444	1.2867801490035152e8	1.1680713586491404e8
0.9078399999999684	318017.51054027356	1.2864742107816593e8	1.1682058324536951e8
0.9081599999999684	319609.22834841843	1.2861658507874767e8	1.1683379081664295e8
0.9084799999999684	321212.96032395767	1.2858542064776182e8	1.1684668036020346e8
0.9087999999999684	322833.0463624047	1.285538498073778e8	1.1685918107876915e8
0.9091199999999684	324456.22779791284	1.2852212413557974e8	1.1687152007611647e8
0.9094399999999684	326088.1873273755	1.2849010605820149e8	1.1688357259981109e8
0.9097599999999684	327716.95331675635	1.2845802796355097e8	1.1689554869798337e8
0.9100799999999684	329341.89115627937	1.284259009390361e8	1.169074583494467e8
0.9103999999999683	330960.4235669149	1.2839376985840693e8	1.1691934213304122e8
0.9107199999999683	332566.37860844965	1.283617281860984e8	1.1693128461992164e8
0.9110399999999683	334155.1283916719	1.2832985776097362e8	1.1694336005477506e8
0.9113599999999683	335722.6641178385	1.2829821371145757e8	1.1695561850501731e8
0.9116799999999683	337272.6277202761	1.2826674702572234e8	1.1696801584688674e8
0.9119999999999683	338816.1827586928	1.282352425182733e8	1.1698035700074396e8
0.9123199999999683	340346.5542642579	1.28203836063159e8	1.1699276530301505e8
0.9126399999999683	341865.6437724808	1.2817249547124164e8	1.1700521164950988e8
0.9129599999999682	343373.2670284858	1.2814121881426826e8	1.1701769433783245e8
0.9132799999999682	344865.97089763475	1.281100352003058e8	1.1703023972472747e8
0.9135999999999682	346342.47043531685	1.2807905450622095e8	1.1704294818632501e8
0.9139199999999682	347811.4386946887	1.28048022730914e8	1.1705558854287569e8
0.9142399999999682	349269.2976831641	1.2801707464610374e8	1.1706828365941912e8
0.9145599999999682	350719.3344437918	1.2798613836708659e8	1.1708096816493353e8
0.9148799999999682	352155.5295813466	1.2795535946116893e8	1.1709377474250813e8
0.9151999999999682	353587.9143455473	1.2792451840832666e8	1.17106503502433e8
0.9155199999999681	355012.51831671444	1.2789373970738584e8	1.1711926803444922e8
0.9158399999999681	356438.3837061754	1.2786275701981139e8	1.1713182524339272e8
0.9161599999999681	357858.20757827576	1.2783179103810877e8	1.1714437650959302e8
0.9164799999999681	359275.8573438448	1.2780068584853394e8	1.1715677928606568e8
0.9167999999999681	360694.494334169	1.277694244173363e8	1.1716901808773845e8
0.9171199999999681	362115.2451793813	1.2773794722475706e8	1.171810382702856e8
0.9174399999999681	363538.91387714795	1.2770619562177454e8	1.1719278588396646e8
0.917759999999968	364966.6685543304	1.2767414070192775e8	1.1720423422941905e8
0.918079999999968	366405.2249221461	1.2764161989166747e8	1.1721523430616362e8
0.918399999999968	367848.21138260694	1.2760879508523442e8	1.1722593382032405e8
0.918719999999968	369303.5537522648	1.2757550448525792e8	1.1723618447354107e8
0.919039999999968	370779.4514364801	1.2754150973809136e8	1.1724576741407973e8
0.919359999999968	372276.4436475572	1.275068223207824e8	1.1725469254124618e8
0.919679999999968	373799.18608702056	1.2747128946803465e8	1.1726281904858455e8
0.919999999999968	375345.65204744524	1.2743500975394735e8	1.1727023662579128e8
0.9203199999999679	376930.98152551806	1.2739755985532758e8	1.1727655614665896e8
0.9206399999999679	378547.00979549903	1.2735923362260203e8	1.1728204633300564e8
0.9209599999999679	380201.0418668674	1.2731984285709086e8	1.1728653356801148e8
0.9212799999999679	381903.17121205246	1.2727917638414638e8	1.1728982303682011e8
0.9215999999999679	383648.2557996697	1.272373444768282e8	1.1729201469309549e8
0.9219199999999679	385449.5384167656	1.2719407311702509e8	1.1729285578800328e8
0.9222399999999679	387320.3098289198	1.271490700391331e8	1.1729207638017833e8
0.9225599999999679	389255.2406122288	1.2710249748460542e8	1.1728982400522651e8
0.9228799999999678	391260.54242501175	1.2705417579790865e8	1.1728593177340168e8
0.9231999999999678	393336.8741205992	1.2700404968932815e8	1.1728034694511613e8
0.9235199999999678	395497.46137583774	1.2695206443395872e8	1.172730181918915e8
0.9238399999999678	397747.7618591248	1.2689792988440892e8	1.1726367601395145e8
0.9241599999999678	400055.1363140334	1.2684221739116497e8	1.1725284380575301e8
0.9244799999999678	402359.20680834673	1.2678637161658348e8	1.172418509993932e8
0.9247999999999678	404597.139495505	1.2673182743553548e8	1.172320197172692e8
0.9251199999999677	406758.149475293	1.2667892525442448e8	1.1722366538160181e8
0.9254399999999677	408846.5496087988	1.2662759006254667e8	1.1721672054621795e8
0.9257599999999677	410892.08589978406	1.2657709346533483e8	1.1721051467492151e8
0.9260799999999677	412902.8404669015	1.2652722107327802e8	1.1720485066950457e8
0.9263999999999677	414871.68517557986	1.2647896890963098e8	1.1720065135390699e8
0.9264099999999676	420349.5854829426	1.263583241338093e8	1.1709054858679388e8
0.9264199999999676	435234.46411527006	1.2601651092853881e8	1.1677624060628246e8
0.9267399999999676	440036.6247290533	1.259021286643171e8	1.1671077580149281e8
0.9270599999999676	443052.79679079144	1.2582848147650775e8	1.1668286830860513e8
0.9273799999999676	445591.1767938831	1.2576567104465109e8	1.1666492684464324e8
0.9276999999999676	447966.1141761949	1.2570632786883596e8	1.1665014831397e8
0.9280199999999675	450207.77102723985	1.2565002516243328e8	1.166381423065958e8
0.9283399999999675	452368.7595887473	1.2559543374860848e8	1.1662768171149126e8
0.9286599999999675	454513.55329444516	1.25541033421159e8	1.1661736109378147e8
0.9289799999999675	456668.14154664025	1.2548615492468831e8	1.1660656077334552e8
0.9292999999999675	458857.87550039776	1.2543021117947885e8	1.1659473650088352e8
0.9296199999999675	461084.0581107869	1.2537308104446258e8	1.1658177469655907e8
0.9299399999999675	463344.69303581933	1.2531474220628566e8	1.165676532965033e8
0.9302599999999674	465648.5917342917	1.2525500302701402e8	1.1655219344869354e8
0.9305799999999674	467994.58751641784	1.2519387396800755e8	1.165354034214098e8
0.9308999999999674	470381.9201512676	1.2513137348777294e8	1.1651729897044623e8
0.9312199999999674	472806.9488869073	1.2506753846393697e8	1.1649791283032778e8
0.9315399999999674	475268.4911471761	1.250024497375866e8	1.1647731890945129e8
0.9318599999999674	477780.92504642176	1.249356514535567e8	1.1645509215573995e8
0.9321799999999674	480351.12065374077	1.2486696315528204e8	1.1643106312708949e8
0.9324999999999674	482992.0590842275	1.2479602857410134e8	1.1640489860933363e8
0.9328199999999673	485727.18385347375	1.2472222624409507e8	1.1637601823722398e8
0.9331399999999673	488549.6114754016	1.2464576357315785e8	1.163446122476757e8
0.9334599999999673	491451.91410121624	1.2456682930508514e8	1.16310853693485e8
0.9337799999999673	494432.0594619472	1.2448536391202594e8	1.162746844047451e8
0.9340999999999673	497496.95918740163	1.2440116304977831e8	1.1623591145440432e8
0.9344199999999673	500645.09420863335	1.2431432824371724e8	1.161946269027684e8
0.9347399999999673	503885.86992937926	1.2422456034636782e8	1.1615054913003139e8
0.9350599999999673	507228.7963108598	1.2413167036792298e8	1.1610349913225845e8
0.9353799999999672	510671.4133375499	1.2403561004197855e8	1.1605342850779171e8
0.9356999999999672	514193.9733299603	1.2393681271987432e8	1.1600073833446747e8
0.9360199999999672	517835.76022593636	1.2383421244648649e8	1.159444306660955e8
0.9363399999999672	521603.64370582334	1.2372759915939422e8	1.1588430548486145e8
0.9366599999999672	525505.0374273913	1.236166870416718e8	1.1582009157351892e8
0.9369799999999672	529540.9403741964	1.2350142420006362e8	1.1575173611703394e8
0.9372999999999672	533606.067355556	1.2338474577778324e8	1.156819793179354e8
0.9376199999999671	537657.8872120418	1.2326777804185674e8	1.1561187314660597e8
0.9379399999999671	541597.4067874824	1.2315327444292706e8	1.155439937660602e8
0.9382599999999671	545435.096123379	1.2304117548141772e8	1.1547828847002561e8
0.9385799999999671	549219.1376827608	1.2293013943320197e8	1.1541350330864716e8
0.9388999999999671	553040.390710238	1.2281753165683097e8	1.1534717124046697e8
0.9392199999999671	556863.6208683286	1.227042687218037e8	1.1528014943976483e8
0.9395399999999671	560589.3144058714	1.2259324835017534e8	1.152151537848687e8
0.939859999999967	564334.7661242771	1.2248111823067085e8	1.15149042873109e8
0.940179999999967	568117.668011408	1.2236736904952174e8	1.1508133783187577e8
0.940499999999967	571979.2212405589	1.2225080179801498e8	1.1501091185469289e8
0.940819999999967	575899.9915057878	1.2213187413092609e8	1.1493819158135119e8
0.941139999999967	579749.3965423639	1.2201421710079831e8	1.148665843317218e8
0.941459999999967	583556.1657374379	1.2189710049177155e8	1.1479540560692151e8
0.941779999999967	587347.1879230499	1.2177977208913492e8	1.1472394911138237e8
0.942099999999967	591172.8485428602	1.2166057946464439e8	1.1465066082156812e8
0.942419999999967	595067.8479914619	1.215384457022646e8	1.1457452600541157e8
0.9427399999999669	599021.9291750026	1.2141371094145826e8	1.1449586184861092e8
0.9430599999999669	603062.4402124282	1.2128544185188161e8	1.1441378716817717e8
0.9433799999999669	607245.8266329004	1.211518705318008e8	1.143266338809902e8
0.9436999999999669	611551.1510678498	1.2101365737169504e8	1.1423501879146974e8
0.9440199999999669	616040.2331044013	1.2086873080881706e8	1.1413698519038469e8
0.9443399999999669	620706.2851954643	1.2071705257682309e8	1.1403248994222711e8
0.9446599999999669	625576.36664626	1.2055742448091671e8	1.1392039600626901e8
0.9449799999999668	630814.6019910772	1.2038519807519905e8	1.1379631189649919e8
0.9452999999999668	636258.6246020062	1.2020618803511916e8	1.136657128963599e8
0.9456199999999668	641774.3358800972	1.2002339299175735e8	1.1353142056924677e8
0.9459399999999668	647191.0503454169	1.1984248327986953e8	1.133987857819375e8
0.9462599999999668	652430.5683903772	1.1966617348235531e8	1.1327037493815489e8
0.9465799999999668	657586.0051309924	1.1949130584174597e8	1.1314320852807006e8
0.9468999999999668	662669.1241676526	1.193176350062117e8	1.1301705631787121e8
0.9472199999999668	667705.2299524283	1.1914466373799625e8	1.1289144986793776e8
0.9475399999999667	672681.824529184	1.1897287368250954e8	1.1276684561763595e8
0.9478599999999667	677703.2415061594	1.1879861249693835e8	1.1263978828835618e8
0.9481799999999667	682845.8851900091	1.1861930495089231e8	1.1250783764210369e8
0.9484999999999667	688115.6375591158	1.1843432640036848e8	1.1237039654607989e8
0.9488199999999667	693538.1881950451	1.1824269210183516e8	1.1222652640453114e8
0.9491399999999667	699046.2476631836	1.1804640478358391e8	1.1207811812844308e8
0.9494599999999667	704673.3667994656	1.1784412876888701e8	1.119239006928616e8
0.9497799999999667	710295.2638974526	1.1764040156562135e8	1.1176817162714487e8
0.9500999999999666	715904.884415785	1.1743535099270606e8	1.1161105063189848e8
0.9504199999999666	721339.9789321171	1.1723478692308138e8	1.1145805022358657e8
0.9507399999999666	726609.3309353631	1.1703865217365697e8	1.1130912094322063e8
0.9510599999999666	731752.7436826851	1.1684580171168742e8	1.1116318015518938e8
0.9513799999999666	736743.98516555	1.166571140458961e8	1.1102106565353951e8
0.9516999999999666	741540.7178209665	1.1647429680207756e8	1.108844046832041e8
0.9520199999999666	746186.2331535468	1.1629567120900343e8	1.1075160691985829e8
0.9523399999999665	750737.1989642958	1.1611903382081734e8	1.1062058080381596e8
0.9526599999999665	755233.4424744243	1.1594278232011425e8	1.1048980375624293e8
0.9529799999999665	759750.5183534941	1.157641783192167e8	1.1035667012401626e8
0.9532999999999665	764330.5381021384	1.1558139713968924e8	1.1021944012939127e8
0.9536199999999665	769024.9189557357	1.1539246785335039e8	1.1007623257004933e8
0.9539399999999665	773824.4526044533	1.1519741191879594e8	1.0992706148009932e8
0.9542599999999665	778687.9775280681	1.149978504388147e8	1.0977346594783162e8
0.9545799999999665	783582.4083791231	1.1479503529421587e8	1.0961663510413735e8
0.9548999999999664	788638.8672213026	1.1458320745444891e8	1.0945107241116112e8
0.9552199999999664	793978.7497648337	1.1435645156101559e8	1.0927112402852397e8
0.9555399999999664	799640.3401780438	1.1411308738681865e8	1.0907517153112121e8
0.9558599999999664	805749.4285784111	1.138472763677841e8	1.0885762336868377e8
0.9561799999999664	812413.5641001496	1.1355488304168913e8	1.0861450802917738e8
0.9564999999999664	819644.7252636078	1.1323619138755065e8	1.0834607160773738e8
0.9566599999999664	824016.60859228	1.13042679609655e8	1.0817912275518516e8
0.9569799999999664	831916.4076760333	1.1269390512332356e8	1.0788160236877264e8
0.9572999999999664	839898.2123173373	1.1234068947743924e8	1.0757960569041479e8
0.9576199999999664	847989.1016818283	1.1198135756671076e8	1.072715254111591e8
0.9579399999999664	856120.1276857572	1.116174913385055e8	1.069588680653747e8
0.9582599999999664	864219.3628988648	1.1125207930803435e8	1.0664449003392068e8
0.9585799999999663	872623.2112350848	1.1087008629947978e8	1.0631399137836099e8
0.9588999999999663	881174.9654535447	1.1047748008913842e8	1.0597307194855128e8
0.9592199999999663	889947.3061155741	1.1007094277062023e8	1.0561854177557404e8
0.9595399999999663	898696.1732810155	1.0966206325311808e8	1.0526149742106421e8
0.9598599999999663	907899.7596184901	1.092285007540884e8	1.0488051183016673e8
0.9601799999999663	917066.9306935938	1.087932971318155e8	1.0449766564520317e8
0.9604999999999663	925936.2145206172	1.0836887294616866e8	1.0412487694526494e8
0.9608199999999663	934545.0017099578	1.0795371664626843e8	1.0376070550123101e8
0.9611399999999662	943462.8225256718	1.0751989678376468e8	1.0337833656002733e8
0.9614599999999662	952205.5444689207	1.0709185053168383e8	1.0300122861387298e8
0.9617799999999662	960630.5534330793	1.0667763209793773e8	1.026371282989032e8
0.9620999999999662	968753.2609380172	1.0627529374257146e8	1.02284175858314e8
0.9624199999999662	976789.1821213288	1.0587384820626606e8	1.0193181672813517e8
0.9625799999999662	981622.7211891564	1.0563499782356718e8	1.0171886852723266e8
0.9627399999999663	986396.3946794377	1.0540061286025833e8	1.0151013915474734e8
0.9627599999999663	987711.5556106378	1.0533510060206334e8	1.0144920383396994e8
0.9627699999999663	992884.4737979362	1.0507540016407399e8	1.012004081049215e8
0.9628099999999663	996401.0085319354	1.048965061318695e8	1.0103246122232907e8
0.9631299999999663	1.0041923171600378e6	1.0449252612242895e8	1.0067691125502521e8
0.9634499999999663	1.0117917041008954e6	1.0409432146326435e8	1.0032665500056344e8
0.9637699999999663	1.0196244677186452e6	1.036790811242471e8	9.995972900957762e7
0.9640899999999663	1.0278113736764881e6	1.032397885166962e8	9.95693564174869e7
0.9644099999999662	1.0360557120272618e6	1.0279483372828194e8	9.917323881868e7
0.9647299999999662	1.0443237743299656e6	1.0234615202603495e8	9.87732365435939e7
0.9650499999999662	1.053026088362643e6	1.018703551307507e8	9.834678948071583e7
0.9653699999999662	1.0622309561670076e6	1.0136266835183847e8	9.788926420482297e7
0.9656899999999662	1.0713382933283553e6	1.0085668219347468e8	9.743304704425728e7
0.9660099999999662	1.079734179160179e6	1.0038702640968665e8	9.701157154676771e7
0.9663299999999662	1.08791765537295e6	9.992584663351676e7	9.65979735648193e7
0.9666499999999661	1.0961737597510861e6	9.945676937311748e7	9.617644350940837e7
0.9669699999999661	1.104360734689221e6	9.898672782186683e7	9.575367323697405e7
0.9672899999999661	1.1126358720071795e6	9.850651690432319e7	9.532076305575284e7
0.9676099999999661	1.120684604353121e6	9.80352847134126e7	9.489622081587687e7
0.9679299999999661	1.1288483137027828e6	9.755304565485945e7	9.446072164612529e7
0.9682499999999661	1.1373123750298093e6	9.704812533240202e7	9.40029570210022e7
0.9685699999999661	1.1454845536594256e6	9.65563520975335e7	9.35575885306263e7
0.9688899999999661	1.1535543593278704e6	9.606691888491587e7	9.311416411452161e7
0.969209999999966	1.1619650872322288e6	9.555208277929941e7	9.264581105555744e7
0.969529999999966	1.1705357130037781e6	9.502235765566227e7	9.216269264106627e7
0.969849999999966	1.1790324347513295e6	9.449094725544943e7	9.16775930236022e7
0.970169999999966	1.1870451966236455e6	9.39837097448794e7	9.121558524140176e7
0.970489999999966	1.1951977263958335e6	9.346143539798082e7	9.073865872428922e7
0.970809999999966	1.2033989439483555e6	9.292822034243736e7	9.025077280581234e7
0.971129999999966	1.2119633560257622e6	9.236316056635034e7	8.973162550288518e7
0.971449999999966	1.2210854419870195e6	9.175124413053337e7	8.916660809997228e7
0.9717699999999659	1.230735391256123e6	9.109291596058899e7	8.855610660311367e7
0.9720899999999659	1.2400260513068922e6	9.04540664191911e7	8.796410255252042e7
0.9724099999999659	1.2495616239976555e6	8.97925382525362e7	8.734963752735181e7
0.9727299999999659	1.2590647360173268e6	8.912940664021674e7	8.673318241648622e7
0.9730499999999659	1.2688994556731777e6	8.843636894620377e7	8.6087205643431e7
0.9733699999999659	1.2789131602551315e6	8.772220712691885e7	8.542022220858364e7
0.9736899999999659	1.2893906115430405e6	8.696420633919072e7	8.47101019373934e7
0.9738499999999659	1.2951635085350475e6	8.654255990052032e7	8.4313340484867e7
0.974009999999966	1.3006936501503286e6	8.613594946098423e7	8.393108116245776e7
0.974169999999966	1.3062147592888512e6	8.572735219575691e7	8.354675421577007e7
0.9743299999999661	1.3119838557883652e6	8.52975274158918e7	8.31416185127011e7
0.9744899999999661	1.318225954648515e6	8.482918466970703e7	8.269882011288305e7
0.9746499999999662	1.3251069958144573e6	8.430952565822694e7	8.220587064513198e7
0.9748099999999662	1.332544803922165e6	8.374370854549444e7	8.166777133084145e7
0.9749699999999663	1.3402881719693388e6	8.314967852136964e7	8.110198948092139e7
0.9751299999999663	1.3489519013074946e6	8.247977221733783e7	8.046204871607542e7
0.9751699999999663	1.3525452954379714e6	8.220269670847824e7	8.019518744888973e7
0.9752099999999664	1.3560538495202851e6	8.193170497798564e7	7.993423458650827e7
0.9752499999999664	1.3594633917072134e6	8.16677310486027e7	7.968010142409185e7
0.9752899999999665	1.3628649097342642e6	8.140394753048559e7	7.942613237892415e7
0.9752999999999664	1.364565590701644e6	8.127403382130837e7	7.93002699560097e7
0.9753099999999664	1.3724697259357492e6	8.068102724307223e7	7.872289895797145e7
0.9754699999999664	1.379891768369862e6	8.010094732098256e7	7.816991982827432e7
0.9756299999999665	1.3862409749359116e6	7.959830554853438e7	7.769227753487316e7
0.9757899999999665	1.392786675959466e6	7.90748321583842e7	7.71941498372521e7
0.9759499999999666	1.3999880121307946e6	7.849391586656658e7	7.663980690166482e7
0.9761099999999666	1.4075214289672184e6	7.788070476688212e7	7.605376041693678e7
0.9762699999999667	1.4154184202215734e6	7.723298805692786e7	7.543383712944628e7
0.9763499999999666	1.4197502493876524e6	7.687599101600656e7	7.509145092187351e7
0.9763699999999667	1.4209924828425432e6	7.677359968314204e7	7.499301757499644e7
0.9763799999999666	1.4339315973379507e6	7.579417579829434e7	7.403778683026525e7
0.9765399999999667	1.4410096688495958e6	7.521616680886555e7	7.34854016223583e7
0.9766999999999667	1.4471979988752105e6	7.470246025221911e7	7.299561264171375e7
0.9768599999999668	1.453697713090971e6	7.415753262260917e7	7.24751658828005e7
0.9770199999999668	1.4612167437023101e6	7.352149354737812e7	7.186554838642725e7
0.9770999999999668	1.466153412445856e6	7.30999665829393e7	7.145955226133262e7
0.9771799999999667	1.4720783005842369e6	7.259153147471772e7	7.096858555328162e7
0.9772599999999667	1.4788258997248975e6	7.200967167478305e7	7.040580024185589e7
0.9773399999999667	1.4859735470706208e6	7.139123134611888e7	6.980717820439012e7
0.9774199999999666	1.4923733876437442e6	7.083663483261232e7	6.927084140918262e7
0.9774999999999666	1.4982862214438228e6	7.032377365237316e7	6.877520018517496e7
0.9775399999999667	1.502998671691885e6	6.991306457359001e7	6.837657449343109e7
0.9776199999999666	1.5099082350931552e6	6.931094837551148e7	6.779356109716666e7
0.9776999999999666	1.5150687570354773e6	6.886104225325437e7	6.735922704428643e7
0.9778599999999666	1.5230028718096763e6	6.816684405787471e7	6.669134941401301e7
0.9780199999999667	1.528755889592016e6	6.766019767101505e7	6.620662858065718e7
0.9781799999999667	1.5333907341953812e6	6.72493541078674e7	6.581543178705169e7
0.9782599999999667	1.5369089475269923e6	6.693614276580447e7	6.551436342259294e7
0.9782999999999668	1.539425939912413e6	6.671142813063635e7	6.529719568309548e7
0.9783399999999668	1.5421933706300992e6	6.646457879903293e7	6.505835993065156e7
0.9783799999999668	1.5451314806106333e6	6.620183779873702e7	6.480395980813698e7
0.9784199999999669	1.548255353781053e6	6.5921517784523904e7	6.453234278126634e7
0.9784599999999669	1.5517929010768489e6	6.560308353587414e7	6.422341873559849e7
0.978499999999967	1.5551356423833962e6	6.5301166951434955e7	6.393062727828824e7
0.978539999999967	1.5585039628492694e6	6.4996040449122846e7	6.363467091612532e7
0.978579999999967	1.5621245582055817e6	6.4667085070044294e7	6.331537681587863e7
0.9786199999999671	1.566257854724227e6	6.4290465685619816e7	6.29494221221932e7
0.9786599999999671	1.5713289390991942e6	6.382711298599535e7	6.249857455443254e7
0.9786799999999671	1.5744733657158115e6	6.3539315138618246e7	6.221822471201792e7
0.9787199999999672	1.5807616177065123e6	6.2963755954423755e7	6.1657525834936395e7
0.9787599999999672	1.586673381714899e6	6.2423313688548416e7	6.113114344842928e7
0.9788399999999672	1.5949785478318932e6	6.166412047184639e7	6.039305742873227e7
0.9789199999999671	1.6026996949220144e6	6.095642657554862e7	5.9705250012903064e7
0.9789999999999671	1.6107264057095214e6	6.0217984927596435e7	5.898723249863488e7
0.9790799999999671	1.619571070481978e6	5.940108175171597e7	5.8192292548262656e7
0.9791599999999671	1.628372354222977e6	5.858533160886955e7	5.739834857800084e7
0.979239999999967	1.6357332312312166e6	5.78973869995316e7	5.672939506729983e7
0.9793999999999671	1.6464202624610025e6	5.688627710804579e7	5.574833605702492e7
0.9795599999999671	1.653375201371697e6	5.622195504910526e7	5.510657327701579e7
0.9797199999999672	1.6582463199055013e6	5.575256873818976e7	5.4655535879545175e7
0.9798799999999672	1.6626873217030198e6	5.532114649656658e7	5.424153829796656e7
0.9800399999999673	1.6673062402957457e6	5.486864885020673e7	5.380675005171117e7
0.9801999999999673	1.6723256248234697e6	5.437276108659005e7	5.332929246444535e7
0.9803599999999674	1.6778932044921953e6	5.38180906508428e7	5.279405717299478e7
0.9805199999999674	1.6840849532811744e6	5.3195736257818446e7	5.219228929040438e7
0.9806799999999675	1.6909975967115972e6	5.2494929041221425e7	5.1513397085711844e7
0.9808399999999675	1.6983707185262905e6	5.174141049849883e7	5.078258585631292e7
0.9809999999999676	1.7057807210002518e6	5.0978322986821994e7	5.0042144683769785e7
0.9811599999999676	1.7135549659266127e6	5.017089649227382e7	4.925796017791587e7
0.9813199999999677	1.722236136617252e6	4.926135119614048e7	4.837332052682705e7
0.9813999999999676	1.7270805088906635e6	4.875049941201356e7	4.787586382041395e7
0.9814799999999676	1.7322930880287096e6	4.819833437369622e7	4.733778328908415e7
0.9815599999999676	1.737870147701438e6	4.760508777697715e7	4.675929628389183e7
0.9816399999999675	1.7439095382420493e6	4.695989679497248e7	4.612973126893744e7
0.9817199999999675	1.7502391687620848e6	4.628067684639022e7	4.546666044564173e7
0.9817999999999675	1.7564522521636442e6	4.561127807718094e7	4.48131202471642e7
0.9819599999999675	1.7640276663796965e6	4.478927537658985e7	4.401309990789626e7
0.9821199999999676	1.768740003275641e6	4.427105958641377e7	4.3511118112265885e7
0.9822799999999676	1.7735529479575257e6	4.373605379372361e7	4.299247827873528e7
0.9824399999999677	1.777235061209453e6	4.3325107147813946e7	4.259552651397183e7
0.9825999999999677	1.7804788430063785e6	4.296104959600142e7	4.224450766489797e7
0.9827599999999678	1.7839721645486287e6	4.256569861472492e7	4.186262165072256e7
0.9829199999999678	1.78797956478844e6	4.210797471421802e7	4.141930919706447e7
0.9830799999999679	1.7927252758702943e6	4.156080426895274e7	4.088792837238851e7
0.9832399999999679	1.7978867479755974e6	4.095983627976327e7	4.0303482005609244e7
0.983399999999968	1.8036087282954683e6	4.028695404922956e7	3.964813051690082e7
0.9834799999999679	1.8068724176592112e6	3.990034832516296e7	3.927104410316978e7
0.9835599999999679	1.810468426666265e6	3.947222284796554e7	3.885306360527817e7
0.9836399999999679	1.8144798078641095e6	3.899228799567683e7	3.838405905372302e7
0.9837199999999678	1.8189986331287518e6	3.844893318248463e7	3.7852597848019935e7
0.9837299999999678	1.8280110511441177e6	3.7362857961852044e7	3.678470600261368e7
0.9837499999999678	1.8300558143539738e6	3.711812523691167e7	3.654469410879397e7
0.9837599999999678	1.892676418058425e6	2.9673570423460588e7	2.922240870481196e7
0.9838399999999677	1.896976444612944e6	2.9156937480779067e7	2.871641651043374e7
0.9839199999999677	1.9007031389861107e6	2.8706308131795913e7	2.8275274003510665e7
0.9839999999999677	1.9047659984064887e6	2.8212142281742394e7	2.779122426120817e7
0.9840799999999676	1.909359819011528e6	2.765024234432985e7	2.724044749452595e7
0.9841599999999676	1.9144360260016492e6	2.702599682756701e7	2.66282297044694e7
0.9842399999999676	1.9179798827926738e6	2.6588794345826313e7	2.6199982309888102e7
0.9843199999999676	1.9210736260476455e6	2.6205536663468257e7	2.5824756283040714e7
0.9843999999999675	1.924535796434011e6	2.577415956415464e7	2.5402105433377426e7
0.9844799999999675	1.9287399875982024e6	2.5247219796591103e7	2.4885316989954777e7
0.9845199999999675	1.931244033001612e6	2.4931982148457855e7	2.4575930722429845e7
0.9845599999999676	1.934086681881642e6	2.4573023449817136e7	2.422347826611948e7
0.9845999999999676	1.9373404879780323e6	2.416088808372569e7	2.381864545075046e7
0.9846399999999677	1.9411200306494932e6	2.368068133690174e7	2.3346761675237e7
0.9846799999999677	1.9455503789143472e6	2.3116067879801005e7	2.2791735551686738e7
0.9847199999999677	1.950512952068182e6	2.248180495911239e7	2.2168086817244094e7
0.9847599999999678	1.9549184718543089e6	2.191757196939528e7	2.1613341130092114e7
0.9847999999999678	1.9589360570308573e6	2.1401856437469497e7	2.1106324047686204e7
0.9848399999999679	1.9630303220724678e6	2.0874844994464755e7	2.058814188403068e7
0.9848799999999679	1.9674216349464126e6	2.0307907687512234e7	2.003059953839685e7
0.9849199999999679	1.9722602854159046e6	1.968135058209485e7	1.941429750042036e7
0.984959999999968	1.977619295780806e6	1.8985301739628255e7	1.8729506195672244e7
0.984999999999968	1.9831340380358112e6	1.826682882016094e7	1.802257339842854e7
0.985079999999968	1.9889263955073503e6	1.750740898954718e7	1.727587322924361e7
0.985239999999968	1.9949016970319212e6	1.6720372394403711e7	1.6503024446910033e7
0.985559999999968	1.9982076346351586e6	1.628592465028961e7	1.6079610016583102e7
0.9857199999999681	2.000158439164923e6	1.6026776922169566e7	1.5826476810231812e7
0.9858799999999681	2.0024751846445894e6	1.5716977378553286e7	1.5523328607574858e7
0.9860399999999682	2.0053937663041095e6	1.532470810948363e7	1.5138770481252419e7
0.9861199999999681	2.007226427605166e6	1.5077631892701134e7	1.4896214664845185e7
0.9861999999999681	2.0094845761460206e6	1.4772533903763115e7	1.4596403823041594e7
0.9862799999999681	2.0109093006017455e6	1.4582769909647703e7	1.4410283982091192e7
0.9863199999999681	2.0099088232969916e6	1.4735749428506434e7	1.4561659929026764e7
0.9863299999999681	2.0146562607384718e6	1.4081885458423167e7	1.3916926435290432e7
0.986339999999968	2.0086408994021472e6	1.4915143702436194e7	1.4738840874146335e7
0.986349999999968	2.0063210581441293e6	1.5228345850655556e7	1.5047865212237353e7
0.9863599999999679	2.0110294707120294e6	1.4571917666044861e7	1.4400587151060117e7
0.9863699999999679	2.0130755487826914e6	1.430253678771691e7	1.4135031431029843e7
0.9863799999999678	2.0130060924918388e6	1.432881784633568e7	1.4161076490247931e7
0.9863899999999678	2.0192317605125962e6	1.3444186744274244e7	1.328869310694488e7
0.9864099999999678	2.0211424266596516e6	1.318123712861143e7	1.3029571441611547e7
0.9864299999999678	2.0234317761219437e6	1.2865115075495988e7	1.2717993433123134e7
0.9864499999999679	2.0260946340277812e6	1.249684133861208e7	1.2354962720764626e7
0.9864699999999679	2.0297518556949024e6	1.1987077486803964e7	1.1852354871014738e7
0.9864799999999678	2.031868907495942e6	1.1691446345844701e7	1.1560848858877916e7
0.9864899999999678	2.0317466360038656e6	1.1720533096355692e7	1.1589637591276027e7
0.9864999999999677	2.037088547756452e6	1.09598902626106e7	1.0839432439459782e7
0.9865099999999677	2.0403505138618893e6	1.0501036053666458e7	1.038690140573422e7
0.9865199999999676	2.0441934945929726e6	9.95904215448463e6	9.852349994549034e6
0.9865299999999676	2.0487708012715715e6	9.311753691476166e6	9.213921311944876e6
0.9865399999999676	2.0542908054972189e6	8.529013846249044e6	8.441864074120315e6
0.9865499999999675	2.0608781695465802e6	7.592320660681799e6	7.51792275917585e6
0.9867099999999676	2.067387050699007e6	6.644806633789584e6	6.583972727530162e6
0.9868699999999676	2.0711201840515728e6	6.088190490112156e6	6.03544635699345e6
0.9869499999999676	2.075106725721064e6	5.488236061062545e6	5.443694723236227e6
0.9872699999999676	2.0790592268162523e6	4.885036341682583e6	4.849316253010243e6
0.9874299999999676	2.080864436908157e6	4.603518109717011e6	4.5718083530497225e6
0.9875899999999677	2.0830087474469142e6	4.26473451634115e6	4.237659299549102e6
0.9877499999999677	2.0855908268228774e6	3.851382376829222e6	3.829751430341587e6
0.9879099999999678	2.0887455099944973e6	3.3395959010256827e6	3.3244731197980754e6
0.9880699999999678	2.0926631238599622e6	2.6954091486382782e6	2.6882183885626537e6
0.9983099999999678	2.0962639999999998e6	2.096264e6	2.096264e6
