lambda	f0	f1	fla
0.0	19033.547453416337	1.4340625926871646e7	19033.547453416337
0.00064	19041.895753893557	1.4340373426220717e7	28207.547933392325
0.00128	19046.031364648345	1.434026019305638e7	37377.18549161377
0.0019200000000000003	19048.825953733707	1.4340195265933005e7	46545.42711849391
0.00256	19050.820474694243	1.4340156749158233e7	55712.8516521241
0.0032	19052.419269384776	1.4340130874795847e7	64879.87032706945
0.00384	19053.840594898484	1.4340111584180225e7	74046.70233026614
0.0044800000000000005	19055.157495599433	1.4340096089262962e7	83213.42086991723
0.00512	19056.397318850693	1.4340082874504328e7	92380.05288204034
0.00576	19057.599432384162	1.4340071151398538e7	101546.63749170922
0.0064	19058.771635313857	1.4340060406804696e7	110713.1821003979
0.00704	19059.926619666923	1.434005026647513e7	119879.6986122494
0.00768	19061.073204392855	1.4340040459969733e7	129046.19489475066
0.008320000000000001	19062.213746282858	1.4340030888106031e7	138212.67311695596
0.008960000000000001	19063.3498456029	1.4340021522046492e7	147379.13506852288
0.009600000000000001	19064.488188666703	1.4340012114408353e7	156545.5854003757
0.01024	19065.628919856812	1.434000267281281e7	165712.02424932068
0.01088	19066.772557387554	1.4339993189958302e7	174878.45197870952
0.01152	19067.91829360986	1.4339983673189279e7	184044.86779000796
0.01216	19069.06627443492	1.4339974103814192e7	193211.27153091837
0.0128	19070.21723534601	1.4339964506250095e7	202377.6641347348
0.01344	19071.369812886704	1.4339954870203191e7	211544.0440581324
0.01408	19072.525880486988	1.4339945182985008e7	220710.41289251865
0.01472	19073.68346663308	1.4339935475144822e7	229876.76904013602
0.01536	19074.843858079814	1.4339925725225069e7	239043.11339587675
0.016	19076.007096842102	1.4339915940647487e7	248209.4460336524
0.016640000000000002	19077.171649876535	1.4339906124904238e7	257375.76543202912
0.017280000000000004	19078.340408661894	1.4339896240163276e7	266542.07371642167
0.017920000000000005	19079.509283947154	1.4339886341766572e7	275708.36772203585
0.018560000000000007	19080.682228634214	1.4339876422198173e7	284874.65116246894
0.01920000000000001	19081.85742798166	1.4339866454513062e7	294040.9216920153
0.01984000000000001	19083.034152210857	1.4339856446786525e7	303207.1786588758
0.020480000000000012	19084.213095406798	1.433984642116117e7	312373.4231165938
0.021120000000000014	19085.394220034046	1.43398363588656e7	321539.65459334856
0.021760000000000015	19086.579147507535	1.4339826252755415e7	330705.8744452158
0.022400000000000017	19087.764637825952	1.4339816120709928e7	339872.0798138413
0.02304000000000002	19088.953711620117	1.4339805954572838e7	349038.27341146284
0.02368000000000002	19090.146208109967	1.4339795736265047e7	358204.4545806585
0.024320000000000022	19091.33943680376	1.4339785499346634e7	367370.62140581117
0.024960000000000024	19092.53316508418	1.4339775253143508e7	376536.77385574597
0.025600000000000026	19093.730078881777	1.4339764971885467e7	385702.9138691307
0.026240000000000027	19094.93207940971	1.4339754619253328e7	394869.0422708537
0.02688000000000003	19096.13385702372	1.433974428170952e7	404035.1560712993
0.02752000000000003	19097.33651957638	1.433973390852124e7	413201.2549810626
0.028160000000000032	19098.545783074962	1.4339723461392216e7	422367.3434066288
0.028800000000000034	19099.753643356617	1.4339713035724947e7	431533.41616730695
0.029440000000000036	19100.965923635333	1.4339702551534532e7	440699.47660402063
0.030080000000000037	19102.17960197739	1.4339692015901653e7	449865.5218778722
0.03072000000000004	19103.395564125753	1.4339681495144308e7	459031.5547832295
0.03136000000000004	19104.611680657916	1.4339670938992037e7	468197.5717051433
0.03200000000000004	19105.832573621643	1.4339660348008301e7	477363.577067532
0.032640000000000044	19107.056618867748	1.4339649725541526e7	486529.56933250395
0.033280000000000046	19108.28002003995	1.4339639097942375e7	495695.5456404959
0.03392000000000005	19109.5060826555	1.4339628428277085e7	504861.50792349124
0.03456000000000005	19110.73648738538	1.4339617703685306e7	514027.4572737462
0.03520000000000005	19111.966859062435	1.4339606977477796e7	523193.3912328426
0.03584000000000005	19113.201618203424	1.4339596203585593e7	532359.3124087154
0.036480000000000054	19114.43463634616	1.4339585432358664e7	541525.2166332571
0.037120000000000056	19115.674160166112	1.4339574627226401e7	550691.1104979855
0.03776000000000006	19116.912744741938	1.4339563800705094e7	559856.9872341257
0.03840000000000006	19118.156034667667	1.4339552937178796e7	569022.851630603
0.03904000000000006	19119.401156042873	1.4339542047866365e7	578188.7012836147
0.03968000000000006	19120.64603467184	1.4339531136549082e7	587354.5342982846
0.040320000000000064	19121.895328505685	1.433952019650194e7	596520.3548318195
0.040960000000000066	19123.14530390655	1.4339509250409126e7	605686.1601690173
0.04160000000000007	19124.399092179014	1.4339498244356433e7	614851.951055173
0.04224000000000007	19125.65407075254	1.433948721156129e7	624017.7262591538
0.04288000000000007	19126.910544225022	1.4339476191933677e7	633183.4877302058
0.04352000000000007	19128.170353063393	1.433946513738189e7	642349.2351581589
0.044160000000000074	19129.43186466941	1.4339454050675228e7	651514.9670313448
0.044800000000000076	19130.696085502637	1.4339442925600339e7	660680.6839677683
0.04544000000000008	19131.96298214346	1.4339431775492366e7	669846.386462609
0.04608000000000008	19133.229423014145	1.433942059364788e7	679012.0711664972
0.04672000000000008	19134.50276768831	1.4339409406376967e7	688177.746264315
0.04736000000000008	19135.77456076942	1.4339398218519133e7	697343.4039066386
0.048000000000000084	19137.04782725688	1.4339386950479465e7	706509.0431545641
0.048640000000000086	19138.32316605	1.4339375743516004e7	715674.671291873
0.04928000000000009	19139.60135778168	1.433936447193318e7	724840.2829797385
0.04992000000000009	19140.883203992285	1.4339353134134203e7	734005.8787704296
0.05056000000000009	19142.166326098264	1.4339341844877154e7	743171.4620736409
0.05120000000000009	19143.451670547474	1.4339330441336373e7	752337.0255414391
0.051840000000000094	19144.741467875097	1.4339319074887102e7	761502.5789123292
0.052480000000000096	19146.027498306314	1.4339307699350616e7	770668.1120371169
0.0531200000000001	19147.319686495786	1.4339296251338275e7	779833.6309358396
0.0537600000000001	19148.612741231915	1.4339284846937295e7	788999.1366916137
0.0544000000000001	19149.910658609555	1.4339273355954925e7	798164.6260827305
0.0550400000000001	19151.208860465318	1.433926187056494e7	807330.099680681
0.055680000000000104	19152.507494843474	1.4339250346727204e7	816495.5551833028
0.056320000000000106	19153.81003098448	1.4339238826375544e7	825660.9981515117
0.05696000000000011	19155.11639525962	1.4339227254584532e7	834826.4253865221
0.05760000000000011	19156.421746410244	1.4339215680262638e7	843991.8350369466
0.05824000000000011	19157.73165651729	1.4339204068591347e7	853157.2303196033
0.05888000000000011	19159.044033282033	1.4339192449045116e7	862322.6109203805
0.059520000000000114	19160.357954111405	1.4339180790421378e7	871487.9740945647
0.060160000000000116	19161.670845588542	1.4339169104451166e7	880653.3180513019
0.06080000000000012	19162.987493970955	1.4339157451990293e7	889818.650935349
0.06144000000000012	19164.310753176364	1.4339145689672695e7	898983.9666739934
0.06208000000000012	19165.631073354067	1.4339133997897048e7	908149.2672857707
0.06272000000000012	19166.95583115642	1.4339122218861444e7	917314.5499284178
0.06336000000000012	19168.280473922732	1.4339110438739946e7	926479.8156216597
0.06400000000000013	19169.610384223128	1.4339098634520346e7	935645.0679289368
0.06464000000000013	19170.939924578393	1.4339086813996978e7	944810.3020246201
0.06528000000000013	19172.273123297375	1.4339074973029077e7	953975.5213731485
0.06592000000000013	19173.608263146183	1.4339063092478879e7	963140.7230626493
0.06656000000000013	19174.947296162783	1.4339051219739757e7	972305.9119900104
0.06720000000000013	19176.28453820197	1.4339039282420726e7	981471.0779959095
0.06784000000000014	19177.627735062943	1.4339027331536837e7	990636.2316409772
0.06848000000000014	19178.97183111774	1.4339015406837502e7	999801.3709003569
0.06912000000000014	19180.31568960476	1.4339003415737059e7	1.0089664883648867e6
0.06976000000000014	19181.666673815856	1.4338991368709339e7	1.018131591487816e6
0.07040000000000014	19183.013819599746	1.4338979392800907e7	1.0272966788998857e6
0.07104000000000014	19184.368253779372	1.433896738769856e7	1.0364617539551386e6
0.07168000000000015	19185.722751176854	1.4338955256796641e7	1.0456268029515578e6
0.07232000000000015	19187.07868507167	1.433894321174366e7	1.0547918422278708e6
0.07296000000000015	19188.438777111478	1.4338931091704728e7	1.0639568627347124e6
0.07360000000000015	19189.798890674512	1.4338918974666497e7	1.073121866227777e6
0.07424000000000015	19191.165511130264	1.4338906796586927e7	1.0822868539621998e6
0.07488000000000015	19192.5310953747	1.4338894626424374e7	1.0914518239936123e6
0.07552000000000016	19193.898214066052	1.4338882396645779e7	1.1006167736156313e6
0.07616000000000016	19195.271802416268	1.4338870202647604e7	1.109781714535588e6
0.07680000000000016	19196.643595848465	1.433885794183085e7	1.118946631300299e6
0.07744000000000016	19198.01829179343	1.4338845672615968e7	1.1281115326426597e6
0.07808000000000016	19199.394157254446	1.4338833423526566e7	1.1372764191704127e6
0.07872000000000016	19200.77590367747	1.4338821066395683e7	1.1464412851712105e6
0.07936000000000017	19202.155581868374	1.4338808759298155e7	1.1556061356527954e6
0.08000000000000017	19203.535779783786	1.4338796479363205e7	1.16477097126646e6
0.08064000000000017	19204.926415041136	1.4338784046481775e7	1.1739357866572249e6
0.08128000000000017	19206.31114064459	1.4338771670636086e7	1.1831005835604365e6
0.08192000000000017	19207.704440431524	1.4338759257470751e7	1.1922653676646778e6
0.08256000000000017	19209.0994470413	1.433874681028296e7	1.2014301328536572e6
0.08320000000000018	19210.490144107178	1.4338734375060443e7	1.210594877369149e6
0.08384000000000018	19211.89384549597	1.4338721844839878e7	1.2197596081368676e6
0.08448000000000018	19213.28997950156	1.4338709409464246e7	1.2289243221535755e6
0.08512000000000018	19214.693230105295	1.4338696863624275e7	1.2380890155740597e6
0.08576000000000018	19216.09404824713	1.4338684346369987e7	1.2472536913673622e6
0.08640000000000018	19217.503193892146	1.4338671750402225e7	1.2564183501526946e6
0.08704000000000019	19218.911532366506	1.4338659146517592e7	1.265582989585483e6
0.08768000000000019	19220.326881538476	1.4338646575560445e7	1.2747476203657077e6
0.08832000000000019	19221.739234960118	1.4338633884316804e7	1.2839122198885912e6
0.08896000000000019	19223.155116561356	1.4338621275469597e7	1.2930768119031703e6
0.0896000000000002	19224.57044048967	1.4338608601113316e7	1.3022413795887777e6
0.0902400000000002	19225.9937580333	1.4338595905703593e7	1.3114059346120034e6
0.0908800000000002	19227.413582320016	1.4338583183178585e7	1.3205704659232313e6
0.0915200000000002	19228.84030552455	1.4338570455216995e7	1.3297349849022252e6
0.0921600000000002	19230.2680986103	1.433855767134319e7	1.3388994815816337e6
0.0928000000000002	19231.697583923782	1.4338544904764086e7	1.3480639632102458e6
0.0934400000000002	19233.132323991347	1.4338532069383316e7	1.3572284250028175e6
0.0940800000000002	19234.56447748593	1.4338519272784494e7	1.3663928698350121e6
0.0947200000000002	19236.004797753987	1.4338506383682458e7	1.375557295085716e6
0.09536000000000021	19237.442161669118	1.4338493500852365e7	1.3847216999184168e6
0.09600000000000021	19238.885034449635	1.433848060789298e7	1.3938860904288716e6
0.09664000000000021	19240.327520795094	1.433846768705153e7	1.4030504595458487e6
0.09728000000000021	19241.77230948324	1.4338454766981851e7	1.4122148124312144e6
0.09792000000000022	19243.222724565072	1.4338441834433233e7	1.421379150783081e6
0.09856000000000022	19244.675753026564	1.433842884531995e7	1.4305434675055456e6
0.09920000000000022	19246.126876488746	1.4338415840154726e7	1.439707762433693e6
0.09984000000000022	19247.58486030241	1.4338402795524575e7	1.4488720410930265e6
0.10048000000000022	19249.04239241388	1.4338389768594041e7	1.4580363025611565e6
0.10112000000000022	19250.50113575761	1.4338376704451751e7	1.467200542815074e6
0.10176000000000023	19251.967481641674	1.4338363574162915e7	1.4763647645775313e6
0.10240000000000023	19253.435537182908	1.4338350420172574e7	1.48552896676385e6
0.10304000000000023	19254.898785501457	1.4338337328001862e7	1.4946931522919587e6
0.10368000000000023	19256.371112612254	1.4338324117872434e7	1.503857315096674e6
0.10432000000000023	19257.84421577018	1.433831094368989e7	1.5130214635529136e6
0.10496000000000023	19259.32194395865	1.4338297748596096e7	1.5221855952053703e6
0.10560000000000024	19260.794602180325	1.43382845189208e7	1.53134969989023e6
0.10624000000000024	19262.28343111944	1.4338271182687726e7	1.5405137888881448e6
0.10688000000000024	19263.7650319685	1.4338257941469202e7	1.5496778626095834e6
0.10752000000000024	19265.250272065372	1.4338244638139168e7	1.5588419140555398e6
0.10816000000000024	19266.73524500127	1.4338231324692525e7	1.568005945239649e6
0.10880000000000024	19268.225157725603	1.4338218007304817e7	1.5771699614553328e6
0.10944000000000025	19269.717337466675	1.4338204647843508e7	1.5863339561320513e6
0.11008000000000025	19271.21177811398	1.4338191265570667e7	1.5954979312996017e6
0.11072000000000025	19272.709467076267	1.4338177836851478e7	1.6046618851710807e6
0.11136000000000025	19274.21277405848	1.4338164357747672e7	1.6138258193183236e6
0.11200000000000025	19275.708512061465	1.4338150966396095e7	1.6229897373950768e6
0.11264000000000025	19277.220587085878	1.4338137428930966e7	1.6321536344549442e6
0.11328000000000026	19278.729980527827	1.433812393641704e7	1.6413175149656595e6
0.11392000000000026	19280.236784224282	1.4338110407100288e7	1.6504813697866339e6
0.11456000000000026	19281.74774439012	1.4338096886528103e7	1.659645210043456e6
0.11520000000000026	19283.263460200866	1.4338083252606863e7	1.6688090222099002e6
0.11584000000000026	19284.783189912658	1.433806970194204e7	1.677972828178163e6
0.11648000000000026	19286.303447569604	1.4338056094161147e7	1.687136608669891e6
0.11712000000000027	19287.827438839846	1.433804241893173e7	1.6963003651944909e6
0.11776000000000027	19289.347122674502	1.4338028782672228e7	1.7054641030529938e6
0.11840000000000027	19290.877827230426	1.4338015047520127e7	1.7146278195188732e6
0.11904000000000027	19292.406250029355	1.4338001342229147e7	1.7237915179889873e6
0.11968000000000027	19293.942995102403	1.4337987596027045e7	1.7329551993899692e6
0.12032000000000027	19295.481895292472	1.4337973792286616e7	1.7421188562015805e6
0.12096000000000028	19297.023104802283	1.4337959927362291e7	1.751282488003792e6
0.12160000000000028	19298.558562776096	1.4337946185202254e7	1.7604461099621407e6
0.12224000000000028	19300.104140782176	1.4337932364229089e7	1.7696097116139806e6
0.12288000000000028	19301.650885801744	1.4337918522633208e7	1.778773292086127e6
0.12352000000000028	19303.198351252337	1.4337904644440336e7	1.7879368489721802e6
0.12416000000000028	19304.748021783445	1.4337890788822182e7	1.797100390847565e6
0.12480000000000029	19306.303678653032	1.4337876810004951e7	1.8062639028681791e6
0.12544000000000027	19307.861344188128	1.4337862854351107e7	1.81542739966698e6
0.12608000000000028	19309.423159717335	1.433784885108469e7	1.824590874232502e6
0.12672000000000028	19310.981107232357	1.4337834884461947e7	1.8337543301403457e6
0.12736000000000028	19312.546501607303	1.4337820831258994e7	1.842917761648312e6
0.12800000000000028	19314.111515994507	1.4337806846719474e7	1.8520811816220437e6
0.12864000000000028	19315.682560990695	1.4337792747899072e7	1.8612445722460854e6
0.12928000000000028	19317.257681541454	1.433777858564702e7	1.8704079381609226e6
0.12992000000000029	19318.831046181233	1.4337764461426592e7	1.8795712873452082e6
0.1305600000000003	19320.40843447851	1.4337750374340247e7	1.88873462478314e6
0.1312000000000003	19321.989295619424	1.4337736180749068e7	1.897897931214316e6
0.1318400000000003	19323.571521800633	1.4337721966305131e7	1.907061215890039e6
0.1324800000000003	19325.156670833614	1.4337707749367522e7	1.916224482551295e6
0.1331200000000003	19326.748137559418	1.4337693530895066e7	1.9253877342582426e6
0.1337600000000003	19328.340984910184	1.4337679213767936e7	1.934550953728372e6
0.1344000000000003	19329.933249565536	1.4337664887629222e7	1.9437141511181958e6
0.1350400000000003	19331.526559106976	1.4337650616015026e7	1.9528773363992388e6
0.1356800000000003	19333.132788168074	1.4337636251831165e7	1.962040499979926e6
0.1363200000000003	19334.733331262887	1.4337621886901494e7	1.971203638105961e6
0.1369600000000003	19336.339741777614	1.4337607476464951e7	1.9803667546273877e6
0.1376000000000003	19337.942908812358	1.4337593118730571e7	1.9895298551018909e6
0.1382400000000003	19339.556527133915	1.4337578649160681e7	1.9986929286927998e6
0.1388800000000003	19341.169680136496	1.4337564192705553e7	2.0078559831179106e6
0.1395200000000003	19342.78534081957	1.4337549667489968e7	2.0170190095382733e6
0.1401600000000003	19344.40719475293	1.433753513293459e7	2.026182019314453e6
0.1408000000000003	19346.027539545084	1.4337520581933737e7	2.0353450047982517e6
0.14144000000000032	19347.651679739873	1.4337506022590285e7	2.0445079716613318e6
0.14208000000000032	19349.276523881446	1.4337491424750153e7	2.0536709129438747e6
0.14272000000000032	19350.90613177648	1.4337476802231535e7	2.0628338340231385e6
0.14336000000000032	19352.540244253363	1.4337462157763015e7	2.0719967350117478e6
0.14400000000000032	19354.17855401783	1.4337447431533387e7	2.0811596069830516e6
0.14464000000000032	19355.81441958423	1.433743280991881e7	2.0903224710485968e6
0.14528000000000033	19357.462914253523	1.4337418020536117e7	2.0994853007255625e6
0.14592000000000033	19359.107739343734	1.4337403272981733e7	2.108648112331518e6
0.14656000000000033	19360.74868892921	1.4337388563857125e7	2.1178109052799847e6
0.14720000000000033	19362.399287830853	1.4337373703649728e7	2.126973663289907e6
0.14784000000000033	19364.051928435543	1.4337358859905662e7	2.1361364043397936e6
0.14848000000000033	19365.70562402851	1.4337344050810207e7	2.145299130317277e6
0.14912000000000034	19367.368430940925	1.4337329181071768e7	2.1544618339319457e6
0.14976000000000034	19369.034938362165	1.4337314184466664e7	2.163624500531725e6
0.15040000000000034	19370.69244659741	1.4337299324801333e7	2.1727871587527543e6
0.15104000000000034	19372.359532294886	1.4337284364017755e7	2.181949788689784e6
0.15168000000000034	19374.035314048404	1.433726930808505e7	2.191112390287959e6
0.15232000000000034	19375.70551593645	1.4337254371041542e7	2.2002749838488013e6
0.15296000000000035	19377.384320064542	1.433723927364519e7	2.2094375389112406e6
0.15360000000000035	19379.061725857584	1.4337224251164418e7	2.2186000828236253e6
0.15424000000000035	19380.739922190045	1.4337209183092982e7	2.227762598996858e6
0.15488000000000035	19382.425718084392	1.4337194032791505e7	2.236925087421621e6
0.15552000000000035	19384.111294793816	1.433717893606202e7	2.246087562442598e6
0.15616000000000035	19385.80860148422	1.4337163696690561e7	2.25525000360548e6
0.15680000000000036	19387.496104777296	1.4337148544886056e7	2.264412428553687e6
0.15744000000000036	19389.196156197155	1.4337133315611726e7	2.2735748303232808e6
0.15808000000000036	19390.897350780793	1.4337118033549452e7	2.282737203041072e6
0.15872000000000036	19392.59948796217	1.433710272513599e7	2.2918995506308223e6
0.15936000000000036	19394.303223213974	1.4337087516463684e7	2.3010618936852203e6
0.16000000000000036	19396.009166061925	1.4337072179857522e7	2.3102241964767007e6
0.16064000000000037	19397.730288996852	1.4337056719394542e7	2.319386470298917e6
0.16128000000000037	19399.43942997626	1.4337041360305356e7	2.328548728428763e6
0.16192000000000037	19401.158762015766	1.4337025915056491e7	2.3377109593012226e6
0.16256000000000037	19402.883066509097	1.4337010487382919e7	2.34687317522419e6
0.16320000000000037	19404.600468893525	1.4336995087770319e7	2.3560353679964915e6
0.16384000000000037	19406.328959963517	1.4336979597226132e7	2.3651975332326978e6
0.16448000000000038	19408.063407710702	1.4336963981046556e7	2.3743596607409534e6
0.16512000000000038	19409.789983931423	1.4336948501994122e7	2.38352178211106e6
0.16576000000000038	19411.530949211723	1.4336932849493114e7	2.392683864711054e6
0.16640000000000038	19413.26389517198	1.4336917369867867e7	2.4018459471290335e6
0.16704000000000038	19415.01485423988	1.4336901618968178e7	2.4110079772054376e6
0.16768000000000038	19416.754028445455	1.4336886034373973e7	2.420170002956789e6
0.16832000000000039	19418.506228252016	1.4336870366214555e7	2.429332003301152e6
0.1689600000000004	19420.25995308535	1.4336854561389362e7	2.4384939595237644e6
0.1696000000000004	19422.016748842194	1.433683881476164e7	2.4476559056918183e6
0.1702400000000004	19423.771226922632	1.4336823035410013e7	2.456817821961458e6
0.1708800000000004	19425.529877106248	1.4336807311532605e7	2.4659797287264033e6
0.1715200000000004	19427.296435688073	1.4336791435152825e7	2.4751415935084573e6
0.1721600000000004	19429.06538584245	1.4336775506220963e7	2.4843034286400224e6
0.1728000000000004	19430.833741401384	1.4336759627940496e7	2.4934652493790104e6
0.1734400000000004	19432.60870740632	1.4336743746988986e7	2.502627052530969e6
0.1740800000000004	19434.383046056057	1.4336727853112116e7	2.5117888303151615e6
0.1747200000000004	19436.161559392054	1.4336711888463676e7	2.5209505765641145e6
0.1753600000000004	19437.94493806382	1.4336695857645445e7	2.530112292510436e6
0.1760000000000004	19439.735857165804	1.4336679767873134e7	2.539273981491982e6
0.1766400000000004	19441.525894298356	1.4336663732043156e7	2.5484356563884383e6
0.1772800000000004	19443.321944098625	1.4336647634678628e7	2.557597302505682e6
0.1779200000000004	19445.111935968504	1.4336631544362059e7	2.5667589219932244e6
0.1785600000000004	19446.91326129152	1.4336615339064863e7	2.575920507372783e6
0.17920000000000041	19448.713050215614	1.4336599234884433e7	2.5850820865629134e6
0.17984000000000042	19450.523156681964	1.4336582999821484e7	2.5942436277600857e6
0.18048000000000042	19452.332037642835	1.43365667586467e7	2.6034051437520515e6
0.18112000000000042	19454.14818541009	1.4336550496159581e7	2.612566638730498e6
0.18176000000000042	19455.96070741953	1.4336534185815085e7	2.6217280989029948e6
0.18240000000000042	19457.786666373297	1.4336517799795212e7	2.6308895330610797e6
0.18304000000000042	19459.607003725694	1.4336501480459165e7	2.6400509515210153e6
0.18368000000000043	19461.427108636777	1.4336485188491397e7	2.6492123515994283e6
0.18432000000000043	19463.2553084209	1.4336468770144694e7	2.658373711803049e6
0.18496000000000043	19465.089718593423	1.4336452303261051e7	2.6675350447354126e6
0.18560000000000043	19466.929246569063	1.4336435767958283e7	2.676696345711469e6
0.18624000000000043	19468.765031952058	1.433641929612227e7	2.6858576319422186e6
0.18688000000000043	19470.607432237615	1.4336402727476576e7	2.69501888202613e6
0.18752000000000044	19472.454231568783	1.4336386169694254e7	2.704180114155138e6
0.18816000000000044	19474.305392476286	1.4336369608530013e7	2.7133413256308413e6
0.18880000000000044	19476.151860357313	1.4336353021008383e7	2.722502504755511e6
0.18944000000000044	19478.01520376911	1.4336336278451275e7	2.7316636445933827e6
0.19008000000000044	19479.868962125824	1.4336319659670658e7	2.74082477638001e6
0.19072000000000044	19481.731940971054	1.4336302951623753e7	2.7499858749588775e6
0.19136000000000045	19483.59269063059	1.4336286249615045e7	2.7591469491196927e6
0.19200000000000045	19485.465572094967	1.4336269451680943e7	2.7683079909050004e6
0.19264000000000045	19487.344954356806	1.4336252567106387e7	2.77746899734973e6
0.19328000000000045	19489.22180146418	1.4336235820333833e7	2.786630004365807e6
0.19392000000000045	19491.100645760336	1.433621889888057e7	2.7957909552794606e6
0.19456000000000045	19492.980562448516	1.4336202023895048e7	2.8049518920332454e6
0.19520000000000046	19494.864370276155	1.4336185122810185e7	2.8141128028177526e6
0.19584000000000046	19496.76474668004	1.4336168093563346e7	2.8232736777821425e6
0.19648000000000046	19498.656352107962	1.4336151035120886e7	2.8324345157326036e6
0.19712000000000046	19500.55585014437	1.4336134031742025e7	2.8415953466179585e6
0.19776000000000046	19502.451256307442	1.4336117059077041e7	2.8507561560989423e6
0.19840000000000046	19504.35836605067	1.4336099899447013e7	2.85991691371652e6
0.19904000000000047	19506.26571462728	1.433608282651161e7	2.8690776643756656e6
0.19968000000000047	19508.181770221217	1.4336065658796767e7	2.878238378782889e6
0.20032000000000047	19510.08985374738	1.4336048517400037e7	2.887399067659827e6
0.20096000000000047	19512.012398447456	1.4336031268794121e7	2.896559722163729e6
0.20160000000000047	19513.93519983883	1.4336014010308683e7	2.9057203503417885e6
0.20224000000000047	19515.856929181315	1.4335996819378773e7	2.9148809667749936e6
0.20288000000000048	19517.789404212755	1.4335979455121914e7	2.924041532145027e6
0.20352000000000048	19519.726549122643	1.4335962013135044e7	2.933202060715096e6
0.20416000000000048	19521.66286313528	1.4335944709410088e7	2.942362592046168e6
0.20480000000000048	19523.598855207892	1.4335927320536274e7	2.9515230810554973e6
0.20544000000000048	19525.5415871727	1.4335909875779416e7	2.960683539203634e6
0.20608000000000049	19527.493633096743	1.4335892423543518e7	2.9698439783890434e6
0.2067200000000005	19529.447485877317	1.4335874885864872e7	2.9790043765075905e6
0.2073600000000005	19531.40212958302	1.4335857310149828e7	2.9881647424166678e6
0.2080000000000005	19533.357883390672	1.4335839783728382e7	2.997325094459156e6
0.2086400000000005	19535.322811641243	1.4335822158804586e7	3.0064854082732163e6
0.2092800000000005	19537.28594302017	1.4335804485543692e7	3.015645685475456e6
0.2099200000000005	19539.26352913572	1.4335786782948736e7	3.024805942805705e6
0.2105600000000005	19541.23637827999	1.4335769083888689e7	3.033966171950079e6
0.2112000000000005	19543.21449505253	1.4335751328619566e7	3.043126368198157e6
0.2118400000000005	19545.196331209092	1.43357336055249e7	3.0522865489348075e6
0.2124800000000005	19547.174342492337	1.4335715782179741e7	3.061446680135758e6
0.2131200000000005	19549.16484562282	1.4335697975346968e7	3.0706067993396767e6
0.2137600000000005	19551.15505716476	1.433568010787952e7	3.0797668800124787e6
0.2144000000000005	19553.151088427458	1.4335662242797935e7	3.0889269403509535e6
0.2150400000000005	19555.146297546027	1.4335644253892807e7	3.0980869479948385e6
0.2156800000000005	19557.15209152848	1.4335626322501056e7	3.1072469507654626e6
0.2163200000000005	19559.166755160204	1.4335608305673407e7	3.116406916485963e6
0.2169600000000005	19561.17067007136	1.4335590292642651e7	3.1255668489732496e6
0.21760000000000052	19563.186482905392	1.4335572250652581e7	3.134726758846234e6
0.21824000000000052	19565.208009873186	1.4335554043826213e7	3.1438866115384386e6
0.21888000000000052	19567.235696798063	1.433553587988953e7	3.153046452537711e6
0.21952000000000052	19569.261311971437	1.433551779264158e7	3.1622062829094543e6
0.22016000000000052	19571.281013270473	1.4335499599595863e7	3.1713660596324215e6
0.22080000000000052	19573.32350615378	1.4335481335278228e7	3.180525812505435e6
0.22144000000000053	19575.360530014223	1.4335463009612609e7	3.189685521542872e6
0.22208000000000053	19577.408563171994	1.433544467034401e7	3.198845210059468e6
0.22272000000000053	19579.45395356757	1.4335426301019782e7	3.208004863732163e6
0.22336000000000053	19581.49714027358	1.4335408013537256e7	3.217164507842711e6
0.22400000000000053	19583.55941117033	1.4335389513249625e7	3.226324093070992e6
0.22464000000000053	19585.608125702503	1.4335371172868438e7	3.2354836773895184e6
0.22528000000000054	19587.668823063817	1.4335352605266806e7	3.244643193705118e6
0.22592000000000054	19589.74151914747	1.4335334063747462e7	3.253802698796976e6
0.22656000000000054	19591.810005644544	1.4335315510377018e7	3.2629621715617906e6
0.22720000000000054	19593.893263665283	1.4335296858586702e7	3.272121606985067e6
0.22784000000000054	19595.967363304215	1.4335278239396749e7	3.281281016223412e6
0.22848000000000054	19598.040905128546	1.4335259661129627e7	3.2904404078940297e6
0.22912000000000055	19600.137194374438	1.4335240888798133e7	3.299599746201835e6
0.22976000000000055	19602.226774359835	1.4335222066982958e7	3.3087590412606956e6
0.23040000000000055	19604.32106622496	1.4335203371888286e7	3.3179183423756356e6
0.23104000000000055	19606.41996705169	1.4335184492692932e7	3.327077577889647e6
0.23168000000000055	19608.517795330867	1.4335165724131798e7	3.3362368113593715e6
0.23232000000000055	19610.618483246722	1.4335146886572378e7	3.3453960042857216e6
0.23296000000000056	19612.742057081978	1.4335127846522009e7	3.354555140793239e6
0.23360000000000056	19614.855152171458	1.4335108951297792e7	3.363714276011796e6
0.23424000000000056	19616.973739322857	1.4335090000579316e7	3.372873375546331e6
0.23488000000000056	19619.090136980605	1.4335070943444122e7	3.38203242144177e6
0.23552000000000056	19621.227077140833	1.4335051827827156e7	3.3911914421657925e6
0.23616000000000056	19623.360878372434	1.4335032647296725e7	3.4003504179589385e6
0.23680000000000057	19625.489734389168	1.4335013591604715e7	3.4095093922572904e6
0.23744000000000057	19627.625417971856	1.4334994425202172e7	3.418668318358741e6
0.23808000000000057	19629.767821284648	1.4334975177267976e7	3.427827202902361e6
0.23872000000000057	19631.914367164823	1.4334956004038163e7	3.4369860810534335e6
0.23936000000000057	19634.07517384283	1.433493656640629e7	3.4461448794752494e6
0.24000000000000057	19636.232219846228	1.4334917299567986e7	3.455303688383408e6
0.24064000000000058	19638.3971435652	1.4334897817149086e7	3.464462423973702e6
0.24128000000000058	19640.556604493675	1.433487856004973e7	3.4736211820757687e6
0.24192000000000058	19642.728320029968	1.4334859018886412e7	3.4827798533338574e6
0.24256000000000058	19644.901642193403	1.4334839596145714e7	3.4919385267409757e6
0.24320000000000058	19647.08056293588	1.4334820044306736e7	3.5010971453454364e6
0.24384000000000058	19649.25820285348	1.4334800494467707e7	3.510255735653684e6
0.24448000000000059	19651.44596395279	1.4334780912088875e7	3.519414297842182e6
0.2451200000000006	19653.635829708674	1.4334761288913619e7	3.528572823753645e6
0.2457600000000006	19655.833975406258	1.4334741566938344e7	3.5377313037083866e6
0.2464000000000006	19658.034238022406	1.4334721875182148e7	3.546889764646664e6
0.2470400000000006	19660.239413984335	1.4334702156960042e7	3.556048194724571e6
0.2476800000000006	19662.453271193175	1.4334682251849946e7	3.5652065569831873e6
0.2483200000000006	19664.659286244754	1.4334662504842274e7	3.5743649242947265e6
0.2489600000000006	19666.872728454015	1.4334642674095253e7	3.5835232482367405e6
0.2496000000000006	19669.10266957642	1.4334622717955293e7	3.5926815250449e6
0.2502400000000006	19671.324118172593	1.4334602792044124e7	3.6018397746519707e6
0.25088000000000055	19673.564417626105	1.4334582711049583e7	3.610997971124659e6
0.2515200000000005	19675.794471184152	1.4334562786793912e7	3.620156170780204e6
0.2521600000000005	19678.032411792243	1.4334542733681956e7	3.6293143154840837e6
0.25280000000000047	19680.280678849947	1.4334522503804494e7	3.6384723946850193e6
0.25344000000000044	19682.524494683777	1.4334502387609962e7	3.6476304706026264e6
0.2540800000000004	19684.771840014793	1.4334482252286956e7	3.6567885156719796e6
0.2547200000000004	19687.04090458859	1.4334461976202646e7	3.665946512423715e6
0.25536000000000036	19689.300025553108	1.4334441680359352e7	3.675104467867597e6
0.25600000000000034	19691.5622317527	1.4334421546832526e7	3.6842624382895557e6
0.2566400000000003	19693.843210878815	1.4334401041644542e7	3.6934202986168982e6
0.2572800000000003	19696.115769973232	1.4334380659272015e7	3.702578155122183e6
0.25792000000000026	19698.396765372083	1.4334360309252415e7	3.7117359972340334e6
0.25856000000000023	19700.681532955812	1.4334339803881647e7	3.7208937730074367e6
0.2592000000000002	19702.985449681797	1.4334319184708284e7	3.7300515042975144e6
0.2598400000000002	19705.273339415504	1.4334298656026026e7	3.739209217896707e6
0.26048000000000016	19707.55915248384	1.4334278247416275e7	3.748366932031438e6
0.26112000000000013	19709.865861076694	1.4334257564949935e7	3.7575245610471615e6
0.2617600000000001	19712.180919785715	1.4334236785625068e7	3.766682141447442e6
0.2624000000000001	19714.494769135395	1.4334216007206116e7	3.7758396916326e6
0.26304000000000005	19716.81715822325	1.4334195309751438e7	3.784997239849943e6
0.26368	19719.139862172946	1.433417443072456e7	3.794154710956767e6
0.26432	19721.46490660934	1.4334153670440199e7	3.803312185473248e6
0.26496	19723.79464093976	1.4334132808269056e7	3.812469606891845e6
0.26559999999999995	19726.14176734399	1.4334111767411273e7	3.821626963938371e6
0.2662399999999999	19728.47726452893	1.433409082191372e7	3.830784307903928e6
0.2668799999999999	19730.83193406841	1.4334069802082386e7	3.8399416162872496e6
0.26751999999999987	19733.18127024755	1.4334048703309102e7	3.84909886972608e6
0.26815999999999984	19735.537087086293	1.4334027623817084e7	3.8582561030646004e6
0.2687999999999998	19737.887319250844	1.433400664228347e7	3.8674133286536303e6
0.2694399999999998	19740.25827453543	1.4333985310761027e7	3.8765704452164927e6
0.27007999999999976	19742.63231907265	1.4333964073935471e7	3.885727559270826e6
0.27071999999999974	19745.009070270342	1.4333942887637576e7	3.894884658756008e6
0.2713599999999997	19747.3958557843	1.4333921433797939e7	3.9040416627917634e6
0.2719999999999997	19749.78103748068	1.433390005674948e7	3.91319865603114e6
0.27263999999999966	19752.173878168123	1.4333878654778406e7	3.922355617630804e6
0.27327999999999963	19754.56163662601	1.4333857284740845e7	3.931512553806542e6
0.2739199999999996	19756.96522689765	1.4333835755768312e7	3.9406694275319963e6
0.2745599999999996	19759.367561461084	1.4333814157611724e7	3.9498262507176553e6
0.27519999999999956	19761.783614092892	1.4333792584095303e7	3.9589830599065153e6
0.27583999999999953	19764.207513647285	1.4333770988297304e7	3.9681398379250043e6
0.2764799999999995	19766.622686272214	1.4333749248979494e7	3.977296539203815e6
0.2771199999999995	19769.055408277327	1.4333727503782295e7	3.9864532206216776e6
0.27775999999999945	19771.476863885382	1.4333705825676493e7	3.9956098815900674e6
0.2783999999999994	19773.91828368111	1.4333684000639183e7	4.0047664852114446e6
0.2790399999999994	19776.352672285022	1.4333662193290388e7	4.013923057638352e6
0.2796799999999994	19778.806551519116	1.4333640222696258e7	4.023079567418871e6
0.28031999999999935	19781.25315664952	1.4333618265589217e7	4.032236044481737e6
0.2809599999999993	19783.720864443905	1.433359626586734e7	4.041392493508448e6
0.2815999999999993	19786.180388268724	1.433357412549026e7	4.050548865728979e6
0.28223999999999927	19788.646784345987	1.4333552113902994e7	4.0597052477439027e6
0.28287999999999924	19791.116144969863	1.4333530036150722e7	4.0688615818361863e6
0.2835199999999992	19793.595647655136	1.4333507760662027e7	4.0780178357125185e6
0.2841599999999992	19796.08891791761	1.4333485558982436e7	4.08717408873144e6
0.28479999999999916	19798.561457491636	1.4333463354883237e7	4.0963302946251323e6
0.28543999999999914	19801.072790909886	1.4333440916246092e7	4.105486429706745e6
0.2860799999999991	19803.56062657818	1.4333418604574267e7	4.11464255239912e6
0.2867199999999991	19806.064916521533	1.4333396280292466e7	4.1237986514690993e6
0.28735999999999906	19808.57288184718	1.4333373817142688e7	4.1329546814726293e6
0.28799999999999903	19811.09846683439	1.4333351230270028e7	4.1421106564261406e6
0.288639999999999	19813.611268362347	1.433332863957464e7	4.151266589038672e6
0.289279999999999	19816.142029892122	1.4333306040864032e7	4.1604224999646177e6
0.28991999999999896	19818.67312424606	1.4333283408902718e7	4.1695783693211256e6
0.29055999999999893	19821.209710872103	1.4333260674295085e7	4.1787341805404453e6
0.2911999999999989	19823.75749195444	1.4333237901290696e7	4.1878899561661324e6
0.2918399999999989	19826.293108891645	1.4333215195817843e7	4.197045710475456e6
0.29247999999999885	19828.855317803926	1.433319233326828e7	4.206201405348742e6
0.2931199999999988	19831.40710765962	1.433316948645417e7	4.215357064925692e6
0.2937599999999988	19833.973551665767	1.4333146444030637e7	4.224512644879552e6
0.2943999999999988	19836.54045932319	1.4333123549198518e7	4.233668235832124e6
0.29503999999999875	19839.128915434303	1.4333100364460355e7	4.242823723850589e6
0.2956799999999987	19841.703876761374	1.4333077232260657e7	4.251979184909293e6
0.2963199999999987	19844.288788323647	1.4333054156719398e7	4.261134636853641e6
0.29695999999999867	19846.886765684052	1.4333030883373316e7	4.270290006398267e6
0.29759999999999864	19849.47463016802	1.433300782077802e7	4.279445398443749e6
0.2982399999999986	19852.082283209726	1.4332984509113371e7	4.288600697261017e6
0.2988799999999986	19854.69072839248	1.433296115665791e7	4.297755951265386e6
0.29951999999999857	19857.313388465802	1.4332937662597591e7	4.3069111395835625e6
0.30015999999999854	19859.92955658168	1.4332914230619512e7	4.31606630856361e6
0.3007999999999985	19862.557150121775	1.4332890671676649e7	4.3252214139996795e6
0.3014399999999985	19865.18794306469	1.4332867231744569e7	4.334376524026568e6
0.30207999999999846	19867.824092686446	1.4332843597545873e7	4.343531545737403e6
0.30271999999999843	19870.47216326066	1.4332819927972827e7	4.35268653142591e6
0.3033599999999984	19873.12342053299	1.4332796186224641e7	4.361841463752764e6
0.3039999999999984	19875.77299743369	1.4332772463455416e7	4.370996366896637e6
0.30463999999999836	19878.42728977096	1.4332748680561606e7	4.380151221246479e6
0.30527999999999833	19881.10098772338	1.4332724779445011e7	4.38930601914714e6
0.3059199999999983	19883.772209147755	1.4332700934726618e7	4.398460798566468e6
0.3065599999999983	19886.449414413066	1.4332676987986239e7	4.4076155169189675e6
0.30719999999999825	19889.135585767734	1.4332652929449841e7	4.416770173060786e6
0.3078399999999982	19891.82232406192	1.4332628902828487e7	4.4259248051865185e6
0.3084799999999982	19894.530423395223	1.4332604666271431e7	4.435079353129772e6
0.3091199999999982	19897.23105916597	1.433258051506194e7	4.444233887810077e6
0.30975999999999815	19899.934041046276	1.4332556294860238e7	4.453388368368373e6
0.3103999999999981	19902.650639269894	1.4332532130079865e7	4.462542841057604e6
0.3110399999999981	19905.368058795564	1.4332507789376821e7	4.471697225185527e6
0.31167999999999807	19908.099407995276	1.4332483322021032e7	4.480851544791999e6
0.31231999999999804	19910.82912002834	1.4332458973700719e7	4.490005865635442e6
0.312959999999998	19913.568253543657	1.4332434371546874e7	4.499160078852196e6
0.313599999999998	19916.312654773737	1.4332409863209605e7	4.50831429010874e6
0.31423999999999797	19919.063415552017	1.4332385240008892e7	4.517468434748215e6
0.31487999999999794	19921.82252813641	1.4332360460350541e7	4.526622500805626e6
0.3155199999999979	19924.58522732559	1.433233578371828e7	4.535776566575162e6
0.3161599999999979	19927.355881460833	1.4332311072607812e7	4.544930591761634e6
0.31679999999999786	19930.137894890177	1.4332286178330692e7	4.554084531504922e6
0.31743999999999784	19932.915554502302	1.4332261274954794e7	4.5632384299625e6
0.3180799999999978	19935.695937950495	1.433223640481982e7	4.572392305419064e6
0.3187199999999978	19938.50258381423	1.4332211347287707e7	4.581546103647807e6
0.31935999999999776	19941.295296712196	1.4332186339044584e7	4.590699872468e6
0.31999999999999773	19944.10752321277	1.4332161221822131e7	4.599853584098835e6
0.3206399999999977	19946.916470013835	1.4332136078042623e7	4.609007249236622e6
0.3212799999999977	19949.738298289634	1.4332110799120734e7	4.618160843919291e6
0.32191999999999765	19952.564415563575	1.4332085465253284e7	4.627314387853209e6
0.3225599999999976	19955.408594880304	1.433206011229193e7	4.636467901819367e6
0.3231999999999976	19958.240459515964	1.433203478109261e7	4.645621378392098e6
0.3238399999999976	19961.089421182234	1.4332009299373902e7	4.654774781732236e6
0.32447999999999755	19963.935079651743	1.4331983757283615e7	4.663928126988359e6
0.3251199999999975	19966.806051123178	1.4331958119023811e7	4.673081421724768e6
0.3257599999999975	19969.66689058871	1.4331932578818263e7	4.682234705080112e6
0.32639999999999747	19972.536956039952	1.4331906851366194e7	4.691387897179478e6
0.32703999999999744	19975.412315983245	1.4331881091082161e7	4.700541045499637e6
0.3276799999999974	19978.296325641477	1.4331855326640463e7	4.709694161619165e6
0.3283199999999974	19981.191296793717	1.433182954236343e7	4.718847241918954e6
0.32895999999999737	19984.0911252528	1.4331803574694492e7	4.7280002284401525e6
0.32959999999999734	19986.998843723453	1.4331777493009103e7	4.737153145720595e6
0.3302399999999973	19989.906327403893	1.4331751506507136e7	4.74630605717072e6
0.3308799999999973	19992.829074203524	1.4331725340776876e7	4.755458882546345e6
0.33151999999999726	19995.750785179534	1.433169916116791e7	4.764611665395224e6
0.33215999999999724	19998.67736576034	1.4331673024044396e7	4.773764428358497e6
0.3327999999999972	20001.622616555494	1.4331646721149724e7	4.782917111408355e6
0.3334399999999972	20004.576136322194	1.43316202523634e7	4.792069707217439e6
0.33407999999999716	20007.52103442919	1.4331593915376116e7	4.801222303656058e6
0.33471999999999713	20010.48318860716	1.4331567355690647e7	4.810374799552449e6
0.3353599999999971	20013.45571225765	1.433154085421804e7	4.819527284075115e6
0.3359999999999971	20016.426419001844	1.4331514210847022e7	4.828679681986775e6
0.33663999999999705	20019.40874439298	1.4331487593066106e7	4.837832058314413e6
0.337279999999997	20022.387840731863	1.4331460913085172e7	4.846984373635135e6
0.337919999999997	20025.379045421323	1.433143417343398e7	4.85613663884516e6
0.338559999999997	20028.395197150618	1.4331407200023131e7	4.865288803358991e6
0.33919999999999695	20031.386806655522	1.4331380353052825e7	4.874440956157313e6
0.3398399999999969	20034.41157613687	1.433135339011688e7	4.883593053243379e6
0.3404799999999969	20037.43308610389	1.4331326388750417e7	4.892745096710645e6
0.34111999999999687	20040.46499227244	1.433129914264253e7	4.901897025112283e6
0.34175999999999684	20043.49517892778	1.4331271951100254e7	4.911048932274556e6
0.3423999999999968	20046.547233927744	1.4331244805195712e7	4.920200830759997e6
0.3430399999999968	20049.60768193342	1.4331217332420887e7	4.929352583976339e6
0.34367999999999677	20052.652293187813	1.4331190173651636e7	4.938504395633613e6
0.34431999999999674	20055.73525474017	1.4331162491613407e7	4.947656013604109e6
0.3449599999999967	20058.799210906105	1.433113512765057e7	4.956807689469405e6
0.3455999999999967	20061.872589244667	1.4331107503528638e7	4.965959242641851e6
0.34623999999999666	20064.972232052678	1.4331079883714866e7	4.975110775183815e6
0.34687999999999664	20068.060224511013	1.4331052238199584e7	4.984262251880456e6
0.3475199999999966	20071.164575026392	1.4331024386951467e7	4.993413628415239e6
0.3481599999999966	20074.276097328675	1.4330996631535288e7	5.00256500336656e6
0.34879999999999656	20077.39804332271	1.4330968664742135e7	5.011716271867819e6
0.34943999999999653	20080.521793751275	1.4330940657745188e7	5.020867487700571e6
0.3500799999999965	20083.649005517716	1.4330912691496307e7	5.030018680200643e6
0.3507199999999965	20086.793686223205	1.4330884447564974e7	5.039169746854529e6
0.35135999999999645	20089.92826403499	1.433085654369143e7	5.048320886260553e6
0.3519999999999964	20093.08518531451	1.4330828246903611e7	5.0574718621101035e6
0.3526399999999964	20096.249395941453	1.433080000845091e7	5.0666228229890345e6
0.3532799999999964	20099.428401766738	1.4330771611680275e7	5.075773697310346e6
0.35391999999999635	20102.599411110965	1.4330743126930043e7	5.084924494910559e6
0.3545599999999963	20105.791748853102	1.433071451622722e7	5.09407522109985e6
0.3551999999999963	20108.98576270511	1.4330685910785738e7	5.103225909530834e6
0.35583999999999627	20112.18836991056	1.4330657332423499e7	5.112376572429886e6
0.35647999999999624	20115.393194222146	1.4330628507095277e7	5.121527108037616e6
0.3571199999999962	20118.60972712474	1.4330599899397733e7	5.130677687894238e6
0.3577599999999962	20121.841750840405	1.4330570859423757e7	5.139828082313448e6
0.35839999999999617	20125.065871703653	1.4330541964076364e7	5.1489784821882e6
0.35903999999999614	20128.306212515185	1.4330512987084668e7	5.158128822032798e6
0.3596799999999961	20131.556288676762	1.4330483884753574e7	5.167279081790875e6
0.3603199999999961	20134.811463988324	1.4330454654104665e7	5.176429257164221e6
0.36095999999999606	20138.08221101012	1.4330425432366101e7	5.185579404122936e6
0.36159999999999604	20141.356142171368	1.43303960674726e7	5.194729459759197e6
0.362239999999996	20144.644355520315	1.4330366657383908e7	5.2038794663548665e6
0.362879999999996	20147.93105818286	1.4330337257754771e7	5.213029433929783e6
0.36351999999999596	20151.22678970196	1.4330307728494087e7	5.222179318289222e6
0.36415999999999593	20154.531176684843	1.4330278150400547e7	5.231329148353188e6
0.3647999999999959	20157.8515921463	1.4330248329245986e7	5.240478857840208e6
0.3654399999999959	20161.169762502872	1.4330218579603799e7	5.249628549614847e6
0.36607999999999585	20164.50331724653	1.433018874911689e7	5.258778179219521e6
0.3667199999999958	20167.83633609234	1.4330158926617576e7	5.267927768964059e6
0.3673599999999958	20171.177936410553	1.4330129039638292e7	5.277077298011154e6
0.3679999999999958	20174.548864437827	1.4330098894364044e7	5.2862267080082325e6
0.36863999999999575	20177.893859379874	1.4330068788729092e7	5.29537607334409e6
0.3692799999999957	20181.277711917115	1.4330038588551002e7	5.304525385458513e6
0.3699199999999957	20184.65436768351	1.4330008205252307e7	5.313674582310862e6
0.37055999999999567	20188.04271747641	1.4329977887261339e7	5.3228237675115885e6
0.37119999999999564	20191.44228420306	1.4329947394007936e7	5.331972851563991e6
0.3718399999999956	20194.846326916093	1.4329916963716026e7	5.34112191845682e6
0.3724799999999956	20198.25015706223	1.4329886408837052e7	5.350270895502121e6
0.37311999999999557	20201.678609971008	1.4329855658719428e7	5.359419771668348e6
0.37375999999999554	20205.117066598395	1.4329824865668237e7	5.368568594303883e6
0.3743999999999955	20208.55982955638	1.4329793981152354e7	5.377717341572748e6
0.3750399999999955	20212.00846521772	1.4329763169638578e7	5.38686607595161e6
0.37567999999999546	20215.46845379191	1.4329732037148971e7	5.396014652981131e6
0.37631999999999544	20218.93920525032	1.4329701009848341e7	5.405163232029594e6
0.3769599999999954	20222.406897794994	1.4329669924017744e7	5.414311742951265e6
0.3775999999999954	20225.887163682248	1.432963865273203e7	5.423460147442224e6
0.37823999999999536	20229.39100199898	1.4329607346876964e7	5.432608509032079e6
0.37887999999999533	20232.8860294771	1.4329575934448391e7	5.441756780214369e6
0.3795199999999953	20236.403459838722	1.4329544313274886e7	5.450904941392778e6
0.3801599999999953	20239.917834365173	1.432951287653086e7	5.460053125812357e6
0.38079999999999525	20243.450690197096	1.432948112863263e7	5.469201158450607e6
0.3814399999999952	20246.987550189842	1.4329449425132772e7	5.478349165341621e6
0.3820799999999952	20250.52633377664	1.4329417731150875e7	5.487497131950225e6
0.3827199999999952	20254.105891431056	1.4329385701826042e7	5.496644950287457e6
0.38335999999999515	20257.665154094037	1.432935365704599e7	5.505792704605701e6
0.3839999999999951	20261.231652150094	1.4329321547023602e7	5.514940392754718e6
0.3846399999999951	20264.821928103458	1.4329289477707732e7	5.52408806552711e6
0.38527999999999507	20268.41968303654	1.4329257241013726e7	5.533235632765254e6
0.38591999999999504	20272.019577524545	1.4329224907898813e7	5.542383118238405e6
0.386559999999995	20275.625864755762	1.4329192508394722e7	5.551530535975468e6
0.387199999999995	20279.24982555025	1.432916009891882e7	5.560677914594392e6
0.38783999999999497	20282.87674692763	1.4329127582629062e7	5.569825207476182e6
0.38847999999999494	20286.53039161494	1.4329094688226515e7	5.578972323547245e6
0.3891199999999949	20290.173517361018	1.4329061964198487e7	5.588119452707128e6
0.3897599999999949	20293.82869478256	1.4329029128892338e7	5.597266499299709e6
0.39039999999999486	20297.50125699711	1.4328996150691947e7	5.606413453996329e6
0.39103999999999484	20301.188572892082	1.4328963072146509e7	5.615560331525445e6
0.3916799999999948	20304.872105037655	1.4328929981569033e7	5.62470715497982e6
0.3923199999999948	20308.57225088984	1.432889680263434e7	5.63385390679485e6
0.39295999999999476	20312.28724452435	1.4328863404801665e7	5.643000534399703e6
0.39359999999999473	20316.003225139277	1.4328830103729676e7	5.65214715318365e6
0.3942399999999947	20319.725359265314	1.4328796565435678e7	5.661293634790915e6
0.3948799999999947	20323.467602851397	1.432876298067551e7	5.670440062524906e6
0.39551999999999465	20327.224108700077	1.4328729305182707e7	5.6795864152150145e6
0.3961599999999946	20330.973556504156	1.432869560299425e7	5.688732705154484e6
0.3967999999999946	20334.744009274582	1.432866174493708e7	5.697878897977351e6
0.3974399999999946	20338.518523698258	1.4328627823974414e7	5.707025020081953e6
0.39807999999999455	20342.311610464265	1.4328593740474861e7	5.716171040412725e6
0.3987199999999945	20346.1108563808	1.4328559688623635e7	5.725317028583662e6
0.3993599999999945	20349.91850103568	1.432852536086911e7	5.73446286316507e6
0.39999999999999447	20353.735760772244	1.4328491019565204e7	5.743608649282466e6
0.40063999999999445	20357.56244796825	1.432845651203589e7	5.752754325610794e6
0.4012799999999944	20361.404980973224	1.4328422081738772e7	5.761899993350263e6
0.4019199999999944	20365.25910724934	1.4328387509687977e7	5.771045562060575e6
0.40255999999999437	20369.111905786038	1.4328352743664248e7	5.780191002706392e6
0.40319999999999434	20372.98636768287	1.432831794782127e7	5.789336394825689e6
0.4038399999999943	20376.854432559365	1.4328283071215032e7	5.7984817010179125e6
0.4044799999999943	20380.753522454823	1.4328248084285332e7	5.807626931469342e6
0.40511999999999426	20384.663418462962	1.4328212941347547e7	5.816772055373012e6
0.40575999999999424	20388.579433874962	1.4328177714792548e7	5.825917098996928e6
0.4063999999999942	20392.504373650794	1.4328142341208462e7	5.835062038063236e6
0.4070399999999942	20396.428900714953	1.4328107098160183e7	5.844206979716006e6
0.40767999999999416	20400.378012172634	1.4328071551113108e7	5.853351761861878e6
0.40831999999999413	20404.329066514867	1.4328036006004702e7	5.862496495393832e6
0.4089599999999941	20408.295318750093	1.4328000222554926e7	5.8716410898811715e6
0.4095999999999941	20412.27053042676	1.4327964441287585e7	5.880785639672474e6
0.41023999999999405	20416.260742344602	1.4327928687020164e7	5.8899301584984725e6
0.41087999999999403	20420.25875285052	1.432789260506105e7	5.899074496403879e6
0.411519999999994	20424.27038967669	1.4327856468102979e7	5.908218768392569e6
0.412159999999994	20428.30118358471	1.4327820161562348e7	5.917362930357209e6
0.41279999999999395	20432.324578177384	1.4327783968732039e7	5.926507083284805e6
0.4134399999999939	20436.36131664921	1.4327747575179672e7	5.93565110957609e6
0.4140799999999939	20440.423186001586	1.4327710979522184e7	5.944795015153601e6
0.41471999999999387	20444.484510593782	1.4327674424050547e7	5.953938885036516e6
0.41535999999999385	20448.56724229472	1.432763751820069e7	5.963082569912286e6
0.4159999999999938	20452.655823791953	1.4327600748508126e7	5.972226262380387e6
0.4166399999999938	20456.759956915063	1.4327563697283389e7	5.981369794324528e6
0.41727999999999377	20460.856652783576	1.432752683010733e7	5.990513346055808e6
0.41791999999999374	20464.993369255306	1.4327489559761854e7	5.99965670015596e6
0.4185599999999937	20469.13812383512	1.432745218704613e7	6.00879996308066e6
0.4191999999999937	20473.273610653243	1.4327414850111986e7	6.017943182479921e6
0.41983999999999366	20477.429181726184	1.432737736939675e7	6.027086300081511e6
0.42047999999999364	20481.589366182518	1.4327339926258108e7	6.036229382862408e6
0.4211199999999936	20485.780225553895	1.4327302107222954e7	6.045372271850607e6
0.4217599999999936	20489.96586285895	1.4327264366165811e7	6.05451513693454e6
0.42239999999999356	20494.17843159797	1.43272263579912e7	6.063657851077482e6
0.42303999999999353	20498.392460217892	1.4327188351691011e7	6.07280051281312e6
0.4236799999999935	20502.631092347012	1.4327150149931949e7	6.081943051874217e6
0.4243199999999935	20506.869774314397	1.4327111973410066e7	6.091085547348944e6
0.42495999999999345	20511.114828836235	1.4327073593331732e7	6.100227905693333e6
0.42559999999999343	20515.391057634115	1.4327035044245964e7	6.109370155454494e6
0.4262399999999934	20519.6733990408	1.4326996287141457e7	6.118512265240514e6
0.4268799999999934	20523.95747827036	1.432695765580792e7	6.127654374621136e6
0.42751999999999335	20528.259958005154	1.4326918740560474e7	6.136796318225077e6
0.4281599999999933	20532.564854583055	1.4326879873838713e7	6.145938228669133e6
0.4287999999999933	20536.889332367984	1.4326840793026946e7	6.155080003236507e6
0.42943999999999327	20541.244818940515	1.4326801491713796e7	6.164221645245371e6
0.43007999999999325	20545.596144077484	1.432676209974122e7	6.17336319001104e6
0.4307199999999932	20549.954996955374	1.4326722768469641e7	6.182504709215814e6
0.4313599999999932	20554.33868243458	1.4326683157554388e7	6.1916460659909425e6
0.43199999999999317	20558.72028958972	1.4326643562086795e7	6.200787371945885e6
0.43263999999999314	20563.13724578307	1.432660360041366e7	6.2099284832306355e6
0.4332799999999931	20567.53896339871	1.4326563815683048e7	6.21906960574039e6
0.4339199999999931	20571.977775558946	1.4326523652389135e7	6.228210528423782e6
0.43455999999999306	20576.41372124704	1.4326483575697996e7	6.237351430029764e6
0.43519999999999304	20580.8647572151	1.4326443280581523e7	6.246492188123854e6
0.435839999999993	20585.33059714344	1.4326402954773579e7	6.255632883918101e6
0.436479999999993	20589.815341822516	1.432636227802459e7	6.264773379853496e6
0.43711999999999296	20594.308878249627	1.4326321643776659e7	6.273913841508942e6
0.43775999999999293	20598.80048341448	1.4326281008102076e7	6.283054243690459e6
0.4383999999999929	20603.33929194989	1.4326239887394393e7	6.292194401979959e6
0.4390399999999929	20607.86015410612	1.4326198991624381e7	6.301334590514714e6
0.43967999999999285	20612.415210111885	1.432615778100372e7	6.310474601642143e6
0.44031999999999283	20616.969687513985	1.4326116518186258e7	6.319614530882379e6
0.4409599999999928	20621.553730940257	1.4326075071611913e7	6.32875433697563e6
0.4415999999999928	20626.144183592114	1.4326033479455039e7	6.33789402343936e6
0.44223999999999275	20630.739173194834	1.432599175427241e7	6.347033594490568e6
0.4428799999999927	20635.353710880612	1.4325949992763845e7	6.356173101054553e6
0.4435199999999927	20639.980911162096	1.4325908044601025e7	6.365312472518786e6
0.44415999999999267	20644.621314174838	1.4325866041472927e7	6.3744517672917815e6
0.44479999999999265	20649.2839314183	1.432582372989493e7	6.383590877495883e6
0.4454399999999926	20653.960604966043	1.4325781312724931e7	6.392729888333178e6
0.4460799999999926	20658.6353049992	1.4325738890111953e7	6.401868835369179e6
0.44671999999999257	20663.332969566167	1.4325696475685406e7	6.41100773848348e6
0.44735999999999254	20668.043808396014	1.4325653574525805e7	6.420146370830029e6
0.4479999999999925	20672.77081786396	1.4325610701296499e7	6.429284963672185e6
0.4486399999999925	20677.516558213672	1.4325567634648826e7	6.438423419138279e6
0.44927999999999246	20682.270526894914	1.4325524610381143e7	6.447561836976504e6
0.44991999999999244	20687.04253925355	1.4325481179388449e7	6.456700020590335e6
0.4505599999999924	20691.829557003308	1.4325437751105675e7	6.465838151969865e6
0.4511999999999924	20696.630359905925	1.4325394162128009e7	6.474976156693566e6
0.45183999999999236	20701.435458489294	1.4325350616757292e7	6.484114121536431e6
0.45247999999999233	20706.264480912163	1.432530666881565e7	6.493251855434185e6
0.4531199999999923	20711.110810335107	1.4325262580039006e7	6.50238947254712e6
0.4537599999999923	20715.975380875505	1.4325218414574163e7	6.511527002189112e6
0.45439999999999225	20720.83307319987	1.432517432922922e7	6.520664501726385e6
0.45503999999999223	20725.7322131574	1.4325129857595667e7	6.529801785427103e6
0.4556799999999922	20730.62326814407	1.4325085341015691e7	6.5389389810512345e6
0.4563199999999922	20735.542940038733	1.4325040609768435e7	6.548076031035061e6
0.45695999999999215	20740.47612730675	1.432499579517324e7	6.557212986718424e6
0.4575999999999921	20745.432194661855	1.4324950726501994e7	6.5663497748695845e6
0.4582399999999921	20750.394078563495	1.4324905626777142e7	6.575486487910247e6
0.45887999999999207	20755.378878954587	1.4324860266028803e7	6.584623029494164e6
0.45951999999999205	20760.372496323565	1.432481479681405e7	6.593759461558692e6
0.460159999999992	20765.377341655323	1.4324769243238999e7	6.602895796272863e6
0.460799999999992	20770.399472652432	1.432472349118848e7	6.612031984135191e6
0.46143999999999197	20775.443332948136	1.4324677609775273e7	6.62116805901598e6
0.46207999999999194	20780.50660847888	1.4324631557364754e7	6.630304000141824e6
0.4627199999999919	20785.580429989004	1.4324585210662698e7	6.639439745331152e6
0.4633599999999919	20790.67539918841	1.4324538871123588e7	6.64857543936993e6
0.46399999999999186	20795.7693179495	1.4324492366243942e7	6.657710990291493e6
0.46463999999999184	20800.888413548062	1.4324445864219207e7	6.666846489971773e6
0.4652799999999918	20806.02794224938	1.4324398948486924e7	6.675981742013159e6
0.4659199999999918	20811.18383819646	1.4324351944619289e7	6.685116895101205e6
0.46655999999999176	20816.365615472958	1.4324304619861102e7	6.6942518455161955e6
0.46719999999999173	20821.54042176199	1.4324257543534188e7	6.70338684107577e6
0.4678399999999917	20826.740974493405	1.4324210098290257e7	6.712521610860982e6
0.4684799999999917	20831.959033969262	1.432416245887879e7	6.721656231601151e6
0.46911999999999165	20837.20146968608	1.43241147267327e7	6.7307907541209515e6
0.46975999999999163	20842.460069020697	1.4324066692616226e7	6.739925075550277e6
0.4703999999999916	20847.736768623316	1.4324018418913648e7	6.749059225649523e6
0.4710399999999916	20853.018422992296	1.4323970306143772e7	6.758193385630867e6
0.47167999999999155	20858.322285831666	1.4323921830277385e7	6.767327317735166e6
0.4723199999999915	20863.63920683373	1.4323873205166578e7	6.776461117400819e6
0.4729599999999915	20868.9677994395	1.43238245368001e7	6.7855948337138705e6
0.47359999999999147	20874.33705027383	1.432377551857351e7	6.794728336619557e6
0.47423999999999145	20879.691669021653	1.4323726692421477e7	6.803861853305744e6
0.4748799999999914	20885.086669610617	1.4323677386923915e7	6.812995094214251e6
0.4755199999999914	20890.503892079003	1.4323627942772914e7	6.82212821082857e6
0.47615999999999137	20895.926521695565	1.4323578206787484e7	6.8312611210929295e6
0.47679999999999134	20901.376872283723	1.4323528398205701e7	6.840393940643933e6
0.4774399999999913	20906.82661994494	1.4323478434681807e7	6.849526615172876e6
0.4780799999999913	20912.304775927558	1.4323428351743666e7	6.85865917651014e6
0.47871999999999126	20917.809085958866	1.4323377984365998e7	6.867791544195894e6
0.47935999999999124	20923.309343676883	1.432332766451214e7	6.876923861037106e6
0.4799999999999912	20928.85908985739	1.4323276807352412e7	6.886055874255758e6
0.4806399999999912	20934.405929816814	1.4323226064274052e7	6.895187868596264e6
0.48127999999999116	20939.979545335143	1.4323175035682729e7	6.904319667363013e6
0.48191999999999113	20945.559963940806	1.4323123850774312e7	6.913451321871148e6
0.4825599999999911	20951.17335944359	1.4323072416928662e7	6.922582800656078e6
0.4831999999999911	20956.794548643284	1.4323020864608578e7	6.931714153201477e6
0.48383999999999106	20962.440955551923	1.4322969185508896e7	6.940845384240114e6
0.48447999999999103	20968.093962969768	1.4322917261080611e7	6.949976426447996e6
0.485119999999991	20973.779309875215	1.4322865202277342e7	6.959107346419725e6
0.485759999999991	20979.473247631217	1.43228130190858e7	6.968238136473851e6
0.48639999999999095	20985.18925573906	1.4322760560593486e7	6.97736872987429e6
0.4870399999999909	20990.93938468045	1.4322707823214415e7	6.986499130484985e6
0.4876799999999909	20996.69381456	1.4322654849473108e7	6.99562934316599e6
0.4883199999999909	21002.474247805883	1.4322601864788804e7	7.004759488636656e6
0.48895999999999085	21008.261844237415	1.4322548807398016e7	7.013889526998082e6
0.4895999999999908	21014.085851485102	1.4322495252548067e7	7.023019265066001e6
0.4902399999999908	21019.920870201233	1.432244162707391e7	7.032148898119376e6
0.49087999999999077	21025.77035602333	1.4322387812104397e7	7.041278369409332e6
0.49151999999999074	21031.655907709992	1.4322333784650236e7	7.050407678227104e6
0.4921599999999907	21037.54925797079	1.4322279618180333e7	7.059536845898668e6
0.4927999999999907	21043.467394391744	1.4322225227113428e7	7.0686658385838e6
0.49343999999999066	21049.40439139146	1.4322170457394196e7	7.077794576784962e6
0.49407999999999064	21055.35848778243	1.4322115840238558e7	7.086923321311072e6
0.4947199999999906	21061.336835605565	1.4322060758731257e7	7.096051770835688e6
0.4953599999999906	21067.320201552233	1.4322005794441368e7	7.105180202800852e6
0.49599999999999056	21073.346322600435	1.4321950296253372e7	7.114308313488128e6
0.49663999999999053	21079.390953137998	1.4321894668786265e7	7.123436290536047e6
0.4972799999999905	21085.457576228706	1.4321838727871649e7	7.132564043828599e6
0.4979199999999905	21091.528079951262	1.432178285151037e7	7.141691751842289e6
0.49855999999999046	21097.619333341798	1.4321726665403487e7	7.150819236541937e6
0.49919999999999043	21103.747666748317	1.4321670201084467e7	7.159946521212737e6
0.4998399999999904	21109.893764569457	1.4321613638646768e7	7.16907368560635e6
0.5004799999999904	21116.057106428172	1.4321556675390238e7	7.178200577744971e6
0.5011199999999904	21122.23596143854	1.4321499682454728e7	7.187327381948018e6
0.5017599999999903	21128.461785598716	1.4321442320411902e7	7.196453943489795e6
0.5023999999999903	21134.68311089821	1.4321384813545099e7	7.205580348640902e6
0.5030399999999903	21140.936327745552	1.432132722239518e7	7.214706645670969e6
0.5036799999999902	21147.203606375526	1.4321269295653889e7	7.223832698928728e6
0.5043199999999902	21153.51065237493	1.4321211055633869e7	7.232958531737302e6
0.5049599999999902	21159.82303039268	1.432115273227974e7	7.242084242484803e6
0.5055999999999902	21166.171894439685	1.4321094066090818e7	7.251209715199987e6
0.5062399999999901	21172.527086681945	1.4321035361790074e7	7.260335088526786e6
0.5068799999999901	21178.907531469213	1.432097647129716e7	7.269460296652881e6
0.5075199999999901	21185.312336830993	1.4320917229008729e7	7.278585254686011e6
0.5081599999999901	21191.754960785205	1.432085757829831e7	7.28770993974784e6
0.50879999999999	21198.20993775105	1.4320797918013066e7	7.296834541406329e6
0.50943999999999	21204.669790260454	1.4320738081753056e7	7.305958971180445e6
0.51007999999999	21211.172628104854	1.4320677983171718e7	7.3150832033500485e6
0.51071999999999	21217.71051709036	1.4320617426428584e7	7.324207133427265e6
0.5113599999999899	21224.25333294881	1.432055680682817e7	7.333330947888121e6
0.5119999999999899	21230.817353395225	1.4320496044424104e7	7.342454613613453e6
0.5126399999999899	21237.40998897277	1.4320434963147465e7	7.351578043639998e6
0.5132799999999899	21244.049877165275	1.4320373468097558e7	7.360701197661184e6
0.5139199999999898	21250.679577885418	1.4320312001200974e7	7.369824273986278e6
0.5145599999999898	21257.341725152124	1.4320250271078788e7	7.378947143453213e6
0.5151999999999898	21264.047184520903	1.4320188004916001e7	7.388069670207634e6
0.5158399999999898	21270.759099960593	1.432012588839298e7	7.397192188994325e6
0.5164799999999897	21277.492352996185	1.4320063347532703e7	7.406314410836064e6
0.5171199999999897	21284.263933712304	1.4320000388262378e7	7.415436346146405e6
0.5177599999999897	21291.04872728771	1.4319937483464738e7	7.424558226776803e6
0.5183999999999896	21297.869120430358	1.4319874261529941e7	7.433679870945373e6
0.5190399999999896	21304.701749192453	1.4319810569935655e7	7.442801187572545e6
0.5196799999999896	21311.57240896068	1.4319746768116945e7	7.451922374914338e6
0.5203199999999896	21318.449164205103	1.4319682908977522e7	7.46104344489412e6
0.5209599999999895	21325.374115750976	1.4319618533987384e7	7.470164178682328e6
0.5215999999999895	21332.298176036413	1.4319554184222708e7	7.47928483393783e6
0.5222399999999895	21339.271021876226	1.4319489378588714e7	7.488405183197431e6
0.5228799999999895	21346.270493600856	1.4319424167166524e7	7.497525241105788e6
0.5235199999999894	21353.29015090609	1.4319358863967758e7	7.506645168155353e6
0.5241599999999894	21360.334931153207	1.4319293292454652e7	7.51576487394652e6
0.5247999999999894	21367.403769234712	1.4319227613075756e7	7.524884441613145e6
0.5254399999999894	21374.50442668211	1.4319161410694165e7	7.534003656455716e6
0.5260799999999893	21381.630749206615	1.4319094989626132e7	7.543122674587027e6
0.5267199999999893	21388.78585135467	1.4319028296547964e7	7.55224146892532e6
0.5273599999999893	21395.949127535438	1.4318961558477981e7	7.561360148874433e6
0.5279999999999893	21403.163121203776	1.4318894281353496e7	7.570478473547701e6
0.5286399999999892	21410.409686113315	1.4318826704489486e7	7.579596559770814e6
0.5292799999999892	21417.660034898396	1.4318759138214123e7	7.5887145576054435e6
0.5299199999999892	21424.953373239296	1.4318691002528735e7	7.597832178141565e6
0.5305599999999892	21432.271752383927	1.4318622722194092e7	7.606949637138582e6
0.5311999999999891	21439.609925574976	1.4318554157201206e7	7.616066857438235e6
0.5318399999999891	21446.97816329557	1.4318485352711113e7	7.62518386728265e6
0.5324799999999891	21454.388091661698	1.4318416091837367e7	7.634300556102018e6
0.533119999999989	21461.8187644209	1.431834670081387e7	7.643417087082467e6
0.533759999999989	21469.26625575426	1.431827708224667e7	7.652533406118909e6
0.534399999999989	21476.773775129073	1.4318206880369319e7	7.661649342738907e6
0.535039999999989	21484.27709984873	1.4318136744456718e7	7.670765213234311e6
0.5356799999999889	21491.826022600042	1.4318066149944233e7	7.679880759860782e6
0.5363199999999889	21499.399771829252	1.4317995225737156e7	7.688996041153396e6
0.5369599999999889	21506.99790804174	1.4317924258454809e7	7.698111210131075e6
0.5375999999999889	21514.63852688107	1.4317852575588861e7	7.707225913491243e6
0.5382399999999888	21522.291412073195	1.4317780924411932e7	7.716340538037757e6
0.5388799999999888	21529.990427041557	1.4317708715747755e7	7.725454781927708e6
0.5395199999999888	21537.716003408495	1.4317636408458907e7	7.734568882556839e6
0.5401599999999888	21545.475880819256	1.4317563612397457e7	7.743682632501486e6
0.5407999999999887	21553.257559659745	1.4317490633942472e7	7.752796190707323e6
0.5414399999999887	21561.074049605115	1.4317417312075587e7	7.761909475566232e6
0.5420799999999887	21568.929180211646	1.4317343645029707e7	7.771022487147744e6
0.5427199999999887	21576.789438456883	1.4317269767531794e7	7.78013528250911e6
0.5433599999999886	21584.702680629714	1.4317195563502043e7	7.789247820016391e6
0.5439999999999886	21592.64363590063	1.4317121007683545e7	7.798360073677656e6
0.5446399999999886	21600.61552383406	1.4317046069197198e7	7.807472027412332e6
0.5452799999999886	21608.62751587323	1.4316970880762218e7	7.816583756965877e6
0.5459199999999885	21616.65054538503	1.4316895406738495e7	7.825695229126164e6
0.5465599999999885	21624.723894417257	1.4316819445217364e7	7.834806350780522e6
0.5471999999999885	21632.820685086775	1.4316743226279935e7	7.843917234626424e6
0.5478399999999884	21640.955658503222	1.431666678913597e7	7.853027908270634e6
0.5484799999999884	21649.136046907082	1.4316589756752066e7	7.862138167691107e6
0.5491199999999884	21657.335870090752	1.4316512585672138e7	7.871248250641225e6
0.5497599999999884	21665.558722493442	1.4316435088301385e7	7.880358055303618e6
0.5503999999999883	21673.830950126587	1.4316357184443496e7	7.889467548712711e6
0.5510399999999883	21682.142388336088	1.4316278912581615e7	7.898576746635473e6
0.5516799999999883	21690.46615166862	1.431620060605606e7	7.907685820133956e6
0.5523199999999883	21698.828136052583	1.4316121666975686e7	7.9167944504837915e6
0.5529599999999882	21707.236477558115	1.4316042411271803e7	7.925902814731616e6
0.5535999999999882	21715.671462650414	1.4315962713649001e7	7.935010834016846e6
0.5542399999999882	21724.14597440562	1.4315882752905637e7	7.944118612279803e6
0.5548799999999882	21732.659247544492	1.4315802464315407e7	7.953226112683431e6
0.5555199999999881	21741.190282639458	1.4315721848768847e7	7.962333325684728e6
0.5561599999999881	21749.770472593842	1.4315640829635853e7	7.971440221936662e6
0.5567999999999881	21758.384011471113	1.4315559375572054e7	7.980546776112233e6
0.5574399999999881	21767.027263184158	1.4315477668317907e7	7.989653087012558e6
0.558079999999988	21775.727117432387	1.431539537273036e7	7.998758978940924e6
0.558719999999988	21784.440500086028	1.4315313042809106e7	8.00786474118201e6
0.559359999999988	21793.210021341347	1.4315230012527827e7	8.016970019871198e6
0.559999999999988	21802.002853728773	1.4315146862862058e7	8.026075124458221e6
0.5606399999999879	21810.83798187175	1.4315063162153225e7	8.035179821005127e6
0.5612799999999879	21819.709318159144	1.4314979149190873e7	8.044284239729743e6
0.5619199999999879	21828.606933033097	1.4314894897881513e7	8.053388417142631e6
0.5625599999999878	21837.55904681185	1.4314810119834846e7	8.062492202843555e6
0.5631999999999878	21846.54514166676	1.4314724799057826e7	8.071595577747074e6
0.5638399999999878	21855.5703614365	1.4314639206724795e7	8.080698695888379e6
0.5644799999999878	21864.63116742452	1.4314553340042252e7	8.089801553552913e6
0.5651199999999877	21873.72317335889	1.4314466938025383e7	8.09890400075036e6
0.5657599999999877	21882.879605291473	1.431438005050841e7	8.108006079015264e6
0.5663999999999877	21892.054005922073	1.4314292964423452e7	8.117107929666235e6
0.5670399999999877	21901.257626485007	1.43142056707528e7	8.126209552045453e6
0.5676799999999876	21910.518130964327	1.4314117530302592e7	8.135310594800377e6
0.5683199999999876	21919.827339507923	1.4314029045154523e7	8.1444113380079605e6
0.5689599999999876	21929.162308843297	1.4313940336194366e7	8.1535118398025725e6
0.5695999999999876	21938.52869415234	1.431385121433761e7	8.162611994436488e6
0.5702399999999875	21947.954436382395	1.4313761581778442e7	8.171711757291741e6
0.5708799999999875	21957.4191719322	1.4313671433296766e7	8.180811115555339e6
0.5715199999999875	21966.926873322038	1.4313580920118462e7	8.189910156292606e6
0.5721599999999875	21976.47691442374	1.431349000630428e7	8.199008857889945e6
0.5727999999999874	21986.037778044607	1.4313398863686021e7	8.208107304457954e6
0.5734399999999874	21995.67996807682	1.4313306913706204e7	8.217205193842689e6
0.5740799999999874	22005.349127702735	1.4313214782187762e7	8.226302860458641e6
0.5747199999999874	22015.061995055243	1.4313122081292056e7	8.235400088125247e6
0.5753599999999873	22024.819797832	1.4313029062413212e7	8.244497020828836e6
0.5759999999999873	22034.625119455268	1.4312935539012011e7	8.253593551521386e6
0.5766399999999873	22044.464682080445	1.4312841490826812e7	8.262689661837996e6
0.5772799999999872	22054.36386265743	1.4312746904106561e7	8.2717853534944765e6
0.5779199999999872	22064.299631032398	1.4312652159252444e7	8.280880835463256e6
0.5785599999999872	22074.259525742447	1.431255683462023e7	8.289975858172226e6
0.5791999999999872	22084.29326265456	1.4312460851913285e7	8.299070396032915e6
0.5798399999999871	22094.369977175553	1.4312364461045528e7	8.308164579582065e6
0.5804799999999871	22104.47453633198	1.431226781334038e7	8.317258489445122e6
0.5811199999999871	22114.634310729216	1.4312170741186323e7	8.32635203913809e6
0.5817599999999871	22124.84508127884	1.431207288892424e7	8.335445019067175e6
0.582399999999987	22135.107890038613	1.4311974600505795e7	8.34453762838927e6
0.583039999999987	22145.397166691888	1.4311875954838645e7	8.353629901511561e6
0.583679999999987	22155.746451523257	1.4311776778985107e7	8.36272175072054e6
0.584319999999987	22166.13974856017	1.4311677075585738e7	8.3718131697767535e6
0.5849599999999869	22176.570155996378	1.4311577030502377e7	8.380904263440029e6
0.5855999999999869	22187.075867854528	1.431147632637337e7	8.389994860963697e6
0.5862399999999869	22197.612829817986	1.4311375173751019e7	8.399085066144075e6
0.5868799999999869	22208.20181542319	1.431127355954332e7	8.408174878958585e6
0.5875199999999868	22218.837988583353	1.4311171314214535e7	8.417264196820667e6
0.5881599999999868	22229.533210648915	1.431106854625739e7	8.426353087124031e6
0.5887999999999868	22240.261778660348	1.4310965349394292e7	8.435441593366556e6
0.5894399999999868	22251.053762298146	1.4310861582617398e7	8.44452964389046e6
0.5900799999999867	22261.8919203279	1.4310757463952616e7	8.453617359064952e6
0.5907199999999867	22272.78879511037	1.4310652547381356e7	8.462704479786986e6
0.5913599999999867	22283.727825356484	1.4310547272756917e7	8.471791257755894e6
0.5919999999999866	22294.719400012244	1.4310441452071566e7	8.480877585141381e6
0.5926399999999866	22305.771809447564	1.4310334918294482e7	8.489963365182148e6
0.5932799999999866	22316.875112765392	1.4310227909414966e7	8.499048733543383e6
0.5939199999999866	22328.011323178303	1.4310120612879332e7	8.508133793239217e6
0.5945599999999865	22339.215717214753	1.4310012497743271e7	8.517218242278436e6
0.5951999999999865	22350.463592720072	1.430990403762499e7	8.526302350856533e6
0.5958399999999865	22361.7817140302	1.4309794775602592e7	8.5353858567924e6
0.5964799999999865	22373.14366895109	1.4309685084736813e7	8.544468970276915e6
0.5971199999999864	22384.574352367144	1.43095746721774e7	8.553551525565457e6
0.5977599999999864	22396.057503559736	1.4309463697766455e7	8.562633610146914e6
0.5983999999999864	22407.591498016263	1.4309352334619902e7	8.571715325781958e6
0.5990399999999864	22419.182090086982	1.4309240138093373e7	8.5807964075741e6
0.5996799999999863	22430.826516441575	1.4309127555936554e7	8.5898771212149e6
0.6003199999999863	22442.53270251537	1.4309014281391546e7	8.598957284875318e6
0.6009599999999863	22454.292351897508	1.4308900390879655e7	8.608036939722944e6
0.6015999999999863	22466.105197131415	1.4308786049201274e7	8.617116183509829e6
0.6022399999999862	22477.99601263251	1.4308670817932643e7	8.626194761085544e6
0.6028799999999862	22489.92556715588	1.4308555186698077e7	8.635272950197568e6
0.6035199999999862	22501.92106718153	1.4308438989578867e7	8.644350660655158e6
0.6041599999999862	22513.981309206698	1.4308321931774717e7	8.653427712662252e6
0.6047999999999861	22526.08601468042	1.4308204444146305e7	8.66250435701249e6
0.6054399999999861	22538.261414461293	1.430808636478449e7	8.671580505118614e6
0.6060799999999861	22550.495938214877	1.4307967534941914e7	8.680656054937378e6
0.606719999999986	22562.801505813815	1.4307847859373132e7	8.689730951814873e6
0.607359999999986	22575.158495101943	1.4307727936144665e7	8.69880554952814e6
0.607999999999986	22587.581520438765	1.4307607083048385e7	8.70787943844923e6
0.608639999999986	22600.07312757103	1.430748561124194e7	8.716952807045301e6
0.6092799999999859	22612.615161578095	1.4307363611159638e7	8.726025702003075e6
0.6099199999999859	22625.239284223397	1.4307240658115137e7	8.735097875537373e6
0.6105599999999859	22637.91961937692	1.4307117271293035e7	8.744169632577045e6
0.6111999999999859	22650.65907708918	1.4306993013059549e7	8.753240705830967e6
0.6118399999999858	22663.469526572564	1.4306868288151402e7	8.762311345753785e6
0.6124799999999858	22676.348816440597	1.4306742756890396e7	8.771381342433374e6
0.6131199999999858	22689.290476704293	1.4306616559760401e7	8.780450777819721e6
0.6137599999999858	22702.29250366478	1.4306489761406846e7	8.789519689417478e6
0.6143999999999857	22715.363493940527	1.430636215923088e7	8.798587954794513e6
0.6150399999999857	22728.521444798782	1.430623361391672e7	8.807655493518526e6
0.6156799999999857	22741.733309842108	1.4306104630027799e7	8.816722601560948e6
0.6163199999999857	22755.010681747026	1.430597484118488e7	8.825789056617232e6
0.6169599999999856	22768.366311995967	1.4305844293655513e7	8.834854890445648e6
0.6175999999999856	22781.78321790645	1.430571310479935e7	8.843920167426402e6
0.6182399999999856	22795.285703437192	1.4305581008701159e7	8.852984731089342e6
0.6188799999999856	22808.853080551387	1.4305448223512795e7	8.862048706653452e6
0.6195199999999855	22822.478785248033	1.4305314771010434e7	8.871112103664389e6
0.6201599999999855	22836.204544244632	1.4305180386209156e7	8.88017477224535e6
0.6207999999999855	22849.982860863744	1.4305045379753288e7	8.889236885251474e6
0.6214399999999854	22863.845787409813	1.430490935861855e7	8.898298209280984e6
0.6220799999999854	22877.76766524548	1.4304772909698276e7	8.907359097620944e6
0.6227199999999854	22891.778603158808	1.4304635434425531e7	8.916419187956657e6
0.6233599999999854	22905.867158998888	1.430449709605206e7	8.925478575601568e6
0.6239999999999853	22920.02347379331	1.4304358158679083e7	8.934537419841684e6
0.6246399999999853	22934.26523861249	1.430421819476197e7	8.943595458975872e6
0.6252799999999853	22948.568877363607	1.4304077726555161e7	8.952653008589925e6
0.6259199999999853	22962.971171854264	1.4303936133139648e7	8.961709692710526e6
0.6265599999999852	22977.454738646284	1.4303793594234608e7	8.970765615101026e6
0.6271999999999852	22992.003933877088	1.4303650405328749e7	8.979820953288529e6
0.6278399999999852	23006.628887847066	1.4303506415582793e7	8.98887561496619e6
0.6284799999999852	23021.347626554823	1.4303361558364194e7	8.997929563270735e6
0.6291199999999851	23036.13592109964	1.4303215787155382e7	9.0069827581054e6
0.6297599999999851	23051.02851763078	1.4303068950266065e7	9.016035114917712e6
0.6303999999999851	23065.986979301757	1.4302921568635259e7	9.025086945655003e6
0.6310399999999851	23081.033827621686	1.4302773004332326e7	9.034137854894698e6
0.631679999999985	23096.1625509006	1.4302623805771705e7	9.043188184220405e6
0.632319999999985	23111.38169906113	1.4302473569523644e7	9.052237680304086e6
0.632959999999985	23126.684246087945	1.4302322378219927e7	9.061286390703555e6
0.633599999999985	23142.06579677815	1.4302170388895521e7	9.070334411311926e6
0.6342399999999849	23157.543975808654	1.430201741554731e7	9.0793816289211e6
0.6348799999999849	23173.1046683399	1.4301863525728945e7	9.088428079191081e6
0.6355199999999849	23188.768136724655	1.4301708473516427e7	9.097473611299416e6
0.6361599999999848	23204.511546638165	1.4301552713488003e7	9.10651850369344e6
0.6367999999999848	23220.341120431272	1.4301395871116834e7	9.115562518621925e6
0.6374399999999848	23236.2685378221	1.4301238088215403e7	9.124605748472882e6
0.6380799999999848	23252.278515916474	1.4301079528573468e7	9.133648290232422e6
0.6387199999999847	23268.404727791294	1.4300919612880286e7	9.142689784398735e6
0.6393599999999847	23284.61278286359	1.4300758814446218e7	9.151730518358126e6
0.6399999999999847	23300.90135205209	1.4300597238481693e7	9.160770557114804e6
0.6406399999999847	23317.29652918456	1.4300434452983735e7	9.169809631640008e6
0.6412799999999846	23333.807017960018	1.4300270403440174e7	9.178847707571378e6
0.6419199999999846	23350.400182963247	1.430010550072732e7	9.187885034324177e6
0.6425599999999846	23367.08823850273	1.4299939652398812e7	9.19692155506513e6
0.6431999999999846	23383.880200877553	1.42997726545572e7	9.205957139866643e6
0.6438399999999845	23400.770663820476	1.4299604569643794e7	9.214991824598866e6
0.6444799999999845	23417.761343473623	1.4299435478727615e7	9.224025659842983e6
0.6451199999999845	23434.84363576737	1.4299265361241953e7	9.233058627153648e6
0.6457599999999845	23452.051041958566	1.4299093899330743e7	9.242090530992702e6
0.6463999999999844	23469.34458985277	1.4298921524478735e7	9.251121633669803e6
0.6470399999999844	23486.753378403748	1.4298747961614637e7	9.260151765555352e6
0.6476799999999844	23504.274677576566	1.4298573214616364e7	9.269180925696908e6
0.6483199999999844	23521.89242384096	1.4298397295185223e7	9.278209113541877e6
0.6489599999999843	23539.61806223488	1.4298220341472507e7	9.287236420326341e6
0.6495999999999843	23557.456311116468	1.4298042124017641e7	9.29626269645305e6
0.6502399999999843	23575.398106793866	1.4297862860427286e7	9.305288077605847e6
0.6508799999999842	23593.46892928333	1.4297682165658824e7	9.314312319856381e6
0.6515199999999842	23611.6196347977	1.4297500667733587e7	9.323335812251896e6
0.6521599999999842	23629.87770709315	1.4297317917041305e7	9.332358269439068e6
0.6527999999999842	23648.24178475887	1.4297134075226603e7	9.341379793855367e6
0.6534399999999841	23666.717428167183	1.429694890887733e7	9.350400232608482e6
0.6540799999999841	23685.30632282892	1.4296762520909308e7	9.359419650839325e6
0.6547199999999841	23704.020151439927	1.4296574963785687e7	9.368438084367428e6
0.6553599999999841	23722.833760409812	1.4296386173048373e7	9.377455479795942e6
0.655999999999984	23741.785754988916	1.4296195972266944e7	9.386471732106604e6
0.656639999999984	23760.839053284923	1.4296004682004487e7	9.395487036088536e6
0.657279999999984	23780.00766153268	1.4295812051027445e7	9.404501229124852e6
0.657919999999984	23799.321696600007	1.429561793390267e7	9.413514223038988e6
0.6585599999999839	23818.72840228981	1.429542289714511e7	9.422526369769333e6
0.6591999999999839	23838.285762744043	1.429522603561377e7	9.43153709046431e6
0.6598399999999839	23857.95701805022	1.4295028181874584e7	9.440546918187156e6
0.6604799999999839	23877.755831335682	1.4294828777736126e7	9.44955548677878e6
0.6611199999999838	23897.675706422255	1.4294628135003528e7	9.458562996956695e6
0.6617599999999838	23917.759039966622	1.4294425669763688e7	9.467569074040266e6
0.6623999999999838	23937.936880688212	1.429422225150637e7	9.476574266888509e6
0.6630399999999838	23958.251948711182	1.429401732981206e7	9.485578222934995e6
0.6636799999999837	23978.71451362545	1.4293810750048136e7	9.494580839856938e6
0.6643199999999837	23999.287774766504	1.4293603015947165e7	9.503582436474022e6
0.6649599999999837	24020.02272350329	1.4293393477718227e7	9.512582595356561e6
0.6655999999999836	24040.880127343156	1.429318287272947e7	9.521581790403085e6
0.6662399999999836	24061.87379257966	1.429297039798555e7	9.53057948895067e6
0.6668799999999836	24083.031302133815	1.4292756400183707e7	9.539575927541643e6
0.6675199999999836	24104.291845676456	1.4292541178594494e7	9.548571282488013e6
0.6681599999999835	24125.717870650915	1.429232426879618e7	9.557565261656817e6
0.6687999999999835	24147.277942999695	1.4292105872048246e7	9.566557985680353e6
0.6694399999999835	24168.998849398242	1.4291885832012348e7	9.575549355641767e6
0.6700799999999835	24190.851615035313	1.4291663997513162e7	9.584539257218217e6
0.6707199999999834	24212.85096305896	1.4291441064994838e7	9.593528158678219e6
0.6713599999999834	24235.033315502125	1.429121580580321e7	9.602515244732613e6
0.6719999999999834	24257.343051165833	1.4290989368018875e7	9.61150126382923e6
0.6726399999999834	24279.79866115008	1.4290761143896496e7	9.620485810720015e6
0.6732799999999833	24302.394839886656	1.4290531535613561e7	9.629469150739748e6
0.6739199999999833	24325.174019965238	1.4290299727899551e7	9.638450745370258e6
0.6745599999999833	24348.13158239991	1.4290066323309818e7	9.64743099499381e6
0.6751999999999833	24371.18781042427	1.4289831452187944e7	9.656409958317887e6
0.6758399999999832	24394.465873287783	1.428959439758909e7	9.665387187723856e6
0.6764799999999832	24417.860630594078	1.4289356098423958e7	9.674363279732808e6
0.6771199999999832	24441.427849098895	1.428911582533662e7	9.68333775587561e6
0.6777599999999832	24465.17439627347	1.428887354971165e7	9.692310594849784e6
0.6783999999999831	24489.09771477005	1.4288629729467923e7	9.701282102295868e6
0.6790399999999831	24513.179634716682	1.4288383641432904e7	9.710251778013917e6
0.6796799999999831	24537.413824619893	1.4288136193704406e7	9.719220232533071e6
0.680319999999983	24561.83344462121	1.4287886628460497e7	9.728186957989579e6
0.680959999999983	24586.42402154457	1.428763537717094e7	9.737152239157915e6
0.681599999999983	24611.224418122285	1.4287381554101655e7	9.746115481130175e6
0.682239999999983	24636.165626669	1.4287126347905923e7	9.755077467584623e6
0.682879999999983	24661.29816226721	1.4286869148972068e7	9.764037795323022e6
0.6835199999999829	24686.579585357635	1.4286609971901674e7	9.772996456701161e6
0.6841599999999829	24712.085357653985	1.4286348794711985e7	9.78195345642927e6
0.6847999999999829	24737.791100606202	1.4286084946171852e7	9.79090832289315e6
0.6854399999999828	24763.63955035451	1.428581990222285e7	9.799862044236343e6
0.6860799999999828	24789.712592158652	1.428555241794395e7	9.808813789479671e6
0.6867199999999828	24815.958297408244	1.4285282982829092e7	9.817763873383561e6
0.6873599999999828	24842.369811093587	1.4285011507729314e7	9.826712228450315e6
0.6879999999999827	24869.03125701843	1.4284737494734187e7	9.835658534129065e6
0.6886399999999827	24895.8528074136	1.428446174440163e7	9.844603308394607e6
0.6892799999999827	24922.867082619432	1.4284183552251352e7	9.853546072155476e6
0.6899199999999827	24950.122691692213	1.4283903407796996e7	9.862487173151296e6
0.6905599999999826	24977.584162121282	1.4283620616425036e7	9.871426116521353e6
0.6911999999999826	25005.215344543085	1.4283335899830526e7	9.880363384461006e6
0.6918399999999826	25033.068272699846	1.4283048689988626e7	9.889298596000398e6
0.6924799999999826	25061.16038839363	1.428275900677426e7	9.89823176505343e6
0.6931199999999825	25089.448951817358	1.4282466750127971e7	9.907162803942785e6
0.6937599999999825	25117.9502234652	1.4282172955733357e7	9.916092430845758e6
0.6943999999999825	25146.597866834116	1.428187697064e7	9.92502016872027e6
0.6950399999999824	25175.52334814048	1.4281578061464377e7	9.933945543440199e6
0.6956799999999824	25204.70610602178	1.4281276498832552e7	9.942868730869763e6
0.6963199999999824	25234.031616996534	1.428097293699436e7	9.951790146209111e6
0.6969599999999824	25263.62524330017	1.428066670263893e7	9.960709354064707e6
0.6975999999999823	25293.41572158224	1.428035824620998e7	9.969626641470037e6
0.6982399999999823	25323.51887788385	1.4280046362199344e7	9.978541196998408e6
0.6988799999999823	25353.805697972468	1.4279732694593126e7	9.987454123568766e6
0.6995199999999823	25384.313618373148	1.4279416375810912e7	9.996364821763046e6
0.7001599999999822	25415.082898316545	1.4279097220658027e7	1.00052731684719e7
0.7007999999999822	25446.088475976718	1.4278774886233285e7	1.0014178909944044e7
0.7014399999999822	25477.342566804742	1.4278450433479683e7	1.002308278745648e7
0.7020799999999822	25508.840589377676	1.4278123511884533e7	1.0031984549012026e7
0.7027199999999821	25540.51216057547	1.4277794175894994e7	1.0040884206739772e7
0.7033599999999821	25572.529378229392	1.4277461243871273e7	1.0049780975603802e7
0.7039999999999821	25604.749719627453	1.4277126161528774e7	1.0058675823633011e7
0.7046399999999821	25637.26100407269	1.4276787586974453e7	1.0067567826695586e7
0.705279999999982	25670.018808683315	1.4276446144719986e7	1.0076457404891152e7
0.705919999999982	25703.058267562446	1.427610199855387e7	1.0085344678194217e7
0.706559999999982	25736.305871548357	1.4275755217994086e7	1.0094229668420592e7
0.707199999999982	25769.88092550492	1.427540515695488e7	1.0103111948133223e7
0.7078399999999819	25803.763203167637	1.4275051896867761e7	1.0111991562136056e7
0.7084799999999819	25837.769227493518	1.4274696505695157e7	1.0120869206839846e7
0.7091199999999819	25872.193018157785	1.4274336807274718e7	1.0129743420279512e7
0.7097599999999818	25906.82432667737	1.427397520692563e7	1.0138615839559851e7
0.7103999999999818	25941.795897238986	1.4273609766805952e7	1.014748512243053e7
0.7110399999999818	25977.074039063704	1.4273240718172984e7	1.0156351415563786e7
0.7116799999999818	26012.597318627042	1.4272868641112773e7	1.0165215106565785e7
0.7123199999999817	26048.3388203023	1.427249498321572e7	1.0174077212555787e7
0.7129599999999817	26084.522609002477	1.4272115937448615e7	1.0182935080132794e7
0.7135999999999817	26121.046444222244	1.4271732999703797e7	1.0191789736289995e7
0.7142399999999817	26157.697800773294	1.4271348657117564e7	1.0200642888582936e7
0.7148799999999816	26194.764015759763	1.4270960171423092e7	1.0209492658462852e7
0.7155199999999816	26232.227730197672	1.4270566772232229e7	1.0218338481012028e7
0.7161599999999816	26269.923042874547	1.4270171266797744e7	1.02271823093861e7
0.7167999999999816	26307.937920690034	1.426977239966431e7	1.0236023264098255e7
0.7174399999999815	26346.327248749738	1.4269369185655538e7	1.0244860646783853e7
0.7180799999999815	26385.051348380814	1.4268961884227987e7	1.0253694623502305e7
0.7187199999999815	26424.089780009992	1.4268551207506185e7	1.0262525691831904e7
0.7193599999999815	26463.587690389533	1.4268135920781549e7	1.0271352997222582e7
0.7199999999999814	26503.2836239381	1.4267718308691138e7	1.0280178101672057e7
0.7206399999999814	26543.412279863718	1.4267295451239249e7	1.028899896163529e7
0.7212799999999814	26583.95769734486	1.4266868454859002e7	1.029781635980984e7
0.7219199999999814	26624.771638416354	1.4266438860236214e7	1.0306631358478673e7
0.7225599999999813	26666.118297693938	1.4266002878728833e7	1.0315441287914554e7
0.7231999999999813	26707.766539007447	1.4265563979717506e7	1.032424857990943e7
0.7238399999999813	26749.910059173177	1.4265119135939285e7	1.0333051090519967e7
0.7244799999999813	26792.38204949032	1.426467138711901e7	1.0341850963641988e7
0.7251199999999812	26835.17414919543	1.4264219609530741e7	1.0350647375932794e7
0.7257599999999812	26878.584757947025	1.4263761307766203e7	1.0359438589808151e7
0.7263999999999812	26922.44748461186	1.4263298318275442e7	1.0368225880026804e7
0.7270399999999811	26966.647121209262	1.426283217861415e7	1.0377010323137568e7
0.7276799999999811	27011.286214980337	1.4262360045969542e7	1.0385789871712912e7
0.7283199999999811	27056.41625724529	1.4261882943459831e7	1.0394565272549164e7
0.7289599999999811	27102.036967775242	1.4261400516475612e7	1.0403336256589537e7
0.729599999999981	27148.09962125664	1.426091402035498e7	1.0412103715388313e7
0.730239999999981	27194.777344030736	1.4260420124260467e7	1.0420865254676018e7
0.730879999999981	27241.92910944581	1.4259921242635258e7	1.042962258577892e7
0.731519999999981	27289.623862287423	1.4259416277106242e7	1.0438374913243035e7
0.7321599999999809	27337.77753624999	1.425890682781944e7	1.0447123373391319e7
0.7327999999999809	27386.572340836196	1.4258390857714131e7	1.0455866512662116e7
0.7334399999999809	27435.92757921424	1.4257868472774204e7	1.0464604373526754e7
0.7340799999999809	27485.811106399313	1.4257341216875881e7	1.0473338067373388e7
0.7347199999999808	27536.36810917118	1.425680654549227e7	1.0482065752835808e7
0.7353599999999808	27587.24265272228	1.4256268699070813e7	1.0490790438444056e7
0.7359999999999808	27638.941825713417	1.4255722090411933e7	1.0499508139184898e7
0.7366399999999808	27691.118172887996	1.4255172132431217e7	1.0508222732515868e7
0.7372799999999807	27743.991537215974	1.4254613135629477e7	1.0516930074093284e7
0.7379199999999807	27797.51885914992	1.4254048379249344e7	1.0525632553758008e7
0.7385599999999807	27851.5591767918	1.4253479114724752e7	1.0534331046602018e7
0.7391999999999807	27906.519524555963	1.4252899995898647e7	1.054302169726001e7
0.7398399999999806	27961.90224264249	1.4252315800098075e7	1.055170789003173e7
0.7404799999999806	28018.23026949119	1.4251723228304686e7	1.0560387307214316e7
0.7411199999999806	28075.09968388698	1.4251125263486035e7	1.056906203708066e7
0.7417599999999805	28133.091822992574	1.4250515002889141e7	1.0577727098175142e7
0.7423999999999805	28191.705591300495	1.4249899173635742e7	1.0586387329867216e7
0.7430399999999805	28251.083900898055	1.424927553657781e7	1.0595041093217673e7
0.7436799999999805	28311.381715027244	1.4248643177937595e7	1.060368773192955e7
0.7443199999999804	28372.555221977032	1.4248002173499132e7	1.061232727269775e7
0.7449599999999804	28434.773524014814	1.4247350364259627e7	1.0620958131998139e7
0.7455999999999804	28497.86504508008	1.4246689249542715e7	1.0629581361326238e7
0.7462399999999804	28561.802188653215	1.4246021008721353e7	1.0638198560471337e7
0.7468799999999803	28627.065698019214	1.4245338687256651e7	1.064680464160745e7
0.7475199999999803	28693.396672778916	1.4244646172587954e7	1.065540241572461e7
0.7481599999999803	28760.254626811286	1.4243948625799e7	1.0663995586402716e7
0.7487999999999803	28828.136465854266	1.4243241114605226e7	1.0672580574496334e7
0.7494399999999802	28897.010469404224	1.4242524009014884e7	1.0681157628259048e7
0.7500799999999802	28966.841409712055	1.4241797773800587e7	1.0689727067177178e7
0.7507199999999802	29037.748326761197	1.4241061012952466e7	1.0698287853546288e7
0.7513599999999802	29109.7583534043	1.4240314198306395e7	1.07068403263562e7
0.7519999999999801	29183.186936485177	1.4239553970757494e7	1.07153820163696e7
0.7526399999999801	29257.920359413733	1.4238781161667332e7	1.0723913492697122e7
0.7532799999999801	29334.00075534221	1.4237996440408425e7	1.0732435243296934e7
0.75391999999998	29411.422742731418	1.4237199781643609e7	1.0740947222284997e7
0.75455999999998	29490.185932819368	1.4236392118195519e7	1.0749450107940678e7
0.75519999999998	29570.689879877096	1.4235569180515151e7	1.0757940750007352e7
0.75583999999998	29653.047979840052	1.4234730019510947e7	1.0766418426141627e7
0.75647999999998	29737.262994737608	1.4233877084810378e7	1.0774884955401547e7
0.7571199999999799	29823.76749389694	1.4233006725303518e7	1.0783337648510432e7
0.7577599999999799	29912.547495616942	1.4232117667719254e7	1.0791775499395994e7
0.7583999999999799	30004.529543366963	1.4231205381225992e7	1.0800195255459184e7
0.7590399999999798	30100.338129936823	1.4230265527263377e7	1.0808593723289497e7
0.7596799999999798	30200.7461878923	1.422929325309015e7	1.0816967341831114e7
0.7603199999999798	30307.201578316493	1.4228282119851422e7	1.0825311491439436e7
0.7609599999999798	30423.264946358442	1.4227207280704958e7	1.0833608029577736e7
0.7615999999999797	30553.438101121432	1.4226045721167115e7	1.0841840360883895e7
0.7622399999999797	30709.125663014074	1.4224721676700672e7	1.084995325256567e7
0.7628799999999797	30916.74541500034	1.4223072789002998e7	1.0857828747947125e7
0.7635199999999797	31252.934519864353	1.4220625493822753e7	1.0865122670998517e7
0.7641599999999796	31792.987514118584	1.4216873280725598e7	1.0871463944374315e7
0.7647999999999796	32717.4678521551	1.4210645137958255e7	1.087599654994901e7
0.7654399999999796	34289.744428974576	1.4200240399025863e7	1.0877475013483327e7
0.7660799999999796	36609.17113835651	1.4185035618727034e7	1.08754357041068e7
0.7667199999999795	39678.78461534271	1.4165518682000127e7	1.0870242750737915e7
0.7673599999999795	43046.717377988854	1.4144193237459714e7	1.0863702511027612e7
0.7679999999999795	46137.977190257196	1.4124466854290096e7	1.0858294554802645e7
0.7686399999999795	48779.620785231375	1.4107467741289146e7	1.085484965772907e7
0.7692799999999794	51025.90641153042	1.4092924226937316e7	1.0853177446425319e7
0.7699199999999794	52959.69659138436	1.4080354297555385e7	1.0852931347765299e7
0.7705599999999794	54665.66916866848	1.4069237208976947e7	1.0853733914883047e7
0.7711999999999793	56141.67593110544	1.405955861530151e7	1.0855576819573272e7
0.7718399999999793	57437.67918690892	1.4050978227314595e7	1.0858212015853493e7
0.7724799999999793	58591.0314183773	1.404330509314698e7	1.0861502949822199e7
0.7731199999999793	59653.879938212616	1.4036185215303635e7	1.0865189785935637e7
0.7737599999999792	60654.802243100654	1.4029440985674793e7	1.0869142799534917e7
0.7743999999999792	61558.752247185934	1.4023285251957364e7	1.0873519753622457e7
0.7750399999999792	62404.67127756556	1.401746951207868e7	1.0878138125491772e7
0.7756799999999792	63197.828399866085	1.4011961292749515e7	1.0882974672426311e7
0.7763199999999791	63949.47121882151	1.4006700554879487e7	1.0887985992485978e7
0.7769599999999791	64670.830466467836	1.4001593289097868e7	1.089310210392443e7
0.7775999999999791	65373.30386763257	1.3996600494635288e7	1.089829556740827e7
0.7782399999999791	66064.23362713437	1.3991639630818116e7	1.0903504030736754e7
0.778879999999979	66746.04145335812	1.3986724572357817e7	1.090873891960393e7
0.779519999999979	67427.04861879375	1.3981789339307312e7	1.0913950741456017e7
0.780159999999979	68104.85613227391	1.3976852532434678e7	1.0919153443276064e7
0.780799999999979	68767.65729294505	1.3972011576637339e7	1.0924420509516755e7
0.7814399999999789	69416.81628889128	1.3967258530363139e7	1.0929746245334778e7
0.7820799999999789	70057.9044577816	1.3962541893552467e7	1.093509178264866e7
0.7827199999999789	70695.64607718056	1.3957842348371316e7	1.0940443112896552e7
0.7833599999999789	71321.13554798909	1.3953225001748923e7	1.0945849348174859e7
0.7839999999999788	71937.93567742093	1.3948646189855376e7	1.0951277206952645e7
0.7846399999999788	72542.16569629472	1.394415025946931e7	1.095676074039406e7
0.7852799999999788	73133.50566309833	1.3939742289248005e7	1.096230405123636e7
0.7859199999999787	73718.48897551742	1.3935374436808515e7	1.0967871131496133e7
0.7865599999999787	74295.79966995426	1.3931088953085843e7	1.0973495022420462e7
0.7871999999999787	74865.63525127336	1.3926844620679867e7	1.0979143492580367e7
0.7878399999999787	75428.2045199318	1.392263421488732e7	1.0984810987727478e7
0.7884799999999786	75984.5737217454	1.391846703773577e7	1.0990505146947227e7
0.7891199999999786	76528.72490323786	1.3914367735798163e7	1.0996244245180346e7
0.7897599999999786	77067.26759910602	1.3910301139064781e7	1.1002002049927542e7
0.7903999999999786	77600.9449603091	1.3906250585395126e7	1.100776562075969e7
0.7910399999999785	78132.17954859592	1.3902211663996812e7	1.1013532014926216e7
0.7916799999999785	78661.2873942075	1.3898181172000363e7	1.1019298789638912e7
0.7923199999999785	79189.35390966287	1.3894144805626845e7	1.1025054857413923e7
0.7929599999999785	79715.62136374823	1.3890116980950886e7	1.1030811483461667e7
0.7935999999999784	80248.38615433517	1.3886031738537759e7	1.1036518054605523e7
0.7942399999999784	80780.13419804948	1.3881941519640477e7	1.1042214552971546e7
0.7948799999999784	81312.1635513445	1.3877847327342208e7	1.1047902034545127e7
0.7955199999999784	81848.78350718971	1.3873702646596007e7	1.1053544368671307e7
0.7961599999999783	82397.82722783108	1.386945273480604e7	1.1059099462444998e7
0.7967999999999783	82960.2071368815	1.3865088357165646e7	1.10645599170795e7
0.7974399999999783	83541.15837830627	1.3860555982095055e7	1.1069883859402692e7
0.7980799999999783	84145.31262155314	1.3855818681303509e7	1.107504239469895e7
0.7987199999999782	84770.75209120377	1.38508780152881e7	1.1080035945351528e7
0.7993599999999782	85418.37990495264	1.3845764413717818e7	1.1084888585493304e7
0.7999999999999782	86091.96552017398	1.3840422187026761e7	1.1089556142725144e7
0.8006399999999781	86789.3861738883	1.383488831012439e7	1.1094067308645317e7
0.8012799999999781	87510.44827242801	1.3829168582458537e7	1.1098426278032772e7
0.8019199999999781	88261.62772130784	1.382320531579958e7	1.1102587670064736e7
0.8025599999999781	89052.36669613374	1.3816919616057554e7	1.1106489506343333e7
0.803199999999978	89889.43287485001	1.3810261946975205e7	1.1110092636199953e7
0.803839999999978	90739.68408034668	1.3803447352018505e7	1.1113562615875455e7
0.804479999999978	91599.92085654088	1.3796522855662946e7	1.1116936323449297e7
0.805119999999978	92479.6104151647	1.3789388523247767e7	1.1120134914314648e7
0.8057599999999779	93365.237127863	1.3782180509065703e7	1.1123265030644193e7
0.8063999999999779	94247.04484021234	1.3774963362306831e7	1.112637668324499e7
0.8070399999999779	95125.93739311703	1.3767746515593588e7	1.1129477648823721e7
0.8076799999999779	96003.57801365339	1.3760513561010584e7	1.1132555001080312e7
0.8083199999999778	96876.23516250195	1.3753286172626216e7	1.1135625515812868e7
0.8089599999999778	97750.53597901957	1.374601454582554e7	1.1138650189384157e7
0.8095999999999778	98635.30517854159	1.3738622071407234e7	1.1141568591116987e7
0.8102399999999778	99541.40539048404	1.3731025787656821e7	1.1144315311277658e7
0.8108799999999777	100472.91404880505	1.3723187471123017e7	1.1146859694088839e7
0.8115199999999777	101449.48452492151	1.3714933827507418e7	1.1149064298541773e7
0.8121599999999777	102464.52976347781	1.3706303986663727e7	1.115095878307928e7
0.8127999999999777	103530.0746413314	1.369719410702591e7	1.1152460200163214e7
0.8134399999999776	104658.90189222907	1.3687497795821339e7	1.115348337176962e7
0.8140799999999776	105835.04601520387	1.3677312709087392e7	1.1154103581968708e7
0.8147199999999776	107043.34094834408	1.3666777914858546e7	1.1154430293004159e7
0.8153599999999775	108291.76467481682	1.3655826518811481e7	1.1154409701807382e7
0.8159999999999775	109587.43295538067	1.3644393926533956e7	1.1153989531715194e7
0.8166399999999775	110921.83016533758	1.3632575665923724e7	1.1153245218598763e7
0.8172799999999775	112285.18066668717	1.3620415445214376e7	1.1152209883275917e7
0.8179199999999774	113736.35568117323	1.3607431646780178e7	1.1150499608176567e7
0.8185599999999774	115251.76492921544	1.35938293049963e7	1.1148276196126224e7
0.8191999999999774	116774.98197635956	1.3580113353491206e7	1.1145941775921017e7
0.8198399999999774	118290.73468664105	1.356637797831684e7	1.1143570580504118e7
0.8204799999999773	119760.84749933702	1.355301670744517e7	1.1141478615467392e7
0.8211199999999773	121151.0631186584	1.3540338939826695e7	1.1139914612440858e7
0.8217599999999773	122499.92505024589	1.3528042484758012e7	1.1138638578915395e7
0.8223999999999773	123790.76304275797	1.3516277378159482e7	1.1137771755314447e7
0.8230399999999772	124957.5436902174	1.3505638159089936e7	1.1137792917388499e7
0.8236799999999772	126038.524464809	1.3495751021467924e7	1.113840331399603e7
0.8243199999999772	127053.8144214137	1.3486419479926586e7	1.1139446119810332e7
0.8249599999999772	128026.78467160332	1.3477461562568953e7	1.1140776499045497e7
0.8255999999999771	128978.07604428162	1.3468655506185053e7	1.1142215762368198e7
0.8262399999999771	129919.38153132942	1.3459927456826644e7	1.1143705253663026e7
0.8268799999999771	130830.69025541727	1.3451448131365176e7	1.114538283995995e7
0.827519999999977	131718.08132927617	1.344317532856611e7	1.1147215182562396e7
0.828159999999977	132590.71150304645	1.343501012965001e7	1.114912237683533e7
0.828799999999977	133451.61162426387	1.342691757649738e7	1.1151076203310795e7
0.829439999999977	134307.18473044306	1.3418838234831411e7	1.1153028618925884e7
0.830079999999977	135161.00758363344	1.3410737577945143e7	1.115495160710901e7
0.8307199999999769	136018.20778138787	1.3402555208850969e7	1.1156795825309603e7
0.8313599999999769	136877.0500482767	1.339433696530503e7	1.1158598925195824e7
0.8319999999999769	137738.74904466243	1.3386051369239418e7	1.1160334849046392e7
0.8326399999999768	138604.82161799524	1.3377703540972307e7	1.1162007979300864e7
0.8332799999999768	139476.56131716297	1.336926635668357e7	1.1163595801999776e7
0.8339199999999768	140356.42820595184	1.3360730342374172e7	1.1165090642708808e7
0.8345599999999768	141236.39342506338	1.335214527858197e7	1.1166532512621304e7
0.8351999999999767	142122.9971713464	1.3343461621157166e7	1.1167881015923996e7
0.8358399999999767	143016.10427160337	1.3334670458295759e7	1.1169128479538847e7
0.8364799999999767	143917.6959987446	1.3325767076454911e7	1.1170271065762412e7
0.8371199999999767	144825.36740370913	1.331678392003379e7	1.1171335310981095e7
0.8377599999999766	145723.49994589284	1.3307888599032031e7	1.1172458933355989e7
0.8383999999999766	146620.54294390793	1.3298995902472712e7	1.117357204437255e7
0.8390399999999766	147520.33324677736	1.3290046805913039e7	1.1174625744872369e7
0.8396799999999766	148425.9311776198	1.3281024029069284e7	1.1175605902014986e7
0.8403199999999765	149345.43456749298	1.3271845670952141e7	1.1176444833205933e7
0.8409599999999765	150276.6248416892	1.3262513116464783e7	1.1177143024836738e7
0.8415999999999765	151208.30115889673	1.3253181648199353e7	1.1177829070027836e7
0.8422399999999765	152127.19820290414	1.3243980850083897e7	1.1178610017962843e7
0.8428799999999764	153036.8488021332	1.3234875955419917e7	1.1179457394987822e7
0.8435199999999764	153945.72865278873	1.3225784695051812e7	1.1180303333589382e7
0.8441599999999764	154854.24494317474	1.321665597534611e7	1.118110479367981e7
0.8447999999999763	155763.5473696964	1.3207478762280755e7	1.1181852560926251e7
0.8454399999999763	156667.2359857691	1.3198303980690066e7	1.1182588605428262e7
0.8460799999999763	157562.5780066201	1.3189158936962608e7	1.1183335625391794e7
0.8467199999999763	158454.7842729087	1.3179992509495305e7	1.1184051206972906e7
0.8473599999999762	159348.37912853042	1.31707544198599e7	1.1184693401802355e7
0.8479999999999762	160255.47727660794	1.316132097463366e7	1.1185159019035079e7
0.8486399999999762	161169.356533144	1.3151763313852282e7	1.1185507012472149e7
0.8492799999999762	162104.7372262815	1.3141916253358271e7	1.1185599061646547e7
0.8499199999999761	163061.10757206572	1.3131788668315955e7	1.1185442035999203e7
0.8505599999999761	164050.74860715115	1.3121251808793899e7	1.1184927682359282e7
0.8511999999999761	165077.799368902	1.3110242003685698e7	1.118400157008305e7
0.8518399999999761	166147.6625023378	1.309870762010397e7	1.1182619536785401e7
0.852479999999976	167270.48822589504	1.3086518854991961e7	1.118067133592632e7
0.853119999999976	168454.9162201306	1.307358040459116e7	1.1178075572858915e7
0.853759999999976	169699.64454994144	1.305990867933686e7	1.1174844510089312e7
0.854399999999976	170969.515390068	1.3045840283316864e7	1.1171259099506412e7
0.8550399999999759	172276.3458878266	1.3031265370627504e7	1.116722632160093e7
0.8556799999999759	173624.48715526372	1.3016124688418403e7	1.1162695059371797e7
0.8563199999999759	175000.1739955398	1.3000578447934458e7	1.1157799361534605e7
0.8569599999999759	176385.14831589922	1.298486286127454e7	1.1152738209212627e7
0.8575999999999758	177755.38304297964	1.29692436040882e7	1.1147735681411052e7
0.8582399999999758	179078.9477753705	1.2954074384282377e7	1.1143091031202834e7
0.8588799999999758	180360.5656369449	1.2939296748591114e7	1.1138755674452312e7
0.8595199999999757	181601.90351905473	1.2924903782783631e7	1.1134724734784234e7
0.8601599999999757	182816.1613619963	1.2910720770633668e7	1.1130850590072807e7
0.8607999999999757	183993.82726134526	1.2896869827367183e7	1.1127237488152143e7
0.8614399999999757	185130.58584612317	1.2883415544362716e7	1.1123941180510348e7
0.8620799999999756	186227.88709564	1.2870330364642872e7	1.112093895093925e7
0.8627199999999756	187294.1047353264	1.2857536228281707e7	1.111816538956095e7
0.8633599999999756	188330.1037277967	1.2845020233445015e7	1.1115610094120145e7
0.8639999999999756	189360.1480523902	1.283250728854359e7	1.1113039277436478e7
0.8646399999999755	190384.45115953145	1.2819994062755248e7	1.1110450105729342e7
0.8652799999999755	191405.80277888803	1.280747147069614e7	1.1107835103914019e7
0.8659199999999755	192428.45247071364	1.2794898635819858e7	1.1105159433636095e7
0.8665599999999755	193461.34455511326	1.278215729772304e7	1.1102321709732004e7
0.8671999999999754	194514.6135754361	1.2769120856371013e7	1.1099213147327451e7
0.8678399999999754	195580.5869892794	1.2755870402824922e7	1.1095902500763774e7
0.8684799999999754	196671.28516307747	1.2742251603973057e7	1.1092256880442861e7
0.8691199999999754	197796.71812751298	1.2728135576453213e7	1.1088164826675236e7
0.8697599999999753	198949.32307446143	1.2713610043808993e7	1.108370063154022e7
0.8703999999999753	200134.71159482273	1.2698612469867555e7	1.10788097523951e7
0.8710399999999753	201326.05714513134	1.26834168639824e7	1.1073726433532357e7
0.8716799999999753	202514.4469076374	1.266813637390905e7	1.106854776823592e7
0.8723199999999752	203690.8070093724	1.2652904608300727e7	1.1063388990151538e7
0.8729599999999752	204870.2685283246	1.2637517485423127e7	1.1058073982988503e7
0.8735999999999752	206035.95365397228	1.2622232325592048e7	1.1052825104178768e7
0.8742399999999751	207190.55103450644	1.2607011423730038e7	1.1047609950779539e7
0.8748799999999751	208316.31430644984	1.2592102434545016e7	1.1042643115180459e7
0.8755199999999751	209376.00299366255	1.2577954336101048e7	1.1038313705195531e7
0.8761599999999751	210381.82535629178	1.2564394812376365e7	1.103447384406349e7
0.876799999999975	211346.17928962185	1.2551282465983938e7	1.103100231546289e7
0.877439999999975	212278.9466202646	1.2538471323653327e7	1.1027773185923848e7
0.878079999999975	213200.25240136805	1.2525718066905681e7	1.1024575894961007e7
0.878719999999975	214111.81789893267	1.2513034600423915e7	1.1021421245358977e7
0.8793599999999749	215028.67703534247	1.2500216718708245e7	1.101813163336052e7
0.8799999999999749	215963.56958237808	1.2487084962387357e7	1.1014550395250453e7
0.8806399999999749	216916.9915139887	1.2473623996509708e7	1.101066344839311e7
0.8812799999999749	217888.70754883802	1.2459820621694194e7	1.100645846484655e7
0.8819199999999748	218867.91450797257	1.244580497508891e7	1.1002048246975206e7
0.8825599999999748	219860.8769073463	1.2431498247463819e7	1.0997363554665359e7
0.8831999999999748	220877.38290264749	1.2416754411311181e7	1.0992275974392757e7
0.8838399999999748	221924.01033097794	1.2401463166790055e7	1.098668789837546e7
0.8844799999999747	223006.1083547025	1.2385565882702075e7	1.098054697756916e7
0.8851199999999747	224108.55416389467	1.2369272726621108e7	1.0974036266488915e7
0.8857599999999747	225225.84877058334	1.2352677260812812e7	1.09672372115008e7
0.8863999999999747	226369.17346927332	1.2335602368582826e7	1.095999347761762e7
0.8870399999999746	227540.72232470382	1.2318006233710296e7	1.0952267249543874e7
0.8876799999999746	228742.65997075598	1.2299807336708616e7	1.0943985352217114e7
0.8883199999999746	229984.85769479064	1.2280863677930232e7	1.0935021531286031e7
0.8889599999999745	231266.8565978673	1.2261195088194693e7	1.0925391857357876e7
0.8895999999999745	232556.40439940488	1.2241317415919088e7	1.0915550200247008e7
0.8902399999999745	233878.58055829187	1.22208369285833e7	1.090514838030377e7
0.8908799999999745	235248.18141943534	1.2199508297491618e7	1.0893968233625514e7
0.8915199999999744	236628.91661906516	1.2177937258732988e7	1.0882544129780164e7
0.8921599999999744	238020.22016704085	1.2156039567510635e7	1.0870800361092797e7
0.8927999999999744	239413.62254512563	1.2133884053259727e7	1.0858796823086817e7
0.8934399999999744	240806.781619945	1.2111524229241889e7	1.084658057802299e7
0.8940799999999743	242236.25407739065	1.2088306053785905e7	1.0833570340600476e7
0.8947199999999743	243757.7158952296	1.206330866439751e7	1.0818946340538885e7
0.8953599999999743	245498.1150234421	1.2034328680355318e7	1.0800745449998688e7
0.8959999999999743	247344.22375926317	1.2003109905155677e7	1.0780510274290146e7
0.8966399999999742	249299.79228779656	1.1969711504910303e7	1.0758289750293339e7
0.8972799999999742	251431.00620044122	1.193293038280547e7	1.0733006766840301e7
0.8979199999999742	253642.90051029366	1.1894421317765543e7	1.0706130656931827e7
0.8985599999999742	255665.53380183692	1.1858907445315344e7	1.0681874585811114e7
0.8991999999999741	257531.09410465852	1.1825880481087752e7	1.0659790862879556e7
0.8998399999999741	259234.51267045754	1.179553134763962e7	1.064005585664881e7
0.9004799999999741	260779.9662658058	1.176787232632411e7	1.062268649465081e7
0.901119999999974	262264.25645775645	1.1741153223001562e7	1.0606120681989413e7
0.901759999999974	263706.74695382424	1.1715022891002212e7	1.05900455930106e7
0.902399999999974	265155.9095661566	1.1688590742852105e7	1.05736635031231e7
0.903039999999974	266655.20034591807	1.1661044523474988e7	1.0556244534704097e7
0.903679999999974	268153.8636850166	1.1633453562168583e7	1.053874789521035e7
0.9043199999999739	269668.27675658185	1.1605515157141546e7	1.0520901327626018e7
0.9049599999999739	271226.2114867965	1.1576655334402552e7	1.0502187350560345e7
0.9055999999999739	272845.69376061414	1.1546507802125214e7	1.0482274099095302e7
0.9062399999999738	274548.5006895933	1.1514619185930332e7	1.0460750158481866e7
0.9068799999999738	276361.1839140621	1.1480442516779225e7	1.0437118463062529e7
0.9075199999999738	278292.01141936367	1.1443760249464914e7	1.041117774681017e7
0.9081599999999738	280261.52806191763	1.1405883882964171e7	1.0384106725889655e7
0.9087999999999737	282312.5184605808	1.1365910887004228e7	1.0355086715792757e7
0.9094399999999737	284503.32030115544	1.1322593887803027e7	1.0322984406009769e7
0.9100799999999737	286639.2576256027	1.1280115031381749e7	1.0291581689805306e7
0.9107199999999737	288734.9583842171	1.1238162199384773e7	1.0260597335307956e7
0.9113599999999736	290784.3299739887	1.119686101081315e7	1.023014637382328e7
0.9119999999999736	292548.086974712	1.1161040592788346e7	1.0204613252276458e7
0.9126399999999736	294100.1983889457	1.1129280045815285e7	1.0182718734343834e7
0.9132799999999736	295547.0564740483	1.1099401937714767e7	1.0162491642413286e7
0.9139199999999735	296967.29910061375	1.1069790699330037e7	1.0142466061038002e7
0.9145599999999735	298411.7606701764	1.1039391688385412e7	1.0121682363361139e7
0.9151999999999735	299905.7493496059	1.100761790456122e7	1.0099603913798992e7
0.9158399999999735	301475.1550338499	1.097389476777041e7	1.0075703933162216e7
0.9164799999999734	303123.4105382303	1.093828584835169e7	1.0050037081545228e7
0.9171199999999734	304774.37974713574	1.0902521653759342e7	1.0024180359688928e7
0.9177599999999734	306421.43796528043	1.0866735589191906e7	9.998255353394747e6
0.9183999999999733	308103.85421638004	1.083001197254414e7	9.971424270088315e6
0.9190399999999733	309842.0865065296	1.079183957994575e7	9.94321706287663e6
0.9196799999999733	311611.61564313486	1.0752649044333352e7	9.914024918060675e6
0.9203199999999733	313177.2645593911	1.0717566225331532e7	9.88854451293693e6
0.9209599999999732	314623.0472443391	1.0684803090465691e7	9.865144059849199e6
0.9215999999999732	316010.9569799879	1.0652992733033739e7	9.842573361790847e6
0.9222399999999732	317393.4284418679	1.0620945640138384e7	9.819741420156585e6
0.9228799999999732	318766.8559067889	1.0588719729093987e7	9.796700963513516e6
0.9235199999999731	320134.3900714689	1.0556210773960905e7	9.773355652120765e6
0.9241599999999731	321548.9180244521	1.0522184548868272e7	9.748568342624804e6
0.9247999999999731	323048.4054723642	1.048570188897231e7	9.72147034701284e6
0.9254399999999731	324656.5690937052	1.0446149423608257e7	9.691490916375378e6
0.926079999999973	326335.43387350545	1.040443219712376e7	9.65945928438403e6
0.926719999999973	328126.8962577337	1.0359468198335249e7	9.624371507718738e6
0.927359999999973	330059.0381983976	1.0310468728712868e7	9.585491768793628e6
0.927999999999973	332165.0905855093	1.0256505359374952e7	9.541952860021845e6
0.9286399999999729	334431.1301125897	1.0197812081956822e7	9.49396121723295e6
0.9292799999999729	336859.1823383799	1.0134296228155695e7	9.44142148027523e6
0.9299199999999729	339441.5275281185	1.0066148747393737e7	9.38450110542529e6
0.9305599999999729	342297.9813796733	9.990075021063942e6	9.320133383428006e6
0.9311999999999728	345539.4597042856	9.902900737350363e6	9.245354281448053e6
0.9315199999999728	347374.418414945	9.853228681636563e6	9.202267781690888e6
0.9318399999999728	349362.5654591438	9.799181593240205e6	9.15508192830639e6
0.9321599999999728	351563.6269932548	9.7390957256933e6	9.102245548117233e6
0.9324799999999728	353645.9293674407	9.682049673524179e6	9.052195852718461e6
0.9327999999999728	355636.1749871084	9.627317850327684e6	9.004260841744544e6
0.9331199999999727	357586.38176229247	9.573453016793009e6	8.957095856241902e6
0.9334399999999727	359567.00348495936	9.518471429812407e6	8.908854751195803e6
0.9337599999999727	361645.98551625933	9.460440630761664e6	8.857736473460361e6
0.9340799999999727	363889.80336234724	9.3974640050744e6	8.801970793697296e6
0.9343999999999727	366246.997521344	9.330767675642781e6	8.74269511915777e6
0.9347199999999727	368666.3867191546	9.26181065231824e6	8.681266194659688e6
0.9350399999999727	370951.9363856995	9.196216553242471e6	8.622927363731215e6
0.9353599999999727	373067.8107488099	9.13509567669243e6	8.568718195437595e6
0.9356799999999726	374819.31558378355	9.084190230099645e6	8.524003492877746e6
0.9359999999999726	376397.1471864156	9.037960244054358e6	8.483620205854572e6
0.9363199999999726	377960.7191312059	8.991802346855897e6	8.443272912002152e6
0.9366399999999726	379617.8122589024	8.942535031505864e6	8.399988596494142e6
0.9369599999999726	381403.24321225384	8.889112738980684e6	8.352786732367209e6
0.9372799999999726	383140.24278726656	8.836786668389792e6	8.306573964575769e6
0.9375999999999726	384823.5169796426	8.78576949608982e6	8.261550466993114e6
0.9379199999999726	386506.7246614671	8.73442815773241e6	8.216189195167137e6
0.9382399999999725	388054.4609594029	8.686839353954654e6	8.17430639896304e6
0.9385599999999725	389589.5687863479	8.63930688082387e6	8.132444249172057e6
0.9388799999999725	391184.9407532033	8.589582540474843e6	8.088496479179631e6
0.9391999999999725	392897.9109602108	8.535860689761996e6	8.040768552810623e6
0.9395199999999725	394643.48574563954	8.480985598541614e6	7.9919236275594905e6
0.9398399999999725	396408.3282515894	8.42538025206537e6	7.942357301128512e6
0.9404799999999724	399319.6462376065	8.333432840321199e6	7.861194423009125e6
0.9411199999999724	401630.69630558434	8.2600576446047705e6	7.797353465888698e6
0.9417599999999724	403875.8094690485	8.188108765613902e6	7.734755038247812e6
0.9423999999999724	405720.08117300185	8.128460675415544e6	7.68363081718696e6
0.9430399999999723	407146.37576506956	8.081887527933787e6	7.644734271906044e6
0.9436799999999723	408421.8529387753	8.039813207965636e6	7.610013246850312e6
0.9443199999999723	409667.13867864374	7.998258433826508e6	7.575725670512465e6
0.9449599999999723	410973.4166365679	7.954071775949006e6	7.538899642252239e6
0.9455999999999722	412401.2719549082	7.9050784938558e6	7.497476852984183e6
0.9462399999999722	413958.0042257146	7.8509640598949315e6	7.451150614341947e6
0.9468799999999722	415445.10945258004	7.79875812685523e6	7.4065565393705955e6
0.9475199999999722	416938.4546774955	7.745731788376036e6	7.361116714223333e6
0.9481599999999721	418511.9544870362	7.689145583710553e6	7.312235936371403e6
0.9487999999999721	420219.96420540643	7.626869857847005e6	7.257889383292355e6
0.9494399999999721	421916.68390157307	7.564349537676921e6	7.20322813258984e6
0.9500799999999721	423463.6270383298	7.506876733255103e6	7.1532727509925645e6
0.950719999999972	425012.50359516917	7.448683873887231e6	7.102557348759041e6
0.951359999999972	426657.12456283724	7.386051594761658e6	7.047546647730993e6
0.951999999999972	428415.06062721054	7.318120846624262e6	6.98741496889621e6
0.952639999999972	430337.53826625284	7.242718087223872e6	6.920083744425047e6
0.9532799999999719	432483.6342275668	7.157245946506026e6	6.843065051276188e6
0.9539199999999719	434908.46467901167	7.059161671149688e6	6.753916083395333e6
0.9542399999999719	436249.8303444391	7.004275038787569e6	6.703722205249026e6
0.9545599999999719	437688.3236893743	6.94493978850526e6	6.649250281943844e6
0.9548799999999719	439231.76461461984	6.880764943951323e6	6.5901229668994695e6
0.9551999999999718	440896.0291899223	6.811004342960595e6	6.525623490503489e6
0.9555199999999718	442680.7993912211	6.735597906161228e6	6.455688953251921e6
0.9558399999999718	444387.993923567	6.663066728200063e6	6.388449875294237e6
0.9561599999999718	445988.31881805946	6.594748974794267e6	6.325187307636096e6
0.9564799999999718	447534.5206868131	6.5283688323376505e6	6.263730923094435e6
0.9567999999999718	449120.1555267244	6.459795827312021e6	6.200134638290726e6
0.9571199999999718	450794.1206372399	6.38683945342954e6	6.132301829559238e6
0.9574399999999718	452580.14674560656	6.308358238371562e6	6.059136322791796e6
0.9577599999999717	454511.5112314225	6.222778560611274e6	5.979126960445306e6
0.9580799999999717	456309.2682523506	6.142826383036343e6	5.9044475855844375e6
0.9583999999999717	457750.09503839497	6.079034078390399e6	5.845188664682796e6
0.9587199999999717	459221.82387646934	6.013755736483073e6	5.7844645765705155e6
0.9588799999999718	460075.1505058737	5.975654494004099e6	5.7488538713992955e6
0.9590399999999718	461023.5651893782	5.933104964032283e6	5.708968509935523e6
0.9591999999999719	462110.8438466078	5.884054526671361e6	5.662839224411959e6
0.9593599999999719	463372.79669693025	5.82678880370952e6	5.608819577184378e6
0.959519999999972	464857.3711129928	5.759010264955331e6	5.544702955812445e6
0.959679999999972	466625.269745207	5.677800804567827e6	5.4676862070036335e6
0.959759999999972	467640.391279292	5.630957259262161e6	5.423185388494385e6
0.9598399999999719	468758.1972703339	5.579216094484936e6	5.373980105332654e6
0.9599199999999719	469994.084936067	5.52183062520916e6	5.3193530166748725e6
0.9599999999999719	471366.5886799261	5.4579033488074895e6	5.258441878402247e6
0.9600799999999718	472877.9272309456	5.387289431272276e6	5.191106124030808e6
0.9602399999999719	474979.45488473814	5.288673096246704e6	5.097280637066018e6
0.9608799999999719	476644.377967229	5.209135931728167e6	5.024000862144906e6
0.9615199999999718	477727.9610618078	5.155711146452924e6	4.975702353478943e6
0.9621599999999718	478993.5016179704	5.091968051789643e6	4.917413094811018e6
0.9624799999999718	479752.22249585256	5.053227878482288e6	4.881631071869548e6
0.9627999999999718	480615.06142942974	5.008742839796621e6	4.840296486441234e6
0.9631199999999718	481611.66537769773	4.956881802326394e6	4.791833839675601e6
0.9634399999999718	482775.35022964916	4.895761779253453e6	4.734422995408217e6
0.9637599999999718	484147.7464382212	4.823006324971432e6	4.665766090085265e6
0.9640799999999717	485785.37544395885	4.735379544748832e6	4.582734122187281e6
0.9642399999999718	486727.25506693596	4.684634626584893e6	4.534517458979293e6
0.9643999999999718	487766.0330482248	4.628403494266594e6	4.480996800647103e6
0.9645599999999719	488917.2199601101	4.565794357785339e6	4.421309832020698e6
0.9647199999999719	490196.6391283684	4.495881257050941e6	4.35456070373052e6
0.964879999999972	491626.6129765917	4.417371796893114e6	4.279499626033856e6
0.965039999999972	493231.06800696364	4.328861325290564e6	4.194767691495822e6
0.9651999999999721	495042.0791268507	4.228479178153437e6	4.0985555671072076e6
0.9653599999999721	497096.5729048588	4.1140554588531796e6	3.988764003043829e6
0.9654399999999721	498229.9377810972	4.0507091396284644e6	3.92793545841252e6
0.9655199999999721	499442.50709395483	3.982772436399035e6	3.8626672204364985e6
0.965599999999972	500742.732325609	3.9097493497299217e6	3.792479522091118e6
0.9657599999999721	503029.84821967996	3.780870113568539e6	3.6686368628829024e6
0.9659199999999721	504699.14199888747	3.686354667701341e6	3.577923847385313e6
0.9660799999999722	506253.7700911156	3.5978752099330574e6	3.493007410693533e6
0.9662399999999722	507876.14117467677	3.505070076655388e6	3.4038848093934758e6
0.9663999999999723	509635.2783203025	3.4039355219141506e6	3.306687033729317e6
0.9665599999999723	511569.0014935244	3.2922113162223212e6	3.1992266372177135e6
0.9667199999999724	513704.26636344765	3.1682351609016005e6	3.0798923727312973e6
0.9668799999999724	516079.7654707355	3.0296180230405144e6	2.946369635949734e6
0.9669599999999724	517366.8324658103	2.9542321569035295e6	2.87371812658404e6
0.9671199999999724	519990.6511264865	2.7998925416575633e6	2.724929367496839e6
0.9672799999999725	521596.74161346	2.70417102506862e6	2.632757194513907e6
0.9675999999999725	523711.71402850334	2.576429937361149e6	2.5099218669251148e6
0.9679199999999725	524407.9418671081	2.5328423657408766e6	2.468411789422951e6
0.9682399999999725	525135.163979116	2.486724709451368e6	2.4244246254871152e6
0.9685599999999724	525978.7188402882	2.4327503170029316e6	2.3728014179566456e6
0.9688799999999724	526981.2021901283	2.3680743015863914e6	2.3107794843331287e6
0.9691999999999724	528198.1360808586	2.2889190213144664e6	2.2346888180492227e6
0.9693599999999725	528908.3986153655	2.2424434038134106e6	2.1899406912540956e6
0.9695199999999725	529702.4718862809	2.1902717067760266e6	2.1396575564965415e6
0.9696799999999726	530594.1906571508	2.1314443501227554e6	2.0829065732877143e6
0.9698399999999726	531602.37079948	2.0646628433950767e6	2.0184257395415516e6
0.9699999999999727	532751.1366339315	1.9882581277159117e6	1.9445929179834125e6
0.9701599999999727	534068.6716442996	1.9002697687682137e6	1.8595023280299988e6
0.9703199999999728	535593.8520555521	1.7979963380083349e6	1.7605282322252218e6
0.9704799999999728	537374.7896996451	1.6780814879387878e6	1.6444078262067372e6
0.9705599999999728	538379.2952627174	1.6102398015774824e6	1.5786842282715465e6
0.9711999999999728	540306.4721856306	1.4791822549881618e6	1.4521426324434232e6
0.9718399999999727	541268.5151592977	1.4118775012210272e6	1.3873611521735052e6
0.9721599999999727	541856.0995969333	1.370131830400616e6	1.347072634055019e6
0.9724799999999727	542535.2085537863	1.321365791757159e6	1.2999323741073809e6
0.9727999999999727	543326.7686720272	1.263906875660129e6	1.2443070967500329e6
0.9731199999999727	544258.1867794222	1.1955515391403697e6	1.1780447738288897e6
0.9734399999999727	545365.9035497343	1.1133513656295687e6	1.0982656717567127e6
0.9737599999999726	546699.293619171	1.0132869149648454e6	1.0010436557807222e6
0.9739199999999727	547470.986583312	954888.3988168482	944262.9527057864
0.9740799999999727	548326.6297256765	889765.3129192628	880915.2222508757
0.9742399999999728	549279.2584162462	816841.8254645579	809949.4137373861
0.9743999999999728	550344.5758138569	734817.8281584773	730095.3128984501
0.9745599999999729	551541.6408125003	642110.3724203501	639806.303888244
0.995039999999973	552690.0	552690.0	552690.0
