lambda	f0	f1	fla
0.0	21891.063629347398	2.1745701952556297e7	21891.063629347398
0.00064	21906.677523135844	2.1745418403785076e7	35809.72502794349
0.00128	21915.55938623996	2.17452489984217e7	49721.426188205354
0.0019200000000000003	21921.475468969344	2.174514195592784e7	63630.058791450385
0.00256	21925.84416877646	2.1745066038814593e7	77537.08306706976
0.0032	21929.426930849484	2.174500741660575e7	91443.27649780916
0.00384	21932.23178237901	2.1744962374569356e7	105348.667530681
0.0044800000000000005	21934.73950251134	2.174492458227658e7	119253.73399813919
0.00512	21936.873126219107	2.1744893591360927e7	133158.4115235808
0.00576	21938.82653773785	2.1744866608098984e7	147062.89055953064
0.0064	21940.603683842233	2.174484330361629e7	160967.1809634099
0.00704	21942.274412375995	2.174482216677081e7	174871.34885457935
0.00768	21943.858396806987	2.174480312329548e7	188775.4175512288
0.008320000000000001	21945.379932883516	2.174478522603668e7	202679.40745246713
0.008960000000000001	21946.83455359548	2.174476861970051e7	216583.31774851185
0.009600000000000001	21948.26870026359	2.174475267786833e7	230487.19102827704
0.01024	21949.653426511435	2.1744737577295348e7	244391.00176692836
0.01088	21951.019225232318	2.1744722892843347e7	258294.7772101974
0.01152	21952.369866116624	2.174470860869454e7	272198.52173742006
0.01216	21953.705049557793	2.1744694644612987e7	286102.2348746491
0.0128	21955.030475434913	2.1744680903019108e7	300005.92164399393
0.01344	21956.349129284412	2.1744667360569466e7	313909.5851230404
0.01408	21957.659434911013	2.174465401362923e7	327813.22410196706
0.01472	21958.96676894768	2.174464078962121e7	341716.843201333
0.01536	21960.268744726633	2.174462766711907e7	355620.4399837566
0.016	21961.57073640237	2.1744614602845352e7	369524.01925014553
0.016640000000000002	21962.86888770284	2.1744601618695796e7	383427.57768450957
0.017280000000000004	21964.16924596128	2.1744588658874694e7	397331.1204267459
0.017920000000000005	21965.46662369511	2.174457575561957e7	411234.6430025013
0.018560000000000007	21966.761976855483	2.174456289678969e7	425138.14623898186
0.01920000000000001	21968.05789435984	2.1744550048591245e7	439041.6321157402
0.01984000000000001	21969.354512197464	2.174453720208779e7	452945.10060809745
0.020480000000000012	21970.65170497961	2.17445243650575e7	466848.5517544395
0.021120000000000014	21971.951063623368	2.1744511504862648e7	480751.986439859
0.021760000000000015	21973.251350602342	2.1744498637032453e7	494655.40374303976
0.022400000000000017	21974.554175787976	2.174448575261132e7	508558.8050207443
0.02304000000000002	21975.85724965997	2.1744472871337157e7	522462.18845423625
0.02368000000000002	21977.158358994075	2.1744460066565644e7	536365.553625328
0.024320000000000022	21978.462817964126	2.1744447216486827e7	550268.9029071913
0.024960000000000024	21979.7703072728	2.1744434325504698e7	564172.236005001
0.025600000000000026	21981.081589212492	2.174442139256209e7	578075.5535501187
0.026240000000000027	21982.39626578554	2.17444084246352e7	591978.8552501997
0.02688000000000003	21983.71262302165	2.174439543144207e7	605882.1396248783
0.02752000000000003	21985.032379527853	2.174438239839498e7	619785.4078922737
0.028160000000000032	21986.354959325898	2.1744369334260736e7	633688.6596564543
0.028800000000000034	21987.67954687011	2.1744356252193045e7	647591.8944390806
0.029440000000000036	21989.006318814558	2.174434314021204e7	661495.1120206319
0.030080000000000037	21990.336700860054	2.1744330000801172e7	675398.3137969982
0.03072000000000004	21991.668864548286	2.1744316834485818e7	689301.4979524346
0.03136000000000004	21993.00296848749	2.174430364921192e7	703204.6648346824
0.03200000000000004	21994.34055412619	2.174429042884361e7	717107.8153793906
0.032640000000000044	21995.679962462364	2.1744277186868113e7	731010.9483478637
0.033280000000000046	21997.02123709265	2.174426392811838e7	744914.063898103
0.03392000000000005	21998.36590020031	2.174425063381947e7	758817.1628280228
0.03456000000000005	21999.71184412588	2.174423731898213e7	772720.2435468164
0.03520000000000005	22001.060722322316	2.1744223990940437e7	786623.307866001
0.03584000000000005	22002.411218609213	2.174421062824377e7	800526.3537167922
0.036480000000000054	22003.76396745452	2.174419726214098e7	814429.382780826
0.037120000000000056	22005.11860577941	2.1744183859495886e7	828332.3934676213
0.03776000000000006	22006.476802508318	2.1744170425525695e7	842235.3875062971
0.03840000000000006	22007.83631859358	2.1744156988335546e7	856138.3637560459
0.03904000000000006	22009.19806755232	2.1744143516216986e7	870041.3218481075
0.03968000000000006	22010.563157233773	2.1744130012697414e7	883944.2629149894
0.040320000000000064	22011.928945926178	2.1744116508563574e7	897847.1855961112
0.040960000000000066	22013.298491826983	2.1744102959317587e7	911750.0909992515
0.04160000000000007	22014.66858361229	2.1744089404822946e7	925652.97761117
0.04224000000000007	22016.042812837175	2.174407581617325e7	939555.8476395826
0.04288000000000007	22017.418350122593	2.174406220608437e7	953458.6988481687
0.04352000000000007	22018.796458952565	2.174404857704398e7	967361.5325100145
0.044160000000000074	22020.176235343584	2.174403493020882e7	981264.3477708139
0.044800000000000076	22021.55899794202	2.1744021252440166e7	995167.1452641553
0.04544000000000008	22022.943022531887	2.174400756519149e7	1.009069924253891e6
0.04608000000000008	22024.32961306317	2.1743993839987285e7	1.022972684651109e6
0.04672000000000008	22025.719159517957	2.1743980095344335e7	1.0368754276148744e6
0.04736000000000008	22027.11093996064	2.1743966326975442e7	1.050778152211403e6
0.048000000000000084	22028.505406298867	2.1743952537433807e7	1.0646808589436212e6
0.048640000000000086	22029.90137579241	2.1743938722899295e7	1.0785835464546976e6
0.04928000000000009	22031.299606941506	2.1743924890584704e7	1.0924862157703275e6
0.04992000000000009	22032.70066560101	2.174391103568879e7	1.1063888671499605e6
0.05056000000000009	22034.103862462198	2.1743897159598794e7	1.120291499960493e6
0.05120000000000009	22035.508680547497	2.1743883254918385e7	1.1341941132879267e6
0.051840000000000094	22036.916549955822	2.1743869329411764e7	1.148096708832714e6
0.052480000000000096	22038.327595341718	2.17438553744621e7	1.1619992862149114e6
0.0531200000000001	22039.74037632558	2.1743841389264632e7	1.1759018439652745e6
0.0537600000000001	22041.154741690054	2.1743827391976252e7	1.189804382855422e6
0.0544000000000001	22042.572237714576	2.174381337048822e7	1.2037069036625442e6
0.0550400000000001	22043.99202080688	2.1743799321237642e7	1.217609405340904e6
0.055680000000000104	22045.414498696726	2.1743785244693067e7	1.2315118882439216e6
0.056320000000000106	22046.83789394449	2.174377116142465e7	1.245414351795196e6
0.05696000000000011	22048.26509441735	2.1743757050030515e7	1.2593167974843797e6
0.05760000000000011	22049.694620644914	2.1743742907742385e7	1.2732192236964596e6
0.05824000000000011	22051.125643819138	2.174372874015749e7	1.2871216299130977e6
0.05888000000000011	22052.55963956146	2.1743714557836067e7	1.301024018093374e6
0.059520000000000114	22053.99619998426	2.1743700340271667e7	1.3149263865991333e6
0.060160000000000116	22055.43454750142	2.1743686107190937e7	1.328828735813733e6
0.06080000000000012	22056.87620731805	2.174367184648546e7	1.3427310664002316e6
0.06144000000000012	22058.319333692714	2.1743657574952632e7	1.356633377598923e6
0.06208000000000012	22059.765093364636	2.1743643268619932e7	1.3705356689922966e6
0.06272000000000012	22061.21433979193	2.174362891792422e7	1.38443794070861e6
0.06336000000000012	22062.66477926115	2.174361456458493e7	1.398340193150951e6
0.06400000000000013	22064.11868282007	2.174360018423427e7	1.4122424268781154e6
0.06464000000000013	22065.575048206145	2.1743585766417533e7	1.4261446402183224e6
0.06528000000000013	22067.032619963753	2.1743571345075533e7	1.440046834137066e6
0.06592000000000013	22068.494407513237	2.1743556882285777e7	1.4539490089364513e6
0.06656000000000013	22069.95748963758	2.174354240137245e7	1.4678511633544804e6
0.06720000000000013	22071.42370013423	2.1743527890274294e7	1.4817532982539206e6
0.06784000000000014	22072.891378011973	2.174351337194071e7	1.4956554135793883e6
0.06848000000000014	22074.36267940881	2.1743498805079363e7	1.5095575084949606e6
0.06912000000000014	22075.835756820157	2.1743484237162016e7	1.5234595844619505e6
0.06976000000000014	22077.31192531519	2.1743469620469768e7	1.5373616393693793e6
0.07040000000000014	22078.790641289088	2.1743454982321497e7	1.5512636745355788e6
0.07104000000000014	22080.270108931163	2.1743440350625236e7	1.5651656902288124e6
0.07168000000000015	22081.75221886778	2.1743425683787495e7	1.57906768523371e6
0.07232000000000015	22083.236070421233	2.174341100252382e7	1.5929696601403344e6
0.07296000000000015	22084.724631338326	2.174339627480258e7	1.6068716153318353e6
0.07360000000000015	22086.214000983375	2.174338154619624e7	1.6207735504505576e6
0.07424000000000015	22087.706821243635	2.1743366768292923e7	1.6346754643449045e6
0.07488000000000015	22089.200048721723	2.1743351981975507e7	1.6485773571594027e6
0.07552000000000016	22090.69749433735	2.1743337172023233e7	1.662479231250763e6
0.07616000000000016	22092.19809179933	2.1743322322780862e7	1.6763810843881217e6
0.07680000000000016	22093.699852669608	2.1743307451096527e7	1.6902829159482014e6
0.07744000000000016	22095.205757082498	2.174329254290757e7	1.7041847275460197e6
0.07808000000000016	22096.712193154228	2.1743277641838826e7	1.7180865191798918e6
0.07872000000000016	22098.22287321002	2.174326268123554e7	1.7319882890354963e6
0.07936000000000017	22099.73634629731	2.1743247701493226e7	1.7458900388603613e6
0.08000000000000017	22101.251945625867	2.17432326908754e7	1.7597917670600114e6
0.08064000000000017	22102.770526986093	2.1743217661536273e7	1.7736934753379787e6
0.08128000000000017	22104.29005146955	2.1743202615679663e7	1.7875951619585326e6
0.08192000000000017	22105.81492797375	2.174318751763462e7	1.8014968280137058e6
0.08256000000000017	22107.34012056651	2.174317241059626e7	1.8153984723390436e6
0.08320000000000018	22108.86968415947	2.174315726103622e7	1.8293000958446548e6
0.08384000000000018	22110.40201085331	2.1743142099158302e7	1.8432016994996993e6
0.08448000000000018	22111.93532933075	2.1743126912072327e7	1.8571032805645831e6
0.08512000000000018	22113.47313518787	2.1743111687586267e7	1.8710048411492677e6
0.08576000000000018	22115.012357498905	2.1743096435894094e7	1.8849063792400013e6
0.08640000000000018	22116.554468077295	2.1743081147562772e7	1.898807895311463e6
0.08704000000000019	22118.100357121923	2.1743065862547953e7	1.912709393578216e6
0.08768000000000019	22119.647105622098	2.1743050529743522e7	1.926610866895317e6
0.08832000000000019	22121.198783401207	2.1743035162906915e7	1.940512320094794e6
0.08896000000000019	22122.75159142848	2.1743019776744187e7	1.9544137509490221e6
0.0896000000000002	22124.30730106023	2.1743004369531926e7	1.96831516087695e6
0.0902400000000002	22125.86640911511	2.174298892078906e7	1.9822165484363656e6
0.0908800000000002	22127.428864959922	2.174297343703101e7	1.9961179140870948e6
0.0915200000000002	22128.99226257833	2.174295794572543e7	2.0100192580835028e6
0.0921600000000002	22130.557353993696	2.174294243520025e7	2.0239205800163092e6
0.0928000000000002	22132.128612004944	2.174292686901702e7	2.0378218805215945e6
0.0934400000000002	22133.700749198422	2.1742911281757914e7	2.0517231579186572e6
0.0940800000000002	22135.27703110051	2.174289567779165e7	2.0656244155346577e6
0.0947200000000002	22136.856014780184	2.1742880028654125e7	2.0795256493271834e6
0.09536000000000021	22138.43631922934	2.1742864351148456e7	2.093426859557349e6
0.09600000000000021	22140.021354725857	2.1742848659283135e7	2.1073280505958577e6
0.09664000000000021	22141.606441244116	2.1742832946030572e7	2.121229217499161e6
0.09728000000000021	22143.194740401683	2.1742817192488648e7	2.1351303612413555e6
0.09792000000000022	22144.78793213651	2.1742801407809187e7	2.149031484150502e6
0.09856000000000022	22146.383057444476	2.1742785583640464e7	2.1629325826669117e6
0.09920000000000022	22147.98093696424	2.1742769756937176e7	2.17683366111619e6
0.09984000000000022	22149.582790711782	2.1742753874430276e7	2.1907347152680107e6
0.10048000000000022	22151.185301993904	2.1742737978623472e7	2.204635746294941e6
0.10112000000000022	22152.793567538094	2.17427220405927e7	2.2185367558267275e6
0.10176000000000023	22154.402221196517	2.1742706093602274e7	2.23243774233614e6
0.10240000000000023	22156.01457470657	2.1742690109366346e7	2.2463387058813754e6
0.10304000000000023	22157.629741230136	2.1742674092524126e7	2.260239646066385e6
0.10368000000000023	22159.248143507528	2.174265804555819e7	2.2741405634594667e6
0.10432000000000023	22160.867620784025	2.174264198905478e7	2.2880414582087835e6
0.10496000000000023	22162.49186979928	2.1742625882782023e7	2.301942329379951e6
0.10560000000000024	22164.119887160836	2.174260972508563e7	2.3158431757961246e6
0.10624000000000024	22165.749122369947	2.1742593576818906e7	2.329744001536855e6
0.10688000000000024	22167.382111752013	2.174257738726212e7	2.3436448034622283e6
0.10752000000000024	22169.017424415782	2.1742561164077513e7	2.357545581032562e6
0.10816000000000024	22170.65601066939	2.1742544920018394e7	2.37144633640575e6
0.10880000000000024	22172.29968812304	2.1742528625428133e7	2.385347067928641e6
0.10944000000000025	22173.942527902538	2.1742512327118017e7	2.3992477753374497e6
0.11008000000000025	22175.589408866304	2.1742495984589197e7	2.4131484585103225e6
0.11072000000000025	22177.241515444803	2.1742479597992748e7	2.427049118424617e6
0.11136000000000025	22178.89360358782	2.1742463208662473e7	2.4409497549285507e6
0.11200000000000025	22180.550912961895	2.174244676286624e7	2.454850366651735e6
0.11264000000000025	22182.21124636787	2.174243029140416e7	2.468750954995347e6
0.11328000000000026	22183.874174805216	2.1742413808733728e7	2.482651521161645e6
0.11392000000000026	22185.540369854443	2.174239727744743e7	2.4965520614577373e6
0.11456000000000026	22187.208538466344	2.174238071819176e7	2.5104525770043535e6
0.11520000000000026	22188.87929814783	2.1742364148204204e7	2.524353070276131e6
0.11584000000000026	22190.554051103107	2.1742347532812428e7	2.5382535384708205e6
0.11648000000000026	22192.233163219673	2.1742330886949755e7	2.552153983556281e6
0.11712000000000027	22193.912672835788	2.174231421079437e7	2.5660544019888355e6
0.11776000000000027	22195.597058735984	2.1742297490237482e7	2.579954795999471e6
0.11840000000000027	22197.284412764795	2.1742280754026156e7	2.593855167214996e6
0.11904000000000027	22198.97549117413	2.1742263977317046e7	2.6077555133085316e6
0.11968000000000027	22200.669501004224	2.174224717486285e7	2.621655835262716e6
0.12032000000000027	22202.364653339046	2.174223033726917e7	2.635556130318482e6
0.12096000000000028	22204.06314362782	2.1742213489873655e7	2.649456403400898e6
0.12160000000000028	22205.766515084946	2.17421965766797e7	2.6633566490311082e6
0.12224000000000028	22207.472879755765	2.1742179655266717e7	2.6772568724547443e6
0.12288000000000028	22209.18318969051	2.1742162677124936e7	2.69115706852446e6
0.12352000000000028	22210.894076019802	2.174214569606073e7	2.705057240817177e6
0.12416000000000028	22212.60775791035	2.174212869914647e7	2.71895738966472e6
0.12480000000000029	22214.32647191204	2.1742111630121235e7	2.7328575099673537e6
0.12544000000000027	22216.0486808305	2.1742094540244766e7	2.7467576066626166e6
0.12608000000000028	22217.773848614022	2.1742077414287098e7	2.760657677315104e6
0.12672000000000028	22219.50210283672	2.1742060260007493e7	2.774557722944521e6
0.12736000000000028	22221.23360967095	2.1742043079833467e7	2.7884577439447395e6
0.12800000000000028	22222.96661030456	2.174202585904134e7	2.802357736841483e6
0.12864000000000028	22224.705636529645	2.1742008611413363e7	2.8162577072756677e6
0.12928000000000028	22226.44556784963	2.174199133423767e7	2.83015765037509e6
0.12992000000000029	22228.18995508134	2.174197402304163e7	2.844057568589692e6
0.1305600000000003	22229.937517579026	2.174195666044291e7	2.8579574584627165e6
0.1312000000000003	22231.687728020435	2.174193928894742e7	2.8718573250080114e6
0.1318400000000003	22233.443177648383	2.1741921854647405e7	2.8857571633458277e6
0.1324800000000003	22235.200531645358	2.1741904405903343e7	2.8996569768592943e6
0.1331200000000003	22236.96069896105	2.1741886933560275e7	2.9135567650862653e6
0.1337600000000003	22238.724446015905	2.1741869436844066e7	2.927456528536386e6
0.1344000000000003	22240.491972871223	2.17418518838094e7	2.9413562630357067e6
0.1350400000000003	22242.26158714631	2.174183431313658e7	2.955255972228389e6
0.1356800000000003	22244.03475534789	2.1741816696358126e7	2.969155653481619e6
0.1363200000000003	22245.813315166302	2.174179905108896e7	2.983055310688496e6
0.1369600000000003	22247.594875374474	2.1741781358611997e7	2.9969549391567493e6
0.1376000000000003	22249.37790884339	2.1741763653943207e7	3.0108545422911784e6
0.1382400000000003	22251.165391754086	2.1741745896502856e7	3.0247541170205595e6
0.1388800000000003	22252.956446024604	2.1741728143857185e7	3.0386536704736934e6
0.1395200000000003	22254.74904046963	2.174171033068519e7	3.052553191791548e6
0.1401600000000003	22256.546741447524	2.1741692477470547e7	3.066452686792445e6
0.1408000000000003	22258.347646932823	2.174167459524773e7	3.0803521553091323e6
0.14144000000000032	22260.15439226594	2.17416566476437e7	3.0942515943977553e6
0.14208000000000032	22261.961128548843	2.1741638695808817e7	3.1081510075919284e6
0.14272000000000032	22263.77106895461	2.174162073041841e7	3.122050396307316e6
0.14336000000000032	22265.583861268457	2.174160273566672e7	3.1359497579441047e6
0.14400000000000032	22267.40435637856	2.1741584637931976e7	3.149849085991272e6
0.14464000000000032	22269.22476901078	2.1741566551318053e7	3.1637483900810713e6
0.14528000000000033	22271.050191451784	2.1741548430638812e7	3.1776476680228515e6
0.14592000000000033	22272.876951548824	2.174153029181692e7	3.1915469189287107e6
0.14656000000000033	22274.709943320533	2.174151209300221e7	3.205446140804439e6
0.14720000000000033	22276.54620116797	2.1741493853062812e7	3.219345333771209e6
0.14784000000000033	22278.385740348764	2.174147559946848e7	3.2332445018179226e6
0.14848000000000033	22280.22623129334	2.1741457303588428e7	3.247143638677288e6
0.14912000000000034	22282.0733695889	2.174143895104369e7	3.2610427469683583e6
0.14976000000000034	22283.921803927307	2.174142058906599e7	3.2749418290931014e6
0.15040000000000034	22285.774624535203	2.1741402198533237e7	3.2888408847804116e6
0.15104000000000034	22287.632319329947	2.174138373473928e7	3.302739907628847e6
0.15168000000000034	22289.493994803528	2.1741365242365565e7	3.316638903507688e6
0.15232000000000034	22291.35544796143	2.1741346752010155e7	3.330537873452322e6
0.15296000000000035	22293.221755761948	2.1741328231816623e7	3.344436816894679e6
0.15360000000000035	22295.09607552843	2.174130960644326e7	3.3583357248680196e6
0.15424000000000035	22296.969793593238	2.174129097837456e7	3.372234605677129e6
0.15488000000000035	22298.847043675905	2.1741272349883433e7	3.3861334631635053e6
0.15552000000000035	22300.731113144568	2.1741253632384244e7	3.400032286318834e6
0.15616000000000035	22302.614995704433	2.1741234909809288e7	3.413931082153801e6
0.15680000000000036	22304.503383775493	2.174121613843297e7	3.4278298477594964e6
0.15744000000000036	22306.396592108802	2.1741197355224203e7	3.4417285891191536e6
0.15808000000000036	22308.29324359776	2.1741178515896324e7	3.4556272980405483e6
0.15872000000000036	22310.194749898084	2.174115962708026e7	3.469525976649381e6
0.15936000000000036	22312.098197528492	2.174114071263477e7	3.483424626194255e6
0.16000000000000036	22314.009028425648	2.174112172580503e7	3.4973232437126897e6
0.16064000000000037	22315.914960817165	2.1741102783122372e7	3.511221837462297e6
0.16128000000000037	22317.83221316965	2.1741083745819822e7	3.5251203987596584e6
0.16192000000000037	22319.752161271364	2.174106466743833e7	3.5390189288429404e6
0.16256000000000037	22321.673759501246	2.1741045579225354e7	3.552917431832038e6
0.16320000000000037	22323.601146867404	2.174102642212983e7	3.566815901531295e6
0.16384000000000037	22325.531096235092	2.1741007241768386e7	3.580714342572768e6
0.16448000000000038	22327.462701035558	2.174098805776012e7	3.5946127573763616e6
0.16512000000000038	22329.402049875294	2.1740968788827404e7	3.608511137594589e6
0.16576000000000038	22331.34472972635	2.174094949200941e7	3.6224094888228145e6
0.16640000000000038	22333.290355822886	2.1740930157329347e7	3.6363078090202254e6
0.16704000000000038	22335.23953290878	2.174091080553903e7	3.65020610207858e6
0.16768000000000038	22337.19220301562	2.174089139197891e7	3.6641043604214457e6
0.16832000000000039	22339.147392988725	2.174087195774532e7	3.678002590031502e6
0.1689600000000004	22341.109970771795	2.1740852460612386e7	3.6919007877751873e6
0.1696000000000004	22343.07640933776	2.174083294482672e7	3.705798958092934e6
0.1702400000000004	22345.043025928484	2.1740813369661655e7	3.7196970909524034e6
0.1708800000000004	22347.015995496662	2.174079379021232e7	3.7335952007736755e6
0.1715200000000004	22348.992429555794	2.1740774137896426e7	3.7474932733800416e6
0.1721600000000004	22350.97309190429	2.1740754471091606e7	3.7613913193075415e6
0.1728000000000004	22352.956988734386	2.1740734760761295e7	3.775289332680641e6
0.1734400000000004	22354.946705468516	2.1740714976614546e7	3.7891873102929075e6
0.1740800000000004	22356.938695523608	2.1740695198615067e7	3.803085262982326e6
0.1747200000000004	22358.93414441935	2.174067536473559e7	3.816983180897317e6
0.1753600000000004	22360.935201753662	2.1740655500397533e7	3.8308810701544946e6
0.1760000000000004	22362.93949793288	2.1740635577400293e7	3.8447789237687574e6
0.1766400000000004	22364.94667421872	2.174061563230598e7	3.8586767477842215e6
0.1772800000000004	22366.959781370177	2.1740595624785475e7	3.872574537513307e6
0.1779200000000004	22368.97757020699	2.174057557424068e7	3.8864722952498267e6
0.1785600000000004	22370.996817238	2.1740555496692464e7	3.9003700211149673e6
0.17920000000000041	22373.019447206265	2.1740535410372596e7	3.9142677199010453e6
0.17984000000000042	22375.05032505714	2.174051522892957e7	3.928165380045302e6
0.18048000000000042	22377.082438405985	2.1740495029940654e7	3.942063009603621e6
0.18112000000000042	22379.119073994094	2.1740474785504036e7	3.955960606177812e6
0.18176000000000042	22381.16073103167	2.1740454509954523e7	3.9698581726859026e6
0.18240000000000042	22383.204145806292	2.1740434201049197e7	3.983755705980994e6
0.18304000000000042	22385.25286719191	2.1740413840425834e7	3.9976532055339348e6
0.18368000000000043	22387.30349254364	2.1740393467506748e7	4.011550675698682e6
0.18432000000000043	22389.361450042226	2.174037299737915e7	4.0254481052245046e6
0.18496000000000043	22391.424067422522	2.1740352502519406e7	4.039345505137911e6
0.18560000000000043	22393.490933479003	2.1740331974588554e7	4.0532428734998703e6
0.18624000000000043	22395.56153074234	2.1740311388048597e7	4.0671402050614366e6
0.18688000000000043	22397.633733145725	2.174029080974958e7	4.0810375104671065e6
0.18752000000000044	22399.713001199052	2.1740270149861336e7	4.0949347773212213e6
0.18816000000000044	22401.797266130052	2.1740249430993564e7	4.1088320080282935e6
0.18880000000000044	22403.882579253277	2.174022871551513e7	4.122729211037556e6
0.18944000000000044	22405.9742221623	2.174020793073387e7	4.13662637686375e6
0.19008000000000044	22408.07120939596	2.174018709180123e7	4.150523507443501e6
0.19072000000000044	22410.17123428109	2.174016620606999e7	4.1644206021981575e6
0.19136000000000045	22412.27389157059	2.1740145306126922e7	4.1783176669401373e6
0.19200000000000045	22414.382086170055	2.174012436063508e7	4.1922146979675703e6
0.19264000000000045	22416.49469438509	2.1740103347538643e7	4.206111690026312e6
0.19328000000000045	22418.611364913766	2.174008234911724e7	4.220008658597694e6
0.19392000000000045	22420.732488362002	2.174006126082556e7	4.233905583743522e6
0.19456000000000045	22422.858876826314	2.17400401366043e7	4.247802476431494e6
0.19520000000000046	22424.98957919803	2.174001896672927e7	4.261699333918901e6
0.19584000000000046	22427.125033268752	2.1739997736065146e7	4.275596153497761e6
0.19648000000000046	22429.26209436078	2.1739976509439353e7	4.289492945252715e6
0.19712000000000046	22431.408110254564	2.1739955170682274e7	4.303389692188461e6
0.19776000000000046	22433.55352905127	2.1739933857851703e7	4.317286413711909e6
0.19840000000000046	22435.70369939974	2.1739912500423804e7	4.331183100169531e6
0.19904000000000047	22437.863649047067	2.173989106072989e7	4.345079747996028e6
0.19968000000000047	22440.02471493371	2.1739869566238508e7	4.358976355566371e6
0.20032000000000047	22442.189408236354	2.1739848040218618e7	4.372872929442583e6
0.20096000000000047	22444.362107206394	2.1739826456131883e7	4.386769467722415e6
0.20160000000000047	22446.53610599425	2.1739804847868454e7	4.400665971757316e6
0.20224000000000047	22448.71489439207	2.1739783203049775e7	4.414562441778948e6
0.20288000000000048	22450.90048654079	2.1739761481667034e7	4.42845887119645e6
0.20352000000000048	22453.086380167817	2.17397397516334e7	4.442355268492515e6
0.20416000000000048	22455.282325869684	2.173971794941079e7	4.456251628437937e6
0.20480000000000048	22457.475649371994	2.1739696126849856e7	4.470147951415242e6
0.20544000000000048	22459.68016046806	2.1739674231428295e7	4.484044237572941e6
0.20608000000000049	22461.884516691494	2.1739652332154464e7	4.497940491965895e6
0.2067200000000005	22464.097425086922	2.1739630327698506e7	4.511836700547218e6
0.2073600000000005	22466.314496883	2.173960831362749e7	4.525732879436616e6
0.2080000000000005	22468.53604161279	2.173958622749655e7	4.53962901586425e6
0.2086400000000005	22470.759330429366	2.173956416250394e7	4.553525126968562e6
0.2092800000000005	22472.993062104935	2.1739541928687785e7	4.567421179909858e6
0.2099200000000005	22475.22618313083	2.173951974976214e7	4.5813172125728475e6
0.2105600000000005	22477.468337409402	2.173949747972314e7	4.5952132019348e6
0.2112000000000005	22479.71084070056	2.173947518648842e7	4.609109155297509e6
0.2118400000000005	22481.959158583002	2.173945283737485e7	4.623005069999928e6
0.2124800000000005	22484.21287152826	2.1739430450652845e7	4.636900949475314e6
0.2131200000000005	22486.473867444947	2.1739407990385234e7	4.650796787467727e6
0.2137600000000005	22488.737239644637	2.1739385510651954e7	4.66469259152427e6
0.2144000000000005	22491.006781395772	2.17393629465515e7	4.678588350668117e6
0.2150400000000005	22493.28081058935	2.1739340356352326e7	4.692484075935096e6
0.2156800000000005	22495.55736949471	2.1739317724785488e7	4.706379762437788e6
0.2163200000000005	22497.840896582402	2.1739295038777106e7	4.720275410742108e6
0.2169600000000005	22500.127097068555	2.1739272298919503e7	4.734171017495675e6
0.21760000000000052	22502.423725373956	2.1739249503359016e7	4.748066588253666e6
0.21824000000000052	22504.718615744296	2.1739226712240666e7	4.7619621265044585e6
0.21888000000000052	22507.022667962505	2.1739203824394654e7	4.775857618629912e6
0.21952000000000052	22509.33003494352	2.1739180874919217e7	4.78975306756795e6
0.22016000000000052	22511.641280144722	2.173915793184103e7	4.80364848861004e6
0.22080000000000052	22513.95854550432	2.173913490635421e7	4.817543863821679e6
0.22144000000000053	22516.282376266005	2.173911179239928e7	4.831439192115773e6
0.22208000000000053	22518.61217612613	2.1739088643964622e7	4.845334484835726e6
0.22272000000000053	22520.943597823436	2.1739065499624986e7	4.859229747116204e6
0.22336000000000053	22523.27889402884	2.173904229554e7	4.873124966452085e6
0.22400000000000053	22525.61997323799	2.1739019004924394e7	4.887020138202309e6
0.22464000000000053	22527.97306249922	2.1738995663942724e7	4.9009152751418445e6
0.22528000000000054	22530.324502657655	2.173897227138194e7	4.914810366295634e6
0.22592000000000054	22532.68342366369	2.173894882719714e7	4.9287054186249785e6
0.22656000000000054	22535.046493935177	2.1738925343016095e7	4.942600432074008e6
0.22720000000000054	22537.41342219746	2.173890184199444e7	4.956495411593822e6
0.22784000000000054	22539.78816963524	2.1738878255627256e7	4.970390344595192e6
0.22848000000000054	22542.167286600048	2.1738854624323737e7	4.984285237470456e6
0.22912000000000055	22544.551765223252	2.17388309014401e7	4.998180080202743e6
0.22976000000000055	22546.94160219616	2.1738807190131687e7	5.012074896304344e6
0.23040000000000055	22549.33531123601	2.17387833854536e7	5.025969660464048e6
0.23104000000000055	22551.736927074013	2.1738759552633446e7	5.039864390667886e6
0.23168000000000055	22554.13788952107	2.173873567887845e7	5.053759077305848e6
0.23232000000000055	22556.551836704464	2.1738711686519317e7	5.067653712726181e6
0.23296000000000056	22558.966969468573	2.1738687701370317e7	5.081548316935502e6
0.23360000000000056	22561.385638694494	2.1738663679181244e7	5.095442881410246e6
0.23424000000000056	22563.81544820476	2.173863957083787e7	5.109337400390692e6
0.23488000000000056	22566.24418936019	2.1738615403490033e7	5.123231870725914e6
0.23552000000000056	22568.683276246767	2.17385912005828e7	5.137126306552297e6
0.23616000000000056	22571.1249249718	2.173856692973449e7	5.1510206941888e6
0.23680000000000057	22573.57124866843	2.17385426442155e7	5.164915047727226e6
0.23744000000000057	22576.027055871444	2.1738518232029583e7	5.178809344204841e6
0.23808000000000057	22578.48492317418	2.1738493840652484e7	5.192703612815221e6
0.23872000000000057	22580.94974872204	2.1738469372782964e7	5.206597834095469e6
0.23936000000000057	22583.41944567116	2.1738444789950095e7	5.220491997089623e6
0.24000000000000057	22585.89402971309	2.1738420206451595e7	5.234386129010976e6
0.24064000000000058	22588.376052391348	2.1738395585036624e7	5.24828022282237e6
0.24128000000000058	22590.86348164996	2.173837086338203e7	5.262174261857626e6
0.24192000000000058	22593.35134012878	2.1738346142372604e7	5.276068266546718e6
0.24256000000000058	22595.8505333692	2.1738321337153234e7	5.289962224567896e6
0.24320000000000058	22598.350395001493	2.173829647714699e7	5.303856134821097e6
0.24384000000000058	22600.861000039025	2.1738271564963866e7	5.317750005454591e6
0.24448000000000059	22603.377615749534	2.1738246566532053e7	5.33164382444202e6
0.2451200000000006	22605.897593689977	2.173822155578654e7	5.345537607729934e6
0.2457600000000006	22608.421933127618	2.1738196459970433e7	5.359431338161188e6
0.2464000000000006	22610.9542258441	2.173817132658318e7	5.373325029974705e6
0.2470400000000006	22613.494794669663	2.173814606319485e7	5.387218660492263e6
0.2476800000000006	22616.036230747533	2.1738120823016822e7	5.401112261821936e6
0.2483200000000006	22618.583510659202	2.173809555318997e7	5.415005824621439e6
0.2489600000000006	22621.138643051243	2.1738070174230132e7	5.428899330542823e6
0.2496000000000006	22623.70082972995	2.1738044721551392e7	5.44279278760187e6
0.2502400000000006	22626.263238747753	2.1738019260019008e7	5.456686206753052e6
0.25088000000000055	22628.83815424361	2.1737993698124472e7	5.470579574223586e6
0.2515200000000005	22631.41349605454	2.1737968123020597e7	5.484472902675678e6
0.2521600000000005	22633.998712474226	2.17379424401302e7	5.498366175300378e6
0.25280000000000047	22636.5885544248	2.173791673020775e7	5.512259408364395e6
0.25344000000000044	22639.18167621866	2.1737890990064308e7	5.526152599994105e6
0.2540800000000004	22641.784352145914	2.1737865129365735e7	5.540045731853208e6
0.2547200000000004	22644.39378240961	2.17378391892696e7	5.553938812088915e6
0.25536000000000036	22647.006248742433	2.173781328050291e7	5.5678318660422955e6
0.25600000000000034	22649.622935979078	2.173778730139006e7	5.581724868620231e6
0.2566400000000003	22652.24836696751	2.1737761235158354e7	5.595617818737116e6
0.2572800000000003	22654.88210984221	2.173773505848335e7	5.609510709887224e6
0.25792000000000026	22657.518339070426	2.1737708898526456e7	5.623403570317007e6
0.25856000000000023	22660.163269853743	2.1737682641623206e7	5.637296375272902e6
0.2592000000000002	22662.813114902405	2.1737656321449243e7	5.651189130475168e6
0.2598400000000002	22665.46942169811	2.1737629952360187e7	5.665081840668439e6
0.26048000000000016	22668.133174063765	2.1737603508568183e7	5.678974499756726e6
0.26112000000000013	22670.802258817104	2.1737576987832554e7	5.692867105435834e6
0.2617600000000001	22673.474229901305	2.1737550460343238e7	5.70675967411493e6
0.2624000000000001	22676.156367971354	2.1737523815317232e7	5.7206521820762595e6
0.26304000000000005	22678.843526426725	2.1737497156486113e7	5.734544652567344e6
0.26368	22681.534903094565	2.1737470471722327e7	5.74843708176359e6
0.26432	22684.236187386607	2.173744360230544e7	5.76232943183971e6
0.26496	22686.943522068992	2.173741674259877e7	5.776221751085431e6
0.26559999999999995	22689.653219777756	2.1737389842434052e7	5.790114023475087e6
0.2662399999999999	22692.37464971634	2.1737362843626745e7	5.8040062403101595e6
0.2668799999999999	22695.096349536307	2.1737335779208776e7	5.817898401791008e6
0.26751999999999987	22697.826708350054	2.1737308694424685e7	5.831790526039821e6
0.26815999999999984	22700.56698467013	2.1737281503378913e7	5.845682590888146e6
0.2687999999999998	22703.310088090897	2.173725424679169e7	5.859574601874015e6
0.2694399999999998	22706.061761278812	2.173722697457697e7	5.873466576510333e6
0.27007999999999976	22708.818671591205	2.173719958242887e7	5.887358484147152e6
0.27071999999999974	22711.581432657622	2.173717217637027e7	5.901250353694162e6
0.2713599999999997	22714.354409306543	2.1737144654770054e7	5.915142160715193e6
0.2719999999999997	22717.13076589385	2.173711709257249e7	5.9290339203772815e6
0.27263999999999966	22719.910386188283	2.173708949703169e7	5.942925634489209e6
0.27327999999999963	22722.700993591505	2.173706181222224e7	5.956817293310149e6
0.2739199999999996	22725.498420587483	2.1737034015251365e7	5.970708887350866e6
0.2745599999999996	22728.30542632288	2.1737006173433755e7	5.984600436866434e6
0.27519999999999956	22731.114626475515	2.1736978311606757e7	5.998491943235439e6
0.27583999999999953	22733.931095037886	2.1736950350740578e7	6.012383388290053e6
0.2764799999999995	22736.755133566796	2.173692232725057e7	6.026274782112465e6
0.2771199999999995	22739.5844271557	2.1736894251951553e7	6.040166125891506e6
0.27775999999999945	22742.420288257057	2.1736866073643442e7	6.054057406244181e6
0.2783999999999994	22745.263597332283	2.173683789740663e7	6.067948652849828e6
0.2790399999999994	22748.113760238226	2.1736809576502167e7	6.081839824323733e6
0.2796799999999994	22750.973242482665	2.1736781225563694e7	6.095730954211665e6
0.28031999999999935	22753.8382690389	2.173675279643985e7	6.109622026223466e6
0.2809599999999993	22756.711021619376	2.173672429917316e7	6.123513044588662e6
0.2815999999999993	22759.587960473833	2.173669573606161e7	6.137404007265738e6
0.28223999999999927	22762.473945262238	2.1736667115284894e7	6.151294919916944e6
0.28287999999999924	22765.367214477526	2.1736638378140487e7	6.165185764545211e6
0.2835199999999992	22768.26569998097	2.173660965585046e7	6.179076576635427e6
0.2841599999999992	22771.173555495116	2.1736580807562124e7	6.192967319154802e6
0.28479999999999916	22774.084344284835	2.1736551911958616e7	6.206858009648829e6
0.28543999999999914	22777.007602560378	2.1736522926479686e7	6.220748642686828e6
0.2860799999999991	22779.93041568665	2.173649391876357e7	6.23463922820223e6
0.2867199999999991	22782.86711418369	2.173646481608627e7	6.24852975552344e6
0.28735999999999906	22785.812335592906	2.1736435587176807e7	6.262420211633943e6
0.28799999999999903	22788.759680315845	2.1736406328762207e7	6.27631061957588e6
0.288639999999999	22791.717092617633	2.173637699923975e7	6.290200972931544e6
0.289279999999999	22794.679370254547	2.1736347597721733e7	6.304091267590948e6
0.28991999999999896	22797.650186478284	2.1736318129210856e7	6.317981507465203e6
0.29055999999999893	22800.630087042613	2.173628857222768e7	6.331871686555402e6
0.2911999999999989	22803.61429508145	2.1736259003178865e7	6.345761823538016e6
0.2918399999999989	22806.60714544169	2.173622930239153e7	6.359651886526035e6
0.29247999999999885	22809.609855883118	2.17361995171787e7	6.373541889949636e6
0.2931199999999988	22812.620878676345	2.1736169645152543e7	6.387431831833806e6
0.2937599999999988	22815.63202493343	2.1736139778980803e7	6.401321733434663e6
0.2943999999999988	22818.655688386792	2.173610978211406e7	6.415211563308078e6
0.29503999999999875	22821.688768336426	2.173607972715531e7	6.429101340414002e6
0.2956799999999987	22824.72629680835	2.173604960142438e7	6.442991057374502e6
0.2963199999999987	22827.765678562548	2.1736019449681904e7	6.456880725482404e6
0.29695999999999867	22830.82018078775	2.1735989193427563e7	6.470770330700122e6
0.29759999999999864	22833.883002376137	2.173595883213095e7	6.48465986786301e6
0.2982399999999986	22836.948373721472	2.173592837655556e7	6.498549335914643e6
0.2988799999999986	22840.0275290419	2.173589787879391e7	6.512438758115055e6
0.29951999999999857	22843.11357679631	2.1735867282484993e7	6.526328112648148e6
0.30015999999999854	22846.201704918592	2.1735836640285417e7	6.540217411749209e6
0.3007999999999985	22849.302643883602	2.1735805895373616e7	6.554106645736955e6
0.3014399999999985	22852.40857437584	2.1735775139985476e7	6.567995836730905e6
0.30207999999999846	22855.523988996192	2.1735744242733046e7	6.581884948147166e6
0.30271999999999843	22858.645726652998	2.173571329068802e7	6.595774003849324e6
0.3033599999999984	22861.77656537778	2.1735682266218353e7	6.609663000306469e6
0.3039999999999984	22864.91403046757	2.1735651152395405e7	6.623551930493373e6
0.30463999999999836	22868.058927584185	2.173561997337731e7	6.637440802145513e6
0.30527999999999833	22871.217762827884	2.173558864522576e7	6.651329594018675e6
0.3059199999999983	22874.378235780125	2.173555733839246e7	6.665218349406875e6
0.3065599999999983	22877.551125977545	2.1735525873834506e7	6.6791070209354665e6
0.30719999999999825	22880.727592152212	2.173549439027639e7	6.692995644768713e6
0.3078399999999982	22883.916464143524	2.1735462787869874e7	6.706884196237645e6
0.3084799999999982	22887.1101417991	2.173543110890119e7	6.720772682879058e6
0.3091199999999982	22890.311756661235	2.1735399396255124e7	6.734661119956787e6
0.30975999999999815	22893.526335752696	2.173536754520677e7	6.748549478421199e6
0.3103999999999981	22896.745161530805	2.1735335673886802e7	6.762437788637814e6
0.3110399999999981	22899.97115878184	2.1735303671658438e7	6.776326018162154e6
0.31167999999999807	22903.205400802424	2.1735271622185703e7	6.790214193544279e6
0.31231999999999804	22906.45225507619	2.1735239486967485e7	6.804102305656414e6
0.312959999999998	22909.704632935158	2.1735207221128e7	6.817990335395188e6
0.313599999999998	22912.967566472285	2.1735174897878952e7	6.8318783089124225e6
0.31423999999999797	22916.232417271407	2.1735142529327698e7	6.84576622395836e6
0.31487999999999794	22919.516043974665	2.173510998696201e7	6.8596540515266005e6
0.3155199999999979	22922.80074922796	2.1735077484948456e7	6.873541846707723e6
0.3161599999999979	22926.09816800893	2.173504478847637e7	6.887429543295855e6
0.31679999999999786	22929.400629080355	2.1735012081513405e7	6.901317193933188e6
0.31743999999999784	22932.71542127942	2.1734979222440895e7	6.915204758609539e6
0.3180799999999978	22936.03341733358	2.1734946364660803e7	6.929092279579209e6
0.3187199999999978	22939.361790543073	2.1734913383411504e7	6.942979721961527e6
0.31935999999999776	22942.70079060111	2.1734880293561522e7	6.956867090417873e6
0.31999999999999773	22946.046895246724	2.1734847165881097e7	6.970754404970669e6
0.3206399999999977	22949.40542284009	2.1734813918706305e7	6.984641642962e6
0.3212799999999977	22952.766096745105	2.1734780620352298e7	6.998528819111919e6
0.32191999999999765	22956.14245154233	2.173474715678479e7	7.012415905785651e6
0.3225599999999976	22959.52193291068	2.1734713700819228e7	7.026302949874429e6
0.3231999999999976	22962.916350315194	2.1734680120619778e7	7.040189916770154e6
0.3238399999999976	22966.312775704842	2.1734646474070705e7	7.054076816209425e6
0.32447999999999755	22969.7271908755	2.173461265558847e7	7.067963624597274e6
0.3251199999999975	22973.143665259035	2.1734578827841606e7	7.0818503837046195e6
0.3257599999999975	22976.569995354832	2.1734544867419474e7	7.095737058564182e6
0.32639999999999747	22980.011009037524	2.1734510831531204e7	7.109623670827418e6
0.32703999999999744	22983.451861533544	2.1734476720512997e7	7.123510210441253e6
0.3276799999999974	22986.909988635485	2.1734442508078445e7	7.137396680370648e6
0.3283199999999974	22990.373451074967	2.173440822066226e7	7.151283081047394e6
0.32895999999999737	22993.846952880278	2.1734373876668636e7	7.165169421528119e6
0.32959999999999734	22997.328550841085	2.1734339369078726e7	7.179055665108774e6
0.3302399999999973	23000.81934864514	2.173430481296707e7	7.1929418502011355e6
0.3308799999999973	23004.319939083376	2.17342701657348e7	7.206827962995911e6
0.33151999999999726	23007.833073008565	2.173423537881159e7	7.220713989036204e6
0.33215999999999724	23011.35302499678	2.17342005312752e7	7.234599950472525e6
0.3327999999999972	23014.880388266767	2.173416562491102e7	7.248485848165379e6
0.3334399999999972	23018.423614269155	2.1734130541896712e7	7.262371648334306e6
0.33407999999999716	23021.973775870134	2.1734095424591254e7	7.276257392224212e6
0.33471999999999713	23025.5245367781	2.173406028680636e7	7.29014308016359e6
0.3353599999999971	23029.093073456657	2.1734024947553046e7	7.304028662831669e6
0.3359999999999971	23032.67509453828	2.1733989511048596e7	7.317914171975038e6
0.33663999999999705	23036.26314236547	2.173395398131493e7	7.331799603787914e6
0.337279999999997	23039.858576901494	2.173391841561822e7	7.345684978295732e6
0.337919999999997	23043.468593951806	2.173388269813698e7	7.359570261041068e6
0.338559999999997	23047.08317614891	2.1733846912192993e7	7.373455473288027e6
0.33919999999999695	23050.71045599319	2.1733811079371076e7	7.387340627591923e6
0.3398399999999969	23054.347201251283	2.1733775059296604e7	7.401225673999669e6
0.3404799999999969	23057.99304866294	2.1733739030292895e7	7.415110672609512e6
0.34111999999999687	23061.651321676953	2.1733702776265394e7	7.428995551862409e6
0.34175999999999684	23065.316230504734	2.173366656464456e7	7.442880398888424e6
0.3423999999999968	23068.994797603307	2.1733630151655156e7	7.45676513490556e6
0.3430399999999968	23072.684756394206	2.173359365827866e7	7.470649799513402e6
0.34367999999999677	23076.38087255211	2.1733557156405374e7	7.484534413807602e6
0.34431999999999674	23080.090191880256	2.1733520432602964e7	7.498418908890793e6
0.3449599999999967	23083.802697489522	2.1733483746878866e7	7.512303367442226e6
0.3455999999999967	23087.53624015925	2.173344680754695e7	7.526187700403715e6
0.34623999999999666	23091.272616696417	2.1733409847356617e7	7.540071975934573e6
0.34687999999999664	23095.023760927077	2.1733372789840277e7	7.5539561752584595e6
0.3475199999999966	23098.78080522787	2.1733335597888436e7	7.56784027947791e6
0.3481599999999966	23102.549483543033	2.1733298355308097e7	7.581724321239346e6
0.34879999999999656	23106.325804333046	2.1733261008543603e7	7.595608279143715e6
0.34943999999999653	23110.116359562355	2.1733223534494366e7	7.609492149192513e6
0.3500799999999965	23113.922689216488	2.173318589165242e7	7.623375917583779e6
0.3507199999999965	23117.732460162097	2.173314825908142e7	7.637259638756693e6
0.35135999999999645	23121.55821829967	2.1733110407569982e7	7.65114324032643e6
0.3519999999999964	23125.392358724846	2.1733072512612954e7	7.6650267786881365e6
0.3526399999999964	23129.2353735087	2.173303453463032e7	7.678910240103353e6
0.3532799999999964	23133.09318452275	2.1732996406221624e7	7.692793604414192e6
0.35391999999999635	23136.95754078967	2.1732958236986943e7	7.706676904762293e6
0.3545599999999963	23140.83313159909	2.1732919906804804e7	7.72056010149309e6
0.3551999999999963	23144.725731564868	2.1732881409393072e7	7.734443195768052e6
0.35583999999999627	23148.62177209792	2.1732842933982987e7	7.74832624582914e6
0.35647999999999624	23152.534274538546	2.173280425521745e7	7.762209179756186e6
0.3571199999999962	23156.452519379	2.1732765546489023e7	7.776092052157735e6
0.3577599999999962	23160.38544301342	2.1732726684255395e7	7.789974824506048e6
0.35839999999999617	23164.330048530857	2.1732687688183013e7	7.8038575016038455e6
0.35903999999999614	23168.287126352647	2.1732648606315095e7	7.817740100927795e6
0.3596799999999961	23172.250335084263	2.1732609477008432e7	7.831622632024869e6
0.3603199999999961	23176.23457010217	2.1732570112977676e7	7.845505036837834e6
0.36095999999999606	23180.218583994498	2.1732530771134593e7	7.859387394032572e6
0.36159999999999604	23184.221800113017	2.173249118692136e7	7.873269620387871e6
0.362239999999996	23188.23110167335	2.1732451617142394e7	7.887151800060978e6
0.362879999999996	23192.260234021447	2.1732411831874285e7	7.901033858390753e6
0.36351999999999596	23196.291746616404	2.173237201577977e7	7.914915850947061e6
0.36415999999999593	23200.34081668283	2.17323320075358e7	7.928797728569028e6
0.3647999999999959	23204.398180097953	2.173229197054735e7	7.942679544579582e6
0.3654399999999959	23208.475813535406	2.1732251688810833e7	7.956561227571178e6
0.36607999999999585	23212.555667895333	2.1732211378017835e7	7.970442844553671e6
0.3667199999999958	23216.652872596842	2.1732170955871243e7	7.98432437486817e6
0.3673599999999958	23220.762516694824	2.1732130386743583e7	7.998205802072593e6
0.3679999999999958	23224.87836742137	2.173208974752042e7	8.012087150215633e6
0.36863999999999575	23229.00591467001	2.173204900039414e7	8.025968408679489e6
0.3692799999999957	23233.154916272822	2.1732008039066073e7	8.039849544135018e6
0.3699199999999957	23237.310203110374	2.173196702553107e7	8.053730606497136e6
0.37055999999999567	23241.477398816733	2.1731925952289e7	8.06761159641403e6
0.37119999999999564	23245.655299534475	2.1731884659025438e7	8.081492453482496e6
0.3718399999999956	23249.844144499773	2.173184333056468e7	8.095373246134885e6
0.3724799999999956	23254.04869796367	2.1731801848646913e7	8.109253933222852e6
0.37311999999999557	23258.264362615148	2.173176025480997e7	8.123134527038235e6
0.37375999999999554	23262.48829712775	2.1731718580465432e7	8.137015037305856e6
0.3743999999999955	23266.739917170893	2.1731676605716635e7	8.150895393672393e6
0.3750399999999955	23270.986707076467	2.173163472176213e7	8.164775721902026e6
0.37567999999999546	23275.251892991895	2.1731592675489925e7	8.178655941589789e6
0.37631999999999544	23279.532131630276	2.1731550448208313e7	8.192536043269509e6
0.3769599999999954	23283.821767169644	2.1731508139173597e7	8.206416060456597e6
0.3775999999999954	23288.122121321987	2.1731465717718918e7	8.220295982218874e6
0.37823999999999536	23292.441372193247	2.1731423134376798e7	8.2341757946941545e6
0.37887999999999533	23296.76891176117	2.1731380453403894e7	8.248055515292039e6
0.3795199999999953	23301.11038277728	2.173133767426585e7	8.261935147107579e6
0.3801599999999953	23305.466580677414	2.1731294682869896e7	8.275814647045085e6
0.38079999999999525	23309.831613265	2.1731251679262605e7	8.28969408719803e6
0.3814399999999952	23314.215539510256	2.1731208437828533e7	8.303573387689332e6
0.3820799999999952	23318.612066545484	2.1731165129417744e7	8.317452609415987e6
0.3827199999999952	23323.01261452072	2.1731121703004096e7	8.331331727400314e6
0.38335999999999515	23327.43611978042	2.1731078106887247e7	8.345210733265091e6
0.3839999999999951	23331.866131747436	2.173103446831329e7	8.359089665369354e6
0.3846399999999951	23336.31913773815	2.1730990563880708e7	8.372968447835567e6
0.38527999999999507	23340.779135497673	2.1730946597166445e7	8.386847148706354e6
0.38591999999999504	23345.24774006064	2.1730902536351614e7	8.400725756560924e6
0.386559999999995	23349.73482812825	2.1730858355054393e7	8.414604267062685e6
0.387199999999995	23354.240047594383	2.1730813974829186e7	8.428482649354918e6
0.38783999999999497	23358.761460230064	2.173076944384039e7	8.442360920514442e6
0.38847999999999494	23363.287760361687	2.173072481433857e7	8.456239093605354e6
0.3891199999999949	23367.823014225454	2.173068016422534e7	8.470117201226184e6
0.3897599999999949	23372.38457481277	2.173063522722319e7	8.483995150125334e6
0.39039999999999486	23376.96075691369	2.1730590105232317e7	8.49787297236e6
0.39103999999999484	23381.54145345385	2.1730545012437325e7	8.511750745146874e6
0.3916799999999948	23386.13959602257	2.17304996762902e7	8.525628369648285e6
0.3923199999999948	23390.755423472725	2.1730454293383133e7	8.539505922635693e6
0.39295999999999476	23395.383520476018	2.173040870465381e7	8.553383338192917e6
0.39359999999999473	23400.027084853267	2.1730362956697483e7	8.56726063618027e6
0.3942399999999947	23404.68134813656	2.173031712182795e7	8.581137841882784e6
0.3948799999999947	23409.34848400382	2.1730271179760143e7	8.595014948418211e6
0.39551999999999465	23414.033236149073	2.1730225084156755e7	8.608891940096151e6
0.3961599999999946	23418.737649290437	2.1730178744193587e7	8.622768781841762e6
0.3967999999999946	23423.449811913517	2.1730132354903106e7	8.636645543351982e6
0.3974399999999946	23428.18769244583	2.173008569216678e7	8.650522146270607e6
0.39807999999999455	23432.927702198223	2.1730039051052663e7	8.664398693285434e6
0.3987199999999945	23437.683848255543	2.172999222598673e7	8.67827511088959e6
0.3993599999999945	23442.462717061153	2.1729945215694588e7	8.692151402146045e6
0.39999999999999447	23447.252014775142	2.1729898034326725e7	8.706027564939436e6
0.40063999999999445	23452.054837168456	2.1729850826433975e7	8.719903658689592e6
0.4012799999999944	23456.879772796863	2.1729803304435894e7	8.733779573061483e6
0.4019199999999944	23461.712222842456	2.172975578651541e7	8.74765542656239e6
0.40255999999999437	23466.56041673657	2.1729708066581253e7	8.761531141138202e6
0.40319999999999434	23471.43360887702	2.1729660215132065e7	8.775406750318903e6
0.4038399999999943	23476.309255864402	2.172961219098471e7	8.789282223733118e6
0.4044799999999943	23481.211441914926	2.172956394735879e7	8.803157556465449e6
0.40511999999999426	23486.12014608168	2.1729515631475557e7	8.817032795775754e6
0.40575999999999424	23491.044705133838	2.1729467253632836e7	8.830907951239513e6
0.4063999999999942	23496.000957579054	2.1729418467728637e7	8.84478289145321e6
0.4070399999999942	23500.954934929203	2.172936974009871e7	8.858657785247868e6
0.40767999999999416	23505.928742543707	2.17293208748099e7	8.872532565955156e6
0.40831999999999413	23510.92466425075	2.172927176428463e7	8.886407190697916e6
0.4089599999999941	23515.933584955852	2.1729222541231923e7	8.900281707848132e6
0.4095999999999941	23520.960479044028	2.172917308259564e7	8.914156069697874e6
0.41023999999999405	23526.005494130313	2.1729123449156296e7	8.928030300781967e6
0.41087999999999403	23531.06176644329	2.172907376431509e7	8.941904447389502e6
0.411519999999994	23536.131870985413	2.17290239586758e7	8.955778482357573e6
0.412159999999994	23541.227835842117	2.1728973904943947e7	8.969652360032588e6
0.41279999999999395	23546.33211383681	2.172892364030395e7	8.983526084934585e6
0.4134399999999939	23551.453935152807	2.1728873384213638e7	8.997399752789358e6
0.4140799999999939	23556.60101469259	2.172882271360183e7	9.011273192914642e6
0.41471999999999387	23561.758459903096	2.1728772103090305e7	9.025146592584891e6
0.41535999999999385	23566.93398214928	2.1728721224465095e7	9.039019820077011e6
0.4159999999999938	23572.129428070253	2.1728670250447966e7	9.052892947772212e6
0.4166399999999938	23577.333610568032	2.1728619051812336e7	9.066765915082017e6
0.41727999999999377	23582.558578575175	2.172856780911749e7	9.080638803923318e6
0.41791999999999374	23587.808404544612	2.1728516204859197e7	9.094511483850736e6
0.4185599999999937	23593.069008382718	2.1728464533487026e7	9.108384069180427e6
0.4191999999999937	23598.346785842998	2.172841273227e7	9.122256537180664e6
0.41983999999999366	23603.652957873728	2.1728360671122067e7	9.13612883946379e6
0.42047999999999364	23608.95589182547	2.1728308525665417e7	9.150001030990086e6
0.4211199999999936	23614.290549110283	2.172825616971782e7	9.163873078704499e6
0.4217599999999936	23619.64772925772	2.1728203605033804e7	9.177744977561884e6
0.42239999999999356	23625.014673513913	2.1728150907232918e7	9.191616751690466e6
0.42303999999999353	23630.389342907187	2.172809821368406e7	9.205488457752049e6
0.4236799999999935	23635.791173959162	2.172804518119031e7	9.219359961535946e6
0.4243199999999935	23641.221556041655	2.1727991802325785e7	9.233231259988118e6
0.42495999999999345	23646.661171481435	2.172793851402186e7	9.247102526958637e6
0.42559999999999343	23652.12335964817	2.1727884886176288e7	9.260973587214269e6
0.4262399999999934	23657.590862407276	2.1727831250397105e7	9.274844571502334e6
0.4268799999999934	23663.093078954207	2.1727777236515366e7	9.288715338628946e6
0.42751999999999335	23668.604628858953	2.1727723191180907e7	9.302586021471446e6
0.4281599999999933	23674.143038514558	2.172766886941319e7	9.316456525082951e6
0.4287999999999933	23679.694406440234	2.1727614447975315e7	9.330326916736627e6
0.42943999999999327	23685.268109838704	2.1727559759571597e7	9.34419712972303e6
0.43007999999999325	23690.861359560113	2.172750494801833e7	9.358067223749617e6
0.4307199999999932	23696.4733057828	2.1727449898676734e7	9.371937148681412e6
0.4313599999999932	23702.10176882813	2.1727394685111105e7	9.385806934519205e6
0.43199999999999317	23707.74929594243	2.1727339337022e7	9.399676595193451e6
0.43263999999999314	23713.416750532913	2.1727283748198453e7	9.41354608494801e6
0.4332799999999931	23719.09768848283	2.1727228151462313e7	9.427415500507459e6
0.4339199999999931	23724.805383042294	2.172717215232765e7	9.441284678169098e6
0.43455999999999306	23730.53588912143	2.1727116019794114e7	9.455153731774723e6
0.43519999999999304	23736.282952321642	2.1727059738850426e7	9.469022650959026e6
0.435839999999993	23742.05716660052	2.172700320298177e7	9.482891394958531e6
0.436479999999993	23747.848015334086	2.1726946436534356e7	9.496759967931964e6
0.43711999999999296	23753.652341273606	2.1726889609990172e7	9.510628442148607e6
0.43775999999999293	23759.47513208274	2.1726832516874712e7	9.524496729885183e6
0.4383999999999929	23765.32986414611	2.1726775211350173e7	9.538364861907465e6
0.4390399999999929	23771.200279393717	2.1726717682356607e7	9.552232823770419e6
0.43967999999999285	23777.089365809734	2.1726660069443513e7	9.566100678046219e6
0.44031999999999283	23782.998312189018	2.172660218262721e7	9.579968341549622e6
0.4409599999999928	23788.92628146563	2.172654419883849e7	9.593835891268054e6
0.4415999999999928	23794.88379382156	2.1726485828742795e7	9.607703205083132e6
0.44223999999999275	23800.850399601313	2.172642754334639e7	9.621570479088232e6
0.4428799999999927	23806.84819590455	2.1726368742542233e7	9.635437459963849e6
0.4435199999999927	23812.873004854715	2.1726309818669748e7	9.64930431834599e6
0.44415999999999267	23818.907962043995	2.1726250792043798e7	9.663171053595638e6
0.44479999999999265	23824.96605682639	2.1726191469309337e7	9.677037586703382e6
0.4454399999999926	23831.04685799973	2.1726131986656714e7	9.690903977481779e6
0.4460799999999926	23837.152201397257	2.172607224126599e7	9.70477018073117e6
0.44671999999999257	23843.271218444108	2.1726012499273434e7	9.71863630877501e6
0.44735999999999254	23849.419531792562	2.1725952421472456e7	9.732502218479807e6
0.4479999999999925	23855.595931681386	2.1725891934893414e7	9.746367875786375e6
0.4486399999999925	23861.779700879728	2.172583150449155e7	9.760233477030803e6
0.44927999999999246	23867.99545596475	2.1725770764600985e7	9.774098871577276e6
0.44991999999999244	23874.22825677835	2.17257097894887e7	9.78796408396608e6
0.4505599999999924	23880.489051322184	2.172564863523789e7	9.801829144996978e6
0.4511999999999924	23886.770409180794	2.1725587253747612e7	9.815694028491315e6
0.45183999999999236	23893.07567443366	2.172552569067033e7	9.829558756434014e6
0.45247999999999233	23899.410523902316	2.1725463826290123e7	9.843423277369635e6
0.4531199999999923	23905.76109521572	2.172540172603082e7	9.857287612726668e6
0.4537599999999923	23912.129015975028	2.172533946748259e7	9.871151798118418e6
0.45439999999999225	23918.533508562552	2.1725276933457818e7	9.885015790445335e6
0.45503999999999223	23924.952572188802	2.172521431394307e7	9.898879663570225e6
0.4556799999999922	23931.398133076076	2.1725151345464647e7	9.912743303732956e6
0.4563199999999922	23937.869159955626	2.1725088154878378e7	9.926606767538818e6
0.45695999999999215	23944.362497135968	2.1725024859292105e7	9.940470106312394e6
0.4575999999999921	23950.883868787318	2.172496115723917e7	9.954333184962904e6
0.4582399999999921	23957.432052595734	2.172489730839335e7	9.968196120986814e6
0.45887999999999207	23963.98665859938	2.1724833282159876e7	9.982058888978053e6
0.45951999999999205	23970.590306523405	2.172476891118571e7	9.995921434716754e6
0.460159999999992	23977.20315614703	2.1724704283836458e7	1.0009783776601825e7
0.460799999999992	23983.829570662932	2.1724639720161214e7	1.0023646063954616e7
0.46143999999999197	23990.50441042709	2.1724574669714916e7	1.0037508061648356e7
0.46207999999999194	23997.195009995776	2.1724509351751275e7	1.005136985239683e7
0.4627199999999919	24003.91307812745	2.1724443953215696e7	1.0065231528450409e7
0.4633599999999919	24010.6439955298	2.1724378314588364e7	1.007909300784125e7
0.46399999999999186	24017.404339206023	2.1724312372977417e7	1.0092954269787159e7
0.46463999999999184	24024.199195377216	2.1724246176404312e7	1.0106815338685561e7
0.4652799999999918	24031.01720442093	2.172417967869226e7	1.0120676186421305e7
0.4659199999999918	24037.873178660964	2.172411295621849e7	1.01345368558684e7
0.46655999999999176	24044.74160243786	2.172404595665113e7	1.0148397308495376e7
0.46719999999999173	24051.635629208133	2.1723978853024323e7	1.0162257631596027e7
0.4678399999999917	24058.548301959363	2.172391150455131e7	1.0176117755353475e7
0.4684799999999917	24065.501193196822	2.172384383432287e7	1.0189977654697606e7
0.46911999999999165	24072.483642898867	2.1723775829023894e7	1.020383731702785e7
0.46975999999999163	24079.491494101632	2.172370752497206e7	1.0217696756500525e7
0.4703999999999916	24086.5257127537	2.1723639079886828e7	1.0231556047196057e7
0.4710399999999916	24093.578590594752	2.1723570451834485e7	1.0245415164963214e7
0.47167999999999155	24100.654887921475	2.1723501650585003e7	1.0259274116538137e7
0.4723199999999915	24107.771608853374	2.172343241739278e7	1.0273132788305333e7
0.4729599999999915	24114.908100888173	2.1723362912391655e7	1.0286991244210064e7
0.47359999999999147	24122.08021436543	2.172329318398246e7	1.030084951495875e7
0.47423999999999145	24129.278153326824	2.172322315727473e7	1.0314707559387676e7
0.4748799999999914	24136.50221324691	2.1723152977761183e7	1.0328565446121266e7
0.4755199999999914	24143.75451286944	2.1723082419320405e7	1.0342423068401963e7
0.47615999999999137	24151.027221492208	2.172301174842811e7	1.0356280548231049e7
0.47679999999999134	24158.341102256167	2.1722940723147407e7	1.0370137780861195e7
0.4774399999999913	24165.678115900875	2.1722869418133274e7	1.0383994791749608e7
0.4780799999999913	24173.046311443704	2.172279781937762e7	1.0397851577818733e7
0.47871999999999126	24180.46141767373	2.172272570779887e7	1.041170804176509e7
0.47935999999999124	24187.87621648483	2.1722653654159892e7	1.0425564431531247e7
0.4799999999999912	24195.323646407232	2.172258145730879e7	1.0439420667804161e7
0.4806399999999912	24202.826681135877	2.1722508572765596e7	1.045327650047898e7
0.48127999999999116	24210.341287372197	2.1722435646020588e7	1.0467132215949181e7
0.48191999999999113	24217.863124278025	2.172236252856811e7	1.0480987740294777e7
0.4825599999999911	24225.447274565387	2.1722289015632655e7	1.0494843002821252e7
0.4831999999999911	24233.056881636952	2.172221519675509e7	1.0508698026868297e7
0.48383999999999106	24240.692742368476	2.172214105911528e7	1.0522552806008045e7
0.48447999999999103	24248.353837237442	2.172206680537379e7	1.0536407437237473e7
0.485119999999991	24256.06044662602	2.1721992061717752e7	1.0550261749383079e7
0.485759999999991	24263.80332866441	2.1721917023914494e7	1.056411583176024e7
0.48639999999999095	24271.553209706984	2.172184187489155e7	1.0577969757675558e7
0.4870399999999909	24279.34333422235	2.172176627751684e7	1.0591823379758328e7
0.4876799999999909	24287.168394443754	2.1721690465279188e7	1.0605676808218999e7
0.4883199999999909	24295.025107351285	2.172161435831886e7	1.0619530001900997e7
0.48895999999999085	24302.915283159018	2.1721537967092384e7	1.06333829662156e7
0.4895999999999908	24310.835990128166	2.172146123232606e7	1.0647235670036001e7
0.4902399999999908	24318.806123034516	2.1721383994944617e7	1.0661088044290727e7
0.49087999999999077	24326.77726099362	2.1721306793046933e7	1.0674940327409795e7
0.49151999999999074	24334.799600697836	2.1721229159170378e7	1.0688792315216186e7
0.4921599999999907	24342.86214789686	2.172115115156379e7	1.070264402986662e7
0.4927999999999907	24350.946342214498	2.172107283362386e7	1.0716495492394408e7
0.49343999999999066	24359.070865200756	2.1720994290583264e7	1.073034675368268e7
0.49407999999999064	24367.21670982987	2.1720915401257917e7	1.0744197743731147e7
0.4947199999999906	24375.401113387852	2.172083620232592e7	1.0758048488689048e7
0.4953599999999906	24383.61946910402	2.1720756777686037e7	1.077189902712324e7
0.49599999999999056	24391.886305106294	2.1720676797442667e7	1.0785749202229133e7
0.49663999999999053	24400.168090786483	2.1720596895101786e7	1.0799599310593324e7
0.4972799999999905	24408.509727931192	2.1720516236949977e7	1.0813448960320704e7
0.4979199999999905	24416.8617204518	2.1720435557129987e7	1.082729849053856e7
0.49855999999999046	24425.263077241227	2.1720354314688362e7	1.0841147651048275e7
0.49919999999999043	24433.69866391812	2.1720272811210312e7	1.0854996583646871e7
0.4998399999999904	24442.17447905693	2.1720191145185087e7	1.086884533999655e7
0.5004799999999904	24450.674962409656	2.1720108899553787e7	1.0882693703205694e7
0.5011199999999904	24459.22039053144	2.1720026438987993e7	1.0896541864973882e7
0.5017599999999903	24467.804231637267	2.17199436060621e7	1.091038974255788e7
0.5023999999999903	24476.41721351573	2.17198604137275e7	1.092423733706193e7
0.5030399999999903	24485.05427618071	2.1719777196181115e7	1.0938084813339828e7
0.5036799999999902	24493.753798220616	2.1719693250227958e7	1.095193183615974e7
0.5043199999999902	24502.4766744404	2.1719609099714197e7	1.0965778648805639e7
0.5049599999999902	24511.2264316911	2.1719524844942857e7	1.0979625303234877e7
0.5055999999999902	24520.041588476393	2.1719439854470186e7	1.0993471498981254e7
0.5062399999999901	24528.883294744275	2.1719354668280628e7	1.1007317488685783e7
0.5068799999999901	24537.748025552126	2.1719269318435866e7	1.1021163286434917e7
0.5075199999999901	24546.684574899944	2.171918312867413e7	1.1035008572683927e7
0.5081599999999901	24555.631305648432	2.171909695361885e7	1.104885374965211e7
0.50879999999999	24564.63375654587	2.1719010338976685e7	1.1062698608572338e7
0.50943999999999	24573.6547609383	2.1718923577183932e7	1.1076543279239891e7
0.51007999999999	24582.752622398926	2.1718835855334997e7	1.1090387375253825e7
0.51071999999999	24591.857966468382	2.1718748360953864e7	1.1104231467171974e7
0.5113599999999899	24601.02972785471	2.17186600722975e7	1.111807506173605e7
0.5119999999999899	24610.199669976875	2.1718571959672194e7	1.1131918620790893e7
0.5126399999999899	24619.43806013452	2.1718483113801274e7	1.1145761712791853e7
0.5132799999999899	24628.73129413011	2.1718393686583392e7	1.1159604407544782e7
0.5139199999999898	24638.053788964753	2.171830405458787e7	1.1173446884919317e7
0.5145599999999898	24647.426618749003	2.171821423859135e7	1.118728916538715e7
0.5151999999999898	24656.847644841942	2.17181234202652e7	1.1201130825858628e7
0.5158399999999898	24666.245314870364	2.1718033251524452e7	1.1214972681797799e7
0.5164799999999897	24675.743578081227	2.171794215546295e7	1.1228813979988154e7
0.5171199999999897	24685.305307999268	2.171785018822632e7	1.1242654729562497e7
0.5177599999999897	24694.866762989128	2.1717758621971395e7	1.125649555665947e7
0.5183999999999896	24704.485555891675	2.1717666228965137e7	1.127033585333902e7
0.5190399999999896	24714.126770411396	2.1717573795332197e7	1.1284176009140495e7
0.5196799999999896	24723.840937722318	2.171748061651072e7	1.1298015682067271e7
0.5203199999999896	24733.62812530842	2.17173869333781e7	1.1311854995914215e7
0.5209599999999895	24743.414756621998	2.171729300574216e7	1.132569404967622e7
0.5215999999999895	24753.24260569467	2.171719886955868e7	1.1339532881624145e7
0.5222399999999895	24763.13058814626	2.1717104156176962e7	1.1353371307791421e7
0.5228799999999895	24773.060241583644	2.171700900277518e7	1.1367209389873322e7
0.5235199999999894	24783.035542706864	2.1716913494895354e7	1.1381047173622774e7
0.5241599999999894	24793.062712177583	2.1716817506133128e7	1.1394884594975473e7
0.5247999999999894	24803.13893733349	2.1716721183104258e7	1.1408721728515904e7
0.5254399999999894	24813.248194101587	2.171662424777489e7	1.1422558419813601e7
0.5260799999999893	24823.405635440482	2.1716527164174326e7	1.1436394918927345e7
0.5267199999999893	24833.63410957704	2.17164295709234e7	1.145023104594792e7
0.5273599999999893	24843.89088359472	2.171633125026734e7	1.1464066664727977e7
0.5279999999999893	24854.202211429507	2.1716232748857725e7	1.1477902074840441e7
0.5286399999999892	24864.57804979245	2.1716133663624484e7	1.1491737067447763e7
0.5292799999999892	24874.98097096971	2.1716034585067082e7	1.1505571936226726e7
0.5299199999999892	24885.44504551713	2.171593431619796e7	1.1519406062846385e7
0.5305599999999892	24895.94572595751	2.1715833939268574e7	1.1533240007579692e7
0.5311999999999891	24906.499960295037	2.1715733383452088e7	1.15470737404709e7
0.5318399999999891	24917.115277232395	2.1715632032504573e7	1.1560906936855186e7
0.5324799999999891	24927.747628625915	2.1715530581076447e7	1.1574739944382684e7
0.533119999999989	24938.48393899797	2.1715428226677276e7	1.158857237558739e7
0.533759999999989	24949.239171390513	2.1715325731479924e7	1.1602404595705755e7
0.534399999999989	24960.052562711982	2.1715222790702116e7	1.161623645982417e7
0.535039999999989	24970.9151342951	2.171511916797907e7	1.1630067836336125e7
0.5356799999999889	24981.82129853638	2.1715015234077122e7	1.164389891985553e7
0.5363199999999889	24992.807357646547	2.1714910707040675e7	1.1657729575315407e7
0.5369599999999889	25003.84007797268	2.1714805547430158e7	1.167155976485756e7
0.5375999999999889	25014.927239316723	2.171469997498278e7	1.1685389608905962e7
0.5382399999999888	25026.059014818446	2.171459389908407e7	1.169921905325345e7
0.5388799999999888	25037.252376547294	2.1714487620333698e7	1.1713048266661054e7
0.5395199999999888	25048.47485486123	2.1714381013671435e7	1.1726877166196937e7
0.5401599999999888	25059.799801379628	2.1714273469025385e7	1.1740705455369174e7
0.5407999999999887	25071.14470277265	2.1714165426965952e7	1.1754533332550455e7
0.5414399999999887	25082.575034562688	2.1714056857091933e7	1.176836081031146e7
0.5420799999999887	25094.01812790163	2.1713948473395035e7	1.1782188241238864e7
0.5427199999999887	25105.564182034264	2.171383866545409e7	1.1796014792904157e7
0.5433599999999886	25117.143875043752	2.171372860643538e7	1.1809841068171583e7
0.5439999999999886	25128.78704624071	2.1713618307798244e7	1.1823667086335083e7
0.5446399999999886	25140.492624069513	2.1713507026752423e7	1.1837492441771487e7
0.5452799999999886	25152.27012344212	2.1713395504898474e7	1.1851317541181324e7
0.5459199999999885	25164.09530239834	2.1713283295259565e7	1.1865142128942765e7
0.5465599999999885	25175.974583146708	2.1713170746532463e7	1.1878966397139516e7
0.5471999999999885	25187.940481050002	2.1713057324081376e7	1.1892790067186898e7
0.5478399999999884	25199.931275240346	2.171294394517367e7	1.1906613611849105e7
0.5484799999999884	25212.0046177321	2.1712829605253488e7	1.1920436506214181e7
0.5491199999999884	25224.100957911123	2.1712714897866134e7	1.1934259047355903e7
0.5497599999999884	25236.336927281718	2.171259931279305e7	1.1948081006538993e7
0.5503999999999883	25248.572229431455	2.1712483516891986e7	1.1961902685771449e7
0.5510399999999883	25260.89236777518	2.1712367111244403e7	1.1975723903217299e7
0.5516799999999883	25273.26871880451	2.1712250119682774e7	1.1989544657858355e7
0.5523199999999883	25285.75471814204	2.1712132054098733e7	1.2003364702791777e7
0.5529599999999882	25298.24405190434	2.1712014272678748e7	1.201718473924115e7
0.5535999999999882	25310.84039863127	2.171189534204002e7	1.2031004020507049e7
0.5542399999999882	25323.463756091853	2.1711776086580627e7	1.2044822965430105e7
0.5548799999999882	25336.191413566696	2.171165603028079e7	1.2058641343603956e7
0.5555199999999881	25348.962087774737	2.171153566336134e7	1.207245939837901e7
0.5561599999999881	25361.839348064077	2.1711414213515893e7	1.2086276727764986e7
0.5567999999999881	25374.732369040572	2.1711292808186445e7	1.2100093916983914e7
0.5574399999999881	25387.728743419535	2.171117027937003e7	1.2113910353764458e7
0.558079999999988	25400.75744943442	2.1711047306415185e7	1.212772638349598e7
0.558719999999988	25413.92281294116	2.1710923454061173e7	1.2141541808111694e7
0.559359999999988	25427.11572555441	2.1710799264542673e7	1.2155356880887637e7
0.559999999999988	25440.39664254867	2.1710674277634937e7	1.2169171369998025e7
0.5606399999999879	25453.749006380745	2.1710548768458944e7	1.2182985420712005e7
0.5612799999999879	25467.14683253595	2.1710422526799608e7	1.2196798902500192e7
0.5619199999999879	25480.670596254695	2.1710295723376144e7	1.2210611945054067e7
0.5625599999999878	25494.21605147168	2.1710168230750445e7	1.2224424429760262e7
0.5631999999999878	25507.863109936923	2.1710040193947833e7	1.2238236471837575e7
0.5638399999999878	25521.58411494476	2.170991151828926e7	1.2252048004599527e7
0.5644799999999878	25535.357864276	2.1709782081757803e7	1.2265858948567428e7
0.5651199999999877	25549.229371002697	2.1709651903821003e7	1.2279669332755921e7
0.5657599999999877	25563.180818149594	2.1709521086243726e7	1.2293479205391457e7
0.5663999999999877	25577.22416846482	2.1709389536402564e7	1.2307288517817592e7
0.5670399999999877	25591.32611777695	2.170925713009688e7	1.2321097183605818e7
0.5676799999999876	25605.513438942864	2.17091244019787e7	1.2334905516084924e7
0.5683199999999876	25619.740099471437	2.170899130691654e7	1.2348713468952678e7
0.5689599999999876	25634.11424609337	2.1708856749998737e7	1.236252046508365e7
0.5695999999999876	25648.52772932065	2.1708721776306e7	1.2376327050118327e7
0.5702399999999875	25663.03058460726	2.170858604624046e7	1.239013305103193e7
0.5708799999999875	25677.64785257076	2.170844933308021e7	1.2403938347515056e7
0.5715199999999875	25692.333150761024	2.17083122335583e7	1.2417743258631406e7
0.5721599999999875	25707.097400656694	2.1708174365291525e7	1.2431547569396824e7
0.5727999999999874	25721.93991895311	2.1708035698108267e7	1.244535126060952e7
0.5734399999999874	25736.88806752305	2.1707896153656617e7	1.245915429732666e7
0.5740799999999874	25751.88040290923	2.170775626265274e7	1.2472956956164619e7
0.5747199999999874	25767.01046618471	2.170761529211616e7	1.2486758854895785e7
0.5753599999999873	25782.24208687045	2.1707473197613426e7	1.2500559950258356e7
0.5759999999999873	25797.520915562993	2.170733087169483e7	1.2514360730964145e7
0.5766399999999873	25812.892287569106	2.1707187533540696e7	1.2528160765419496e7
0.5772799999999872	25828.397653761785	2.1707043143862057e7	1.254196004634461e7
0.5779199999999872	25843.936761599165	2.1706898494271617e7	1.2555758986637512e7
0.5785599999999872	25859.606485490614	2.1706752839525327e7	1.256955719539274e7
0.5791999999999872	25875.35146191917	2.1706606240234617e7	1.2583354682238787e7
0.5798399999999871	25891.20721371649	2.170645895119681e7	1.2597151607884595e7
0.5804799999999871	25907.185198277926	2.1706310425289433e7	1.2610947658006113e7
0.5811199999999871	25923.22391114656	2.170616163218138e7	1.2624743367724866e7
0.5817599999999871	25939.3606467752	2.170601168289713e7	1.263853823483886e7
0.582399999999987	25955.570074663792	2.1705861272414282e7	1.2652332651116977e7
0.583039999999987	25971.914908285507	2.1705709649535023e7	1.2666126203704776e7
0.583679999999987	25988.386904394996	2.170555681832633e7	1.2679918888956469e7
0.584319999999987	26004.935253788146	2.1705403454560727e7	1.2693711078054935e7
0.5849599999999869	26021.59478822919	2.1705249144351892e7	1.2707502542180706e7
0.5855999999999869	26038.358533632378	2.1705093960498583e7	1.2721293319044024e7
0.5862399999999869	26055.22240904609	2.1704937794941224e7	1.2735083341730027e7
0.5868799999999869	26072.194701966175	2.17047810097148e7	1.2748872824056415e7
0.5875199999999868	26089.252743551813	2.1704623141818617e7	1.2762661483252648e7
0.5881599999999868	26106.43848647293	2.170446441216378e7	1.277644946428423e7
0.5887999999999868	26123.74433897511	2.170430446348666e7	1.2790236551772844e7
0.5894399999999868	26141.153602070783	2.1704143512000814e7	1.2804022863736339e7
0.5900799999999867	26158.657806228643	2.1703982053379726e7	1.281780868706595e7
0.5907199999999867	26176.268280204764	2.1703819386823267e7	1.2831593611265674e7
0.5913599999999867	26194.00917859834	2.1703655896356426e7	1.2845377870779788e7
0.5919999999999866	26211.902112689004	2.170349084116457e7	1.2859161034031114e7
0.5926399999999866	26229.860630906212	2.1703325505597666e7	1.2872943823663717e7
0.5932799999999866	26247.948239663394	2.170315893399919e7	1.2886725697870784e7
0.5939199999999866	26266.14556190863	2.1702991635213513e7	1.2900506948375499e7
0.5945599999999865	26284.49406791064	2.1702822716192935e7	1.2914287059414275e7
0.5951999999999865	26302.960947652307	2.1702653089346986e7	1.2928066557370644e7
0.5958399999999865	26321.469082351596	2.1702483154731307e7	1.2941845647859132e7
0.5964799999999865	26340.14739928516	2.1702311464861725e7	1.2955623518838987e7
0.5971199999999864	26358.948394480933	2.1702139090987515e7	1.296940078713934e7
0.5977599999999864	26377.863648968352	2.1701965637266222e7	1.2983177211206123e7
0.5983999999999864	26396.91294919406	2.1701790842999943e7	1.2996952640691267e7
0.5990399999999864	26416.09683172585	2.1701615541483834e7	1.3010727572155828e7
0.5996799999999863	26435.36029524308	2.1701439314749565e7	1.3024501731702115e7
0.6003199999999863	26454.78390054644	2.1701261484229315e7	1.3038274742241615e7
0.6009599999999863	26474.313623903214	2.1701082990745205e7	1.3052047144226424e7
0.6015999999999863	26494.039576872285	2.1700902796481207e7	1.3065818347730223e7
0.6022399999999862	26513.84882621846	2.1700721904144887e7	1.3079588908061035e7
0.6028799999999862	26533.761578875754	2.170054016150576e7	1.3093358739966495e7
0.6035199999999862	26553.817108845287	2.170035735040074e7	1.310712772552087e7
0.6041599999999862	26574.081497195682	2.170017230501496e7	1.3120895184217388e7
0.6047999999999861	26594.434125308497	2.169998733938411e7	1.313466246322553e7
0.6054399999999861	26614.960248437066	2.1699800181795757e7	1.3148428220781745e7
0.6060799999999861	26635.530257911923	2.169961354025302e7	1.3162194042555446e7
0.606719999999986	26656.33889364942	2.1699424239333e7	1.3175958079447908e7
0.607359999999986	26677.296015847063	2.169923391962845e7	1.3189721286932895e7
0.607999999999986	26698.372664071045	2.1699042497797705e7	1.3203483600745017e7
0.608639999999986	26719.585263032503	2.1698850061201006e7	1.3217245078137618e7
0.6092799999999859	26740.96617978949	2.169865639598222e7	1.323100559924951e7
0.6099199999999859	26762.473891369336	2.1698461101550933e7	1.3244764900873184e7
0.6105599999999859	26784.17793488903	2.1698264726869166e7	1.3258523341891894e7
0.6111999999999859	26805.955176192638	2.1698067828890305e7	1.3272281212389952e7
0.6118399999999858	26827.98734572607	2.1697868398997284e7	1.3286037352810308e7
0.6124799999999858	26850.12581128152	2.1697668332140435e7	1.3299792860823454e7
0.6131199999999858	26872.474031303387	2.1697466386944976e7	1.3313547013916627e7
0.6137599999999858	26894.907904043568	2.1697263972249556e7	1.3327300624836437e7
0.6143999999999857	26917.585852534357	2.1697059579373103e7	1.3341052826671263e7
0.6150399999999857	26940.370343527517	2.1696854024002947e7	1.3354804063889908e7
0.6156799999999857	26963.3302497148	2.1696647229309976e7	1.3368554313222827e7
0.6163199999999857	26986.542662602136	2.169643813145698e7	1.3382302945868041e7
0.6169599999999856	27009.838923634983	2.1696228534235865e7	1.3396051005183157e7
0.6175999999999856	27033.355966047	2.169601706992249e7	1.3409797697705232e7
0.6182399999999856	27056.993801461635	2.1695804827821046e7	1.3423543654705418e7
0.6188799999999856	27080.861454064416	2.169559049651618e7	1.3437288104400992e7
0.6195199999999855	27104.924878084938	2.169537475193592e7	1.3451031448136643e7
0.6201599999999855	27129.118276762707	2.1695158075581674e7	1.346477395643866e7
0.6207999999999855	27153.529254030793	2.1694939171583686e7	1.3478514856011966e7
0.6214399999999854	27178.089789400834	2.16947191451838e7	1.3492254803253382e7
0.6220799999999854	27202.913429553188	2.1694496930199437e7	1.3505993175381446e7
0.6227199999999854	27227.92344609149	2.1694273523940712e7	1.3519730559785785e7
0.6233599999999854	27253.0348607298	2.1694049048377253e7	1.3533466997846073e7
0.6239999999999853	27278.418641118817	2.169382255564796e7	1.3547201960133072e7
0.6246399999999853	27304.04931480161	2.1693594081772767e7	1.3560935455189027e7
0.6252799999999853	27329.851680509433	2.16933638814725e7	1.3574667609828526e7
0.6259199999999853	27355.74257444826	2.1693133093748994e7	1.35883991022213e7
0.6265599999999852	27382.008925029055	2.1692899375216022e7	1.3602128569947995e7
0.6271999999999852	27408.375751405405	2.1692664382784206e7	1.361585694336206e7
0.6278399999999852	27434.99769263222	2.1692427984089196e7	1.362958419427153e7
0.6284799999999852	27461.867866905493	2.1692189038373914e7	1.3643309599986829e7
0.6291199999999851	27488.959964737725	2.169194855454805e7	1.365703378010867e7
0.6297599999999851	27516.18656268828	2.169170744686538e7	1.3670757274650589e7
0.6303999999999851	27543.730668673703	2.1691462860490695e7	1.3684478350108152e7
0.6310399999999851	27571.442908101508	2.169121748747929e7	1.3698198642873982e7
0.631679999999985	27599.470981599476	2.169096964525355e7	1.371191714266538e7
0.632319999999985	27627.656731061765	2.1690720394366816e7	1.3725634456592577e7
0.632959999999985	27656.077643822053	2.169046891864979e7	1.3739350093486635e7
0.633599999999985	27684.777124654338	2.1690215898925934e7	1.3753064495897619e7
0.6342399999999849	27713.68183929448	2.1689960744798996e7	1.376677725905053e7
0.6348799999999849	27742.911857356088	2.168970303527344e7	1.3780488155011432e7
0.6355199999999849	27772.35103226638	2.168944347197186e7	1.3794197581811467e7
0.6361599999999848	27802.03909137559	2.168918209725361e7	1.3807905576891534e7
0.6367999999999848	27831.98218379471	2.16889187201277e7	1.3821612016906146e7
0.6374399999999848	27862.206039587596	2.1688652947650082e7	1.3835316656371452e7
0.6380799999999848	27892.70044759894	2.1688385363300245e7	1.3849019858760286e7
0.6387199999999847	27923.4828466476	2.1688115247777157e7	1.386272116694273e7
0.6393599999999847	27954.530992552875	2.1687842620200388e7	1.3876420579708144e7
0.6399999999999847	27985.82496375723	2.1687568579288434e7	1.389011878773122e7
0.6406399999999847	28017.379972182378	2.1687292209678687e7	1.3903815206875026e7
0.6412799999999846	28049.303132493544	2.1687012911506724e7	1.3917509485910388e7
0.6419199999999846	28081.438013008825	2.1686732387818005e7	1.3931202655711498e7
0.6425599999999846	28113.908627162316	2.168644862701493e7	1.3944893465274073e7
0.6431999999999846	28146.693086854662	2.16861625775151e7	1.3958582509950766e7
0.6438399999999845	28179.815694978555	2.1685873916338798e7	1.397226958545316e7
0.6444799999999845	28213.2297320046	2.168558250523058e7	1.3985954580404991e7
0.6451199999999845	28246.909739383813	2.1685289407470077e7	1.3999638165875074e7
0.6457599999999845	28280.94167694208	2.1684993449632917e7	1.4013319610814255e7
0.6463999999999844	28315.32218432114	2.1684694945248332e7	1.4026999110532561e7
0.6470399999999844	28349.970049202373	2.1684393867617507e7	1.404067661353146e7
0.6476799999999844	28385.045721179762	2.1684089261542153e7	1.405435155222377e7
0.6483199999999844	28420.39175584757	2.168378316300323e7	1.406802518361061e7
0.6489599999999843	28456.03570796032	2.1683474218674947e7	1.4081696635725876e7
0.6495999999999843	28492.126985462357	2.168316200418702e7	1.4095365679215256e7
0.6502399999999843	28528.58840766516	2.1682847245837044e7	1.4109032752214203e7
0.6508799999999842	28565.27150701481	2.1682530157845646e7	1.4122697936726762e7
0.6515199999999842	28602.464234150986	2.168220916692712e7	1.4136360303172333e7
0.6521599999999842	28640.001604021334	2.1681885231962554e7	1.4150020411034299e7
0.6527999999999842	28677.89764963195	2.1681558659480914e7	1.416367845897275e7
0.6534399999999841	28716.186851016926	2.16812293468236e7	1.4177334386103159e7
0.6540799999999841	28754.910784965712	2.1680896064904965e7	1.4190987396871433e7
0.6547199999999841	28794.006600479508	2.1680560296514932e7	1.4204638431932926e7
0.6553599999999841	28833.44867746447	2.1680221629909143e7	1.4218287207129112e7
0.655999999999984	28873.410254334725	2.1679878924419817e7	1.4231933027546545e7
0.656639999999984	28913.68744877013	2.1679533672789503e7	1.4245576794622563e7
0.657279999999984	28954.478153237935	2.1679184711851988e7	1.4259217806158407e7
0.657919999999984	28995.560116893466	2.1678833244612534e7	1.4272856769499918e7
0.6585599999999839	29037.306800338043	2.1678476760114104e7	1.4286492153174303e7
0.6591999999999839	29079.35669754289	2.167811756584571e7	1.4300125344167667e7
0.6598399999999839	29121.93801340456	2.16777543734824e7	1.4313755564232916e7
0.6604799999999839	29164.972320768356	2.167738769237283e7	1.4327383114460405e7
0.6611199999999838	29208.43191912829	2.1677017645469528e7	1.4341008059181219e7
0.6617599999999838	29252.428434463935	2.1676643529449977e7	1.435462996344214e7
0.6623999999999838	29296.91416750407	2.1676265716749564e7	1.4368249048997508e7
0.6630399999999838	29341.924758274003	2.167588326052322e7	1.4381864692023512e7
0.6636799999999837	29387.36622210914	2.167549807699528e7	1.4395478122747695e7
0.6643199999999837	29433.38048528054	2.1675107812760852e7	1.4409087819334237e7
0.6649599999999837	29479.982037049816	2.1674713893072177e7	1.4422694723518614e7
0.6655999999999836	29527.07075194377	2.167431548857973e7	1.4436298241657766e7
0.6662399999999836	29574.62688355001	2.16739139901414e7	1.4449899284260105e7
0.6668799999999836	29622.9401613194	2.1673506376924586e7	1.446349592646965e7
0.6675199999999836	29671.61790754672	2.1673095882634323e7	1.447709018309761e7
0.6681599999999835	29720.998387794538	2.1672680157367643e7	1.4490680590051414e7
0.6687999999999835	29770.939784600727	2.167226002866829e7	1.4504267642429655e7
0.6694399999999835	29821.429211807437	2.167183637957829e7	1.4517851917584788e7
0.6700799999999835	29872.481873474862	2.167140697615835e7	1.4531431915803527e7
0.6707199999999834	29924.079433902516	2.167097395024441e7	1.454500904878357e7
0.6713599999999834	29976.169577527948	2.167053794872482e7	1.4558583725625496e7
0.6719999999999834	30028.81914155363	2.167009712261993e7	1.4572154719078664e7
0.6726399999999834	30082.068346401127	2.1669651194263007e7	1.4585721845202588e7
0.6732799999999833	30135.903263336786	2.166920149623994e7	1.4599285985702265e7
0.6739199999999833	30190.387270126397	2.166874655512328e7	1.4612846159909364e7
0.6745599999999833	30245.59541551137	2.166828671357748e7	1.4626402612082487e7
0.6751999999999833	30301.345144703082	2.166782197432556e7	1.4639955273967255e7
0.6758399999999832	30357.827216629365	2.1667351948981322e7	1.4653503934469717e7
0.6764799999999832	30414.9539393221	2.1666876717061155e7	1.4667048607455615e7
0.6771199999999832	30472.81401897977	2.166639669025195e7	1.4680589589093486e7
0.6777599999999832	30531.256228229646	2.166591138708731e7	1.4694126493718917e7
0.6783999999999831	30590.51120747905	2.166542048611487e7	1.470765916618429e7
0.6790399999999831	30650.457634575847	2.1664923998770524e7	1.4721187563007165e7
0.6796799999999831	30711.279182692986	2.1664421368527137e7	1.4734711352707958e7
0.680319999999983	30772.905446746023	2.166391207566811e7	1.4748230145731378e7
0.680959999999983	30835.14829611485	2.1663399056340147e7	1.476174586711741e7
0.681599999999983	30898.242955102254	2.166287850308583e7	1.4775255988259837e7
0.682239999999983	30962.154560661653	2.1662352419117175e7	1.4788761848651329e7
0.682879999999983	31026.862014882743	2.1661820098424073e7	1.4802262947293622e7
0.6835199999999829	31092.476825875437	2.166128153925491e7	1.4815759304777e7
0.6841599999999829	31158.82266210021	2.1660737072036467e7	1.4829251077753698e7
0.6847999999999829	31226.079584605704	2.166018587827629e7	1.48427377497283e7
0.6854399999999828	31294.396645343557	2.165962638916702e7	1.485621827759903e7
0.6860799999999828	31363.413920265204	2.165906284121492e7	1.4869695436998213e7
0.6867199999999828	31433.45385868037	2.1658490103128757e7	1.4883165796045056e7
0.6873599999999828	31504.342258999935	2.1657912178723972e7	1.489663203273119e7
0.6879999999999827	31576.22323728359	2.1657326457658943e7	1.491009238451901e7
0.6886399999999827	31649.071959362525	2.165673405831776e7	1.4923547596964834e7
0.6892799999999827	31722.67806849788	2.1656136958594725e7	1.4936998953349242e7
0.6899199999999827	31797.50895112192	2.1655529915382944e7	1.495044297079619e7
0.6905599999999826	31873.225922106707	2.1654916086508464e7	1.4963881703728246e7
0.6911999999999826	31950.152907842214	2.165429376146406e7	1.4977314055141523e7
0.6918399999999826	32027.931884505128	2.1653665664590627e7	1.4990741780879531e7
0.6924799999999826	32106.818668767773	2.165302958686807e7	1.5004163417191043e7
0.6931199999999825	32186.76180250804	2.165238584908645e7	1.5017579153180376e7
0.6937599999999825	32268.09192592441	2.1651731163978823e7	1.5030986792792965e7
0.6943999999999825	32350.37093945096	2.165107096566086e7	1.504438995191362e7
0.6950399999999824	32433.847447683624	2.165040148028243e7	1.5057786070972767e7
0.6956799999999824	32518.48297429293	2.1649723065626517e7	1.5071175367033413e7
0.6963199999999824	32604.351616368745	2.1649036604708057e7	1.5084558458088793e7
0.6969599999999824	32691.5673800661	2.1648339037306935e7	1.5097933228019916e7
0.6975999999999823	32779.827613494	2.1647635619351722e7	1.5111303227929702e7
0.6982399999999823	32869.5485698463	2.164692139353923e7	1.5124665108800888e7
0.6988799999999823	32960.50235149859	2.1646197741195947e7	1.5138019743834725e7
0.6995199999999823	33053.164561540456	2.1645462097369384e7	1.51513654612389e7
0.7001599999999822	33146.78024980932	2.1644719159904756e7	1.5164705297588633e7
0.7007999999999822	33242.06689643047	2.1643965218382094e7	1.51780368514572e7
0.7014399999999822	33338.72218698858	2.1643201165377818e7	1.5191360634338379e7
0.7020799999999822	33436.64153227118	2.1642428488004684e7	1.520467763710324e7
0.7027199999999821	33536.02473989484	2.16416445279383e7	1.521798603210709e7
0.7033599999999821	33636.882239527076	2.1640849778824e7	1.5231286145180795e7
0.7039999999999821	33738.93018955383	2.1640048336635537e7	1.5244580752327139e7
0.7046399999999821	33842.536760727846	2.163923549550611e7	1.5257866631210687e7
0.705279999999982	33947.4056237789	2.1638413170703232e7	1.5271145020418627e7
0.705919999999982	34053.852421171396	2.163758094683013e7	1.5284415698905954e7
0.706559999999982	34161.633609244935	2.1636739161803294e7	1.5297678811929643e7
0.707199999999982	34271.26855988608	2.1635883663558085e7	1.5310931554302223e7
0.7078399999999819	34382.72243442042	2.1635016422838315e7	1.5324175280927923e7
0.7084799999999819	34495.3967847859	2.1634140473847594e7	1.5337411940981854e7
0.7091199999999819	34610.342210387294	2.1633248148856003e7	1.5350636383658536e7
0.7097599999999818	34726.54903861122	2.163234875973078e7	1.5363854889299093e7
0.7103999999999818	34844.939006133536	2.1631433169197693e7	1.5377061217733825e7
0.7110399999999818	34964.8564797525	2.163050780685417e7	1.5390259715913584e7
0.7116799999999818	35087.220989181915	2.1629564586206377e7	1.5403444872266563e7
0.7123199999999817	35211.129314218066	2.1628609753964122e7	1.5416620837624446e7
0.7129599999999817	35337.22870843267	2.1627641593693443e7	1.5429786548767751e7
0.7135999999999817	35465.202046638944	2.162665869774519e7	1.544294088057673e7
0.7142399999999817	35595.70006303439	2.1625659260545027e7	1.5456082697501296e7
0.7148799999999816	35728.27566196269	2.1624645776315015e7	1.546921361852842e7
0.7155199999999816	35863.75904600622	2.1623611499288484e7	1.5482329022143908e7
0.7161599999999816	36000.66151251403	2.162256654421355e7	1.549543568406729e7
0.7167999999999816	36140.846671956475	2.1621500447016407e7	1.550852660819846e7
0.7174399999999815	36283.087878801634	2.1620418521566365e7	1.5521605213423207e7
0.7180799999999815	36428.46890267036	2.1619314907999303e7	1.5534667563088782e7
0.7187199999999815	36576.427115096834	2.1618194224913795e7	1.5547716770748578e7
0.7193599999999815	36726.70934282078	2.1617056085893154e7	1.556075244965767e7
0.7199999999999814	36879.35758298698	2.161590209585611e7	1.5573775729139237e7
0.7206399999999814	37034.352665006656	2.1614731985893663e7	1.5586786375074504e7
0.7212799999999814	37192.268904625365	2.1613540296186544e7	1.5599780574022125e7
0.7219199999999814	37352.73308650839	2.161233148191414e7	1.561276139143975e7
0.7225599999999813	37515.84817319626	2.1611103763125964e7	1.5625727532001065e7
0.7231999999999813	37682.09320279333	2.1609854343508005e7	1.563867706462312e7
0.7238399999999813	37851.045872533374	2.1608584650070276e7	1.5651610857934624e7
0.7244799999999813	38023.302677431806	2.160729338879306e7	1.5664528094666077e7
0.7251199999999812	38199.12944594439	2.1605975710969217e7	1.5677425284239696e7
0.7257599999999812	38378.20283412185	2.1604634955405448e7	1.569030470357988e7
0.7263999999999812	38560.84593094286	2.1603270212097265e7	1.5703165729513753e7
0.7270399999999811	38746.99737945072	2.1601879055923652e7	1.5716006529223021e7
0.7276799999999811	38937.14920047049	2.1600461325049207e7	1.5728827061481671e7
0.7283199999999811	39131.23497402635	2.159901515262626e7	1.5741625889878094e7
0.7289599999999811	39329.71087817172	2.159753778804136e7	1.5754401070806641e7
0.729599999999981	39532.89609844829	2.1596027410865925e7	1.5767151294072391e7
0.730239999999981	39739.68690377023	2.159449046878033e7	1.5779880897860901e7
0.730879999999981	39951.14440778662	2.1592920561664425e7	1.5792585432091909e7
0.731519999999981	40165.829112843276	2.159132785076862e7	1.5805271871194066e7
0.7321599999999809	40385.02169349991	2.158970353589283e7	1.581793406504927e7
0.7327999999999809	40607.8136551824	2.1588053313547302e7	1.5830575875975717e7
0.7334399999999809	40834.68587205706	2.1586376026759416e7	1.584319652693207e7
0.7340799999999809	41066.146927434056	2.1584666979794722e7	1.5855792646318242e7
0.7347199999999808	41302.1748346257	2.1582925976662915e7	1.5868364014513493e7
0.7353599999999808	41542.83261523175	2.158115548908599e7	1.5880912395677155e7
0.7359999999999808	41788.11964889882	2.157935130126992e7	1.5893434621321555e7
0.7366399999999808	42036.10724331181	2.1577531162077125e7	1.5905943184435677e7
0.7372799999999807	42288.12479749821	2.157568556477021e7	1.5918431389340164e7
0.7379199999999807	42544.177114195234	2.157381321514453e7	1.5930898225657124e7
0.7385599999999807	42803.47371039564	2.157191791164873e7	1.5943346232993718e7
0.7391999999999807	43066.31949404422	2.1570003408260457e7	1.595577821550976e7
0.7398399999999806	43333.604427321545	2.15680575135258e7	1.596818534133432e7
0.7404799999999806	43604.49563716621	2.1566088497947495e7	1.5980573449667502e7
0.7411199999999806	43878.55226370596	2.1564097083285436e7	1.5992942909974111e7
0.7417599999999805	44156.056746489645	2.1562083705499988e7	1.6005294069485465e7
0.7423999999999805	44436.397959995964	2.1560051563274857e7	1.601762909668933e7
0.7430399999999805	44720.652978133854	2.1557996264284056e7	1.6029944963202465e7
0.7436799999999805	45008.08939326964	2.1555919506925426e7	1.6042242692383165e7
0.7443199999999804	45299.319010618194	2.1553817050783135e7	1.6054519237123117e7
0.7449599999999804	45594.83221410245	2.1551684502073918e7	1.606677139267245e7
0.7455999999999804	45894.052687856994	2.154952843454804e7	1.6079003847802386e7
0.7462399999999804	46198.42783124428	2.1547335173621528e7	1.6091206713009363e7
0.7468799999999803	46506.80325144009	2.1545117837569706e7	1.6103389412562644e7
0.7475199999999803	46819.91392635218	2.1542865554504875e7	1.6115543951171188e7
0.7481599999999803	47138.72557423898	2.1540576253789548e7	1.612766894668338e7
0.7487999999999803	47460.09742965131	2.1538264969147548e7	1.6139774785371589e7
0.7494399999999802	47784.341992277085	2.1535941435170736e7	1.6151868793903517e7
0.7500799999999802	48110.56202599522	2.1533605132653967e7	1.6163950329562198e7
0.7507199999999802	48438.77494291766	2.153125627254459e7	1.6176019526742019e7
0.7513599999999802	48768.798750605914	2.1528900837882597e7	1.6188080807672393e7
0.7519999999999801	49100.801943062186	2.152652983494027e7	1.6200127434756536e7
0.7526399999999801	49433.49868947449	2.1524159520400494e7	1.6212171291669628e7
0.7532799999999801	49768.01818546845	2.1521774217295904e7	1.622420084785095e7
0.75391999999998	50104.60458304477	2.1519378973817103e7	1.6236219937035557e7
0.75455999999998	50444.41701527125	2.151695936319317e7	1.6248217934802836e7
0.75519999999998	50786.394939330086	2.1514524579930086e7	1.626020147224392e7
0.75583999999998	51131.078188392494	2.1512072189362146e7	1.6272168807657532e7
0.75647999999998	51475.99400035609	2.150962173510483e7	1.6284134084230637e7
0.7571199999999799	51822.757844890024	2.1507158931811076e7	1.6296086881877737e7
0.7577599999999799	52171.13521916944	2.150468201114184e7	1.6308025776557902e7
0.7583999999999799	52520.97090045559	2.1502200399734933e7	1.6319957849728093e7
0.7590399999999798	52873.31760811246	2.149969993790917e7	1.6331872595480995e7
0.7596799999999798	53230.19780789964	2.1497168053274278e7	1.6343760907848166e7
0.7603199999999798	53590.25020560351	2.1494612893359754e7	1.6355628586248135e7
0.7609599999999798	53955.66346163273	2.1492022868986484e7	1.6367467284177389e7
0.7615999999999797	54325.05968611378	2.148939940157543e7	1.6379277678468583e7
0.7622399999999797	54700.763340589125	2.148673230317621e7	1.6391052484264458e7
0.7628799999999797	55082.24991132491	2.148402374124131e7	1.6402793134816708e7
0.7635199999999797	55469.915214179564	2.1481271332457665e7	1.6414497813307488e7
0.7641599999999796	55866.70201664552	2.1478452204119653e7	1.6426149639303243e7
0.7647999999999796	56270.67913939831	2.1475579740633942e7	1.6437758249369988e7
0.7654399999999796	56685.353751160554	2.1472625101939462e7	1.6449302274603976e7
0.7660799999999796	57108.99129606276	2.1469609949858226e7	1.6460797725630926e7
0.7667199999999795	57538.07658129222	2.146655129692078e7	1.6472256692879546e7
0.7673599999999795	57971.681252156915	2.146345349592145e7	1.6483682206556348e7
0.7679999999999795	58408.22951554521	2.1460328331631448e7	1.6495082867940119e7
0.7686399999999795	58852.98714268665	2.1457140831286732e7	1.6506432955665125e7
0.7692799999999794	59303.26240478838	2.1453912676947292e7	1.6517748392823605e7
0.7699199999999794	59760.529902245726	2.145062210216552e7	1.6529012671618745e7
0.7705599999999794	60227.61012547636	2.1447258007441215e7	1.6540217753080651e7
0.7711999999999793	60701.6617065455	2.144384151138391e7	1.6551379113777287e7
0.7718399999999793	61186.747866732076	2.1440335069064096e7	1.6562468588099262e7
0.7724799999999793	61684.06823686625	2.143673683123906e7	1.6573484826600358e7
0.7731199999999793	62190.47546806456	2.1433066916713472e7	1.6584442469723271e7
0.7737599999999792	62712.37911260086	2.1429277145701427e7	1.6595305532907927e7
0.7743999999999792	63246.14275970294	2.1425391432523843e7	1.6606091455152608e7
0.7750399999999792	63794.514270385946	2.1421398640490882e7	1.6616792016255876e7
0.7756799999999792	64354.74029912374	2.1417304194982354e7	1.6627410573307365e7
0.7763199999999791	64929.34008049804	2.14130993133016e7	1.6637940653691059e7
0.7769599999999791	65516.746222208676	2.1408790516488805e7	1.6648386734768098e7
0.7775999999999791	66116.1652991533	2.1404377930437226e7	1.6658748513870073e7
0.7782399999999791	66723.15119914673	2.1399897774682194e7	1.6669052970178148e7
0.778879999999979	67335.17853920619	2.1395357321759135e7	1.6679305065449897e7
0.779519999999979	67953.61560715878	2.139074757374218e7	1.6689497961852124e7
0.780159999999979	68578.9125893542	2.138607027105672e7	1.6699632970810806e7
0.780799999999979	69212.92487701964	2.138130426721622e7	1.6709693844975019e7
0.7814399999999789	69851.35945413884	2.1376483651991695e7	1.6719706098134238e7
0.7820799999999789	70493.9876721563	2.137160957358398e7	1.6729670465101624e7
0.7827199999999789	71141.70696918061	2.136667810439584e7	1.6739583955962526e7
0.7833599999999789	71790.88079194709	2.1361711627304837e7	1.6749463196779834e7
0.7839999999999788	72439.0840797535	2.1356740086852245e7	1.6759331070252936e7
0.7846399999999788	73088.55726447304	2.1351744176356543e7	1.6769172902228424e7
0.7852799999999788	73738.98707023902	2.1346728842719078e7	1.6778992460913707e7
0.7859199999999787	74384.85163397908	2.134174231755973e7	1.678882643125389e7
0.7865599999999787	75024.72245301193	2.1336783183590963e7	1.6798673457645226e7
0.7871999999999787	75661.4487954162	2.1331840428978752e7	1.6808525541995287e7
0.7878399999999787	76298.71219821821	2.132688840898407e7	1.681836329891353e7
0.7884799999999786	76938.46274956678	2.1321898382905424e7	1.6828164460593604e7
0.7891199999999786	77577.00171773526	2.131691167781149e7	1.6837960781316385e7
0.7897599999999786	78227.96228095413	2.131181271911141e7	1.684766385983492e7
0.7903999999999786	78882.32910320253	2.130668572622276e7	1.6857338134186048e7
0.7910399999999785	79543.29213100228	2.1301500225616764e7	1.6866960104795124e7
0.7916799999999785	80217.02385602634	2.129621089952576e7	1.6876495055345785e7
0.7923199999999785	80903.75006272443	2.1290811532715358e7	1.6885937884413604e7
0.7929599999999785	81582.37138278203	2.1285446327166867e7	1.6895398333760876e7
0.7935999999999784	82258.40268643074	2.1280076210864037e7	1.690484661525572e7
0.7942399999999784	82929.16919885155	2.1274719104137547e7	1.6914296407124102e7
0.7948799999999784	83599.32972887448	2.1269331866988055e7	1.6923714408944994e7
0.7955199999999784	84268.02724480005	2.1263935533612028e7	1.6933117121909596e7
0.7961599999999783	84940.54832137919	2.125847724076022e7	1.6942463521373026e7
0.7967999999999783	85616.02865405913	2.125295901802183e7	1.6951754922581837e7
0.7974399999999783	86297.86630079735	2.1247364393951345e7	1.696097875810999e7
0.7980799999999783	86984.73363281341	2.1241697326253764e7	1.6970137759551283e7
0.7987199999999782	87677.28770652507	2.123594658441518e7	1.6979222940373197e7
0.7993599999999782	88379.07260584382	2.123008919594249e7	1.6988216476795767e7
0.7999999999999782	89083.09551685712	2.1224180686968606e7	1.6997161168677792e7
0.8006399999999781	89782.59475990733	2.121828399972791e7	1.7006105959633026e7
0.8012799999999781	90478.86406423856	2.1212389948157206e7	1.701504377752579e7
0.8019199999999781	91178.76142853577	2.1206435616774566e7	1.702392553886716e7
0.8025599999999781	91884.51459437543	2.120040049936432e7	1.703273510333088e7
0.803199999999978	92598.44237721205	2.1194267659220204e7	1.704145915734504e7
0.803839999999978	93319.05191530616	2.1188050166026637e7	1.7050107710682094e7
0.804479999999978	94051.17903312563	2.118171277880768e7	1.7058653182819296e7
0.805119999999978	94798.98336080973	2.1175210217196424e7	1.706705967594607e7
0.8057599999999779	95568.08696973653	2.116849473146694e7	1.707528946003934e7
0.8063999999999779	96362.98160704241	2.1161528116050765e7	1.7083312146021996e7
0.8070399999999779	97176.26691105949	2.1154364658417914e7	1.7091169586392287e7
0.8076799999999779	98014.33607593097	2.114694272536656e7	1.709881281753772e7
0.8083199999999778	98865.95510719472	2.113938199046788e7	1.7106335876809478e7
0.8089599999999778	99741.34620262703	2.1131594067236982e7	1.711366892341011e7
0.8095999999999778	100641.73337528738	2.112357392157462e7	1.7120807632941e7
0.8102399999999778	101576.91144676803	2.111521191203709e7	1.71276645343246e7
0.8108799999999777	102545.82791750347	2.110652805980207e7	1.713425494010759e7
0.8115199999999777	103547.65784407577	2.109750922540559e7	1.7140567349151127e7
0.8121599999999777	104594.09849225012	2.1088054614726927e7	1.7146521391356938e7
0.8127999999999777	105686.94148124674	2.1078143350405384e7	1.7152099510654315e7
0.8134399999999776	106789.87426372623	2.106812092404964e7	1.7157575003401108e7
0.8140799999999776	107907.30980909614	2.1057942212053105e7	1.7162911723027427e7
0.8147199999999776	109029.86065155265	2.104770818121282e7	1.7168189861978758e7
0.8153599999999775	110162.29459553337	2.103735833347838e7	1.717336085685858e7
0.8159999999999775	111317.41735088566	2.102679069270908e7	1.7178343610042702e7
0.8166399999999775	112475.35595486646	2.1016180718919367e7	1.7183277303565726e7
0.8172799999999775	113645.51704601748	2.100544004867668e7	1.7188091351856656e7
0.8179199999999774	114845.40188113648	2.0994398421324708e7	1.719264940754395e7
0.8185599999999774	116083.45712376862	2.0982980943740454e7	1.719689106376825e7
0.8191999999999774	117334.53436524299	2.0971376530319095e7	1.7200965737450168e7
0.8198399999999774	118582.62806148273	2.095973064468662e7	1.7204989418010965e7
0.8204799999999773	119844.21095830112	2.0947909565287404e7	1.720885527287777e7
0.8211199999999773	121143.16509384288	2.0935690402142752e7	1.721238419237897e7
0.8217599999999773	122472.86766559038	2.0923157642394837e7	1.7215643588146623e7
0.8223999999999773	123827.44020461547	2.0910352025677897e7	1.721866525929737e7
0.8230399999999772	125163.69823076398	2.089767184657527e7	1.7221768804643758e7
0.8236799999999772	126480.04565460628	2.0885122249745164e7	1.7224958456319444e7
0.8243199999999772	127779.82245952125	2.0872661183764555e7	1.7228200426210012e7
0.8249599999999772	129062.80088244454	2.086030399182006e7	1.7231507533757865e7
0.8255999999999771	130325.77336131148	2.0848058397071045e7	1.7234885827495594e7
0.8262399999999771	131564.93939202445	2.0836004734830555e7	1.723840127597468e7
0.8268799999999771	132769.63874779287	2.0824236377254944e7	1.724212965548411e7
0.827519999999977	133944.47203125377	2.0812743627882432e7	1.7246064349480744e7
0.828159999999977	135091.91733425576	2.0801464275250603e7	1.7250154849265784e7
0.828799999999977	136225.7807773989	2.079028124345063e7	1.7254306948240496e7
0.829439999999977	137354.09050916688	2.0779116066435836e7	1.725845714382131e7
0.830079999999977	138488.83709274264	2.076784527877229e7	1.7262505032201625e7
0.8307199999999769	139627.49839503595	2.0756482238018405e7	1.7266461067694485e7
0.8313599999999769	140775.90863628904	2.0744973502851937e7	1.7270281620562933e7
0.8319999999999769	141929.18971897746	2.0733342162950404e7	1.7273984783447046e7
0.8326399999999768	143086.46813086755	2.0721611313731253e7	1.7277589395571094e7
0.8332799999999768	144259.3623038053	2.070966161152201e7	1.7280997748531874e7
0.8339199999999768	145449.61833167655	2.0697464008223593e7	1.7284185458349865e7
0.8345599999999768	146656.3083548305	2.0685025422587946e7	1.7287157636328742e7
0.8351999999999767	147853.8721491439	2.067259209010932e7	1.7290115231789004e7
0.8358399999999767	149050.52468809992	2.066007922028957e7	1.7292988749619156e7
0.8364799999999767	150241.82392395227	2.0647544571934853e7	1.729582562657963e7
0.8371199999999767	151411.87718777856	2.0635147019272022e7	1.729875623932886e7
0.8377599999999766	152567.61028178566	2.0622811544646956e7	1.7301719168735072e7
0.8383999999999766	153717.36108182176	2.0610460404314272e7	1.730465072852743e7
0.8390399999999766	154853.78839117795	2.059816825742818e7	1.7307612360491507e7
0.8396799999999766	155964.8682692223	2.0586075384958033e7	1.7310720066922e7
0.8403199999999765	157052.85317565865	2.0574168971599042e7	1.731396386980872e7
0.8409599999999765	158126.52363364378	2.0562355666330658e7	1.7317267063475646e7
0.8415999999999765	159189.23963543834	2.0550587844159085e7	1.732059030520206e7
0.8422399999999765	160252.93051716153	2.053874829597941e7	1.7323836867123604e7
0.8428799999999764	161315.94778468928	2.052685156785051e7	1.732701861122529e7
0.8435199999999764	162375.42792542372	2.0514916026058137e7	1.733015047326185e7
0.8441599999999764	163430.6647698977	2.0502968088852253e7	1.7333254576682776e7
0.8447999999999763	164484.30606305745	2.0490977393432662e7	1.7336305666272417e7
0.8454399999999763	165535.21438477203	2.0478941222063214e7	1.7339301189515952e7
0.8460799999999763	166584.86246310588	2.046685205161804e7	1.7342234925862834e7
0.8467199999999763	167638.54386275972	2.0454635367713638e7	1.7345044494553294e7
0.8473599999999762	168698.13665563092	2.0442278760132626e7	1.7347719413764615e7
0.8479999999999762	169772.59142072065	2.0429676873047214e7	1.7350171422239505e7
0.8486399999999762	170859.74043620826	2.0416860812446997e7	1.735242609018696e7
0.8492799999999762	171958.45269465362	2.040383533303765e7	1.735448684963187e7
0.8499199999999761	173051.6157688635	2.039080801659401e7	1.735652713595769e7
0.8505599999999761	174149.04182662867	2.037765925157214e7	1.735844668582729e7
0.8511999999999761	175226.90662992804	2.0364697874832273e7	1.7360504594763283e7
0.8518399999999761	176297.8277078969	2.0351775963737704e7	1.7362577123103045e7
0.852479999999976	177356.25841505858	2.033894463801165e7	1.736470712025308e7
0.853119999999976	178400.65470980067	2.032623065475105e7	1.736691738434451e7
0.853759999999976	179434.41335036562	2.0313592477460384e7	1.736917320216445e7
0.854399999999976	180461.48222357017	2.0300976189561855e7	1.7371429248172916e7
0.8550399999999759	181479.65540575687	2.028840959787391e7	1.7373709033413243e7
0.8556799999999759	182474.82336051844	2.0276063983978536e7	1.737615719631766e7
0.8563199999999759	183452.17205588752	2.0263883430151034e7	1.737872706698744e7
0.8569599999999759	184410.69219476788	2.025187775627019e7	1.7381427267424356e7
0.8575999999999758	185356.9036955501	2.023996197829646e7	1.7384186215672806e7
0.8582399999999758	186295.39567573366	2.0228091195988253e7	1.7386966223335464e7
0.8588799999999758	187232.96654499552	2.0216162205251236e7	1.7389679711084526e7
0.8595199999999757	188168.66498766316	2.0204193561271213e7	1.7392342383840814e7
0.8601599999999757	189108.64998609966	2.0192115005488515e7	1.7394894596734572e7
0.8607999999999757	190062.35782418575	2.017978611557098e7	1.739721656849214e7
0.8614399999999757	191030.23859938467	2.0167212728370946e7	1.7399312882587712e7
0.8620799999999756	192007.30523583925	2.0154439425376855e7	1.740122078736652e7
0.8627199999999756	192991.79443599723	2.014149038046375e7	1.7402960494573373e7
0.8633599999999756	193983.19244356104	2.012837335228841e7	1.7404538280846726e7
0.8639999999999756	194991.47551134563	2.011496072360019e7	1.740584490585962e7
0.8646399999999755	196017.05364909137	2.0101248854991138e7	1.7406876678360995e7
0.8652799999999755	197068.2386524448	2.0087113462631956e7	1.740752657005695e7
0.8659199999999755	198146.90468718702	2.0072535103070445e7	1.740777713343073e7
0.8665599999999755	199252.61467624307	2.0057511997935258e7	1.7407625865832686e7
0.8671999999999754	200376.54095917096	2.004219449200336e7	1.7407201068104204e7
0.8678399999999754	201513.9722331789	2.0026659089570366e7	1.7406567910862595e7
0.8684799999999754	202671.66670566145	2.0010804431374166e7	1.7405638810164478e7
0.8691199999999754	203845.74629450275	1.99946784487816e7	1.74044542646796e7
0.8697599999999753	205029.94824701914	1.997835972137161e7	1.7403081251719378e7
0.8703999999999753	206217.2808504965	1.99619376019421e7	1.740159624832814e7
0.8710399999999753	207407.7282321078	1.994540715366061e7	1.7399994747756865e7
0.8716799999999753	208597.6916661738	1.992880194425915e7	1.739830533456593e7
0.8723199999999752	209795.2626935875	1.9912006319624603e7	1.739642801187516e7
0.8729599999999752	211006.5975323002	1.9894939165288907e7	1.739429237188062e7
0.8735999999999752	212244.68868096473	1.9877410297956545e7	1.7391733364943624e7
0.8742399999999751	213504.11061615063	1.9859488493452895e7	1.738880949746686e7
0.8748799999999751	214783.94215902544	1.9841181838370755e7	1.7385526933596257e7
0.8755199999999751	216091.48165244394	1.9822386373142183e7	1.738179478504905e7
0.8761599999999751	217434.70256475807	1.9802989821766622e7	1.7377514675804175e7
0.876799999999975	218809.25635833017	1.978306199652239e7	1.737274605893369e7
0.877439999999975	220228.1402031891	1.9762420533557624e7	1.7367329433827616e7
0.878079999999975	221683.9743564755	1.974114994846561e7	1.7361336656901736e7
0.878719999999975	223142.96742515927	1.971974222393416e7	1.7355194666104257e7
0.8793599999999749	224620.4735225036	1.96979732348133e7	1.734870795769069e7
0.8799999999999749	226120.8111749218	1.9675767918339107e7	1.7341810265478916e7
0.8806399999999749	227660.8871891147	1.9652876246633545e7	1.7334282541329768e7
0.8812799999999749	229233.3897801116	1.962939987646524e7	1.7326212111165494e7
0.8819199999999748	230840.36274783837	1.960527051921516e7	1.731753780633901e7
0.8825599999999748	232446.9008006573	1.9580992024867903e7	1.730869888549696e7
0.8831999999999748	234042.53726219936	1.9556740815920554e7	1.7299849656972773e7
0.8838399999999748	235620.1992057334	1.953259620886773e7	1.7291059475584906e7
0.8844799999999747	237163.87251455613	1.95087718405291e7	1.7282515688063573e7
0.8851199999999747	238673.5705343613	1.948525589534163e7	1.7274208517867286e7
0.8857599999999747	240138.3969042662	1.9462273404765397e7	1.7266336701466855e7
0.8863999999999747	241567.0872749362	1.9439662276882336e7	1.725875866334245e7
0.8870399999999746	242986.35260506903	1.941700132948114e7	1.725110459769273e7
0.8876799999999746	244407.7225383726	1.9394142279144958e7	1.724324409374642e7
0.8883199999999746	245820.4132243497	1.9371238516192537e7	1.723531182245256e7
0.8889599999999745	247241.42056341382	1.9348009575061608e7	1.7227060279185645e7
0.8895999999999745	248684.46906519055	1.9324239566515427e7	1.7218298283756435e7
0.8902399999999745	250171.89617894823	1.9299556474714793e7	1.7208696023374215e7
0.8908799999999745	251716.12014819487	1.9273748692426253e7	1.7198064498138785e7
0.8915199999999744	253320.43175942384	1.924674860105941e7	1.7186341513253264e7
0.8921599999999744	254968.50127523008	1.921878136088308e7	1.7173723782102484e7
0.8927999999999744	256631.8455504866	1.919030960052455e7	1.7160619345190845e7
0.8934399999999744	258285.64825906412	1.9161838706635248e7	1.7147476092734195e7
0.8940799999999743	259941.87129187575	1.9133146591792103e7	1.7134096747796237e7
0.8947199999999743	261604.73004550417	1.910416597781684e7	1.7120421129650988e7
0.8953599999999743	263249.5930029495	1.90753672148064e7	1.71068672268604e7
0.8959999999999743	264868.0973588849	1.9046925956643328e7	1.709359193927726e7
0.8966399999999742	266475.5556268037	1.9018569222112987e7	1.7080352820744492e7
0.8972799999999742	268078.71788875916	1.8990133023193017e7	1.706700360495168e7
0.8979199999999742	269676.0475585487	1.89616746038988e7	1.7053595391267106e7
0.8985599999999742	271226.9560425055	1.8934007193799384e7	1.7040854766480844e7
0.8991999999999741	272711.5152233164	1.8907464460197017e7	1.7029081363343183e7
0.8998399999999741	274144.0252177543	1.8881760757400572e7	1.701802186550466e7
0.9004799999999741	275517.7146988222	1.8857064942934845e7	1.7007829362780314e7
0.901119999999974	276842.4652440963	1.8833173290488433e7	1.6998323298487794e7
0.901759999999974	278138.71185541764	1.8809717378144614e7	1.698917508996788e7
0.902399999999974	279425.60498257965	1.8786307691655196e7	1.698003599999547e7
0.903039999999974	280709.4654843315	1.8762819845176656e7	1.6970794422761206e7
0.903679999999974	282013.52128094406	1.873881200783571e7	1.696105317761027e7
0.9043199999999739	283348.43804200215	1.8714051516904622e7	1.6950601846318565e7
0.9049599999999739	284708.97030282114	1.8688564478097685e7	1.693946205063638e7
0.9055999999999739	286104.3702580222	1.866217486547952e7	1.692747381073013e7
0.9062399999999738	287544.3514493003	1.8634679213029653e7	1.69144518484074e7
0.9068799999999738	289031.3235861363	1.8606040417141058e7	1.6900360530348744e7
0.9075199999999738	290537.4638152913	1.8576851731639236e7	1.6885733388150398e7
0.9081599999999738	292076.39941492694	1.8546856845325455e7	1.6870337809172552e7
0.9087999999999737	293628.008605407	1.8516415780766234e7	1.685449753594469e7
0.9094399999999737	295179.35110075487	1.848575927967663e7	1.6838420361344323e7
0.9100799999999737	296755.99856513704	1.845436825556714e7	1.6821635761417046e7
0.9107199999999737	298369.5372327754	1.8422001423062965e7	1.680392356829557e7
0.9113599999999736	300038.0208983474	1.8388250223795075e7	1.6784911094129834e7
0.9119999999999736	301671.68180074985	1.835492328114274e7	1.676623714040017e7
0.9126399999999736	303255.4953470351	1.8322419996333368e7	1.6748265785526726e7
0.9132799999999736	304784.92773184145	1.829084683766585e7	1.6731095548835896e7
0.9139199999999735	306296.9624898474	1.8259433088167734e7	1.6714027130468907e7
0.9145599999999735	307856.08014537627	1.8226838238563698e7	1.669584040294796e7
0.9151999999999735	309599.9923372899	1.8190115696424518e7	1.6673847964717448e7
0.9155199999999735	310856.5976598649	1.8163400753963806e7	1.6655217823638774e7
0.9156799999999735	311869.27845777693	1.8141723343828775e7	1.663831004903622e7
0.9158399999999736	313044.4522271408	1.8116480177407227e7	1.6618143026775602e7
0.9161599999999736	315170.27708290186	1.807066111219965e7	1.6582040760582991e7
0.9164799999999735	317036.91879214527	1.8030414957146317e7	1.6550993623382507e7
0.9171199999999735	319298.43687865546	1.7981503852460455e7	1.6517660267616568e7
0.9177599999999735	321167.58388913324	1.7940565841200236e7	1.6491546528518504e7
0.9183999999999735	322873.3312599123	1.7902710651301093e7	1.6468195925985267e7
0.9190399999999734	324546.74338654865	1.7865227859689947e7	1.6445134316513557e7
0.9196799999999734	326277.3331419817	1.7826025369493317e7	1.6420445607213113e7
0.9203199999999734	328135.07725101255	1.778342963148404e7	1.6392591761402287e7
0.9209599999999734	330157.93453266646	1.7736583558534417e7	1.6360779677212855e7
0.9215999999999733	332346.0797886548	1.768539984971314e7	1.6324920434150597e7
0.9222399999999733	334477.7161465163	1.7634981531678036e7	1.6289694354981843e7
0.9228799999999733	336589.6439250111	1.7584490491213933e7	1.625433237787055e7
0.9235199999999733	338753.954014225	1.753219940392975e7	1.6217244695919752e7
0.9241599999999732	341029.3469384708	1.7476687450947203e7	1.6177119140338723e7
0.9247999999999732	343527.9786403772	1.741515242406919e7	1.6131366265772484e7
0.9254399999999732	346340.7149458672	1.7345255629395247e7	1.6077816533373445e7
0.9260799999999731	349523.4133383067	1.7265499591282807e7	1.6015070632208696e7
0.9267199999999731	353041.97000690055	1.717664478621419e7	1.594381117184207e7
0.9273599999999731	357094.00645075424	1.7073446000150613e7	1.5859170191327807e7
0.9276799999999731	359454.4320093344	1.7012936507001534e7	1.5808556683337651e7
0.9279999999999731	361998.60081762745	1.6947432395732656e7	1.5753281162498327e7
0.9283199999999731	364722.1905565562	1.6877037467073955e7	1.5693434708052743e7
0.928639999999973	368077.6851350431	1.6789555693689797e7	1.5617719022998886e7
0.928959999999973	370891.91709282773	1.6715968022838261e7	1.5554813816285666e7
0.929599999999973	374768.1834272422	1.6614131222696278e7	1.54708800647313e7
0.930239999999973	378446.5049911625	1.6516633189492833e7	1.539083328638156e7
0.930879999999973	382292.7314947184	1.6413701831543941e7	1.5305610834548105e7
0.9315199999999729	385004.0685243851	1.634102454071673e7	1.5248356258780567e7
0.9321599999999729	387113.45501969656	1.6284314955731183e7	1.5205848805922486e7
0.9327999999999729	389024.3558176825	1.6232617559772763e7	1.5167928096466552e7
0.9334399999999728	390967.2410961701	1.6179621071884613e7	1.5128728272906907e7
0.9340799999999728	392800.550720679	1.6128974948479788e7	1.509164633217908e7
0.9347199999999728	394601.38884448475	1.607859177514262e7	1.5054740882724652e7
0.9353599999999728	396361.3040950564	1.602880582849183e7	1.5018324614434395e7
0.9359999999999727	398019.88370282674	1.5981463067038216e7	1.4984122703304326e7
0.9366399999999727	399501.1008694432	1.5938900117875122e7	1.4954323796157219e7
0.9372799999999727	400906.35025357845	1.589817774676056e7	1.4926188884771219e7
0.9379199999999727	402306.08283607895	1.5857210594773471e7	1.4897770122671975e7
0.9385599999999726	403681.95641425566	1.5816408776255552e7	1.486945084044408e7
0.9391999999999726	405104.8559152146	1.5773682285087587e7	1.4839272777393484e7
0.9398399999999726	406588.18637896713	1.5728528329917133e7	1.4806760410881458e7
0.9404799999999726	408124.17821176175	1.5681096388463253e7	1.4772049082508665e7
0.9411199999999725	409742.76745744084	1.563042434858729e7	1.4734230617089948e7
0.9417599999999725	411458.82298035006	1.5575960801709987e7	1.4692780206468355e7
0.9423999999999725	413211.93831075873	1.5519795465133706e7	1.4649656253988288e7
0.9430399999999725	415076.78520148754	1.545935974441155e7	1.460243738705453e7
0.9436799999999724	417143.2588460224	1.539149265849489e7	1.4548137300306251e7
0.9443199999999724	419215.0843876764	1.5322634575369641e7	1.4492812178111354e7
0.9449599999999724	421015.1157817378	1.5262518638969209e7	1.444564228505256e7
0.9455999999999724	422661.8626254426	1.5207196424626002e7	1.4402917744452763e7
0.9462399999999723	424278.2948665924	1.5152430298788972e7	1.4360644847057698e7
0.9468799999999723	425985.63491101295	1.5093797730666474e7	1.4314643552139536e7
0.9475199999999723	427863.6314922943	1.5028102463133251e7	1.426188192924833e7
0.9481599999999722	430087.3484049473	1.4948394415590245e7	1.4195765377226956e7
0.9487999999999722	432358.50094067416	1.4865739008047216e7	1.412674992608296e7
0.9494399999999722	434214.0696402046	1.4797736806039453e7	1.4071517096486708e7
0.9500799999999722	435909.1853331882	1.4735004674372282e7	1.4021193827559052e7
0.9507199999999721	437669.77818842715	1.4668787793248495e7	1.3967478297465937e7
0.9513599999999721	439720.2118625628	1.458986339122227e7	1.3901600426977819e7
0.9516799999999721	440898.3896788945	1.4543690322610458e7	1.3862243416410811e7
0.9519999999999721	442208.80304354575	1.4491667656854488e7	1.3817293631871171e7
0.9526399999999721	444765.2818811272	1.4390444304522136e7	1.372997694600947e7
0.953279999999972	447305.64120706246	1.4289315363971643e7	1.3642616669723693e7
0.953919999999972	449788.96055497986	1.4189658752726164e7	1.3556525552702531e7
0.954559999999972	452374.14499219775	1.408491257848345e7	1.3465450032065224e7
0.955199999999972	454135.4027813227	1.40118094753665e7	1.3404425676914304e7
0.9558399999999719	455586.98980539694	1.395009833237526e7	1.3354180711486997e7
0.9564799999999719	457040.60029691906	1.3886951599323582e7	1.3302481872645564e7
0.9571199999999719	458643.86434623477	1.3816005868458409e7	1.3243242185721703e7
0.9577599999999719	460498.9376319387	1.3732500798982685e7	1.3171891440358857e7
0.9583999999999718	462732.0607810749	1.3630377066396939e7	1.3082603034162948e7
0.9587199999999718	464056.0155252778	1.3569225331084115e7	1.3028243941737479e7
0.9590399999999718	465483.1717716202	1.350256028088712e7	1.296856160249738e7
0.9593599999999718	467055.77638492524	1.3428355078721132e7	1.2901607875073822e7
0.9596799999999718	468817.6775673248	1.3344363737889105e7	1.2825221720736567e7
0.9599999999999718	470858.2609808572	1.3246179934841547e7	1.2735167067886759e7
0.9601599999999718	472035.7945197127	1.3189266186283829e7	1.268261172747559e7
0.9602399999999718	472680.70758274035	1.315808835326379e7	1.2653716545271154e7
0.9603199999999718	473342.298197683	1.3125971929286137e7	1.262391558552419e7
0.9603999999999717	474009.9073550796	1.3093376834469374e7	1.2593649904155292e7
0.9604799999999717	474700.4254669596	1.3059462235172726e7	1.2562112448452799e7
0.9605199999999717	475067.0581564684	1.3041476263440307e7	1.2545354428015346e7
0.9605399999999717	475261.31677018636	1.3031998706303794e7	1.2536509848912442e7
0.9605599999999718	475452.7654815674	1.3022605665782545e7	1.252774595539432e7
0.9605799999999718	475644.54158964386	1.3013155774312874e7	1.251892708151857e7
0.9605999999999718	475836.89869243855	1.3003650453510169e7	1.2510054599449998e7
0.9606099999999718	475936.5121775919	1.2998755961586574e7	1.2505482103474e7
0.9606199999999717	476036.7236356527	1.2993812673072904e7	1.250086265618371e7
0.9606299999999717	511508.85765379947	1.1530923940975001e7	1.1097089569144333e7
0.9612699999999716	513879.7575875815	1.1412751669097845e7	1.0990638359964743e7
0.9619099999999716	516048.524899566	1.130254313393166e7	1.089168555427332e7
0.9622299999999716	517285.89688628487	1.1238913763929807e7	1.0833957879391268e7
0.9625499999999716	518660.0205245916	1.1167694601334188e7	1.0768888256282566e7
0.9628699999999716	520221.99465762096	1.1086183745069925e7	1.0693869585276816e7
0.9631899999999716	521998.53750961635	1.0992785235025616e7	1.0607355576689756e7
0.9635099999999716	523859.14804039104	1.089341542756483e7	1.0515030318924688e7
0.9638299999999715	525563.8294019824	1.0801597426864034e7	1.042991329164354e7
0.9641499999999715	527242.4381483819	1.0710579558923393e7	1.034550692314332e7
0.9642299999999715	527722.994610786	1.0684428684779434e7	1.0321123322241811e7
0.9642699999999715	527972.3212314664	1.0670843409066075e7	1.0308438625097457e7
0.9642899999999716	528101.0468724181	1.066382941639191e7	1.030188255631608e7
0.9642999999999715	539717.6507146776	1.0103905205027388e7	9.76246370933815e6
0.9646199999999715	541048.8714771002	1.0031276660156755e7	9.695512400992997e6
0.9649399999999715	542539.7822412457	9.94917663046145e6	9.619379942562582e6
0.9650999999999715	543425.4108264368	9.900226277908053e6	9.573673927646639e6
0.9652599999999716	544446.9298425679	9.84358579044887e6	9.520533706431143e6
0.9654199999999716	545657.8546695081	9.77627947526711e6	9.457084579626584e6
0.9655799999999717	547159.256688753	9.692611534924943e6	9.377825067507794e6
0.9656599999999717	548068.4032212475	9.641846086815076e6	9.329565761160206e6
0.9656999999999717	548576.572728464	9.613448907442767e6	9.30252378636181e6
0.9657099999999716	569771.0019333703	8.568970330053177e6	8.294677785091721e6
0.9660299999999716	572275.896207364	8.429636935296027e6	8.162722380797962e6
0.9663499999999716	574468.3482579772	8.305193340736454e6	8.045054444739334e6
0.9666699999999716	576827.5352067298	8.16956932831227e6	7.916503244347847e6
0.9669899999999716	579520.8238378866	8.013126280407408e6	7.767742964285837e6
0.9671499999999716	581043.3440206243	7.924076776622584e6	7.682858128361401e6
0.9673099999999717	582703.9160522678	7.826468908216517e6	7.589670230622463e6
0.9674699999999717	584523.8618063743	7.718991518790798e6	7.486907285908894e6
0.9676299999999718	586523.6818156149	7.600334026012221e6	7.373296985170379e6
0.9677899999999718	588533.3071441221	7.480526141441349e6	7.258535052248441e6
0.9679499999999719	590578.7528233104	7.358008357853727e6	7.141112239012312e6
0.9681099999999719	592721.585189407	7.229034029505057e6	7.017402025655645e6
0.968269999999972	595039.9724717574	7.088812267503284e6	6.882764872581752e6
0.968429999999972	597606.3377384942	6.932829434966829e6	6.7328264417871535e6
0.9685899999999721	600465.4045126319	6.758199482438853e6	6.5647850550510185e6
0.9687499999999721	602776.4522556372	6.615447102827162e6	6.427551144996634e6
0.9689099999999722	604609.6716465608	6.500582480890667e6	6.317276686251104e6
0.9690699999999722	606379.3532325927	6.388614908788253e6	6.209770363054756e6
0.9692299999999723	608210.7224358093	6.271927639419707e6	6.097655069883956e6
0.9693899999999723	609966.299741012	6.159112880098065e6	5.989253503273183e6
0.9695499999999724	611801.4293657949	6.040422081088742e6	5.875120582243629e6
0.9697099999999724	613794.9068469607	5.910781282412548e6	5.75033556509652e6
0.9700299999999724	616235.9672955271	5.75086406157857e6	5.596979257592766e6
0.9706699999999724	617415.0067004059	5.671226623858597e6	5.522998329127207e6
0.9713099999999724	618582.1627028099	5.590282630982986e6	5.447644544547889e6
0.9719499999999723	620032.2969590598	5.487658605802238e6	5.351121687839053e6
0.9722699999999723	620914.267635484	5.42434642802332e6	5.291147254215633e6
0.9725899999999723	621933.8978872767	5.3504311834145e6	5.220823072818068e6
0.9729099999999723	623132.8759845915	5.262665393319048e6	5.136980457424329e6
0.9732299999999723	624556.1396104005	5.157430116954844e6	5.036085080581208e6
0.9735499999999723	626253.6413022672	5.030559524528902e6	4.914065633917435e6
0.9737099999999723	627254.1472624665	4.955231761154365e6	4.841449229685027e6
0.9738699999999724	628383.5219790483	4.869798750002459e6	4.75897057009409e6
0.9740299999999724	629680.4543609115	4.771217334488239e6	4.663661621711218e6
0.9741899999999725	631192.3386667569	4.655770986261684e6	4.551896611367148e6
0.9743499999999725	632985.1342525971	4.518253778065503e6	4.418596637351595e6
0.9744299999999725	634015.3920301375	4.438965414052349e6	4.341672841989136e6
0.9745099999999725	635153.5975917145	4.351168856121238e6	4.256447627181218e6
0.9745899999999724	636422.0031491483	4.25310482054792e6	4.1612049101577173e6
0.9746699999999724	637845.2592260899	4.1428158922707103e6	4.0540349861355936e6
0.9747499999999724	639452.6953741907	4.017966319978088e6	3.9326588509567464e6
0.9748299999999723	641287.159063862	3.8751500971220024e6	3.7937537669709893e6
0.9749099999999723	643201.1202238537	3.725772507706072e6	3.6484307915940583e6
0.9752299999999723	645167.0984622001	3.5702230567127615e6	3.497769420626814e6
0.9753899999999723	645994.9404150395	3.503911485166032e6	3.433578158999631e6
0.9755499999999724	646904.0480142195	3.430732408935502e6	3.3626678055108995e6
0.9757099999999724	647932.9474418247	3.347538797050774e6	3.2819653709636983e6
0.9760299999999724	649617.5044002774	3.208830505797241e6	3.1474861701536854e6
0.9760699999999725	650177.3711623518	3.163672173388131e6	3.103524242770799e6
0.9760899999999725	649278.4261862942	3.2417907298346497e6	3.179803760654346e6
0.9760999999999724	651104.127723189	3.091727638112437e6	3.033396736214067e6
0.9761099999999724	651324.4747366579	3.07159203080114e6	3.013771838886692e6
0.9761199999999723	648975.1147114834	3.2658296677965224e6	3.203339181068779e6
0.9761299999999723	648642.286513278	3.2948036763454825e6	3.2316398039701143e6
0.9761399999999723	651674.8017291446	3.042604323217526e6	2.985556744834747e6
0.9761799999999723	652103.313565666	3.0047349608773105e6	2.948695275038282e6
0.9761899999999722	651485.5751940804	3.056443260501042e6	2.9991812180138165e6
0.9761999999999722	646546.6750300914	3.4665917239779606e6	3.399474651812923e6
0.9762099999999722	648110.1286156002	3.3418068133277744e6	3.2777237691983967e6
0.9762199999999721	652545.7654008262	2.9691658616798e6	2.9140766357902214e6
0.9762299999999721	648040.1348787756	3.3474367028989457e6	3.283272046477031e6
0.976239999999972	652510.6483673417	2.970600084965896e6	2.9155222799522495e6
0.976249999999972	647210.4627994143	3.4107800798322707e6	3.345145301427663e6
0.9762599999999719	648701.4973096299	3.2902305807040855e6	3.227520680264227e6
0.9762699999999719	652611.3483405017	2.968383553336121e6	2.91343027891151e6
0.9762799999999718	646769.8765475724	3.4467198723037913e6	3.380305058404375e6
0.9762899999999718	651156.9295486147	3.087377429691717e6	3.0296146416332554e6
0.9762999999999717	649952.0744494424	3.1920178201626576e6	3.131770861989183e6
0.9763099999999717	653870.5979128394	2.861622788873315e6	2.8093211394693987e6
0.9763199999999717	649198.1808507803	3.2511502394480184e6	3.189536014700362e6
0.9763299999999716	649136.6408226378	3.2557981922746524e6	3.194098513351709e6
0.9763399999999716	644225.9447403639	3.649606769288983e6	3.5784994589800774e6
0.9763499999999715	653061.0376558315	2.924776587882966e6	2.8710505151200294e6
0.9763599999999715	644054.2347856201	3.6623707649973743e6	3.591017762223082e6
0.9763799999999715	643947.6277220879	3.6702338934689313e6	3.5987530118719046e6
0.9763899999999714	643880.8381539539	3.6751351254708655e6	3.603567211747227e6
0.9763999999999714	642590.1028722891	3.778514626640983e6	3.7045068078799522e6
0.9764099999999714	655422.9682110115	2.7345714728820287e6	2.68552435965678e6
0.9764199999999713	655599.6585139196	2.720003394335974e6	2.671324754245231e6
0.9764299999999713	655535.181003182	2.7252465883699395e6	2.6764634904982457e6
0.9764399999999712	655816.4091709385	2.7085370863182433e6	2.660174987164594e6
0.9764499999999712	641367.3556966778	3.86957542855072e6	3.7935511284349146e6
0.9764599999999711	656313.6277358638	2.660772628112722e6	2.613587663243793e6
0.9764699999999711	652984.353374884	2.943917047559306e6	2.8900114012650806e6
0.976479999999971	649886.8667119059	3.1971739973734953e6	3.1372618040602608e6
0.976489999999971	655689.1180408102	2.717964919692844e6	2.6694808155959453e6
0.976499999999971	648093.6714330397	3.3407511567704193e6	3.277473705864913e6
0.9765099999999709	640528.7384002488	3.9301310418630727e6	3.852858283754635e6
0.9765199999999709	651580.1660925495	3.0570331447201e6	3.0005531087818546e6
0.9765599999999709	652301.5451079219	2.997555675597392e6	2.9425829187786505e6
0.9765699999999709	657191.9616020047	2.5805842401586734e6	2.5355191590720345e6
0.9765799999999708	655234.3783258057	2.734491931756135e6	2.6857957198547362e6
0.9765899999999708	658814.9038401505	2.4552551855951585e6	2.4132005185992215e6
0.9766099999999708	658403.9273986421	2.492198781569116e6	2.449306319930015e6
0.9766299999999708	660379.3095872811	2.3247118488779142e6	2.2858163974346435e6
0.9766399999999708	658675.8745878027	2.469262134121716e6	2.426966839098951e6
0.9766499999999707	661401.0181691714	2.2421952282197736e6	2.2052836834150455e6
0.9766599999999707	649885.0396046073	3.1924133864210583e6	3.1330707748062876e6
0.9766699999999706	661424.1930014639	2.2397710503912494e6	2.2029482182082995e6
0.9766799999999706	662381.5251835099	2.160158759626571e6	2.125230594519315e6
0.9766999999999706	662015.6805589792	2.1903103708757088e6	2.154701104591284e6
0.9767199999999706	663718.419915161	2.0489352893088385e6	2.016687440589313e6
0.9767399999999706	664317.2137780001	1.9973087038481683e6	1.966303321789097e6
0.9767499999999706	658060.6463072916	2.527148249173399e6	2.483691962406707e6
0.9767599999999705	659496.5780274727	2.401601929053638e6	2.361115400695739e6
0.9767699999999705	662770.6381748201	2.1220794040070474e6	2.0881796613767217e6
0.9767799999999704	666139.5178416203	1.8454411304618604e6	1.8180577470167836e6
0.9768199999999705	668263.2370604556	1.6681746230464876e6	1.6449966771193019e6
0.9768399999999705	669466.8802676044	1.5675861803098246e6	1.5467857373208203e6
0.9768599999999705	670780.6472870347	1.457700872626312e6	1.439491538611938e6
0.9768699999999705	671482.3873855338	1.398967137201514e6	1.382140414938249e6
0.9768799999999704	672213.9452017092	1.3377098115125e6	1.3223235470833748e6
0.9768899999999704	672983.9320023202	1.2732060450042225e6	1.2593349119727307e6
0.9768999999999703	667522.6183486508	1.7327271673477925e6	1.7081209422658808e6
0.9769099999999703	651489.4481773308	3.067688290348299e6	3.0118982590824994e6
0.9769199999999703	675532.6018403311	1.0594977214469425e6	1.0506358064864106e6
0.9769299999999702	676419.8297242684	985014.4245938733	977895.1472902223
0.9769399999999702	676792.6491014946	953503.2590522468	947122.3123867742
0.9769499999999701	676907.5701457986	943547.8914133012	937401.8320080773
0.9769699999999701	677127.1466332807	924477.4837955013	918781.0055306479
0.9769899999999702	677348.5847824339	905226.9839740545	899983.5020086485
0.9770699999999701	678264.2578588538	825464.9046690762	822089.5938377135
0.9771099999999702	678740.8909909978	783849.5126708001	781443.5763205463
0.9771299999999702	678984.8960273929	762521.0009957962	760610.5302751663
0.9976099999999702	679928.0	679928.0	679928.0
