lambda	f0	f1	fla
0.0	56.68083483728474	10421.983896574053	56.68083483728474
0.00016	56.964066591001476	10421.995094133774	58.62247155540832
0.0008	57.405993069714114	10421.998303300365	65.69766691789863
0.00144	57.920035393509814	10421.999659991601	72.84431005293106
0.0020800000000000003	58.5532486021705	10421.99999287996	80.1092178302683
0.00272	59.43511690616165	10421.999987894713	87.62129335525051
0.00304	60.70889447066713	10421.999982446783	92.20721937811453
0.00305	62.344238477558115	10421.99997977685	93.94118848852096
0.0030600000000000002	64.22865051366308	10421.99997809996	95.92343077607715
0.0030700000000000002	66.31512716304064	10421.9999748817	98.10707964553693
0.0033900000000000002	68.61284607034698	10421.999966515328	103.71082840865546
0.00371	71.07111505022536	10421.99995374091	109.4730610417678
0.004350000000000001	73.72492864538545	10421.999930403097	118.7399249030315
0.0049900000000000005	76.37220845527138	10421.999898373868	127.99689062796517
0.0056300000000000005	78.92561419863391	10421.999855888836	137.15712217934976
0.00627	81.19379104756636	10421.999807518154	146.03064477083694
0.00691	83.24102103176305	10421.999748725435	154.68184384012633
0.00755	85.01157204971385	10421.99968349611	163.05583229113415
0.008190000000000001	86.52020056584563	10421.999613342796	171.16777695648886
0.008830000000000001	87.79752417709066	10421.999522577304	179.04852782296456
0.009470000000000001	88.87145827084059	10421.999437156173	186.72618023088472
0.010110000000000001	89.77834166473528	10421.999340054754	194.23709595845838
0.010750000000000001	90.54680051566237	10421.999234456127	201.60991418052237
0.01139	91.19911778924973	10421.999125739972	208.86692987980848
0.01203	91.7568991056945	10421.999008606472	216.02971168298888
0.01267	92.23569713013585	10421.998881467971	223.11379667569622
0.01331	92.64977894407656	10421.99874190644	230.13341364110562
0.01395	93.00989409004346	10421.998588043132	237.09928637068907
0.01459	93.32434222772866	10421.998436408914	244.01969726183216
0.01523	93.60042176223943	10421.998279821204	250.9019211404775
0.015870000000000002	93.84463657396537	10421.998106463447	257.75243214111146
0.016510000000000004	94.06095159290348	10421.997931963158	264.5751911388164
0.017150000000000006	94.25383516277385	10421.99774437655	271.37464320579016
0.017790000000000007	94.42632132427156	10421.997551693034	278.1538135125319
0.01843000000000001	94.58184421018353	10421.997337211422	284.91611174619646
0.01907000000000001	94.72185668742608	10421.997126421624	291.66299608125735
0.019710000000000012	94.84892402683283	10421.996897308727	298.3970105802191
0.020350000000000014	94.96422169321252	10421.996671121327	305.1193320390748
0.020990000000000016	95.06948309831034	10421.996430857285	311.8316797317714
0.021630000000000017	95.16608186226367	10421.996172609377	318.5354167251239
0.02227000000000002	95.25473050868261	10421.995910388026	325.2312565845958
0.02291000000000002	95.33648512050743	10421.995633292681	331.9202462051322
0.023550000000000022	95.41209327245588	10421.99534484378	338.6031288469608
0.024190000000000024	95.48212197792877	10421.99504701743	345.2804696346345
0.024830000000000026	95.5470609546188	10421.994745142221	351.9527569529972
0.025470000000000027	95.60763423507731	10421.994429468685	358.62070590967755
0.02611000000000003	95.664298172051	10421.99409783713	365.28476924130655
0.02675000000000003	95.71737310620098	10421.993754540568	371.9452663095706
0.027390000000000032	95.76715936000221	10421.993399381448	378.60249607418996
0.028030000000000034	95.81377526629203	10421.993044356757	385.2565801788981
0.028670000000000036	95.85784162967828	10421.992669623636	391.9081271482654
0.029310000000000037	95.89954036824646	10421.992280140508	398.55731857097186
0.02995000000000004	95.93910652333571	10421.9918711815	405.20438682484814
0.03059000000000004	95.97653105324943	10421.991456384674	411.8493276191382
0.031230000000000042	96.01211252578972	10421.991029538798	418.4924341041064
0.031870000000000044	96.04601641047523	10421.990586073473	425.1338698456354
0.032510000000000046	96.07828136004703	10421.990135150209	431.77367572676565
0.03315000000000005	96.10923756124004	10421.989662458558	438.4121736465866
0.03379000000000005	96.1388089647025	10421.989181561596	445.049293054752
0.03443000000000005	96.16713916819411	10421.988688093199	451.68517509768253
0.03507000000000005	96.19445624367744	10421.988172330099	458.3200418668288
0.035710000000000054	96.22058225462786	10421.987652797688	464.9537243437211
0.036350000000000056	96.24588521384732	10421.987109828759	471.5865787285999
0.03699000000000006	96.27030441799468	10421.986551761604	478.21854840723535
0.03763000000000006	96.29392235521198	10421.9859773585	484.8497143849863
0.03827000000000006	96.31688563008638	10421.985379342883	491.48021888447573
0.03891000000000006	96.3390353793924	10421.984775542729	498.1099111291485
0.039550000000000064	96.36045113477677	10421.984161897697	504.73886889545093
0.040190000000000066	96.38145838942715	10421.98351554425	511.36740506648016
0.04083000000000007	96.40180346810698	10421.98286198045	517.9952780871666
0.04147000000000007	96.42178159179083	10421.98217849688	524.6227712514457
0.04211000000000007	96.441077887955	10421.981495013151	531.2495848530978
0.04275000000000007	96.46003848245498	10421.980785258123	537.8760504071155
0.043390000000000074	96.47864537860386	10421.9800514325	544.5021513872832
0.044030000000000076	96.49673951730986	10421.979310282417	551.1277371080984
0.04467000000000008	96.51452283256492	10421.978546651573	557.7530007765608
0.04531000000000008	96.53211126021621	10421.977751409102	564.378053215363
0.04595000000000008	96.54924045905138	10421.976951207504	571.0026437679436
0.04659000000000008	96.56624706836219	10421.976116844644	577.62709290124
0.047230000000000084	96.58292236441622	10421.975268958453	584.2512028940534
0.047870000000000086	96.59930800580317	10421.974404607477	590.8750138801262
0.04851000000000009	96.61562383845678	10421.973504595962	597.4987346340043
0.04915000000000009	96.63166484713993	10421.972589785702	604.1221713078712
0.04979000000000009	96.64751660564289	10421.971652374477	610.7454053255741
0.05043000000000009	96.66315725522081	10421.970697022862	617.3684164857038
0.051070000000000094	96.6786860944153	10421.969713739205	623.9912988762358
0.051710000000000096	96.69407687310999	10421.968707425354	630.6140280189675
0.0523500000000001	96.70940701224086	10421.967669602538	637.236677058844
0.0529900000000001	96.72447822065787	10421.966623368653	643.8590594920512
0.0536300000000001	96.73960089981193	10421.965535138053	650.4814677530098
0.0542700000000001	96.75462554302072	10421.964422028563	657.1037611982921
0.054910000000000105	96.76945898113065	10421.963295476402	663.7258525430871
0.055550000000000106	96.78435706314941	10421.962126876195	670.3479821762652
0.05619000000000011	96.7990857582567	10421.960943580249	676.9699305492755
0.05683000000000011	96.81376091287795	10421.959733341851	683.5918065260176
0.05747000000000011	96.82841864040887	10421.95849202546	690.213643957849
0.05811000000000011	96.84315997642783	10421.957207814135	696.8355372962783
0.058750000000000115	96.85775260598885	10421.955909236813	703.4572693080509
0.059390000000000116	96.87242921469773	10421.954568057494	710.0790574405726
0.06003000000000012	96.88697206031411	10421.95321205775	716.7006984473613
0.06067000000000012	96.9015213795702	10421.951824299755	723.3223232577391
0.06131000000000012	96.91619052243618	10421.950389956126	729.944037289717
0.06195000000000012	96.93082038018213	10421.948929837601	736.5656922610705
0.06259000000000012	96.94547411061447	10421.947436067525	743.1873469094987
0.06323000000000012	96.96016042338711	10421.94590768914	749.8090092230019
0.06387000000000012	96.97480021762439	10421.944355200394	756.4306056943751
0.06451000000000012	96.98969001481258	10421.942738863316	763.0524111960308
0.06515000000000012	97.0044932144991	10421.941104325024	769.6741134283511
0.06579000000000013	97.01930085537666	10421.939439481212	776.2957967755716
0.06643000000000013	97.0342733986065	10421.937722107255	782.9176094963234
0.06707000000000013	97.04911869722575	10421.935992998202	789.5392813565935
0.06771000000000013	97.06424384915492	10421.934194745714	796.1611882243624
0.06835000000000013	97.07930631352819	10421.932376498491	802.7830136606718
0.06899000000000013	97.09461301851414	10421.93049301248	809.4050403792992
0.06963000000000014	97.10988164427444	10421.928585872805	816.0270080197085
0.07027000000000014	97.12521848439778	10421.926639312413	822.6490143259838
0.07091000000000014	97.14071223999537	10421.924640189882	829.2711405709233
0.07155000000000014	97.15627563405616	10421.92260090948	835.8933062075142
0.07219000000000014	97.1719501750902	10421.92051519426	842.5155490838256
0.07283000000000014	97.18772063787871	10421.918385563258	849.1378549643956
0.07347000000000015	97.20364281286977	10421.916202786066	855.760274594102
0.07411000000000015	97.21963524259677	10421.913979688801	862.3827331095065
0.07475000000000015	97.235760979591	10421.911705867515	869.0052878599648
0.07539000000000015	97.25207804505243	10421.909371637828	875.6279914090134
0.07603000000000015	97.26846650609436	10421.90699626421	882.2507339236055
0.07667000000000015	97.28500742116837	10421.904566086698	888.8735889840561
0.07731000000000016	97.30179543653031	10421.902065186936	895.4966422909358
0.07795000000000016	97.31862776365682	10421.899526684052	902.1197088345033
0.07859000000000016	97.33558201984498	10421.896937443375	908.7428589425818
0.07923000000000016	97.3528395170044	10421.894266025016	915.3662567392358
0.07987000000000016	97.37011787518502	10421.891561097862	921.9896455453819
0.08051000000000016	97.38760254708988	10421.888789741204	928.6131931280897
0.08115000000000017	97.40528099206901	10421.885953520346	935.2368875677404
0.08179000000000017	97.42320620597691	10421.883042672442	941.8607762305708
0.08243000000000017	97.44116282538569	10421.880095092274	948.484664012147
0.08307000000000017	97.45946831278657	10421.877053367669	955.1088371032973
0.08371000000000017	97.47792411772254	10421.873952345062	961.7331156406349
0.08435000000000017	97.49658757494906	10421.870781322017	968.3575508175161
0.08499000000000018	97.5153520244529	10421.867559681235	974.9820461532047
0.08563000000000018	97.53441391685423	10421.86425046608	981.6067778205662
0.08627000000000018	97.55363938146571	10421.860877894644	988.2316248479995
0.08691000000000018	97.57316643152325	10421.857415158565	994.8567104883923
0.08755000000000018	97.59283018207347	10421.853892937637	1001.4818862263251
0.08819000000000018	97.61287708187075	10421.850263623912	1008.1073722010152
0.08883000000000019	97.63298066816672	10421.846588955526	1014.7328754923348
0.08947000000000019	97.65349098821866	10421.842800763763	1021.3587085338386
0.09011000000000019	97.67408090229839	10421.83896219104	1027.984578355229
0.09075000000000019	97.69504979671282	10421.835013767331	1034.6107515270485
0.0913900000000002	97.7162840295293	10421.830976839356	1041.2371258054213
0.0920300000000002	97.73776642628094	10421.826854030578	1047.8636851585063
0.0926700000000002	97.75952917380454	10421.822637968384	1054.4904574658003
0.0933100000000002	97.78148018155908	10421.818346796963	1061.1173602054444
0.0939500000000002	97.80387035678896	10421.81392822022	1067.7446152930602
0.0945900000000002	97.82650424991083	10421.809421395832	1074.3720483827456
0.0952300000000002	97.84949465739702	10421.804801945511	1080.9997585704461
0.0958700000000002	97.87272445449118	10421.800093317872	1087.6276413074256
0.0965100000000002	97.8963383476654	10421.795264447077	1094.2558237055216
0.09715000000000021	97.92015471756217	10421.790352377158	1100.884144420194
0.09779000000000021	97.94437644050268	10421.78531342893	1107.512781668603
0.09843000000000021	97.96899030376215	10421.780148616035	1114.1417226164413
0.09907000000000021	97.99369050830123	10421.774924297526	1120.770697339802
0.09971000000000022	98.01854469522237	10421.769625566842	1127.3997649689338
0.10035000000000022	98.04355411488585	10421.764252218329	1134.0289261695686
0.10099000000000022	98.06879971911049	10421.758786100992	1140.658251443819
0.10163000000000022	98.09417868093757	10421.753249817306	1147.287650080529
0.10227000000000022	98.11970564505407	10421.747640171878	1153.9171345091145
0.10291000000000022	98.14557659070702	10421.741912130641	1160.546875481124
0.10355000000000023	98.1715705915893	10421.736115734222	1167.1766792411113
0.10419000000000023	98.19789117132095	10421.730203616933	1173.8067228050315
0.10483000000000023	98.22437545433195	10421.724213110001	1180.436863435778
0.10547000000000023	98.25117884164064	10421.718107242146	1187.0672357800443
0.10611000000000023	98.27819246570402	10421.711910826138	1193.697744320932
0.10675000000000023	98.30556345111246	10421.705588290282	1200.3285161026963
0.10739000000000024	98.33318939253445	10421.699162907791	1206.9594612883402
0.10803000000000024	98.36104168632629	10421.692641014202	1213.5905543617193
0.10867000000000024	98.38919333223328	10421.686004510984	1220.2218578030306
0.10931000000000024	98.41768320512918	10421.679242890665	1226.8534042943575
0.10995000000000024	98.44642274323927	10421.672376765966	1233.4851163880408
0.11059000000000024	98.47558030306907	10421.66536392796	1240.1171384741483
0.11123000000000025	98.5050392472065	10421.658231753494	1246.7493688496834
0.11187000000000025	98.53479476214328	10421.650980815904	1253.38180249598
0.11251000000000025	98.5647663858337	10421.64363027743	1260.0143693622797
0.11315000000000025	98.59519596790099	10421.63611823102	1266.6472763219754
0.11379000000000025	98.62594118170124	10421.628479544455	1273.2804000220017
0.11443000000000025	98.65717845817193	10421.620667280393	1279.9138904841013
0.11507000000000026	98.68856923733456	10421.612768120835	1286.5474568028615
0.11571000000000026	98.72046945249639	10421.60468862242	1293.1814024526507
0.11635000000000026	98.75256795782386	10421.596508589822	1299.8154604503595
0.11699000000000026	98.78514051795213	10421.588154857935	1306.4498651655895
0.11763000000000026	98.81816449079315	10421.5796314172	1313.0845958453492
0.11827000000000026	98.85151558303204	10421.570970077184	1319.719545466058
0.11891000000000027	98.8853224788391	10421.562135308239	1326.3548222923857
0.11955000000000027	98.91936781195226	10421.553183943626	1332.9902405304965
0.12019000000000027	98.95406448535128	10421.544003419382	1339.6261492458352
0.12083000000000027	98.98903676942557	10421.534693311243	1346.2622284493762
0.12147000000000027	99.02447867161945	10421.525200044203	1352.89864129675
0.12211000000000027	99.06029112512887	10421.515548977859	1359.5353026615287
0.12275000000000028	99.09665013655214	10421.505689678783	1366.1723597403638
0.12339000000000028	99.13341149617295	10421.495661268691	1372.8096894956068
0.12403000000000028	99.1707231254933	10421.485420072391	1379.44741498782
0.12467000000000028	99.20829724941407	10421.475045873964	1386.0852928004397
0.12531000000000028	99.24645505921833	10421.464446350286	1392.723591547905
0.12595000000000028	99.28516302120602	10421.453628226305	1399.3622812137912
0.12659000000000029	99.32430130247478	10421.442624451718	1406.0012598299404
0.1272300000000003	99.3639935941581	10421.431397955657	1412.6406294510748
0.1278700000000003	99.40408821176504	10421.41999051563	1419.2802616393633
0.1285100000000003	99.44493491113151	10421.4082981119	1425.9204467160653
0.1291500000000003	99.48622793802984	10421.396407895932	1432.560927679596
0.1297900000000003	99.52807169147447	10421.384287570765	1439.2017899504508
0.1304300000000003	99.57038393548552	10421.371960058435	1445.842963509205
0.1310700000000003	99.61339191331447	10421.35935499143	1452.4846352939662
0.1317100000000003	99.65694178477635	10421.346515956253	1459.1266755989045
0.1323500000000003	99.70101151424294	10421.33344784959	1465.7690644632294
0.1329900000000003	99.74580007415078	10421.32008810554	1472.4119646394483
0.1336300000000003	99.79117950924478	10421.306473075994	1479.0552681885727
0.1342700000000003	99.83727025025772	10421.292563399715	1485.6990724614384
0.1349100000000003	99.88406533058959	10421.27835855483	1492.343369429475
0.1355500000000003	99.93124927969438	10421.263954909633	1498.9878975278357
0.1361900000000003	99.97942666329456	10421.249160864865	1505.6331517642097
0.1368300000000003	100.0282374629455	10421.234086263103	1512.2788337542743
0.13747000000000031	100.07774911373834	10421.21870715823	1518.9249966161178
0.13811000000000032	100.12806808811673	10421.202986798702	1525.571725111239
0.13875000000000032	100.1789482776543	10421.187001721944	1532.2188156930529
0.13939000000000032	100.23084430187065	10421.170602982831	1538.866637264413
0.14003000000000032	100.28348508648608	10421.153874257012	1545.514965682038
0.14067000000000032	100.3368665370562	10421.136814680309	1552.163795242371
0.14131000000000032	100.39126833202472	10421.119329155767	1558.813350607031
0.14195000000000033	100.44634031529961	10421.101529558762	1565.4633444284125
0.14259000000000033	100.50249496211241	10421.083276475849	1572.1141085981594
0.14323000000000033	100.55924452795853	10421.06472862403	1578.7652450150422
0.14387000000000033	100.61720512932813	10421.045677600387	1585.4172494637428
0.14451000000000033	100.67616331336494	10421.02619006132	1592.0699456787154
0.14515000000000033	100.73515199428913	10421.006591023975	1598.7225513694516
0.14579000000000034	100.79397821684219	10420.98694858589	1605.3749113669492
0.14643000000000034	100.85294925298386	10420.967160815355	1612.0272732520652
0.14707000000000034	100.91196246254702	10420.947264283608	1618.679554301374
0.14771000000000034	100.97102985929273	10420.92725691709	1625.3317641580034
0.14835000000000034	101.03054284678309	10420.907004451206	1631.9842159258028
0.14899000000000034	101.09027204232939	10420.886586284518	1638.6367249012767
0.14963000000000035	101.15025295420304	10420.865990144914	1645.2893187100528
0.15027000000000035	101.21058385928032	10420.845181901594	1651.9420749071023
0.15091000000000035	101.27143262012335	10420.824102089982	1658.5951259698234
0.15155000000000035	101.33241619378758	10420.80288480006	1665.2481657110718
0.15219000000000035	101.39356619804568	10420.781520096287	1671.9012189018226
0.15283000000000035	101.4554015454832	10420.759821248776	1678.554696008741
0.15347000000000036	101.51734765690031	10420.737993076547	1685.2081401094572
0.15411000000000036	101.57939685221211	10420.716038747596	1691.8615447347133
0.15475000000000036	101.64184321821868	10420.69385096011	1698.51514141628
0.15539000000000036	101.70440235562148	10420.671533023591	1705.168704790121
0.15603000000000036	101.76723159522955	10420.649027006664	1711.8223581332795
0.15667000000000036	101.82994976780948	10420.626472415624	1718.4758009710465
0.15731000000000037	101.89309100096943	10420.603671061064	1725.1294523502268
0.15795000000000037	101.95616169097734	10420.580806685899	1731.782924367929
0.15859000000000037	102.0193124708647	10420.557821517332	1738.4363346205478
0.15923000000000037	102.08234676506106	10420.534790382078	1745.0895293622025
0.15987000000000037	102.14549902520683	10420.51162435887	1751.7426914823034
0.16051000000000037	102.20839390394855	10420.48846508206	1758.3955281287513
0.16115000000000038	102.27127384694494	10420.46522083428	1765.0482284039579
0.16179000000000038	102.33402465340298	10420.441933938944	1771.7007032967144
0.16243000000000038	102.39649884817388	10420.418661054877	1778.3528386554126
0.16307000000000038	102.45919126969156	10420.395211119898	1785.0050180266685
0.16371000000000038	102.52108439417273	10420.37197860811	1791.6564542859403
0.16435000000000038	102.58320443403964	10420.348564732052	1798.307941399022
0.1649900000000004	102.6449805642923	10420.325190380297	1804.959038381839
0.1656300000000004	102.70637784433715	10420.30187084911	1811.609719350722
0.1662700000000004	102.76764970790389	10420.278504701433	1818.260179567682
0.1669100000000004	102.82838438515388	10420.25525641591	1824.9101035958115
0.1675500000000004	102.88879637957646	10420.232040100678	1831.559656865051
0.1681900000000004	102.94901491833066	10420.20880377369	1838.2089388059176
0.1688300000000004	103.00894245337709	10420.185585357425	1844.8578750748716
0.1694700000000004	103.06831253170641	10420.16249388506	1851.5062634456635
0.1701100000000004	103.12753441457437	10420.139361341908	1858.1544162931873
0.1707500000000004	103.18617335394062	10420.116366992697	1864.8020039177625
0.1713900000000004	103.24477910964559	10420.093285325505	1871.4494445899861
0.1720300000000004	103.30297010128498	10420.070270641809	1878.0964488132754
0.1726700000000004	103.36086616144557	10420.04727535624	1884.743108437115
0.1733100000000004	103.4181666507445	10420.024423445298	1891.389197015813
0.1739500000000004	103.47544592881535	10420.001475296305	1898.0351487372943
0.1745900000000004	103.53235048621916	10419.9785779936	1904.680697346737
0.1752300000000004	103.58884166637452	10419.955747830478	1911.3258146335145
0.17587000000000041	103.6451647782803	10419.932882948859	1917.9706857729443
0.17651000000000042	103.7014972985949	10419.909905425813	1924.6154434171344
0.17715000000000042	103.75736304175281	10419.887018019148	1931.2597314210025
0.17779000000000042	103.81274466140373	10419.864228458102	1937.903537965623
0.17843000000000042	103.86855992134647	10419.84114259246	1944.5475478473577
0.17907000000000042	103.92360404430462	10419.81828022677	1951.190863708303
0.17971000000000042	103.978876461453	10419.795206527519	1957.83422913763
0.18035000000000043	104.03407472284893	10419.772052406122	1964.4774189980317
0.18099000000000043	104.08911664935917	10419.748853050347	1971.1203723405783
0.18163000000000043	104.14380481133466	10419.725696825886	1977.7629438579422
0.18227000000000043	104.19882482095915	10419.70227864182	1984.4056393488918
0.18291000000000043	104.25380726369588	10419.678761822826	1991.048185702111
0.18355000000000044	104.30874302998852	10419.655149685983	1997.6905759717008
0.18419000000000044	104.36355628999924	10419.631476385941	2004.3327544924753
0.18483000000000044	104.41864600981434	10419.607561416893	2010.9750132445092
0.18547000000000044	104.47372505716278	10419.583534576008	2017.6171414286275
0.18611000000000044	104.52896726095327	10419.559314863063	2024.2592652531866
0.18675000000000044	104.58439963531103	10419.534889097948	2030.901403542463
0.18739000000000045	104.63997106257152	10419.510279937607	2037.543518242669
0.18803000000000045	104.69574488649344	10419.485457335473	2044.1856545182798
0.18867000000000045	104.75187514759241	10419.460348391844	2050.82792279459
0.18931000000000045	104.8079602928698	10419.435138401359	2057.4700313805924
0.18995000000000045	104.86442213730817	10419.409630622724	2064.1122844891174
0.19059000000000045	104.92108885291833	10419.383904043576	2070.7545568001105
0.19123000000000046	104.97862685680822	10419.35764247705	2077.397326013872
0.19187000000000046	105.03599263049323	10419.331336920995	2084.0398403395166
0.19251000000000046	105.09396061074186	10419.304620092305	2090.6826546675425
0.19315000000000046	105.15196768272777	10419.277758421027	2097.325364163835
0.19379000000000046	105.21124880722856	10419.250159393685	2103.9688492897826
0.19443000000000046	105.27019890614525	10419.222590053556	2110.611962316941
0.19507000000000047	105.33020332799856	10419.194382530071	2117.2556887649516
0.19571000000000047	105.39022850937042	10419.166033652475	2123.899291333932
0.19635000000000047	105.45121430360254	10419.137086221643	2130.5434352547145
0.19699000000000047	105.51283982155944	10419.107692003432	2137.1878897528713
0.19763000000000047	105.57454136225044	10419.07812612314	2143.8322548185497
0.19827000000000047	105.63711882698392	10419.047994487206	2150.4770931441412
0.19891000000000048	105.7004572093714	10419.017349938662	2157.1223203421596
0.19955000000000048	105.76433484286527	10418.986298710568	2163.7677777326703
0.20019000000000048	105.82912945498231	10418.954650652491	2170.4137275435164
0.20083000000000048	105.89460074060712	10418.922522267747	2177.0599982209073
0.20147000000000048	105.96070271996233	10418.889934352736	2183.706555017022
0.20211000000000048	106.02771071540876	10418.856745351575	2190.353586905729
0.20275000000000049	106.09566224368858	10418.822931956689	2197.0011161780044
0.2033900000000005	106.16416173902893	10418.788692321623	2203.648865014228
0.2040300000000005	106.23365718928478	10418.753795450104	2210.297140998645
0.2046700000000005	106.30405193139978	10418.718286778247	2216.945873377509
0.2053100000000005	106.37551668212174	10418.682073962686	2223.5951759573995
0.2059500000000005	106.44783629277254	10418.645263868293	2230.244896501956
0.2065900000000005	106.52122716700309	10418.607741179405	2236.8951800968302
0.2072300000000005	106.59591545180217	10418.569382365933	2243.5461770004226
0.2078700000000005	106.6711543448489	10418.53057437211	2250.1973719859207
0.2085100000000005	106.74778010838072	10418.490875846986	2256.8493330008423
0.2091500000000005	106.8254994383862	10418.45043428904	2263.5018545624052
0.2097900000000005	106.90451026848135	10418.40914088275	2270.155066725054
0.2104300000000005	106.9845456103403	10418.36713201347	2276.8087832671563
0.2110700000000005	107.0661457074994	10418.324115201613	2283.463365328627
0.2117100000000005	107.14848178167557	10418.280528238629	2290.1182473370827
0.2123500000000005	107.23239151129287	10418.235917769165	2296.7739903121574
0.2129900000000005	107.31780756080774	10418.190313007633	2303.4305424959325
0.21363000000000051	107.40435302599332	10418.143911574409	2310.0876449186962
0.21427000000000052	107.49265057366476	10418.096370898018	2316.745709727569
0.21491000000000052	107.5820072761987	10418.048060548468	2323.404266784947
0.21555000000000052	107.67320853757583	10417.998546847879	2330.063835210367
0.21619000000000052	107.76602481996706	10417.947947685498	2336.7242547242713
0.21683000000000052	107.86002255627706	10417.896496182208	2343.3852311325927
0.21747000000000052	107.95559978379352	10417.8439678833	2350.0470231943987
0.21811000000000053	108.05257084221968	10417.790460892285	2356.7095020410447
0.21875000000000053	108.15059433589069	10417.736161799503	2363.372437218561
0.21939000000000053	108.25014423430291	10417.680802603258	2370.0361363738734
0.22003000000000053	108.35109651940871	10417.624446984219	2376.7005118221864
0.22067000000000053	108.45198173360392	10417.56795053085	2383.364602568098
0.22068000000000054	108.75969983711593	10417.415159822933	2383.673786746792
0.22069000000000055	114.37178207025569	10414.55695106704	2387.5196470161613
0.22070000000000056	123.95491274806648	10409.894950050928	2394.0618789808136
0.22071000000000057	127.95561403047164	10408.023207827366	2396.86933265739
0.22135000000000057	129.7901948220623	10407.177859167758	2404.689954324988
0.22199000000000058	130.77887543773215	10406.722563642128	2411.935614782232
0.22263000000000058	131.384780488939	10406.442936377396	2418.920977734392
0.22327000000000058	131.79768116991636	10406.251028209786	2425.774879963514
0.22391000000000058	132.09834367023527	10406.11024554032	2432.552348617972
0.22455000000000058	132.32816126964536	10406.00178197343	2439.281572798686
0.22519000000000058	132.51269810204616	10405.913792077907	2445.979890454476
0.22583000000000059	132.66691540535385	10405.83932958763	2452.6574417001434
0.2264700000000006	132.79707409979994	10405.775879655717	2459.3185841940544
0.2271100000000006	132.91115975149594	10405.719541480195	2465.9686713259066
0.2277500000000006	133.01236694002966	10405.668964807352	2472.609907104318
0.2283900000000006	133.10338751835997	10405.622958717338	2479.2441323845005
0.2290300000000006	133.18623781882582	10405.580619415596	2485.87272303594
0.2296700000000006	133.2629376614112	10405.540957888732	2492.4970305670263
0.2303100000000006	133.33495167513902	10405.5032672817	2499.118036442492
0.2309500000000006	133.4020152338673	10405.467840051044	2505.7356174754004
0.2315900000000006	133.46591685896792	10405.433697948185	2512.350935281426
0.2322300000000006	133.52678504386964	10405.400852265766	2518.9640996748167
0.2328700000000006	133.58535809951147	10405.368925225488	2525.575597376144
0.2335100000000006	133.64177467583204	10405.337888219783	2532.1855341494866
0.2341500000000006	133.69643859497916	10405.30753612239	2538.7941770810285
0.2347900000000006	133.74907166066095	10405.278081859988	2545.401367965367
0.2354300000000006	133.80064605382424	10405.248964087164	2552.00772356842
0.2360700000000006	133.8511590818734	10405.220210855958	2558.613251134188
0.23671000000000061	133.90022201892765	10405.19208230167	2565.217718266462
0.23735000000000062	133.9489026472928	10405.163941695691	2571.821792165437
0.23799000000000062	133.99668309029317	10405.136127023965	2578.425159352074
0.23863000000000062	134.04355939489042	10405.10865393548	2585.0278229051173
0.23927000000000062	134.0896251392881	10405.081481652902	2591.629846647307
0.23991000000000062	134.13500517708178	10405.054543832277	2598.231311695856
0.24055000000000062	134.1803785159881	10405.027421679777	2604.832634749044
0.24119000000000063	134.22533318798637	10405.000386696449	2611.433568343699
0.24183000000000063	134.26953462492833	10404.973654776955	2618.0339120012995
0.24247000000000063	134.31340591911712	10404.946969607283	2624.633926106593
0.24311000000000063	134.3573041568637	10404.920106116619	2631.233826941306
0.24375000000000063	134.4006185821036	10404.893461386402	2637.8332490156577
0.24439000000000063	134.44374624533876	10404.866786004057	2644.4324329319784
0.24503000000000064	134.4864663407892	10404.840229456357	2651.0312489170033
0.24567000000000064	134.5293344456038	10404.813437837367	2657.630030125865
0.24631000000000064	134.57189027921999	10404.786717218618	2664.2285043026695
0.24695000000000064	134.61436989271212	10404.759919054444	2670.8268132582084
0.24759000000000064	134.65681809380803	10404.7330183996	2677.424984527526
0.24823000000000064	134.69926187622318	10404.70599776273	2684.0230339253376
0.24887000000000065	134.74175491434968	10404.67882558346	2690.6209936917776
0.24951000000000065	134.78387213493272	10404.651786157065	2697.2186153626017
0.25015000000000065	134.8261145125041	10404.624548532925	2703.8161927827196
0.2507900000000006	134.86813145719705	10404.597346931287	2710.4135214059506
0.2514300000000006	134.9102572847321	10404.569960103416	2717.0107963644396
0.25207000000000057	134.95206603741042	10404.54267521011	2723.6077708915786
0.25271000000000055	134.99413635957686	10404.51510253567	2730.204779721943
0.2533500000000005	135.03562401762656	10404.487814261873	2736.8013364160115
0.2539900000000005	135.07697152450615	10404.460513659598	2743.397697391403
0.25463000000000047	135.1173856455177	10404.433744271086	2749.9934100423507
0.25527000000000044	135.1566753906942	10404.407643782497	2756.588370092074
0.2559100000000004	135.19512469910603	10404.38202694708	2763.182744853389
0.2565500000000004	135.2329486419621	10404.356751573487	2769.776660284049
0.25719000000000036	135.26976972713035	10404.332082081735	2776.369905841615
0.25783000000000034	135.30600541276186	10404.307737009469	2782.9627218703445
0.2584700000000003	135.3417694162402	10404.28363959315	2789.555174600869
0.2591100000000003	135.3767338774732	10404.26002149704	2796.1470825325823
0.25975000000000026	135.41101350236974	10404.236807223768	2802.7385134215056
0.26039000000000023	135.44479738594467	10404.213867430684	2809.329575534897
0.2610300000000002	135.47810006512196	10404.191194361742	2815.9202790693707
0.2616700000000002	135.5108064770211	10404.16887189017	2822.5105624536814
0.26231000000000015	135.5428068307524	10404.146980069556	2829.1003675130246
0.26295000000000013	135.57435724881415	10404.125340419077	2835.689838273436
0.2635900000000001	135.60547528121415	10404.103941908985	2842.278986099629
0.2642300000000001	135.6359611314647	10404.082928706028	2848.867703373692
0.26487000000000005	135.66595074825705	10404.06220673954	2855.4560670726687
0.26551	135.69545261668054	10404.041771594622	2862.044083768514
0.26615	135.72428163136544	10404.021757682956	2868.631654882496
0.26678999999999997	135.7527873840739	10404.001914828808	2875.218972095054
0.26742999999999995	135.78087234867326	10403.982314223707	2881.8059839493135
0.2680699999999999	135.80835313812702	10403.963091886535	2888.392593954412
0.2687099999999999	135.8353322882632	10403.944174587223	2894.9788593024155
0.26934999999999987	135.86189022227296	10403.925505154702	2901.5648249043215
0.26998999999999984	135.88784526518347	10403.907218539523	2908.150395855521
0.2706299999999998	135.91364744694567	10403.888983706112	2914.735812698762
0.2712699999999998	135.9386677303109	10403.871267725708	2921.32074413106
0.27190999999999976	135.96330353731852	10403.853778539311	2927.9054025951077
0.27254999999999974	135.98770355777697	10403.83640528734	2934.4898672141667
0.2731899999999997	136.01151743008657	10403.819410755028	2941.0739558075243
0.2738299999999997	136.03491862600103	10403.802666838503	2947.6577611190273
0.27446999999999966	136.05795517960155	10403.786139032667	2954.241309801749
0.27510999999999963	136.08044638109382	10403.769965004425	2960.824509849555
0.2757499999999996	136.10271084963728	10403.753905411979	2967.407527750199
0.2763899999999996	136.1245265633313	10403.738129268777	2973.9902502150853
0.27702999999999955	136.14608990636754	10403.722487425572	2980.572779311108
0.27766999999999953	136.16719087117744	10403.707143543394	2987.155009529667
0.2783099999999995	136.18795977043348	10403.691997845332	2993.7370086070537
0.2789499999999995	136.20846859814523	10403.6769953371	3000.3188141319715
0.27958999999999945	136.22843602980424	10403.662355154458	3006.900285477861
0.2802299999999994	136.24816314241656	10403.64784688817	3013.4815765184835
0.2808699999999994	136.26758954113802	10403.633516469667	3020.062657437548
0.28150999999999937	136.28676466294505	10403.619327933677	3026.6435545492823
0.28214999999999935	136.30572109048427	10403.605255263572	3033.224284657414
0.2827899999999993	136.3242885007664	10403.591434216178	3039.8047646376203
0.2834299999999993	136.34266319870872	10403.577710998572	3046.385092796617
0.28406999999999927	136.3606162231101	10403.564267183623	3052.9651573514557
0.28470999999999924	136.37850432527716	10403.550821746945	3059.5451348183924
0.2853499999999992	136.39604185009466	10403.537602082068	3066.12488606228
0.2859899999999992	136.41327399714112	10403.524574348896	3072.704434784731
0.28662999999999916	136.43046412957008	10403.51152843671	3079.2839095919167
0.28726999999999914	136.44724540867	10403.498758676802	3085.8631336251974
0.2879099999999991	136.4639262868585	10403.486018862382	3092.4422569602684
0.2885499999999991	136.4803665652706	10403.473422931198	3099.0212129796496
0.28918999999999906	136.49679394201684	10403.460786540782	3105.6001109616436
0.28982999999999903	136.51283077409678	10403.44841680471	3112.1787716733393
0.290469999999999	136.52866731951707	10403.436161808208	3118.7572872436367
0.291109999999999	136.54448443441572	10403.423872512281	3125.3357430977526
0.29174999999999895	136.55996305653744	10403.411811161579	3131.913989741173
0.29238999999999893	136.57541923871653	10403.399720331403	3138.492176635196
0.2930299999999989	136.59076872664107	10403.38766909001	3145.070264440108
0.2936699999999989	136.60576241138324	10403.375864661442	3151.6481383391465
0.29430999999999885	136.62086146252568	10403.363925542873	3158.226012652001
0.2949499999999988	136.63571196407244	10403.352145330673	3164.803723985539
0.2955899999999988	136.65040346091115	10403.340450968004	3171.3813146035204
0.29622999999999877	136.66506832921203	10403.328732571192	3177.958845587601
0.29686999999999875	136.67949955583327	10403.317164464841	3184.5362231373574
0.2975099999999987	136.6939259010204	10403.305553814747	3191.1135513216204
0.2981499999999987	136.70816621204781	10403.294055005053	3197.690748955669
0.29878999999999867	136.7223611483103	10403.28254942158	3204.2678798024667
0.29942999999999864	136.7363702055307	10403.271156902854	3210.844881386296
0.3000699999999986	136.7503983890004	10403.259702998641	3217.421845423201
0.3007099999999986	136.76441047558964	10403.248217923414	3223.9987562132105
0.30134999999999856	136.77817010605912	10403.236905135009	3230.5755099070184
0.30198999999999854	136.79190466108633	10403.225569734863	3237.152207176701
0.3026299999999985	136.8055480601423	10403.214268963382	3243.7288192670744
0.3032699999999985	136.81913644679744	10403.202972453557	3250.3053623925516
0.30390999999999846	136.8326887591418	10403.191663420836	3256.881844748561
0.30454999999999843	136.84612056137132	10403.180416230332	3263.4582303073375
0.3051899999999984	136.85958281925912	10403.169099230734	3270.034584132861
0.3058299999999984	136.87288442953346	10403.157880156536	3276.6108246727063
0.30646999999999835	136.8861302894443	10403.146668264679	3283.186997362697
0.30710999999999833	136.8993231813588	10403.135460838726	3289.7631034172955
0.3077499999999983	136.91259504687275	10403.124140916116	3296.339198288115
0.3083899999999983	136.92564980206475	10403.112971950814	3302.9151580794996
0.30902999999999825	136.93877201414406	10403.10170071317	3309.4911018699863
0.3096699999999982	136.95188532304806	10403.090395447118	3316.0669977531506
0.3103099999999982	136.96493480690398	10403.079105581028	3322.642823139804
0.3109499999999982	136.97788598385762	10403.06786297376	3329.218564328849
0.31158999999999815	136.9907768161442	10403.056633178192	3335.7942369999755
0.3122299999999981	137.00367532166575	10403.045355611575	3342.369869158565
0.3128699999999981	137.01664714776737	10403.033970203896	3348.9454870123186
0.31350999999999807	137.0295235792959	10403.022630405882	3355.521022500479
0.31414999999999804	137.0423202683061	10403.011322568378	3362.0964823408535
0.314789999999998	137.0552428625622	10402.99985843822	3368.671948399603
0.315429999999998	137.0680838421507	10402.988428565484	3375.247338178211
0.31606999999999796	137.08105461746854	10402.976838097598	3381.822734902012
0.31670999999999794	137.0938255649795	10402.965392059168	3388.398009389333
0.3173499999999979	137.10684216271963	10402.953678740801	3394.9733357507525
0.3179899999999979	137.11963109309346	10402.942137000413	3401.54852974654
0.31862999999999786	137.13252375146942	10402.930459560646	3408.1237200383252
0.31926999999999783	137.1454386692815	10402.918722120497	3414.698874876729
0.3199099999999978	137.15830842881456	10402.90698807422	3421.273968534154
0.3205499999999978	137.17123728464736	10402.895159619124	3427.849040588941
0.32118999999999776	137.18409545933716	10402.883359224521	3434.4240419880534
0.32182999999999773	137.19688547354156	10402.87158503481	3440.9989740333212
0.3224699999999977	137.20982466483377	10402.859631066782	3447.5739177352466
0.3231099999999977	137.22272002662316	10402.847680212455	3454.1488009122436
0.32374999999999765	137.23556748369958	10402.835736960738	3460.7236223518667
0.3243899999999976	137.24848980729072	10402.823683850876	3467.298427003065
0.3250299999999976	137.26126597124383	10402.81173282408	3473.873134212397
0.3256699999999976	137.2741639597539	10402.79962666665	3480.447841399484
0.32630999999999755	137.28709875010773	10402.787446739329	3487.022517302445
0.3269499999999975	137.29987735914537	10402.775379864439	3493.5970929032255
0.3275899999999975	137.31281429568747	10402.76312144932	3500.17168041612
0.32822999999999747	137.32561359361637	10402.750958580064	3506.746174578492
0.32886999999999744	137.33857788484048	10402.738596382638	3513.3206819681845
0.3295099999999974	137.35139508712373	10402.726339547955	3519.895093036386
0.3301499999999974	137.36430509338783	10402.713953541803	3526.469491528605
0.33078999999999736	137.37720286623968	10402.701540978624	3533.043840670408
0.33142999999999734	137.39014977587553	10402.689041029955	3539.618161304188
0.3320699999999973	137.40295585926856	10402.676642199685	3546.192388882303
0.3327099999999973	137.41586142748105	10402.664106250384	3552.7666049624813
0.33334999999999726	137.42875294534736	10402.651545181823	3559.3407707373485
0.33398999999999723	137.44173025066198	10402.638859446697	3565.9149194308175
0.3346299999999972	137.4545664956231	10402.626276007508	3572.4889756495563
0.3352699999999972	137.46748575406843	10402.61356999273	3579.063013416736
0.33590999999999716	137.48038337610848	10402.600846891397	3585.6369982755
0.33654999999999713	137.49328264664413	10402.588083026618	3592.210937714495
0.3371899999999971	137.50625010231215	10402.575210296212	3598.7848527900633
0.3378299999999971	137.51926588429006	10402.562248578846	3605.358736727962
0.33846999999999705	137.53214142643733	10402.54939008776	3611.932529580805
0.339109999999997	137.54513428833013	10402.536371975753	3618.5063129004816
0.339749999999997	137.55809500872047	10402.523346728023	3625.0800392803226
0.340389999999997	137.57099853613076	10402.51034074449	3631.653701230403
0.34102999999999695	137.58406431333296	10402.497126800987	3638.2273660134665
0.3416699999999969	137.59696637068942	10402.48404199996	3644.800933500911
0.3423099999999969	137.6100557229358	10402.470722655555	3651.374510620609
0.34294999999999687	137.62307027590197	10402.457440104088	3657.948017408446
0.34358999999999684	137.63608181190506	10402.44412000692	3664.5214756552978
0.3442299999999968	137.64909798492667	10402.430754434306	3671.0948875844642
0.3448699999999968	137.6621489645013	10402.41731159611	3677.668261901231
0.34550999999999676	137.67523629166692	10402.40378925481	3684.241598625929
0.34614999999999674	137.688303352238	10402.390246945424	3690.8148811269857
0.3467899999999967	137.701319766816	10402.376717033041	3697.3881007847367
0.3474299999999967	137.71447921907765	10402.362994135921	3703.9613127566026
0.34806999999999666	137.72765537636505	10402.349211458251	3710.5344804017527
0.34870999999999663	137.74080272348377	10402.335417373477	3717.1075907980485
0.3493499999999966	137.7539272609661	10402.321605878122	3723.6806457858347
0.3499899999999966	137.76707349485005	10402.307729375696	3730.2536576465523
0.35062999999999656	137.78033846363587	10402.293682730022	3736.8266523637235
0.35126999999999653	137.7935093217172	10402.279694809977	3743.3995716981426
0.3519099999999965	137.80671977276324	10402.26562204276	3749.9724520705618
0.3525499999999965	137.8199592664216	10402.251475069317	3756.5452901626963
0.35318999999999645	137.8332673439344	10402.23721074939	3763.118096115271
0.3538299999999964	137.84649502190175	10402.222991096158	3769.6908306278187
0.3544699999999964	137.85989961734649	10402.208534685262	3776.2635602898335
0.3551099999999964	137.8732153265933	10402.19413217227	3782.8362161076243
0.35574999999999635	137.88654017308457	10402.179676555199	3789.4088234409846
0.3563899999999963	137.89989999168142	10402.165138630382	3795.98138839009
0.3570299999999963	137.91332781659148	10402.150481928102	3802.553918948986
0.35766999999999627	137.92669258074315	10402.135851277388	3809.1263823717336
0.35830999999999624	137.94015074605096	10402.121073118093	3815.6988170411387
0.3589499999999962	137.9536146938927	10402.106244236276	3822.2712010680925
0.3595899999999962	137.96711152558092	10402.091334414798	3828.8435408342752
0.36022999999999616	137.98066647965067	10402.076314627571	3835.4158418119364
0.36086999999999614	137.99423090957546	10402.061239556042	3841.988092319786
0.3615099999999961	138.0077361428683	10402.046186792582	3848.5602764372065
0.3621499999999961	138.0213868474486	10402.030924469454	3855.1324408972177
0.36278999999999606	138.03502890112807	10402.015626586195	3861.704549935253
0.36342999999999603	138.04875953625904	10402.000182266176	3868.276625098952
0.364069999999996	138.06240386888143	10401.984790975637	3874.848627342797
0.364709999999996	138.0761241302171	10401.969267373717	3881.4205924025127
0.36534999999999596	138.08993355704763	10401.95359538838	3887.9925224070835
0.36598999999999593	138.10371513320018	10401.937909327415	3894.564391866299
0.3666299999999959	138.1174474357743	10401.922234271222	3901.1361964332123
0.3672699999999959	138.13133616034094	10401.906332011102	3907.7079788864075
0.36790999999999585	138.14522347575104	10401.890384646034	3914.2797057218672
0.3685499999999958	138.15910038534548	10401.874402993148	3920.851375161408
0.3691899999999958	138.17304523532397	10401.858295269838	3927.423002695523
0.3698299999999958	138.18701525381738	10401.842111018965	3933.9945793205984
0.37046999999999575	138.20103387725015	10401.825822630579	3940.566109366652
0.3711099999999957	138.2150918427786	10401.80944052406	3947.1375905818454
0.3717499999999957	138.22922516800764	10401.792921770877	3953.70902938008
0.37238999999999567	138.24327789158806	10401.776450598061	3960.2803960757074
0.37302999999999564	138.25746302103917	10401.759774585003	3966.8517303037
0.3736699999999956	138.27168241496415	10401.743009345486	3973.423013149047
0.3743099999999956	138.28591926586495	10401.72617481595	3979.9942413207723
0.37494999999999556	138.30016131665855	10401.709285602323	3986.565412467523
0.37558999999999554	138.3144529931543	10401.69228835133	3993.136534175286
0.3762299999999955	138.32877472686005	10401.675206089736	3999.707602598469
0.3768699999999955	138.34317591128087	10401.65797883106	4006.2786256876116
0.37750999999999546	138.35761091556432	10401.640661116977	4012.849595197053
0.37814999999999543	138.37210238558774	10401.62322521643	4019.420514484024
0.3787899999999954	138.38659740657448	10401.605735164892	4025.991374598
0.3794299999999954	138.4011572969788	10401.588115964645	4032.562185024204
0.38006999999999536	138.41573283653472	10401.570427394818	4039.1329375972537
0.38070999999999533	138.4303533819018	10401.552633243238	4045.7036365478634
0.3813499999999953	138.445081181742	10401.534656314536	4052.2742906585845
0.3819899999999953	138.45975340274984	10401.516697004754	4058.844875289231
0.38262999999999525	138.47455974907885	10401.498520856409	4065.4154179875277
0.3832699999999952	138.48931870040482	10401.480351884828	4071.9858919889493
0.3839099999999952	138.5041958223695	10401.461984568097	4078.5563204996924
0.3845499999999952	138.51908634498446	10401.44354868607	4085.1266883381995
0.38518999999999515	138.5340367281258	10401.424986011181	4091.6970014824165
0.3858299999999951	138.54896396908052	10401.406400020354	4098.267248520694
0.3864699999999951	138.56401752510905	10401.38760298863	4104.837448599145
0.38710999999999507	138.579102352012	10401.368713575539	4111.407588752701
0.38774999999999504	138.59423113847845	10401.349715626027	4117.977670248475
0.388389999999995	138.60939173000423	10401.33062408993	4124.5476911662245
0.389029999999995	138.62460507892956	10401.311412056783	4131.117653597472
0.38966999999999496	138.63986685196957	10401.292084554267	4137.687556523972
0.39030999999999494	138.65519745906704	10401.272615133234	4144.257401751419
0.3909499999999949	138.6705728150812	10401.25303403693	4150.827186029711
0.3915899999999949	138.68600423687218	10401.233326307063	4157.396910086286
0.39222999999999486	138.70144634432882	10401.21354979967	4163.966568682565
0.39286999999999483	138.7169722060689	10401.193610208093	4170.536168977871
0.3935099999999948	138.7325610258066	10401.17353362279	4177.105708152392
0.3941499999999948	138.7481821480463	10401.153359398839	4183.6751827613925
0.39478999999999476	138.76383426479643	10401.133088884008	4190.2445922958605
0.39542999999999473	138.77959811255872	10401.11261634135	4196.813943510715
0.3960699999999947	138.7953389647585	10401.092117325123	4203.383223969893
0.3967099999999947	138.81121315248882	10401.071386733702	4209.952446613837
0.39734999999999465	138.82709755441013	10401.0505853226	4216.521600419045
0.3979899999999946	138.8430037244532	10401.029698025173	4223.090686189142
0.3986299999999946	138.85898563068906	10401.008653169012	4229.659707601435
0.3992699999999946	138.8750864000258	10400.987392516947	4236.228666863273
0.39990999999999455	138.89120878541587	10400.966044531302	4242.797556348497
0.4005499999999945	138.9073945227769	10400.944553376346	4249.366378501518
0.4011899999999945	138.92361276580343	10400.922959848065	4255.935130821679
0.40182999999999447	138.9398416304727	10400.901292962728	4262.503811619256
0.40246999999999444	138.9561883302859	10400.879408532954	4269.072426765197
0.4031099999999944	138.9725742910229	10400.857411231258	4275.6409709099435
0.4037499999999944	138.9890594863228	10400.83521973868	4282.209446688154
0.40438999999999437	139.005543423981	10400.812969262195	4288.777848358638
0.40502999999999434	139.02216554996872	10400.790470396978	4295.346182062095
0.4056699999999943	139.0387144162194	10400.76801012866	4301.914437807827
0.4063099999999943	139.05547929102642	10400.74519367585	4308.4826271426655
0.40694999999999426	139.0722399252356	10400.722320717385	4315.050740303542
0.40758999999999423	139.08901447030732	10400.699366639854	4321.618777911034
0.4082299999999942	139.1058245913667	10400.676301611571	4328.186740425265
0.4088699999999942	139.12257705779405	10400.65325434499	4334.75462508015
0.40950999999999416	139.13940850900158	10400.630036215374	4341.322435460978
0.41014999999999413	139.15619302818823	10400.606821699166	4347.89016837753
0.4107899999999941	139.1730567543337	10400.583435538589	4354.457826255057
0.4114299999999941	139.1898119549241	10400.560139319912	4361.025405742641
0.41206999999999405	139.2065921756374	10400.536747618638	4367.592909328973
0.412709999999994	139.2233322979902	10400.51335181585	4374.160336253144
0.413349999999994	139.24005284258686	10400.489923629386	4380.727686932249
0.413989999999994	139.25678093725259	10400.466425200195	4387.294961565606
0.41462999999999395	139.27354444164516	10400.44281713612	4393.862159978893
0.4152699999999939	139.2903231792076	10400.419127864257	4400.429281900706
0.4159099999999939	139.30711133413865	10400.395365586981	4406.996327160376
0.41654999999999387	139.32395054711296	10400.371470781818	4413.5632951008165
0.41718999999999384	139.34080746779532	10400.347490796596	4420.130185685674
0.4178299999999938	139.35766786534327	10400.32344604013	4426.696998960051
0.4184699999999938	139.37460736593488	10400.299227637308	4433.263733210833
0.41910999999999377	139.39153316138646	10400.274968704412	4439.83038983176
0.41974999999999374	139.4085006189567	10400.250589416975	4446.39696739186
0.4203899999999937	139.42550135881018	10400.22610154288	4452.963465670126
0.4210299999999937	139.44247836887894	10400.201587535796	4459.529886101361
0.42166999999999366	139.4595134785953	10400.176928839512	4466.0962260137685
0.42230999999999363	139.47657771646422	10400.152166867918	4472.662485770949
0.4229499999999936	139.49368219231474	10400.127285258692	4479.228664609173
0.4235899999999936	139.51074820403485	10400.102399146363	4485.79476562663
0.42422999999999356	139.52789944326034	10400.077326847439	4492.360783030868
0.42486999999999353	139.5449990899892	10400.052269585942	4498.926723105537
0.4255099999999935	139.56216583936322	10400.027052363072	4505.492579704
0.4261499999999935	139.5792746652655	10400.001859832699	4512.0583593343
0.42678999999999345	139.5964312746239	10399.976535464832	4518.624055941896
0.4274299999999934	139.61360265508964	10399.951127997332	4525.189671112057
0.4280699999999934	139.63073914091032	10399.92571163465	4531.755208016239
0.4287099999999934	139.64793947379286	10399.900138961806	4538.320659916231
0.42934999999999335	139.66508305022666	10399.874590105397	4544.886034904295
0.4299899999999933	139.68225471089534	10399.848938178216	4551.451326934941
0.4306299999999933	139.69939994850776	10399.823264963872	4558.016539940006
0.43126999999999327	139.71656070383796	10399.79750758984	4564.581670667294
0.43190999999999324	139.73369834684223	10399.77172423337	4571.146722107424
0.4325499999999932	139.75076428158687	10399.745989307094	4577.7116988663
0.4331899999999932	139.76784803122897	10399.720167021149	4584.276593094403
0.43382999999999317	139.7849299914382	10399.694287109625	4590.841406389952
0.43446999999999314	139.8019503458612	10399.668441209256	4597.40614463121
0.4351099999999931	139.81896484029235	10399.642544246257	4603.970802475551
0.4357499999999931	139.83597919904463	10399.616587433586	4610.535379237175
0.43638999999999306	139.85295980683992	10399.590622495074	4617.099878427287
0.43702999999999304	139.8698335787749	10399.564763123079	4623.664308637451
0.437669999999993	139.88671018881905	10399.538839772831	4630.228657743782
0.438309999999993	139.9035173211942	10399.51296525589	4636.792934445379
0.43894999999999296	139.92036645984894	10399.486965856426	4643.357125264904
0.43958999999999293	139.93704131725687	10399.461179973416	4649.921257429045
0.4402299999999929	139.9537026348262	10399.435356573014	4656.4853111479615
0.4408699999999929	139.97033257951813	10399.409523866645	4663.0492888422
0.44150999999999285	139.98689586319398	10399.383737384282	4669.613195363097
0.4421499999999928	140.00334203155302	10399.358078110941	4676.177038588981
0.4427899999999928	140.01973557883633	10399.33244422963	4682.7408098422475
0.4434299999999928	140.0360719708644	10399.306843133441	4689.304510027411
0.44406999999999275	140.05234688807633	10399.281282724647	4695.868140424947
0.4447099999999927	140.06848146451728	10399.25588862315	4702.431713301959
0.4453499999999927	140.08454949990175	10399.230544234626	4708.995218254937
0.44598999999999267	140.10054287603086	10399.205262818674	4715.5586569231755
0.44662999999999264	140.11643551764058	10399.180086453487	4722.122033935042
0.4472699999999926	140.1322612817946	10399.15496206182	4728.6853446596015
0.4479099999999926	140.1479124617912	10399.13006372749	4735.248607835135
0.44854999999999257	140.16352693843044	10399.105168895368	4741.811800438139
0.44918999999999254	140.17903584167738	10399.080389846786	4748.374935047155
0.4498299999999925	140.19439361737508	10399.05580124737	4754.938020611499
0.4504699999999925	140.2096330170667	10399.031351027637	4761.501052329212
0.45110999999999246	140.22475949005752	10399.007030789646	4768.064029895937
0.45174999999999244	140.23977590186098	10398.982837171894	4774.6269538305205
0.4523899999999924	140.2547006090662	10398.958739365326	4781.189820701933
0.4530299999999924	140.26944422263293	10398.934886093979	4787.7526493535315
0.45366999999999236	140.28414096418112	10398.911056023344	4794.3154135189925
0.45430999999999233	140.29867061029142	10398.887448812588	4800.878138435299
0.4549499999999923	140.31303434068863	10398.86406344696	4807.440825032508
0.4555899999999923	140.32731741900483	10398.84075867535	4814.003456120903
0.45622999999999225	140.34144940086316	10398.817653099235	4820.566047814092
0.4568699999999922	140.35543751918834	10398.79473499432	4827.1285993565725
0.4575099999999922	140.36932336963508	10398.771935346846	4833.691102375249
0.4581499999999922	140.3830347283821	10398.74937619429	4840.253574070908
0.45878999999999215	140.39666668248844	10398.726898158071	4846.815993581091
0.4594299999999921	140.41008470494057	10398.704729015037	4853.378393140248
0.4600699999999921	140.4234571988958	10398.682583527876	4859.940733448988
0.46070999999999207	140.4366769323765	10398.660644930538	4866.503041228729
0.46134999999999204	140.44972439834646	10398.638947596528	4873.065322520745
0.461989999999992	140.46265502655726	10398.617397350004	4879.627564432485
0.462629999999992	140.47545261075135	10398.596021889232	4886.189771575973
0.46326999999999197	140.48811650484438	10398.574823742445	4892.751945366725
0.46390999999999194	140.50067629971997	10398.553752306329	4899.314078789863
0.4645499999999919	140.5131172080294	10398.5328339679	4905.876176628744
0.4651899999999919	140.52538080878625	10398.512170046575	4912.43825529423
0.46582999999999186	140.53753009104202	10398.491651842258	4919.000298626328
0.46646999999999184	140.54956660153533	10398.471276923698	4925.562306815431
0.4671099999999918	140.56150908336076	10398.451014284308	4932.124275857691
0.4677499999999918	140.5733226284862	10398.43092407347	4938.686215704292
0.46838999999999176	140.5850356487062	10398.410957730885	4945.248119292693
0.46902999999999173	140.59662651264884	10398.39115439315	4951.809993924355
0.4696699999999917	140.6080632613656	10398.371570034935	4958.371849487623
0.4703099999999917	140.61938834512017	10398.352130908892	4964.933674500202
0.47094999999999165	140.630738431986	10398.332593934862	4971.49542728098
0.4715899999999916	140.64178286728145	10398.313548580094	4978.057210859701
0.4722299999999916	140.65287238523678	10398.294370664471	4984.618917117553
0.4728699999999916	140.6637668507465	10398.275489020447	4991.180621913047
0.47350999999999155	140.67469743272991	10398.25648984362	4997.742251957124
0.4741499999999915	140.68541682777786	10398.237817474737	5004.303887594447
0.4747899999999915	140.69606717852173	10398.219216897267	5010.8654834333975
0.47542999999999147	140.70667133977494	10398.200647768896	5017.427032553384
0.47606999999999144	140.7171088608826	10398.182328864068	5023.988576147711
0.4767099999999914	140.7275425754572	10398.163964787052	5030.5500594078585
0.4773499999999914	140.73792663547957	10398.145637742635	5037.111497532392
0.47798999999999137	140.74817579952602	10398.127505508059	5043.672921606819
0.47862999999999134	140.7583161891612	10398.109520380738	5050.234323051287
0.4792699999999913	140.7684956660901	10398.091411426874	5056.795649502672
0.4799099999999913	140.77857208400548	10398.073439228687	5063.35695177532
0.48054999999999126	140.78853932029995	10398.055616488931	5069.918233253597
0.48118999999999124	140.798505371123	10398.037743634914	5076.479454431186
0.4818299999999912	140.8083951475676	10398.019959746884	5083.040643318366
0.4824699999999912	140.81824618057732	10398.002196177007	5089.601786535265
0.48310999999999116	140.82795859007297	10397.98463867166	5096.162922304198
0.48374999999999113	140.83763454925662	10397.967098002826	5102.724012494829
0.4843899999999911	140.84726777418345	10397.949585997205	5109.285059698142
0.4850299999999911	140.85690937441322	10397.932006098748	5115.846043538526
0.48566999999999105	140.86654808108457	10397.91437919938	5122.406968220215
0.486309999999991	140.87606760869622	10397.896925495701	5128.967881007633
0.486949999999991	140.88547614642198	10397.879630565452	5135.5287796406765
0.487589999999991	140.89493906412378	10397.862181780438	5142.089596940079
0.48822999999999095	140.90439591431058	10397.844691865277	5148.650356606358
0.4888699999999909	140.9137621617509	10397.827323209765	5155.211094751201
0.4895099999999909	140.92315200169887	10397.809857552349	5161.771763235704
0.49014999999999087	140.93256265314923	10397.792300175768	5168.332362999768
0.49078999999999084	140.94181572158794	10397.774993966083	5174.89297127211
0.4914299999999908	140.95107502147525	10397.757624352756	5181.453517559252
0.4920699999999908	140.96039316652883	10397.740088949182	5188.013978070205
0.49270999999999077	140.96957117134028	10397.722773761636	5194.574441619509
0.49334999999999074	140.97878933867628	10397.70532887031	5201.134827616513
0.4939899999999907	140.9880363608318	10397.687775835311	5207.6951406637345
0.4946299999999907	140.9972300166287	10397.670275255758	5214.255418383164
0.49526999999999066	141.00636834083616	10397.652831474496	5220.815662136948
0.49590999999999064	141.0155847892254	10397.635182839116	5227.3758096580505
0.4965499999999906	141.02471142470307	10397.617658875362	5233.935939481232
0.4971899999999906	141.03388801896455	10397.599984047729	5240.49598530341
0.49782999999999056	141.0430468103516	10397.58229245494	5247.0559794695
0.49846999999999053	141.05215799708384	10397.564643064103	5253.615936428343
0.4991099999999905	141.06125288817697	10397.54697453413	5260.175841418792
0.4997499999999905	141.07039270298387	10397.529164796713	5266.735664056728
0.5003899999999905	141.07947756826738	10397.511412966189	5273.295453721936
0.5010299999999904	141.08864206691646	10397.493449752708	5279.85514286163
0.5016699999999904	141.09774452216715	10397.475558678847	5286.414802550051
0.5023099999999904	141.10696649964677	10397.457374799678	5292.974340092736
0.5029499999999903	141.11607680456947	10397.439363370975	5299.533873783043
0.5035899999999903	141.1252155605531	10397.42124224718	5306.093331639571
0.5042299999999903	141.13431308925954	10397.403152215004	5312.6527498415335
0.5048699999999903	141.14353961807612	10397.384747236767	5319.212038108425
0.5055099999999902	141.1527061689503	10397.366411258276	5325.771296228555
0.5061499999999902	141.16188644791953	10397.34799423836	5332.3304849059505
0.5067899999999902	141.17105253640617	10397.32955363411	5338.889619307612
0.5074299999999902	141.18025847607896	10397.310978124196	5345.448669547022
0.5080699999999901	141.18947093811232	10397.292335746328	5352.007653461122
0.5087099999999901	141.19872493326434	10397.273554236654	5358.56655134809
0.5093499999999901	141.20794226463585	10397.254794940245	5365.125406674856
0.5099899999999901	141.2172153841063	10397.235866237535	5371.684167132745
0.51062999999999	141.22646839773012	10397.216925686103	5378.24287560279
0.51126999999999	141.23584118898097	10397.197680973284	5384.8014510154
0.51190999999999	141.24518976347275	10397.178431728526	5391.3599756577
0.51254999999999	141.254456810805	10397.159299696526	5397.9184840317785
0.5131899999999899	141.26384302135122	10397.139862650758	5404.4768575348635
0.5138299999999899	141.27322857229964	10397.120372202759	5411.035166383835
0.5144699999999899	141.28266651799095	10397.100716292876	5417.593378585572
0.5151099999999899	141.29204591721427	10397.081129209451	5424.151560611775
0.5157499999999898	141.30156692607426	10397.061185843933	5430.709590382856
0.5163899999999898	141.31105113939256	10397.041264782933	5437.267576162675
0.5170299999999898	141.3205742000365	10397.021204849625	5443.8254712646885
0.5176699999999897	141.33010334887678	10397.001075833738	5450.383295675009
0.5183099999999897	141.33970752523155	10396.98072920789	5456.941005473464
0.5189499999999897	141.34937201750185	10396.96019579172	5463.498609015027
0.5195899999999897	141.35899502009914	10396.939695040475	5470.056170943581
0.5202299999999896	141.36871187882795	10396.9189341643	5476.613604018293
0.5208699999999896	141.3784674180215	10396.898031408731	5483.170942713756
0.5215099999999896	141.38826976902342	10396.876968954817	5489.7281812813
0.5221499999999896	141.39812467793294	10396.855733314147	5496.285315027225
0.5227899999999895	141.40809326775744	10396.834190377629	5502.84230257572
0.5234299999999895	141.4181185937706	10396.812463381817	5509.39918048607
0.5240699999999895	141.4283350078308	10396.790256388334	5515.955857145604
0.5247099999999895	141.43890432473995	10396.767210294329	5522.512219749935
0.5253499999999894	141.45004935215164	10396.742828467506	5529.068110860295
0.5259899999999894	141.46262342884935	10396.715213461575	5535.622933260054
0.5266299999999894	141.4804647303203	10396.675822652489	5542.173996072763
0.5272699999999894	141.5047462616598	10396.622020276714	5548.720431331469
0.5279099999999893	141.53829680540522	10396.547512366904	5555.260211792366
0.5285499999999893	141.58891106994443	10396.434926730302	5561.787772647117
0.5291899999999893	141.67122389029933	10396.25160161655	5568.292613979144
0.5298299999999893	141.81075037015032	10395.940544870222	5574.756339390013
0.5299899999999893	142.00018213629167	10395.518094827672	5576.262140683487
0.5300299999999893	142.2415757548636	10394.979494138403	5576.500254635582
0.5300699999999894	142.53042383313456	10394.33474894792	5576.70434244662
0.5301499999999894	142.86184212600324	10393.594750136544	5577.287893307683
0.5301599999999893	143.17561634929885	10392.89753274481	5577.168187545433
0.5301699999999893	143.73838401199484	10391.678402983078	5576.888743869784
0.5301799999999892	144.5882329657667	10389.870754394962	5576.432120176987
0.5301899999999892	145.35015545839283	10388.266877683789	5576.042172414965
0.5308299999999891	145.93155692017174	10387.045677855393	5582.222165736104
0.5314699999999891	146.33978014056729	10386.189247149414	5588.512576371648
0.5321099999999891	146.63021718647988	10385.579780160011	5594.877669140214
0.5327499999999891	146.84532756886955	10385.127591242157	5601.290203540701
0.533389999999989	147.01120437594415	10384.77796272708	5607.733615612744
0.534029999999989	147.14378822326648	10384.497478973273	5614.19777969438
0.534669999999989	147.2523177378309	10384.267031548721	5620.676974770988
0.535309999999989	147.3441489074569	10384.071142886567	5627.166476054302
0.5359499999999889	147.42348574939538	10383.90107654935	5633.663650538518
0.5365899999999889	147.49270354741623	10383.752036484228	5640.167099007866
0.5372299999999889	147.55553029218996	10383.61590656757	5646.674246238498
0.5378699999999889	147.61142933591847	10383.494296956023	5653.185747342631
0.5385099999999888	147.66325505967728	10383.380862968408	5659.699544094494
0.5391499999999888	147.71176273001467	10383.274059987649	5666.215175296353
0.5397899999999888	147.7569384044914	10383.174091924802	5672.732763703105
0.5404299999999888	147.79972837343553	10383.078877559548	5679.251638967971
0.5410699999999887	147.84036419670144	10382.987983722554	5685.771686693439
0.5417099999999887	147.87911695901957	10382.900868272947	5692.292749863172
0.5423499999999887	147.91619572342896	10382.81711665632	5698.814710191267
0.5429899999999886	147.95279350906537	10382.733964742201	5705.33662167683
0.5436299999999886	147.98755716693685	10382.654669563999	5711.859639479235
0.5442699999999886	148.02188115815528	10382.575967565244	5718.382633766825
0.5449099999999886	148.05542306942402	10382.498701273276	5724.905909795368
0.5455499999999885	148.08800076779477	10382.423343577033	5731.429647037257
0.5461899999999885	148.12010764969662	10382.348740690477	5737.953444730122
0.5468299999999885	148.15176489705163	10382.274866985394	5744.477300811902
0.5474699999999885	148.18293270781672	10382.201833428631	5751.001260285323
0.5481099999999884	148.2136348184313	10382.129605221615	5757.525317356002
0.5487499999999884	148.244454257678	10382.056780489025	5764.048968277011
0.5493899999999884	148.27472082401982	10381.984997855092	5770.572809922002
0.5500299999999884	148.30462496103198	10381.913811524157	5777.096685846228
0.5506699999999883	148.33437330661914	10381.842726753614	5783.620418299156
0.5513099999999883	148.36396474135242	10381.771756920036	5790.144014647263
0.5519499999999883	148.39351216801995	10381.700629582636	5796.667375624897
0.5525899999999883	148.42287860618856	10381.62968841939	5803.190629640746
0.5532299999999882	148.45218095934794	10381.55865035458	5809.713673022751
0.5538699999999882	148.48147734260934	10381.487377122212	5816.236455053418
0.5545099999999882	148.51051008559318	10381.416513374468	5822.759217969186
0.5551499999999882	148.53965081995779	10381.345139214613	5829.28161770213
0.5557899999999881	148.56852632618478	10381.27419119511	5835.804007803564
0.5564299999999881	148.59765102688425	10381.202383946737	5842.325902565356
0.5570699999999881	148.6266510790148	10381.130656208012	5848.8476572161035
0.557709999999988	148.65573292258432	10381.058491021275	5855.3690751416825
0.558349999999988	148.68481982317144	10380.986083743985	5861.890230533235
0.558989999999988	148.71385960800913	10380.913567113548	5868.411174106408
0.559629999999988	148.7430501135191	10380.840443168361	5874.931714188678
0.5602699999999879	148.77214133288808	10380.767345754053	5881.452094513811
0.5609099999999879	148.80123478117295	10380.694020474028	5887.972217204028
0.5615499999999879	148.83054273073984	10380.619923874592	5894.4918697119465
0.5621899999999879	148.85977485135595	10380.545799112055	5901.011340830354
0.5628299999999878	148.88912356602435	10380.471153797682	5907.530437641184
0.5634699999999878	148.91869596475397	10380.39570902787	5914.049048515303
0.5641099999999878	148.94828583174626	10380.319996709148	5920.567381654672
0.5647499999999878	148.97783759741807	10380.244161209977	5927.085493857486
0.5653899999999877	149.00759444444517	10380.167571732865	5933.60313400342
0.5660299999999877	149.03748287630054	10380.090417068677	5940.120375217086
0.5666699999999877	149.06735579965977	10380.013079658173	5946.637369138437
0.5673099999999877	149.0973635649329	10379.935167170597	5953.153957928335
0.5679499999999876	149.12741820265856	10379.856909014401	5959.670232509061
0.5685899999999876	149.1577352745012	10379.777736568529	5966.185961810145
0.5692299999999876	149.18797974633264	10379.698530653553	5972.701500639123
0.5698699999999876	149.21858991367733	10379.618132946807	5979.21637750184
0.5705099999999875	149.24916287530516	10379.537606520093	5985.731022858965
0.5711499999999875	149.2798763478172	10379.456480540726	5992.245243832469
0.5717899999999875	149.31073325009237	10379.374744043345	5998.759033981438
0.5724299999999874	149.3417988422802	10379.292220857169	6005.272318916134
0.5730699999999874	149.37281166411455	10379.209608938623	6011.785385078088
0.5737099999999874	149.40385225097288	10379.126693338192	6018.298143410992
0.5743499999999874	149.43450444233105	10379.044598519034	6024.811061975157
0.5749899999999873	149.46488620716903	10378.96301625255	6031.324016001833
0.5756299999999873	149.49489658274135	10378.882228120652	6037.837126235779
0.5762699999999873	149.524777509296	10378.801584993987	6044.350123358369
0.5769099999999873	149.55455608631328	10378.721017294078	6050.862979221554
0.5775499999999872	149.58423024180013	10378.640532283589	6057.375697485904
0.5781899999999872	149.61363307280948	10378.560590835501	6063.8884745814885
0.5788299999999872	149.64301823178383	10378.480501178541	6070.401018485724
0.5794699999999872	149.67241451399522	10378.400184120941	6076.913295168
0.5801099999999871	149.70160268722177	10378.320245372332	6083.42556349515
0.5807499999999871	149.73075130139924	10378.24022113811	6089.937625908938
0.5813899999999871	149.7597084234843	10378.160534083723	6096.449664453958
0.5820299999999871	149.78873513068777	10378.080461063322	6102.961368375127
0.582669999999987	149.8175356580416	10378.000825019571	6109.473092870191
0.583309999999987	149.84640315907015	10377.920809285242	6115.984484996395
0.583949999999987	149.87506002963806	10377.841190026262	6122.4958816410335
0.584589999999987	149.9036781074064	10377.761487317934	6129.007074793654
0.5852299999999869	149.93214834311692	10377.682008703949	6135.518199121952
0.5858699999999869	149.9605311053439	10377.602584515374	6142.029180936544
0.5865099999999869	149.98874120119726	10377.523456911127	6148.540127312094
0.5871499999999868	150.01690828145863	10377.444259368287	6155.050877471956
0.5877899999999868	150.04498728181778	10377.36511944523	6161.5614877660155
0.5884299999999868	150.0728664446644	10377.286356432505	6168.072100358075
0.5890699999999868	150.10069852143067	10377.20753482354	6174.582522581779
0.5897099999999867	150.12841485394108	10377.128851128333	6181.092842129177
0.5903499999999867	150.15602142169195	10377.050289004761	6187.6030522892215
0.5909899999999867	150.18335800546294	10376.97231098409	6194.113361326165
0.5916299999999867	150.210660872659	10376.894236242311	6200.62346456847
0.5922699999999866	150.23771596611743	10376.816684694626	6207.133641774814
0.5929099999999866	150.26477411571008	10376.738929866086	6213.643565801528
0.5935499999999866	150.29182896185952	10376.660987793472	6220.153243186226
0.5941899999999866	150.31852118156937	10376.583906197598	6226.663150304106
0.5948299999999865	150.34518435839044	10376.506713472338	6233.172846721102
0.5954699999999865	150.37177404761093	10376.429538223889	6239.682390881521
0.5961099999999865	150.3982121751137	10376.35260811688	6246.191887139822
0.5967499999999865	150.42449952028633	10376.27592388994	6252.701337012738
0.5973899999999864	150.45067203968188	10376.199378777277	6259.210691957515
0.5980299999999864	150.47681060120493	10376.122732643871	6265.719841360241
0.5986699999999864	150.50280138861822	10376.046323306095	6272.228941654815
0.5993099999999864	150.52854814896398	10375.970438716293	6278.73812758473
0.5999499999999863	150.55441345385708	10375.89399611395	6285.246896070639
0.6005899999999863	150.58014887276408	10375.817737569661	6291.755592268094
0.6012299999999863	150.60586428208856	10375.74133162381	6298.264061311812
0.6018699999999862	150.6313181804496	10375.665506365345	6304.772645023152
0.6025099999999862	150.65688904339038	10375.589120020175	6311.280807529071
0.6031499999999862	150.68228961866652	10375.513039661388	6317.788956506793
0.6037899999999862	150.70760501155496	10375.437008234749	6324.2969713835455
0.6044299999999861	150.73288451114394	10375.360876624613	6330.804781784146
0.6050699999999861	150.7581701019831	10375.284513247649	6337.312324548989
0.6057099999999861	150.7833441539353	10375.208279470222	6343.819771724221
0.6063499999999861	150.80867668655634	10375.131343806112	6350.326725894356
0.606989999999986	150.8337995345066	10375.054837588883	6356.83372742299
0.607629999999986	150.858987896464	10374.9779122604	6363.34036990758
0.608269999999986	150.8841084997727	10374.90097896452	6369.846850297221
0.608909999999986	150.90927810116537	10374.823675116457	6376.352993587603
0.6095499999999859	150.93440646385685	10374.7462799058	6382.858933920249
0.6101899999999859	150.95962986859368	10374.668366586091	6389.364463926099
0.6108299999999859	150.984801928161	10374.590391812944	6395.869804397339
0.6114699999999859	151.01002359369332	10374.512037483253	6402.374800026599
0.6121099999999858	151.03524742455474	10374.433450603985	6408.879521572571
0.6127499999999858	151.0604887071469	10374.354585005047	6415.38394621354
0.6133899999999858	151.08575768254065	10374.275404111459	6421.888054905429
0.6140299999999858	151.11115792222463	10374.19557811583	6428.391684453559
0.6146699999999857	151.13652865634012	10374.11561803974	6434.895085527488
0.6153099999999857	151.1620813066182	10374.034846088809	6441.397922204602
0.6159499999999857	151.18765715824193	10373.953765846485	6447.900441804619
0.6165899999999856	151.2132040384179	10373.87254525376	6454.402727238239
0.6172299999999856	151.2390154049448	10373.790237785704	6460.904306394875
0.6178699999999856	151.26481136066243	10373.70774211616	6467.405624986413
0.6185099999999856	151.29063813614047	10373.624908333399	6473.906607595699
0.6191499999999855	151.31655450858418	10373.541545855773	6480.407157901048
0.6197899999999855	151.34260920396116	10373.457492399311	6486.907192659459
0.6204299999999855	151.368829018417	10373.372657264166	6493.406664176779
0.6210699999999855	151.39514809525994	10373.287251896763	6499.905677003111
0.6217099999999854	151.42151580398232	10373.201441029974	6506.404313116084
0.6223499999999854	151.44799097257166	10373.115029398132	6512.90247233657
0.6229899999999854	151.47464529102132	10373.027777659834	6519.400031225318
0.6236299999999854	151.50154721518206	10372.9394543789	6525.896869259543
0.6242699999999853	151.52844903102877	10372.850876621398	6532.393400902718
0.6249099999999853	151.5554265283551	10372.761792096684	6538.889496435509
0.6255499999999853	151.582611059757	10372.671760548139	6545.384928522064
0.6261899999999853	151.60993128005285	10372.581016429527	6551.879815089651
0.6268299999999852	151.63742036763261	10372.489445187282	6558.374095085183
0.6274699999999852	151.6650902200315	10372.397002303103	6564.867743094645
0.6281099999999852	151.69284388902233	10372.30401103461	6571.360924084686
0.6287499999999852	151.72086958502499	10372.209832730005	6577.85330516228
0.6293899999999851	151.74905390217427	10372.11484564383	6584.345079566302
0.6300299999999851	151.77730589055204	10372.019355474484	6590.8364043897645
0.6306699999999851	151.80585511288024	10371.922578030899	6597.326868755435
0.631309999999985	151.8344833911422	10371.825252199764	6603.81685564756
0.631949999999985	151.8632813934452	10371.727066184898	6610.30620019225
0.632589999999985	151.89237038634758	10371.627598520547	6616.794678351607
0.633229999999985	151.9216294684728	10371.527258654689	6623.282502037907
0.633869999999985	151.95112202622136	10371.425824034826	6629.769551388262
0.6345099999999849	151.9807725803887	10371.323550858202	6636.25595882529
0.6351499999999849	152.0105671278214	10371.22048466697	6642.741746252657
0.6357899999999849	152.04063464201323	10371.116171989715	6649.226670532154
0.6364299999999848	152.07089711697992	10371.01087945678	6655.710870077344
0.6370699999999848	152.10136499830796	10370.904565454168	6662.194319912567
0.6377099999999848	152.13214012962933	10370.796866976401	6668.676823086929
0.6383499999999848	152.16307417577835	10370.688299835994	6675.158651975821
0.6389899999999847	152.19418799795707	10370.57878721779	6681.639763053282
0.6396299999999847	152.22563377712552	10370.467784930703	6688.119860919332
0.6402699999999847	152.2572987083676	10370.355685209313	6694.599152633172
0.6409099999999847	152.28916367525673	10370.242552472062	6701.07767008886
0.6415499999999846	152.32123281192716	10370.128366453504	6707.555399399524
0.6421899999999846	152.35366598104608	10370.012549126239	6714.032024147899
0.6428299999999846	152.38630253276955	10369.895669095251	6720.507848639972
0.6434699999999846	152.41910805674027	10369.777846283212	6726.9829353431705
0.6441099999999845	152.45226178651097	10369.658428644667	6733.4569259213595
0.6447499999999845	152.48569694683104	10369.537648991265	6739.929943027321
0.6453899999999845	152.51940677083522	10369.415525523364	6746.40199285237
0.6460299999999845	152.55329079873457	10369.292417977686	6752.873269129994
0.6466699999999844	152.5876127890677	10369.16735753973	6759.34323632682
0.6473099999999844	152.62208069580979	10369.041403785524	6765.812472724853
0.6479499999999844	152.65690123559236	10368.913793975256	6772.280554886098
0.6485899999999843	152.69200130351223	10368.7847883167	6778.747622032236
0.6492299999999843	152.72745485093878	10368.654106476386	6785.213514885568
0.6498699999999843	152.76311111829483	10368.522299044673	6791.67853457585
0.6505099999999843	152.79914173182092	10368.388722501099	6798.1423199178835
0.6511499999999842	152.83548317863855	10368.253604336234	6804.604992770246
0.6517899999999842	152.87202070804477	10368.1173660022	6811.06678431716
0.6524299999999842	152.9089863808522	10367.979132447213	6817.5272017787665
0.6530699999999842	152.94626512858542	10367.83932504318	6823.986475766848
0.6537099999999841	152.98393756050072	10367.697631813064	6830.444426630182
0.6543499999999841	153.0218601898535	10367.554585437281	6836.901348955345
0.6549899999999841	153.06006755764093	10367.410049240474	6843.357162059917
0.6556299999999841	153.0987483801221	10367.263297639513	6849.811451810894
0.656269999999984	153.1377058157331	10367.115069014038	6856.264629961723
0.656909999999984	153.17699718359208	10366.965137300447	6862.716564307591
0.657549999999984	153.21669949108784	10366.813198504688	6869.167077417317
0.658189999999984	153.2567271526112	10366.659571284032	6875.616345131307
0.6588299999999839	153.2971985941754	10366.503789866516	6882.064097121967
0.6594699999999839	153.3378632069975	10366.346812457577	6888.5108749691135
0.6601099999999839	153.37882718377637	10366.18822377758	6894.956437969148
0.6607499999999839	153.42000935151484	10366.028333309829	6901.400959406806
0.6613899999999838	153.46147918291112	10365.866865827542	6907.844277855638
0.6620299999999838	153.50321346236385	10365.703905568687	6914.286437657348
0.6626699999999838	153.54529127146944	10365.539136140687	6920.727252450789
0.6633099999999837	153.58773859365493	10365.372446194398	6927.166652992138
0.6639499999999837	153.63045121782991	10365.204237667984	6933.604866731243
0.6645899999999837	153.67350010578062	10365.034223479817	6940.041723252765
0.6652299999999837	153.71693098767938	10364.86221290926	6946.477106880206
0.6658699999999836	153.7606482949098	10364.688576764675	6952.911228024905
0.6665099999999836	153.80486743120338	10364.512446722607	6959.343576104549
0.6671499999999836	153.84934227938484	10364.334794800336	6965.77471192857
0.6677899999999836	153.89414720793187	10364.155315634605	6972.204452871412
0.6684299999999835	153.93943704733326	10363.973376891592	6978.632423457263
0.6690699999999835	153.98507268084586	10363.789526638737	6985.058938690284
0.6697099999999835	154.03102367749372	10363.603878724245	6991.484060430685
0.6703499999999835	154.0773603064615	10363.416138648166	6997.907610367655
0.6709899999999834	154.12413420611176	10363.226085530963	7004.329452525405
0.6716299999999834	154.17128384303592	10363.033958404625	7010.749721958667
0.6722699999999834	154.2188438204104	10362.83960431057	7017.16832247496
0.6729099999999834	154.26685732603354	10362.64283400404	7023.585135792261
0.6735499999999833	154.315233243613	10362.444009234277	7030.000370311955
0.6741899999999833	154.3640235640579	10362.242904971996	7036.413886620305
0.6748299999999833	154.41323040238757	10362.039500156465	7042.825666020361
0.6754699999999833	154.4628366517918	10361.833853545328	7049.2357374326975
0.6761099999999832	154.5127896077961	10361.626173575645	7055.644219642128
0.6767499999999832	154.56334397669582	10361.415383971538	7062.050462043034
0.6773899999999832	154.61434933645407	10361.202096458124	7068.45482335903
0.6780299999999831	154.66563017978217	10360.987037006907	7074.857733650606
0.6786699999999831	154.71748889640617	10360.768921246083	7081.258414488989
0.6793099999999831	154.76970682600322	10360.548656299226	7087.657404992486
0.6799499999999831	154.8224650006828	10360.32546296185	7094.054228464205
0.680589999999983	154.8756469583687	10360.099818274388	7100.449165714165
0.681229999999983	154.92923405270656	10359.87179156309	7106.842252505332
0.681869999999983	154.9833849833511	10359.64068843104	7113.233060485053
0.682509999999983	155.03800572258837	10359.406895142078	7119.621816440111
0.6831499999999829	155.0931595522713	10359.170123774182	7126.008337660295
0.6837899999999829	155.14884347676605	10358.930370378846	7132.392613756965
0.6844299999999829	155.20488396523734	10358.688369471094	7138.7750859498365
0.6850699999999829	155.2615864025815	10358.442782576118	7145.154928465011
0.6857099999999828	155.31871982831004	10358.194594879189	7151.532736109273
0.6863499999999828	155.37650047915088	10357.942846668306	7157.907912185901
0.6869899999999828	155.43475049432394	10357.68829660182	7164.280914134537
0.6876299999999828	155.49354853961353	10357.430584406262	7170.651512512421
0.6882699999999827	155.55291612466806	10357.169596491656	7177.019628720679
0.6889099999999827	155.61289238402384	10356.905141257997	7183.385135555617
0.6895499999999827	155.6735669914949	10356.636799866008	7189.747764219939
0.6901899999999827	155.734674529995	10356.36572955851	7196.108222399949
0.6908299999999826	155.79639026035537	10356.091136393708	7202.466009731483
0.6914699999999826	155.85879474193644	10355.81263837065	7208.820878995705
0.6921099999999826	155.92180464172736	10355.530585834478	7215.173038192864
0.6927499999999825	155.9854096815839	10355.245005121122	7221.522494422146
0.6933899999999825	156.04991469102984	10354.954498717145	7227.868364208719
0.6940299999999825	156.11476715423328	10354.661540717098	7234.212184409889
0.6946699999999825	156.1805775645905	10354.363344645444	7240.552200372468
0.6953099999999824	156.2469404703528	10354.06172690524	7246.889539626215
0.6959499999999824	156.3139789650709	10353.756106429813	7253.223827573978
0.6965899999999824	156.3818501558453	10353.445739432509	7259.554584786897
0.6972299999999824	156.45041980382297	10353.131215246667	7265.882170810258
0.6978699999999823	156.51982040257596	10352.811898512991	7272.206172953311
0.6985099999999823	156.58996563475313	10352.488159694643	7278.5268131673465
0.6991499999999823	156.66083957387644	10352.16004928921	7284.844112046172
0.6997899999999823	156.73258841239962	10351.826860545385	7291.157609108161
0.7004299999999822	156.80500940181213	10351.489511491754	7297.467875200489
0.7010699999999822	156.87850196389417	10351.14610837799	7303.773692792443
0.7017099999999822	156.95279479869586	10350.797887431077	7310.075834749583
0.7023499999999822	157.02794031632902	10350.444574528938	7316.374113355373
0.7029899999999821	157.1040324832481	10350.085697072705	7322.668212872808
0.7036299999999821	157.18098513441996	10349.721630957081	7328.958359754437
0.7042699999999821	157.25879827320446	10349.352346133295	7335.244521224448
0.704909999999982	157.33766705537766	10348.97688201315	7341.526066071078
0.705549999999982	157.4175040098645	10348.59562032493	7347.803223975776
0.706189999999982	157.49826090447073	10348.208758089671	7354.076106911504
0.706829999999982	157.58017048620852	10347.815144300012	7360.343957026835
0.707469999999982	157.6629629921767	10347.416041014354	7366.607573100343
0.7081099999999819	157.7468913057493	10347.010191601768	7372.866126878179
0.7087499999999819	157.83133234773914	10346.600589071106	7379.121543050241
0.7093899999999819	157.91668462996978	10346.18527678205	7385.372541216549
0.7100299999999818	158.00292245942313	10345.764352635997	7391.619170727511
0.7106699999999818	158.08992577780472	10345.338376915299	7397.861782547502
0.7113099999999818	158.17810760242799	10344.905290699473	7404.0990202110015
0.7119499999999818	158.2669795338397	10344.467464575839	7410.332414859305
0.7125899999999817	158.35689318169528	10344.02313444541	7416.56080004362
0.7132299999999817	158.44781563450366	10343.572427422441	7422.784242499828
0.7138699999999817	158.53987603227193	10343.114662509453	7429.002278854551
0.7145099999999817	158.63278840676196	10342.651228782663	7435.21580423956
0.7151499999999816	158.7270069501669	10342.17981698675	7441.4232840476425
0.7157899999999816	158.82213268102007	10341.7023845061	7447.625988134707
0.7164299999999816	158.91838213396562	10341.217806317587	7453.82315860165
0.7170699999999816	159.01590846449736	10340.725262998936	7460.014235320319
0.7177099999999815	159.11457042309308	10340.225421625983	7466.199639439731
0.7183499999999815	159.21436959668205	10339.718232580255	7472.379319570743
0.7189899999999815	159.315258462814	10339.203894535727	7478.55338891269
0.7196299999999815	159.41748661355683	10338.681083895292	7484.720949125223
0.7202699999999814	159.5209013819057	10338.15053505767	7490.88246762936
0.7209099999999814	159.62582204101577	10337.610551431395	7497.036793305644
0.7215499999999814	159.73174445402057	10337.063681555015	7503.185603669054
0.7221899999999813	159.83920630855945	10336.507096143689	7509.326989668401
0.7228299999999813	159.94781140681758	10335.942796895417	7515.462266767352
0.7234699999999813	160.05808623688105	10335.367984967714	7521.5895386714865
0.7241099999999813	160.16995419047157	10334.782991023343	7527.709000291332
0.7247499999999812	160.2828155690866	10334.190908830806	7533.822706160327
0.7253899999999812	160.39734245576292	10333.588150869322	7539.928222970684
0.7260299999999812	160.5135081717593	10332.974789486241	7546.025572244322
0.7266699999999812	160.63128566220638	10332.35090007967	7552.114777870753
0.7273099999999811	160.75050539012926	10331.717320401069	7558.196379615544
0.7279499999999811	160.87159270588685	10331.071718609195	7564.268774357008
0.7285899999999811	160.99450774231937	10330.414228044574	7570.332021757147
0.7292299999999811	161.11873141494357	10329.747566651236	7576.387936934113
0.729869999999981	161.24511933618425	10329.067065978024	7582.433323531472
0.730509999999981	161.3730293629781	10328.376111488742	7588.470450886477
0.731149999999981	161.50323823721752	10327.67042010565	7594.496373260128
0.731789999999981	161.63522345011472	10326.95274239502	7600.512930638614
0.7324299999999809	161.76717450091016	10326.232918653275	7606.526819490233
0.7330699999999809	161.89943744900415	10325.509082768798	7612.536760143392
0.7337099999999809	162.0327662616697	10324.77709266837	7618.539905989335
0.7343499999999809	162.16681517884444	10324.038824816489	7624.537525456054
0.7349899999999808	162.30161063023488	10323.29411580244	7630.529492006559
0.7356299999999808	162.4375795850249	10322.540563143275	7636.514137379785
0.7362699999999808	162.5744170061034	10321.779818830164	7642.4925782069095
0.7369099999999807	162.7120719344777	10321.012133312543	7648.464970164392
0.7375499999999807	162.85068473473245	10320.236679971615	7654.430725521499
0.7381899999999807	162.98979233124825	10319.456018590583	7660.391595893431
0.7388299999999807	163.13016990423415	10318.665743889813	7666.344518031803
0.7394699999999806	163.27066257969528	10317.87232769411	7672.293955881654
0.7401099999999806	163.411949826725	10317.071896084764	7678.237212651566
0.7407499999999806	163.5542762939393	10316.262998605513	7684.17326234604
0.7413899999999806	163.69668414101926	10315.451050677326	7690.105853947174
0.7420299999999805	163.8402417507591	10314.629894933196	7696.030688101525
0.7426699999999805	163.9841360766338	10313.804139540587	7701.95095804901
0.7433099999999805	164.12757444625066	10312.978340987383	7707.869837723742
0.7439499999999805	164.2688809192756	10312.162255233732	7713.794156740318
0.7445899999999804	164.4089963737128	10311.35051380549	7719.720180838041
0.7452299999999804	164.54788778560612	10310.54336869924	7725.648100026675
0.7458699999999804	164.68544345890004	10309.741507196788	7731.57840971888
0.7465099999999804	164.8216450168912	10308.945082694796	7737.511232477625
0.7471499999999803	164.957138056794	10308.150313689895	7743.443919230866
0.7477899999999803	165.09109037071156	10307.362114382884	7749.379939416574
0.7484299999999803	165.22427281120423	10306.575934503042	7755.316096971026
0.7490699999999803	165.35615378331434	10305.794931164945	7761.254628756372
0.7497099999999802	165.48683316661123	10305.018523491912	7767.195136720192
0.7503499999999802	165.61648655800477	10304.245659700693	7773.13688662542
0.7509899999999802	165.74554448779824	10303.473751989188	7779.078051039066
0.7516299999999801	165.87425693823164	10302.701272571998	7785.0175466988385
0.7522699999999801	166.0017100488858	10301.933735538052	7790.959294863419
0.7529099999999801	166.12924750984223	10301.162984266975	7796.897498251454
0.7535499999999801	166.25653570634373	10300.391008828132	7802.833567927066
0.75418999999998	166.38370391826157	10299.616999319485	7808.766922976709
0.75482999999998	166.51097345436028	10298.839573109044	7814.696570331503
0.75546999999998	166.63871595943894	10298.05640104892	7820.620834513786
0.75610999999998	166.76665295575924	10297.269167671477	7826.540909357258
0.7567499999999799	166.89544105235655	10296.473761071877	7832.453834726925
0.7573899999999799	167.02460643968024	10295.67308392625	7838.361676803029
0.7580299999999799	167.15506785517428	10294.8613549809	7844.260264684884
0.7586699999999799	167.2860233003501	10294.043531942785	7850.153142381902
0.7593099999999798	167.41869412854828	10293.211891722283	7856.034726993244
0.7599499999999798	167.55258020479792	10292.369496287884	7861.9071955819345
0.7605899999999798	167.68761329309623	10291.516715581296	7867.770790202274
0.7612299999999798	167.82432413519942	10290.650115471277	7873.623001273757
0.7618699999999797	167.96293880055774	10289.768154532452	7879.462678510012
0.7625099999999797	168.10313176664908	10288.872818430604	7885.291225544576
0.7631499999999797	168.24583088344144	10287.95805526659	7891.104214921236
0.7637899999999797	168.38982447831384	10287.031563880264	7896.907198615923
0.7644299999999796	168.53622945791363	10286.08604206599	7902.6948327097
0.7650699999999796	168.68478224707218	10285.123077609225	7908.468228879588
0.7657099999999796	168.8362369074099	10284.137632847662	7914.223668792613
0.7663499999999795	168.9899091729467	10283.134034631474	7919.964259717882
0.7669899999999795	169.1464893117666	10282.107635012373	7925.686558452468
0.7676299999999795	169.3058901655323	10281.058852506469	7931.390816647097
0.7682699999999795	169.46805594709633	10279.987906170818	7937.077141278267
0.7689099999999794	169.6333773298426	10278.892053702502	7942.743466179337
0.7695499999999794	169.80206768652303	10277.76970607019	7948.388563804467
0.7701899999999794	169.97303987879027	10276.627966813998	7954.017598054809
0.7708299999999794	170.14410039904365	10275.481492889603	7959.641322652333
0.7714699999999793	170.3159923511725	10274.325348460836	7965.256090308885
0.7721099999999793	170.48931603224688	10273.155461769982	7970.858873817601
0.7727499999999793	170.6641977404378	10271.970927541044	7976.448973193647
0.7733899999999793	170.84101652564453	10270.769082497354	7982.024383467296
0.7740299999999792	171.01930518546874	10269.553020556432	7987.587356893846
0.7746699999999792	171.1994283917786	10268.320160163252	7993.135945672975
0.7753099999999792	171.38165851810143	10267.068501023394	7998.66862438067
0.7759499999999792	171.5651966923955	10265.803433331215	8004.189356412077
0.7765899999999791	171.75045832419775	10264.521970251702	8009.695886771768
0.7772299999999791	171.93757381849505	10263.223081707325	8015.18740911472
0.7778699999999791	172.12610902541397	10261.909652057402	8020.666033643495
0.778509999999979	172.31619611651988	10260.580647041812	8026.130953806158
0.779149999999979	172.5083556210606	10259.23225521404	8031.579281988718
0.779789999999979	172.7024589175379	10257.865218431281	8037.011527158548
0.780429999999979	172.8985825235009	10256.478817911542	8042.427105627178
0.781069999999979	173.09657818149714	10255.073964847477	8047.826655584482
0.7817099999999789	173.29703213785524	10253.646296515837	8053.206855594555
0.7823499999999789	173.50060981447535	10252.190842496242	8058.563913352843
0.7829899999999789	173.7064117777302	10250.713858631054	8063.9024725892
0.7836299999999788	173.91571549676473	10249.205933796968	8069.2153892631395
0.7842699999999788	174.12893903861504	10247.663776303361	8074.500105860025
0.7849099999999788	174.34542170996698	10246.091931511386	8079.759974717986
0.7855499999999788	174.5657309217672	10244.48603472176	8084.991625571638
0.7861899999999787	174.79112107767008	10242.836613305783	8090.187806612275
0.7868299999999787	175.0208498251768	10241.148803196827	8095.352307376379
0.7874699999999787	175.25601553885568	10239.414193955068	8100.478656296056
0.7881099999999787	175.49657237870193	10237.633865294863	8105.567594298644
0.7887499999999786	175.8383370162081	10235.103446266843	8110.0836919374315
0.7887599999999786	176.78661406142353	10228.11999541786	8104.87633193991
0.7887699999999785	188.25466202299907	10143.978729943086	8041.031135076113
0.7887799999999785	192.3934009720491	10113.609500344977	8018.050235835213
0.7894199999999785	195.2561020544216	10092.427350823042	8008.281029257133
0.7900599999999784	197.32502009572778	10077.034624859622	8002.888390435277
0.7906999999999784	198.701148445351	10066.764619064434	8001.378934663647
0.7913399999999784	199.71966648941122	10059.138942669586	8001.872516501618
0.7919799999999784	200.48026048309083	10053.427931695416	8003.817757129615
0.7926199999999783	201.02422596302495	10049.336243008598	8006.993296913473
0.7932599999999783	201.42735635377556	10046.29887179282	8010.970134690739
0.7938999999999783	201.73609878709635	10043.968290045666	8015.484235427061
0.7945399999999783	201.97939283749113	10042.127656832785	8020.370794512098
0.7951799999999782	202.1767730419939	10040.63037760244	8025.518310316155
0.7958199999999782	202.34073782964415	10039.382750351528	8030.855512234595
0.7964599999999782	202.4808028002213	10038.313139964446	8036.327826057825
0.7970999999999782	202.6039619670211	10037.368740473634	8041.894966914427
0.7977399999999781	202.71380343880588	10036.522776225596	8047.536573389525
0.7983799999999781	202.81439086788427	10035.744360857629	8053.229020308081
0.7990199999999781	202.9073550203431	10035.021418927958	8058.96313436359
0.799659999999978	202.99471200426555	10034.338649655636	8064.727205186345
0.800299999999978	203.07789215169012	10033.685166836949	8070.512894082087
0.800939999999978	203.15785756772866	10033.053700108392	8076.314633692032
0.801579999999978	203.23556844328292	10032.436840655564	8082.126724222987
0.802219999999978	203.31156740584188	10031.830436066077	8087.945974222239
0.8028599999999779	203.38603174377502	10031.233260752631	8093.771458025608
0.8034999999999779	203.45964562761014	10030.639909213882	8099.598987418963
0.8041399999999779	203.53254722124706	10030.04936086362	8105.427777743408
0.8047799999999778	203.6048669827193	10029.460650143628	8111.257084154738
0.8054199999999778	203.67755450559216	10028.866011545015	8117.080841574066
0.8060599999999778	203.74944691428306	10028.275097200498	8122.906592583771
0.8066999999999778	203.8217673962769	10027.677819219316	8128.726444401705
0.8073399999999777	203.89326340052148	10027.084653722026	8134.548600462466
0.8079799999999777	203.96065180469097	10026.523334189627	8140.3948479178525
0.8086199999999777	204.02480413451548	10025.986962107578	8146.259844314474
0.8092599999999777	204.08685960175964	10025.466205738589	8152.136309256231
0.8098999999999776	204.14688782612618	10024.960646224601	8158.023950752832
0.8105399999999776	204.20513683541773	10024.468303802569	8163.921244188753
0.8111799999999776	204.26169515933915	10023.988532163512	8169.827710800164
0.8118199999999776	204.3166351827975	10023.520805860911	8175.742965022484
0.8124599999999775	204.37034577146406	10023.0618375778	8181.6644352042185
0.8130999999999775	204.42273453106762	10022.612470840824	8187.5928091243095
0.8137399999999775	204.47416886563013	10022.169553946182	8193.525611520856
0.8143799999999775	204.5242571120338	10021.736537163844	8199.465593740406
0.8150199999999774	204.57372009004092	10021.307149090755	8205.40779939398
0.8156599999999774	204.62261267229715	10020.880902171473	8211.351849084973
0.8162999999999774	204.6710365304376	10020.456891565405	8217.29702999526
0.8169399999999774	204.71901707736552	10020.034895703964	8223.243170962356
0.8175799999999773	204.76693172153148	10019.611541396534	8229.187587699398
0.8182199999999773	204.8151175671881	10019.183772228453	8235.127838183906
0.8188599999999773	204.86323446447804	10018.754603455884	8241.066320876558
0.8194999999999772	204.9118842405118	10018.318584758063	8246.99867531442
0.8201399999999772	204.96074503067692	10017.878586145853	8252.927183242653
0.8207799999999772	205.00941335176165	10017.438301722097	8258.854796348141
0.8214199999999772	205.058139733387	10016.995456378172	8264.779690371523
0.8220599999999771	205.10726846181805	10016.546883673465	8270.699318542482
0.8226999999999771	205.1567907533815	10016.092624824476	8276.613701443446
0.8233399999999771	205.20711126345248	10015.628873140133	8282.519764686775
0.8239799999999771	205.25799473164722	10015.157749889077	8288.419194986041
0.824619999999977	205.30997837479987	10014.67415391941	8294.307864812172
0.825259999999977	205.36305130671067	10014.178076100114	8300.18573866749
0.825899999999977	205.4176931477966	10013.664862677357	8306.049030462034
0.826539999999977	205.4738322653397	10013.13503552421	8311.8981232067
0.8271799999999769	205.53163209486158	10012.586889210277	8317.731599675366
0.8278199999999769	205.59156583963724	10012.015716676007	8323.545606384774
0.8284599999999769	205.65342866599008	10011.423292064403	8329.34152969681
0.8290999999999769	205.71803728472779	10010.801525580988	8335.11275743093
0.8297399999999768	205.78541610449952	10010.149909255118	8340.858810651067
0.8303799999999768	205.85592948558093	10009.464619683707	8346.576513652073
0.8310199999999768	205.92992541069293	10008.74193973184	8352.262765551624
0.8316599999999768	206.00778859287863	10007.977748024965	8357.91412505394
0.8322999999999767	206.09006500816713	10007.16626506941	8363.52578631891
0.8329399999999767	206.17478473092316	10006.3267093217	8369.113328799336
0.8335799999999767	206.2617140247665	10005.461311251138	8374.678514280497
0.8342199999999766	206.35188133425123	10004.559635448903	8380.212753971547
0.8348599999999766	206.44549005492718	10003.619369587768	8385.714075121487
0.8354999999999766	206.54294259998645	10002.636138264326	8391.178807577315
0.8361399999999766	206.64453346379779	10001.606585895224	8396.60410398358
0.8367799999999765	206.75101101893617	10000.522634652818	8401.983230243066
0.8374199999999765	206.86231735826914	9999.384371263468	8407.316135739331
0.8380599999999765	206.97880250647793	9998.187663996177	8412.599300966305
0.8386999999999765	207.10179719931057	9996.918128638428	8417.82075437707
0.8393399999999764	207.2310306488937	9995.577861894244	8422.982059986136
0.8399799999999764	207.36818270743984	9994.148565724996	8428.067968834297
0.8406199999999764	207.51390955644592	9992.622432691796	8433.071836274254
0.8412599999999764	207.6692759961335	9990.98722447023	8437.983333329219
0.8418999999999763	207.8356769672947	9989.227057336546	8442.789080099936
0.8425399999999763	208.0154452507415	9987.315793159112	8447.467160377228
0.8431799999999763	208.21073766329118	9985.228792226822	8451.996820909937
0.8438199999999763	208.42382553856297	9982.939845974737	8456.355933902783
0.8444599999999762	208.65808727748555	9980.410399665328	8460.51204499629
0.8450999999999762	208.91721213297188	9977.59795445398	8464.429307468225
0.8457399999999762	209.19979451926562	9974.515396645837	8468.117811861559
0.8463799999999762	209.50525311640106	9971.167054945645	8471.580568948402
0.8470199999999761	209.8416843604129	9967.46119541655	8474.74056261495
0.8476599999999761	210.1947802769773	9963.553583964165	8477.726903810226
0.8482999999999761	210.5385302118077	9959.73380150031	8480.78087884561
0.848939999999976	210.87361066838272	9955.996634957592	8483.898350908232
0.849579999999976	211.19294879554772	9952.422881542043	8487.147075058081
0.850219999999976	211.4888087636588	9949.101069604007	8490.601505175106
0.850859999999976	211.7576135368614	9946.073019756484	8494.297220072656
0.8514999999999759	211.99844237546318	9943.350650995424	8498.244848015127
0.8521399999999759	212.2154967856313	9940.887239625497	8502.405835728961
0.8527799999999759	212.41416837082443	9938.622127879988	8506.729792080814
0.8534199999999759	212.598135370686	9936.514025091827	8511.182433976266
0.8540599999999758	212.7620687709959	9934.626846325882	8515.817900689286
0.8546999999999758	212.9105804904709	9932.909055084428	8520.59327672569
0.8553399999999758	213.04750437627794	9931.317291949237	8525.472384478699
0.8559799999999758	213.1758964967935	9929.816724973496	8530.426112856047
0.8566199999999757	213.2986603009996	9928.373750483654	8535.426284053028
0.8572599999999757	213.41760438029243	9926.967318765383	8540.455232533819
0.8578999999999757	213.5346666777052	9925.574621296046	8545.493743744542
0.8585399999999757	213.6510128155651	9924.181773205517	8550.530091840517
0.8591799999999756	213.76785773792457	9922.774157959406	8555.55189076198
0.8598199999999756	213.88671747391803	9921.333233997279	8560.543381310797
0.8604599999999756	214.00858690981073	9919.846492878076	8565.493871479026
0.8610999999999756	214.1339530016166	9918.307573421724	8570.397857545133
0.8617399999999755	214.26369689613205	9916.705116197874	8575.245565564977
0.8623799999999755	214.39929932721515	9915.02003746222	8580.020611479842
0.8630199999999755	214.54109550029392	9913.247345026022	8584.71856296575
0.8636599999999754	214.69074024988794	9911.365289544	8589.320681493002
0.8642999999999754	214.842467356048	9909.446214834952	8593.888486301827
0.8649399999999754	214.98201673729196	9907.672710800181	8598.57790565981
0.8655799999999754	215.11408911147225	9905.987079779517	8603.33993237368
0.8662199999999753	215.23856447497832	9904.39221322291	8608.177238093174
0.8668599999999753	215.35435018241625	9902.903347642457	8613.103074120389
0.8674999999999753	215.45992391281348	9901.541274074927	8618.135495178209
0.8681399999999753	215.55487063529895	9900.3123963102	8623.280268974468
0.8687799999999752	215.6391453263305	9899.218268259625	8628.539015748078
0.8694199999999752	215.71292766700728	9898.257460127212	8633.910795078318
0.8700599999999752	215.77791866837921	9897.408296564983	8639.377245260857
0.8706999999999752	215.83521797150544	9896.656859057712	8644.926620865024
0.8713399999999751	215.9379721025377	9895.289252747696	8649.94391697965
0.8716599999999751	216.1752062070006	9892.105278927396	8650.29641339422
0.8719799999999751	216.6447639662846	9885.77394260447	8647.932025154969
0.8722999999999751	217.34357638098535	9876.320250237608	8642.868928985876
0.8729399999999751	218.21833730709622	9864.459160103874	8638.807801159075
0.873579999999975	218.97986436257042	9854.104913078952	8636.032404419986
0.874219999999975	219.55297762628183	9846.284997381796	8635.434643936707
0.874859999999975	219.93784013180294	9841.019362479043	8637.037220772268
0.875499999999975	220.2080668592191	9837.309266281343	8639.980166953048
0.8761399999999749	220.4088201954242	9834.540491015117	8643.734142267149
0.8767799999999749	220.569936038464	9832.304911135565	8647.94692750386
0.8774199999999749	220.70620936856398	9830.400884912651	8652.444511584215
0.8780599999999749	220.82788073222872	9828.687710112938	8657.105282518012
0.8786999999999748	220.9412558328062	9827.078428479055	8661.853989436824
0.8793399999999748	221.04976093069376	9825.525717513687	8666.64964859214
0.8799799999999748	221.15670971156825	9823.982853659269	8671.451659862423
0.8806199999999748	221.2638909921766	9822.42434603039	8676.237810907685
0.8812599999999747	221.37271979443761	9820.829620938275	8680.990108496215
0.8818999999999747	221.48415109914623	9819.184492382794	8685.696082076953
0.8825399999999747	221.5996638840114	9817.466525076643	8690.336003560713
0.8831799999999747	221.7201983781225	9815.660910174669	8694.896756222353
0.8838199999999746	221.8457150848528	9813.767419154676	8699.3779555756
0.8844599999999746	221.97820990235766	9811.754700386764	8703.751924675953
0.8850999999999746	222.11775807793055	9809.620275835565	8708.016236544969
0.8857399999999745	222.26604700978126	9807.336684523087	8712.146513480573
0.8863799999999745	222.40555978934748	9805.17532405207	8716.381023436295
0.8870199999999745	222.53631150308067	9803.139065717738	8720.722566546321
0.8876599999999745	222.65954255728252	9801.210869453984	8725.156413390163
0.8882999999999744	222.77354417296132	9799.419479907276	8729.708128885508
0.8889399999999744	222.87646591536657	9797.795980100498	8734.405418854853
0.8895799999999744	222.96710576381827	9796.361245907558	8739.26706495264
0.8902199999999744	223.0451099712316	9795.122611264123	8744.299943171945
0.8908599999999743	223.1115549445868	9794.06429208773	8749.490510355683
0.8914999999999743	223.16765649571607	9793.167946769827	8754.82291527484
0.8921399999999743	223.21475474568098	9792.413039769723	8760.279312746783
0.8927799999999743	223.25472900835214	9791.769948891506	8765.83374701539
0.8934199999999742	223.28892110488147	9791.217544963802	8771.46771223267
0.8940599999999742	223.31853108911832	9790.736879327385	8777.164579514776
0.8946999999999742	223.34452118759586	9790.312631718982	8782.91088967978
0.8953399999999742	223.36781584065994	9789.929928026755	8788.69353736511
0.8959799999999741	223.38887173979774	9789.581629691076	8794.506259008736
0.8966199999999741	223.40824145816327	9789.258800888723	8800.341170054544
0.8972599999999741	223.42639674866103	9788.953714166797	8806.19143757501
0.897899999999974	223.44353082727437	9788.663355030494	8812.054410979097
0.898539999999974	223.45999160327185	9788.381921710117	8817.924942681228
0.899179999999974	223.47582223084808	9788.108864951524	8823.802561584178
0.899819999999974	223.49138911604535	9787.837857189843	8829.681628017961
0.900459999999974	223.506583849575	9787.570955481018	8835.563987928575
0.9010999999999739	223.52162319385963	9787.304367752351	8841.446254315266
0.9017399999999739	223.53666042558004	9787.035359445601	8847.325977279643
0.9023799999999739	223.55172303373772	9786.76345034469	8853.202721524345
0.9030199999999738	223.56676028501178	9786.489590669347	8859.077334578426
0.9036599999999738	223.58206458601614	9786.208346142046	8864.944930176687
0.9042999999999738	223.59761924306787	9785.919954944255	8870.805707417401
0.9049399999999738	223.61333960499564	9785.625941957986	8876.66102397806
0.9055799999999737	223.62934285853785	9785.324030733194	8882.508818303819
0.9062199999999737	223.64564688903246	9785.013791154557	8888.348686585085
0.9068599999999737	223.6622650300078	9784.694869003351	8894.180292269022
0.9074999999999737	223.6793253450269	9784.36465757876	8900.001264346887
0.9081399999999736	223.69694644678574	9784.020664236388	8905.809327519984
0.9087799999999736	223.714964430671	9783.665950937073	8911.607221947706
0.9094199999999736	223.7335775208881	9783.296406060032	8917.391205050704
0.9100599999999736	223.75274088058566	9782.91272134096	8923.161872698101
0.9106999999999735	223.7725106047069	9782.513558719318	8928.91798312243
0.9113399999999735	223.792938208852	9782.09763318939	8934.658338932164
0.9119799999999735	223.81417874728095	9781.661490125687	8940.379769777906
0.9126199999999735	223.8360811361121	9781.2079648612	8946.084809661048
0.9132599999999734	223.85894859415876	9780.730436012605	8951.767403193675
0.9138999999999734	223.88270450705073	9780.230135451442	8957.428621646875
0.9145399999999734	223.907425730991	9779.70507780132	8963.066610455135
0.9151799999999733	223.9332242283513	9779.152459183862	8968.678763674681
0.9158199999999733	223.96022265229033	9778.569170827908	8974.26218957023
0.9164599999999733	223.98840455708972	9777.955077554758	8979.816701692276
0.9170999999999733	224.0179833882234	9777.304977785734	8985.337485949925
0.9177399999999732	224.04911232288177	9776.614867713073	8990.82080867442
0.9183799999999732	224.08180692210826	9775.883730199474	8996.26565722132
0.9190199999999732	224.11638426272103	9775.103708641805	9001.664755113332
0.9196599999999732	224.15291940402426	9774.272258117848	9007.015670445322
0.9202999999999731	224.19168088318673	9773.38232384015	9012.311829596221
0.9209399999999731	224.2328513433475	9772.428662934022	9017.548302069406
0.9215799999999731	224.2768087882271	9771.401317794795	9022.715813798242
0.9222199999999731	224.3238642760992	9770.29164173117	9027.806268000457
0.922859999999973	224.37432508025353	9769.09085706346	9032.811423786017
0.923499999999973	224.42871033379268	9767.78486706485	9037.718121074666
0.924139999999973	224.48764981619118	9766.356496015262	9042.510325342342
0.924779999999973	224.55168879023614	9764.790167775978	9047.173429386412
0.9254199999999729	224.62173550696778	9763.060919587111	9051.684125238155
0.9260599999999729	224.6987383944825	9761.142088165489	9056.017466883162
0.9266999999999729	224.78395015888506	9758.998607114214	9060.140672759131
0.9273399999999729	224.87879147694923	9756.590164423502	9064.016016064945
0.9279799999999728	224.98540752117304	9753.856717137965	9067.587405419104
0.9286199999999728	225.10616825825747	9750.730660462224	9070.791584208446
0.9292599999999728	225.24441934530134	9747.116935388325	9073.539673603183
0.9298999999999727	225.4044465294014	9742.8928815002	9075.716942208488
0.9305399999999727	225.59200672780167	9737.893007686896	9077.168580160018
0.9311799999999727	225.81530604413877	9731.880941709847	9077.673504663075
0.9318199999999727	226.08301034926822	9724.601047597864	9076.992087817995
0.9324599999999726	226.38928553828669	9716.19125678067	9075.250031642701
0.9330999999999726	226.72378420463608	9706.923580523402	9072.698214149417
0.9337399999999726	227.05723484659666	9697.609680289246	9070.090875253956
0.9343799999999726	227.35909607938225	9689.11400281001	9068.233645830087
0.9350199999999725	227.62000930656563	9681.710860296029	9067.384036798474
0.9356599999999725	227.85074695841163	9675.100074423852	9067.264052694465
0.9362999999999725	228.06876377249304	9668.78231289329	9067.408859814037
0.9369399999999725	228.28876405995143	9662.328101703584	9067.417581071517
0.9375799999999724	228.52281918058014	9655.375069009551	9066.950951574967
0.9382199999999724	228.78408002202104	9647.517264043716	9065.627927934594
0.9388599999999724	229.05296498558346	9639.338063289239	9063.993232378694
0.9389399999999724	229.12422698180475	9637.165395774555	9062.71040200781
0.9389799999999724	229.15737143546872	9636.155514300408	9062.14048762253
0.9390199999999724	229.23305367630283	9633.833312302406	9060.340788531126
0.9390299999999724	229.4754771856368	9626.37773903934	9053.448608133862
0.9390399999999723	229.92270645942267	9612.617073424733	9040.648024814267
0.9390499999999723	230.52527923854745	9594.073339158493	9023.365084906112
0.9390599999999723	231.17747353921365	9574.00071781259	9004.649069306312
0.9390799999999723	231.8493959496305	9553.319616912155	8985.455651050861
0.9391199999999723	232.5404823963278	9532.047082107008	8965.893120316365
0.9392799999999724	233.45728899149097	9503.816480228863	8940.920270136672
0.9395999999999723	234.31491350389956	9477.369774068584	8919.08926049022
0.9402399999999723	235.10002706444376	9453.011206413343	8902.148834335198
0.9408799999999723	235.50619470223864	9440.320468535228	8896.131848665966
0.9415199999999723	235.7723726579694	9431.916179908118	8894.125690059875
0.9421599999999722	235.99438859813088	9424.807912289689	8893.326938079115
0.9427999999999722	236.2094243277869	9417.82081862174	8892.63264686787
0.9434399999999722	236.4409904479768	9410.186487846291	8891.319442513188
0.9440799999999722	236.70517250959227	9401.354631527523	8888.867433778985
0.9447199999999721	237.0228274739385	9390.591358830437	8884.582090416796
0.9453599999999721	237.42272122557458	9376.862713037326	8877.483711884477
0.9459999999999721	237.8074137169928	9363.508401320487	8870.720547989644
0.9466399999999721	238.14001356138675	9351.85092801918	8865.543313623457
0.947279999999972	238.41789092709908	9342.00903987117	8862.067714498584
0.947919999999972	238.6646896038301	9333.156211370875	8859.515092916992
0.948559999999972	238.90322797745333	9324.475528030745	8857.11368891575
0.949199999999972	239.14942249552513	9315.38215953589	8854.309536493984
0.9498399999999719	239.41452311136084	9305.445280263455	8850.693177484452
0.9504799999999719	239.7096068804103	9294.222559024554	8845.843077634121
0.9511199999999719	240.0443198604014	9281.308016832061	8839.371047323832
0.9517599999999719	240.43181373363663	9266.140997104925	8830.74078609884
0.9523999999999718	240.89372142204	9247.799730650833	8819.071004611289
0.9530399999999718	241.4731476992096	9224.456706951087	8802.615799008365
0.9533599999999718	241.8494485851275	9209.137939890468	8790.903604655734
0.9535199999999718	242.08528949668687	9199.486795890953	8783.146773873494
0.9536799999999719	242.38972104088458	9186.98035218642	8772.666914151507
0.9538399999999719	242.76725720151572	9171.41663536805	8759.270180071633
0.953999999999972	243.18491560848184	9154.14894379087	8744.244598494231
0.954319999999972	243.87530133424238	9125.484793874446	8719.77287225496
0.954479999999972	244.24349284593484	9110.139952190068	8706.564345360473
0.954559999999972	244.46518494910285	9100.875426101673	8698.440144743452
0.954879999999972	245.1132631030893	9073.613131760954	8675.271217686864
0.955199999999972	245.8082074508916	9044.16848348052	8650.001943114145
0.955519999999972	246.57373746474636	9011.46660439964	8621.60416967813
0.9558399999999719	247.46940454955634	8972.889357671162	8587.574812541066
0.9561599999999719	248.49320558320534	8928.442488319539	8547.913511764134
0.9564799999999719	249.5435347529462	8882.526708796438	8506.819281061824
0.9567999999999719	250.19902927775348	8853.708240050888	8482.036642145247
0.9568799999999719	250.3988860646751	8844.902114162709	8474.307134966879
0.9569199999999719	250.49937944418372	8840.469950316754	8470.414018123322
0.9569299999999719	250.76890986734608	8828.514734243457	8459.071221587337
0.9569399999999718	251.64314388658667	8789.693664955623	8422.04520951815
0.9569499999999718	252.80890753606934	8737.917127270883	8372.63321841106
0.9569599999999717	253.8107915492185	8693.415248517333	8330.174672689185
0.9569799999999717	254.66108924262227	8655.641019278883	8294.230862688484
0.9570199999999718	255.46658401258443	8619.840563860202	8260.339770206116
0.9570999999999718	256.4525697769897	8575.956592419105	8219.049869847524
0.9572599999999718	257.7018087200019	8520.225714703834	8167.085442961852
0.9575799999999718	258.7739938261007	8472.183362469976	8123.770537051871
0.9582199999999718	260.2167721042518	8406.689642603014	8066.330006073346
0.9582999999999717	260.4379289025784	8396.596024032595	8057.318231465443
0.9583399999999718	260.54821626114426	8391.55299160176	8052.815332660841
0.9583499999999717	260.8859657371063	8376.034080391732	8038.038161416137
0.9583599999999717	261.6815784582474	8339.448866224458	8003.090636361645
0.9583699999999716	262.56436006784463	8298.848773808457	7964.298253664207
0.9583799999999716	263.2570920076748	8266.98698375743	7933.871745662577
0.9584599999999716	264.1873347393706	8224.183128214778	7893.5249029535835
0.9587799999999715	265.5268419159951	8162.308411395422	7836.803075101256
0.9590999999999715	266.59691063150115	8112.441364689695	7791.546326518492
0.9592599999999716	267.1757761010032	8085.291203492161	7766.781180980023
0.9594199999999716	267.8036069424549	8055.696524911073	7739.663830299685
0.9594999999999716	268.1663944865237	8038.542524840372	7723.842291560821
0.9595799999999716	268.58339500413666	8018.77618016976	7705.513387793145
0.9596599999999715	269.11059918994334	7993.7278026850545	7682.1167446958425
0.9596999999999716	269.45958616099193	7977.121290632098	7666.502523941693
0.9597399999999716	269.91972040643225	7955.200289086696	7645.7908933914105
0.9597799999999717	270.38653613728604	7932.940266282747	7624.752355256079
0.9598199999999717	270.85463094277367	7910.602496348196	7603.637427115989
0.9598999999999717	271.53200106792957	7878.242397759556	7573.2133108520065
0.9600599999999717	272.4086338130151	7836.2613410463	7534.161063919189
0.9606999999999717	273.6504742283073	7776.298511443873	7481.444443581089
0.9613399999999717	274.3345799236891	7742.7079554910315	7453.980640791387
0.9616599999999716	274.6676781759621	7726.129197635406	7440.440162979119
0.9617399999999716	274.7610057569704	7721.467294100233	7436.556311508009
0.9617499999999716	274.8111949216396	7718.956648581984	7434.218084979264
0.9617599999999715	275.67298607298227	7676.499332062607	7393.491732591753
0.9617799999999715	276.2291102780677	7649.046417653635	7367.257340165532
0.9620999999999715	276.68186454824865	7626.265660002928	7347.716434154986
0.9622599999999716	276.91460847449656	7614.464597472845	7337.545460887838
0.9623399999999716	277.0360156618293	7608.287088653925	7332.192173244834
0.9623799999999716	277.16224136035714	7601.846794465341	7326.292161577324
0.9624199999999716	277.3829602565043	7590.570935544057	7315.741331432543
0.9624999999999716	277.75830036287215	7571.370501877802	7297.860044320785
0.9625799999999716	278.1418406421963	7551.726466540062	7279.5489298387565
0.9626599999999715	278.5252839256592	7532.0316507992775	7261.18572306001
0.9628199999999716	279.15523752953874	7499.542925562829	7231.088911321546
0.9628999999999716	279.4624845341412	7483.654079061247	7216.378570904087
0.9629399999999716	279.6155255889249	7475.728976251281	7209.04101176953
0.9629599999999716	279.694989170596	7471.612068451093	7205.22345983434
0.9629699999999716	279.9494177647446	7458.391646098134	7192.573930382744
0.9629799999999715	280.6525336255077	7421.839624323792	7157.472878225938
0.9629899999999715	281.5112625156778	7377.193166448707	7114.581979183944
0.9629999999999714	282.1598423761936	7343.470933156395	7082.202422797326
0.9630399999999715	282.76612131382916	7311.941621497361	7052.143295010377
0.9631999999999715	283.4923388056781	7274.108143617874	7016.853482000586
0.9635199999999715	284.30416074909414	7231.530807081095	6978.095979022706
0.9638399999999715	285.0337320659965	7192.881595354562	6943.093816617851
0.9641599999999715	285.9238874681355	7145.246045123858	6899.407938993281
0.9644799999999715	286.93341932982577	7090.730481131399	6849.059609496013
0.9646399999999715	287.43325666423675	7063.562221328651	6823.958301137924
0.9649599999999715	288.2341268826553	7019.746822883063	6783.8746180150165
0.9655999999999715	289.14685615368705	6969.208850582441	6739.414717973901
0.9657599999999715	289.3017152179292	6960.54597779569	6732.122574244839
0.9657799999999716	289.33547333931085	6958.660618236946	6730.436311778359
0.9657899999999715	289.3525622542576	6957.705794066619	6729.581430006128
0.9657999999999715	289.56773726661754	6945.5618456019165	6717.926847096659
0.9658099999999714	291.5095339840006	6835.918361264591	6612.165023459681
0.9658199999999714	293.5221748331758	6722.267976349862	6502.533444853837
0.9658299999999713	293.9198125727653	6701.66624277417	6482.713547254005
0.9659099999999713	294.4593103268912	6671.256560207132	6453.871541958531
0.9662299999999713	295.1760736540789	6630.570404249956	6416.62413770555
0.9665499999999713	295.7458854830366	6597.869412846894	6387.063380856392
0.9668699999999713	296.39959455843956	6559.936211926134	6352.4252437925625
0.9669099999999713	296.5005434302241	6554.053507683805	6346.991080096474
0.9669499999999713	296.6301022823254	6546.484033930623	6339.926361489467
0.9669599999999713	296.62590365591745	6546.810719608357	6340.3046132891095
0.9671199999999713	297.0561449520206	6521.725056471567	6317.0579426606255
0.9672799999999714	297.38460717549515	6502.40643602478	6299.3781217846545
0.9674399999999714	297.73329147115464	6481.76850193911	6280.416315486096
0.9674599999999715	297.81255317460904	6477.0661562826845	6275.993244037371
0.9674699999999714	297.85340329532494	6474.641217414678	6273.710309821199
0.9674799999999714	298.1539894804687	6456.759693514726	6256.481836019356
0.9674899999999713	301.6137553215884	6250.910591571743	6057.49895142508
0.9674999999999713	304.34199885637497	6088.582187799367	5900.594381658553
0.9675099999999712	305.20473958380074	6037.249417923058	5851.01528632365
0.9678299999999712	306.08492273062285	5984.81244592291	5802.127781501651
0.9681499999999712	306.429150411371	5964.052097736367	5783.856806863902
0.9683099999999712	306.7333582447322	5945.530264599163	5766.836790636629
0.9683899999999712	306.99192973318	5929.7235793372265	5751.98903189308
0.9687099999999712	307.50241034761797	5898.354338358723	5723.416581531094
0.9688699999999713	307.75690567802343	5882.587484646637	5709.043008723183
0.9690299999999713	308.06757637184995	5863.212399527836	5691.169564354535
0.9691899999999714	308.53313841635776	5834.004780448584	5663.764999157413
0.9692699999999713	308.88600385300043	5811.779213558535	5642.675305224126
0.9693499999999713	309.38731531509325	5780.113902653962	5612.436132751869
0.9693899999999713	309.7284237117421	5758.525133293415	5591.7374660129635
0.9694299999999714	310.16115582670415	5731.099355244138	5565.381274487791
0.9694699999999714	310.725583930381	5695.277671272806	5530.8872960460885
0.9695099999999715	311.4542501929706	5648.970375472449	5486.229508812525
0.9695299999999715	311.90211647013143	5620.480820872369	5458.728427749081
0.9695499999999715	312.3903729675678	5589.401634768732	5428.716641846736
0.9695699999999715	312.92875226361986	5555.109512337474	5395.589951808277
0.9695899999999715	313.5295888797522	5516.813386177264	5358.581525901299
0.9696099999999716	314.2147470832248	5473.112557426985	5316.333652970492
0.9696299999999716	315.0137599925512	5422.114269618063	5267.011627140591
0.9696499999999716	315.964291631737	5361.402569525154	5208.273517790945
0.9696899999999716	317.0333304277949	5293.076988263853	5142.253104994702
0.9700099999999716	317.8966834867819	5237.711267343839	5090.166027973826
0.9701699999999717	318.1905066020646	5218.679578077262	5072.497989075017
0.9703299999999717	318.5288581474112	5196.620661375089	5051.887677573186
0.9704899999999718	318.9571328587398	5168.534131804401	5025.4231145653785
0.9706499999999718	319.53187574540203	5130.624996302105	4989.41941321363
0.9707299999999718	319.90251526872885	5106.077264145699	4965.985929245935
0.9707699999999718	320.1151802849758	5091.963085545501	4952.481971274601
0.9707799999999718	320.1719982305128	5088.189495389326	4948.868024122211
0.9707899999999717	322.76203315052	4916.054975728965	4781.884888876119
0.9707999999999717	326.835705385727	4645.314085416669	4519.214516719642
0.9708799999999717	327.9027467390197	4574.377429266504	4450.720086511184
0.9710399999999717	328.4294091208149	4539.191249467847	4417.247586571278
0.9711199999999717	328.79881652445425	4514.393566164081	4393.513589794369
0.9711599999999717	329.0560446549369	4497.086879427945	4376.880870152974
0.9711999999999718	329.40066012101033	4473.86348774789	4354.502958312119
0.9712399999999718	329.9013580067524	4440.07097953325	4321.862501218032
0.9712599999999718	330.24949408667715	4416.550187408274	4299.109905482096
0.9712999999999719	330.8150120943392	4378.310985830092	4262.147851383762
0.9714599999999719	331.37663967114497	4340.244192350533	4225.831112396951
0.971619999999972	331.76887605542004	4313.481767249587	4200.480755397385
0.971659999999972	331.87706945174926	4306.074390277312	4193.445638205005
0.971679999999972	331.93216972249616	4302.297591239518	4189.856842502044
0.971689999999972	331.96073379712135	4300.338714378855	4187.993933748475
0.9716999999999719	332.1507409552752	4287.293468424691	4175.362929237195
0.9717099999999719	333.2948291969789	4208.7367401129995	4099.100488453077
0.9717299999999719	333.77020817518303	4176.094406443833	4067.47190135867
0.9718899999999719	334.07075709270885	4155.415123591463	4047.997133449076
0.971909999999972	334.10564947607486	4153.009020532235	4045.7360248391606
0.9719199999999719	334.1212467320398	4151.932429556858	4044.7282915430296
0.9719299999999719	345.96316039046536	3332.113207424114	3248.2919756037954
0.9720899999999719	347.29116306775103	3240.132342784057	3159.393145458094
0.972249999999972	347.5420800073148	3222.6155944349357	3142.8323044094886
0.972409999999972	347.8302840280846	3202.3644317775124	3123.607834641026
0.9725699999999721	348.190575487278	3176.8917162030875	3099.300443913174
0.972649999999972	348.4079134637118	3161.457742956416	3084.520830119712
0.9726899999999721	348.5280211232785	3152.909412480959	3076.3217566829026
0.9727099999999721	348.59099669754227	3148.4223504226975	3072.0149527794597
0.972719999999972	348.623621558429	3146.0968007816737	3069.7817324523853
0.972729999999972	352.5088383892916	2869.026750473802	2800.401307011187
0.975289999999972	352.5088383892916	2869.026750473802	2806.8435928661233
0.977849999999972	352.5088383892916	2869.026750473802	2813.28587872106
0.980409999999972	352.5088383892916	2869.026750473802	2819.7281645759963
0.982969999999972	352.5088383892916	2869.026750473802	2826.1704504309323
0.985529999999972	352.5088383892916	2869.026750473802	2832.6127362858692
0.986169999999972	352.5088383892916	2869.026750473802	2834.223307749603
0.986489999999972	352.5088383892916	2869.026750473802	2835.0285934814697
0.986649999999972	352.5088383892916	2869.026750473802	2835.4312363474032
0.9866899999999721	352.5088383892916	2869.026750473802	2835.531897063887
0.986699999999972	385.99999999999994	386.0	386.0
