lambda	f0	f1	fla
0.0	45113.37604284886	2.070042622274443e8	45113.37604284886
0.00032	45061.12343368611	2.070038670740827e8	111287.9413378938
0.00064	45034.68974349216	2.0700370718863502e8	177488.24014278277
0.0009600000000000001	45018.30935334699	2.0700357147052294e8	243698.52038806982
0.00128	45005.51326743286	2.0700346550729194e8	309912.3420597843
0.0016	44996.08885357882	2.0700335818368137e8	376129.4682053033
0.00192	44988.64135565676	2.0700326273830524e8	442348.52762179996
0.0022400000000000002	44982.35741943962	2.0700317748089427e8	508568.7144960233
0.00256	44977.11782287051	2.0700309947037444e8	574789.9110454025
0.00288	44972.91047351763	2.070030346591473e8	641012.1283096982
0.0032	44968.90233672893	2.070029831956084e8	707234.5480751984
0.00352	44965.79469008314	2.0700291437543973e8	773457.773694322
0.00384	44963.017463910735	2.070028703498295e8	839681.3816201946
0.0041600000000000005	44960.591759130264	2.0700281950449693e8	905905.2848361196
0.0044800000000000005	44958.636713851905	2.070027614648787e8	972129.5933840305
0.0048000000000000004	44956.529823881974	2.0700272735560033e8	1.0383538297876089e6
0.00512	44954.819204512016	2.0700268368692622e8	1.1045783910072471e6
0.00544	44953.28789172296	2.0700264270294303e8	1.1708031183096021e6
0.00576	44951.97433869163	2.070026038208301e8	1.2370280489744823e6
0.00608	44950.432263109265	2.0700257503689548e8	1.3032527898592742e6
0.0064	44949.51715278884	2.0700253823925427e8	1.3694780849742384e6
0.00672	44948.64760605175	2.070025013252194e8	1.4357034015996135e6
0.00704	44947.58674694087	2.0700247293172833e8	1.50192856517561e6
0.00736	44946.66924521731	2.0700244335735983e8	1.568153844869741e6
0.00768	44945.87367302151	2.0700241548942527e8	1.634379240321999e6
0.008	44945.34517117802	2.0700238449218047e8	1.7006048583472525e6
0.008320000000000001	44944.4716088544	2.070023650500997e8	1.7668302108218984e6
0.008640000000000002	44944.13684135929	2.0700233318452108e8	1.8330559782133126e6
0.008960000000000003	44943.58725757659	2.0700230827716586e8	1.8992815748791553e6
0.009280000000000004	44942.99856074053	2.0700228978433922e8	1.9655071767327655e6
0.009600000000000004	44942.58962469095	2.0700226046422097e8	2.0317328412208161e6
0.009920000000000005	44942.18213418875	2.0700223960082352e8	2.097958572527588e6
0.010240000000000006	44942.0099418327	2.0700221037300923e8	2.164184437979644e6
0.010560000000000007	44941.714259989625	2.070021908281487e8	2.230410264902656e6
0.010880000000000008	44941.31478303744	2.0700217038720018e8	2.2966359670909373e6
0.011200000000000009	44941.230690967226	2.0700214627491865e8	2.362861927186319e6
0.01152000000000001	44941.009407371326	2.0700212533204874e8	2.429087772804202e6
0.01184000000000001	44940.75597357935	2.07002104432541e8	2.49531357390414e6
0.012160000000000011	44940.64285078697	2.070020846500836e8	2.5615395139787407e6
0.012480000000000012	44940.42657176527	2.0700206623062676e8	2.627765356606374e6
0.012800000000000013	44940.35579191999	2.0700204702399102e8	2.693991321144871e6
0.013120000000000014	44940.26046878714	2.070020269685133e8	2.760217238078334e6
0.013440000000000014	44940.14060113076	2.0700201068965423e8	2.8264431687804074e6
0.013760000000000015	44940.1713944421	2.0700198885284582e8	2.892669161251216e6
0.014080000000000016	44940.129908841154	2.0700197059784827e8	2.9588951188974315e6
0.014400000000000017	44940.092786113266	2.070019545621129e8	3.0251211011444223e6
0.014720000000000018	44940.11997649423	2.0700193419215018e8	3.0913470727188946e6
0.015040000000000019	44940.14765902039	2.0700191683021507e8	3.1575730769646675e6
0.01536000000000002	44940.16604811648	2.0700189884211883e8	3.2237990513125667e6
0.01568000000000002	44940.25212220288	2.070018814332883e8	3.2900250898428913e6
0.01600000000000002	44940.27351149665	2.0700186551482975e8	3.356251077372593e6
0.016320000000000022	44940.35881611712	2.0700184800340497e8	3.422477091575812e6
0.016640000000000023	44940.4334008541	2.0700183403750432e8	3.4887031429731403e6
0.016960000000000024	44940.573373690495	2.0700181415323195e8	3.5549291492880913e6
0.017280000000000025	44940.66633460483	2.0700179916253844e8	3.621155181149012e6
0.017600000000000025	44940.75014836516	2.070017840285045e8	3.687381191847438e6
0.017920000000000026	44940.8962926296	2.0700176736195433e8	3.7536072265572925e6
0.018240000000000027	44940.98740029699	2.0700175367891106e8	3.819833250893459e6
0.018560000000000028	44941.219949917926	2.07001734241168e8	3.886059298423731e6
0.01888000000000003	44941.31758260445	2.0700172141394717e8	3.952285325801973e6
0.01920000000000003	44941.46635609231	2.070017052555042e8	4.018511331107742e6
0.01952000000000003	44941.65877732128	2.0700169095755598e8	4.0847374050894873e6
0.01984000000000003	44941.798532028035	2.0700167581136e8	4.1509634013465415e6
0.020160000000000032	44942.00131922434	2.0700166038881427e8	4.217189444011131e6
0.020480000000000033	44942.247847755134	2.0700164384626845e8	4.283415496583418e6
0.020800000000000034	44942.43090881715	2.0700162837227085e8	4.3496414984891545e6
0.021120000000000035	44942.624234343246	2.0700161638670683e8	4.415867574097768e6
0.021440000000000035	44942.80289134899	2.0700159972850898e8	4.482093527376599e6
0.021760000000000036	44943.07049095318	2.0700158709164628e8	4.5483196443913e6
0.022080000000000037	44943.2354646262	2.0700157406784463e8	4.614545644243585e6
0.022400000000000038	44943.51298197317	2.070015560332113e8	4.680771633435118e6
0.02272000000000004	44943.76531603168	2.070015433485405e8	4.7469977078468995e6
0.02304000000000004	44943.97731975583	2.0700152997243968e8	4.813223718647327e6
0.02336000000000004	44944.190884286916	2.0700151605457926e8	4.879449709620209e6
0.02368000000000004	44944.434203668294	2.070015021981492e8	4.945675722053907e6
0.024000000000000042	44944.740662972836	2.0700148718914166e8	5.01190175942647e6
0.024320000000000043	44945.01260638321	2.0700147218361732e8	5.078127753405378e6
0.024640000000000044	44945.29920810179	2.0700145838842785e8	5.144353781726485e6
0.024960000000000045	44945.54279992693	2.0700144549433997e8	5.210579781590375e6
0.025280000000000045	44945.81819714103	2.0700143244283527e8	5.276805800068002e6
0.025600000000000046	44946.08317701226	2.0700141917422706e8	5.343031794307903e6
0.025920000000000047	44946.376027288374	2.0700140573605788e8	5.409257802639292e6
0.026240000000000048	44946.65090500859	2.0700139265053087e8	5.475483793935201e6
0.02656000000000005	44946.93838838208	2.0700137774940407e8	5.541709740728969e6
0.02688000000000005	44947.2505098828	2.0700136452494773e8	5.607935746846783e6
0.02720000000000005	44947.57486813953	2.0700135139451775e8	5.674161758762619e6
0.02752000000000005	44947.8555549292	2.0700133881717178e8	5.7403877348186355e6
0.027840000000000052	44948.171889683974	2.0700132435877943e8	5.806613684932706e6
0.028160000000000053	44948.469269210254	2.0700131168265814e8	5.872839657358253e6
0.028480000000000054	44948.7861019625	2.0700129928849438e8	5.93906564841011e6
0.028800000000000055	44949.130302383615	2.0700128475991142e8	6.005291596435135e6
0.029120000000000056	44949.425600491515	2.0700127311153474e8	6.071517571334909e6
0.029440000000000056	44949.75349813494	2.0700125853327268e8	6.137743483974709e6
0.029760000000000057	44950.073037402646	2.0700124708245677e8	6.203969472037734e6
0.030080000000000058	44950.41220123281	2.0700123377952763e8	6.270195415890424e6
0.03040000000000006	44950.738453095735	2.070012223515517e8	6.336421395491306e6
0.03072000000000006	44951.03285489572	2.0700120892939848e8	6.402647275436727e6
0.03104000000000006	44951.406804748556	2.0700119613139725e8	6.468873243056113e6
0.03136000000000006	44951.739492352826	2.0700118241569284e8	6.535099133498013e6
0.03168000000000006	44952.061135178345	2.070011703487037e8	6.601325056485362e6
0.03200000000000006	44952.45914244527	2.070011567475291e8	6.667550996370831e6
0.032320000000000064	44952.81767739335	2.0700114484491828e8	6.733776943997832e6
0.032640000000000065	44953.14999359409	2.070011315860913e8	6.8000028141478365e6
0.032960000000000066	44953.4713687307	2.070011204920555e8	6.86622873637058e6
0.033280000000000066	44953.8552508769	2.0700110709750056e8	6.93245463515296e6
0.03360000000000007	44954.1949079129	2.070010938449033e8	6.998680487147772e6
0.03392000000000007	44954.58904763492	2.0700108109635806e8	7.064906400175619e6
0.03424000000000007	44954.90180630197	2.0700107080029178e8	7.131132310170459e6
0.03456000000000007	44955.32188751853	2.0700105629522118e8	7.197358171525945e6
0.03488000000000007	44955.669219855765	2.0700104487174848e8	7.263584060604068e6
0.03520000000000007	44956.04245582641	2.070010323121169e8	7.32980992714791e6
0.03552000000000007	44956.39628955476	2.070010203535875e8	7.396035788052794e6
0.03584000000000007	44956.78030488254	2.0700100714383486e8	7.462261625333812e6
0.036160000000000074	44957.156789304565	2.0700099511438838e8	7.528487489336102e6
0.036480000000000075	44957.52620698411	2.0700098320007673e8	7.594713342789767e6
0.036800000000000076	44957.90015137277	2.0700097091428503e8	7.660939179071507e6
0.03712000000000008	44958.30640402504	2.070009585108638e8	7.727165033993588e6
0.03744000000000008	44958.67153708053	2.070009464322064e8	7.793390853296556e6
0.03776000000000008	44959.06055211208	2.0700093361752036e8	7.859616659823249e6
0.03808000000000008	44959.44414211716	2.0700092140608615e8	7.925842475652962e6
0.03840000000000008	44959.83571543432	2.0700091014106184e8	7.992068327440753e6
0.03872000000000008	44960.21036549111	2.0700089758472413e8	8.058294105500675e6
0.03904000000000008	44960.6151372223	2.0700088606810692e8	8.124519944821176e6
0.03936000000000008	44960.99517828479	2.070008738791769e8	8.190745726292488e6
0.03968000000000008	44961.37523813435	2.0700086201810214e8	8.256971512746995e6
0.040000000000000084	44961.81544933815	2.070008485546285e8	8.323197285016522e6
0.040320000000000085	44962.18762321074	2.0700083810356954e8	8.389423104554184e6
0.040640000000000086	44962.5781468365	2.0700082622426113e8	8.45564887672494e6
0.04096000000000009	44962.98160230552	2.0700081340591028e8	8.52187461498198e6
0.04128000000000009	44963.40838427256	2.070008016594688e8	8.58810041138906e6
0.04160000000000009	44963.78777553776	2.070007894356246e8	8.654326134726077e6
0.04192000000000009	44964.21196798265	2.0700077639743882e8	8.720551858782938e6
0.04224000000000009	44964.61512697224	2.0700076536192197e8	8.78677763867161e6
0.04256000000000009	44965.020071921084	2.0700075369076547e8	8.853003385896659e6
0.04288000000000009	44965.419144979576	2.0700074192479825e8	8.91922911570741e6
0.04320000000000009	44965.83303456615	2.0700072957146636e8	8.98545482653484e6
0.04352000000000009	44966.24489725046	2.0700071767684925e8	9.051680547215821e6
0.043840000000000094	44966.65730525867	2.0700070620502752e8	9.117906279077424e6
0.044160000000000095	44967.07450284853	2.070006940428124e8	9.184131977423418e6
0.044480000000000096	44967.48288700034	2.0700068276900458e8	9.25035769881353e6
0.0448000000000001	44967.90857084236	2.0700067009853444e8	9.316583366681233e6
0.0451200000000001	44968.33539986417	2.0700065845492792e8	9.382809073592989e6
0.0454400000000001	44968.75785437382	2.0700064668823925e8	9.449034763011083e6
0.0457600000000001	44969.18458809508	2.0700063461920792e8	9.515260434876317e6
0.0460800000000001	44969.59201914133	2.070006231412592e8	9.581486107568143e6
0.0464000000000001	44970.04188031908	2.070006096196695e8	9.647711718289757e6
0.0467200000000001	44970.44763114138	2.0700059895957336e8	9.713937411709104e6
0.0470400000000001	44970.88799883025	2.0700058678654796e8	9.780163059866603e6
0.0473600000000001	44971.311196204544	2.070005748632547e8	9.846388695421716e6
0.047680000000000104	44971.76201546983	2.0700056328128442e8	9.912614365654236e6
0.048000000000000105	44972.15516702146	2.0700055227849853e8	9.978840001086956e6
0.048320000000000106	44972.59996136917	2.070005408903257e8	1.0045065659751795e7
0.04864000000000011	44973.04833820677	2.070005285769651e8	1.011129126925064e7
0.04896000000000011	44973.48821149765	2.0700051627714127e8	1.0177516863157522e7
0.04928000000000011	44973.8970514608	2.07000505337174e8	1.024374248642072e7
0.04960000000000011	44974.343482106204	2.070004925817776e8	1.0309968048101585e7
0.04992000000000011	44974.776036491465	2.070004810511889e8	1.0376193649292123e7
0.05024000000000011	44975.19481488731	2.0700046994794568e8	1.0442419251212202e7
0.05056000000000011	44975.654051939746	2.070004583503326e8	1.0508644859175911e7
0.05088000000000011	44976.09283248301	2.07000445556327e8	1.0574870379135106e7
0.051200000000000113	44976.51123257059	2.0700043516256794e8	1.0641095994180964e7
0.051520000000000114	44976.9607387394	2.0700042324058485e8	1.0707321553076435e7
0.051840000000000115	44977.435456364816	2.070004109815071e8	1.077354711048366e7
0.052160000000000116	44977.85083162202	2.070003997377141e8	1.0839772656451436e7
0.05248000000000012	44978.33141354734	2.0700038716330683e8	1.090599818691133e7
0.05280000000000012	44978.7666351842	2.070003758921744e8	1.097222373486368e7
0.05312000000000012	44979.19930780376	2.0700036453939778e8	1.1038449268573407e7
0.05344000000000012	44979.6743815266	2.070003523817878e8	1.1104674791865343e7
0.05376000000000012	44980.09030297368	2.0700034113487816e8	1.117090030005936e7
0.05408000000000012	44980.568255092934	2.070003294830922e8	1.1237125837569509e7
0.05440000000000012	44981.00681270721	2.0700031773153308e8	1.1303351324637521e7
0.05472000000000012	44981.46305442945	2.0700030553964347e8	1.1369576796525408e7
0.055040000000000124	44981.91939624145	2.0700029435987997e8	1.1435802316120492e7
0.055360000000000124	44982.361238426274	2.0700028261719966e8	1.1502027783408465e7
0.055680000000000125	44982.810829269314	2.070002717857091e8	1.1568253300950605e7
0.056000000000000126	44983.267381128	2.0700025912782305e8	1.1634478715565903e7
0.05632000000000013	44983.746943811166	2.0700024755403093e8	1.1700704204558983e7
0.05664000000000013	44984.188078555395	2.0700023625888056e8	1.1766929665368807e7
0.05696000000000013	44984.642353549396	2.0700022470471433e8	1.1833155116305646e7
0.05728000000000013	44985.10987290226	2.0700021273411474e8	1.1899380548189502e7
0.05760000000000013	44985.574152077235	2.0700020157159382e8	1.196560601560475e7
0.05792000000000013	44986.04324729315	2.070001898526545e8	1.2031831447888184e7
0.05824000000000013	44986.4819971575	2.0700017809451887e8	1.2098056841510449e7
0.05856000000000013	44986.96384456924	2.0700016642076325e8	1.2164282272841755e7
0.058880000000000134	44987.42299544936	2.0700015465206665e8	1.2230507669443188e7
0.059200000000000134	44987.88435241122	2.0700014275169238e8	1.2296733052498966e7
0.059520000000000135	44988.3651862029	2.0700013118473515e8	1.2362958465805784e7
0.059840000000000136	44988.809890649	2.0700012008379877e8	1.2429183865321338e7
0.06016000000000014	44989.2959485299	2.070001076282064e8	1.249540921481719e7
0.06048000000000014	44989.7342972265	2.070000964761095e8	1.2561634590042062e7
0.06080000000000014	44990.218329037496	2.0700008506793544e8	1.2627859985185135e7
0.06112000000000014	44990.687360899785	2.0700007324131525e8	1.2694085333058618e7
0.06144000000000014	44991.1697223741	2.070000615760627e8	1.2760310695487954e7
0.06176000000000014	44991.62701941536	2.0700005011206198e8	1.2826536039055672e7
0.06208000000000014	44992.11949870041	2.0700003807384646e8	1.289276137234464e7
0.06240000000000014	44992.565332335136	2.070000273343108e8	1.295898673491662e7
0.06272000000000014	44993.05891506935	2.0700001531299686e8	1.3025212054691108e7
0.06304000000000014	44993.52278978758	2.0700000370867112e8	1.3091437364907775e7
0.06336000000000014	44993.99316326753	2.0699999239232168e8	1.3157662691733973e7
0.06368000000000014	44994.457604132316	2.0699998051441115e8	1.3223887969701631e7
0.06400000000000014	44994.957683011926	2.0699996872842366e8	1.3290113279010441e7
0.06432000000000014	44995.44815324133	2.0699995646977726e8	1.3356338541064128e7
0.06464000000000014	44995.89993966367	2.0699994578260082e8	1.342256386035491e7
0.06496000000000014	44996.36449680857	2.0699993402082992e8	1.3488789114652237e7
0.06528000000000014	44996.87372131681	2.0699992197737387e8	1.3555014384487785e7
0.06560000000000014	44997.34772449027	2.0699991075038332e8	1.3621239666938938e7
0.06592000000000015	44997.83774691224	2.069998990396806e8	1.368746492497841e7
0.06624000000000015	44998.319358295776	2.0699988725206122e8	1.3753690162260566e7
0.06656000000000015	44998.79883008725	2.069998758130973e8	1.3819915412899742e7
0.06688000000000015	44999.2829279446	2.069998641946137e8	1.3886140648221519e7
0.06720000000000015	44999.75118605881	2.0699985247746688e8	1.395236585439216e7
0.06752000000000015	45000.2576804075	2.069998404311644e8	1.4018591066194078e7
0.06784000000000015	45000.74276040771	2.0699982947142416e8	1.4084816323712988e7
0.06816000000000015	45001.22263954076	2.0699981766385818e8	1.4151041511273034e7
0.06848000000000015	45001.71640768635	2.0699980567415097e8	1.4217266691433977e7
0.06880000000000015	45002.19553372222	2.069997945257359e8	1.4283491907851664e7
0.06912000000000015	45002.67407152278	2.0699978270863256e8	1.4349717070060413e7
0.06944000000000015	45003.16514814812	2.0699977136683002e8	1.441594226907297e7
0.06976000000000016	45003.672830336975	2.0699975931308502e8	1.4482167426294535e7
0.07008000000000016	45004.142394922696	2.069997481449622e8	1.454839260209487e7
0.07040000000000016	45004.64066281191	2.069997362505984e8	1.4614617746002309e7
0.07072000000000016	45005.146211607236	2.069997240338202e8	1.468084286594332e7
0.07104000000000016	45005.637015073735	2.0699971239642122e8	1.474706800520332e7
0.07136000000000016	45006.11657262867	2.0699970086910087e8	1.4813293134113077e7
0.07168000000000016	45006.61539671491	2.069996897062218e8	1.487951829934709e7
0.07200000000000016	45007.12251688161	2.069996776464572e8	1.4945743400240617e7
0.07232000000000016	45007.62645711141	2.0699966579847485e8	1.5011968505457468e7
0.07264000000000016	45008.10193281026	2.0699965451794586e8	1.5078193617592031e7
0.07296000000000016	45008.59442552038	2.0699964274971023e8	1.5144418702395126e7
0.07328000000000016	45009.083666895116	2.0699963151122075e8	1.5210643815158077e7
0.07360000000000017	45009.58781370375	2.0699961981656235e8	1.5276868900649639e7
0.07392000000000017	45010.07637771521	2.069996078054423e8	1.5343093940510204e7
0.07424000000000017	45010.59153164638	2.0699959582131046e8	1.5409318998990461e7
0.07456000000000017	45011.079007481014	2.0699958472425458e8	1.5475544089997139e7
0.07488000000000017	45011.58575312784	2.0699957292428038e8	1.5541769138782084e7
0.07520000000000017	45012.083415901776	2.0699956093744254e8	1.560799415723874e7
0.07552000000000017	45012.58659257926	2.0699954936748117e8	1.567421920428532e7
0.07584000000000017	45013.09560462155	2.0699953797611102e8	1.5740444262542263e7
0.07616000000000017	45013.59998222516	2.0699952612787548e8	1.580666927410661e7
0.07648000000000017	45014.0860941936	2.0699951449596214e8	1.587289427744093e7
0.07680000000000017	45014.593687852044	2.0699950250931114e8	1.5939119265607757e7
0.07712000000000017	45015.10841308298	2.0699949045527396e8	1.6005344247163031e7
0.07744000000000018	45015.59347040614	2.0699947953631073e8	1.6071569281203998e7
0.07776000000000018	45016.11220286179	2.0699946727175668e8	1.6137794234369803e7
0.07808000000000018	45016.62900775134	2.0699945579503867e8	1.6204019239091482e7
0.07840000000000018	45017.12629907902	2.069994443522267e8	1.6270244220811842e7
0.07872000000000018	45017.64275025432	2.0699943236509836e8	1.6336469169693535e7
0.07904000000000018	45018.14787712097	2.0699942069583553e8	1.6402694125267792e7
0.07936000000000018	45018.65855692723	2.0699940887339363e8	1.6468919066006405e7
0.07968000000000018	45019.1671361376	2.0699939706827325e8	1.6535143998298781e7
0.08000000000000018	45019.69329868322	2.069993851076252e8	1.660136892644484e7
0.08032000000000018	45020.18160995905	2.0699937402188382e8	1.6667593882060794e7
0.08064000000000018	45020.690206692474	2.0699936209482962e8	1.6733818781075522e7
0.08096000000000018	45021.21243636212	2.0699934990508893e8	1.6800043663393553e7
0.08128000000000019	45021.727602850166	2.0699933848144478e8	1.686626859335516e7
0.08160000000000019	45022.22627216163	2.069993268121346e8	1.6932493480478574e7
0.08192000000000019	45022.76254304083	2.069993147916173e8	1.699871836556484e7
0.08224000000000019	45023.270049300314	2.069993030833643e8	1.706494324189637e7
0.08256000000000019	45023.77818056346	2.069992913262421e8	1.7131168106948562e7
0.08288000000000019	45024.293922570854	2.0699927954107332e8	1.7197392968806468e7
0.08320000000000019	45024.82233393614	2.069992676057862e8	1.7263617821917202e7
0.08352000000000019	45025.34481841054	2.0699925598368394e8	1.73298426877765e7
0.08384000000000019	45025.83554761198	2.0699924419727546e8	1.7396067502994914e7
0.08416000000000019	45026.369180231966	2.0699923255559486e8	1.7462292361828927e7
0.0844800000000002	45026.88168884619	2.0699922078811353e8	1.7528517182903644e7
0.0848000000000002	45027.40140178766	2.0699920924507523e8	1.7594742021745335e7
0.0851200000000002	45027.93209460321	2.0699919699904713e8	1.7660966803073645e7
0.0854400000000002	45028.45275644899	2.0699918515543467e8	1.7727191601433318e7
0.0857600000000002	45028.97854488969	2.069991730928546e8	1.779341637778813e7
0.0860800000000002	45029.49494478505	2.0699916157938075e8	1.7859641184773073e7
0.0864000000000002	45030.01156759163	2.0699914973535946e8	1.792586595570325e7
0.0867200000000002	45030.54663523415	2.0699913765798944e8	1.7992090715331916e7
0.0870400000000002	45031.06127784122	2.0699912608782768e8	1.805831549238878e7
0.0873600000000002	45031.58283944802	2.0699911467596456e8	1.8124540281854898e7
0.0876800000000002	45032.1097568223	2.0699910274705386e8	1.8190765023235068e7
0.0880000000000002	45032.64585599261	2.0699909043322787e8	1.825698973114476e7
0.0883200000000002	45033.16150609376	2.0699907865453377e8	1.832321445945034e7
0.0886400000000002	45033.68749514473	2.0699906701084182e8	1.8389439201276638e7
0.0889600000000002	45034.22495726584	2.0699905494821334e8	1.8455663908498168e7
0.0892800000000002	45034.73096720234	2.069990434904982e8	1.8521888633018173e7
0.08960000000000021	45035.27020136426	2.069990315422641e8	1.858811333617823e7
0.08992000000000021	45035.78682835024	2.069990200640104e8	1.8654338053032603e7
0.09024000000000021	45036.335640685174	2.0699900774011058e8	1.872056271518009e7
0.09056000000000021	45036.84580042477	2.069989959796249e8	1.8786787384959612e7
0.09088000000000021	45037.389657796004	2.0699898383453172e8	1.885301204256798e7
0.09120000000000021	45037.91560447929	2.0699897223945376e8	1.891923672593958e7
0.09152000000000021	45038.449480447416	2.0699896014746207e8	1.8985461363279767e7
0.09184000000000021	45038.98746568358	2.0699894832096243e8	1.9051686020654067e7
0.09216000000000021	45039.52175478752	2.0699893626921967e8	1.9117910646001194e7
0.09248000000000021	45040.051889022565	2.069989246551065e8	1.918413529999462e7
0.09280000000000022	45040.60382024771	2.0699891220738637e8	1.925035988863123e7
0.09312000000000022	45041.11182707564	2.06998900777075e8	1.931658452385501e7
0.09344000000000022	45041.64619807539	2.0699888876433268e8	1.9382809120916616e7
0.09376000000000022	45042.18956073016	2.0699887659910655e8	1.944903370379979e7
0.09408000000000022	45042.72498878552	2.0699886484288248e8	1.951525830984027e7
0.09440000000000022	45043.257572744245	2.0699885312532565e8	1.9581482909088664e7
0.09472000000000022	45043.80820450797	2.0699884071049938e8	1.9647707450789925e7
0.09504000000000022	45044.33384102965	2.0699882921585152e8	1.9713932049027354e7
0.09536000000000022	45044.87553180916	2.069988167565319e8	1.9780156562104024e7
0.09568000000000022	45045.41321491165	2.069988049644357e8	1.984638112707576e7
0.09600000000000022	45045.95628125703	2.069987932898335e8	1.9912605700302318e7
0.09632000000000022	45046.50090122436	2.069987809536587e8	1.997883020339087e7
0.09664000000000023	45047.032356301745	2.0699876912401712e8	2.004505473529445e7
0.09696000000000023	45047.568764788135	2.069987576082094e8	2.0111279294189382e7
0.09728000000000023	45048.12071448511	2.0699874497189066e8	2.0177503750396952e7
0.09760000000000023	45048.66088302846	2.0699873308497506e8	2.0243728260674458e7
0.09792000000000023	45049.19713407964	2.0699872116565654e8	2.0309952756291848e7
0.09824000000000023	45049.74690464402	2.0699870934033042e8	2.037617726536284e7
0.09856000000000023	45050.292195335365	2.0699869732974178e8	2.044240174421596e7
0.09888000000000023	45050.835550315445	2.069986848138431e8	2.0508626163323954e7
0.09920000000000023	45051.37107668867	2.0699867310329965e8	2.0574850646913253e7
0.09952000000000023	45051.92493449344	2.0699866122165167e8	2.0641075122143835e7
0.09984000000000023	45052.476713639844	2.069986492060435e8	2.0707299574169982e7
0.10016000000000023	45053.02344345743	2.069986370034526e8	2.077352399488122e7
0.10048000000000024	45053.56095075159	2.0699862483107585e8	2.0839748402172968e7
0.10080000000000024	45054.1046155918	2.0699861304293117e8	2.0905972845597852e7
0.10112000000000024	45054.67113090475	2.069986005038877e8	2.0972197225739323e7
0.10144000000000024	45055.21000394822	2.0699858835140404e8	2.1038421611867625e7
0.10176000000000024	45055.76670921922	2.0699857674689037e8	2.1104646061652504e7
0.10208000000000024	45056.3134843809	2.0699856424471956e8	2.117087040310492e7
0.10240000000000024	45056.8577084138	2.069985524785406e8	2.123709480928168e7
0.10272000000000024	45057.414453163896	2.0699854034911558e8	2.1303319181501735e7
0.10304000000000024	45057.97013848098	2.0699852784989247e8	2.1369543506548382e7
0.10336000000000024	45058.50864418457	2.0699851619779715e8	2.1435767895395085e7
0.10368000000000024	45059.07512903499	2.0699850390882015e8	2.150199223548618e7
0.10400000000000025	45059.61633336938	2.0699849196177244e8	2.156821658025908e7
0.10432000000000025	45060.170217763465	2.069984799329063e8	2.1634440919861484e7
0.10464000000000025	45060.73113088024	2.069984674319767e8	2.1700665208307438e7
0.10496000000000025	45061.295352067515	2.0699845511379722e8	2.176688951053612e7
0.10528000000000025	45061.84599247911	2.0699844323044944e8	2.1833113838148158e7
0.10560000000000025	45062.402473641174	2.0699843103000677e8	2.189933812954119e7
0.10592000000000025	45062.960167871795	2.069984188216907e8	2.1965562413020425e7
0.10624000000000025	45063.50842857906	2.069984066887352e8	2.2031786687904406e7
0.10656000000000025	45064.063539548486	2.0699839469712088e8	2.2098010975854024e7
0.10688000000000025	45064.63928707975	2.0699838224499068e8	2.2164235224984735e7
0.10720000000000025	45065.178838392116	2.06998370476175e8	2.223045950671293e7
0.10752000000000025	45065.745849539744	2.0699835781346646e8	2.2296683708959762e7
0.10784000000000026	45066.30782798281	2.0699834579187167e8	2.2362907967387307e7
0.10816000000000026	45066.871701054915	2.069983330984864e8	2.242913214679021e7
0.10848000000000026	45067.426524969414	2.069983211400739e8	2.249535638937081e7
0.10880000000000026	45067.98497266783	2.0699830921750823e8	2.256158063107259e7
0.10912000000000026	45068.55203712547	2.069982967385907e8	2.2627804811753906e7
0.10944000000000026	45069.105572619505	2.0699828444682643e8	2.269402899251949e7
0.10976000000000026	45069.66849737231	2.0699827275674918e8	2.2760253239463944e7
0.11008000000000026	45070.22828369844	2.0699826047022283e8	2.282647741011641e7
0.11040000000000026	45070.80721359346	2.0699824783290473e8	2.2892701550849948e7
0.11072000000000026	45071.355596115616	2.0699823591935432e8	2.2958925736095477e7
0.11104000000000026	45071.92804094646	2.0699822332824412e8	2.302514985951956e7
0.11136000000000026	45072.48611111223	2.0699821117973995e8	2.3091374011033673e7
0.11168000000000027	45073.07208641714	2.0699819889985746e8	2.3157598164531942e7
0.11200000000000027	45073.61661905718	2.0699818642056903e8	2.322382225066151e7
0.11232000000000027	45074.19867637395	2.0699817419606712e8	2.329004639038336e7
0.11264000000000027	45074.765870216455	2.0699816151226375e8	2.335627045698404e7
0.11296000000000027	45075.33573058493	2.069981496021611e8	2.342249460486663e7
0.11328000000000027	45075.88781656998	2.069981371522349e8	2.3488718667849936e7
0.11360000000000027	45076.46723704939	2.0699812478769407e8	2.3554942756441023e7
0.11392000000000027	45077.02914277423	2.0699811273980764e8	2.362116685730177e7
0.11424000000000027	45077.60874710497	2.0699810033671075e8	2.368739092518973e7
0.11456000000000027	45078.17897395095	2.0699808781037074e8	2.3753614962346826e7
0.11488000000000027	45078.752734210386	2.069980753472881e8	2.3819839001516618e7
0.11520000000000027	45079.32716831377	2.0699806305348584e8	2.388606305244015e7
0.11552000000000028	45079.88583333707	2.0699805089561218e8	2.3952287096883047e7
0.11584000000000028	45080.479879597624	2.0699803832144743e8	2.4018511116246875e7
0.11616000000000028	45081.04433942091	2.069980257549902e8	2.408473510192867e7
0.11648000000000028	45081.622207302025	2.0699801337308636e8	2.4150959112549752e7
0.11680000000000028	45082.18482134205	2.0699800123528045e8	2.4217183129915025e7
0.11712000000000028	45082.77549336694	2.069979884553701e8	2.4283407088720586e7
0.11744000000000028	45083.33501255682	2.0699797659874085e8	2.4349631119904865e7
0.11776000000000028	45083.91517826581	2.0699796385532218e8	2.441585505692967e7
0.11808000000000028	45084.49524797725	2.069979513874004e8	2.448207901787339e7
0.11840000000000028	45085.06904048135	2.0699793882163656e8	2.4548302953347914e7
0.11872000000000028	45085.65397544649	2.0699792645385498e8	2.4614526913737204e7
0.11904000000000028	45086.22928964671	2.069979141047808e8	2.468075085958817e7
0.11936000000000029	45086.805961068734	2.0699790155979723e8	2.474697477497901e7
0.11968000000000029	45087.38391709485	2.0699788905414906e8	2.4813198687810514e7
0.12000000000000029	45087.974300634305	2.0699787635087627e8	2.487942257948977e7
0.12032000000000029	45088.55114813853	2.069978639766878e8	2.494564649034913e7
0.12064000000000029	45089.132930927015	2.0699785174906147e8	2.5011870414940972e7
0.12096000000000029	45089.70973731703	2.0699783910259345e8	2.5078094276297256e7
0.12128000000000029	45090.299144618606	2.069978261893206e8	2.514431810790522e7
0.12160000000000029	45090.87455211228	2.0699781413810128e8	2.521054202339975e7
0.12192000000000029	45091.46451082255	2.069978013846204e8	2.5276765857970644e7
0.12224000000000029	45092.05279164936	2.069977886503859e8	2.5342989684881628e7
0.1225600000000003	45092.62997930643	2.0699777643098754e8	2.5409213556630936e7
0.1228800000000003	45093.19975232673	2.069977641731251e8	2.5475437408960436e7
0.1232000000000003	45093.79057051899	2.0699775151910108e8	2.5541661222725544e7
0.1235200000000003	45094.37629122934	2.0699773885472578e8	2.5607885022267524e7
0.1238400000000003	45094.97811047793	2.069977258182e8	2.5674108781347226e7
0.1241600000000003	45095.56217268809	2.0699771347086248e8	2.5740332601715676e7
0.1244800000000003	45096.15278480959	2.0699770100240225e8	2.580655640446525e7
0.1248000000000003	45096.726059257744	2.069976884770849e8	2.587278017658732e7
0.1251200000000003	45097.32205540543	2.0699767583177406e8	2.593900394519146e7
0.12544000000000027	45097.90774505576	2.069976630684944e8	2.600522768150951e7
0.12576000000000026	45098.50066236203	2.069976502595567e8	2.607145140986097e7
0.12608000000000025	45099.084651773526	2.0699763785743895e8	2.613767517312483e7
0.12640000000000023	45099.68014414962	2.0699762505292895e8	2.6203898887264196e7
0.12672000000000022	45100.28005643426	2.069976121516762e8	2.627012258442814e7
0.1270400000000002	45100.86050809417	2.0699759992373636e8	2.6336346341500655e7
0.1273600000000002	45101.45897359632	2.0699758706668037e8	2.6402570025971174e7
0.12768000000000018	45102.053918753474	2.0699757429930162e8	2.6468793710209277e7
0.12800000000000017	45102.653182405986	2.0699756139484552e8	2.6535017372115318e7
0.12832000000000016	45103.23558577835	2.0699754891521725e8	2.6601241065196123e7
0.12864000000000014	45103.8331074419	2.0699753662729195e8	2.666746478775137e7
0.12896000000000013	45104.4269081407	2.0699752358330905e8	2.673368840131763e7
0.12928000000000012	45105.024282910206	2.0699751069011033e8	2.6799912028761104e7
0.1296000000000001	45105.62862873688	2.0699749821559256e8	2.686613570789927e7
0.1299200000000001	45106.22490070125	2.0699748519631174e8	2.6932359300866444e7
0.13024000000000008	45106.81540288996	2.069974725651593e8	2.699858293065118e7
0.13056000000000006	45107.41630936319	2.0699745982236063e8	2.7064806546443433e7
0.13088000000000005	45108.00550827949	2.0699744712960237e8	2.7131030150069725e7
0.13120000000000004	45108.61064455332	2.0699743427523014e8	2.719725373783819e7
0.13152000000000003	45109.20773230021	2.069974215376034e8	2.7263477325356953e7
0.13184	45109.804733735975	2.0699740897616014e8	2.7329700927494597e7
0.13216	45110.40156295418	2.0699739590066752e8	2.7395924453124613e7
0.13248	45111.01687386713	2.0699738306592986e8	2.7462148017932802e7
0.13279999999999997	45111.606610876304	2.069973703407708e8	2.752837156650731e7
0.13311999999999996	45112.21201877307	2.069973574570858e8	2.7594595099042088e7
0.13343999999999995	45112.81743131663	2.0699734485913897e8	2.7660818661076777e7
0.13375999999999993	45113.41540525296	2.0699733210069257e8	2.7727042186749272e7
0.13407999999999992	45114.020190472525	2.0699731869403446e8	2.779326562285946e7
0.1343999999999999	45114.62328718369	2.069973060587761e8	2.7859489152216878e7
0.1347199999999999	45115.225704966695	2.0699729323052505e8	2.7925712646514308e7
0.13503999999999988	45115.83745026904	2.0699728014653742e8	2.7991936105749372e7
0.13535999999999987	45116.44645760879	2.069972673175159e8	2.8058159588364035e7
0.13567999999999986	45117.045356279494	2.0699725469224715e8	2.8124383081286404e7
0.13599999999999984	45117.65330339475	2.0699724175154084e8	2.8190606530663654e7
0.13631999999999983	45118.26279965179	2.0699722862584862e8	2.8256829947490454e7
0.13663999999999982	45118.86798926728	2.069972156877928e8	2.8323053377447184e7
0.1369599999999998	45119.47246979412	2.069972030420551e8	2.8389276838160157e7
0.1372799999999998	45120.09194997181	2.0699718984407347e8	2.8455500227521442e7
0.13759999999999978	45120.693493809544	2.06997176984809e8	2.8521723639178738e7
0.13791999999999977	45121.31477044302	2.069971637806286e8	2.8587947011661552e7
0.13823999999999975	45121.91950843598	2.0699715096404555e8	2.8654170414625198e7
0.13855999999999974	45122.520636918554	2.069971383091261e8	2.8720393828289926e7
0.13887999999999973	45123.14830921671	2.069971250657324e8	2.8786617174600888e7
0.1391999999999997	45123.75139109209	2.0699711210617745e8	2.8852840530377295e7
0.1395199999999997	45124.373284083704	2.069970987371478e8	2.891906383653029e7
0.1398399999999997	45124.975506702394	2.0699708612500352e8	2.8985287222652275e7
0.14015999999999967	45125.5917108237	2.0699707304110128e8	2.9051510546217322e7
0.14047999999999966	45126.21186620924	2.0699705984823745e8	2.9117733849103574e7
0.14079999999999965	45126.82664141917	2.069970469409696e8	2.918395717873875e7
0.14111999999999963	45127.440055296625	2.0699703383427155e8	2.925018047040702e7
0.14143999999999962	45128.058627096085	2.069970206008003e8	2.9316403739791997e7
0.1417599999999996	45128.67661270114	2.0699700765164414e8	2.9382627040113077e7
0.1420799999999996	45129.283346763965	2.069969944196618e8	2.9448850281914316e7
0.14239999999999958	45129.907944319144	2.0699698156871983e8	2.9515073584438663e7
0.14271999999999957	45130.52114024165	2.0699696832208365e8	2.9581296812090795e7
0.14303999999999956	45131.145473299315	2.0699695519924375e8	2.964752005812453e7
0.14335999999999954	45131.76956680824	2.069969418058397e8	2.9713743256366797e7
0.14367999999999953	45132.38045397951	2.0699692908058482e8	2.9779966530328684e7
0.14399999999999952	45133.0029377951	2.0699691602996713e8	2.9846189758829918e7
0.1443199999999995	45133.61986133487	2.069969027063451e8	2.991241293442257e7
0.1446399999999995	45134.24750083256	2.0699688980295277e8	2.9978636171041295e7
0.14495999999999948	45134.86295808932	2.069968765581779e8	3.004485933909704e7
0.14527999999999947	45135.49242435324	2.0699686321967757e8	3.011108249663959e7
0.14559999999999945	45136.12173473048	2.069968497766826e8	3.0177305629895028e7
0.14591999999999944	45136.735553366234	2.069968370132942e8	3.0243528840081193e7
0.14623999999999943	45137.36649560434	2.0699682347103435e8	3.0309751942423232e7
0.1465599999999994	45137.98856939927	2.0699681056706303e8	3.0375975121673305e7
0.1468799999999994	45138.61890181239	2.0699679694369462e8	3.0442198193647258e7
0.1471999999999994	45139.235271848826	2.0699678421621144e8	3.050842137646603e7
0.14751999999999937	45139.8687373499	2.069967704187454e8	3.057464440747441e7
0.14783999999999936	45140.49272525674	2.0699675735504466e8	3.0640867529650427e7
0.14815999999999935	45141.12432433502	2.0699674421040967e8	3.07070906375586e7
0.14847999999999933	45141.748924761865	2.069967308515943e8	3.0773313698889e7
0.14879999999999932	45142.38269833882	2.069967175668592e8	3.083953677010133e7
0.1491199999999993	45143.012061390225	2.0699670422003493e8	3.090575981939426e7
0.1494399999999993	45143.637453122916	2.069966910147753e8	3.0971982877520006e7
0.14975999999999928	45144.272819418016	2.0699667756405133e8	3.103820589851416e7
0.15007999999999927	45144.89187770223	2.0699666468668476e8	3.110442898268219e7
0.15039999999999926	45145.53749014081	2.069966509509134e8	3.1170651951668844e7
0.15071999999999924	45146.157174116124	2.0699663787560913e8	3.1236874988976482e7
0.15103999999999923	45146.79408725909	2.069966246863043e8	3.1303098014927562e7
0.15135999999999922	45147.42789089548	2.0699661112551045e8	3.136932097316243e7
0.1516799999999992	45148.05742815359	2.0699659776620597e8	3.143554394925541e7
0.1519999999999992	45148.70115505313	2.0699658425975195e8	3.1501766906061612e7
0.15231999999999918	45149.323980857414	2.0699657117878923e8	3.15679899009051e7
0.15263999999999917	45149.96744531783	2.0699655761075312e8	3.1634212830119647e7
0.15295999999999915	45150.60064950331	2.0699654413894576e8	3.1700435756267123e7
0.15327999999999914	45151.236450493205	2.069965308503824e8	3.1766658703673795e7
0.15359999999999913	45151.87513811549	2.0699651738426304e8	3.1832881617339525e7
0.1539199999999991	45152.5119249274	2.0699650395134437e8	3.1899104525480185e7
0.1542399999999991	45153.146788697864	2.0699649084813052e8	3.1965327473843474e7
0.1545599999999991	45153.778707866506	2.0699647717799234e8	3.2031550323301084e7
0.15487999999999907	45154.42285435866	2.069964636551013e8	3.2097773196744576e7
0.15519999999999906	45155.07315865813	2.0699645013399372e8	3.2163996066600066e7
0.15551999999999905	45155.7084137928	2.0699643662973955e8	3.223021891729818e7
0.15583999999999903	45156.35730982749	2.0699642301488787e8	3.229644175322659e7
0.15615999999999902	45156.9896627306	2.069964098402012e8	3.2362664634802617e7
0.156479999999999	45157.63316146652	2.0699639626427716e8	3.2428887454158247e7
0.156799999999999	45158.27323591563	2.0699638269434485e8	3.249511026246559e7
0.15711999999999898	45158.91524529266	2.069963690333702e8	3.2561333049004868e7
0.15743999999999897	45159.56563263014	2.0699635537262768e8	3.262755583348572e7
0.15775999999999896	45160.2134390251	2.0699634184748885e8	3.2693778628026508e7
0.15807999999999894	45160.8518873229	2.0699632846908438e8	3.2760001428813614e7
0.15839999999999893	45161.49441114795	2.069963148595696e8	3.282622418745203e7
0.15871999999999892	45162.14643246556	2.0699630103594068e8	3.2892446910974983e7
0.1590399999999989	45162.78920827973	2.0699628782026675e8	3.2958669714147594e7
0.1593599999999989	45163.4436882561	2.0699627406657445e8	3.302489243255117e7
0.15967999999999888	45164.088061015165	2.0699626059792477e8	3.3091115178755827e7
0.15999999999999887	45164.732779370024	2.069962468728423e8	3.3157337875189207e7
0.16031999999999885	45165.37842792983	2.0699623353883216e8	3.32235606259037e7
0.16063999999999884	45166.02852702612	2.0699621965479076e8	3.3289783283049792e7
0.16095999999999883	45166.68079413822	2.069962061212286e8	3.3356005989126228e7
0.1612799999999988	45167.33224767934	2.069961924503335e8	3.342222866329232e7
0.1615999999999988	45167.97785802546	2.06996178760553e8	3.3488451320341285e7
0.1619199999999988	45168.63074596302	2.0699616515765232e8	3.355467398838239e7
0.16223999999999877	45169.288804995966	2.069961512299465e8	3.362089659893554e7
0.16255999999999876	45169.942042835304	2.0699613760871372e8	3.3687119245936595e7
0.16287999999999875	45170.58711210849	2.0699612410661325e8	3.375334189636819e7
0.16319999999999873	45171.24259296769	2.0699611027473655e8	3.381956449263854e7
0.16351999999999872	45171.898921481115	2.0699609658978653e8	3.388578710437147e7
0.1638399999999987	45172.55606587439	2.0699608256840864e8	3.3952009652487844e7
0.1641599999999987	45173.208627509644	2.0699606896936828e8	3.401823225671044e7
0.16447999999999868	45173.862816972396	2.0699605537023667e8	3.4084454853157096e7
0.16479999999999867	45174.52033522695	2.0699604174057698e8	3.41506774382308e7
0.16511999999999866	45175.18117315715	2.069960276242155e8	3.421689993656804e7
0.16543999999999864	45175.83495499906	2.069960140960295e8	3.4283122516866885e7
0.16575999999999863	45176.495626897056	2.0699600008203337e8	3.4349345013309345e7
0.16607999999999862	45177.15265513087	2.069959863692081e8	3.441556754733996e7
0.1663999999999986	45177.8103187391	2.069959726391753e8	3.448179006984018e7
0.1667199999999986	45178.47594327918	2.069959588550238e8	3.45480125807433e7
0.16703999999999858	45179.14325182668	2.06995944728942e8	3.461423502668522e7
0.16735999999999857	45179.795595480435	2.069959312309827e8	3.468045755582159e7
0.16767999999999855	45180.45543924117	2.06995917286978e8	3.474668000735136e7
0.16799999999999854	45181.126304110214	2.0699590318505585e8	3.48129024321741e7
0.16831999999999853	45181.78588965601	2.0699588940884954e8	3.487912489298596e7
0.1686399999999985	45182.4448481115	2.0699587543452218e8	3.494534731062644e7
0.1689599999999985	45183.116748353896	2.0699586157290822e8	3.501156974870082e7
0.1692799999999985	45183.77287129675	2.0699584787879732e8	3.507779219272214e7
0.16959999999999847	45184.43836262586	2.0699583399309236e8	3.514401460284447e7
0.16991999999999846	45185.102072742884	2.069958201053471e8	3.5210237001828805e7
0.17023999999999845	45185.77600485507	2.0699580587316787e8	3.527645934134556e7
0.17055999999999844	45186.43850629876	2.06995792125232e8	3.534268174443391e7
0.17087999999999842	45187.10875769424	2.0699577815910605e8	3.54089041074409e7
0.1711999999999984	45187.76967003449	2.0699576427157196e8	3.547512646679531e7
0.1715199999999984	45188.45078763225	2.0699575016147548e8	3.554134879540449e7
0.17183999999999838	45189.11424972774	2.069957362123882e8	3.560757112759351e7
0.17215999999999837	45189.77720402753	2.0699572222815648e8	3.567379344395967e7
0.17247999999999836	45190.459679341846	2.069957079370502e8	3.574001571417593e7
0.17279999999999834	45191.12386467848	2.0699569412437594e8	3.5806238042352684e7
0.17311999999999833	45191.79377842225	2.0699568040210462e8	3.5872460381651506e7
0.17343999999999832	45192.46876065215	2.0699566607684967e8	3.5938682611347266e7
0.1737599999999983	45193.14254513998	2.0699565200434038e8	3.600490487437033e7
0.1740799999999983	45193.81593880024	2.0699563794514737e8	3.6071127129951075e7
0.17439999999999828	45194.48286256118	2.0699562412291643e8	3.6137349412087604e7
0.17471999999999827	45195.16212669324	2.0699560977538958e8	3.620357160335563e7
0.17503999999999825	45195.83502777314	2.0699559591997826e8	3.626979386589714e7
0.17535999999999824	45196.51126034921	2.0699558173996535e8	3.6336016064965695e7
0.17567999999999823	45197.18689867827	2.0699556772104815e8	3.640223828233769e7
0.1759999999999982	45197.858819091016	2.0699555347532028e8	3.646846044732293e7
0.1763199999999982	45198.54010191003	2.0699553936784983e8	3.653468263485005e7
0.1766399999999982	45199.2193616976	2.069955252482601e8	3.660090480910594e7
0.17695999999999817	45199.895291911074	2.0699551114577976e8	3.666712697417787e7
0.17727999999999816	45200.58179501611	2.0699549671773344e8	3.67333490807738e7
0.17759999999999815	45201.26209869026	2.06995482538144e8	3.679957121672395e7
0.17791999999999814	45201.937505429676	2.069954684843903e8	3.68657933615268e7
0.17823999999999812	45202.61718474941	2.0699545429228356e8	3.693201547575397e7
0.1785599999999981	45203.30151325683	2.0699544005748814e8	3.699823757665974e7
0.1788799999999981	45203.98579333241	2.0699542564882985e8	3.706445963687691e7
0.17919999999999808	45204.665279007844	2.0699541161297214e8	3.713068175030522e7
0.17951999999999807	45205.348536881815	2.0699539747638404e8	3.719690383932761e7
0.17983999999999806	45206.03023065586	2.0699538303524077e8	3.7263125862811275e7
0.18015999999999804	45206.71986298625	2.0699536867267194e8	3.732934789728064e7
0.18047999999999803	45207.404371770164	2.0699535441327882e8	3.7395569936538905e7
0.18079999999999802	45208.08644710132	2.0699534021441793e8	3.7461791975183815e7
0.181119999999998	45208.767854845086	2.0699532616870993e8	3.752801403149731e7
0.181439999999998	45209.462674760915	2.069953115176958e8	3.759423597953736e7
0.18175999999999798	45210.14787663037	2.069952975813022e8	3.766045803977564e7
0.18207999999999797	45210.833879058635	2.069952829506697e8	3.7726679964903876e7
0.18239999999999795	45211.52753949882	2.0699526844977224e8	3.779290191015433e7
0.18271999999999794	45212.21532466197	2.0699525418643108e8	3.78591238842848e7
0.18303999999999793	45212.90338923641	2.0699523993232024e8	3.792534585076434e7
0.1833599999999979	45213.5874863741	2.0699522570091382e8	3.7991567808603995e7
0.1836799999999979	45214.28176993035	2.0699521136899662e8	3.805778974675129e7
0.1839999999999979	45214.97854492799	2.069951967750864e8	3.812401162910812e7
0.18431999999999787	45215.66544525681	2.069951824783874e8	3.819023354840631e7
0.18463999999999786	45216.364223699966	2.069951678357932e8	3.8256455403933845e7
0.18495999999999785	45217.04759606676	2.0699515373613393e8	3.832267733750759e7
0.18527999999999784	45217.74997548593	2.069951388499418e8	3.8388899131376795e7
0.18559999999999782	45218.444779393314	2.0699512456257987e8	3.8455121020242706e7
0.1859199999999978	45219.13705192589	2.0699511006418595e8	3.852134285822423e7
0.1862399999999978	45219.83258755589	2.0699509590113726e8	3.85875647515938e7
0.18655999999999778	45220.53297553443	2.0699508107073092e8	3.865378651489872e7
0.18687999999999777	45221.22988253154	2.0699506661047092e8	3.872000833460643e7
0.18719999999999776	45221.92915117403	2.069950521481879e8	3.878623014615439e7
0.18751999999999774	45222.6274010794	2.0699503752069917e8	3.885245191619187e7
0.18783999999999773	45223.32158538177	2.0699502318107742e8	3.8918673727191895e7
0.18815999999999772	45224.027315861546	2.0699500843095085e8	3.898489546070334e7
0.1884799999999977	45224.71850169382	2.0699499406649014e8	3.905111724521008e7
0.1887999999999977	45225.42726867216	2.0699497946365458e8	3.9117338989337854e7
0.18911999999999768	45226.13088393107	2.0699496475255075e8	3.9183560699013084e7
0.18943999999999767	45226.82680707386	2.0699495018332797e8	3.9249782419465914e7
0.18975999999999765	45227.53025711747	2.0699493551753595e8	3.931600411792266e7
0.19007999999999764	45228.23634652417	2.0699492108907464e8	3.93822258537926e7
0.19039999999999763	45228.937034678595	2.069949064399378e8	3.944844753358694e7
0.1907199999999976	45229.64093328962	2.069948916936194e8	3.9514669187621094e7
0.1910399999999976	45230.35057521381	2.069948771498056e8	3.958089087509969e7
0.1913599999999976	45231.05118795895	2.0699486236789432e8	3.964711249995239e7
0.19167999999999757	45231.758358267914	2.0699484790470806e8	3.97133341812901e7
0.19199999999999756	45232.465537596894	2.0699483311430052e8	3.9779555790099576e7
0.19231999999999755	45233.177841588426	2.069948183790444e8	3.9845777403736405e7
0.19263999999999754	45233.8822876473	2.0699480352101684e8	3.991199897749193e7
0.19295999999999752	45234.59982210357	2.0699478873367286e8	3.997822056548943e7
0.1932799999999975	45235.30040575985	2.069947742690546e8	4.004444219226569e7
0.1935999999999975	45236.004923334134	2.0699475955595684e8	4.01106637644029e7
0.19391999999999748	45236.721887269756	2.0699474472864997e8	4.017688531455817e7
0.19423999999999747	45237.43014194342	2.069947299992692e8	4.0243106866768695e7
0.19455999999999746	45238.1456922031	2.0699471515185553e8	4.0309328392010815e7
0.19487999999999744	45238.85920145032	2.069947004652613e8	4.0375549936989866e7
0.19519999999999743	45239.569939660025	2.069946854039124e8	4.044177139673061e7
0.19551999999999742	45240.289975971005	2.0699467065412873e8	4.050799291477458e7
0.1958399999999974	45241.00369145604	2.0699465566808155e8	4.057421437156508e7
0.1961599999999974	45241.71407110344	2.0699464095932758e8	4.064043587002007e7
0.19647999999999738	45242.44148939361	2.0699462606383887e8	4.070665733560807e7
0.19679999999999737	45243.146314730264	2.0699461135420024e8	4.077287880962606e7
0.19711999999999735	45243.86719148446	2.069945965025613e8	4.083910025867504e7
0.19743999999999734	45244.5796496623	2.0699458154349184e8	4.090532166979011e7
0.19775999999999733	45245.2985945506	2.069945667781547e8	4.097154311439181e7
0.1980799999999973	45246.02455216261	2.069945514884947e8	4.103776445084934e7
0.1983999999999973	45246.7393853009	2.069945368183665e8	4.110398589105461e7
0.1987199999999973	45247.45373282111	2.0699452196846944e8	4.1170207285300724e7
0.19903999999999727	45248.179079417765	2.0699450701848796e8	4.123642865847473e7
0.19935999999999726	45248.900615164595	2.069944919184144e8	4.130264998864306e7
0.19967999999999725	45249.61705414757	2.069944770874577e8	4.136887135834376e7
0.19999999999999724	45250.3461128077	2.0699446199453348e8	4.1435092675796375e7
0.20031999999999722	45251.069707266346	2.0699444684939003e8	4.150131396829274e7
0.2006399999999972	45251.7888091818	2.0699443211234865e8	4.156753532892356e7
0.2009599999999972	45252.521958655845	2.069944168758874e8	4.16337565905236e7
0.20127999999999718	45253.24354523036	2.0699440178526455e8	4.1699977862021916e7
0.20159999999999717	45253.97341193767	2.069943868043468e8	4.176619915212782e7
0.20191999999999716	45254.70034406743	2.0699437169511476e8	4.183242040392758e7
0.20223999999999714	45255.42729180644	2.0699435656060416e8	4.1898641640492305e7
0.20255999999999713	45256.15029790595	2.0699434164492792e8	4.196486290808956e7
0.20287999999999712	45256.878651859966	2.0699432662428632e8	4.203108414864559e7
0.2031999999999971	45257.610164260455	2.0699431132245925e8	4.2097305324502e7
0.2035199999999971	45258.3387904258	2.0699429622189504e8	4.216352652875928e7
0.20383999999999708	45259.069401214125	2.069942810549129e8	4.222974771092731e7
0.20415999999999707	45259.8019007522	2.0699426581381807e8	4.229596886929318e7
0.20447999999999705	45260.53244936924	2.0699425081067306e8	4.236219006453994e7
0.20479999999999704	45261.262566243815	2.069942357551081e8	4.242841123863821e7
0.20511999999999703	45261.9966600086	2.0699422063046142e8	4.249463239162474e7
0.20543999999999701	45262.73601890004	2.069942050369088e8	4.2560853442313105e7
0.205759999999997	45263.46163852642	2.069941901132962e8	4.262707460948299e7
0.206079999999997	45264.20441684081	2.0699417474758983e8	4.2693295689153306e7
0.20639999999999697	45264.934883105874	2.0699415947801906e8	4.275951676858574e7
0.20671999999999696	45265.676205508986	2.0699414417254865e8	4.282573783896894e7
0.20703999999999695	45266.40994256256	2.0699412885925078e8	4.289195889144671e7
0.20735999999999694	45267.14823647297	2.0699411361958003e8	4.295817995253363e7
0.20767999999999692	45267.88644921111	2.0699409840117985e8	4.302440100774784e7
0.2079999999999969	45268.62791712697	2.0699408290600896e8	4.309062199775959e7
0.2083199999999969	45269.36845889205	2.06994067740476e8	4.315684304531685e7
0.20863999999999688	45270.10822917805	2.0699405236650437e8	4.3223064038595065e7
0.20895999999999687	45270.84538298956	2.0699403719736046e8	4.328928506229155e7
0.20927999999999686	45271.58851163493	2.0699402171684662e8	4.335550601536892e7
0.20959999999999684	45272.32865051399	2.0699400642434925e8	4.342172699510832e7
0.20991999999999683	45273.07096602149	2.0699399105786082e8	4.348794795077432e7
0.21023999999999682	45273.817269720115	2.0699397566788796e8	4.355416889434304e7
0.2105599999999968	45274.56027906833	2.069939601913488e8	4.362038980675645e7
0.2108799999999968	45275.30635670125	2.0699394483940446e8	4.368661073748515e7
0.21119999999999678	45276.04866660951	2.069939294691199e8	4.3752831651065685e7
0.21151999999999677	45276.79798319334	2.0699391388133904e8	4.381905251385395e7
0.21183999999999675	45277.54765621062	2.0699389833161438e8	4.3885273374529235e7
0.21215999999999674	45278.29456340277	2.0699388278789416e8	4.395149422386778e7
0.21247999999999673	45279.04586968158	2.0699386749751183e8	4.401771512007392e7
0.21279999999999671	45279.78744909783	2.0699385192808548e8	4.408393593897584e7
0.2131199999999967	45280.538624317385	2.0699383623085368e8	4.415015672775156e7
0.2134399999999967	45281.28941592133	2.069938208098129e8	4.421637756464876e7
0.21375999999999667	45282.04253769078	2.069938053046873e8	4.4282598375054106e7
0.21407999999999666	45282.78722824058	2.0699378993580362e8	4.434881919759457e7
0.21439999999999665	45283.54999206879	2.0699377420627546e8	4.441503994669854e7
0.21471999999999664	45284.2984531143	2.0699375864170232e8	4.448126070943489e7
0.21503999999999662	45285.051154558976	2.069937429999997e8	4.454748144847352e7
0.2153599999999966	45285.80449123239	2.069937274140937e8	4.4613702189534515e7
0.2156799999999966	45286.555877857936	2.0699371189190528e8	4.4679922932351544e7
0.21599999999999658	45287.31505992816	2.069936960886904e8	4.4746143610163406e7
0.21631999999999657	45288.07548244725	2.0699368058120108e8	4.481236434231879e7
0.21663999999999656	45288.82831331242	2.069936648307734e8	4.487858500548555e7
0.21695999999999654	45289.58726428298	2.0699364920406032e8	4.494480568972364e7
0.21727999999999653	45290.34544011808	2.0699363358937418e8	4.50110263654814e7
0.21759999999999652	45291.107279466494	2.0699361787208417e8	4.507724701130025e7
0.2179199999999965	45291.862724827246	2.069936020927566e8	4.514346762805263e7
0.2182399999999965	45292.62428094679	2.0699358649193928e8	4.5209688277957976e7
0.21855999999999648	45293.38556288386	2.0699357060347202e8	4.5275908854308374e7
0.21887999999999647	45294.143111348465	2.0699355507461885e8	4.5342129495798975e7
0.21919999999999645	45294.91026054741	2.0699353917591152e8	4.540835005329051e7
0.21951999999999644	45295.672016010685	2.0699352334181568e8	4.54745706100897e7
0.21983999999999643	45296.435651952444	2.069935075475777e8	4.554079116649697e7
0.22015999999999641	45297.20194407134	2.0699349191845256e8	4.560701175072984e7
0.2204799999999964	45297.96499478866	2.0699347587807187e8	4.567323223126928e7
0.2207999999999964	45298.73072347594	2.069934601682909e8	4.573945277613762e7
0.22111999999999638	45299.498246984156	2.069934442684494e8	4.580567326983339e7
0.22143999999999636	45300.264471947165	2.069934285482063e8	4.587189379162133e7
0.22175999999999635	45301.035594640416	2.0699341238643938e8	4.5938114208757214e7
0.22207999999999634	45301.80147782636	2.0699339664239946e8	4.600433470374895e7
0.22239999999999632	45302.570797004664	2.0699338070357302e8	4.607055514752563e7
0.2227199999999963	45303.345579826724	2.0699336492904103e8	4.613677562144755e7
0.2230399999999963	45304.11216725974	2.069933488908528e8	4.620299601960452e7
0.22335999999999628	45304.8835557009	2.0699333299869955e8	4.626921644335346e7
0.22367999999999627	45305.662410771125	2.0699331688521546e8	4.633543681272695e7
0.22399999999999626	45306.42634915409	2.0699330108691445e8	4.640165723031501e7
0.22431999999999624	45307.20506940662	2.0699328499430272e8	4.646787758274945e7
0.22463999999999623	45307.97931706629	2.0699326896589705e8	4.653409793534162e7
0.22495999999999622	45308.754065242945	2.0699325291788533e8	4.660031827315743e7
0.2252799999999962	45309.52479088177	2.0699323708334872e8	4.6666538645182006e7
0.2255999999999962	45310.30571570319	2.0699322082929584e8	4.673275891983459e7
0.22591999999999618	45311.082250616346	2.0699320489856428e8	4.679897925323141e7
0.22623999999999617	45311.85644981827	2.06993188829756e8	4.686519954288982e7
0.22655999999999615	45312.63901419773	2.0699317265803295e8	4.693141980492229e7
0.22687999999999614	45313.41738868483	2.069931565420834e8	4.6997640065518625e7
0.22719999999999613	45314.1939673115	2.0699314055631423e8	4.706386034349173e7
0.22751999999999611	45314.976166296634	2.069931243528943e8	4.713008056555865e7
0.2278399999999961	45315.756986312896	2.0699310825193638e8	4.719630079903492e7
0.2281599999999961	45316.53818929122	2.0699309199365768e8	4.7262520986108154e7
0.22847999999999608	45317.32058117804	2.0699307578094965e8	4.732874117360535e7
0.22879999999999606	45318.10812910556	2.069930596523872e8	4.739496137345455e7
0.22911999999999605	45318.89018757302	2.0699304358295456e8	4.746118157179353e7
0.22943999999999604	45319.676306994006	2.06993027158961e8	4.752740168112631e7
0.22975999999999602	45320.46141321615	2.069930110393435e8	4.759362184859765e7
0.230079999999996	45321.248459396775	2.0699299474499807e8	4.765984196654219e7
0.230399999999996	45322.03484345201	2.069929786575149e8	4.7726062120706126e7
0.23071999999999598	45322.817150772455	2.0699296223036307e8	4.7792282182566285e7
0.23103999999999597	45323.60724629125	2.0699294608764714e8	4.7858502305117264e7
0.23135999999999596	45324.398273186154	2.069929296771824e8	4.792472235560079e7
0.23167999999999594	45325.18357107827	2.069929133819988e8	4.799094241738198e7
0.23199999999999593	45325.97960554103	2.0699289702466652e8	4.805716246205884e7
0.23231999999999592	45326.77000413125	2.0699288074059886e8	4.812338250845185e7
0.2326399999999959	45327.564025802334	2.069928642575413e8	4.81896025004044e7
0.2329599999999959	45328.35897223227	2.069928478606141e8	4.825582250207387e7
0.23327999999999588	45329.14725480796	2.0699283159902018e8	4.8322042519201785e7
0.23359999999999587	45329.9414867732	2.069928151857442e8	4.8388262494544454e7
0.23391999999999585	45330.73885420332	2.069927987351495e8	4.8454482452546746e7
0.23423999999999584	45331.52949823793	2.0699278253571388e8	4.852070245319333e7
0.23455999999999583	45332.32885230416	2.069927658248672e8	4.858692232967669e7
0.23487999999999581	45333.12814585948	2.0699274936693427e8	4.8653142254311614e7
0.2351999999999958	45333.91847903765	2.0699273306548768e8	4.87193621978546e7
0.2355199999999958	45334.71995725137	2.0699271646733838e8	4.878558206909958e7
0.23583999999999578	45335.52388599191	2.0699269995789394e8	4.885180195200155e7
0.23615999999999576	45336.32059029488	2.0699268337711796e8	4.891802180145899e7
0.23647999999999575	45337.12419547008	2.0699266695538983e8	4.8984241682675436e7
0.23679999999999574	45337.92184487971	2.0699265041760302e8	4.905046152083953e7
0.23711999999999572	45338.72530967854	2.069926338441094e8	4.911668134387858e7
0.2374399999999957	45339.53174156537	2.0699261719999033e8	4.918290114128967e7
0.2377599999999957	45340.33283217544	2.0699260077183625e8	4.9249120974808894e7
0.23807999999999568	45341.13928996878	2.0699258396561328e8	4.931534071138013e7
0.23839999999999567	45341.939802263725	2.0699256749030513e8	4.9381560511041254e7
0.23871999999999566	45342.751016858005	2.069925507920168e8	4.9447780254563466e7
0.23903999999999564	45343.55212411659	2.0699253406435323e8	4.9513999972166464e7
0.23935999999999563	45344.363425463394	2.0699251755050415e8	4.958021973748371e7
0.23967999999999562	45345.17049722853	2.069925009442967e8	4.964643946636058e7
0.2399999999999956	45345.979964944076	2.069924840821611e8	4.971265912449112e7
0.2403199999999956	45346.79153005672	2.0699246742208254e8	4.977887882146352e7
0.24063999999999558	45347.59888217226	2.0699245065656146e8	4.984509847868121e7
0.24095999999999557	45348.412008016814	2.0699243400173196e8	4.991131815570698e7
0.24127999999999555	45349.22068070043	2.06992417159653e8	4.997753777299502e7
0.24159999999999554	45350.03623670097	2.069924004908167e8	5.004375742606231e7
0.24191999999999553	45350.85154268188	2.0699238353231797e8	5.010997699767491e7
0.24223999999999551	45351.66456403082	2.069923668443546e8	5.017619662171557e7
0.2425599999999955	45352.47802517698	2.0699235006568035e8	5.024241621288589e7
0.2428799999999955	45353.2922727097	2.069923332125016e8	5.0308635775296964e7
0.24319999999999548	45354.110513774955	2.069923164863817e8	5.037485536032391e7
0.24351999999999546	45354.92632604624	2.0699229945319948e8	5.044107485750933e7
0.24383999999999545	45355.743160242884	2.069922826457012e8	5.050729439907489e7
0.24415999999999544	45356.56853818528	2.0699226567728e8	5.057351389652764e7
0.24447999999999542	45357.38321609684	2.0699224876150563e8	5.063973338737938e7
0.2447999999999954	45358.20052731729	2.0699223190831125e8	5.070595288419188e7
0.2451199999999954	45359.02717836967	2.069922149567597e8	5.077217235263639e7
0.24543999999999538	45359.84474347343	2.0699219785953262e8	5.083839176709237e7
0.24575999999999537	45360.67343600066	2.0699218083977577e8	5.0904611197514705e7
0.24607999999999536	45361.496242958296	2.0699216389809075e8	5.09708306312887e7
0.24639999999999534	45362.31712407415	2.0699214691747075e8	5.103705004264853e7
0.24671999999999533	45363.13650227123	2.0699213007655716e8	5.110326947595165e7
0.24703999999999532	45363.96866064697	2.0699211298243475e8	5.116948884502243e7
0.2473599999999953	45364.79511257753	2.0699209581284845e8	5.123570817965875e7
0.2476799999999953	45365.620837537936	2.0699207889075565e8	5.130192756352989e7
0.24799999999999528	45366.45312673397	2.069920615299265e8	5.13681468321721e7
0.24831999999999527	45367.27614324484	2.0699204450708082e8	5.143436616612869e7
0.24863999999999525	45368.107063860894	2.069920275183038e8	5.150058550307358e7
0.24895999999999524	45368.937010181064	2.0699201031630778e8	5.156680477479912e7
0.24927999999999523	45369.770302736884	2.069919932280702e8	5.163302406585402e7
0.24959999999999521	45370.59693698442	2.069919760741254e8	5.169924332404222e7
0.2499199999999952	45371.43092475963	2.069919588105228e8	5.176546254883291e7
0.2502399999999952	45372.26221826158	2.0699194185066774e8	5.183168183603086e7
0.2505599999999952	45373.10176440042	2.069919244579956e8	5.1897901009580694e7
0.25087999999999516	45373.93402124836	2.069919073709957e8	5.19641202426884e7
0.25119999999999515	45374.767418506686	2.0699188996707645e8	5.2030339385571584e7
0.25151999999999514	45375.598819698105	2.0699187287603045e8	5.209655859398274e7
0.2518399999999951	45376.446595894384	2.0699185546303487e8	5.216277772209488e7
0.2521599999999951	45377.278085767204	2.069918381994096e8	5.2228996864005774e7
0.2524799999999951	45378.117246893766	2.069918209956719e8	5.229521601519062e7
0.2527999999999951	45378.961568204824	2.069918035919036e8	5.236143510811598e7
0.25311999999999507	45379.80334314165	2.069917861996617e8	5.242765419037828e7
0.25343999999999506	45380.64080398972	2.0699176895985696e8	5.2493873296383746e7
0.25375999999999505	45381.48674149478	2.069917514242299e8	5.256009232207753e7
0.25407999999999503	45382.320170577696	2.0699173428169137e8	5.262631142655276e7
0.254399999999995	45383.16902712885	2.0699171673911777e8	5.2692530429257154e7
0.254719999999995	45384.013707218815	2.0699169938928476e8	5.275874946617329e7
0.255039999999995	45384.86035578505	2.0699168185477784e8	5.282496844581215e7
0.255359999999995	45385.702498186954	2.069916644994301e8	5.289118745608168e7
0.25567999999999497	45386.54942967141	2.06991647177301e8	5.2957406466762766e7
0.25599999999999495	45387.3976577463	2.0699162956914973e8	5.302362539355865e7
0.25631999999999494	45388.246922019716	2.0699161202739552e8	5.3089844326331936e7
0.2566399999999949	45389.097191798624	2.0699159451577446e8	5.3156063255815804e7
0.2569599999999949	45389.94403755824	2.0699157712186283e8	5.3222282201250486e7
0.2572799999999949	45390.80298541382	2.0699155929733965e8	5.328850103321181e7
0.2575999999999949	45391.65079810706	2.0699154190380186e8	5.335471995597082e7
0.2579199999999949	45392.4984186029	2.0699152443321767e8	5.342093884704092e7
0.25823999999999486	45393.34574770404	2.0699150683337212e8	5.348715769279077e7
0.25855999999999485	45394.21019722502	2.0699148902426377e8	5.35533764853212e7
0.25887999999999484	45395.058574860304	2.0699147160754412e8	5.361959535557095e7
0.2591999999999948	45395.91514559868	2.0699145387299865e8	5.3685814137820035e7
0.2595199999999948	45396.77309806508	2.0699143616918066e8	5.375203291716835e7
0.2598399999999948	45397.62522406055	2.0699141864567143e8	5.3818251727176026e7
0.2601599999999948	45398.48637878503	2.0699140086026752e8	5.38844704639686e7
0.26047999999999477	45399.346838982536	2.069913830866361e8	5.3950689191380255e7
0.26079999999999476	45400.20779658059	2.069913652727665e8	5.4016907896739654e7
0.26111999999999475	45401.06477920022	2.0699134775583613e8	5.4083126664746895e7
0.26143999999999473	45401.928897592225	2.0699132979451266e8	5.4149345310082905e7
0.2617599999999947	45402.78784485115	2.069913121570049e8	5.42155640243151e7
0.2620799999999947	45403.649004050756	2.0699129428711975e8	5.428178266744032e7
0.2623999999999947	45404.516862600256	2.0699127643648827e8	5.434800130857127e7
0.2627199999999947	45405.37594369952	2.0699125878104135e8	5.441421998252985e7
0.26303999999999467	45406.24982663832	2.0699124070718557e8	5.448043854548923e7
0.26335999999999465	45407.11126574437	2.0699122288475296e8	5.454665715337023e7
0.26367999999999464	45407.98436796043	2.0699120496065307e8	5.461287573107371e7
0.26399999999999463	45408.84705117679	2.0699118711004516e8	5.467909430848048e7
0.2643199999999946	45409.711146852824	2.0699116937786698e8	5.47453129062532e7
0.2646399999999946	45410.5795895541	2.069911513763589e8	5.481153142404547e7
0.2649599999999946	45411.453626333736	2.0699113353241715e8	5.487774997562163e7
0.2652799999999946	45412.32847388362	2.0699111530606255e8	5.494396841436748e7
0.26559999999999456	45413.19788640821	2.0699109746205086e8	5.5010186938447356e7
0.26591999999999455	45414.071353072024	2.0699107936892503e8	5.507640538728228e7
0.26623999999999454	45414.93782859131	2.069910614659695e8	5.51426238694797e7
0.2665599999999945	45415.81809792271	2.0699104340155014e8	5.520884230674181e7
0.2668799999999945	45416.68874014213	2.0699102540236017e8	5.5275060742229916e7
0.2671999999999945	45417.56781378318	2.0699100718174344e8	5.534127911265465e7
0.2675199999999945	45418.44794434751	2.0699098908047011e8	5.54074975035565e7
0.26783999999999447	45419.32086036512	2.0699097107310256e8	5.547371590217977e7
0.26815999999999446	45420.20229676808	2.0699095285556117e8	5.5539934238595e7
0.26847999999999445	45421.07901408405	2.069909349222828e8	5.560615263565371e7
0.26879999999999443	45421.96013396371	2.0699091655524582e8	5.567237090729888e7
0.2691199999999944	45422.84305013529	2.0699089847684386e8	5.573858924561555e7
0.2694399999999944	45423.72116180563	2.0699088029929408e8	5.580480754157261e7
0.2697599999999944	45424.60434002727	2.069908621653851e8	5.587102584080638e7
0.2700799999999944	45425.49124734022	2.069908438711649e8	5.593724408729431e7
0.27039999999999437	45426.37415769004	2.0699082564253238e8	5.600346233632504e7
0.27071999999999435	45427.25669359045	2.0699080761615467e8	5.606968062760573e7
0.27103999999999434	45428.14000372273	2.0699078925900555e8	5.613589881769681e7
0.27135999999999433	45429.031460191334	2.069907709144861e8	5.620211700483693e7
0.2716799999999943	45429.92086562422	2.0699075250518176e8	5.6268335160571456e7
0.2719999999999943	45430.80986394295	2.069907341519373e8	5.633455331890672e7
0.2723199999999943	45431.698093436775	2.0699071589446318e8	5.640077149044766e7
0.2726399999999943	45432.58820621152	2.0699069757411176e8	5.646698963396231e7
0.27295999999999426	45433.478176469616	2.0699067919547367e8	5.653320774916873e7
0.27327999999999425	45434.36987425871	2.0699066072410527e8	5.659942582795732e7
0.27359999999999424	45435.26260291958	2.0699064241209587e8	5.6665643938703e7
0.2739199999999942	45436.154848382226	2.0699062393225443e8	5.673186199083425e7
0.2742399999999942	45437.05258508598	2.0699060548958656e8	5.6798080044747174e7
0.2745599999999942	45437.94414283724	2.0699058698172572e8	5.6864298063900396e7
0.2748799999999942	45438.84337891778	2.0699056849607277e8	5.69305160823102e7
0.27519999999999417	45439.73549164401	2.0699055009620574e8	5.699673410675896e7
0.27551999999999416	45440.63975026203	2.0699053144179738e8	5.706295205752908e7
0.27583999999999415	45441.536359825586	2.069905129292678e8	5.712917002937835e7
0.27615999999999413	45442.44014716461	2.0699049445325282e8	5.7195388004085205e7
0.2764799999999941	45443.33660760836	2.0699047571462214e8	5.726160588847985e7
0.2767999999999941	45444.23611231224	2.069904573821689e8	5.732782387493955e7
0.2771199999999941	45445.144732817644	2.069904385600653e8	5.739404171998853e7
0.2774399999999941	45446.044455445284	2.06990419956442e8	5.746025960659577e7
0.27775999999999407	45446.946918785725	2.069904013970142e8	5.752647749497606e7
0.27807999999999405	45447.857994148326	2.0699038266703996e8	5.759269532969238e7
0.27839999999999404	45448.75651886227	2.0699036410080326e8	5.7658913188366406e7
0.27871999999999403	45449.670264352455	2.0699034527999946e8	5.772513097460849e7
0.279039999999994	45450.574410814406	2.069903266473982e8	5.779134879381598e7
0.279359999999994	45451.48104940903	2.0699030783553734e8	5.785756655223792e7
0.279679999999994	45452.39070098993	2.069902891484838e8	5.7923784335116446e7
0.279999999999994	45453.306115068684	2.0699027036953926e8	5.7990002083872594e7
0.28031999999999396	45454.21422600444	2.069902515038086e8	5.8056219790440544e7
0.28063999999999395	45455.13185517439	2.069902324923094e8	5.812243745029179e7
0.28095999999999394	45456.04212511745	2.0699021378624138e8	5.818865517791077e7
0.2812799999999939	45456.956830996474	2.0699019497546116e8	5.825487286671003e7
0.2815999999999939	45457.86693600692	2.0699017622745097e8	5.832109055725576e7
0.2819199999999939	45458.785605294506	2.0699015726836005e8	5.838730818186225e7
0.2822399999999939	45459.697365129796	2.0699013848981944e8	5.845352583974617e7
0.28255999999999387	45460.618676036676	2.06990119562208e8	5.8519743449759156e7
0.28287999999999386	45461.537453911755	2.0699010048188373e8	5.8585961002052955e7
0.28319999999999385	45462.45677562249	2.0699008151818335e8	5.8652178574965015e7
0.28351999999999383	45463.375683477476	2.0699006258876655e8	5.8718396144575514e7
0.2838399999999938	45464.29699882614	2.0699004349504492e8	5.878461365657095e7
0.2841599999999938	45465.221101862895	2.0699002458073866e8	5.8850831208734974e7
0.2844799999999938	45466.14395903846	2.0699000552336535e8	5.891704870661126e7
0.2847999999999938	45467.06751850457	2.069899863714725e8	5.8983266165283315e7
0.28511999999999377	45467.98718834633	2.0698996737330118e8	5.904948365215555e7
0.28543999999999375	45468.919112273165	2.0698994830100393e8	5.911570111387814e7
0.28575999999999374	45469.84033941076	2.0698992926227582e8	5.918191856475066e7
0.28607999999999373	45470.76969319756	2.0698991001492774e8	5.9248135948968604e7
0.2863999999999937	45471.69843454057	2.0698989089286712e8	5.9314353355718724e7
0.2867199999999937	45472.62516491986	2.069898718829114e8	5.9380570780344695e7
0.2870399999999937	45473.56243853875	2.0698985236375147e8	5.94467880535661e7
0.2873599999999937	45474.48974582834	2.0698983330646944e8	5.951300543931822e7
0.28767999999999366	45475.419353444064	2.0698981397897914e8	5.957922273618525e7
0.28799999999999365	45476.35210435859	2.0698979489714372e8	5.964544009307438e7
0.28831999999999364	45477.28865997771	2.0698977564587662e8	5.971165739101136e7
0.2886399999999936	45478.22107813406	2.0698975629410687e8	5.9777874644075826e7
0.2889599999999936	45479.15288375327	2.069897372156326e8	5.984409196269433e7
0.2892799999999936	45480.089811775324	2.0698971781332657e8	5.9910309178468816e7
0.2895999999999936	45481.0309826238	2.069896984620628e8	5.997652639902212e7
0.28991999999999357	45481.9691660851	2.0698967899126893e8	6.004274356981281e7
0.29023999999999356	45482.908860586285	2.0698965964239866e8	6.010896076400135e7
0.29055999999999355	45483.84765699083	2.069896402749623e8	6.017517793917349e7
0.29087999999999353	45484.788690667	2.069896208361687e8	6.024139508217974e7
0.2911999999999935	45485.73170980604	2.069896014731032e8	6.030761223560222e7
0.2915199999999935	45486.67454891351	2.0698958200592518e8	6.037382934555038e7
0.2918399999999935	45487.61728550737	2.0698956245101967e8	6.0440046416761145e7
0.2921599999999935	45488.56848948833	2.0698954283150446e8	6.050626346197059e7
0.29247999999999347	45489.505816132834	2.069895234717152e8	6.057248056016094e7
0.29279999999999345	45490.455134943135	2.0698950405191082e8	6.063869763626957e7
0.29311999999999344	45491.40220165671	2.0698948452210617e8	6.070491466550671e7
0.29343999999999343	45492.34894437694	2.0698946496752203e8	6.077113167413844e7
0.2937599999999934	45493.29807288759	2.0698944521125284e8	6.0837348612087265e7
0.2940799999999934	45494.24854635452	2.0698942575112492e8	6.0903565624823295e7
0.2943999999999934	45495.20207239624	2.0698940604059905e8	6.0969782552933276e7
0.2947199999999934	45496.151481689805	2.069893864550074e8	6.103599950173542e7
0.29503999999999336	45497.10675145769	2.0698936667677504e8	6.1102216384689845e7
0.29535999999999335	45498.06103877935	2.069893471099314e8	6.116843331611833e7
0.29567999999999334	45499.01967540035	2.0698932736297676e8	6.1234650184221365e7
0.2959999999999933	45499.97209733623	2.069893076038504e8	6.130086703109486e7
0.2963199999999933	45500.93213981521	2.0698928780384895e8	6.136708385796329e7
0.2966399999999933	45501.88982602711	2.0698926804711437e8	6.143330068272265e7
0.2969599999999933	45502.849351638535	2.0698924829656658e8	6.149951749735519e7
0.29727999999999327	45503.807041615815	2.0698922858510026e8	6.15657343090615e7
0.29759999999999326	45504.76905209756	2.0698920866700846e8	6.163195104908252e7
0.29791999999999325	45505.73220342667	2.0698918884110346e8	6.1698167804005526e7
0.29823999999999323	45506.693308454815	2.069891688701179e8	6.176438450091871e7
0.2985599999999932	45507.65492038417	2.06989149048441e8	6.183060122936849e7
0.2988799999999932	45508.623701704004	2.0698912908158523e8	6.1896817906152524e7
0.2991999999999932	45509.58663010411	2.0698910935118622e8	6.196303463618388e7
0.2995199999999932	45510.54962978714	2.0698908938718253e8	6.2029251283052176e7
0.29983999999999317	45511.52180785841	2.0698906932165748e8	6.209546789251336e7
0.30015999999999315	45512.49077511213	2.0698904931023568e8	6.216168450250298e7
0.30047999999999314	45513.46295405686	2.0698902920403418e8	6.222790107283239e7
0.30079999999999313	45514.43318976565	2.0698900927114338e8	6.229411768044479e7
0.3011199999999931	45515.4027717727	2.0698898923592013e8	6.236033424340799e7
0.3014399999999931	45516.37407418279	2.0698896918129754e8	6.242655078828216e7
0.3017599999999931	45517.34768141643	2.069889490077859e8	6.249276728543311e7
0.3020799999999931	45518.32258777686	2.069889289979397e8	6.255898381939665e7
0.30239999999999306	45519.29608648641	2.0698890884152073e8	6.2625200294624366e7
0.30271999999999305	45520.27291657795	2.0698888871806657e8	6.2691416768630944e7
0.30303999999999304	45521.24793210672	2.0698886859675366e8	6.275763322851755e7
0.303359999999993	45522.227437798436	2.0698884832650852e8	6.2823849632850446e7
0.303679999999993	45523.208257026876	2.0698882809371203e8	6.289006603587056e7
0.303999999999993	45524.18874617195	2.0698880791607606e8	6.295628244185301e7
0.304319999999993	45525.16697794892	2.069887877329213e8	6.3022498831044376e7
0.30463999999999297	45526.15103822969	2.069887674458687e8	6.308871517909393e7
0.30495999999999296	45527.135645945804	2.069887469787373e8	6.315493145899362e7
0.30527999999999295	45528.117847832174	2.0698872676862842e8	6.322114780195667e7
0.30559999999999293	45529.10411044943	2.06988706447786e8	6.328736410033623e7
0.3059199999999929	45530.08690304241	2.069886861509994e8	6.335358039002993e7
0.3062399999999929	45531.07779468918	2.06988665657849e8	6.341979661158906e7
0.3065599999999929	45532.06814545619	2.069886452055041e8	6.348601283153265e7
0.3068799999999929	45533.05461205498	2.0698862491067988e8	6.3552229083400674e7
0.30719999999999287	45534.04346329436	2.0698860437755388e8	6.361844525009445e7
0.30751999999999285	45535.03840553445	2.069885839998856e8	6.3684661455038406e7
0.30783999999999284	45536.03030006607	2.0698856343731815e8	6.375087758727503e7
0.30815999999999283	45537.01938971066	2.0698854300424722e8	6.3817093743681915e7
0.3084799999999928	45538.0177710637	2.0698852243869737e8	6.388330985193692e7
0.3087999999999928	45539.01048525062	2.069885019821422e8	6.394952597613143e7
0.3091199999999928	45540.00623711404	2.0698848144004038e8	6.401574206225289e7
0.3094399999999928	45541.002926632005	2.0698846080942503e8	6.4081958107848e7
0.30975999999999276	45542.002159794974	2.0698844024119338e8	6.4148174160681345e7
0.31007999999999275	45542.999096267966	2.069884194948805e8	6.4214390142907545e7
0.31039999999999274	45544.002050245275	2.0698839885247976e8	6.4280606147622064e7
0.3107199999999927	45545.00321402657	2.0698837825805545e8	6.4346822152156845e7
0.3110399999999927	45545.999853095134	2.0698835762880176e8	6.441303812891978e7
0.3113599999999927	45547.00721496993	2.0698833685293975e8	6.4479254053578325e7
0.3116799999999927	45548.01032046655	2.0698831617958575e8	6.4545469993315555e7
0.31199999999999267	45549.01849212253	2.069882952712191e8	6.461168584934142e7
0.31231999999999266	45550.02245872108	2.069882745886559e8	6.46779017589719e7
0.31263999999999265	45551.03500633196	2.0698825374549866e8	6.4744117610413134e7
0.31295999999999263	45552.036550349825	2.0698823296339172e8	6.48103334594131e7
0.3132799999999926	45553.050716190424	2.0698821206807443e8	6.487654926767266e7
0.3135999999999926	45554.05579034396	2.069881912733855e8	6.494276508722665e7
0.3139199999999926	45555.069205390355	2.0698817026999283e8	6.5008980833035044e7
0.3142399999999926	45556.08084523289	2.0698814952803227e8	6.507519664568775e7
0.31455999999999257	45557.09328571215	2.069881285348042e8	6.514141236592823e7
0.31487999999999255	45558.11532006617	2.0698810756707123e8	6.520762808668593e7
0.31519999999999254	45559.1286077417	2.0698808658255792e8	6.52738437820913e7
0.31551999999999253	45560.143204099455	2.0698806552930394e8	6.534005944262478e7
0.3158399999999925	45561.162183468856	2.069880445428158e8	6.540627511312084e7
0.3161599999999925	45562.179727735886	2.069880235455995e8	6.5472490765160196e7
0.3164799999999925	45563.19722721659	2.0698800248657656e8	6.553870638351894e7
0.3167999999999925	45564.22228386542	2.0698798134025192e8	6.560492196525459e7
0.31711999999999246	45565.24101151056	2.0698796028480643e8	6.56711375572982e7
0.31743999999999245	45566.26332060098	2.069879391633029e8	6.573735311668942e7
0.31775999999999244	45567.29063388283	2.0698791793656373e8	6.580356863188299e7
0.3180799999999924	45568.316006293346	2.0698789670353466e8	6.586978412950975e7
0.3183999999999924	45569.34258324542	2.0698787560028085e8	6.593599965503259e7
0.3187199999999924	45570.36929331998	2.069878543667426e8	6.600221512495878e7
0.3190399999999924	45571.39916471495	2.069878330414946e8	6.6068430553532064e7
0.31935999999999237	45572.42246067674	2.06987811955147e8	6.613464603961781e7
0.31967999999999236	45573.45399589024	2.069877906522363e8	6.620086144792781e7
0.31999999999999235	45574.49003947962	2.069877692272771e8	6.6267076805953935e7
0.32031999999999233	45575.51849002352	2.0698774799799973e8	6.6333292207124986e7
0.3206399999999923	45576.5534333608	2.0698772660834074e8	6.639950754703727e7
0.3209599999999923	45577.58414131525	2.069877053122527e8	6.646572289975435e7
0.3212799999999923	45578.62316791599	2.0698768389891562e8	6.653193820615855e7
0.3215999999999923	45579.65915529077	2.0698766245984384e8	6.659815348785514e7
0.32191999999999227	45580.69501556252	2.0698764114259282e8	6.666436879429804e7
0.32223999999999225	45581.73456440926	2.069876196577027e8	6.6730584034914896e7
0.32255999999999224	45582.77357177477	2.0698759804036325e8	6.679679921802643e7
0.32287999999999223	45583.81515362354	2.069875766127154e8	6.6863014449628755e7
0.3231999999999922	45584.85637649847	2.0698755504391366e8	6.69292296209869e7
0.3235199999999922	45585.90323824037	2.0698753350921652e8	6.6995444792722724e7
0.3238399999999922	45586.948600491654	2.0698751191645578e8	6.706165993018913e7
0.3241599999999922	45587.98738202508	2.0698749026600358e8	6.712787503001837e7
0.32447999999999216	45589.0396316276	2.0698746862677142e8	6.719409012806512e7
0.32479999999999215	45590.08734403176	2.069874470111431e8	6.726030521619233e7
0.32511999999999214	45591.13266784382	2.0698742536672387e8	6.732652027884251e7
0.3254399999999921	45592.181412421865	2.0698740372713548e8	6.73927353308509e7
0.3257599999999921	45593.23257010276	2.0698738210327968e8	6.745895037509082e7
0.3260799999999921	45594.28396458217	2.0698736026414937e8	6.75251653347816e7
0.3263999999999921	45595.34204501021	2.069873384805566e8	6.759138030245356e7
0.3267199999999921	45596.3923882842	2.069873167973109e8	6.765759528308296e7
0.32703999999999206	45597.44739507778	2.0698729491219044e8	6.77238101862801e7
0.32735999999999205	45598.505471492485	2.0698727312355804e8	6.779002510844666e7
0.32767999999999203	45599.560870785754	2.0698725130801973e8	6.78562400053749e7
0.327999999999992	45600.618404072724	2.0698722938799307e8	6.792245485482761e7
0.328319999999992	45601.68003608779	2.0698720740276822e8	6.798866967092185e7
0.328639999999992	45602.73769993456	2.069871855568216e8	6.805488451537442e7
0.328959999999992	45603.79921770092	2.0698716369576043e8	6.812109934278274e7
0.32927999999999197	45604.859851799425	2.0698714164059943e8	6.818731409101471e7
0.32959999999999195	45605.9249486683	2.0698711977951977e8	6.825352889141364e7
0.32991999999999194	45606.993079795546	2.0698709755540782e8	6.83197435594014e7
0.33023999999999193	45608.05908349075	2.0698707564691803e8	6.838595831528829e7
0.3305599999999919	45609.12371123524	2.0698705360464948e8	6.845217301132852e7
0.3308799999999919	45610.19079669604	2.0698703152376038e8	6.851838768144605e7
0.3311999999999919	45611.26442860622	2.0698700946430486e8	6.858460234822594e7
0.3315199999999919	45612.33286096702	2.0698698730503938e8	6.865081696363588e7
0.33183999999999186	45613.407143948905	2.0698696505765906e8	6.87170315388492e7
0.33215999999999185	45614.47676003819	2.069869429246234e8	6.878324613400064e7
0.33247999999999184	45615.55232115581	2.0698692073056152e8	6.884946069798082e7
0.3327999999999918	45616.6255101808	2.069868985452456e8	6.891567524839643e7
0.3331199999999918	45617.70424336962	2.0698687634052634e8	6.898188978116025e7
0.3334399999999918	45618.778659521784	2.0698685402779844e8	6.90481042601307e7
0.3337599999999918	45619.861731241464	2.0698683156495163e8	6.911431867979638e7
0.3340799999999918	45620.93716479583	2.0698680935924205e8	6.918053316521066e7
0.33439999999999176	45622.02005587701	2.069867869047721e8	6.924674755750327e7
0.33471999999999175	45623.10193806693	2.0698676463648087e8	6.931296199637853e7
0.33503999999999173	45624.1799237432	2.0698674225530884e8	6.937917637989905e7
0.3353599999999917	45625.26541727575	2.069867198300297e8	6.944539073860398e7
0.3356799999999917	45626.35339203481	2.0698669741306117e8	6.951160508670005e7
0.3359999999999917	45627.43715329056	2.0698667501733682e8	6.957781942409323e7
0.3363199999999917	45628.52685165564	2.069866524466352e8	6.964403369155152e7
0.33663999999999167	45629.614896159015	2.0698662994276935e8	6.971024796526965e7
0.33695999999999166	45630.704310505105	2.0698660737967068e8	6.977646220483814e7
0.33727999999999164	45631.79528679438	2.0698658485280737e8	6.984267644252561e7
0.33759999999999163	45632.88724153139	2.0698656220661682e8	6.99088906254609e7
0.3379199999999916	45633.97868803459	2.069865397886654e8	6.997510486999385e7
0.3382399999999916	45635.074262987895	2.0698651698385808e8	7.00413189713627e7
0.3385599999999916	45636.16932354883	2.0698649444449413e8	7.010753314696357e7
0.3388799999999916	45637.26862975872	2.0698647173534986e8	7.017374725271012e7
0.33919999999999156	45638.366441262	2.069864488950064e8	7.02399612977288e7
0.33951999999999155	45639.46490886634	2.0698642626136836e8	7.030617539804104e7
0.33983999999999154	45640.56601241425	2.0698640350429562e8	7.037238944295684e7
0.3401599999999915	45641.66744704435	2.0698638066833588e8	7.043860344598764e7
0.3404799999999915	45642.76882984165	2.0698635786112535e8	7.050481744345286e7
0.3407999999999915	45643.87378434469	2.0698633498939312e8	7.057103140598205e7
0.3411199999999915	45644.977480807065	2.0698631212025213e8	7.063724535322121e7
0.3414399999999915	45646.084312484636	2.0698628926298636e8	7.070345929123712e7
0.34175999999999146	45647.18809149229	2.0698626635763645e8	7.07696731954734e7
0.34207999999999145	45648.29895378474	2.069862434933975e8	7.083588710306732e7
0.34239999999999143	45649.403669464606	2.0698622056564194e8	7.090210096952707e7
0.3427199999999914	45650.51968155991	2.0698619750859544e8	7.096831478372034e7
0.3430399999999914	45651.63160810128	2.0698617443141335e8	7.103452857285151e7
0.3433599999999914	45652.74608982184	2.069861514042288e8	7.110074236534664e7
0.3436799999999914	45653.857859415744	2.0698612844573033e8	7.11669561642171e7
0.34399999999999137	45654.97517556184	2.0698610534270063e8	7.12331699016024e7
0.34431999999999136	45656.09110604583	2.0698608218359149e8	7.129938360326885e7
0.34463999999999134	45657.20833719359	2.0698605912397557e8	7.1365597324541e7
0.34495999999999133	45658.33000870467	2.0698603581241053e8	7.143181094633624e7
0.3452799999999913	45659.44818851968	2.0698601283227414e8	7.14980246646438e7
0.3455999999999913	45660.56885432018	2.0698598958072162e8	7.156423827535386e7
0.3459199999999913	45661.6907057099	2.0698596629116172e8	7.163045185809365e7
0.3462399999999913	45662.81301158599	2.069859430336138e8	7.169666543659109e7
0.34655999999999126	45663.94321387484	2.0698591978140032e8	7.176287900649396e7
0.34687999999999125	45665.066503394846	2.0698589647391003e8	7.18290925371028e7
0.34719999999999124	45666.19736234459	2.069858730794963e8	7.189530602683744e7
0.3475199999999912	45667.32344271621	2.069858496910445e8	7.196151949982987e7
0.3478399999999912	45668.45605283023	2.069858262998878e8	7.202773296045056e7
0.3481599999999912	45669.587345708576	2.069858028715079e8	7.209394639155781e7
0.3484799999999912	45670.716907049595	2.0698577947081876e8	7.216015981546839e7
0.3487999999999912	45671.85104300358	2.0698575605191198e8	7.222637322030428e7
0.34911999999999116	45672.9865687825	2.0698573256025884e8	7.229258658493362e7
0.34943999999999115	45674.12243411221	2.069857090266667e8	7.235879991936731e7
0.34975999999999113	45675.261368207684	2.06985685482693e8	7.242501323637693e7
0.3500799999999911	45676.400847535406	2.0698566184134385e8	7.249122650385465e7
0.3503999999999911	45677.540229608334	2.069856382667479e8	7.255743977879977e7
0.3507199999999911	45678.67831878413	2.0698561462775955e8	7.26236530145048e7
0.3510399999999911	45679.82130844193	2.069855910265239e8	7.268986625078543e7
0.35135999999999107	45680.96715081947	2.0698556742503724e8	7.275607947299194e7
0.35167999999999106	45682.10966375784	2.0698554365472788e8	7.282229261783007e7
0.35199999999999104	45683.2567661962	2.0698551989036041e8	7.288850575178951e7
0.35231999999999103	45684.40325497402	2.06985496185812e8	7.29547188904836e7
0.352639999999991	45685.54915362701	2.069854724490487e8	7.302093200153075e7
0.352959999999991	45686.70256572649	2.0698544855035567e8	7.30871450443598e7
0.353279999999991	45687.84922163226	2.0698542484905675e8	7.315335813652152e7
0.353599999999991	45689.002023482986	2.0698540083315268e8	7.32195711055089e7
0.35391999999999096	45690.15650811644	2.069853770647815e8	7.328578414708236e7
0.35423999999999095	45691.31242364701	2.069853530879212e8	7.335199709977402e7
0.35455999999999094	45692.472567201585	2.0698532908140492e8	7.341821002859484e7
0.3548799999999909	45693.62524887042	2.069853051949334e8	7.348442297909664e7
0.3551999999999909	45694.78619353606	2.0698528116885257e8	7.355063586931214e7
0.3555199999999909	45695.945641834034	2.069852570789754e8	7.36168487197627e7
0.3558399999999909	45697.10605149742	2.0698523307145315e8	7.368306158397813e7
0.3561599999999909	45698.268261505604	2.0698520898376825e8	7.37492744046945e7
0.35647999999999086	45699.4299418012	2.069851849358054e8	7.381548722307016e7
0.35679999999999085	45700.59661785599	2.069851607855924e8	7.388169999204208e7
0.35711999999999083	45701.76168201115	2.0698513666587797e8	7.394791275466658e7
0.3574399999999908	45702.9301463898	2.069851125367501e8	7.401412549992894e7
0.3577599999999908	45704.0975958671	2.0698508826741865e8	7.408033817818977e7
0.3580799999999908	45705.266874620844	2.069850640012664e8	7.414655084248371e7
0.3583999999999908	45706.44127103518	2.069850396440948e8	7.421276346116115e7
0.35871999999999077	45707.61074068005	2.069850154417981e8	7.427897611589567e7
0.35903999999999076	45708.78520239073	2.069849911040432e8	7.434518870895708e7
0.35935999999999074	45709.96220411647	2.0698496674296042e8	7.441140127893478e7
0.35967999999999073	45711.13618732359	2.069849423792929e8	7.447761382970563e7
0.3599999999999907	45712.31830862271	2.06984917900695e8	7.45438263279658e7
0.3603199999999907	45713.49408965245	2.0698489351342922e8	7.461003883865616e7
0.3606399999999907	45714.67539293792	2.069848690848478e8	7.467625132161681e7
0.3609599999999907	45715.85476332769	2.0698484458791894e8	7.474246376228124e7
0.36127999999999066	45717.03875714276	2.0698482004877263e8	7.48086761742136e7
0.36159999999999065	45718.22279512706	2.069847955579979e8	7.487488858720252e7
0.36191999999999064	45719.40638063745	2.0698477106104362e8	7.494110098123433e7
0.3622399999999906	45720.5976313738	2.069847463063167e8	7.50073132703436e7
0.3625599999999906	45721.78273269438	2.0698472178696817e8	7.507352562426636e7
0.3628799999999906	45722.97000679628	2.069846971392155e8	7.51397379165273e7
0.3631999999999906	45724.16352320154	2.0698467246264848e8	7.520595018576357e7
0.3635199999999906	45725.35717927112	2.069846477269998e8	7.527216241705447e7
0.36383999999999056	45726.547215522914	2.069846230464425e8	7.533837464949232e7
0.36415999999999055	45727.742557957135	2.0698459818933976e8	7.540458680445606e7
0.36447999999999053	45728.94014360951	2.0698457334934968e8	7.547079895040908e7
0.3647999999999905	45730.137233974005	2.069845485276226e8	7.553701108604579e7
0.3651199999999905	45731.33316073307	2.0698452381332275e8	7.560322324351552e7
0.3654399999999905	45732.534493919164	2.06984498834694e8	7.566943529123707e7
0.3657599999999905	45733.73613801042	2.069844738855627e8	7.57356473331896e7
0.36607999999999047	45734.936879103465	2.0698444905382118e8	7.580185940080729e7
0.36639999999999046	45736.1419608387	2.0698442413520366e8	7.586807142268303e7
0.36671999999999044	45737.34781290169	2.0698439903105754e8	7.59342833602904e7
0.36703999999999043	45738.554123723545	2.0698437401058543e8	7.600049531206144e7
0.3673599999999904	45739.76225176762	2.0698434904256633e8	7.606670726746614e7
0.3676799999999904	45740.968664431675	2.069843239814922e8	7.613291917081895e7
0.3679999999999904	45742.17933126601	2.0698429888502386e8	7.619913104702415e7
0.3683199999999904	45743.391123774236	2.069842736660375e8	7.6265342861978e7
0.36863999999999036	45744.605507315704	2.0698424849514195e8	7.633155467938022e7
0.36895999999999035	45745.820846904164	2.0698422335395977e8	7.639776649146223e7
0.36927999999999034	45747.0381480861	2.0698419802672112e8	7.646397821920633e7
0.3695999999999903	45748.25402041394	2.0698417286518824e8	7.653018999030605e7
0.3699199999999903	45749.47335514786	2.0698414758483735e8	7.659640170275263e7
0.3702399999999903	45750.69110602583	2.0698412230782655e8	7.666261339847863e7
0.3705599999999903	45751.91365724927	2.0698409700091845e8	7.672882506919076e7
0.3708799999999903	45753.13397316222	2.069840716553546e8	7.67950367071811e7
0.37119999999999026	45754.35749425179	2.0698404627812725e8	7.686124831843121e7
0.37151999999999025	45755.584930302924	2.0698402074131948e8	7.692745985583e7
0.37183999999999023	45756.80962895158	2.069839954391444e8	7.699367146162595e7
0.3721599999999902	45758.04174744104	2.0698396984872043e8	7.705988294782849e7
0.3724799999999902	45759.27150975541	2.0698394428312203e8	7.712609442463307e7
0.3727999999999902	45760.49830349864	2.069839187999038e8	7.719230591313806e7
0.3731199999999902	45761.73134193947	2.069838931848637e8	7.725851733927795e7
0.37343999999999017	45762.965252997965	2.06983867656595e8	7.732472878118572e7
0.37375999999999016	45764.20314863211	2.0698384197319084e8	7.739094015047757e7
0.37407999999999014	45765.43955487543	2.0698381626931727e8	7.745715149395035e7
0.37439999999999013	45766.675675066064	2.069837906219136e8	7.752336284114474e7
0.3747199999999901	45767.91572211341	2.0698376493114796e8	7.758957415734044e7
0.3750399999999901	45769.15642784781	2.0698373914181003e8	7.765578541974354e7
0.3753599999999901	45770.40084565118	2.0698371331670278e8	7.772199665373974e7
0.3756799999999901	45771.643572484325	2.0698368758213133e8	7.778820790336822e7
0.37599999999999006	45772.89018867475	2.0698366162312898e8	7.785441905377218e7
0.37631999999999005	45774.13709588537	2.0698363577116594e8	7.792063022722706e7
0.37663999999999004	45775.38413966079	2.0698360985661885e8	7.798684135985216e7
0.37695999999999	45776.633348530944	2.0698358398141715e8	7.805305249127442e7
0.37727999999999	45777.87930015653	2.0698355814916763e8	7.811926361951369e7
0.37759999999999	45779.13268104371	2.0698353198557523e8	7.818547460993183e7
0.37791999999999	45780.38683353866	2.0698350606608912e8	7.825168567553574e7
0.37823999999999	45781.64293736266	2.0698347995017013e8	7.831789665066302e7
0.37855999999998996	45782.89835939696	2.0698345388395688e8	7.83841076266651e7
0.37887999999998995	45784.15824957454	2.0698342771650445e8	7.845031854959911e7
0.37919999999998993	45785.41393932805	2.0698340165329057e8	7.851652949189922e7
0.3795199999999899	45786.67652876509	2.069833754357175e8	7.858274036241399e7
0.3798399999999899	45787.93808235997	2.069833492576472e8	7.864895122970377e7
0.3801599999999899	45789.19969321968	2.069833230490386e8	7.871516206785826e7
0.3804799999999899	45790.4686690571	2.0698329670484927e8	7.87813728414088e7
0.38079999999998987	45791.7328362425	2.069832703780512e8	7.8847583600932e7
0.38111999999998986	45792.99831446428	2.069832441043716e8	7.891379436385287e7
0.38143999999998984	45794.2669729828	2.0698321776975107e8	7.898000508787055e7
0.38175999999998983	45795.539083650285	2.0698319137994844e8	7.904621577529009e7
0.3820799999999898	45796.80983433537	2.069831649260634e8	7.911242641968103e7
0.3823999999999898	45798.086644458825	2.0698313843200558e8	7.917863703470844e7
0.3827199999999898	45799.359488756825	2.0698311192319193e8	7.924484762386712e7
0.3830399999999898	45800.633998913945	2.0698308557972074e8	7.93110582596061e7
0.38335999999998976	45801.91299962972	2.0698305895848995e8	7.937726877395667e7
0.38367999999998975	45803.191542422464	2.06983032330695e8	7.944347926765037e7
0.38399999999998974	45804.473636830415	2.0698300577771834e8	7.950968977440201e7
0.3843199999999897	45805.75287992837	2.0698297915990952e8	7.957590023666741e7
0.3846399999999897	45807.03731294868	2.06982952499762e8	7.964211066798721e7
0.3849599999999897	45808.323804068525	2.0698292574717557e8	7.970832104710303e7
0.3852799999999897	45809.61148731395	2.0698289897627172e8	7.977453140194932e7
0.3855999999999897	45810.898709156914	2.0698287221011686e8	7.984074174038585e7
0.38591999999998966	45812.18676592825	2.0698284551567954e8	7.990695208905813e7
0.38623999999998965	45813.477985961785	2.0698281861000764e8	7.997316234017587e7
0.38655999999998963	45814.77207997612	2.0698279171640885e8	8.003937257967761e7
0.3868799999999896	45816.06498355465	2.069827648682312e8	8.010558281798187e7
0.3871999999999896	45817.3605164766	2.0698273789116535e8	8.017179298998156e7
0.3875199999999896	45818.65892420718	2.0698271101571405e8	8.023800318502524e7
0.3878399999999896	45819.957318651985	2.0698268399531725e8	8.030421330581388e7
0.38815999999998957	45821.2570389391	2.0698265690093115e8	8.037042338056998e7
0.38847999999998956	45822.556024595746	2.0698262993852153e8	8.043663348797484e7
0.38879999999998954	45823.86163006199	2.0698260286616224e8	8.050284353859001e7
0.38911999999998953	45825.16330815206	2.0698257569543728e8	8.056905353036807e7
0.3894399999999895	45826.4710026982	2.069825485434341e8	8.063526351488823e7
0.3897599999999895	45827.77689501069	2.0698252137505922e8	8.070147347371332e7
0.3900799999999895	45829.0859936797	2.0698249415221846e8	8.076768339502448e7
0.3903999999999895	45830.399877662516	2.069824668380265e8	8.08338932653288e7
0.39071999999998946	45831.70970293897	2.069824396069209e8	8.090010314730176e7
0.39103999999998945	45833.02599239283	2.069824121774742e8	8.096631293738565e7
0.39135999999998944	45834.338702416506	2.069823849705288e8	8.10325227939718e7
0.3916799999999894	45835.6571216047	2.0698235759993976e8	8.109873257168242e7
0.3919999999999894	45836.97356080785	2.0698233015778822e8	8.116494230177575e7
0.3923199999999894	45838.29244943774	2.0698230263652596e8	8.123115198391534e7
0.3926399999999894	45839.61415700372	2.069822752121144e8	8.129736168733679e7
0.3929599999999894	45840.9349690473	2.069822477710215e8	8.136357136526202e7
0.39327999999998936	45842.2601481293	2.0698222017821124e8	8.14297809677618e7
0.39359999999998935	45843.58675650322	2.06982192577393e8	8.149599054946883e7
0.39391999999998933	45844.91554981501	2.069821649876664e8	8.156220011835577e7
0.3942399999999893	45846.24006874726	2.0698213743621823e8	8.162840968123652e7
0.3945599999999893	45847.57413111956	2.069821096592087e8	8.16946191424171e7
0.3948799999999893	45848.90425204831	2.0698208204624382e8	8.176082864735954e7
0.3951999999999893	45850.23631916263	2.0698205424965963e8	8.182703806238909e7
0.39551999999998927	45851.57374271404	2.069820263724017e8	8.18932474301061e7
0.39583999999998926	45852.91041453972	2.0698199862586188e8	8.1959456830415e7
0.39615999999998924	45854.24771558113	2.0698197078304407e8	8.20256661743491e7
0.39647999999998923	45855.58776245057	2.0698194294984335e8	8.209187550507805e7
0.3967999999999892	45856.92972225337	2.0698191496768963e8	8.215808475918548e7
0.3971199999999892	45858.27319943225	2.069818870380286e8	8.222429401628615e7
0.3974399999999892	45859.61760632665	2.069818590437133e8	8.229050322951604e7
0.3977599999999892	45860.962271503195	2.0698183105448434e8	8.235671242614785e7
0.39807999999998916	45862.309262481096	2.0698180300081697e8	8.242292157975425e7
0.39839999999998915	45863.65968633909	2.0698177486666736e8	8.248913068454532e7
0.39871999999998914	45865.00781071595	2.0698174684614986e8	8.255533981439106e7
0.3990399999999891	45866.361274394825	2.0698171860900727e8	8.262154884220748e7
0.3993599999999891	45867.71669802037	2.0698169035582608e8	8.268775784585795e7
0.3996799999999891	45869.069831198154	2.0698166226319355e8	8.2753966893352e7
0.3999999999999891	45870.42821491436	2.0698163394022566e8	8.282017583301696e7
0.4003199999999891	45871.78325380903	2.0698160577611676e8	8.288638481527445e7
0.40063999999998906	45873.14726375329	2.0698157737171313e8	8.29525936877449e7
0.40095999999998905	45874.50603485029	2.0698154906168127e8	8.301880257586457e7
0.40127999999998903	45875.870940615976	2.0698152064662597e8	8.308501140652536e7
0.401599999999989	45877.23950459519	2.0698149218215576e8	8.315122020047103e7
0.401919999999989	45878.6029545951	2.0698146380491605e8	8.321742900732468e7
0.402239999999989	45879.97182420931	2.069814352391606e8	8.328363772255531e7
0.402559999999989	45881.34371075177	2.0698140671038288e8	8.334984643531601e7
0.40287999999998897	45882.71228527232	2.0698137819530672e8	8.341605513248268e7
0.40319999999998896	45884.08609825464	2.0698134959774068e8	8.348226378039019e7
0.40351999999998894	45885.46278956174	2.069813208746225e8	8.35484723601701e7
0.40383999999998893	45886.8378200511	2.069812922725188e8	8.36146809685665e7
0.4041599999999889	45888.21588259361	2.0698126356114927e8	8.368088951542328e7
0.4044799999999889	45889.59651204127	2.0698123479421264e8	8.374709802207568e7
0.4047999999999889	45890.978806117346	2.0698120603994137e8	8.381330651555136e7
0.4051199999999889	45892.360036422666	2.0698117727067456e8	8.387951498303185e7
0.40543999999998886	45893.7449981526	2.0698114838106173e8	8.394572338464147e7
0.40575999999998885	45895.12945012451	2.0698111951804164e8	8.40119317773627e7
0.40607999999998884	45896.51909977017	2.069810905477105e8	8.40781401102357e7
0.4063999999999888	45897.90680163523	2.0698106171457285e8	8.414434847827755e7
0.4067199999999888	45899.297960593096	2.0698103267920232e8	8.421055674677692e7
0.4070399999999888	45900.69058359604	2.069810036194395e8	8.42767649867428e7
0.4073599999999888	45902.088191108756	2.0698097455324024e8	8.43429732075512e7
0.4076799999999888	45903.485204930665	2.0698094541180572e8	8.440918137783922e7
0.40799999999998876	45904.881204912504	2.069809163713234e8	8.447538956917092e7
0.40831999999998875	45906.279165565415	2.0698088716454604e8	8.454159767428179e7
0.40863999999998873	45907.682018002946	2.0698085804809493e8	8.460780579960935e7
0.4089599999999887	45909.08578131508	2.0698082869177362e8	8.467401380784559e7
0.4092799999999887	45910.4877768228	2.069807994982079e8	8.474022186196372e7
0.4095999999999887	45911.89259168088	2.069807702368737e8	8.480642987040725e7
0.4099199999999887	45913.30217083522	2.0698074090364307e8	8.487263783256398e7
0.41023999999998867	45914.709451692695	2.0698071157760894e8	8.493884577664217e7
0.41055999999998866	45916.125350270464	2.069806819857058e8	8.500505359697549e7
0.41087999999998864	45917.535074032465	2.0698065265968063e8	8.507126150307004e7
0.41119999999998863	45918.95285879495	2.0698062307820654e8	8.513746928919944e7
0.4115199999999886	45920.36306643414	2.0698059364971974e8	8.520367711398764e7
0.4118399999999886	45921.78357591558	2.0698056409265968e8	8.52698848721466e7
0.4121599999999886	45923.20110709616	2.0698053452785334e8	8.533609260553648e7
0.4124799999999886	45924.624606130885	2.0698050488109982e8	8.540230028880228e7
0.41279999999998856	45926.04663255052	2.0698047516648468e8	8.546850792330515e7
0.41311999999998855	45927.47380907317	2.06980445440531e8	8.553471553621885e7
0.41343999999998854	45928.89673001534	2.069804157029861e8	8.560092312190615e7
0.4137599999999885	45930.32523402679	2.0698038600477254e8	8.56671307071975e7
0.4140799999999885	45931.75334353702	2.0698035622544956e8	8.573333823875083e7
0.4143999999999885	45933.18806535491	2.0698032632887673e8	8.579954570561521e7
0.4147199999999885	45934.621524751696	2.0698029643078485e8	8.586575315105872e7
0.4150399999999885	45936.05450997486	2.0698026654917365e8	8.593196058301279e7
0.41535999999998846	45937.492102287535	2.0698023655119795e8	8.599816794928588e7
0.41567999999998845	45938.92982760954	2.069802065895975e8	8.606437531063835e7
0.41599999999998843	45940.3689498258	2.069801765117512e8	8.61305826043528e7
0.4163199999999884	45941.81161809525	2.0698014652020752e8	8.619678991589566e7
0.4166399999999884	45943.25576712565	2.0698011637528837e8	8.626299714428206e7
0.4169599999999884	45944.698468010676	2.069800863170977e8	8.632920438776945e7
0.4172799999999884	45946.14632159451	2.0698005602788633e8	8.639541151769851e7
0.41759999999998837	45947.597366882736	2.0698002584437883e8	8.646161867331667e7
0.41791999999998836	45949.0464621583	2.0697999563457394e8	8.652782579656343e7
0.41823999999998834	45950.49788574898	2.0697996535978165e8	8.659403287372269e7
0.41855999999998833	45951.95307261308	2.0697993495686126e8	8.666023987913598e7
0.4188799999999883	45953.41069368882	2.0697990455621153e8	8.672644686652578e7
0.4191999999999883	45954.86510904793	2.0697987423672527e8	8.679265386568815e7
0.4195199999999883	45956.32109386617	2.0697984375185263e8	8.685886077604337e7
0.4198399999999883	45957.78629813987	2.0697981332445824e8	8.692506769543685e7
0.42015999999998827	45959.25043414612	2.0697978273111057e8	8.699127452407272e7
0.42047999999998825	45960.71430576379	2.069797521856093e8	8.705748135215706e7
0.42079999999998824	45962.18122553067	2.0697972153000757e8	8.712368811519058e7
0.4211199999999882	45963.644432687994	2.0697969098752636e8	8.718989490315385e7
0.4214399999999882	45965.11840575407	2.069796603207215e8	8.725610162446727e7
0.4217599999999882	45966.58963953834	2.069796295508157e8	8.732230828014275e7
0.4220799999999882	45968.06292473042	2.069795988213244e8	8.738851493342762e7
0.4223999999999882	45969.538782865275	2.069795679684134e8	8.745472151545636e7
0.42271999999998816	45971.01729320999	2.0697953716971615e8	8.752092810124297e7
0.42303999999998815	45972.49324591987	2.0697950635491404e8	8.758713465808354e7
0.42335999999998813	45973.974387811744	2.0697947543711963e8	8.76533411536475e7
0.4236799999999881	45975.457355989776	2.0697944448334026e8	8.771954761428255e7
0.4239999999999881	45976.94161264037	2.0697941354962665e8	8.778575406340812e7
0.4243199999999881	45978.42509441087	2.0697938260785684e8	8.78519604879217e7
0.4246399999999881	45979.915905984744	2.0697935140193832e8	8.791816678373228e7
0.42495999999998807	45981.40613350012	2.069793203699156e8	8.798437313217987e7
0.42527999999998806	45982.89792951581	2.069792891695375e8	8.80505793891165e7
0.42559999999998804	45984.38889393197	2.0697925810383877e8	8.811678568197198e7
0.42591999999998803	45985.88630668801	2.069792268395151e8	8.818299187309472e7
0.426239999999988	45987.383222639124	2.0697919555246678e8	8.824919803327878e7
0.426559999999988	45988.88306924146	2.0697916425432256e8	8.831540416942857e7
0.426879999999988	45990.38144924543	2.0697913295878097e8	8.838161028485812e7
0.427199999999988	45991.885581294686	2.0697910158329585e8	8.844781634844247e7
0.42751999999998797	45993.39001160456	2.0697907010406387e8	8.851402234680074e7
0.42783999999998795	45994.90019410973	2.06979038686951e8	8.858022835391769e7
0.42815999999998794	45996.40259960944	2.0697900717930537e8	8.864643429675145e7
0.4284799999999879	45997.9155577611	2.0697897563187012e8	8.871264020744078e7
0.4287999999999879	45999.42518617362	2.069789440978372e8	8.877884610081643e7
0.4291199999999879	46000.93934605409	2.06978912612844e8	8.884505199667498e7
0.4294399999999879	46002.45357351064	2.0697888082399786e8	8.891125774096604e7
0.4297599999999879	46003.971756973995	2.0697884923877558e8	8.897746355370837e7
0.43007999999998786	46005.49109290834	2.0697881741547415e8	8.904366924352829e7
0.43039999999998785	46007.01265704903	2.0697878564970094e8	8.910987493803822e7
0.43071999999998783	46008.535799402205	2.0697875383641806e8	8.917608059167935e7
0.4310399999999878	46010.06197937372	2.0697872193104246e8	8.92422861860178e7
0.4313599999999878	46011.586890571314	2.069786900964093e8	8.930849178875403e7
0.4316799999999878	46013.11580206891	2.069786581761952e8	8.937469733547005e7
0.4319999999999878	46014.64652755792	2.0697862615558392e8	8.944090281843737e7
0.43231999999998777	46016.180458341885	2.0697859411661017e8	8.950710827381298e7
0.43263999999998776	46017.711207728345	2.0697856212996623e8	8.957331372853687e7
0.43295999999998774	46019.25231051957	2.0697852996502212e8	8.963951909048359e7
0.43327999999998773	46020.78965376836	2.0697849782006365e8	8.970572443738723e7
0.4335999999999877	46022.33078587305	2.0697846562803996e8	8.977192974447271e7
0.4339199999999877	46023.87188891643	2.0697843346613705e8	8.983813504302253e7
0.4342399999999877	46025.4165330416	2.0697840114214432e8	8.990434025161994e7
0.4345599999999877	46026.964704379745	2.06978368813953e8	8.997054543871132e7
0.43487999999998767	46028.507360458956	2.0697833650596693e8	9.003675060979189e7
0.43519999999998765	46030.06195392833	2.069783040796186e8	9.010295571443903e7
0.43551999999998764	46031.613596488445	2.0697827158398613e8	9.016916076549803e7
0.4358399999999876	46033.16727763237	2.0697823915800643e8	9.023536582627432e7
0.4361599999999876	46034.71922255989	2.0697820672522733e8	9.030157086135903e7
0.4364799999999876	46036.27998963947	2.069781740903931e8	9.036777579147197e7
0.4367999999999876	46037.838532240276	2.0697814156089458e8	9.043398074445754e7
0.4371199999999876	46039.39990653444	2.069781088641289e8	9.050018560410483e7
0.43743999999998756	46040.96234219259	2.0697807621563232e8	9.056639046353886e7
0.43775999999998755	46042.528260445884	2.0697804349088448e8	9.063259526965617e7
0.43807999999998753	46044.09712153714	2.069780106771871e8	9.069880001651406e7
0.4383999999999875	46045.66809676069	2.0697797786635557e8	9.076500474381083e7
0.4387199999999875	46047.238072906	2.0697794508501875e8	9.08312094614824e7
0.4390399999999875	46048.813336338535	2.06977912025545e8	9.089741403802183e7
0.4393599999999875	46050.38345556315	2.0697787924977243e8	9.096361871415795e7
0.43967999999998747	46051.96363119112	2.069778461713765e8	9.102982324089004e7
0.43999999999998746	46053.5453026901	2.0697781318149325e8	9.109602778522393e7
0.44031999999998744	46055.12142234836	2.06977780163298e8	9.116223229185845e7
0.44063999999998743	46056.70945259784	2.0697774694888574e8	9.122843669655381e7
0.4409599999999874	46058.29362921804	2.0697771388760808e8	9.129464114434753e7
0.4412799999999874	46059.88179363172	2.0697768059958762e8	9.136084547213915e7
0.4415999999999874	46061.46990994052	2.06977647412919e8	9.142704982234013e7
0.4419199999999874	46063.062454927705	2.0697761413604727e8	9.149325411289424e7
0.44223999999998737	46064.655330022884	2.0697758077827224e8	9.155945834553738e7
0.44255999999998735	46066.246834657846	2.0697754747158214e8	9.16256625776563e7
0.44287999999998734	46067.84678673068	2.0697751401251727e8	9.169186672466286e7
0.4431999999999873	46069.44644351452	2.0697748057793298e8	9.175807085991703e7
0.4435199999999873	46071.04748550075	2.0697744701712665e8	9.182427491753812e7
0.4438399999999873	46072.652581128335	2.0697741343043643e8	9.18904789434218e7
0.4441599999999873	46074.256643455	2.0697737985141355e8	9.195668294961391e7
0.4444799999999873	46075.86319996078	2.0697734626798192e8	9.20228869327148e7
0.44479999999998726	46077.478426141366	2.0697731243328404e8	9.20890907863443e7
0.44511999999998725	46079.086523087375	2.069772788179361e8	9.2155294710967e7
0.44543999999998724	46080.698579731674	2.0697724501979503e8	9.222149853381923e7
0.4457599999999872	46082.31776449128	2.069772112052038e8	9.22877023306268e7
0.4460799999999872	46083.935706279386	2.0697717729800957e8	9.235390606275988e7
0.4463999999999872	46085.55475790542	2.0697714342643476e8	9.24201097886718e7
0.4467199999999872	46087.17940879057	2.069771094428635e8	9.248631344493662e7
0.44703999999998717	46088.800676842395	2.0697707547743002e8	9.255251708464992e7
0.44735999999998716	46090.42547065595	2.0697704137246305e8	9.261872064111452e7
0.44767999999998714	46092.05644781973	2.0697700731838417e8	9.268492420090882e7
0.44799999999998713	46093.68566676138	2.0697697321059975e8	9.275112771283409e7
0.4483199999999871	46095.318305091474	2.0697693903070775e8	9.281733117144677e7
0.4486399999999871	46096.95436263255	2.0697690478415158e8	9.288353457911648e7
0.4489599999999871	46098.58997034106	2.0697687060574713e8	9.294973799417081e7
0.4492799999999871	46100.229914498144	2.0697683623177835e8	9.301594130082922e7
0.44959999999998707	46101.86772412683	2.0697680180996665e8	9.308214456175369e7
0.44991999999998705	46103.511998173366	2.0697676744100726e8	9.314834782693526e7
0.45023999999998704	46105.15588233092	2.0697673300518766e8	9.321455103875089e7
0.450559999999987	46106.80245461588	2.069766984986315e8	9.328075419708139e7
0.450879999999987	46108.453214716086	2.0697666402233332e8	9.334695734821622e7
0.451199999999987	46110.10639215864	2.0697662927148688e8	9.341316035368021e7
0.451519999999987	46111.758738689176	2.0697659476705554e8	9.347936344665122e7
0.451839999999987	46113.415391487506	2.069765599755179e8	9.354556638911632e7
0.45215999999998696	46115.07475077437	2.069765252357495e8	9.361176933314526e7
0.45247999999998695	46116.733451691485	2.0697649052831152e8	9.367797226814717e7
0.45279999999998694	46118.39489392105	2.0697645572479674e8	9.374417513787122e7
0.4531199999999869	46120.06051604037	2.0697642076530057e8	9.38103779158653e7
0.4534399999999869	46121.72535518729	2.0697638593718335e8	9.387658072956383e7
0.4537599999999869	46123.396129574605	2.0697635087350816e8	9.394278341626216e7
0.4540799999999869	46125.0640316282	2.0697631598659933e8	9.400898615814845e7
0.45439999999998687	46126.73688096559	2.0697628084436443e8	9.407518876331873e7
0.45471999999998686	46128.41465711366	2.0697624576802686e8	9.414139137757869e7
0.45503999999998684	46130.08920959605	2.06976210541623e8	9.420759389827307e7
0.45535999999998683	46131.77113644384	2.0697617537017557e8	9.427379642439218e7
0.4556799999999868	46133.44976801821	2.069761401758512e8	9.433999891470687e7
0.4559999999999868	46135.13615999343	2.0697610483402088e8	9.440620131838183e7
0.4563199999999868	46136.82113833283	2.0697606958350804e8	9.447240373926015e7
0.4566399999999868	46138.51001478568	2.069760340970514e8	9.453860603087646e7
0.45695999999998677	46140.202229001814	2.0697599863502e8	9.460480831167443e7
0.45727999999998675	46141.89316582498	2.0697596315664834e8	9.467101056052837e7
0.45759999999998674	46143.58966212174	2.0697592761173e8	9.473721275815764e7
0.4579199999999867	46145.285881091586	2.069758920420013e8	9.480341492044091e7
0.4582399999999867	46146.98569434685	2.0697585638397425e8	9.486961702035938e7
0.4585599999999867	46148.68674330293	2.0697582075657126e8	9.493581911108086e7
0.4588799999999867	46150.39044969076	2.0697578501579013e8	9.500202112732315e7
0.4591999999999867	46152.094555442374	2.0697574930265626e8	9.506822313251258e7
0.45951999999998666	46153.80457463074	2.0697571341676185e8	9.513442503756413e7
0.45983999999998665	46155.51840642579	2.0697567744093716e8	9.52006268792602e7
0.46015999999998664	46157.22752710935	2.0697564165473577e8	9.52668287815487e7
0.4604799999999866	46158.94301392356	2.0697560565324187e8	9.533303056413692e7
0.4607999999999866	46160.66236728783	2.0697556961354122e8	9.539923230706546e7
0.4611199999999866	46162.38109981814	2.069755335681036e8	9.546543402284823e7
0.4614399999999866	46164.10547660996	2.0697549728408146e8	9.553163560740925e7
0.46175999999998657	46165.828825962635	2.069754611832157e8	9.559783725166619e7
0.46207999999998656	46167.552097027285	2.069754250151208e8	9.566403884060827e7
0.46239999999998654	46169.28485132363	2.06975388691128e8	9.573024033831087e7
0.46271999999998653	46171.01362641967	2.0697535236680257e8	9.57964418093653e7
0.4630399999999865	46172.7436364568	2.069753160762566e8	9.58626432723701e7
0.4633599999999865	46174.48287147508	2.0697527960252956e8	9.592884463111345e7
0.4636799999999865	46176.22112161929	2.0697524314522544e8	9.599504597248727e7
0.4639999999999865	46177.959679806096	2.069752066475325e8	9.606124727084066e7
0.46431999999998647	46179.70250796218	2.0697517001909536e8	9.612744848630303e7
0.46463999999998645	46181.449854115366	2.0697513336355898e8	9.619364966703513e7
0.46495999999998644	46183.19667119333	2.069750967052117e8	9.625985082159938e7
0.4652799999999864	46184.94559184101	2.0697505998379034e8	9.632605192336203e7
0.4655999999999864	46186.69859189416	2.0697502316255227e8	9.639225295620903e7
0.4659199999999864	46188.44911460024	2.069749864446511e8	9.645845401119214e7
0.4662399999999864	46190.20824038564	2.0697494948279402e8	9.652465493240546e7
0.4665599999999864	46191.96601971828	2.0697491259153128e8	9.659085586105558e7
0.46687999999998636	46193.72701985783	2.069748755927425e8	9.665705671648562e7
0.46719999999998635	46195.49034991081	2.0697483854576442e8	9.672325752583674e7
0.46751999999998634	46197.25856248873	2.0697480145559368e8	9.678945829275568e7
0.4678399999999863	46199.02557579109	2.069747642996184e8	9.685565900338106e7
0.4681599999999863	46200.79503127615	2.0697472716118988e8	9.692185969860926e7
0.4684799999999863	46202.568466260345	2.0697468996932632e8	9.698806034601834e7
0.4687999999999863	46204.345270064085	2.06974652579613e8	9.70542608775272e7
0.46911999999998627	46206.12011258989	2.0697461533721024e8	9.712046145203461e7
0.46943999999998626	46207.90396750331	2.069745778365113e8	9.718666188509803e7
0.46975999999998624	46209.683138871645	2.069745404257806e8	9.725286233279939e7
0.47007999999998623	46211.46857784297	2.06974502963838e8	9.73190627346669e7
0.4703999999999862	46213.25813702345	2.069744653268193e8	9.738526303124233e7
0.4707199999999862	46215.04618503657	2.069744277382249e8	9.745146332457918e7
0.4710399999999862	46216.83876862135	2.0697439010499933e8	9.751766357409108e7
0.4713599999999862	46218.63107321163	2.069743524451139e8	9.758386378565657e7
0.47167999999998617	46220.428969736386	2.0697431457420936e8	9.76500638753935e7
0.47199999999998615	46222.228778121826	2.0697427681238353e8	9.771626399223702e7
0.47231999999998614	46224.03009944824	2.0697423892972896e8	9.778246402748959e7
0.4726399999999861	46225.83442773769	2.0697420100016156e8	9.78486640167573e7
0.4729599999999861	46227.6433590308	2.06974162978715e8	9.791486393956612e7
0.4732799999999861	46229.453427611705	2.069741249913804e8	9.798106385362703e7
0.4735999999999861	46231.261226670074	2.0697408692021218e8	9.804726370131934e7
0.4739199999999861	46233.076290722485	2.0697404878651488e8	9.811346349767728e7
0.47423999999998606	46234.896085722314	2.069740105311231e8	9.817966321324296e7
0.47455999999998605	46236.71292599906	2.069739723446011e8	9.824586293429084e7
0.47487999999998604	46238.53274346794	2.0697393404618916e8	9.831206257816567e7
0.475199999999986	46240.35945606238	2.0697389566152355e8	9.837826215899563e7
0.475519999999986	46242.18377197087	2.0697385731853074e8	9.844446173264956e7
0.475839999999986	46244.01259471876	2.0697381885990226e8	9.851066122793464e7
0.476159999999986	46245.84446718078	2.06973780337339e8	9.857686066859014e7
0.47647999999998597	46247.67796320644	2.0697374170122284e8	9.864306003016306e7
0.47679999999998596	46249.51442110196	2.069737031289227e8	9.870925939781256e7
0.47711999999998594	46251.3558693188	2.0697366440849867e8	9.877545867153692e7
0.47743999999998593	46253.19634451116	2.069736256666229e8	9.884165790855132e7
0.4777599999999859	46255.03960121877	2.0697358688601416e8	9.890785710254055e7
0.4780799999999859	46256.88709569309	2.069735480203008e8	9.897405623205547e7
0.4783999999999859	46258.73562646225	2.069735090939736e8	9.904025530705681e7
0.4787199999999859	46260.58417904263	2.0697347016713518e8	9.91064543557289e7
0.47903999999998587	46262.438168973684	2.0697343120220593e8	9.91726533628903e7
0.47935999999998585	46264.2983906621	2.0697339205726272e8	9.923885226088065e7
0.47967999999998584	46266.155204578754	2.069733529802413e8	9.930505116343527e7
0.4799999999999858	46268.02035008126	2.0697331369536823e8	9.937124994435586e7
0.4803199999999858	46269.883075736216	2.069732745349434e8	9.943744875745787e7
0.4806399999999858	46271.74856906546	2.0697323521631816e8	9.950364746970506e7
0.4809599999999858	46273.620331229395	2.069731958971426e8	9.956984615858348e7
0.4812799999999858	46275.490137459514	2.0697315647126463e8	9.963604476873142e7
0.48159999999998576	46277.36418797328	2.069731170491859e8	9.970224335648003e7
0.48191999999998575	46279.2420473282	2.0697307749705735e8	9.97684418570988e7
0.48223999999998574	46281.12036268668	2.069730379139524e8	9.983464031650044e7
0.4825599999999857	46283.00310742616	2.0697299828160924e8	9.990083872789831e7
0.4828799999999857	46284.88710619653	2.06972958630871e8	9.996703710449238e7
0.4831999999999857	46286.77795331978	2.0697291875723603e8	1.0003323535033977e8
0.4835199999999857	46288.6686339736	2.069728789980675e8	1.0009943362471871e8
0.48383999999998567	46290.55993566341	2.0697283917611283e8	1.0016563184238386e8
0.48415999999998566	46292.454374130735	2.0697279921407163e8	1.002318299671463e8
0.48447999999998564	46294.35236936078	2.0697275930844167e8	1.002980280942843e8
0.48479999999998563	46296.25141136404	2.0697271923238748e8	1.0036422611258562e8
0.4851199999999856	46298.15580474763	2.0697267916679516e8	1.0043042411185344e8
0.4854399999999856	46300.06328345597	2.0697263898781282e8	1.0049662203080402e8
0.4857599999999856	46301.97069072064	2.0697259878943184e8	1.0056281991335942e8
0.4860799999999856	46303.883121400766	2.069725584935019e8	1.0062901772413217e8
0.48639999999998557	46305.797909104425	2.0697251812431693e8	1.0069521547347088e8
0.48671999999998555	46307.71117506784	2.0697247782438293e8	1.0076141322867261e8
0.48703999999998554	46309.62966937234	2.0697243740257323e8	1.0082761090018147e8
0.4873599999999855	46311.55241407119	2.0697239682157227e8	1.0089380846918802e8
0.4876799999999855	46313.48004612914	2.069723562009775e8	1.0096000599418694e8
0.4879999999999855	46315.40428688297	2.069723156761627e8	1.0102620353695928e8
0.4883199999999855	46317.33458766316	2.0697227500817588e8	1.0109240098575126e8
0.4886399999999855	46319.267036102414	2.0697223426721478e8	1.011585983727204e8
0.48895999999998546	46321.202276584474	2.069721934469652e8	1.0122479569503652e8
0.48927999999998545	46323.142287997536	2.069721525417546e8	1.0129099295085602e8
0.48959999999998544	46325.08226692152	2.069721116844387e8	1.0135719020268722e8
0.4899199999999854	46327.02514786924	2.0697207067596525e8	1.0142338735455331e8
0.4902399999999854	46328.97269809967	2.0697202962140673e8	1.01489584458718e8
0.4905599999999854	46330.92004638407	2.0697198857219592e8	1.0155578153788184e8
0.4908799999999854	46332.87412093241	2.0697194736083478e8	1.01621978513356e8
0.49119999999998537	46334.8297083051	2.0697190604508618e8	1.0168817541069889e8
0.49151999999998536	46336.78251955739	2.0697186495575345e8	1.0175437239022444e8
0.49183999999998534	46338.7453464789	2.0697182352985278e8	1.0182056918175502e8
0.49215999999998533	46340.70719713979	2.0697178209990996e8	1.0188676594303164e8
0.4924799999999853	46342.675687397525	2.0697174060166878e8	1.0195296264627166e8
0.4927999999999853	46344.64145755841	2.0697169909683403e8	1.0201915931706405e8
0.4931199999999853	46346.61432626006	2.0697165751348376e8	1.0208535592491576e8
0.4934399999999853	46348.58585259654	2.0697161586280718e8	1.0215155247099003e8
0.49375999999998527	46350.56514282034	2.0697157409424934e8	1.022177489348714e8
0.49407999999998525	46352.54396594147	2.069715323808228e8	1.0228394539775713e8
0.49439999999998524	46354.52645761095	2.0697149055650204e8	1.0235014177970852e8
0.4947199999999852	46356.5106743113	2.0697144855675873e8	1.0241633804771014e8
0.4950399999999852	46358.496417438204	2.0697140673643735e8	1.0248253437715384e8
0.4953599999999852	46360.48911047374	2.0697136463608018e8	1.0254873054335031e8
0.4956799999999852	46362.481478131136	2.0697132257647967e8	1.0261492670136544e8
0.4959999999999852	46364.47852970518	2.0697128048035315e8	1.0268112281543107e8
0.49631999999998516	46366.47807141163	2.0697123820215786e8	1.0274731881216693e8
0.49663999999998515	46368.48239473727	2.0697119592618856e8	1.0281351478407744e8
0.49695999999998514	46370.48349467581	2.0697115365484077e8	1.0287971072832374e8
0.4972799999999851	46372.49289762505	2.0697111119192097e8	1.0294590655314487e8
0.4975999999999851	46374.50307447686	2.069710687335198e8	1.0301210235214098e8
0.4979199999999851	46376.51939969179	2.0697102621340007e8	1.0307829809503327e8
0.4982399999999851	46378.53666270239	2.0697098356251523e8	1.0314449374474038e8
0.49855999999998507	46380.55341623036	2.069709409521009e8	1.0321068938578136e8
0.49887999999998506	46382.57361336439	2.069708983660329e8	1.0327688501213253e8
0.49919999999998504	46384.600092188244	2.0697085554796672e8	1.0334308049726807e8
0.49951999999998503	46386.62856898301	2.069708127002576e8	1.0340927593989578e8
0.499839999999985	46388.65868176512	2.0697076977958503e8	1.0347547131815095e8
0.5001599999999851	46390.69604255283	2.0697072671949536e8	1.0354166660152961e8
0.500479999999985	46392.731242999405	2.069706837813968e8	1.0360786191602089e8
0.500799999999985	46394.772667064906	2.069706406136924e8	1.0367405708984946e8
0.501119999999985	46396.81116090418	2.069705975118861e8	1.0374025226630521e8
0.501439999999985	46398.859925919314	2.0697055423006344e8	1.0380644732872458e8
0.501759999999985	46400.90888820689	2.069705109137729e8	1.0387264234493606e8
0.502079999999985	46402.96095989358	2.0697046752982876e8	1.0393883729969446e8
0.502399999999985	46405.014228710614	2.069704241599672e8	1.0400503223304462e8
0.502719999999985	46407.071079414716	2.069703806839431e8	1.0407122708573513e8
0.5030399999999849	46409.13314714699	2.069703370730132e8	1.0413742184401426e8
0.5033599999999849	46411.19628127202	2.0697029343283224e8	1.0420361655886844e8
0.5036799999999849	46413.26129588586	2.069702497815412e8	1.0426981123980993e8
0.5039999999999849	46415.33131968725	2.0697020598926032e8	1.0433600582291864e8
0.5043199999999849	46417.404184551626	2.0697016218715164e8	1.0440220037312739e8
0.5046399999999849	46419.47777916027	2.069701183067336e8	1.0446839485481961e8
0.5049599999999849	46421.55771062729	2.0697007431695932e8	1.0453458925501771e8
0.5052799999999849	46423.639143407796	2.0697003028783822e8	1.0460078360659279e8
0.5055999999999848	46425.72199939224	2.0696998622441182e8	1.0466697791201599e8
0.5059199999999848	46427.8123043491	2.069699420242826e8	1.0473317212242524e8
0.5062399999999848	46429.902324931936	2.0696989783473757e8	1.0479936630842637e8
0.5065599999999848	46431.993890699785	2.0696985355103078e8	1.0486556041787244e8
0.5068799999999848	46434.09031237576	2.0696980913624358e8	1.0493175443359084e8
0.5071999999999848	46436.193132875174	2.0696976477228782e8	1.0499794844847712e8
0.5075199999999848	46438.29529766055	2.06969720169221e8	1.0506414231194809e8
0.5078399999999847	46440.40001168795	2.069696756172422e8	1.0513033617272687e8
0.5081599999999847	46442.5082647716	2.0696963108557713e8	1.0519653001570867e8
0.5084799999999847	46444.62294229281	2.069695862291568e8	1.0526272366686708e8
0.5087999999999847	46446.736663115575	2.0696954148489538e8	1.0532891734456053e8
0.5091199999999847	46448.854493425475	2.069694966509345e8	1.0539511094861433e8
0.5094399999999847	46450.97581427577	2.0696945177596104e8	1.0546130450343788e8
0.5097599999999847	46453.10091448572	2.0696940682890126e8	1.0552749799328984e8
0.5100799999999847	46455.22870796907	2.069693617472966e8	1.0559369138570647e8
0.5103999999999846	46457.359940796196	2.0696931663517046e8	1.0565988473401484e8
0.5107199999999846	46459.49183722877	2.0696927147497392e8	1.0572607802786162e8
0.5110399999999846	46461.63186646115	2.0696922609316838e8	1.0579227118216701e8
0.5113599999999846	46463.76987308294	2.069691808596533e8	1.058584643808999e8
0.5116799999999846	46465.914929944985	2.0696913544686216e8	1.0592465746102583e8
0.5119999999999846	46468.05960271269	2.0696908997238284e8	1.0599085047894296e8
0.5123199999999846	46470.20950429506	2.0696904451751187e8	1.0605704347897954e8
0.5126399999999846	46472.362730323286	2.0696899882838342e8	1.0612323633007953e8
0.5129599999999845	46474.51713225567	2.0696895313875586e8	1.061894291508771e8
0.5132799999999845	46476.677426443224	2.0696890737087634e8	1.062556219037572e8
0.5135999999999845	46478.83983463335	2.0696886156631958e8	1.063218146081541e8
0.5139199999999845	46481.00537359041	2.069688156735948e8	1.0638800723806262e8
0.5142399999999845	46483.17233449258	2.0696876983350846e8	1.064541998649734e8
0.5145599999999845	46485.3472008823	2.0696872366801602e8	1.0652039229755631e8
0.5148799999999845	46487.521485283105	2.0696867758005723e8	1.065865847388396e8
0.5151999999999844	46489.698123658905	2.0696863142747894e8	1.0665277711708428e8
0.5155199999999844	46491.8819940283	2.069685851461823e8	1.0671896940154514e8
0.5158399999999844	46494.06826601584	2.069685388115128e8	1.0678516162861921e8
0.5161599999999844	46496.25450802403	2.0696849246801656e8	1.0685135382006936e8
0.5164799999999844	46498.44820079972	2.0696844585079774e8	1.0691754584269083e8
0.5167999999999844	46500.64170680333	2.069683993921491e8	1.0698373791593215e8
0.5171199999999844	46502.83986151418	2.06968352779053e8	1.0704992988041298e8
0.5174399999999844	46505.04186343507	2.069683061073806e8	1.071161217852014e8
0.5177599999999843	46507.24749845093	2.0696825930318224e8	1.0718231359184605e8
0.5180799999999843	46509.455414580894	2.0696821251386204e8	1.072485053759318e8
0.5183999999999843	46511.66612637926	2.069681655083828e8	1.0731469701794887e8
0.5187199999999843	46513.88041167722	2.0696811867733598e8	1.07380888720669e8
0.5190399999999843	46516.10097018096	2.0696807153476492e8	1.0744708023332375e8
0.5193599999999843	46518.319367972756	2.0696802437156928e8	1.0751327170263599e8
0.5196799999999843	46520.54457711238	2.0696797723121843e8	1.0757946315548761e8
0.5199999999999843	46522.77262719543	2.0696792993841317e8	1.0764565449883264e8
0.5203199999999842	46525.00466910011	2.069678825758849e8	1.0771184577612086e8
0.5206399999999842	46527.24045510531	2.0696783512501064e8	1.0777803697746684e8
0.5209599999999842	46529.4778467948	2.06967787614779e8	1.0784422811685973e8
0.5212799999999842	46531.71790202539	2.0696774001549822e8	1.079104191792697e8
0.5215999999999842	46533.96435058739	2.0696769237558916e8	1.0797661019164936e8
0.5219199999999842	46536.211430453615	2.0696764463489467e8	1.0804280111980161e8
0.5222399999999842	46538.46296735372	2.069675968266659e8	1.0810899198282202e8
0.5225599999999841	46540.72059679831	2.0696754893138087e8	1.0817518277122085e8
0.5228799999999841	46542.975998285736	2.0696750106195867e8	1.0824137353998198e8
0.5231999999999841	46545.24144709763	2.0696745294664338e8	1.0830756415280251e8
0.5235199999999841	46547.504504737684	2.0696740483287293e8	1.0837375473304877e8
0.5238399999999841	46549.77434460909	2.069673566194825e8	1.0843994523209834e8
0.5241599999999841	46552.04556206977	2.0696730837641627e8	1.0850613568393931e8
0.5244799999999841	46554.321358515	2.069672600192323e8	1.0857232604577607e8
0.5247999999999841	46556.59945468022	2.0696721169882134e8	1.0863851639559901e8
0.525119999999984	46558.88307220128	2.0696716323487538e8	1.0870470664028779e8
0.525439999999984	46561.16853854492	2.0696711454655993e8	1.087708967354828e8
0.525759999999984	46563.46030800492	2.0696706587806767e8	1.0883708681146602e8
0.526079999999984	46565.75217855485	2.0696701719657344e8	1.089032768480425e8
0.526399999999984	46568.051439183284	2.0696696833480945e8	1.0896946676060198e8
0.526719999999984	46570.347873191095	2.0696691946136132e8	1.0903565663292634e8
0.527039999999984	46572.65168186797	2.0696687057909673e8	1.0910184647134328e8
0.527359999999984	46574.958145046	2.0696682156404033e8	1.0916803620822667e8
0.5276799999999839	46577.272037390554	2.0696677230323887e8	1.0923422578609847e8
0.5279999999999839	46579.58607767758	2.0696672308998445e8	1.0930041535613713e8
0.5283199999999839	46581.901686038276	2.0696667387547332e8	1.0936660489327401e8
0.5286399999999839	46584.22588008974	2.0696662448720434e8	1.0943279430962321e8
0.5289599999999839	46586.55082734122	2.0696657507570255e8	1.0949898368094198e8
0.5292799999999839	46588.87778655482	2.0696652556736317e8	1.0956517296884233e8
0.5295999999999839	46591.2097116449	2.0696647596316653e8	1.0963136217513803e8
0.5299199999999838	46593.5447012875	2.0696642624406254e8	1.0969755128874347e8
0.5302399999999838	46595.88457515384	2.0696637652599823e8	1.0976374037187998e8
0.5305599999999838	46598.22874716772	2.0696632669096267e8	1.0982992936165689e8
0.5308799999999838	46600.57256286887	2.0696627679287258e8	1.0989611828439754e8
0.5311999999999838	46602.9253746207	2.0696622672578248e8	1.0996230708814792e8
0.5315199999999838	46605.28074061957	2.0696617662967357e8	1.1002849584412211e8
0.5318399999999838	46607.63510880446	2.0696612651763752e8	1.1009468455758952e8
0.5321599999999838	46609.997690353215	2.0696607621188727e8	1.1016087313823402e8
0.5324799999999837	46612.36296940111	2.0696602583869436e8	1.1022706165052007e8
0.5327999999999837	46614.729777576635	2.069659755287894e8	1.1029325016348772e8
0.5331199999999837	46617.101379488406	2.069659250517588e8	1.1035943855588233e8
0.5334399999999837	46619.4795334641	2.0696587437285906e8	1.104256268098257e8
0.5337599999999837	46621.85953488533	2.0696582378816986e8	1.1049181508095972e8
0.5340799999999837	46624.24228757669	2.0696577298757532e8	1.1055800320416749e8
0.5343999999999837	46626.63076394178	2.0696572216483834e8	1.1062419128416991e8
0.5347199999999837	46629.02043863888	2.0696567127312505e8	1.1069037929379174e8
0.5350399999999836	46631.413685060674	2.069656202945443e8	1.107565672244966e8
0.5353599999999836	46633.81525506388	2.0696556913284063e8	1.1082275502687429e8
0.5356799999999836	46636.212399569944	2.069655181004396e8	1.1088894286218147e8
0.5359999999999836	46638.61887589767	2.0696546680949074e8	1.1095513052904207e8
0.5363199999999836	46641.03180873301	2.069654154554433e8	1.1102131813068902e8
0.5366399999999836	46643.44252472444	2.0696536413131124e8	1.1108750571295172e8
0.5369599999999836	46645.859849370965	2.069653125886929e8	1.1115369314656578e8
0.5372799999999835	46648.281464726526	2.0696526094499248e8	1.1121988049332152e8
0.5375999999999835	46650.706035824805	2.069652093351821e8	1.1128606782506146e8
0.5379199999999835	46653.13508647376	2.069651575284141e8	1.1135225501834185e8
0.5382399999999835	46655.56618044517	2.0696510572575668e8	1.1141844218006735e8
0.5385599999999835	46658.002112694725	2.0696505383204433e8	1.1148462926027726e8
0.5388799999999835	46660.442282666125	2.0696500179203233e8	1.1155081622883235e8
0.5391999999999835	46662.8855843037	2.069649496752126e8	1.1161700312254845e8
0.5395199999999835	46665.33497110257	2.0696489752104223e8	1.1168318996399677e8
0.5398399999999834	46667.78393586873	2.069648451854452e8	1.1174937667236324e8
0.5401599999999834	46670.239582611735	2.0696479288657823e8	1.1181556336858034e8
0.5404799999999834	46672.69757107177	2.069647405286078e8	1.1188174999888636e8
0.5407999999999834	46675.16298842452	2.0696468791432628e8	1.119479364589085e8
0.5411199999999834	46677.63041008851	2.069646352715054e8	1.1201412286915614e8
0.5414399999999834	46680.10030987207	2.0696458261391956e8	1.1208030923727526e8
0.5417599999999834	46682.57700985739	2.0696452980917674e8	1.1214649549350514e8
0.5420799999999834	46685.05529026046	2.0696447693441597e8	1.1221268167712328e8
0.5423999999999833	46687.538919490304	2.0696442389202482e8	1.1227886773684037e8
0.5427199999999833	46690.02590736978	2.0696437088189423e8	1.123450537800651e8
0.5430399999999833	46692.51628172342	2.0696431767275625e8	1.124112396812502e8
0.5433599999999833	46695.00970494295	2.0696426446600485e8	1.1247742554947661e8
0.5436799999999833	46697.508594610226	2.0696421109573865e8	1.1254361129564962e8
0.5439999999999833	46700.01177441033	2.069641576736057e8	1.1260979697980717e8
0.5443199999999833	46702.517944405445	2.0696410417801538e8	1.1267598258955078e8
0.5446399999999832	46705.031090680015	2.069640505300263e8	1.127421680836275e8
0.5449599999999832	46707.54550607256	2.0696399688046676e8	1.1280835354148278e8
0.5452799999999832	46710.06282341319	2.0696394315007243e8	1.1287453892063509e8
0.5455999999999832	46712.58357647091	2.0696388930582687e8	1.1294072420323282e8
0.5459199999999832	46715.112200201336	2.069638353164907e8	1.1300690937412299e8
0.5462399999999832	46717.64278885128	2.0696378125816926e8	1.1307309447205077e8
0.5465599999999832	46720.175628902405	2.0696372714366034e8	1.1313927950407268e8
0.5468799999999832	46722.71681882063	2.0696367291225633e8	1.132054644396962e8
0.5471999999999831	46725.260090257405	2.0696361851586074e8	1.1327164924964437e8
0.5475199999999831	46727.80889361066	2.069635641349075e8	1.1333783403410925e8
0.5478399999999831	46730.35678884094	2.069635096568259e8	1.1340401872851764e8
0.5481599999999831	46732.9125549738	2.06963455053071e8	1.1347020332109673e8
0.5484799999999831	46735.474068112635	2.0696340035341588e8	1.1353638782708928e8
0.5487999999999831	46738.03531696349	2.0696334551761094e8	1.1360257222159639e8
0.5491199999999831	46740.60426894826	2.0696329067734128e8	1.1366875658039093e8
0.549439999999983	46743.17840239662	2.0696323563677067e8	1.1373494079472476e8
0.549759999999983	46745.751696694046	2.069631806251181e8	1.1380112498770534e8
0.550079999999983	46748.33494663842	2.0696312540033653e8	1.138673090310728e8
0.550399999999983	46750.91871408557	2.069630701558696e8	1.1393349302684097e8
0.550719999999983	46753.50858190989	2.0696301476864243e8	1.1399967690971893e8
0.551039999999983	46756.09957022525	2.0696295942151096e8	1.1406586077808894e8
0.551359999999983	46758.69564550922	2.069629038684471e8	1.1413204449811788e8
0.551679999999983	46761.29841176576	2.069628482582709e8	1.1419822815242332e8
0.551999999999983	46763.90414001093	2.069627924770055e8	1.1426441167635824e8
0.5523199999999829	46766.51319151799	2.069627366552941e8	1.1433059514207408e8
0.5526399999999829	46769.128887360595	2.0696268075753486e8	1.1439677853133959e8
0.5529599999999829	46771.748700097836	2.0696262468998963e8	1.1446296179111202e8
0.5532799999999829	46774.36909552302	2.0696256862027103e8	1.1452914501238237e8
0.5535999999999829	46776.99584298244	2.0696251238534307e8	1.1459532810746668e8
0.5539199999999829	46779.62799037272	2.0696245605116552e8	1.14661511112312e8
0.5542399999999829	46782.26353940469	2.069623996658736e8	1.1472769405260557e8
0.5545599999999828	46784.90526507334	2.0696234304247275e8	1.1479387682583141e8
0.5548799999999828	46787.548906879005	2.0696228649690434e8	1.1486005960516816e8
0.5551999999999828	46790.2004796509	2.0696222975920913e8	1.149262422434827e8
0.5555199999999828	46792.85061586167	2.0696217301900595e8	1.1499242484175637e8
0.5558399999999828	46795.50878765994	2.0696211609773135e8	1.1505860730494256e8
0.5561599999999828	46798.1690571195	2.0696205916145113e8	1.1512478972258341e8
0.5564799999999828	46800.835799344284	2.0696200199614495e8	1.1519097197750491e8
0.5567999999999828	46803.50736143166	2.0696194479679215e8	1.1525715417731288e8
0.5571199999999827	46806.18107350338	2.0696188751913935e8	1.1532333629613318e8
0.5574399999999827	46808.86153432365	2.0696183007233346e8	1.1538951828527862e8
0.5577599999999827	46811.543435568004	2.0696177266647774e8	1.1545570025942e8
0.5580799999999827	46814.23198231661	2.0696171509184632e8	1.1552188210385165e8
0.5583999999999827	46816.924427093545	2.0696165734949374e8	1.1558806381778072e8
0.5587199999999827	46819.62418981968	2.069615995582075e8	1.156542454689206e8
0.5590399999999827	46822.324544407835	2.0696154165288082e8	1.15720427017854e8
0.5593599999999826	46825.03126944713	2.0696148366220167e8	1.1578660848306412e8
0.5596799999999826	46827.74300297628	2.069614255469017e8	1.1585278984188543e8
0.5599999999999826	46830.45762422852	2.069613673226522e8	1.1591897110203628e8
0.5603199999999826	46833.17723865865	2.0696130903785104e8	1.1598515229145339e8
0.5606399999999826	46835.9015579993	2.0696125059722522e8	1.1605133335653327e8
0.5609599999999826	46838.630527389985	2.0696119209682482e8	1.1611751435097799e8
0.5612799999999826	46841.36493834512	2.0696113347027934e8	1.1618369523782052e8
0.5615999999999826	46844.102171017905	2.0696107476998997e8	1.1624987604521453e8
0.5619199999999825	46846.842711115016	2.0696101604452544e8	1.16316056800591e8
0.5622399999999825	46849.59079862601	2.0696095702768186e8	1.1638223735610825e8
0.5625599999999825	46852.34620128811	2.0696089798720545e8	1.1644841786200096e8
0.5628799999999825	46855.097636406994	2.0696083890802738e8	1.1651459830482566e8
0.5631999999999825	46857.86078322712	2.069607796708764e8	1.1658077862422408e8
0.5635199999999825	46860.62421489099	2.0696072037698275e8	1.1664695887209101e8
0.5638399999999825	46863.39567349007	2.069606608903688e8	1.1671313897507887e8
0.5641599999999825	46866.17186238262	2.0696060128471032e8	1.1677931897312304e8
0.5644799999999824	46868.94969208149	2.06960541730639e8	1.1684549896107736e8
0.5647999999999824	46871.73582567225	2.0696048188836923e8	1.1691167874997865e8
0.5651199999999824	46874.523143282626	2.0696042206436676e8	1.1697785850963585e8
0.5654399999999824	46877.31777734819	2.069603620544143e8	1.170440381272577e8
0.5657599999999824	46880.115911874826	2.0696030193820715e8	1.1711021764609e8
0.5660799999999824	46882.92032311623	2.0696024174111488e8	1.1717639708159328e8
0.5663999999999824	46885.72801313327	2.0696018139555052e8	1.1724257639410266e8
0.5667199999999823	46888.541699036046	2.0696012097141898e8	1.1730875562426627e8
0.5670399999999823	46891.357973862934	2.0696006057657394e8	1.1737493483168519e8
0.5673599999999823	46894.178167632366	2.0695999993902096e8	1.1744111386264172e8
0.5676799999999823	46897.008662954184	2.0695993917271063e8	1.1750729278434588e8
0.5679999999999823	46899.84022939992	2.0695987831448904e8	1.1757347161360522e8
0.5683199999999823	46902.67617316507	2.0695981737657952e8	1.1763965035870443e8
0.5686399999999823	46905.51988477739	2.0695975629622725e8	1.1770582898534049e8
0.5689599999999823	46908.36379157661	2.0695969518945062e8	1.1777200755611488e8
0.5692799999999822	46911.21534859596	2.0695963384951523e8	1.1783818595652331e8
0.5695999999999822	46914.06997596295	2.0695957253637967e8	1.1790436433243583e8
0.5699199999999822	46916.9314890628	2.0695951101539016e8	1.179705425517823e8
0.5702399999999822	46919.79981902027	2.0695944932751557e8	1.1803672063768902e8
0.5705599999999822	46922.67076457681	2.0695938770489097e8	1.1810289872063205e8
0.5708799999999822	46925.545386543694	2.0695932572668362e8	1.1816907656088172e8
0.5711999999999822	46928.42609680392	2.0695926386061633e8	1.1823525442629066e8
0.5715199999999822	46931.31104982291	2.0695920179661533e8	1.1830143213895653e8
0.5718399999999821	46934.20140189924	2.0695913965916002e8	1.183676097703626e8
0.5721599999999821	46937.096318073825	2.0695907737896466e8	1.1843378728043345e8
0.5724799999999821	46939.99728979568	2.069590150205613e8	1.1849996470660856e8
0.5727999999999821	46942.90479304495	2.069589524475052e8	1.1856614197085486e8
0.5731199999999821	46945.81370428789	2.0695888978829268e8	1.1863231914441669e8
0.5734399999999821	46948.72976688909	2.069588270923516e8	1.1869849625800376e8
0.5737599999999821	46951.651116973466	2.069587641809933e8	1.1876467320825508e8
0.574079999999982	46954.57652252322	2.0695870132094827e8	1.1883085014755875e8
0.574399999999982	46957.50620174226	2.0695863826021528e8	1.188970269313034e8
0.574719999999982	46960.441779972054	2.069585750703728e8	1.1896320360112111e8
0.575039999999982	46963.38189157306	2.069585117541774e8	1.1902938015788709e8
0.575359999999982	46966.32754095982	2.0695844832635722e8	1.1909555661037615e8
0.575679999999982	46969.28017781175	2.0695838466888937e8	1.1916173289114755e8
0.575999999999982	46972.236913229885	2.069583210892703e8	1.1922790917586717e8
0.576319999999982	46975.20085905461	2.0695825721404088e8	1.1929408525069226e8
0.576639999999982	46978.184944655295	2.0695819385103446e8	1.1936026158663495e8
0.5769599999999819	46981.17607841335	2.069581303384427e8	1.1942643779679239e8
0.5772799999999819	46984.172093363515	2.0695806674854323e8	1.1949261392182261e8
0.5775999999999819	46987.17275587753	2.0695800292792943e8	1.1955878987294038e8
0.5779199999999819	46990.18023851436	2.069579390802907e8	1.1962496576855293e8
0.5782399999999819	46993.195540757544	2.069578749729004e8	1.1969114147447744e8
0.5785599999999819	46996.21422901595	2.0695781090578485e8	1.1975731716217181e8
0.5788799999999819	46999.23565669996	2.0695774667709485e8	1.1982349271455266e8
0.5791999999999818	47002.267708217674	2.0695768228155717e8	1.1988966813172579e8
0.5795199999999818	47005.29955962648	2.069576178061057e8	1.1995584345934945e8
0.5798399999999818	47008.33982151607	2.0695755322186413e8	1.2002201868422136e8
0.5801599999999818	47011.38436782237	2.0695748847263652e8	1.2008819377189402e8
0.5804799999999818	47014.430862054156	2.0695742371716762e8	1.2015436881337294e8
0.5807999999999818	47017.490835778364	2.0695735865045506e8	1.2022054363633889e8
0.5811199999999818	47020.55088155654	2.0695729366282046e8	1.2028671846168773e8
0.5814399999999817	47023.617328352855	2.0695722841575378e8	1.2035289309532104e8
0.5817599999999817	47026.686511222004	2.0695716319187802e8	1.2041906769986963e8
0.5820799999999817	47029.76476992954	2.0695709771708813e8	1.2048524211845152e8
0.5823999999999817	47032.849660453816	2.0695703211422634e8	1.2055141642133984e8
0.5827199999999817	47035.93494713722	2.069569664606293e8	1.2061759065086888e8
0.5830399999999817	47039.02940633145	2.069569006706637e8	1.2068376476072125e8
0.5833599999999817	47042.12848496757	2.0695683476420996e8	1.207499387604577e8
0.5836799999999817	47045.2337396183	2.069567686283904e8	1.2081611258472559e8
0.5839999999999816	47048.34173179435	2.0695670243640256e8	1.2088228633301573e8
0.5843199999999816	47051.45879136111	2.0695663614668268e8	1.2094845998361622e8
0.5846399999999816	47054.57863232174	2.069565697081427e8	1.2101463350394545e8
0.5849599999999816	47057.70574667408	2.0695650313303152e8	1.2108080690288742e8
0.5852799999999816	47060.837320666484	2.069564364935223e8	1.2114698022137855e8
0.5855999999999816	47063.97349465615	2.069563696668917e8	1.2121315338754414e8
0.5859199999999816	47067.1210484862	2.0695630268058023e8	1.212793264200855e8
0.5862399999999816	47070.26559299836	2.0695623567501104e8	1.213454993952064e8
0.5865599999999815	47073.42059641132	2.0695616846313885e8	1.2141167220874628e8
0.5868799999999815	47076.58130549868	2.069561011879949e8	1.2147784494247556e8
0.5871999999999815	47079.74735823067	2.0695603374655548e8	1.2154401753568304e8
0.5875199999999815	47082.921420804865	2.0695596610216966e8	1.2161018996777055e8
0.5878399999999815	47086.09426512962	2.0695589840376833e8	1.2167636232227966e8
0.5881599999999815	47089.279588183424	2.0695583060468462e8	1.2174253457735308e8
0.5884799999999815	47092.468294927734	2.0695576261702764e8	1.2180870667741732e8
0.5887999999999814	47095.66140189783	2.0695569453529382e8	1.2187487867834562e8
0.5891199999999814	47098.86108354559	2.0695562636585635e8	1.2194105058469146e8
0.5894399999999814	47102.06874927956	2.0695555801539984e8	1.2200722234193914e8
0.5897599999999814	47105.28075049897	2.0695548951825815e8	1.2207339396865918e8
0.5900799999999814	47108.50017332129	2.069554208470568e8	1.2213956544981848e8
0.5903999999999814	47111.723413722735	2.0695535208575767e8	1.2220573683333774e8
0.5907199999999814	47114.95212601683	2.0695528322547758e8	1.222719081145564e8
0.5910399999999814	47118.18611215277	2.0695521423946893e8	1.223380792774843e8
0.5913599999999813	47121.42783294484	2.069551451229117e8	1.2240425032015085e8
0.5916799999999813	47124.67316098761	2.0695507583978915e8	1.2247042121942768e8
0.5919999999999813	47127.928025273875	2.0695500647570053e8	1.2253659202824517e8
0.5923199999999813	47131.18665326362	2.0695493685751432e8	1.2260276264161383e8
0.5926399999999813	47134.45132969604	2.069548672271442e8	1.2266893320358454e8
0.5929599999999813	47137.720025193215	2.0695479746211153e8	1.2273510364068884e8
0.5932799999999813	47140.99850309778	2.0695472748773107e8	1.228012739108284e8
0.5935999999999813	47144.28192659798	2.0695465740684512e8	1.2286744407287435e8
0.5939199999999812	47147.57151752445	2.0695458709474805e8	1.2293361405315073e8
0.5942399999999812	47150.86347822211	2.069545168582733e8	1.2299978403222136e8
0.5945599999999812	47154.1648954123	2.0695444636615512e8	1.230659538160725e8
0.5948799999999812	47157.47457622869	2.0695437565265855e8	1.2313212342434995e8
0.5951999999999812	47160.787349446386	2.069543048842922e8	1.2319829295384587e8
0.5955199999999812	47164.10462598913	2.0695423404398397e8	1.2326446239490856e8
0.5958399999999812	47167.4298871327	2.0695416299823543e8	1.2333063166932788e8
0.5961599999999811	47170.762002932555	2.0695409180445504e8	1.2339680081066728e8
0.5964799999999811	47174.096837987025	2.069540205744389e8	1.2346296988379347e8
0.5967999999999811	47177.44019165777	2.06953949118692e8	1.2352913877791677e8
0.5971199999999811	47180.789920031995	2.0695387749007702e8	1.2359530752351385e8
0.5974399999999811	47184.146397062555	2.069538057750612e8	1.2366147617222224e8
0.5977599999999811	47187.50886221275	2.069537338667512e8	1.2372764465975001e8
0.5980799999999811	47190.87688264529	2.0695366194288406e8	1.2379381309203286e8
0.5983999999999811	47194.25069888122	2.0695358976729622e8	1.2385998132782681e8
0.598719999999981	47197.6326204166	2.0695351751089972e8	1.2392614947013988e8
0.599039999999981	47201.01718739291	2.0695344503662077e8	1.2399231743458484e8
0.599359999999981	47204.41237886181	2.0695337247860822e8	1.2405848530455016e8
0.599679999999981	47207.8091597134	2.0695329985162184e8	1.2412465308517946e8
0.599999999999981	47211.216178572526	2.0695322693602824e8	1.2419082064808445e8
0.600319999999981	47214.62863450472	2.0695315385904858e8	1.2425698806743275e8
0.600639999999981	47218.04499693174	2.0695308083504018e8	1.2432315547120458e8
0.600959999999981	47221.46955730782	2.0695300745418146e8	1.243893226148731e8
0.6012799999999809	47224.90037815376	2.069529340859136e8	1.2445548971945296e8
0.6015999999999809	47228.3381028208	2.0695286047913644e8	1.245216566341447e8
0.6019199999999809	47231.78305899308	2.0695278683812666e8	1.2458782348180138e8
0.6022399999999809	47235.23116616578	2.0695271294108117e8	1.2465399012718143e8
0.6025599999999809	47238.68886746249	2.069526389405242e8	1.2472015666450179e8
0.6028799999999809	47242.15239861764	2.0695256471872982e8	1.2478632302118441e8
0.6031999999999809	47245.62084219601	2.0695249051880312e8	1.2485248934328826e8
0.6035199999999808	47249.0988828275	2.0695241599895623e8	1.2491865542641117e8
0.6038399999999808	47252.578211563334	2.0695234144580346e8	1.249848214400143e8
0.6041599999999808	47256.06922168732	2.0695226667317417e8	1.2505098727570164e8
0.6044799999999808	47259.56363986229	2.0695219182703152e8	1.2511715301821089e8
0.6047999999999808	47263.06761068376	2.069521167225156e8	1.251833185580932e8
0.6051199999999808	47266.57672070693	2.069520415244307e8	1.25249483993075e8
0.6054399999999808	47270.093021473054	2.0695196617865157e8	1.2531564929110138e8
0.6057599999999808	47273.614945665344	2.0695189063596746e8	1.2538181442159586e8
0.6060799999999807	47277.1430037001	2.0695181507841933e8	1.2544797949489643e8
0.6063999999999807	47280.68014608732	2.0695173921106982e8	1.2551414433329426e8
0.6067199999999807	47284.22337571854	2.069516632629776e8	1.2558030907427898e8
0.6070399999999807	47287.77116860451	2.0695158720368513e8	1.2564647369867945e8
0.6073599999999807	47291.32085767297	2.0695151110457405e8	1.2571263824869165e8
0.6076799999999807	47294.88835785554	2.0695143458497775e8	1.2577880249919583e8
0.6079999999999807	47298.456524014764	2.0695135794073477e8	1.2584496662292016e8
0.6083199999999807	47302.03007575663	2.0695128136420038e8	1.2591113073860645e8
0.6086399999999806	47305.61374269093	2.069512044987446e8	1.2597729463110626e8
0.6089599999999806	47309.20396873434	2.069511274258973e8	1.2604345834839034e8
0.6092799999999806	47312.80220446643	2.0695105017057702e8	1.2610962190600249e8
0.6095999999999806	47316.40440350498	2.0695097289407548e8	1.2617578540050353e8
0.6099199999999806	47320.0113004711	2.0695089551700604e8	1.2624194878373641e8
0.6102399999999806	47323.63119532091	2.0695081770932052e8	1.2630811185742642e8
0.6105599999999806	47327.25403849787	2.069507399812474e8	1.2637427492875914e8
0.6108799999999805	47330.88369244075	2.069506620899293e8	1.264404378509544e8
0.6111999999999805	47334.522705475036	2.0695058393772137e8	1.2650660056515916e8
0.6115199999999805	47338.167055292106	2.0695050567859265e8	1.2657276316370659e8
0.6118399999999805	47341.81989274371	2.0695042716307282e8	1.2663892555626e8
0.6121599999999805	47345.47549254743	2.0695034872235733e8	1.2670508794308926e8
0.6124799999999805	47349.140358461	2.0695026992847013e8	1.2677125006465706e8
0.6127999999999805	47352.81491635244	2.0695019101585385e8	1.2683741206444682e8
0.6131199999999805	47356.49547237407	2.0695011189791003e8	1.269035738878109e8
0.6134399999999804	47360.1821200858	2.0695003268415418e8	1.2696973560176384e8
0.6137599999999804	47363.878426831245	2.0694995320362106e8	1.27035897102654e8
0.6140799999999804	47367.57764778825	2.0694987376606238e8	1.2710205857782537e8
0.6143999999999804	47371.287081463575	2.0694979396176606e8	1.2716821977840364e8
0.6147199999999804	47375.00501625049	2.0694971408174065e8	1.2723438088225622e8
0.6150399999999804	47378.72507524825	2.0694963406445298e8	1.2730054184900206e8
0.6153599999999804	47382.456901289144	2.0694955384330562e8	1.27366702641235e8
0.6156799999999804	47386.19486338741	2.069494733929241e8	1.2743286324096134e8
0.6159999999999803	47389.940567171994	2.0694939281078017e8	1.274990237086143e8
0.6163199999999803	47393.69181532766	2.0694931220910192e8	1.2756518411238532e8
0.6166399999999803	47397.45099469709	2.0694923124534047e8	1.27631344241936e8
0.6169599999999803	47401.216287093914	2.0694915020311454e8	1.2769750427119608e8
0.6172799999999803	47404.99350865408	2.0694906896137005e8	1.2776366412758607e8
0.6175999999999803	47408.77131496643	2.069489876717772e8	1.2782982390023635e8
0.6179199999999803	47412.56234458772	2.0694890602094942e8	1.2789598340028161e8
0.6182399999999802	47416.36424148698	2.0694882418270928e8	1.2796214273392694e8
0.6185599999999802	47420.16658089503	2.0694874225166747e8	1.2802830195552796e8
0.6188799999999802	47423.97577929741	2.0694866033221146e8	1.2809446113204396e8
0.6191999999999802	47427.79568445689	2.0694857811586818e8	1.2816062007393812e8
0.6195199999999802	47431.62264205248	2.0694849567490426e8	1.2822677882429545e8
0.6198399999999802	47435.45645073566	2.0694841309818733e8	1.2829293743790065e8
0.6201599999999802	47439.29903585443	2.0694833031421027e8	1.2835909587100232e8
0.6204799999999802	47443.14872171511	2.0694824735956603e8	1.2842525414546229e8
0.6207999999999801	47447.005341166536	2.0694816423739576e8	1.2849141226299655e8
0.6211199999999801	47450.86893259897	2.0694808095546925e8	1.2855757022827813e8
0.6214399999999801	47454.74325752204	2.0694799751784185e8	1.286237280450911e8
0.6217599999999801	47458.625322336105	2.06947913819322e8	1.2868988564673945e8
0.6220799999999801	47462.512775354386	2.0694783002923378e8	1.287560431374097e8
0.6223999999999801	47466.4089894981	2.0694774601509342e8	1.2882220043582445e8
0.6227199999999801	47470.312502578534	2.069476618697641e8	1.2888835759903634e8
0.62303999999998	47474.22129664657	2.069475775272347e8	1.2895451458502416e8
0.62335999999998	47478.14179323918	2.0694749295577848e8	1.2902067137623495e8
0.62367999999998	47482.06611453923	2.0694740829971856e8	1.2908682805948457e8
0.62399999999998	47485.998843278445	2.0694732341427463e8	1.291529845460683e8
0.62431999999998	47489.94548965594	2.069472382820284e8	1.292191408269534e8
0.62463999999998	47493.892191323845	2.0694715314535207e8	1.2928529704808152e8
0.62495999999998	47497.85278538532	2.0694706765419316e8	1.2935145299586906e8
0.62527999999998	47501.81927131909	2.0694698200554076e8	1.2941760879013774e8
0.62559999999998	47505.790880195345	2.0694689627380368e8	1.2948376447699298e8
0.6259199999999799	47509.77467455878	2.069468102352694e8	1.2954991991896594e8
0.6262399999999799	47513.76791004437	2.0694672414827463e8	1.2961607527650541e8
0.6265599999999799	47517.767123290636	2.0694663764365682e8	1.2968223031695998e8
0.6268799999999799	47521.77227416476	2.0694655115344167e8	1.2974838531073628e8
0.6271999999999799	47525.789013674075	2.0694646435336083e8	1.2981454005656804e8
0.6275199999999799	47529.80981731112	2.0694637755720124e8	1.2988069474825151e8
0.6278399999999799	47533.83889025513	2.0694629049337578e8	1.2994684921683829e8
0.6281599999999798	47537.87982015832	2.0694620310194552e8	1.3001300342574625e8
0.6284799999999798	47541.92532123111	2.069461156797854e8	1.300791575585227e8
0.6287999999999798	47545.97821028827	2.069460281249616e8	1.3014531155208334e8
0.6291199999999798	47550.04505397748	2.069459401607644e8	1.3021146523464555e8
0.6294399999999798	47554.11623857678	2.0694585221210846e8	1.3027761886969873e8
0.6297599999999798	47558.196954975734	2.0694576392945135e8	1.303437722390477e8
0.6300799999999798	47562.28733050426	2.069456755263188e8	1.3040992547694805e8
0.6303999999999798	47566.38045321573	2.0694558690532333e8	1.3047607851932715e8
0.6307199999999797	47570.48972119863	2.069454980150267e8	1.3054223133847769e8
0.6310399999999797	47574.60027643245	2.0694540911520267e8	1.3060838409257129e8
0.6313599999999797	47578.72475442027	2.0694531992443433e8	1.3067453660858013e8
0.6316799999999797	47582.855174084	2.069452304950728e8	1.3074068891634111e8
0.6319999999999797	47586.995144942906	2.0694514090415594e8	1.308068410656357e8
0.6323199999999797	47591.141508041015	2.0694505111588088e8	1.3087299303249927e8
0.6326399999999797	47595.29657196024	2.0694496126716346e8	1.3093914490420276e8
0.6329599999999797	47599.46509708316	2.0694487096833706e8	1.3100529643578364e8
0.6332799999999796	47603.63975271385	2.0694478060791633e8	1.3107144787014715e8
0.6335999999999796	47607.82156176543	2.0694468996392894e8	1.311375990669614e8
0.6339199999999796	47612.00862302759	2.0694459937903857e8	1.3120375024247263e8
0.6342399999999796	47616.20986004296	2.0694450834761357e8	1.3126990107930462e8
0.6345599999999796	47620.415794959925	2.0694441718628484e8	1.3133605177447279e8
0.6348799999999796	47624.636144817974	2.06944325792691e8	1.3140220226640862e8
0.6351999999999796	47628.86223415459	2.0694423426200446e8	1.3146835261216402e8
0.6355199999999795	47633.09864140677	2.069441424300462e8	1.3153450270893155e8
0.6358399999999795	47637.336627934084	2.0694405055020648e8	1.3160065271434548e8
0.6361599999999795	47641.59289806346	2.0694395829058674e8	1.3166680242329545e8
0.6364799999999795	47645.84780092702	2.069438660451812e8	1.317329520790253e8
0.6367999999999795	47650.1200097437	2.069437733671561e8	1.317991014037883e8
0.6371199999999795	47654.398993216506	2.069436805300681e8	1.318652505676194e8
0.6374399999999795	47658.686555683365	2.0694358760902327e8	1.3193139961888917e8
0.6377599999999795	47662.98402494208	2.069434943285835e8	1.3199754838232636e8
0.6380799999999794	47667.28891706778	2.0694340094729778e8	1.3206369702165239e8
0.6383999999999794	47671.60468090805	2.0694330731264785e8	1.3212984544064274e8
0.6387199999999794	47675.927470805735	2.069432135557053e8	1.3219599372137249e8
0.6390399999999794	47680.26135196578	2.0694311942244163e8	1.3226214170285045e8
0.6393599999999794	47684.603812783505	2.069430251795873e8	1.3232828955433571e8
0.6396799999999794	47688.95017371519	2.0694293092416215e8	1.3239443733609037e8
0.6399999999999794	47693.31393077781	2.0694283614873022e8	1.3246058472819814e8
0.6403199999999794	47697.68764228645	2.0694274113887084e8	1.3252673191032869e8
0.6406399999999793	47702.06602711256	2.0694264602936465e8	1.3259287896669538e8
0.6409599999999793	47706.45227459954	2.069425508206055e8	1.3265902589859569e8
0.6412799999999793	47710.849897243184	2.0694245515275705e8	1.3272517247643091e8
0.6415999999999793	47715.25581196178	2.0694235956883287e8	1.327913190470419e8
0.6419199999999793	47719.66964065514	2.0694226365763155e8	1.3285746534640749e8
0.6422399999999793	47724.098404223674	2.069421672805914e8	1.3292361128772783e8
0.6425599999999793	47728.53484392121	2.0694207096925315e8	1.3298975720949362e8
0.6428799999999792	47732.97924735579	2.0694197436747804e8	1.330559028829088e8
0.6431999999999792	47737.435468653086	2.069418774677729e8	1.3312204830424245e8
0.6435199999999792	47741.8975273555	2.069417803776546e8	1.3318819354025455e8
0.6438399999999792	47746.373508714634	2.0694168303283465e8	1.3325433855224483e8
0.6441599999999792	47750.85429698193	2.069415856797657e8	1.3332048349546662e8
0.6444799999999792	47755.34860881073	2.0694148786313525e8	1.333866280795665e8
0.6447999999999792	47759.84950860624	2.06941389961666e8	1.3345277254582338e8
0.6451199999999792	47764.35912730845	2.06941291798684e8	1.3351891678092982e8
0.6454399999999791	47768.88016947467	2.0694119350979117e8	1.3358506087310818e8
0.6457599999999791	47773.41071465872	2.069410948569565e8	1.3365120466783547e8
0.6460799999999791	47777.95080194625	2.069409959889548e8	1.3371734826088743e8
0.6463999999999791	47782.498911180606	2.0694089696475706e8	1.3378349168962963e8
0.6467199999999791	47787.06330959479	2.0694079756009984e8	1.3384963481178945e8
0.6470399999999791	47791.63066283058	2.069406982113257e8	1.339157779046106e8
0.6473599999999791	47796.211165650646	2.06940598457719e8	1.3398192067349009e8
0.647679999999979	47800.80234686501	2.0694049842894647e8	1.3404806320113856e8
0.647999999999979	47805.398673689866	2.0694039830610764e8	1.3411420560268655e8
0.648319999999979	47810.01328148529	2.0694029775289905e8	1.34180347664626e8
0.648639999999979	47814.63036085159	2.06940197074233e8	1.3424648957874975e8
0.648959999999979	47819.26425972859	2.0694009621616852e8	1.3431263131496614e8
0.649279999999979	47823.89782896466	2.0693999520773706e8	1.3437877288592175e8
0.649599999999979	47828.55135287378	2.0693989372962838e8	1.344449140911563e8
0.649919999999979	47833.2074691911	2.0693979220828173e8	1.345110552012729e8
0.650239999999979	47837.88200656952	2.0693969032976446e8	1.345771960176323e8
0.6505599999999789	47842.56249504838	2.0693958820821676e8	1.3464333660977143e8
0.6508799999999789	47847.25263469163	2.0693948592301062e8	1.347094770304046e8
0.6511999999999789	47851.951994479095	2.0693938345500207e8	1.3477561726674867e8
0.6515199999999789	47856.66840855598	2.0693928054999566e8	1.3484175715573582e8
0.6518399999999789	47861.38267280007	2.0693917760664764e8	1.3490789695010418e8
0.6521599999999789	47866.12255109367	2.069390741680903e8	1.3497403636152557e8
0.6524799999999789	47870.865793581026	2.06938970631136e8	1.3504017564067984e8
0.6527999999999788	47875.6207451784	2.069388669806572e8	1.3510631478049135e8
0.6531199999999788	47880.380142739086	2.0693876300840208e8	1.351724536423071e8
0.6534399999999788	47885.15308742674	2.0693865877769583e8	1.3523859227034718e8
0.6537599999999788	47889.94462617782	2.0693855427368996e8	1.3530473065639052e8
0.6540799999999788	47894.73866592037	2.069384494613463e8	1.353708687716723e8
0.6543999999999788	47899.54195125961	2.0693834448503885e8	1.3543700671270338e8
0.6547199999999788	47904.362068458715	2.069382393123396e8	1.3550314446070558e8
0.6550399999999788	47909.187222280176	2.0693813383142787e8	1.355692819381583e8
0.6553599999999787	47914.02674067102	2.0693802815415135e8	1.3563541922127613e8
0.6556799999999787	47918.8781593869	2.0693792201637846e8	1.3570155613582247e8
0.6559999999999787	47923.733614924815	2.0693781588591433e8	1.3576769298551893e8
0.6563199999999787	47928.60877651455	2.069377092911442e8	1.3583382946622366e8
0.6566399999999787	47933.48968766822	2.0693760258457685e8	1.3589996580415127e8
0.6569599999999787	47938.38169558663	2.0693749559549528e8	1.3596610188886902e8
0.6572799999999787	47943.28720764527	2.0693738826504084e8	1.3603223768223342e8
0.6575999999999786	47948.19841022616	2.0693728088013083e8	1.3609837336990526e8
0.6579199999999786	47953.12555056675	2.0693717311293688e8	1.3616450873964733e8
0.6582399999999786	47958.06467060323	2.0693706488905573e8	1.3623064374074945e8
0.6585599999999786	47963.00640736306	2.0693695694719708e8	1.3629677885604942e8
0.6588799999999786	47967.96980872708	2.0693684824973804e8	1.363629134086441e8
0.6591999999999786	47972.94361759157	2.069367393573778e8	1.364290477635639e8
0.6595199999999786	47977.92306536196	2.069366302716673e8	1.364951819200109e8
0.6598399999999786	47982.91779518481	2.069365209795355e8	1.3656131587244946e8
0.6601599999999785	47987.91813322274	2.069364114434804e8	1.3662744959262198e8
0.6604799999999785	47992.93549260705	2.069363016507259e8	1.3669358307572544e8
0.6607999999999785	47997.9610572571	2.069361913764696e8	1.3675971616995728e8
0.6611199999999785	48002.99890429506	2.0693608105707198e8	1.3682584916471565e8
0.6614399999999785	48008.05012527391	2.069359704339497e8	1.3689198188927767e8
0.6617599999999785	48013.110258638735	2.069358594408242e8	1.3695811429796925e8
0.6620799999999785	48018.1822889534	2.0693574831737754e8	1.3702424655012393e8
0.6623999999999785	48023.267276886276	2.069356368882444e8	1.3709037852980128e8
0.6627199999999784	48028.36002734884	2.0693552516908365e8	1.3715651024532068e8
0.6630399999999784	48033.46982528021	2.0693541330899906e8	1.372226417983866e8
0.6633599999999784	48038.59098818751	2.0693530090892366e8	1.372887729222094e8
0.6636799999999784	48043.7241446769	2.0693518826438016e8	1.3735490381260368e8
0.6639999999999784	48048.86394531931	2.0693507545126283e8	1.374210345179197e8
0.6643199999999784	48054.022344464174	2.069349623596466e8	1.3748716496897653e8
0.6646399999999784	48059.182369941685	2.069348490853667e8	1.3755329522349325e8
0.6649599999999783	48064.36207763756	2.0693473552026516e8	1.3761942521542156e8
0.6652799999999783	48069.55617993518	2.0693462137795517e8	1.376855547521661e8
0.6655999999999783	48074.755666748184	2.069345072341302e8	1.3775168421332756e8
0.6659199999999783	48079.96966269415	2.0693439281487125e8	1.3781781341953948e8
0.6662399999999783	48085.1960297315	2.0693427802966467e8	1.3788394230950618e8
0.6665599999999783	48090.436742057005	2.0693416280919638e8	1.3795007083732072e8
0.6668799999999783	48095.68129505559	2.069340477391221e8	1.3801619938961425e8
0.6671999999999783	48100.95497607212	2.0693393172357818e8	1.3808232724378288e8
0.6675199999999782	48106.226533362504	2.069338160837095e8	1.3814845527039108e8
0.6678399999999782	48111.50700166025	2.069337000275866e8	1.382145829445846e8
0.6681599999999782	48116.8147046705	2.0693358325012514e8	1.3828071006819072e8
0.6684799999999782	48122.13022717386	2.0693346663988656e8	1.3834683722803977e8
0.6687999999999782	48127.44933727825	2.0693334957159212e8	1.384129640046968e8
0.6691199999999782	48132.79350843184	2.069332319740532e8	1.3847909035719e8
0.6694399999999782	48138.13712012335	2.0693311448124495e8	1.3854521670092654e8
0.6697599999999782	48143.50360842867	2.0693299647874233e8	1.386113426322296e8
0.6700799999999781	48148.87669765982	2.0693287832514033e8	1.3867746838550562e8
0.6703999999999781	48154.26912584704	2.0693275968261734e8	1.38743593738326e8
0.6707199999999781	48159.66481151946	2.0693264094355163e8	1.3880971894808358e8
0.6710399999999781	48165.0787995814	2.0693252170908964e8	1.3887584375198486e8
0.6713599999999781	48170.50024033158	2.0693240242027995e8	1.3894196844207358e8
0.6716799999999781	48175.93968976767	2.0693228266852775e8	1.3900809274731112e8
0.6719999999999781	48181.39298094066	2.0693216257394752e8	1.3907421674658594e8
0.672319999999978	48186.85695320007	2.0693204223008123e8	1.391403405014101e8
0.672639999999978	48192.33547880179	2.0693192160798293e8	1.3920646399333143e8
0.672959999999978	48197.822037834856	2.069318007085305e8	1.3927258722052738e8
0.673279999999978	48203.32737857655	2.0693167937383914e8	1.39338710079935e8
0.673599999999978	48208.84311821054	2.0693155785412487e8	1.3940483273692775e8
0.673919999999978	48214.37424039301	2.069314360818301e8	1.394709551474147e8
0.674239999999978	48219.921758751894	2.0693131372547516e8	1.3953707708797193e8
0.674559999999978	48225.46898995432	2.0693119150885734e8	1.3960319904083836e8
0.6748799999999779	48231.04239150636	2.0693106861693808e8	1.3966932046469694e8
0.6751999999999779	48236.62544905358	2.069309455521016e8	1.397354416927203e8
0.6755199999999779	48242.223944926394	2.0693082191165346e8	1.3980156245458123e8
0.6758399999999779	48247.83437069345	2.0693069828231952e8	1.3986768314510787e8
0.6761599999999779	48253.450589937835	2.0693057444995233e8	1.3993380361751422e8
0.6764799999999779	48259.091280016015	2.0693045000753072e8	1.399999236023007e8
0.6767999999999779	48264.74050333675	2.0693032526296356e8	1.4006604330209985e8
0.6771199999999779	48270.40475728131	2.0693020024920702e8	1.401321627410265e8
0.6774399999999778	48276.08518346528	2.069300748797019e8	1.4019828186053747e8
0.6777599999999778	48281.77776677669	2.0692994918845856e8	1.4026440068203264e8
0.6780799999999778	48287.48227456698	2.069298231792625e8	1.4033051920768353e8
0.6783999999999778	48293.19827708702	2.0692969696405482e8	1.403966375129761e8
0.6787199999999778	48298.935208807845	2.0692957020276183e8	1.4046275536991778e8
0.6790399999999778	48304.675268549814	2.0692944344319206e8	1.4052887314423475e8
0.6793599999999778	48310.4408113739	2.0692931614080685e8	1.405949904731557e8
0.6796799999999777	48316.21192355151	2.0692918856810477e8	1.406611075349682e8
0.6799999999999777	48322.001879154865	2.0692906044968137e8	1.4072722414638007e8
0.6803199999999777	48327.80586207739	2.0692893216486225e8	1.4079334056337246e8
0.6806399999999777	48333.62182633533	2.069288035637627e8	1.4085945668310127e8
0.6809599999999777	48339.45311471834	2.0692867471713045e8	1.4092557255449426e8
0.6812799999999777	48345.297745668955	2.0692854538272837e8	1.4099168801163805e8
0.6815999999999777	48351.16111010281	2.0692841577866638e8	1.4105780320443186e8
0.6819199999999777	48357.03571575074	2.069282858850927e8	1.4112391811667827e8
0.6822399999999776	48362.91892566246	2.0692815564261448e8	1.4119003270673048e8
0.6825599999999776	48368.82421882844	2.0692802502119872e8	1.412561469580248e8
0.6828799999999776	48374.74301774434	2.069278939343235e8	1.41322260808372e8
0.6831999999999776	48380.67323706537	2.069277625105044e8	1.4138837434445345e8
0.6835199999999776	48386.618712797615	2.0692763114628527e8	1.414544878381945e8
0.6838399999999776	48392.58251178448	2.0692749889653376e8	1.4152060064428794e8
0.6841599999999776	48398.55590601075	2.069273666692394e8	1.4158671338031954e8
0.6844799999999776	48404.55345138217	2.0692723385758144e8	1.4165282563553768e8
0.6847999999999775	48410.56039895677	2.0692710090091875e8	1.4171893770558226e8
0.6851199999999775	48416.58819800123	2.069269671921612e8	1.4178504917798063e8
0.6854399999999775	48422.61545830587	2.069268337096476e8	1.4185116071585476e8
0.6857599999999775	48428.66744906675	2.069266995659862e8	1.4191727171882522e8
0.6860799999999775	48434.73670704926	2.0692656495139349e8	1.4198338231439447e8
0.6863999999999775	48440.81679664241	2.069264303422104e8	1.42049492827036e8
0.6867199999999775	48446.91887476843	2.0692629499871433e8	1.4211560275225753e8
0.6870399999999774	48453.02623710639	2.0692615950541487e8	1.4218171248568672e8
0.6873599999999774	48459.15586803513	2.0692602352325046e8	1.4224782179942736e8
0.6876799999999774	48465.29954611579	2.069258871025563e8	1.423139307250355e8
0.6879999999999774	48471.458626577245	2.06925750514948e8	1.4238003944937104e8
0.6883199999999774	48477.62871754451	2.0692561363346773e8	1.424461478835025e8
0.6886399999999774	48483.824328076815	2.0692547606593886e8	1.4251225576158625e8
0.6889599999999774	48490.027706063105	2.0692533839154008e8	1.4257836347644848e8
0.6892799999999774	48496.248158154456	2.0692520028490636e8	1.4264447080660325e8
0.6895999999999773	48502.49065641592	2.0692506159893024e8	1.4271057765171736e8
0.6899199999999773	48508.74554539856	2.0692492271837452e8	1.4277668427367496e8
0.6902399999999773	48515.0065637974	2.069247836736203e8	1.4284279069130817e8
0.6905599999999773	48521.28979584384	2.0692464406262967e8	1.4290889663179928e8
0.6908799999999773	48527.595099707105	2.0692450402847707e8	1.4297500219338676e8
0.6911999999999773	48533.90981827906	2.0692436354388872e8	1.4304110735288304e8
0.6915199999999773	48540.24733170529	2.0692422272338563e8	1.431072121931678e8
0.6918399999999773	48546.597050192504	2.0692408173580378e8	1.4317331682744077e8
0.6921599999999772	48552.94992962383	2.0692394039319515e8	1.4323942112265557e8
0.6924799999999772	48559.33881712449	2.0692379824522725e8	1.433055247767233e8
0.6927999999999772	48565.74160489999	2.0692365593996033e8	1.4337162823102084e8
0.6931199999999772	48572.152338870976	2.0692351342582098e8	1.4343773144781008e8
0.6934399999999772	48578.5822953111	2.069233702632055e8	1.4350383412550095e8
0.6937599999999772	48585.03009524766	2.06923226760748e8	1.4356993647714818e8
0.6940799999999772	48591.49704033415	2.0692308289479303e8	1.436360384863878e8
0.6943999999999771	48597.97318332831	2.0692293873490638e8	1.4370214019811907e8
0.6947199999999771	48604.476256245776	2.0692279394007275e8	1.437682413805541e8
0.6950399999999771	48610.99487556045	2.0692264877872825e8	1.438343422161598e8
0.6953599999999771	48617.52759598669	2.0692250325569367e8	1.4390044270748124e8
0.6956799999999771	48624.071140899614	2.069223575530034e8	1.4396654297979826e8
0.6959999999999771	48630.63273050064	2.0692221131431323e8	1.4403264278710735e8
0.6963199999999771	48637.22405464004	2.0692206459031963e8	1.4409874216772753e8
0.696639999999977	48643.819032879066	2.0692191755463856e8	1.4416484123420048e8
0.696959999999977	48650.4364274114	2.0692177011131302e8	1.4423093992503092e8
0.697279999999977	48657.072766376834	2.0692162209017345e8	1.4429703812009925e8
0.697599999999977	48663.723914743816	2.0692147377619162e8	1.4436313601637834e8
0.697919999999977	48670.393815966636	2.069213249823575e8	1.444292334842461e8
0.698239999999977	48677.08145773024	2.0692117593791047e8	1.4449533068298253e8
0.698559999999977	48683.781006826444	2.0692102648542494e8	1.445614275006004e8
0.698879999999977	48690.50455993555	2.0692087633054075e8	1.4462752373461664e8
0.699199999999977	48697.24571072633	2.0692072612171078e8	1.4469361983580518e8
0.6995199999999769	48704.00740813354	2.0692057522322157e8	1.4475971536028916e8
0.6998399999999769	48710.777710340495	2.0692042388331556e8	1.4482581047753233e8
0.7001599999999769	48717.57876889391	2.0692027212848833e8	1.4489190521229568e8
0.7004799999999769	48724.38514226303	2.0692012015641063e8	1.4495799969499555e8
0.7007999999999769	48731.21335170894	2.0691996781944105e8	1.4502409382689434e8
0.7011199999999769	48738.0711266494	2.0691981453285533e8	1.4509018719996905e8
0.7014399999999769	48744.926332277304	2.0691966151890346e8	1.451562806610206e8
0.7017599999999768	48751.81900541677	2.0691950748053443e8	1.4522237331203523e8
0.7020799999999768	48758.71920146331	2.0691935318072757e8	1.452884656787449e8
0.7023999999999768	48765.64336679517	2.069191985115269e8	1.4535455768995768e8
0.7027199999999768	48772.575363057724	2.0691904348663244e8	1.454206493501255e8
0.7030399999999768	48779.532798641594	2.069188879026189e8	1.454867405211123e8
0.7033599999999768	48786.50720872957	2.0691873188738778e8	1.4555283128980666e8
0.7036799999999768	48793.503990836674	2.0691857538247895e8	1.4561892161624056e8
0.7039999999999768	48800.52178009759	2.0691841850917122e8	1.4568501158489865e8
0.7043199999999767	48807.56086363355	2.0691826088380975e8	1.4575110092527622e8
0.7046399999999767	48814.605134415855	2.069181033805478e8	1.4581719024783686e8
0.7049599999999767	48821.679299957206	2.0691794477826753e8	1.4588327869914332e8
0.7052799999999767	48828.765410558495	2.069177861746086e8	1.459493670469649e8
0.7055999999999767	48835.88288395491	2.0691762696510962e8	1.4601545487049755e8
0.7059199999999767	48843.010387389695	2.069174675453142e8	1.4608154244207808e8
0.7062399999999767	48850.16201579109	2.0691730713687095e8	1.461476292159327e8
0.7065599999999767	48857.32628660971	2.0691714671693513e8	1.462137158781384e8
0.7068799999999766	48864.51298159148	2.0691698581016913e8	1.462798020955327e8
0.7071999999999766	48871.727930850604	2.0691682412195966e8	1.4634588766098318e8
0.7075199999999766	48878.94949941249	2.0691666238546056e8	1.464119730861058e8
0.7078399999999766	48886.19579948099	2.069164997119486e8	1.4647805774706563e8
0.7081599999999766	48893.47011737757	2.0691633676636764e8	1.4654414211478513e8
0.7084799999999766	48900.75416570205	2.0691617347118068e8	1.4661022612871164e8
0.7087999999999766	48908.06809563549	2.0691600942283097e8	1.466763095083272e8
0.7091199999999765	48915.39313450859	2.0691584496221948e8	1.4674239248915917e8
0.7094399999999765	48922.73245893601	2.0691568032322738e8	1.4680847523764884e8
0.7097599999999765	48930.101408133654	2.0691551523429924e8	1.4687455756532407e8
0.7100799999999765	48937.492052502515	2.069153493265546e8	1.469406392074909e8
0.7103999999999765	48944.89501859158	2.069151831042481e8	1.4700672051885036e8
0.7107199999999765	48952.32733600773	2.0691501611725408e8	1.470728011841017e8
0.7110399999999765	48959.77678038772	2.0691484874958643e8	1.4713888147199953e8
0.7113599999999765	48967.24644643252	2.0691468105004793e8	1.4720496141777152e8
0.7116799999999764	48974.74382865724	2.0691451262501895e8	1.472710407431093e8
0.7119999999999764	48982.25743684506	2.06914343907686e8	1.4733711975240937e8
0.7123199999999764	48989.78980486809	2.0691417467016482e8	1.47403198283778e8
0.7126399999999764	48997.34280473147	2.0691400475294554e8	1.474692762235626e8
0.7129599999999764	49004.91514447441	2.0691383472855762e8	1.4753535397891062e8
0.7132799999999764	49012.508811916094	2.0691366417093766e8	1.4760143124636808e8
0.7135999999999764	49020.145558565055	2.0691349278515726e8	1.476675078211713e8
0.7139199999999764	49027.829522811735	2.06913321854245e8	1.477335846196476e8
0.7142399999999763	49035.540049252224	2.0691315039897907e8	1.477996609368864e8
0.7145599999999763	49043.27052398073	2.0691297852420276e8	1.478657368453878e8
0.7148799999999763	49051.02856331055	2.0691280595679477e8	1.4793181215165251e8
0.7151999999999763	49058.788183620985	2.069126330693786e8	1.4799788711408937e8
0.7155199999999763	49066.58900581947	2.069124594574112e8	1.4806396145420235e8
0.7158399999999763	49074.41613655463	2.0691228527706268e8	1.4813003527881703e8
0.7161599999999763	49082.253217691046	2.0691211071639192e8	1.4819610871739966e8
0.7164799999999762	49090.12225227628	2.06911935595547e8	1.4826218164695355e8
0.7167999999999762	49097.99937255308	2.0691176011744907e8	1.4832825420560488e8
0.7171199999999762	49105.908112233206	2.0691158389885303e8	1.4839432612482736e8
0.7174399999999762	49113.84615685234	2.0691140682579648e8	1.484603973214646e8
0.7177599999999762	49121.80187695907	2.0691122954487056e8	1.4852646825548312e8
0.7180799999999762	49129.768536338015	2.0691105201400286e8	1.4859253889455602e8
0.7183999999999762	49137.76939339486	2.0691087358854914e8	1.4865860878186995e8
0.7187199999999762	49145.79477258146	2.0691069467031798e8	1.4872467820259964e8
0.7190399999999761	49153.8351445132	2.069105152701674e8	1.4879074716137844e8
0.7193599999999761	49161.906772706985	2.0691033504778615e8	1.488568154174872e8
0.7196799999999761	49170.00833002504	2.0691015432620636e8	1.4892288320221433e8
0.7199999999999761	49178.11777564461	2.0690997340790924e8	1.4898895072666687e8
0.7203199999999761	49186.25891943282	2.0690979148316538e8	1.490550174140433e8
0.7206399999999761	49194.42241838982	2.0690960923436484e8	1.4912108375249454e8
0.7209599999999761	49202.606134546986	2.069094264596475e8	1.491871495955583e8
0.721279999999976	49210.817450481336	2.0690924323161286e8	1.4925321499713257e8
0.721599999999976	49219.05430787707	2.0690905917094454e8	1.4931927968246794e8
0.721919999999976	49227.311715626	2.0690887483567166e8	1.49385344052205e8
0.722239999999976	49235.59800513069	2.069086894881741e8	1.494514075756358e8
0.722559999999976	49243.91526547429	2.069085038672302e8	1.4951747078615215e8
0.722879999999976	49252.24403773547	2.069083173839766e8	1.495835332523918e8
0.723199999999976	49260.61003260575	2.0690813067279902e8	1.496495954394203e8
0.723519999999976	49268.9807401304	2.0690794324110693e8	1.4971565698159575e8
0.723839999999976	49277.395735557424	2.0690775507717395e8	1.4978171788066295e8
0.7241599999999759	49285.83439274481	2.069075660463387e8	1.4984777803267056e8
0.7244799999999759	49294.28743416739	2.0690737698611242e8	1.4991383804096758e8
0.7247999999999759	49302.770526599146	2.0690718720269358e8	1.4997989740695626e8
0.7251199999999759	49311.275287742326	2.069069968296831e8	1.500459562244859e8
0.7254399999999759	49319.80681837107	2.069068056582912e8	1.5011201434290582e8
0.7257599999999759	49328.36503483708	2.069066141023116e8	1.5017807206171584e8
0.7260799999999759	49336.94339978834	2.0690642174863344e8	1.5024412907877886e8
0.7263999999999758	49345.53758726251	2.0690622934815302e8	1.5031018593757725e8
0.7267199999999758	49354.1867214872	2.0690603565997046e8	1.50376241746956e8
0.7270399999999758	49362.84978716459	2.069058413598761e8	1.5044229698575723e8
0.7273599999999758	49371.531457495694	2.0690564712719265e8	1.505083521487664e8
0.7276799999999758	49380.2490097411	2.069054513910799e8	1.5057440609766632e8
0.7279999999999758	49388.99550624335	2.0690525526948735e8	1.5064045964295948e8
0.7283199999999758	49397.75322164258	2.0690505876834366e8	1.507065127837503e8
0.7286399999999758	49406.54858727429	2.069048616481831e8	1.5077256535235175e8
0.7289599999999757	49415.36808237532	2.0690466384945673e8	1.5083861730106002e8
0.7292799999999757	49424.225342020036	2.069044650595414e8	1.5090466840490192e8
0.7295999999999757	49433.089966204985	2.0690426622079563e8	1.5097071934221432e8
0.7299199999999757	49441.988155309045	2.0690406619941783e8	1.5103676929243502e8
0.7302399999999757	49450.91810947062	2.0690386599881682e8	1.511028189866402e8
0.7305599999999757	49459.86847812281	2.0690366458288145e8	1.5116886766462758e8
0.7308799999999757	49468.850049209286	2.0690346315789893e8	1.5123491620976537e8
0.7311999999999756	49477.85311407442	2.069032610487857e8	1.5130096412578413e8
0.7315199999999756	49486.898309064934	2.069030575799851e8	1.513670109233637e8
0.7318399999999756	49495.956158182235	2.0690285403931862e8	1.5143305753573328e8
0.7321599999999756	49505.05510172531	2.0690264967174187e8	1.5149910341761592e8
0.7324799999999756	49514.1830689322	2.069024442174986e8	1.5156514837468293e8
0.7327999999999756	49523.32189347451	2.0690223891049713e8	1.5163119330521718e8
0.7331199999999756	49532.498061535494	2.069020322278446e8	1.5169723709995502e8
0.7334399999999756	49541.70870036194	2.0690182523892486e8	1.5176328054110315e8
0.7337599999999755	49550.94350856198	2.069016176302225e8	1.5182932339554673e8
0.7340799999999755	49560.20658108033	2.069014090426946e8	1.5189536540019023e8
0.7343999999999755	49569.50571931205	2.0690119961099136e8	1.5196140665502602e8
0.7347199999999755	49578.82046996156	2.069009901501613e8	1.520274477526157e8
0.7350399999999755	49588.168415863816	2.069007796042151e8	1.5209348792138064e8
0.7353599999999755	49597.55195961939	2.0690056823245317e8	1.5215952735156226e8
0.7356799999999755	49606.964091540955	2.0690035631601113e8	1.5222556624730667e8
0.7359999999999755	49616.401308635286	2.0690014377412942e8	1.5229160454769966e8
0.7363199999999754	49625.859692809216	2.0689993049520385e8	1.5235764216890723e8
0.7366399999999754	49635.358632646836	2.068997165820683e8	1.524236791910592e8
0.7369599999999754	49644.886360493605	2.0689950175994796e8	1.5248971540791443e8
0.7372799999999754	49654.42978174557	2.0689928680982062e8	1.5255575139093173e8
0.7375999999999754	49664.029381384134	2.0689906983268285e8	1.5262178574989143e8
0.7379199999999754	49673.656328481025	2.0689885301572448e8	1.526878200892089e8
0.7382399999999754	49683.298615455235	2.0689863535741755e8	1.5275385366650042e8
0.7385599999999753	49692.978008709855	2.0689841674508795e8	1.5281988640341768e8
0.7388799999999753	49702.68461692269	2.068981978562235e8	1.5288591879700848e8
0.7391999999999753	49712.415805606564	2.0689797828538632e8	1.5295195054659456e8
0.7395199999999753	49722.19175482609	2.0689775742248783e8	1.5301798120558137e8
0.7398399999999753	49732.01083774677	2.0689753620359978e8	1.5308401146480572e8
0.7401599999999753	49741.84658171237	2.0689731360167325e8	1.5315004055682516e8
0.7404799999999753	49751.69852059081	2.0689709127841207e8	1.5321606971063355e8
0.7407999999999753	49761.600278120655	2.068968675003505e8	1.5328209765104663e8
0.7411199999999752	49771.546744499145	2.0689664271333796e8	1.5334812470572513e8
0.7414399999999752	49781.492400931915	2.0689641793540958e8	1.534141516167001e8
0.7417599999999752	49791.487864922456	2.0689619190840298e8	1.534801774637981e8
0.7420799999999752	49801.526546340014	2.068959649502889e8	1.535462024800321e8
0.7423999999999752	49811.5800531712	2.0689573746523812e8	1.5361222695720935e8
0.7427199999999752	49821.68357405994	2.068955088848254e8	1.5367825048168233e8
0.7430399999999752	49831.802045085016	2.0689527993936798e8	1.5374427358599633e8
0.7433599999999752	49841.970467631436	2.0689504974711883e8	1.5381029562331393e8
0.7436799999999751	49852.15575003287	2.068948194379629e8	1.5387631742418092e8
0.7439999999999751	49862.36722963822	2.0689458838714823e8	1.5394233852604392e8
0.7443199999999751	49872.62512998885	2.0689435577714685e8	1.5400835832483402e8
0.7446399999999751	49882.93343759894	2.0689412239354554e8	1.540743774050072e8
0.7449599999999751	49893.23347971067	2.0689388928353575e8	1.541403965309243e8
0.7452799999999751	49903.605658104476	2.0689365420738932e8	1.542064140541112e8
0.7455999999999751	49914.00598949775	2.0689341842931834e8	1.5427243090401834e8
0.745919999999975	49924.44062082052	2.0689318193101978e8	1.5433844706785405e8
0.746239999999975	49934.89065126524	2.0689294503973728e8	1.5440446278430006e8
0.746559999999975	49945.40259386444	2.0689270699872854e8	1.54470477499799e8
0.746879999999975	49955.927196458186	2.0689246827935377e8	1.5453649155277053e8
0.747199999999975	49966.485473917906	2.068922287022041e8	1.5460250481380954e8
0.747519999999975	49977.09310167722	2.06891988357374e8	1.5466851735336536e8
0.747839999999975	49987.727879844235	2.0689174687505153e8	1.5473452888849553e8
0.748159999999975	49998.404646375835	2.0689150443163994e8	1.5480053955379668e8
0.7484799999999749	50009.11525811445	2.0689126180120674e8	1.5486654992563176e8
0.7487999999999749	50019.858907496084	2.0689101740553507e8	1.5493255882181704e8
0.7491199999999749	50030.642438513256	2.0689077287224463e8	1.549985674616257e8
0.7494399999999749	50041.47184984135	2.068905268440704e8	1.550645748292016e8
0.7497599999999749	50052.31188288319	2.0689028056336802e8	1.5513058184571117e8
0.7500799999999749	50063.212229118224	2.068900328356787e8	1.55196587627381e8
0.7503999999999749	50074.1446917563	2.068897843600536e8	1.552625926902941e8
0.7507199999999749	50085.10210657567	2.0688953511720982e8	1.553285970174397e8
0.7510399999999748	50096.1081516312	2.0688928535155466e8	1.5539460079751185e8
0.7513599999999748	50107.13543356604	2.0688903411379817e8	1.554606033098924e8
0.7516799999999748	50118.21932170799	2.0688878242415118e8	1.5552660532880273e8
0.7519999999999748	50129.34200895266	2.0688852933124962e8	1.5559260613391274e8
0.7523199999999748	50140.49492357324	2.0688827506614175e8	1.556586058955372e8
0.7526399999999748	50151.69132237568	2.0688802069766775e8	1.5572460542025295e8
0.7529599999999748	50162.90428995999	2.0688776542015383e8	1.5579060409462962e8
0.7532799999999747	50174.17666828266	2.068875086839028e8	1.558566015142727e8
0.7535999999999747	50185.49235098304	2.0688725093843728e8	1.559225980125164e8
0.7539199999999747	50196.85080550843	2.0688699268194756e8	1.5598859396381488e8
0.7542399999999747	50208.23782640109	2.0688673293297654e8	1.560545886238912e8
0.7545599999999747	50219.64673759825	2.0688647312437415e8	1.561205830708178e8
0.7548799999999747	50231.12823676287	2.0688621151531768e8	1.561865760028312e8
0.7551999999999747	50242.64101202683	2.0688594879540628e8	1.5625256792880535e8
0.7555199999999747	50254.18889676155	2.0688568549636012e8	1.5631855925030622e8
0.7558399999999746	50265.76976983078	2.0688542174929994e8	1.5638455006533262e8
0.7561599999999746	50277.40914102078	2.0688515595297694e8	1.5645053916884276e8
0.7564799999999746	50289.06252850076	2.0688489045496216e8	1.5651652832387146e8
0.7567999999999746	50300.77619763952	2.0688462317775887e8	1.5658251596969393e8
0.7571199999999746	50312.52120316976	2.0688435494221058e8	1.5664850271899104e8
0.7574399999999746	50324.318845356014	2.0688408550168034e8	1.5671448838916662e8
0.7577599999999746	50336.14463361051	2.0688381597232264e8	1.56780473818858e8
0.7580799999999746	50348.023312531666	2.068835444624694e8	1.568464575799033e8
0.7583999999999745	50359.93994607033	2.068832724162985e8	1.569124407620065e8
0.7587199999999745	50371.89736523293	2.0688299913979343e8	1.5697842283873507e8
0.7590399999999745	50383.90125949046	2.0688272509030348e8	1.5704440415738618e8
0.7593599999999745	50395.954143709314	2.068824493881956e8	1.5711038404982007e8
0.7596799999999745	50408.03391652689	2.068821735786305e8	1.5717636368291956e8
0.7599999999999745	50420.19339102206	2.068818952989048e8	1.5724234127357623e8
0.7603199999999745	50432.35766946318	2.0688161739393052e8	1.573083189644342e8
0.7606399999999744	50444.58688556509	2.068813376164209e8	1.5737429506086603e8
0.7609599999999744	50456.83034752842	2.068810575166934e8	1.5744027072862402e8
0.7612799999999744	50469.15870433598	2.068807752875758e8	1.5750624460848632e8
0.7615999999999744	50481.48163967493	2.0688049321323144e8	1.5757221841641465e8
0.7619199999999744	50493.886030289934	2.0688020957125017e8	1.576381908609077e8
0.7622399999999744	50506.345035962135	2.068799242294839e8	1.5770416183327228e8
0.7625599999999744	50518.817216818185	2.0687963897500032e8	1.5777013268473092e8
0.7628799999999744	50531.36156204279	2.0687935123219305e8	1.578361014644637e8
0.7631999999999743	50543.9460943779	2.068790627217216e8	1.5790206947564775e8
0.7635199999999743	50556.56709640373	2.068787736297302e8	1.5796803685875323e8
0.7638399999999743	50569.22470206171	2.06878483426208e8	1.5803400320837504e8
0.7641599999999743	50581.95959317526	2.0687819147787416e8	1.5809996804907745e8
0.7644799999999743	50594.721145209136	2.0687789897393927e8	1.581659322763159e8
0.7647999999999743	50607.533035234606	2.06877605427997e8	1.5823189552309665e8
0.7651199999999743	50620.394576126135	2.0687731033832258e8	1.582978574043301e8
0.7654399999999743	50633.30976245669	2.0687701408253255e8	1.583638182084663e8
0.7657599999999742	50646.25321405388	2.0687671711294824e8	1.5842977827475876e8
0.7660799999999742	50659.26367409451	2.068764184360867e8	1.584957368504706e8
0.7663999999999742	50672.32226713612	2.0687611878793773e8	1.5856169449355173e8
0.7667199999999742	50685.4156233059	2.06875818205475e8	1.5862765122825307e8
0.7670399999999742	50698.5733951042	2.0687551579251072e8	1.586936063731402e8
0.7673599999999742	50711.75448410824	2.0687521337848648e8	1.5875956132067323e8
0.7676799999999742	50725.01273236682	2.068749087786795e8	1.588255144061693e8
0.7679999999999741	50738.32768785952	2.068746025604055e8	1.5889146605840966e8
0.7683199999999741	50751.66562723229	2.0687429596763122e8	1.589574172237376e8
0.7686399999999741	50765.06784113094	2.0687398812516505e8	1.5902336723861724e8
0.7689599999999741	50778.518209496055	2.0687367928570366e8	1.5908931629237646e8
0.7692799999999741	50792.01056948973	2.068733689141919e8	1.591552639709828e8
0.7695999999999741	50805.57410541574	2.068730567815476e8	1.5922121010334757e8
0.7699199999999741	50819.16698285227	2.068727437695255e8	1.5928715535696712e8
0.7702399999999741	50832.82292205725	2.0687242974608427e8	1.5935309963701314e8
0.770559999999974	50846.535772634095	2.068721138037115e8	1.5941904224175024e8
0.770879999999974	50860.295053105314	2.0687179729099244e8	1.5948498420647743e8
0.771199999999974	50874.10476360797	2.0687147904832345e8	1.595509246372316e8
0.771519999999974	50887.98405519346	2.06871159554026e8	1.5961686390571368e8
0.771839999999974	50901.905759637746	2.0687083891508883e8	1.596828020870349e8
0.772159999999974	50915.872423954104	2.0687051731387275e8	1.597487393214477e8
0.772479999999974	50929.91162373141	2.0687019332880306e8	1.5981467451612106e8
0.772799999999974	50943.99427306166	2.0686986930283037e8	1.5988060947272077e8
0.7731199999999739	50958.14806045143	2.0686954295638302e8	1.5994654243506542e8
0.7734399999999739	50972.33101187489	2.0686921601837516e8	1.6001247472856075e8
0.7737599999999739	50986.583774698825	2.0686888682542157e8	1.6007840507474598e8
0.7740799999999739	51000.89981804031	2.068685567624482e8	1.601443345419574e8
0.7743999999999739	51015.2476205956	2.06868225978545e8	1.6021026323764306e8
0.7747199999999739	51029.66489772197	2.068678930721179e8	1.6027619008373392e8
0.7750399999999739	51044.148974907104	2.0686755907546845e8	1.6034211587759906e8
0.7753599999999738	51058.67393775325	2.0686722332921693e8	1.604080401010496e8
0.7756799999999738	51073.28273806431	2.068668861849876e8	1.604739630347496e8
0.7759999999999738	51087.93379740447	2.0686654773047742e8	1.6053988473601568e8
0.7763199999999738	51102.63679014857	2.068662085781153e8	1.606058056811543e8
0.7766399999999738	51117.41151231847	2.0686586654865074e8	1.6067172418137407e8
0.7769599999999738	51132.21266424011	2.0686552499130255e8	1.6073764282594964e8
0.7772799999999738	51147.12330162259	2.068651800752567e8	1.6080355865619186e8
0.7775999999999738	51162.046411090065	2.068648346373445e8	1.608694738531155e8
0.7779199999999737	51177.041246200904	2.0686448828480133e8	1.609353881238272e8
0.7782399999999737	51192.12648154181	2.068641390691787e8	1.6100129995516077e8
0.7785599999999737	51207.24694895029	2.0686378956508353e8	1.6106721133655038e8
0.7788799999999737	51222.4481129571	2.0686343771194297e8	1.6113312067279944e8
0.7791999999999737	51237.6702688402	2.068630857602776e8	1.6119902970199823e8
0.7795199999999737	51253.02708615323	2.0686272996863288e8	1.612649355325552e8
0.7798399999999737	51268.3799787601	2.068623742486375e8	1.6133084118058816e8
0.7801599999999737	51283.81188663915	2.06862017118735e8	1.61396745508552e8
0.7804799999999736	51299.318181537754	2.0686165791468403e8	1.6146264799557436e8
0.7807999999999736	51314.879862493166	2.0686129718250084e8	1.6152854906175706e8
0.7811199999999736	51330.50662499947	2.068609350298081e8	1.6159444879176834e8
0.7814399999999736	51346.20195168972	2.0686057130189803e8	1.616603470640483e8
0.7817599999999736	51361.95807195703	2.0686020577747834e8	1.6172624370232564e8
0.7820799999999736	51377.77370634025	2.0685983958679935e8	1.6179213958848467e8
0.7823999999999736	51393.66202210812	2.0685947074231568e8	1.6185803316963834e8
0.7827199999999735	51409.623142021694	2.068591006191716e8	1.6192392551954883e8
0.7830399999999735	51425.638189509664	2.0685872934114376e8	1.6198981672974533e8
0.7833599999999735	51441.76318418478	2.0685835484234244e8	1.620557051928681e8
0.7836799999999735	51457.8783562499	2.0685798035329288e8	1.621215934115091e8
0.7839999999999735	51474.129640000276	2.0685760319075954e8	1.6218747931355223e8
0.7843199999999735	51490.45328554033	2.0685722436395913e8	1.6225336367409956e8
0.7846399999999735	51506.79187220088	2.068568447550127e8	1.6231924717126524e8
0.7849599999999735	51523.224993564094	2.0685646322124124e8	1.6238512892444262e8
0.7852799999999734	51539.71722159919	2.0685608020736495e8	1.6245100927331588e8
0.7855999999999734	51556.30697306532	2.0685569425491533e8	1.62516887078871e8
0.7859199999999734	51572.93540756126	2.0685530764935836e8	1.6258276412179026e8
0.7862399999999734	51589.661260525616	2.0685491915918761e8	1.6264863944570524e8
0.7865599999999734	51606.44559799036	2.068545288720874e8	1.62714513109372e8
0.7868799999999734	51623.303989778804	2.0685413657044393e8	1.6278038494309172e8
0.7871999999999734	51640.236680780676	2.068537424264716e8	1.628462550804786e8
0.7875199999999734	51657.23097794824	2.0685334739967296e8	1.6291212427262315e8
0.7878399999999733	51674.32705334438	2.0685294917951325e8	1.6297799070680982e8
0.7881599999999733	51691.48133215569	2.0685254972908574e8	1.6304385591787612e8
0.7884799999999733	51708.672536248196	2.0685214971865934e8	1.6310972042857787e8
0.7887999999999733	51725.96595604404	2.0685174692173013e8	1.631755824958651e8
0.7891199999999733	51743.371786322066	2.0685134125673133e8	1.6324144205474862e8
0.7894399999999733	51760.823815327385	2.068509350350895e8	1.633073009131581e8
0.7897599999999733	51778.38401613771	2.068505256790914e8	1.6337315704776925e8
0.7900799999999732	51795.95092972375	2.0685011609902057e8	1.634390127335278e8
0.7903999999999732	51813.68509038142	2.0684970280957398e8	1.6350486524907666e8
0.7907199999999732	51831.42479375612	2.0684928921110088e8	1.63570717245577e8
0.7910399999999732	51849.27274969198	2.0684887292663e8	1.6363656686390963e8
0.7913599999999732	51867.20618957531	2.068484546169767e8	1.6370241461958453e8
0.7916799999999732	51885.20026724977	2.0684803474296418e8	1.63768260870224e8
0.7919999999999732	51903.29046416437	2.0684761254024574e8	1.6383410501628563e8
0.7923199999999732	51921.462018890365	2.068471881086108e8	1.6389994713144106e8
0.7926399999999731	51939.69916036136	2.0684676233821228e8	1.639657879157729e8
0.7929599999999731	51958.03192629436	2.0684633461596996e8	1.64031626888004e8
0.7932799999999731	51976.46233167347	2.0684590378840208e8	1.6409746313155124e8
0.7935999999999731	51994.93351498622	2.0684547286471114e8	1.641632990197067e8
0.7939199999999731	52013.559182891535	2.0684503753015503e8	1.6422913115021154e8
0.7942399999999731	52032.19484469174	2.068446016691575e8	1.6429496257411733e8
0.7945599999999731	52050.97431195844	2.0684416270167422e8	1.6436079126839936e8
0.794879999999973	52069.817602381525	2.0684372203754225e8	1.6442661833418262e8
0.795199999999973	52088.718205413556	2.06843280374941e8	1.64492444323636e8
0.795519999999973	52107.7345236769	2.0684283505078214e8	1.64558267129148e8
0.795839999999973	52126.854105821236	2.068423884856904e8	1.6462408867098048e8
0.796159999999973	52146.0376789349	2.0684193961560053e8	1.646899080926714e8
0.796479999999973	52165.31922465185	2.0684148810290787e8	1.6475572512996706e8
0.796799999999973	52184.683446753574	2.0684103510374597e8	1.648215406983356e8
0.797119999999973	52204.114478582225	2.0684057972726148e8	1.6488735408293447e8
0.797439999999973	52223.68312128365	2.0684012131135723e8	1.6495316476777616e8
0.7977599999999729	52243.30802781511	2.0683966150505164e8	1.6501897404887995e8
0.7980799999999729	52263.06465180392	2.0683919864014772e8	1.6508478060873798e8
0.7983999999999729	52282.899063292236	2.0683873439764228e8	1.6515058577552316e8
0.7987199999999729	52302.809745882245	2.068382677453597e8	1.6521638872311375e8
0.7990399999999729	52322.81914262913	2.06837798918747e8	1.652821896417649e8
0.7993599999999729	52342.96992909529	2.0683732594098178e8	1.6534798695766416e8
0.7996799999999729	52363.16334891814	2.068368524617932e8	1.6541378356552327e8
0.7999999999999728	52383.45627099151	2.0683637655089277e8	1.654795779319628e8
0.8003199999999728	52403.88633261952	2.0683589696340293e8	1.655453690657679e8
0.8006399999999728	52424.39596210264	2.068354164168531e8	1.6561115912756264e8
0.8009599999999728	52444.99604942594	2.068349329948403e8	1.6567694658355534e8
0.8012799999999728	52465.687199452244	2.0683444705896327e8	1.6574273172076073e8
0.8015999999999728	52486.5252980202	2.0683395811597034e8	1.658085141523753e8
0.8019199999999728	52507.42326970299	2.0683346642948505e8	1.6587429406952828e8
0.8022399999999728	52528.420052165115	2.06832973361172e8	1.659400725696105e8
0.8025599999999727	52549.52190907705	2.068324776306485e8	1.6600584862485334e8
0.8028799999999727	52570.76895404987	2.068319789980089e8	1.6607162204789197e8
0.8031999999999727	52592.071606085265	2.0683147748117626e8	1.6613739283256721e8
0.8035199999999727	52613.49707027541	2.0683097412213975e8	1.6620316182652044e8
0.8038399999999727	52635.05844352107	2.068304675825688e8	1.6626892795463073e8
0.8041599999999727	52656.65948412498	2.0682995888002574e8	1.663346920131492e8
0.8044799999999727	52678.42556828902	2.0682944707979608e8	1.664004532725158e8
0.8047999999999726	52700.29449525184	2.068289327412738e8	1.6646621216765696e8
0.8051199999999726	52722.265323233594	2.0682841580874595e8	1.665319686509981e8
0.8054399999999726	52744.32356547583	2.0682789626016688e8	1.6659772269937605e8
0.8057599999999726	52766.5034105006	2.0682737470589268e8	1.6666347480863687e8
0.8060799999999726	52788.83287892216	2.0682684839368394e8	1.6672922276364696e8
0.8063999999999726	52811.27529745824	2.068263203787659e8	1.6679496901632875e8
0.8067199999999726	52833.80985056113	2.0682578909618235e8	1.6686071229843447e8
0.8070399999999726	52856.43910947353	2.0682525608433324e8	1.669264538487852e8
0.8073599999999725	52879.22818787284	2.0682471890869373e8	1.6699219171263543e8
0.8076799999999725	52902.09323207693	2.068241794910442e8	1.6705792742189127e8
0.8079999999999725	52925.1336515372	2.0682363697990665e8	1.6712366030541998e8
0.8083199999999725	52948.24359646764	2.068230919601371e8	1.671893908125449e8
0.8086399999999725	52971.454890118745	2.0682254459434754e8	1.6725511907837528e8
0.8089599999999725	52994.84543958996	2.0682199258985332e8	1.6732084326075482e8
0.8092799999999725	53018.30462861653	2.0682143950976205e8	1.673865662175133e8
0.8095999999999725	53041.93643782708	2.0682088207568902e8	1.674522853131699e8
0.8099199999999724	53065.67404898147	2.0682032178789973e8	1.675180017457733e8
0.8102399999999724	53089.54547559128	2.0681975857402858e8	1.6758371545916465e8
0.8105599999999724	53113.53501986802	2.0681919178888318e8	1.676494259244656e8
0.8108799999999724	53137.65537520289	2.0681862308176416e8	1.6771513447791976e8
0.8111999999999724	53161.88872315834	2.068180505124863e8	1.677808395403141e8
0.8115199999999724	53186.273548096586	2.068174746323879e8	1.6784654156250808e8
0.8118399999999724	53210.770634431305	2.068168954394821e8	1.67912240532186e8
0.8121599999999723	53235.42020340336	2.0681631313515833e8	1.679779366171755e8
0.8124799999999723	53260.199719636694	2.0681572798183542e8	1.6804363002332735e8
0.8127999999999723	53285.07476875751	2.0681514008017218e8	1.6810932082315493e8
0.8131199999999723	53310.1379208291	2.068145474970678e8	1.6817500745938468e8
0.8134399999999723	53335.27162324413	2.06813953017779e8	1.6824069217105046e8
0.8137599999999723	53360.60767136093	2.068133541310461e8	1.6830637293724704e8
0.8140799999999723	53386.08071908842	2.068127521177791e8	1.6837205078416318e8
0.8143999999999723	53411.63633732102	2.0681214754459488e8	1.6843772616001654e8
0.8147199999999722	53437.420675875735	2.0681153725317448e8	1.685033965162034e8
0.8150399999999722	53463.238085673234	2.0681092652736402e8	1.6856906611737335e8
0.8153599999999722	53489.327886466584	2.068103093181599e8	1.686347300751501e8
0.8156799999999722	53515.51340967615	2.068096893815774e8	1.6870039141419098e8
0.8159999999999722	53541.78069554101	2.068090679517441e8	1.687660511362654e8
0.8163199999999722	53568.29381925455	2.0680844018854666e8	1.688317053189174e8
0.8166399999999722	53594.87251555921	2.068078109483553e8	1.6889735788868356e8
0.8169599999999722	53621.62741985278	2.0680717789138177e8	1.6896300695282042e8
0.8172799999999721	53648.5777234188	2.0680653910755214e8	1.690286509499361e8
0.8175999999999721	53675.66992289892	2.0680589764719817e8	1.6909429235853738e8
0.8179199999999721	53702.89734881197	2.068052521720817e8	1.6915993008013257e8
0.8182399999999721	53730.30410905494	2.068046029638817e8	1.6922556434923565e8
0.8185599999999721	53757.84664641621	2.068039499007978e8	1.6929119505448684e8
0.8188799999999721	53785.55499469406	2.0680329366677332e8	1.6935682275756222e8
0.8191999999999721	53813.41579987219	2.0680263370366395e8	1.6942244699561235e8
0.819519999999972	53841.48741808196	2.0680196969797024e8	1.69488067518524e8
0.819839999999972	53869.69984499399	2.06801301769906e8	1.6955368440815806e8
0.820159999999972	53898.0834195414	2.0680063146286294e8	1.6961929893189806e8
0.820479999999972	53926.62018158723	2.0679995539635754e8	1.6968490831045264e8
0.820799999999972	53955.3713416921	2.0679927589875495e8	1.6975051446023673e8
0.821119999999972	53984.26621570573	2.0679859183636245e8	1.698161164342088e8
0.821439999999972	54013.307972435134	2.0679790426797143e8	1.698817150981482e8
0.821759999999972	54042.584453081654	2.067972113159488e8	1.6994730892124122e8
0.8220799999999719	54071.98368875284	2.067965158462184e8	1.7001290023419136e8
0.8223999999999719	54101.58691986501	2.0679581473139048e8	1.700784864769267e8
0.8227199999999719	54131.37208651289	2.0679510835107806e8	1.7014406795223665e8
0.8230399999999719	54161.3226984903	2.067943997496617e8	1.702096471576205e8
0.8233599999999719	54191.47667912052	2.067936855018307e8	1.702752212772221e8
0.8236799999999719	54221.81871059427	2.0679296663975966e8	1.7034079115290648e8
0.8239999999999719	54252.31915629283	2.067922442146279e8	1.7040635764101908e8
0.8243199999999719	54283.03160988871	2.0679151566707888e8	1.7047191863767385e8
0.8246399999999718	54313.969034819485	2.0679078257175985e8	1.7053747543758017e8
0.8249599999999718	54345.02067000987	2.067900463404806e8	1.7060302918145514e8
0.8252799999999718	54376.32561105021	2.0678930416671196e8	1.7066857757430896e8
0.8255999999999718	54407.79208443126	2.0678855880680206e8	1.7073412286982948e8
0.8259199999999718	54439.486816719385	2.0678780687061834e8	1.7079966227644032e8
0.8262399999999718	54471.43504210138	2.0678704972751626e8	1.7086519692341012e8
0.8265599999999718	54503.5392976046	2.0678628849564725e8	1.7093072771281213e8
0.8268799999999717	54535.84215696507	2.0678552259400988e8	1.7099625416752326e8
0.8271999999999717	54568.38206109946	2.067847509865227e8	1.710617754324659e8
0.8275199999999717	54601.09243620336	2.0678397411891562e8	1.7112729185930258e8
0.8278399999999717	54634.0252548783	2.067831928846063e8	1.711928041913745e8
0.8281599999999717	54667.188620968154	2.0678240508816168e8	1.7125831060749876e8
0.8284799999999717	54700.59259870555	2.067816127216584e8	1.7132381275327626e8
0.8287999999999717	54734.20656436091	2.067808156968741e8	1.7138931054572722e8
0.8291199999999717	54768.01944660111	2.0678001362995356e8	1.7145480366002426e8
0.8294399999999716	54802.097042871246	2.0677920437223634e8	1.715202903201735e8
0.8297599999999716	54836.35463370236	2.067783904725105e8	1.7158577261947727e8
0.8300799999999716	54870.87669686318	2.067775710473671e8	1.7165124983436096e8
0.8303999999999716	54905.63685023627	2.0677674547632432e8	1.7171672143954363e8
0.8307199999999716	54940.63630520301	2.0677591472769418e8	1.7178218823349798e8
0.8310399999999716	54975.82657649265	2.0677507820436895e8	1.7184764970661128e8
0.8313599999999716	55011.30841966094	2.0677423612758005e8	1.7191310605407095e8
0.8316799999999716	55047.030514715036	2.0677338690568855e8	1.719785559378934e8
0.8319999999999715	55083.00663967556	2.067725325194019e8	1.7204400100125197e8
0.8323199999999715	55119.24720176829	2.0677167210512936e8	1.7210944052190617e8
0.8326399999999715	55155.67093154407	2.0677080699063474e8	1.721748755857633e8
0.8329599999999715	55192.42375697647	2.0676993357964528e8	1.722403032169598e8
0.8332799999999715	55229.37149111948	2.0676905580269796e8	1.7230572666008127e8
0.8335999999999715	55266.69271671139	2.0676816946476483e8	1.7237114244349012e8
0.8339199999999715	55304.15478741101	2.067672792273183e8	1.7243655440726647e8
0.8342399999999714	55341.98111463811	2.0676637998691878e8	1.7250195832707077e8
0.8345599999999714	55380.03253673062	2.067654761665506e8	1.7256735786213344e8
0.8348799999999714	55418.34722522825	2.0676456518840948e8	1.7263275086198723e8
0.8351999999999714	55457.01168170721	2.0676364650037336e8	1.7269813687263107e8
0.8355199999999714	55495.91232410166	2.0676272295539325e8	1.727635182513433e8
0.8358399999999714	55535.12082694134	2.0676179115389445e8	1.7282889216350016e8
0.8361599999999714	55574.59142323409	2.0676085258132216e8	1.7289425983545122e8
0.8364799999999714	55614.38170847954	2.0675990787408623e8	1.729596218022067e8
0.8367999999999713	55654.46933105374	2.0675895447872645e8	1.730249759171872e8
0.8371199999999713	55694.871420478026	2.0675799471615776e8	1.7309032411744103e8
0.8374399999999713	55735.50889561088	2.0675702847985652e8	1.7315566629449117e8
0.8377599999999713	55776.52589877669	2.0675605521210706e8	1.7322100199805072e8
0.8380799999999713	55817.81261911877	2.067550736239564e8	1.7328633012297875e8
0.8383999999999713	55859.40164128803	2.0675408584779036e8	1.7335165245408675e8
0.8387199999999713	55901.3177004685	2.067530905320178e8	1.7341696785552678e8
0.8390399999999713	55943.55588624456	2.0675208668454006e8	1.73482275486546e8
0.8393599999999712	55986.09212016164	2.0675107626409853e8	1.7354757697886598e8
0.8396799999999712	56028.94721962735	2.0675005882815143e8	1.736128719576345e8
0.8399999999999712	56072.13457661101	2.067490327428707e8	1.7367815904553768e8
0.8403199999999712	56115.65468383709	2.0674800002411947e8	1.7374343992800203e8
0.8406399999999712	56159.571641036004	2.0674695668257692e8	1.7380871125497222e8
0.8409599999999712	56203.758137662895	2.067459071850249e8	1.738739767520068e8
0.8412799999999712	56248.28438036713	2.067448510246713e8	1.7393923599772635e8
0.8415999999999711	56293.23167450628	2.0674378313902065e8	1.7400448473769104e8
0.8419199999999711	56338.54481068303	2.0674270698733076e8	1.7406972586393124e8
0.8422399999999711	56384.16538511183	2.0674162394556382e8	1.7413496051783687e8
0.8425599999999711	56430.20201322189	2.067405316971464e8	1.7420018675774667e8
0.8428799999999711	56476.62465865755	2.0673942893098173e8	1.7426540346460626e8
0.8431999999999711	56523.337648679604	2.067383209152099e8	1.7433061505504233e8
0.8435199999999711	56570.48579283321	2.0673720184704515e8	1.743958166516304e8
0.8438399999999711	56618.07219978717	2.0673607342906716e8	1.7446100968053278e8
0.844159999999971	56666.05431235485	2.0673493438268638e8	1.7452619304638657e8
0.844479999999971	56714.43050417945	2.0673378712235937e8	1.7459136877731606e8
0.844799999999971	56763.158659047134	2.0673263196741533e8	1.7465653712829039e8
0.845119999999971	56812.38528143682	2.0673146403423366e8	1.7472169398683795e8
0.845439999999971	56861.9883504216	2.0673028833262342e8	1.747868435568466e8
0.845759999999971	56911.99078286396	2.067291033706878e8	1.7485198457224527e8
0.846079999999971	56962.557553030994	2.0672790375359216e8	1.7491711248469183e8
0.846399999999971	57013.49105921599	2.067266972109296e8	1.749822337915515e8
0.8467199999999709	57064.83013900533	2.0672548059461996e8	1.750473458262343e8
0.8470399999999709	57116.738947769736	2.067242506116456e8	1.7511244581447175e8
0.8473599999999709	57168.97385977146	2.0672301425379708e8	1.7517753963026142e8
0.8476799999999709	57221.76265674209	2.067217643312796e8	1.7524262120722097e8
0.8479999999999709	57274.94307638738	2.0672050612229633e8	1.753076949830489e8
0.8483199999999709	57328.65466478645	2.0671923393091732e8	1.7537275613860932e8
0.8486399999999709	57382.94917825742	2.0671794952601823e8	1.754378061689417e8
0.8489599999999708	57437.68077490887	2.0671665577768084e8	1.7550284747631815e8
0.8492799999999708	57492.847249641854	2.06715351846174e8	1.755678793378501e8
0.8495999999999708	57548.556823313644	2.0671403348261952e8	1.7563289814977375e8
0.8499199999999708	57604.78930064205	2.067127037393128e8	1.7569790648888892e8
0.8502399999999708	57661.57223137013	2.0671136347115678e8	1.7576290507476768e8
0.8505599999999708	57718.906872536776	2.067100087246764e8	1.7582789053429773e8
0.8508799999999708	57776.76308911447	2.0670864330431286e8	1.7589286608567953e8
0.8511999999999708	57835.198522356644	2.0670726278633618e8	1.7595782796126345e8
0.8515199999999707	57894.204896618015	2.0670587068684644e8	1.7602277913880047e8
0.8518399999999707	57953.809781981035	2.0670446543523243e8	1.7608771827279964e8
0.8521599999999707	58013.969096804496	2.0670304599281108e8	1.761526444584191e8
0.8524799999999707	58074.65596973479	2.0670161593030313e8	1.762175607215074e8
0.8527999999999707	58136.08641685341	2.0670016820297068e8	1.7628246107540792e8
0.8531199999999707	58198.12333648147	2.066987071924312e8	1.7634734922035652e8
0.8534399999999707	58260.847501616954	2.0669723166674045e8	1.7641222410346675e8
0.8537599999999707	58324.11684044128	2.0669574201493093e8	1.7647708602150813e8
0.8540799999999706	58388.05311729746	2.0669423801277053e8	1.7654193478665185e8
0.8543999999999706	58452.70326748488	2.0669271917851856e8	1.7660676997971594e8
0.8547199999999706	58518.019532749	2.066911847862445e8	1.7667159095837057e8
0.8550399999999706	58584.00293165833	2.066896342273345e8	1.76736397186799e8
0.8553599999999706	58650.710631721384	2.0668806867893234e8	1.7680118966399127e8
0.8556799999999706	58718.24745595432	2.0668648558270553e8	1.7686596620087624e8
0.8559999999999706	58786.44967252469	2.066848851028012e8	1.7693072689674458e8
0.8563199999999705	58855.37783868104	2.0668327034699485e8	1.769954744042204e8
0.8566399999999705	58925.04467998863	2.0668163884360236e8	1.7706020659338278e8
0.8569599999999705	58995.57657033107	2.0667998996809995e8	1.7712492293032947e8
0.8572799999999705	59066.826089820686	2.0667832294011003e8	1.7718962270751098e8
0.8575999999999705	59139.14110229247	2.0667663135282534e8	1.772543004618699e8
0.8579199999999705	59212.08905778297	2.066749296202628e8	1.773189684734231e8
0.8582399999999705	59285.93867217678	2.0667320614388084e8	1.773836168155844e8
0.8585599999999705	59360.595474281516	2.0667146494861642e8	1.774482489089019e8
0.8588799999999704	59436.20116137062	2.066697025635171e8	1.7751286177445537e8
0.8591999999999704	59512.686214952875	2.0666792207300943e8	1.7757745803134266e8
0.8595199999999704	59589.9660073115	2.0666612357257274e8	1.776420377315163e8
0.8598399999999704	59668.35232939125	2.0666430467318848e8	1.7770659884645075e8
0.8601599999999704	59747.578520122566	2.0666246239017466e8	1.7777113875090677e8
0.8604799999999704	59827.73506252357	2.066606036312819e8	1.7783566337823525e8
0.8607999999999704	59908.980759273174	2.066587185857758e8	1.7790016428875136e8
0.8611199999999704	59991.41373526019	2.0665680961019695e8	1.7796464349906623e8
0.8614399999999703	60074.70175277305	2.066548819160943e8	1.78029105428469e8
0.8617599999999703	60159.12943157869	2.0665292997318515e8	1.7809354533173853e8
0.8620799999999703	60244.66221831757	2.0665095651860192e8	1.7815796553936335e8
0.8623999999999703	60331.315062781185	2.0664895600948855e8	1.7822236125152943e8
0.8627199999999703	60419.13809894882	2.06646935283229e8	1.782867383468194e8
0.8630399999999703	60508.22891518683	2.066448845799799e8	1.7835108839493194e8
0.8633599999999703	60598.449210856874	2.066428112535358e8	1.7841541769594672e8
0.8636799999999702	60689.77185556392	2.0664071581894425e8	1.7847972666819897e8
0.8639999999999702	60782.24477278991	2.0663859614793602e8	1.7854401345709968e8
0.8643199999999702	60876.18137020677	2.066364472137984e8	1.786082737361124e8
0.8646399999999702	60971.32548074324	2.0663426953897786e8	1.7867250789279273e8
0.8649599999999702	61067.68514147673	2.0663206865820393e8	1.787367206867954e8
0.8652799999999702	61165.27285435258	2.0662984235406798e8	1.7880091017768073e8
0.8655999999999702	61264.381089415096	2.066275834249433e8	1.7886507014544317e8
0.8659199999999702	61364.86446471643	2.0662529751100308e8	1.7892920542174903e8
0.8662399999999701	61466.71643313009	2.0662298404985204e8	1.7899331549132776e8
0.8665599999999701	61570.13640988745	2.0662063594043097e8	1.7905739419953623e8
0.8668799999999701	61674.943998806535	2.066182641313983e8	1.7912145097876552e8
0.8671999999999701	61781.34237499478	2.0661585315453342e8	1.791854724178726e8
0.8675199999999701	61889.40859975724	2.0661341501090264e8	1.7924946889910337e8
0.8678399999999701	61999.192545765945	2.0661093728864014e8	1.793134296298541e8
0.8681599999999701	62110.61368303296	2.0660842970191377e8	1.7937736299331525e8
0.86847999999997	62223.856583639965	2.066058821958574e8	1.7944126025106993e8
0.86879999999997	62338.82459818112	2.0660330437761477e8	1.795051296970528e8
0.86911999999997	62455.665692419585	2.0660068322799876e8	1.7956896000463793e8
0.86943999999997	62574.34277713874	2.0659803175771865e8	1.796327624376177e8
0.86975999999997	62694.88784828635	2.0659533905605114e8	1.796965274795782e8
0.87007999999997	62817.83660230807	2.065925993546601e8	1.7976025013982785e8
0.87039999999997	62942.724781475124	2.0658981948073736e8	1.7982393625315925e8
0.87071999999997	63069.71975926469	2.0658700528422827e8	1.798875908944475e8
0.87103999999997	63198.85842082442	2.065841519213748e8	1.7995120981437007e8
0.8713599999999699	63330.327560586345	2.0658125106681275e8	1.8001478574290913e8
0.8716799999999699	63464.433083853	2.0657829860518312e8	1.8007831508421314e8
0.8719999999999699	63600.87983971232	2.0657529738556927e8	1.8014180023282966e8
0.8723199999999699	63739.779629078264	2.065722544324129e8	1.8020524728153923e8
0.8726399999999699	63881.32073196118	2.0656915900190765e8	1.8026864683642688e8
0.8729599999999699	64025.73110912673	2.0656601044121638e8	1.8033199830363813e8
0.8732799999999699	64173.205125914115	2.0656279748727965e8	1.8039529181823888e8
0.8735999999999698	64323.04613381383	2.0655954433441275e8	1.8045854836356807e8
0.8739199999999698	64476.439674098314	2.065562218140054e8	1.8052174255720347e8
0.8742399999999698	64632.990420210044	2.0655284018727013e8	1.8058488325018805e8
0.8745599999999698	64792.84794227971	2.065493981319772e8	1.8064796924514163e8
0.8748799999999698	64956.47829335722	2.0654588505684277e8	1.8071099127308843e8
0.8751999999999698	65123.09917385988	2.0654231307851657e8	1.8077395976908836e8
0.8755199999999698	65294.1610607559	2.0653865598270246e8	1.8083685190313825e8
0.8758399999999698	65468.79311740709	2.0653493706673092e8	1.808996878858728e8
0.8761599999999697	65648.07303848107	2.065311294980336e8	1.80962444278356e8
0.8764799999999697	65831.27615784483	2.0652725193388754e8	1.8102513725423852e8
0.8767999999999697	66019.18081336234	2.0652328722188517e8	1.8108775179921886e8
0.8771199999999697	66212.27241061635	2.0651922451170695e8	1.8115027836773598e8
0.8774399999999697	66410.29465108672	2.0651507261978328e8	1.8121272456520882e8
0.8777599999999697	66613.56801930064	2.0651082792598036e8	1.8127508716285694e8
0.8780799999999697	66822.50571810028	2.065064794845639e8	1.8133735650569674e8
0.8783999999999696	67036.43433295283	2.0650204036713415e8	1.8139954388889927e8
0.8787199999999696	67256.92966190311	2.0649748668243152e8	1.8146162841800937e8
0.8790399999999696	67483.10347119837	2.0649283271609646e8	1.8152362242694703e8
0.8793599999999696	67716.14528431854	2.064880551218693e8	1.815855054277278e8
0.8796799999999696	67954.78290253963	2.0648318324600405e8	1.816473029573174e8
0.8799999999999696	68200.66484765314	2.0647817668120125e8	1.8170897955923253e8
0.8803199999999696	68453.82002463007	2.064730498623527e8	1.817705478080006e8
0.8806399999999696	68713.70841134177	2.0646779665850416e8	1.818320021175748e8
0.8809599999999695	68981.11979821607	2.0646241751134208e8	1.8189334284328642e8
0.8812799999999695	69257.27126452433	2.0645688634844312e8	1.8195454702439418e8
0.8815999999999695	69541.06964546074	2.0645122261861885e8	1.820156315232141e8
0.8819199999999695	69833.98987075486	2.0644540102611402e8	1.820765740704681e8
0.8822399999999695	70136.62573828243	2.0643941126858234e8	1.8213736548663473e8
0.8825599999999695	70449.35941058799	2.0643324062498316e8	1.8219799441874802e8
0.8828799999999695	70773.03152767966	2.064268903314754e8	1.8225846187329924e8
0.8831999999999695	71108.90536673025	2.0642036980679482e8	1.8231877613350174e8
0.8835199999999694	71456.91966693173	2.064136533372681e8	1.8237891429853964e8
0.8838399999999694	71816.92833202393	2.0640672573850784e8	1.824388627311115e8
0.8841599999999694	72191.27712293837	2.0639956335583475e8	1.8249860057423046e8
0.8844799999999694	72579.86266808942	2.063921610592945e8	1.825581230394539e8
0.8847999999999694	72984.03241067247	2.0638449347746605e8	1.8261740758938935e8
0.8851199999999694	73404.76177859299	2.063765555055638e8	1.8267644954811144e8
0.8854399999999694	73843.38502093864	2.0636831176039493e8	1.8273521746330574e8
0.8857599999999693	74301.67417049102	2.0635975911391845e8	1.8279370845599532e8
0.8860799999999693	74779.7108337655	2.0635086728603116e8	1.8285189538945836e8
0.8863999999999693	75278.14313673505	2.0634164289683488e8	1.8290978386080843e8
0.8867199999999693	75798.96333822756	2.063320529933456e8	1.8296734453682005e8
0.8870399999999693	76342.81937977392	2.0632213662963656e8	1.830246117608236e8
0.8873599999999693	76909.0883949544	2.063118499857931e8	1.8308154624310386e8
0.8876799999999693	77501.94240301212	2.0630113260622633e8	1.8313809441005936e8
0.8879999999999693	78119.80573870831	2.0628999547451586e8	1.831942653996065e8
0.8883199999999692	78764.32689931706	2.0627842974421847e8	1.8325005111040592e8
0.8886399999999692	79439.38197363325	2.0626633989642826e8	1.8330536665513223e8
0.8889599999999692	80145.64812291157	2.0625374582189745e8	1.8336022925859517e8
0.8892799999999692	80884.9149169406	2.0624057474182266e8	1.8341457388418132e8
0.8895999999999692	81655.54330024404	2.0622686070767164e8	1.834684300575187e8
0.8899199999999692	82464.18110248444	2.0621244905639544e8	1.8352166032131684e8
0.8902399999999692	83336.05868547835	2.0619677048776594e8	1.8357375992482373e8
0.8905599999999692	84307.88538798095	2.06179314979933e8	1.8362427740349963e8
0.8908799999999691	85468.62112469685	2.0615886558559126e8	1.8367213650882232e8
0.8911999999999691	87950.42044732858	2.0611737692921624e8	1.837013753250558e8
0.8915199999999691	93984.07912384444	2.0601878892963216e8	1.8368006609944266e8
0.8918399999999691	103709.74759448427	2.0586109483814117e8	1.836063760667413e8
0.8921599999999691	114042.88993074515	2.0569467959647033e8	1.8352486373403072e8
0.8924799999999691	122894.75580258695	2.0555213957443693e8	1.8346438717153102e8
0.8927999999999691	129981.33410251404	2.054375027689142e8	1.8342853647109604e8
0.893119999999969	135805.79928445883	2.0534277115656665e8	1.83410250699174e8
0.893439999999969	140784.6912629161	2.0526120807852086e8	1.8340357576236832e8
0.893759999999969	145141.87359237485	2.051893977731949e8	1.8340549602641478e8
0.894079999999969	149071.78042929014	2.0512430967476773e8	1.8341333247699305e8
0.894399999999969	152718.3080504539	2.050637911445443e8	1.834251818530042e8
0.894719999999969	156167.96675126028	2.0500621663737404e8	1.8343960351332453e8
0.895039999999969	159456.5449083849	2.0495107822786796e8	1.8345614961601818e8
0.895359999999969	162636.88181495294	2.048974782258166e8	1.8347402442757392e8
0.895679999999969	165730.52550896644	2.048451456364837e8	1.8349298905210045e8
0.8959999999999689	168755.85748540182	2.0479375090410718e8	1.8351275141925216e8
0.8963199999999689	171744.658184103	2.0474279903767842e8	1.835328721196061e8
0.8966399999999689	174703.83158877236	2.046922379204752e8	1.8355330559704158e8
0.8969599999999689	177619.88254630318	2.046421984707181e8	1.835741682929865e8
0.8972799999999689	180509.33907178458	2.0459244338287154e8	1.8359524951788607e8
0.8975999999999689	183375.7825233689	2.0454291238305417e8	1.8361649583515343e8
0.8979199999999689	186218.49537765415	2.0449363629379928e8	1.8363793508493003e8
0.8982399999999688	189053.20683466725	2.0444436074584287e8	1.83659340650667e8
0.8985599999999688	191868.42997883577	2.043952642885199e8	1.836808718126231e8
0.8988799999999688	194661.16863721522	2.0434637895220068e8	1.837025572499204e8
0.8991999999999688	197436.726338969	2.0429763353004035e8	1.837243336922209e8
0.8995199999999688	200205.5738966024	2.0424885335398299e8	1.8374604522503352e8
0.8998399999999688	202946.36929270983	2.0420035305953896e8	1.8376797280543754e8
0.9001599999999688	205655.59619994453	2.0415226880634668e8	1.8379023894343925e8
0.9004799999999687	208340.32301953368	2.0410445386943606e8	1.838127126492903e8
0.9007999999999687	210992.32000229871	2.0405700783784002e8	1.8383548309846416e8
0.9011199999999687	213613.63922289803	2.0400988737458658e8	1.8385851182762745e8
0.9014399999999687	216207.42297813698	2.0396309556491855e8	1.8388180226964253e8
0.9017599999999687	218780.51863320114	2.0391645616878474e8	1.8390519651290748e8
0.9020799999999687	221324.4068707852	2.038701797117622e8	1.8392888380030084e8
0.9023999999999687	223849.045831585	2.03824041063563e8	1.8395266232262602e8
0.9027199999999687	226358.53632273574	2.0377796804077142e8	1.8397646746817225e8
0.9030399999999686	228835.35655803265	2.037323231254583e8	1.8400062495137936e8
0.9033599999999686	231293.50710402557	2.0368684788001534e8	1.840249031054108e8
0.9036799999999686	233725.90024822386	2.0364166947888562e8	1.8404941635338488e8
0.9039999999999686	236156.24458160705	2.035963413488257e8	1.8407376357881185e8
0.9043199999999686	238564.81251477328	2.0355126935219947e8	1.8409830978183603e8
0.9046399999999686	240970.60151152685	2.0350607479325894e8	1.8412271445752752e8
0.9049599999999686	243370.7584937403	2.0346078132865113e8	1.8414699862805697e8
0.9052799999999686	245754.28947317798	2.034156665657344e8	1.8417141247492054e8
0.9055999999999685	248136.14291515114	2.0337038710959458e8	1.8419564661833367e8
0.9059199999999685	250516.84802283024	2.0332495972158018e8	1.842197161360295e8
0.9062399999999685	252904.25590946307	2.032792084754933e8	1.8424346219185874e8
0.9065599999999685	255289.96314890316	2.0323324573278624e8	1.8426698554566494e8
0.9068799999999685	257677.4093477498	2.0318709030248103e8	1.8429030337386608e8
0.9071999999999685	260059.26429598668	2.0314081063998196e8	1.843134769123119e8
0.9075199999999685	262443.1077959921	2.030943079543915e8	1.8433641709337196e8
0.9078399999999684	264825.53253816854	2.0304762178311598e8	1.8435915928065634e8
0.9081599999999684	267201.65761380113	2.030008708374227e8	1.8438181065994266e8
0.9084799999999684	269566.337020668	2.0295410952406767e8	1.8440442013158274e8
0.9087999999999684	271926.6475288613	2.029072623801766e8	1.8442691976135272e8
0.9091199999999684	274278.705140667	2.028603551535486e8	1.8444933252591088e8
0.9094399999999684	276615.74972159625	2.0281349587504187e8	1.8447175601088646e8
0.9097599999999684	278943.0010233804	2.0276665700252882e8	1.8449416569102657e8
0.9100799999999684	281262.44723947113	2.0271975836991888e8	1.8451648881654516e8
0.9103999999999683	283560.59716881794	2.026730571517527e8	1.8453895826045558e8
0.9107199999999683	285844.855440131	2.0262645458701438e8	1.8456148495017302e8
0.9110399999999683	288116.5696623772	2.0257989507337558e8	1.8458401845767885e8
0.9113599999999683	290372.1526412771	2.025334571700075e8	1.8460663011406174e8
0.9116799999999683	292617.12089343276	2.0248705307935295e8	1.8462924049549538e8
0.9119999999999683	294858.0508764876	2.0244052584512368e8	1.846517070792235e8
0.9123199999999683	297093.3843904412	2.0239390669350544e8	1.8467405810255584e8
0.9126399999999683	299330.8909114528	2.023470568885639e8	1.8469616754540256e8
0.9129599999999682	301555.27399110585	2.0230029923768342e8	1.847183285630772e8
0.9132799999999682	303781.6229750933	2.0225326268549126e8	1.8474020368774343e8
0.9135999999999682	305998.06357210415	2.0220631324142197e8	1.847621260100493e8
0.9139199999999682	308212.0850971599	2.0215921248314813e8	1.8478387836887747e8
0.9142399999999682	310432.7970861242	2.021117753934854e8	1.8480529225241178e8
0.9145599999999682	312659.02907523396	2.0206403262376785e8	1.8482639526383087e8
0.9148799999999682	314889.4856701067	2.020159995582439e8	1.8484720106886e8
0.9151999999999682	317123.3702495315	2.019676864433525e8	1.8486771869474694e8
0.9155199999999681	319363.06535557547	2.0191901398804986e8	1.8488787547809422e8
0.9158399999999681	321621.9216803793	2.0186973741924527e8	1.8490744801896378e8
0.9161599999999681	323898.485226878	2.0181984988719195e8	1.8492642932164475e8
0.9164799999999681	326204.01536193205	2.0176912385246816e8	1.8494461118766662e8
0.9167999999999681	328542.30033518275	2.017174317272921e8	1.8496187612696284e8
0.9171199999999681	330916.70042057964	2.0166473892805848e8	1.8497819174182543e8
0.9174399999999681	333335.1468736918	2.0161084972943538e8	1.8499337812549266e8
0.917759999999968	335781.3007995547	2.0155604583233893e8	1.850076912772587e8
0.918079999999968	338248.74362344865	2.015004979901234e8	1.850212865318437e8
0.918399999999968	340759.58114896086	2.0144376740427804e8	1.850337619659043e8
0.918719999999968	343320.4753214029	2.0138567740873864e8	1.8504495463718405e8
0.919039999999968	345939.2185544975	2.0132604848070163e8	1.8505469883483177e8
0.919359999999968	348622.27686679224	2.0126474521348724e8	1.8506286905987173e8
0.919679999999968	351365.66214081366	2.0120180533088878e8	1.850694980166885e8
0.919999999999968	354193.24363307416	2.0113666787739158e8	1.8507406990668446e8
0.9203199999999679	357105.00875710143	2.0106932220303193e8	1.8507657273698568e8
0.9206399999999679	360102.5392276066	2.009996854545521e8	1.8507692815438554e8
0.9209599999999679	363165.9695035113	2.009281367548535e8	1.85075481463973e8
0.9212799999999679	366302.62319515855	2.0085473892208585e8	1.8507228921663076e8
0.9215999999999679	369511.78048447217	2.0077956308451763e8	1.85067415062275e8
0.9219199999999679	372834.9669402931	2.007017659474187e8	1.850600830164565e8
0.9222399999999679	376276.3207943458	2.0062097559510985e8	1.8504994777953264e8
0.9225599999999679	379795.78001530346	2.0053807846386397e8	1.850378210528203e8
0.9228799999999678	383361.5123729572	2.004537740322014e8	1.850243438186658e8
0.9231999999999678	386906.3925510264	2.0036961673396906e8	1.8501094457974172e8
0.9235199999999678	390385.8667955588	2.002866502784117e8	1.8499858397620484e8
0.9238399999999678	393818.2730319594	2.0020439545200646e8	1.8498682189404932e8
0.9241599999999678	397210.87484777195	2.0012261714710364e8	1.849754423354093e8
0.9244799999999678	400574.18972195865	2.0004107829973704e8	1.8496422742934227e8
0.9247999999999678	403923.6073863092	1.9995971044905022e8	1.8495311527855065e8
0.9251199999999677	407268.74552731815	1.9987799503870738e8	1.849416270538676e8
0.9254399999999677	410659.80409687647	1.997947357675434e8	1.849286590637024e8
0.9257599999999677	414087.96193805017	1.9971007338635147e8	1.8491433942843658e8
0.9260799999999677	417536.25389089825	1.996245215022901e8	1.8489914115272197e8
0.9263999999999677	421043.21386734187	1.9953709403627267e8	1.848821526957372e8
0.9267199999999677	424630.9666739012	1.994473699256802e8	1.8486298361475778e8
0.9270399999999677	428346.33416865784	1.9935421329876333e8	1.848405820450201e8
0.9273599999999677	432196.3085214524	1.9925736515517616e8	1.8481470489014873e8
0.9276799999999676	436162.34013329097	1.991573778829436e8	1.847858595748811e8
0.9279999999999676	440265.66787343053	1.9905376257368e8	1.847535907964555e8
0.9283199999999676	444460.2957403596	1.9894770401217172e8	1.847189915025715e8
0.9286399999999676	448698.6427436839	1.9884013058915192e8	1.846829180054498e8
0.9289599999999676	452910.569214689	1.9873278129113758e8	1.8464697927504575e8
0.9292799999999676	457041.2565250684	1.9862727979715893e8	1.846126805275589e8
0.9295999999999676	461123.15392006945	1.9852247934584323e8	1.845789598699254e8
0.9299199999999676	465118.2781009904	1.9841942632740754e8	1.845467884193057e8
0.9302399999999675	469031.1998696802	1.983179232876359e8	1.845159845755869e8
0.9305599999999675	472872.2247431485	1.9821764914486867e8	1.8448625183552873e8
0.9308799999999675	476658.28128840035	1.9811817883633992e8	1.8445719693556833e8
0.9311999999999675	480403.1083409551	1.9801919271037894e8	1.844285239857523e8
0.9315199999999675	484132.0917539821	1.9792004795175594e8	1.8439963643365657e8
0.9318399999999675	487852.3283613126	1.9782054661887518e8	1.8437035017602733e8
0.9321599999999675	491570.6756063192	1.9772057040209267e8	1.843405550606414e8
0.9324799999999674	495268.35795575235	1.976205142484575e8	1.843106176459244e8
0.9327999999999674	498931.67043774214	1.9752078683888173e8	1.8428091817155588e8
0.9331199999999674	502571.980208312	1.9742101715681446e8	1.8425111154339662e8
0.9334399999999674	506195.8822100799	1.9732111408179215e8	1.8422111312642154e8
0.9337599999999674	509812.818273746	1.9722080741425267e8	1.8419067113220862e8
0.9340799999999674	513429.07966902625	1.9712005348295978e8	1.841597448022884e8
0.9343999999999674	517037.3364824762	1.9701895291975653e8	1.8412842725748736e8
0.9347199999999674	520651.3400166154	1.9691712253464642e8	1.8409636089505455e8
0.9350399999999673	524301.3507694053	1.9681378301645356e8	1.840628182874443e8
0.9353599999999673	527965.7758607529	1.9670953591812453e8	1.840283592241222e8
0.9356799999999673	531652.6022066615	1.9660414704662403e8	1.839927642039527e8
0.9359999999999673	535371.6344416145	1.9649735184666884e8	1.8395578511307988e8
0.9363199999999673	539127.7547166282	1.9638889014880627e8	1.8391717727954423e8
0.9366399999999673	542918.6056107851	1.962788135417018e8	1.8387698723854464e8
0.9369599999999673	546717.2480998078	1.961677810410151e8	1.8383582917950332e8
0.9372799999999673	550539.7913284122	1.9605534068960756e8	1.837932795772611e8
0.9375999999999672	554397.1945164431	1.9594116399162582e8	1.837490297434798e8
0.9379199999999672	558292.5133098956	1.958251834367326e8	1.8370301484820008e8
0.9382399999999672	562210.8433394611	1.9570783490448388e8	1.836556411624612e8
0.9385599999999672	566180.7352628494	1.955882625285882e8	1.836061058231999e8
0.9388799999999672	570232.1226240274	1.954655557474532e8	1.8355355356749728e8
0.9391999999999672	574349.0577120216	1.953401342833815e8	1.8349837454165438e8
0.9395199999999672	578579.9646561382	1.952104653252837e8	1.8343912889866656e8
0.9398399999999671	582912.9436340993	1.950769489272833e8	1.8337618772250056e8
0.9401599999999671	587355.5922759549	1.9493941143595225e8	1.8330938441426027e8
0.9404799999999671	591935.9735961969	1.9479682445313808e8	1.8323774949082935e8
0.9407999999999671	596651.9579546121	1.9464914761084253e8	1.8316123986818516e8
0.9411199999999671	601446.293670991	1.9449810770139712e8	1.8308147227770385e8
0.9414399999999671	606334.9966976865	1.9434272648000452e8	1.829975233947357e8
0.9417599999999671	611307.919193567	1.9418290476512933e8	1.8290929496481565e8
0.942079999999967	616479.2248577813	1.940151686092046e8	1.8281351652005687e8
0.942399999999967	622106.8049045447	1.9383054570390671e8	1.8270173962331784e8
0.942719999999967	628317.7555139102	1.936264835666846e8	1.8257154862901437e8
0.943039999999967	634836.5299153782	1.9341255693174407e8	1.8243193797764954e8
0.943359999999967	641345.6045670569	1.9319856613439542e8	1.8229212516357958e8
0.943679999999967	647582.204975703	1.929927975954225e8	1.821599150646262e8
0.943999999999967	653515.0218889853	1.9279616921189255e8	1.82036180577246e8
0.944319999999967	659229.6109354224	1.9260574510500693e8	1.819181631222907e8
0.944639999999967	664858.7237040306	1.9241720662772268e8	1.8180179664774987e8
0.9449599999999669	670474.4560911503	1.9222803247730717e8	1.816847044838131e8
0.9452799999999669	676138.6349225449	1.920359885060316e8	1.815647775210782e8
0.9455999999999669	681798.6827239972	1.9184288843888357e8	1.8144372515614218e8
0.9459199999999669	687486.640523011	1.916476247545886e8	1.8132050048537362e8
0.9462399999999669	693250.0912804665	1.9144856430930564e8	1.811935586169383e8
0.9465599999999669	699130.2238139405	1.9124421897754413e8	1.8106148943453845e8
0.9468799999999669	705123.9209096214	1.9103469322434795e8	1.8092438650294298e8
0.9471999999999668	711198.5102616955	1.9082136226110172e8	1.807835456150511e8
0.9475199999999668	717427.2547816578	1.906014962849189e8	1.80636380342211e8
0.9478399999999668	723842.2615852987	1.9037400076055014e8	1.8048184849323785e8
0.9481599999999668	730317.7324335801	1.901433443708954e8	1.8032417306995124e8
0.9484799999999668	736760.6721042702	1.8991246111649683e8	1.8016612902959546e8
0.9487999999999668	743423.820543266	1.8967111420469177e8	1.799980164570171e8
0.9491199999999668	750167.3698250215	1.8942479136349255e8	1.7982502649468848e8
0.9494399999999668	757044.0100461914	1.8917039916561282e8	1.796442199289411e8
0.9497599999999667	764417.1481790689	1.8889524045316866e8	1.7944354789031973e8
0.9500799999999667	772465.2983785196	1.8859317840913656e8	1.7921716841064128e8
0.9503999999999667	780807.4720633918	1.8827935896711498e8	1.7897943081295416e8
0.9507199999999667	788845.6456289996	1.8797583737167603e8	1.787512624194102e8
0.9510399999999667	796354.3966853515	1.8768979644215196e8	1.7853949351959968e8
0.9513599999999667	803532.8230741099	1.8741362264238518e8	1.7833690787356767e8
0.9516799999999667	810459.8003053294	1.871441202883047e8	1.7814047781351835e8
0.9519999999999667	817200.4683837	1.868779321974693e8	1.7794701707446697e8
0.9523199999999666	823884.0441469819	1.8661010149230975e8	1.7775181464437515e8
0.9526399999999666	830845.2737859852	1.8632745919612217e8	1.7754233956075412e8
0.9529599999999666	838683.9050863378	1.8600475151094574e8	1.7729453969075993e8
0.9532799999999666	846853.2770953327	1.856668980751822e8	1.770321055822094e8
0.9534399999999666	852672.7904394043	1.8542097091419357e8	1.7682747095354542e8
0.9537599999999666	862295.8585197513	1.8501863596417576e8	1.7650324679768407e8
0.9540799999999666	871813.9512045567	1.8461899595498794e8	1.7618132535736805e8
0.9543999999999666	880838.5829987314	1.8423602793701175e8	1.7587503130246264e8
0.9547199999999666	890072.2471804714	1.8384362117369357e8	1.7555948447829494e8
0.9550399999999666	899411.1177359038	1.8344675334016842e8	1.7523942483384177e8
0.9553599999999666	908583.236033915	1.830560333608959e8	1.7492497118731597e8
0.9556799999999666	918145.6293269132	1.826468968727343e8	1.7459267861762044e8
0.9559999999999665	928345.5865482433	1.8220762225505832e8	1.7423133408163783e8
0.9563199999999665	939523.6586337049	1.817248548551118e8	1.738281515884436e8
0.9566399999999665	950763.4049743612	1.8123572653741854e8	1.7341857053598973e8
0.9569599999999665	961342.5630653962	1.8077078585334134e8	1.7303178741412184e8
0.9572799999999665	971569.4083715152	1.8031724011213005e8	1.7265559305965948e8
0.9575999999999665	981879.5825339442	1.7985614722504497e8	1.722718782769965e8
0.9579199999999665	992351.1798162694	1.7938387157281116e8	1.7187715639466795e8
0.9582399999999665	1.0032025270715401e6	1.78890201754494e8	1.7146164066675088e8
0.9585599999999664	1.0141803237299103e6	1.7838824976428652e8	1.7103786832666388e8
0.9588799999999664	1.0252651473424061e6	1.7787863140764228e8	1.706064209870128e8
0.9591999999999664	1.0361878306869316e6	1.77371343430469e8	1.7017686908199197e8
0.9595199999999664	1.0465176525120336e6	1.768859462169045e8	1.69767966148612e8
0.9598399999999664	1.0563279674086191e6	1.7641935239705554e8	1.6937677333595502e8
0.9601599999999664	1.065569134966535e6	1.7597610767532188e8	1.6900767181986824e8
0.9604799999999664	1.0745658471498583e6	1.7554092057815096e8	1.6864601023917595e8
0.9607999999999663	1.083266505867505e6	1.751165270300222e8	1.6829442321746948e8
0.9611199999999663	1.0918812631446263e6	1.7469259535941494e8	1.679429995953461e8
0.9614399999999663	1.1007603830445085e6	1.7425266640026674e8	1.6757592890423682e8
0.9617599999999663	1.1099276055011188e6	1.73797217065224e8	1.6719365511627838e8
0.9620799999999663	1.119413122774284e6	1.7332398186664388e8	1.6679398461987054e8
0.9622399999999663	1.1251204930679162e6	1.7304098174822432e8	1.665494388272238e8
0.9623999999999664	1.1311380655850866e6	1.727421003277598e8	1.6628952814669624e8
0.9625599999999664	1.136754121835437e6	1.7246875636582536e8	1.6605408620180464e8
0.9625699999999664	1.1384145056170688e6	1.724046158339702e8	1.6599412191824415e8
0.9627299999999664	1.1446637331466351e6	1.7210075710342336e8	1.657292235035074e8
0.9630499999999664	1.1555338787067288e6	1.7155914601806042e8	1.652627325495056e8
0.9633699999999664	1.1660664972088742e6	1.710278159081827e8	1.6480578002725303e8
0.9636899999999664	1.176612186114674e6	1.704908383741467e8	1.6434303882125357e8
0.9640099999999664	1.187925388126776e6	1.6991347719865105e8	1.638410445889846e8
0.9640299999999664	1.1900800880368128e6	1.698232054994838e8	1.637574719784284e8
0.9640499999999664	1.192793307414042e6	1.6970267007553345e8	1.636447400057139e8
0.9640699999999665	1.195917887548508e6	1.695587285585735e8	1.6350945277115795e8
0.9641499999999664	1.201491814730557e6	1.692828005658269e8	1.6325708564709446e8
0.9643099999999665	1.2101574391282566e6	1.6884234930332625e8	1.628595563756874e8
0.9644699999999665	1.2186800195753456e6	1.6840415586667272e8	1.6246405590981975e8
0.9646299999999666	1.2270630089349414e6	1.6796968701278526e8	1.620720004017635e8
0.9647899999999666	1.2353879548289494e6	1.6753403225026634e8	1.6167865698461846e8
0.9649499999999667	1.2438854056139367e6	1.6708726143690518e8	1.612744511070029e8
0.9651099999999667	1.2527546724990818e6	1.666184704625435e8	1.6084886063862333e8
0.9652699999999668	1.2617308650419982e6	1.6613901337883583e8	1.604128253571263e8
0.9654299999999668	1.2706737211079465e6	1.6565652034571788e8	1.5997370162789965e8
0.9655899999999669	1.2798891842992136e6	1.6515556003307158e8	1.595165981991599e8
0.9657499999999669	1.2893243946171913e6	1.6463876834629548e8	1.590440498909451e8
0.9660699999999669	1.3054059475031397e6	1.6374728201618248e8	1.5823562916116682e8
0.9663899999999669	1.321242394555932e6	1.6286139755279472e8	1.57432032937921e8
0.9667099999999669	1.3367174543857723e6	1.6198830928539512e8	1.5664021779333547e8
0.9670299999999669	1.3517976406587777e6	1.611322950072621e8	1.558643320090799e8
0.9673499999999668	1.3657531122429552e6	1.603291444017716e8	1.5513898967616323e8
0.9676699999999668	1.3800130226252368e6	1.5949729558772543e8	1.543853638423905e8
0.9679899999999668	1.3951988514647733e6	1.5860053522451383e8	1.535683924072073e8
0.9683099999999668	1.4107200908281594e6	1.576736261505589e8	1.5272165465752086e8
0.9686299999999668	1.426151700416837e6	1.5674218850118935e8	1.5186992442674395e8
0.9689499999999668	1.4396679861877253e6	1.5591822101607537e8	1.5112166194449222e8
0.9692699999999668	1.4518919668607302e6	1.551643603589297e8	1.504407762052363e8
0.9695899999999668	1.4633959914500033e6	1.5444573270624804e8	1.4979353984674597e8
0.9699099999999667	1.4744695214916747e6	1.5374655282697344e8	1.4916468584030643e8
0.9702299999999667	1.4851227018365755e6	1.5306683463126692e8	1.4855424706712273e8
0.9705499999999667	1.4963401593759458e6	1.5234291476038393e8	1.4790048313837922e8
0.9708699999999667	1.5086531571237992e6	1.5154070978518632e8	1.4717027597560588e8
0.9710299999999668	1.5155473121861024e6	1.5108773757115954e8	1.467546312193521e8
0.9711899999999668	1.5231347330931986e6	1.505863743810367e8	1.4629186244677448e8
0.9713499999999669	1.5315210259409742e6	1.50029238645979e8	1.4577477903616e8
0.9715099999999669	1.5395947327798705e6	1.4949048678422794e8	1.452753658696773e8
0.971669999999967	1.54750761184185e6	1.4895990705475363e8	1.4478371377853107e8
0.9719899999999669	1.5616102330324287e6	1.480074372630836e8	1.4390548964796704e8
0.972149999999967	1.569122264024857e6	1.474960921088985e8	1.4343202599871394e8
0.972309999999967	1.5772221815405185e6	1.4694153801170182e8	1.4291640010635987e8
0.972389999999967	1.5831566280192344e6	1.4653293163821554e8	1.4253086835017923e8
0.972469999999967	1.589065454552515e6	1.4612463035711664e8	1.4214556625534427e8
0.972629999999967	1.5980250068482116e6	1.4550167316352242e8	1.415630303134695e8
0.9727899999999671	1.6065933445844655e6	1.4490225113039616e8	1.410031762820395e8
0.9729499999999671	1.615103209313687e6	1.4430238541356242e8	1.404426944299328e8
0.9731099999999672	1.623831533905144e6	1.4368249002388257e8	1.398625326970824e8
0.9732699999999672	1.6328178310532498e6	1.430392152886801e8	1.3925942228463313e8
0.9734299999999673	1.6424450022997225e6	1.4234465296357647e8	1.3860619529804075e8
0.9735899999999673	1.6525442821113267e6	1.4161105102389923e8	1.3791474686084405e8
0.9737499999999674	1.6624979580607733e6	1.4088494255704743e8	1.372303533863195e8
0.9739099999999674	1.6716171171477376e6	1.402154600664714e8	1.3660085120391902e8
0.9742299999999674	1.6872824975029968e6	1.3905205474863678e8	1.355121645677206e8
0.9745499999999674	1.7015552951565757e6	1.3797747027237797e8	1.3450924823620325e8
0.9748699999999674	1.7165866087453049e6	1.3682956569923365e8	1.3343417653468527e8
0.9750299999999674	1.72495058850907e6	1.36183928272831e8	1.328264876000491e8
0.9751899999999675	1.7336524881247408e6	1.3550708259053215e8	1.3218816378968707e8
0.9753499999999675	1.7430522527271835e6	1.3477003749320683e8	1.3149092230702469e8
0.9755099999999676	1.753091089968192e6	1.3397705565784122e8	1.3073889076556972e8
0.9756699999999676	1.7633240496549502e6	1.3316425144463162e8	1.2996726688110758e8
0.9758299999999677	1.7733345919785856e6	1.3236437874545506e8	1.2920799320826131e8
0.9759899999999677	1.7829782975560569e6	1.31588388176745e8	1.2847176028554147e8
0.9761499999999678	1.7926291202787762e6	1.3080561558570734e8	1.277286558585027e8
0.9763099999999678	1.8029523286990104e6	1.2996054272272764e8	1.2692448940628898e8
0.9764699999999679	1.8126499131413999e6	1.2916359586699726e8	1.2616702810869893e8
0.9766299999999679	1.8220185894003254e6	1.2839036886754191e8	1.2543246652153768e8
0.976789999999968	1.8313915655320822e6	1.2761239779508314e8	1.2469302064049122e8
0.976949999999968	1.8403470214946473e6	1.2686397628997558e8	1.239821816353331e8
0.9771099999999681	1.849519128422867e6	1.2609122806759296e8	1.232473353499714e8
0.9772699999999681	1.8587507895329425e6	1.2530776348443884e8	1.2250176742587969e8
0.9774299999999682	1.8682609219519233e6	1.2449448352943784e8	1.2172680968518297e8
0.9775899999999682	1.8785049918575475e6	1.2361153970360534e8	1.2088350239571121e8
0.9777499999999683	1.8899197595007203e6	1.2261983485331921e8	1.1993359424247791e8
0.9779099999999683	1.902214966496515e6	1.2154327540406318e8	1.1890040437899354e8
0.9780699999999684	1.9147955372840618e6	1.2043255899114317e8	1.178334644385963e8
0.9782299999999684	1.92732359371233e6	1.1931812060848005e8	1.1676252295746486e8
0.9783899999999685	1.9393454022148869e6	1.1824056330755165e8	1.1572729398861365e8
0.9785499999999685	1.9508076016820706e6	1.1720599225570141e8	1.1473376854486907e8
0.9787099999999685	1.9617424370521223e6	1.1621211745490502e8	1.1377972697077134e8
0.9788699999999686	1.9733178979405086e6	1.1515143122671193e8	1.1275997769207142e8
0.9789499999999686	1.9797833166261022e6	1.1455540000191022e8	1.1218568327068146e8
0.9790299999999685	1.9867494667010903e6	1.1391042202270743e8	1.1156338260920447e8
0.9791099999999685	1.9944023818322825e6	1.1319835859895106e8	1.1087530795357195e8
0.9791499999999685	1.9969579165654045e6	1.1295992919842419e8	1.1064635124719393e8
0.9791599999999685	2.1647430279901144e6	9.872722193245554e7	9.671485987208344e7
0.9792399999999685	2.173631079951153e6	9.789023601463425e7	9.59031592961872e7
0.9793199999999684	2.1821006228120183e6	9.709047631837572e7	9.512777110898848e7
0.9793999999999684	2.1902438289960455e6	9.631880194278881e7	9.437975364564171e7
0.9795599999999685	2.2042569425071627e6	9.498223225659664e7	9.308585044117372e7
0.9797199999999685	2.21659359054126e6	9.379736284429292e7	9.194010484382395e7
0.9798799999999686	2.229033754135805e6	9.259368189153865e7	9.077554517101127e7
0.9800399999999686	2.2414611827584063e6	9.138385929252632e7	8.960457702625255e7
0.9801999999999687	2.250897885729092e6	9.045655549216346e7	8.87100834715533e7
0.9803599999999687	2.2585844531504232e6	8.96921869967914e7	8.797499104283156e7
0.9805199999999687	2.265902925920933e6	8.895885358436331e7	8.727007490553415e7
0.9806799999999688	2.2735051473014806e6	8.81916464849548e7	8.653170799430867e7
0.9808399999999688	2.2816009677890306e6	8.73664884815786e7	8.573626203681175e7
0.9809999999999689	2.290613216413081e6	8.643995988630812e7	8.484112229957749e7
0.981159999999969	2.3008534038482895e6	8.537951266005221e7	8.381431071966276e7
0.9812399999999689	2.306770616201694e6	8.476467224351323e7	8.32177620089823e7
0.9813199999999689	2.3132647558741476e6	8.40874742167931e7	8.25599319840606e7
0.9813999999999689	2.320423980924975e6	8.333800323755641e7	8.183107626338054e7
0.9814799999999688	2.3270084500848562e6	8.264456936075783e7	8.115708813268965e7
0.9815599999999688	2.333123183359375e6	8.19966638518327e7	8.052766816190358e7
0.9816399999999688	2.3392562605824466e6	8.134313626793368e7	7.989262503099625e7
0.9817199999999687	2.3455196207392635e6	8.067264824730988e7	7.924082833601372e7
0.9817999999999687	2.351558023268724e6	8.002368207571152e7	7.861004941795462e7
0.9818799999999687	2.357777159702969e6	7.935238510732767e7	7.79572428113143e7
0.9819599999999686	2.3645243038037303e6	7.862081903853035e7	7.724515548151349e7
0.9820399999999686	2.371796423315714e6	7.782925508943051e7	7.647403913178472e7
0.9820499999999686	2.3836156902866857e6	7.659902405033737e7	7.526685747027214e7
0.9822099999999686	2.39022490269164e6	7.58729580650901e7	7.456570024212873e7
0.9823699999999687	2.395199813200448e6	7.531883844251436e7	7.403319469347727e7
0.9825299999999687	2.3989534356130254e6	7.489777597528051e7	7.363122154551025e7
0.9826899999999688	2.403557692420716e6	7.437858852212209e7	7.313270073845771e7
0.9827699999999687	2.406655958362105e6	7.40273577657232e7	7.279333307358013e7
0.9828499999999687	2.410055685119249e6	7.36389920513685e7	7.241741579268509e7
0.9829299999999687	2.4144349498839388e6	7.31360477647053e7	7.19288298339541e7
0.9829699999999687	2.417456745921923e6	7.278808032488015e7	7.158966860532829e7
0.9830099999999687	2.4213151994234324e6	7.234276763729572e7	7.115480216037409e7
0.9830499999999688	2.4253669661954106e6	7.187345638060069e7	7.069631126502435e7
0.9831299999999688	2.431532114796069e6	7.11548382170442e7	6.999547604309714e7
0.9832099999999687	2.437413177353464e6	7.046484221857256e7	6.932266168496837e7
0.9832899999999687	2.4435908143191184e6	6.973607016378033e7	6.861161283384873e7
0.9833699999999687	2.44919833318699e6	6.907187980061805e7	6.796394460781258e7
0.9834499999999686	2.455048085682085e6	6.837591375534195e7	6.728492342850702e7
0.9835299999999686	2.461548449808348e6	6.759890606542182e7	6.652609378549062e7
0.9836099999999686	2.469139119502833e6	6.668733733097118e7	6.5634801062283196e7
0.9836899999999685	2.4773826967375563e6	6.569173468295801e7	6.4660708602060765e7
0.9837699999999685	2.485790708654696e6	6.4669648786047876e7	6.366040476944983e7
0.9838499999999685	2.4933485111765927e6	6.374675344785324e7	6.275751095812398e7
0.9839299999999684	2.500391419510786e6	6.288286744590247e7	6.191252105615645e7
0.9840099999999684	2.50777680575223e6	6.197260827268571e7	6.102176561752756e7
0.9840299999999684	2.509799707713247e6	6.172262460076177e7	6.0776995787217915e7
0.9840399999999684	2.511258198161071e6	6.15426886582979e7	6.060054702815224e7
0.9840499999999683	2.52080647778347e6	6.0371606852959484e7	5.944888658697359e7
0.9840599999999683	2.526671181384271e6	5.965201045160869e7	5.8741432543639496e7
0.9840999999999683	2.534338748210342e6	5.870890679766944e7	5.7815731165681265e7
0.9841399999999684	2.5404831696202843e6	5.795069969587761e7	5.707189366176942e7
0.9841799999999684	2.5466117342793625e6	5.719220234065303e7	5.632770909725847e7
0.9842199999999685	2.55327069231918e6	5.636580725742948e7	5.5516645430430345e7
0.9842399999999685	2.560986047069386e6	5.5406365289274275e7	5.457352211241546e7
0.9842599999999685	2.567885043379543e6	5.4546882280555815e7	5.3728732864041016e7
0.9842999999999685	2.5765584794279295e6	5.3462854044620335e7	5.266393920424522e7
0.9843799999999685	2.586934173498605e6	5.215575847667077e7	5.1381493441053666e7
0.9844599999999685	2.5946550125563084e6	5.117419902530143e7	5.041927291134183e7
0.9845399999999684	2.6016487001793366e6	5.027824756856397e7	4.954116735005724e7
0.9846199999999684	2.6089103387839054e6	4.934222892771557e7	4.862347048781633e7
0.9846999999999684	2.6167907057334566e6	4.832081954653072e7	4.7621547905265085e7
0.9847799999999683	2.6254884959954037e6	4.718741173834181e7	4.6509179266591884e7
0.9848199999999684	2.630234502985733e6	4.656660143455437e7	4.5899647384531766e7
0.9848599999999684	2.638297794015183e6	4.551107652991933e7	4.486198265985639e7
0.9848999999999685	2.645634251584457e6	4.454680302929899e7	4.391409538075418e7
0.9849399999999685	2.652737867686749e6	4.360965290014726e7	4.299284175975711e7
0.9849799999999685	2.660170768699583e6	4.262610903798309e7	4.20258206451772e7
0.9850199999999686	2.668205199142259e6	4.156002218186259e7	4.097742276346022e7
0.9850599999999686	2.6773318358118e6	4.034419918911672e7	3.978145619085716e7
0.9850999999999687	2.687483890997084e6	3.898826732057965e7	3.844738564747773e7
0.9851399999999687	2.6989417158874166e6	3.745400620315862e7	3.693754594487668e7
0.9851799999999687	2.711786151901184e6	3.572971733955848e7	3.5240391599356376e7
0.9851999999999688	2.7187899965875153e6	3.4787743170832574e7	3.431312266385275e7
0.9852199999999688	2.7261270548614967e6	3.3799715217498004e7	3.3340447584453266e7
0.9852399999999688	2.733900882646782e6	3.2751548508520454e7	3.230848802956162e7
0.9852799999999688	2.7469196855714144e6	3.0995797440623373e7	3.0579973960068125e7
0.9853599999999688	2.757351997278815e6	2.958925992588991e7	2.919644079381421e7
0.9854399999999688	2.7661352061363724e6	2.840030320388961e7	2.802706971784152e7
0.9857599999999688	2.776517031242093e6	2.6984563185087144e7	2.6639840607855633e7
0.9859199999999688	2.7806565386058376e6	2.641013177800572e7	2.607742876663423e7
0.9860799999999689	2.785151090504946e6	2.5778790183151543e7	2.5458718726981185e7
0.9862399999999689	2.79010486220329e6	2.5074725126028e7	2.476808875119708e7
0.986399999999969	2.7952319641322442e6	2.433784724694881e7	2.4044867679101836e7
0.986559999999969	2.8008420713993628e6	2.3521923228356004e7	2.3243431897605862e7
0.986879999999969	2.809317209211351e6	2.2271707919129014e7	2.2016361353014294e7
0.987199999999969	2.8146688994139233e6	2.146247598885089e7	2.1223784058105517e7
0.987359999999969	2.8178967939738687e6	2.0964861457303107e7	2.073548382395806e7
0.9875199999999691	2.821651754192209e6	2.0378173789631456e7	2.0159068394628633e7
0.9876799999999691	2.8261215772950533e6	1.9670273512233734e7	1.9462753560394768e7
0.9878399999999692	2.8315948568615434e6	1.8791459612850457e7	1.8597387657417137e7
0.9879199999999692	2.834848568539675e6	1.8263657929636747e7	1.807727791255422e7
0.9879999999999691	2.8385141680522435e6	1.7664851001902968e7	1.74869349598963e7
0.9880799999999691	2.841904617682676e6	1.7106935046182454e7	1.6936895883474294e7
0.9881599999999691	2.845553542071771e6	1.6501754484749317e7	1.6340065065587593e7
0.988239999999969	2.850347515478851e6	1.5700691669508249e7	1.5549571622256465e7
0.9882799999999691	2.853413000694029e6	1.5185733967727214e7	1.5041199165993204e7
0.9883199999999691	2.857077084159675e6	1.4567935012632519e7	1.4431152192027595e7
0.9883599999999692	2.8615394281536727e6	1.3812792415860564e7	1.3685319831083316e7
0.9883999999999692	2.867048147283211e6	1.2877174071776152e7	1.2761056611051725e7
0.9884199999999692	2.870306151617334e6	1.2322343328291386e7	1.221288873778521e7
0.9884399999999692	2.873976530793229e6	1.1696144795042813e7	1.1594160529907817e7
0.9884599999999693	2.878127589276151e6	1.0986649791057795e7	1.0893077444848986e7
0.9884999999999693	2.8857037026702035e6	9.68873465032515e6	9.610499794426909e6
0.9897799999999692	2.8878075852803993e6	9.321541729639798e6	9.255788966684248e6
0.9900999999999692	2.88842918188401e6	9.202779238818586e6	9.14026717325474e6
0.9904199999999692	2.8894318530374975e6	9.003723466773033e6	8.94514855311326e6
0.9907399999999692	2.8912418947750214e6	8.630024528309673e6	8.576883401122965e6
0.9908999999999692	2.8927665639732876e6	8.306260275531054e6	8.256997482755711e6
0.9910599999999693	2.89511039107175e6	7.798370672437042e6	7.754535525521486e6
0.9911399999999693	2.896791981380981e6	7.42858154679209e6	7.388429891242408e6
0.9912199999999692	2.8990102667509974e6	6.935713235684097e6	6.90027098361674e6
0.9912999999999692	2.9020265478019835e6	6.258531658315152e6	6.229330063853584e6
0.9913399999999692	2.903961552900354e6	5.820781098084182e6	5.7955214408228e6
0.9913799999999693	2.9062841578116976e6	5.292577057470202e6	5.272007212675072e6
0.9914199999999693	2.909106956354701e6	4.647223798457861e6	4.632310755952563e6
0.9914599999999694	2.9125868965139096e6	3.84740747461465e6	3.839424106877641e6
0.9965799999999694	2.9166159999999995e6	2.916616e6	2.916616e6
