lambda	f0	f1	fla
0.0	15589.448375489834	7.5981464891958805e6	15589.448375489834
0.00064	15604.887922284834	7.597851223021717e6	20457.52557674847
0.00128	15610.694675818748	7.597745006323878e6	25315.826594728263
0.0019200000000000003	15613.49567976186	7.597699112570736e6	30171.100064192527
0.00256	15615.170238503224	7.59767618794133e6	35025.24644382246
0.0032	15616.361890375285	7.5976628744584825e6	39878.91073059323
0.00384	15617.34261979189	7.597653713603711e6	44732.36228437014
0.0044800000000000005	15618.238733056809	7.597646350147414e6	49585.72467219313
0.00512	15619.095163918313	7.597639764666057e6	54439.04099176927
0.00576	15619.935339978627	7.597633537893676e6	59292.33369068793
0.0064	15620.768575003018	7.5976274581706915e6	64145.61138841543
0.00704	15621.599674821202	7.5976214438779345e6	68998.87857801112
0.00768	15622.430401323687	7.597615455231035e6	73852.13683201587
0.008320000000000001	15623.261281751731	7.597609474741099e6	78705.3865777335
0.008960000000000001	15624.093086133511	7.5976034926275695e6	83558.62850602479
0.009600000000000001	15624.926008207998	7.597597505457624e6	88411.8627709224
0.01024	15625.760291276547	7.597591508715753e6	93265.0895551432
0.01088	15626.595813660237	7.597585503724827e6	98118.30873173373
0.01152	15627.43261367904	7.597579489386273e6	102971.52030769932
0.01216	15628.270675918462	7.597573464339828e6	107824.72423087162
0.0128	15629.11012113048	7.5975674280988155e6	112677.92059124485
0.01344	15629.950699667212	7.597561385509911e6	117531.10918351689
0.01408	15630.792697458632	7.597555331332195e6	122384.29020143572
0.01472	15631.636061994066	7.597549268360749e6	127237.46360943174
0.01536	15632.480668174316	7.59754319547418e6	132090.62924759457
0.016	15633.326792100366	7.597537108607249e6	136943.78730114276
0.016640000000000002	15634.17404526306	7.5975310158961e6	141796.93749366098
0.017280000000000004	15635.022472179167	7.5975249117870005e6	146650.0797595393
0.017920000000000005	15635.872633601653	7.597518797436702e6	151503.21464607326
0.018560000000000007	15636.724148989853	7.597512670175747e6	156356.3417072465
0.01920000000000001	15637.576786456439	7.597506537831637e6	161209.46083852398
0.01984000000000001	15638.430903504264	7.597500391734309e6	166062.5722063875
0.020480000000000012	15639.286166686341	7.597494238565798e6	170915.67559182024
0.021120000000000014	15640.1428521023	7.597488073683901e6	175768.77115127
0.021760000000000015	15641.001087014956	7.597481895966076e6	180621.85895958345
0.022400000000000017	15641.860594443215	7.597475710114503e6	185474.9388236927
0.02304000000000002	15642.72133824721	7.59746951527721e6	190328.01067060104
0.02368000000000002	15643.583558667427	7.597463309287782e6	195181.074663933
0.024320000000000022	15644.44710037459	7.597457091707038e6	200034.1306172088
0.024960000000000024	15645.312202077954	7.597450864626425e6	204887.17879058985
0.025600000000000026	15646.17858033118	7.597444626083035e6	209740.2188364006
0.026240000000000027	15647.0460916845	7.59743837861976e6	214593.25065722142
0.02688000000000003	15647.915413912679	7.597432117294257e6	219446.27476045655
0.02752000000000003	15648.785895577814	7.597425848973915e6	224299.29067149386
0.028160000000000032	15649.657597126845	7.597419571188019e6	229152.29836384658
0.028800000000000034	15650.531092732575	7.597413279490517e6	234005.29824658902
0.029440000000000036	15651.405845515255	7.597406978082607e6	238858.28989217547
0.030080000000000037	15652.28162467318	7.597400667207831e6	243711.27306301484
0.03072000000000004	15653.159407530527	7.597394344826662e6	248564.24862360655
0.03136000000000004	15654.038201641437	7.597388011625006e6	253417.21560819846
0.03200000000000004	15654.918546092289	7.597381669350179e6	258270.17457182336
0.032640000000000044	15655.800396218528	7.597375315416778e6	263123.1253664899
0.033280000000000046	15656.683553189043	7.597368949601637e6	267976.0677672817
0.03392000000000005	15657.567941860409	7.597362575913462e6	272829.0018122575
0.03456000000000005	15658.453688663025	7.597356191200331e6	277681.9274970666
0.03520000000000005	15659.341343556514	7.597349790147469e6	282534.8451414546
0.03584000000000005	15660.230058785442	7.597343386723996e6	287387.754393667
0.036480000000000054	15661.120691248776	7.597336963025599e6	292240.6554196063
0.037120000000000056	15662.012336804903	7.597330534913654e6	297093.54789485794
0.03776000000000006	15662.905587931698	7.597324092119862e6	301946.43199137785
0.03840000000000006	15663.800180411468	7.597317642824514e6	306799.3077379454
0.03904000000000006	15664.69621324536	7.597311180258247e6	311652.1749503627
0.03968000000000006	15665.593814891477	7.597304706476646e6	316505.0338053104
0.040320000000000064	15666.492954726282	7.597298218732848e6	321357.8841381006
0.040960000000000066	15667.393246545014	7.597291724222757e6	326210.7258433312
0.04160000000000007	15668.295312645489	7.5972852178111775e6	331063.559288585
0.04224000000000007	15669.198761734166	7.597278698434101e6	335916.38402789546
0.04288000000000007	15670.103437480146	7.597272170535811e6	340769.2000746571
0.04352000000000007	15671.009781508603	7.597265632389446e6	345622.00775740657
0.044160000000000074	15671.917618278098	7.597259081492147e6	350474.8067749487
0.044800000000000076	15672.826976259668	7.597252515818691e6	355327.59703640116
0.04544000000000008	15673.737880967086	7.597245941752484e6	360180.3788248894
0.04608000000000008	15674.65033597128	7.5972393558972655e6	365033.1519682363
0.04672000000000008	15675.563892034537	7.597232760907567e6	369885.91613660083
0.04736000000000008	15676.479305771512	7.597226149976873e6	374738.6717087555
0.048000000000000084	15677.396065761764	7.597219531805357e6	379591.41858126293
0.048640000000000086	15678.314110900086	7.597212903149329e6	384444.15652172995
0.04928000000000009	15679.234060678846	7.597206260400655e6	389296.88591871347
0.04992000000000009	15680.155540206242	7.5971996063803565e6	394149.6065261472
0.05056000000000009	15681.07845472585	7.597192938624022e6	399002.3181048861
0.05120000000000009	15682.002501082727	7.597186263171373e6	403855.02064740227
0.051840000000000094	15682.928859458365	7.5971795713437395e6	408707.71480584424
0.052480000000000096	15683.855892384925	7.597172874065494e6	413560.3995661104
0.0531200000000001	15684.784912919751	7.597166160868043e6	418413.07560365665
0.0537600000000001	15685.715327570362	7.597159440535203e6	423265.74279473344
0.0544000000000001	15686.647520109545	7.597152704509628e6	428118.40102034016
0.0550400000000001	15687.581153680172	7.597145956616706e6	432971.0501391659
0.055680000000000104	15688.51608911349	7.59713919759326e6	437823.6900352651
0.056320000000000106	15689.452853704623	7.597132428368718e6	442676.321234711
0.05696000000000011	15690.39108055442	7.597125647456294e6	447528.9432837173
0.05760000000000011	15691.33089817969	7.597118853151088e6	452381.55617994803
0.05824000000000011	15692.272340856172	7.597112046165939e6	457234.1599684298
0.05888000000000011	15693.215277872183	7.597105226947439e6	462086.7545249771
0.059520000000000114	15694.159562941468	7.597098398930069e6	466939.3398900738
0.060160000000000116	15695.105577396509	7.597091558305719e6	471791.9161735333
0.06080000000000012	15696.053265861574	7.5970847058656635e6	476644.48334393045
0.06144000000000012	15697.002610173791	7.597077837533725e6	481497.04110787774
0.06208000000000012	15697.953431150527	7.597070960908034e6	486349.58973531635
0.06272000000000012	15698.906002429016	7.5970640713596465e6	491202.12917363463
0.06336000000000012	15699.859940847358	7.597057169577044e6	496054.65907939774
0.06400000000000013	15700.81557505269	7.597050254999254e6	500907.1796982025
0.06464000000000013	15701.772761183742	7.597043328202724e6	505759.6909049259
0.06528000000000013	15702.73148915701	7.597036392253219e6	510612.19286383595
0.06592000000000013	15703.691996719766	7.597029442432809e6	515464.68546546774
0.06656000000000013	15704.654044199566	7.597022476909509e6	520317.16833411553
0.06720000000000013	15705.617449151665	7.597015504996704e6	525169.6418923482
0.06784000000000014	15706.58297806005	7.597008515614244e6	530022.1060880998
0.06848000000000014	15707.550048797539	7.597001515310696e6	534874.5607899334
0.06912000000000014	15708.518508448518	7.596994501643019e6	539727.005662711
0.06976000000000014	15709.488737000594	7.596987476438492e6	544579.4411590577
0.07040000000000014	15710.460602738976	7.596980439521911e6	549431.8671186498
0.07104000000000014	15711.434268940257	7.596973387752787e6	554284.2834444338
0.07168000000000015	15712.408814750335	7.596966330357397e6	559136.6899109284
0.07232000000000015	15713.385822922046	7.596959254230039e6	563989.0870261259
0.07296000000000015	15714.36439648769	7.596952167404315e6	568841.47450394
0.07360000000000015	15715.344557432309	7.596945065760233e6	573693.8520379596
0.07424000000000015	15716.326267304205	7.596937950496058e6	578546.2196500481
0.07488000000000015	15717.30972478053	7.596930827503922e6	583398.5779360839
0.07552000000000016	15718.294814862498	7.596923689590502e6	588250.92622832
0.07616000000000016	15719.281657112828	7.59691653939944e6	593103.2648067697
0.07680000000000016	15720.270451925257	7.59690937114197e6	597955.5933849219
0.07744000000000016	15721.26023878608	7.596902197016432e6	602807.9119828482
0.07808000000000016	15722.252217832362	7.596895006774379e6	607660.2208936088
0.07872000000000016	15723.245712357997	7.596887807507344e6	612512.5200168606
0.07936000000000017	15724.240977039764	7.5968805905526215e6	617364.8088793592
0.08000000000000017	15725.238127749679	7.596873360052158e6	622217.0878817036
0.08064000000000017	15726.23652903682	7.5968661211981885e6	627069.3568287585
0.08128000000000017	15727.23699936959	7.596858866588982e6	631921.6158524146
0.08192000000000017	15728.239185035834	7.596851597601113e6	636773.8647064822
0.08256000000000017	15729.243149267191	7.596844315693402e6	641626.1035385123
0.08320000000000018	15730.248582472437	7.596837022978271e6	646478.3322122042
0.08384000000000018	15731.255793334512	7.596829718510593e6	651330.5509075508
0.08448000000000018	15732.264945098517	7.596822396435845e6	656182.7592534381
0.08512000000000018	15733.27585708573	7.59681506055561e6	661034.9573706255
0.08576000000000018	15734.288145680152	7.596807717076634e6	665887.1454108002
0.08640000000000018	15735.302461805959	7.596800355181289e6	670739.3230167706
0.08704000000000019	15736.318509942312	7.596792981523345e6	675591.4904586304
0.08768000000000019	15737.336487356548	7.596785592989598e6	680443.6476174745
0.08832000000000019	15738.355953856088	7.596778193890285e6	685295.7944404029
0.08896000000000019	15739.377147617375	7.596770781591276e6	690147.9308869267
0.0896000000000002	15740.40044459951	7.596763353354821e6	695000.0570253568
0.0902400000000002	15741.425317451525	7.596755910797414e6	699852.1724871648
0.0908800000000002	15742.451757529394	7.596748458633982e6	704704.2776624628
0.0915200000000002	15743.480617911679	7.596740988286344e6	709556.3725197281
0.0921600000000002	15744.510378963949	7.5967335089927735e6	714408.4564912142
0.0928000000000002	15745.542532196858	7.596726012977767e6	719260.5301895473
0.0934400000000002	15746.576381750172	7.596718504148387e6	724112.5933122663
0.0940800000000002	15747.611997436581	7.596710982242241e6	728964.6458700693
0.0947200000000002	15748.649479492138	7.596703444602546e6	733816.6876735494
0.09536000000000021	15749.6886366947	7.596695894800093e6	738668.718856438
0.09600000000000021	15750.729987323755	7.596688325316903e6	743520.7391389649
0.09664000000000021	15751.77285052741	7.59668074876405e6	748372.7490828119
0.09728000000000021	15752.817615282433	7.596673155888723e6	753224.7481225244
0.09792000000000022	15753.864265596609	7.596665548516989e6	758076.7363874945
0.09856000000000022	15754.912914035827	7.596657928101707e6	762928.7140909344
0.09920000000000022	15755.96279727054	7.596650295010793e6	767780.6805528536
0.09984000000000022	15757.015124839674	7.596642643373134e6	772632.6362491511
0.10048000000000022	15758.069062129023	7.596634984902615e6	777484.5815657827
0.10112000000000022	15759.124945757247	7.596627307170978e6	782336.5155323733
0.10176000000000023	15760.182554811243	7.59661961271057e6	787188.438167463
0.10240000000000023	15761.242038494647	7.596611909983507e6	792040.3504360656
0.10304000000000023	15762.303756704541	7.596604190300406e6	796892.2517461693
0.10368000000000023	15763.367145462942	7.596596449673021e6	801744.141141922
0.10432000000000023	15764.43238760148	7.5965887022383865e6	806596.0202184371
0.10496000000000023	15765.499536682515	7.596580939318748e6	811447.88809621
0.10560000000000024	15766.56845478344	7.596573161544722e6	816299.7446850827
0.10624000000000024	15767.639087653213	7.596565373297585e6	821151.5903701182
0.10688000000000024	15768.712270829137	7.596557561059899e6	826003.4244294066
0.10752000000000024	15769.786766460804	7.596549744903035e6	830855.2478653071
0.10816000000000024	15770.863400854098	7.59654190692665e6	835707.059468606
0.10880000000000024	15771.941781861278	7.596534058199496e6	840558.8600481017
0.10944000000000025	15773.022705477175	7.596526190607524e6	845410.649400679
0.11008000000000025	15774.104845781581	7.596518311992527e6	850262.4271684972
0.11072000000000025	15775.18937543369	7.596510415433631e6	855114.1936045992
0.11136000000000025	15776.275780535125	7.596502504404661e6	859965.9486001197
0.11200000000000025	15777.364094549599	7.59649458154792e6	864817.692449329
0.11264000000000025	15778.45413924183	7.596486641115237e6	869669.4243202198
0.11328000000000026	15779.54635861729	7.5964786850293325e6	874521.1447872379
0.11392000000000026	15780.64043657341	7.596470715812916e6	879372.8538234483
0.11456000000000026	15781.736601215227	7.596462731714599e6	884224.5514014064
0.11520000000000026	15782.834585784496	7.596454732431113e6	889076.2372175682
0.11584000000000026	15783.934864037592	7.596446716481215e6	893927.9114865734
0.11648000000000026	15785.036868097632	7.5964386870985245e6	898779.5740469397
0.11712000000000027	15786.14059930746	7.596430642810332e6	903631.2246982646
0.11776000000000027	15787.246958895726	7.596422578536634e6	908482.8636054923
0.11840000000000027	15788.355088298744	7.5964145018695835e6	913334.490867205
0.11904000000000027	15789.464912895997	7.596406413069414e6	918186.10642145
0.11968000000000027	15790.57675891716	7.596398308324359e6	923037.7100726714
0.12032000000000027	15791.691060012807	7.596390186040294e6	927889.3019760425
0.12096000000000028	15792.807250310916	7.5963820450089965e6	932740.8814496036
0.12160000000000028	15793.9250910609	7.596373895218462e6	937592.4494585549
0.12224000000000028	15795.04527578088	7.596365725255145e6	942444.0051964605
0.12288000000000028	15796.167610894841	7.596357541291487e6	947295.5492087682
0.12352000000000028	15797.291845249663	7.596349341603323e6	952147.0810313689
0.12416000000000028	15798.418321748173	7.596341120624661e6	956998.60023968
0.12480000000000029	15799.54647232077	7.596332893148356e6	961850.1081374921
0.12544000000000027	15800.67694206111	7.5963246461060885e6	966701.6036339988
0.12608000000000028	15801.809436371037	7.596316382064042e6	971553.0867532699
0.12672000000000028	15802.9438439227	7.596308104375382e6	976404.5577864713
0.12736000000000028	15804.08067196024	7.596299807486878e6	981256.0164391103
0.12800000000000028	15805.219420635114	7.596291498619992e6	986107.4631581549
0.12864000000000028	15806.360260306741	7.596283168337128e6	990958.8968513112
0.12928000000000028	15807.503086188637	7.596274827123545e6	995810.3187377402
0.12992000000000029	15808.648029838136	7.596266466849273e6	1.0006617278508614e6
0.1305600000000003	15809.795205525625	7.596258092489725e6	1.0055131248989529e6
0.1312000000000003	15810.94434397935	7.596249701488578e6	1.0103645092813529e6
0.1318400000000003	15812.095754591555	7.59624129036776e6	1.0152158807723939e6
0.1324800000000003	15813.249522093649	7.596232867113018e6	1.0200672404605416e6
0.1331200000000003	15814.40512675742	7.596224424125809e6	1.0249185868559134e6
0.1337600000000003	15815.563111275258	7.596215966439023e6	1.029769921060397e6
0.1344000000000003	15816.722520149671	7.596207498100468e6	1.0346212427581466e6
0.1350400000000003	15817.884887457334	7.5961990022330135e6	1.0394725509738035e6
0.1356800000000003	15819.04896775426	7.59619049955859e6	1.0443238473839212e6
0.1363200000000003	15820.215087908968	7.596181979827888e6	1.0491751308572653e6
0.1369600000000003	15821.383880850655	7.596173436620353e6	1.0540264010240552e6
0.1376000000000003	15822.554709864284	7.596164882666165e6	1.0588776590366536e6
0.1382400000000003	15823.727382207879	7.596156308536252e6	1.0637289034009452e6
0.1388800000000003	15824.902918771397	7.596147715216949e6	1.0685801350907446e6
0.1395200000000003	15826.079901263764	7.596139110573759e6	1.0734313539406927e6
0.1401600000000003	15827.259543662645	7.596130488216028e6	1.0782825600743836e6
0.1408000000000003	15828.44098076596	7.596121847189267e6	1.0831337525749253e6
0.14144000000000032	15829.625164602076	7.596113188820706e6	1.0879849324081237e6
0.14208000000000032	15830.811329307115	7.596104511079594e6	1.09283609858983e6
0.14272000000000032	15831.999472965892	7.596095822148582e6	1.0976872522452322e6
0.14336000000000032	15833.190174633617	7.596087112648934e6	1.1025383925005519e6
0.14400000000000032	15834.382946535978	7.596078385692694e6	1.1073895193419852e6
0.14464000000000032	15835.57798830055	7.596069643956832e6	1.1122406332899912e6
0.14528000000000033	15836.775389506174	7.596060882590736e6	1.1170917336837035e6
0.14592000000000033	15837.975216190589	7.596052104011402e6	1.1219428208899903e6
0.14656000000000033	15839.17702600677	7.596043306035202e6	1.126793894173597e6
0.14720000000000033	15840.381354889794	7.596034492482585e6	1.131644954512889e6
0.14784000000000033	15841.587579921477	7.596025663567691e6	1.136496001373956e6
0.14848000000000033	15842.79631482815	7.596016816675266e6	1.1413470348579485e6
0.14912000000000034	15844.007202270255	7.596007951174393e6	1.1461980545273959e6
0.14976000000000034	15845.220306080042	7.595999070663213e6	1.151049060935567e6
0.15040000000000034	15846.436320012199	7.595990163729728e6	1.155900052922436e6
0.15104000000000034	15847.653849464752	7.595981246948057e6	1.1607510317510788e6
0.15168000000000034	15848.874070672144	7.595972313358717e6	1.1656019973418852e6
0.15232000000000034	15850.096915570763	7.595963354349601e6	1.1704529482879248e6
0.15296000000000035	15851.32205949346	7.595954381144825e6	1.1753038859771886e6
0.15360000000000035	15852.548566244044	7.595945392138728e6	1.1801548093389801e6
0.15424000000000035	15853.77804007176	7.595936387722798e6	1.185005719757538e6
0.15488000000000035	15855.010151606819	7.595927359506597e6	1.1898566156197102e6
0.15552000000000035	15856.24446351617	7.595918315039842e6	1.194707497679549e6
0.15616000000000035	15857.481083312288	7.595909251309221e6	1.199558365521793e6
0.15680000000000036	15858.720047121298	7.59590017032476e6	1.2044092194506577e6
0.15744000000000036	15859.961490269125	7.595891072005321e6	1.2092600595297618e6
0.15808000000000036	15861.205276509996	7.595881951849259e6	1.2141108848947329e6
0.15872000000000036	15862.451141336685	7.595872817351649e6	1.21896169646624e6
0.15936000000000036	15863.699927801856	7.59586366500603e6	1.223812494362671e6
0.16000000000000036	15864.950463882775	7.595854496282435e6	1.228663277794854e6
0.16064000000000037	15866.203766193128	7.595845300083603e6	1.2335140457986246e6
0.16128000000000037	15867.459824002199	7.5958360866504265e6	1.2383647999585706e6
0.16192000000000037	15868.718044492063	7.595826860337976e6	1.2432155404446558e6
0.16256000000000037	15869.97891392738	7.595817612065026e6	1.2480662661589726e6
0.16320000000000037	15871.241848685235	7.5958083427516185e6	1.252916976716047e6
0.16384000000000037	15872.507393261569	7.595799060150794e6	1.2577676737970586e6
0.16448000000000038	15873.775457905414	7.595789753908581e6	1.2626183555934753e6
0.16512000000000038	15875.045647880803	7.5957804326066e6	1.2674690231425075e6
0.16576000000000038	15876.318939333738	7.595771089351636e6	1.2723196760828798e6
0.16640000000000038	15877.594346895343	7.595761727691628e6	1.2771703141354618e6
0.16704000000000038	15878.871902961011	7.595752349581784e6	1.2820209376144344e6
0.16768000000000038	15880.15193419469	7.595742953740381e6	1.286871546541059e6
0.16832000000000039	15881.435296829728	7.595733532033814e6	1.2917221402196018e6
0.1689600000000004	15882.720561808785	7.5957240937811015e6	1.2965727189809433e6
0.1696000000000004	15884.008608933982	7.595714636824621e6	1.3014232831543174e6
0.1702400000000004	15885.298914356665	7.595705155605623e6	1.3062738313174807e6
0.1708800000000004	15886.592185971269	7.595695660631227e6	1.3111243658018997e6
0.1715200000000004	15887.887494504688	7.595686143499484e6	1.3159748843644818e6
0.1721600000000004	15889.185703492685	7.595676605236118e6	1.3208253878502324e6
0.1728000000000004	15890.485942777084	7.595667052499123e6	1.3256758766437168e6
0.1734400000000004	15891.789196219966	7.595657474628819e6	1.3305263496776528e6
0.1740800000000004	15893.095192737017	7.595647878234098e6	1.3353768078245802e6
0.1747200000000004	15894.4031704101	7.595638268477332e6	1.3402272513168387e6
0.1753600000000004	15895.714198035515	7.595628633362809e6	1.3450776789027734e6
0.1760000000000004	15897.027650443908	7.595618976219248e6	1.3499280905985567e6
0.1766400000000004	15898.343302326557	7.595609304227982e6	1.3547784874402373e6
0.1772800000000004	15899.662509132033	7.595599605336877e6	1.3596288683736378e6
0.1779200000000004	15900.98353414394	7.595589890065465e6	1.3644792337841997e6
0.1785600000000004	15902.307238768151	7.595580154839538e6	1.369329583706365e6
0.17920000000000041	15903.634311403974	7.595570397596851e6	1.3741799182921592e6
0.17984000000000042	15904.963001480826	7.595560624265784e6	1.3790302371232563e6
0.18048000000000042	15906.295073126	7.595550828316907e6	1.383880540432967e6
0.18112000000000042	15907.629634819255	7.595541009032653e6	1.3887308273113582e6
0.18176000000000042	15908.966388466084	7.595531176261357e6	1.393581099254966e6
0.18240000000000042	15910.306418263566	7.5955213152370695e6	1.3984313544268168e6
0.18304000000000042	15911.648687825531	7.595511437451204e6	1.4032815940230775e6
0.18368000000000043	15912.994041187483	7.595501534441972e6	1.4081318171420067e6
0.18432000000000043	15914.341818014636	7.595491617711632e6	1.4129820253107294e6
0.18496000000000043	15915.692603421592	7.595481675360468e6	1.4178322167741682e6
0.18560000000000043	15917.045848902177	7.595471710584006e6	1.4226823916237408e6
0.18624000000000043	15918.402000446962	7.595461725040866e6	1.4275325504834978e6
0.18688000000000043	15919.760103038687	7.595451721949004e6	1.4323826931328159e6
0.18752000000000044	15921.122281340235	7.595441693914142e6	1.4372328198739267e6
0.18816000000000044	15922.486514352413	7.595431650542356e6	1.4420829308178648e6
0.18880000000000044	15923.853161384895	7.595421582884489e6	1.4469330245331102e6
0.18944000000000044	15925.222716161383	7.595411492194267e6	1.451783101606097e6
0.19008000000000044	15926.595341539269	7.595401381215568e6	1.456633162640478e6
0.19072000000000044	15927.970472587573	7.595391248769439e6	1.4614832069093664e6
0.19136000000000045	15929.3485912706	7.595381097546676e6	1.4663332352713805e6
0.19200000000000045	15930.729366502293	7.595370919169385e6	1.4711832458086591e6
0.19264000000000045	15932.112771456299	7.595360724824741e6	1.4760332405974045e6
0.19328000000000045	15933.499438899275	7.595350505524699e6	1.480883218375166e6
0.19392000000000045	15934.888704600757	7.595340265204417e6	1.4857331793154485e6
0.19456000000000045	15936.28070694613	7.595330004286983e6	1.4905831235666815e6
0.19520000000000046	15937.676011823056	7.59531971371317e6	1.4954330497711294e6
0.19584000000000046	15939.074018864383	7.595309409899554e6	1.500282960597742e6
0.19648000000000046	15940.474286342203	7.595299078299678e6	1.505132852802886e6
0.19712000000000046	15941.877857160276	7.595288729450747e6	1.5099827292432918e6
0.19776000000000046	15943.284297244632	7.595278357627036e6	1.5148325883989476e6
0.19840000000000046	15944.693769033818	7.595267957246777e6	1.5196824292430216e6
0.19904000000000047	15946.105578179851	7.595257547992707e6	1.524532255076371e6
0.19968000000000047	15947.52081050528	7.595247102851758e6	1.529382061352506e6
0.20032000000000047	15948.938294630807	7.595236647170942e6	1.534231852136737e6
0.20096000000000047	15950.35960089696	7.595226154290412e6	1.5390816233017053e6
0.20160000000000047	15951.783700287855	7.595215645861351e6	1.543931378311962e6
0.20224000000000047	15953.21034901147	7.595205115912759e6	1.5487811157302272e6
0.20288000000000048	15954.63988357652	7.595194562481735e6	1.5536308353802946e6
0.20352000000000048	15956.072195604958	7.595183984436991e6	1.5584805368949755e6
0.20416000000000048	15957.508163793816	7.595173386744948e6	1.563330221934926e6
0.20480000000000048	15958.946853181116	7.595162762282884e6	1.5681798882531878e6
0.20544000000000048	15960.388376544857	7.595152116400318e6	1.5730295369817524e6
0.20608000000000049	15961.83315779214	7.595141447690378e6	1.577879168120671e6
0.2067200000000005	15963.280447089082	7.595130754074176e6	1.5827287805952842e6
0.2073600000000005	15964.730663852264	7.595120044450255e6	1.5875783765306047e6
0.2080000000000005	15966.184822329662	7.595109300187522e6	1.5924279528182934e6
0.2086400000000005	15967.641530947225	7.595098540662132e6	1.5972775123256815e6
0.2092800000000005	15969.101142730617	7.595087752382364e6	1.6021270524741649e6
0.2099200000000005	15970.563897755841	7.595076941625488e6	1.606976574710365e6
0.2105600000000005	15972.029732761457	7.5950661054888405e6	1.6118260783239652e6
0.2112000000000005	15973.498551637478	7.595055253832402e6	1.6166755652669386e6
0.2118400000000005	15974.970597481639	7.595044366476523e6	1.6215250314205016e6
0.2124800000000005	15976.445823981494	7.595033459386199e6	1.6263744800656852e6
0.2131200000000005	15977.923634056478	7.595022535844848e6	1.631223911388424e6
0.2137600000000005	15979.40460523007	7.595011583384213e6	1.6360733231410293e6
0.2144000000000005	15980.889173931857	7.595000601648184e6	1.640922715528415e6
0.2150400000000005	15982.376797525578	7.594989598085295e6	1.6457720896632515e6
0.2156800000000005	15983.867370666823	7.5949785776177645e6	1.6506214464767647e6
0.2163200000000005	15985.361317820587	7.59496752475214e6	1.6554707829119365e6
0.2169600000000005	15986.858072351824	7.5949564502284285e6	1.660320100786538e6
0.21760000000000052	15988.358379415982	7.59494534356746e6	1.6651693983563383e6
0.21824000000000052	15989.861961119117	7.594934222104089e6	1.6700186791187248e6
0.21888000000000052	15991.368310521719	7.594923072054444e6	1.6748679396259952e6
0.21952000000000052	15992.8777826781	7.59491190040287e6	1.6797171816282666e6
0.22016000000000052	15994.390600946323	7.594900699075855e6	1.6845664034747863e6
0.22080000000000052	15995.906771836117	7.594889479905606e6	1.6894156077197765e6
0.22144000000000053	15997.42636247257	7.594878225714588e6	1.694264790571009e6
0.22208000000000053	15998.948338592263	7.594866957465311e6	1.699113955805458e6
0.22272000000000053	16000.474673010343	7.594855650533726e6	1.7039630994407132e6
0.22336000000000053	16002.003825294052	7.594844325856167e6	1.7088122248741137e6
0.22400000000000053	16003.5359215986	7.594832976919919e6	1.7136613307052266e6
0.22464000000000053	16005.071726553964	7.594821600598086e6	1.718510416772259e6
0.22528000000000054	16006.610725043754	7.594810198951965e6	1.7233594830808085e6
0.22592000000000054	16008.153290937578	7.594798772158656e6	1.7282085299055367e6
0.22656000000000054	16009.698554750454	7.594787318076116e6	1.7330575560335151e6
0.22720000000000054	16011.247824875078	7.594775836227128e6	1.7379065623098712e6
0.22784000000000054	16012.799971231545	7.5947643278996125e6	1.742755548094438e6
0.22848000000000054	16014.355471983288	7.594752802443399e6	1.7476045158360165e6
0.22912000000000055	16015.91481549698	7.594741239704455e6	1.7524534612540593e6
0.22976000000000055	16017.477030347329	7.594729662660671e6	1.7573023888007747e6
0.23040000000000055	16019.04260478274	7.594718053270755e6	1.762151294662227e6
0.23104000000000055	16020.611810974979	7.59470641385571e6	1.7670001795153948e6
0.23168000000000055	16022.184086420419	7.594694753309583e6	1.7718490449240468e6
0.23232000000000055	16023.760111320573	7.594683061747806e6	1.7766978890675132e6
0.23296000000000056	16025.33933508204	7.594671348517852e6	1.7815467136343042e6
0.23360000000000056	16026.922204760582	7.594659606090132e6	1.7863955171603877e6
0.23424000000000056	16028.508883173223	7.5946478312083315e6	1.7912442989446225e6
0.23488000000000056	16030.098320351373	7.594636040390265e6	1.796093061993737e6
0.23552000000000056	16031.691502063757	7.594624212517998e6	1.800941802051741e6
0.23616000000000056	16033.288258823106	7.594612360431181e6	1.8057905219430514e6
0.23680000000000057	16034.888491056066	7.594600484362428e6	1.8106392215934012e6
0.23744000000000057	16036.49208882518	7.594588579992463e6	1.8154878998406692e6
0.23808000000000057	16038.09899969643	7.594576647963868e6	1.820336556737091e6
0.23872000000000057	16039.709666937588	7.594564687474813e6	1.825185192369238e6
0.23936000000000057	16041.324585915007	7.594552700839315e6	1.830033807605933e6
0.24000000000000057	16042.941905505872	7.594540682175017e6	1.8348823995701927e6
0.24064000000000058	16044.563387511604	7.594528641885778e6	1.839730972037339e6
0.24128000000000058	16046.188586256038	7.594516566587809e6	1.8445795213904749e6
0.24192000000000058	16047.817442165206	7.594504465736455e6	1.8494280497975245e6
0.24256000000000058	16049.449444539092	7.594492340533057e6	1.8542765571069745e6
0.24320000000000058	16051.084494785768	7.594480188547357e6	1.8591250426003754e6
0.24384000000000058	16052.724598704644	7.594467998627582e6	1.8639735050179104e6
0.24448000000000059	16054.367720751701	7.594455790891296e6	1.868821947657491e6
0.2451200000000006	16056.014519112505	7.594443545943074e6	1.8736703662217585e6
0.2457600000000006	16057.665060439274	7.594431275398052e6	1.8785187635370155e6
0.2464000000000006	16059.319065080263	7.594418978602348e6	1.8833671391750677e6
0.2470400000000006	16060.976641699475	7.594406654214617e6	1.8882154928293175e6
0.2476800000000006	16062.637731578137	7.594394296489832e6	1.893063822972827e6
0.2483200000000006	16064.302890355286	7.594381913969604e6	1.8979121320735589e6
0.2489600000000006	16065.971740583778	7.59436949917155e6	1.9027604179298019e6
0.2496000000000006	16067.645015686488	7.594357055619531e6	1.9076086819024107e6
0.2502400000000006	16069.321200702881	7.594344581752957e6	1.9124569224013032e6
0.25088000000000055	16071.000987144209	7.594332081808094e6	1.9173051409435084e6
0.2515200000000005	16072.685827604542	7.5943195467915535e6	1.922153336297261e6
0.2521600000000005	16074.373187678832	7.594306987950844e6	1.9270015093263623e6
0.25280000000000047	16076.064195058772	7.594294397772803e6	1.931849658923516e6
0.25344000000000044	16077.75989466916	7.594281777508611e6	1.93669778611875e6
0.2540800000000004	16079.459332808236	7.594269130094192e6	1.9415458908798636e6
0.2547200000000004	16081.161813873909	7.594256447158454e6	1.9463939704968482e6
0.25536000000000036	16082.869108872392	7.594243736988009e6	1.9512420283304914e6
0.25600000000000034	16084.579901099656	7.5942309961963445e6	1.956090062472685e6
0.2566400000000003	16086.294342067382	7.594218225185984e6	1.9609380730738526e6
0.2572800000000003	16088.012491282583	7.594205428975839e6	1.9657860614044315e6
0.25792000000000026	16089.735213930175	7.594192592065427e6	1.9706340240530705e6
0.25856000000000023	16091.46214365598	7.594179728010398e6	1.9754819641661628e6
0.2592000000000002	16093.191914128882	7.594166839691197e6	1.9803298814179464e6
0.2598400000000002	16094.926325318313	7.594153911773834e6	1.985177773104262e6
0.26048000000000016	16096.664202736853	7.594140960326413e6	1.9900256424570333e6
0.26112000000000013	16098.406225193452	7.594127974047419e6	1.9948734869749339e6
0.2617600000000001	16100.153256492385	7.5941149505149955e6	1.999721306586879e6
0.2624000000000001	16101.90319449294	7.594101903647897e6	2.0045691033134668e6
0.26304000000000005	16103.657169836659	7.594088825524845e6	2.0094168758539385e6
0.26368	16105.41619811906	7.594075713527738e6	2.0142646241979932e6
0.26432	16107.177800093456	7.594062573694243e6	2.019112348042835e6
0.26496	16108.944197543713	7.59404939667458e6	2.023960046485859e6
0.26559999999999995	16110.715154582804	7.594036191003964e6	2.0288077215401782e6
0.2662399999999999	16112.489942844411	7.594022940845242e6	2.033655368391098e6
0.2668799999999999	16114.268269430548	7.59400967123839e6	2.0385029934137857e6
0.26751999999999987	16116.050711945221	7.593996371935556e6	2.0433505942456843e6
0.26815999999999984	16117.838232273634	7.5939830304863965e6	2.0481981681871382e6
0.2687999999999998	16119.629481146017	7.593969659716873e6	2.0530457176085082e6
0.2694399999999998	16121.424561198148	7.593956260639965e6	2.0578932427942592e6
0.27007999999999976	16123.223522151111	7.593942831274094e6	2.062740743183794e6
0.27071999999999974	16125.027288953745	7.593929365757407e6	2.0675882177991313e6
0.2713599999999997	16126.835623884032	7.59391585953187e6	2.0724356651515528e6
0.2719999999999997	16128.64693512186	7.593902332917957e6	2.0772830895224507e6
0.27263999999999966	16130.46391742627	7.593888768626309e6	2.0821304881132534e6
0.27327999999999963	16132.284528899672	7.593875161454345e6	2.0869778579350826e6
0.2739199999999996	16134.10902251296	7.593861534552287e6	2.091825205423626e6
0.2745599999999996	16135.938326517176	7.593847870042216e6	2.0966725262983763e6
0.27519999999999956	16137.771204762596	7.593834169749218e6	2.1015198200841933e6
0.27583999999999953	16139.608777288497	7.59382043796339e6	2.1063670886999792e6
0.2764799999999995	16141.451263567173	7.593806664602199e6	2.111214329447428e6
0.2771199999999995	16143.29754925683	7.59379286564276e6	2.1160615458593243e6
0.27775999999999945	16145.148158563205	7.593779030350821e6	2.1209087352762804e6
0.2783999999999994	16147.003902299775	7.593765157926595e6	2.125755897982659e6
0.2790399999999994	16148.863431189086	7.593751252762222e6	2.1306030341501157e6
0.2796799999999994	16150.72739285093	7.593737314387013e6	2.135450144043374e6
0.28031999999999935	16152.595339693135	7.593723342782426e6	2.140297227262835e6
0.2809599999999993	16154.468884972246	7.593709327434334e6	2.1451442819429957e6
0.2815999999999993	16156.346157807744	7.593695280008207e6	2.149991309930075e6
0.28223999999999927	16158.227701305148	7.593681202162296e6	2.1548383120131698e6
0.28287999999999924	16160.113801707059	7.593667092437628e6	2.1596852879182305e6
0.2835199999999992	16162.00422602764	7.593652946687284e6	2.164532236232637e6
0.2841599999999992	16163.900584274093	7.593638757325973e6	2.1693791558759892e6
0.28479999999999916	16165.799264903311	7.593624538517501e6	2.174226048204037e6
0.28543999999999914	16167.704232360902	7.593610282161137e6	2.1790729136763443e6
0.2860799999999991	16169.613663780963	7.593595987168533e6	2.1839197505960134e6
0.2867199999999991	16171.52667112072	7.5935816577342e6	2.18876655944952e6
0.28735999999999906	16173.445351357786	7.5935672910520835e6	2.193613340851911e6
0.28799999999999903	16175.367675692693	7.5935528941601e6	2.198460095303195e6
0.288639999999999	16177.295051592697	7.593538455807273e6	2.203306820492105e6
0.289279999999999	16179.226882142924	7.593523984515341e6	2.208153518370267e6
0.28991999999999896	16181.163372518147	7.593509477248806e6	2.2130001881315233e6
0.29055999999999893	16183.105540548775	7.593494920475762e6	2.2178468264881163e6
0.2911999999999989	16185.051094572245	7.593480341349304e6	2.2226934396167416e6
0.2918399999999989	16187.002596053911	7.593465724041055e6	2.2275400246625543e6
0.29247999999999885	16188.95785301835	7.593451064655251e6	2.2323865788505264e6
0.2931199999999988	16190.91860616581	7.593436363764547e6	2.2372331034909817e6
0.2937599999999988	16192.884242811835	7.5934216283029765e6	2.2420796000979166e6
0.2943999999999988	16194.85383737642	7.593406864607682e6	2.246926069808145e6
0.29503999999999875	16196.828676451809	7.593392051108019e6	2.251772507102652e6
0.2956799999999987	16198.808515815132	7.593377202909831e6	2.256618916170228e6
0.2963199999999987	16200.792602389613	7.593362315575862e6	2.261465295089879e6
0.29695999999999867	16202.781728766486	7.593347393668496e6	2.2663116456903787e6
0.29759999999999864	16204.776362585057	7.5933324296489125e6	2.2711579659805857e6
0.2982399999999986	16206.77508479446	7.593317432638116e6	2.2760042575934865e6
0.2988799999999986	16208.779798912601	7.5933023925972795e6	2.280850518792078e6
0.29951999999999857	16210.788601517359	7.593287309863422e6	2.285696748249872e6
0.30015999999999854	16212.802313585742	7.593272197973755e6	2.2905429505149308e6
0.3007999999999985	16214.821714793601	7.593257034348807e6	2.2953891192750935e6
0.3014399999999985	16216.846011030395	7.593241840395214e6	2.300235260318187e6
0.30207999999999846	16218.874484219852	7.593226609634839e6	2.305081371118507e6
0.30271999999999843	16220.908644487452	7.59321133235635e6	2.30992744971053e6
0.3033599999999984	16222.947760502559	7.593196018228035e6	2.314773498417521e6
0.3039999999999984	16224.991475031702	7.59318066560867e6	2.3196195164116453e6
0.30463999999999836	16227.041391719431	7.593165265864696e6	2.3244655020951545e6
0.30527999999999833	16229.09577272938	7.593149834221603e6	2.329311458806389e6
0.3059199999999983	16231.155432020374	7.593134357805741e6	2.3341573831021762e6
0.3065599999999983	16233.219480537817	7.593118845665027e6	2.339003277043642e6
0.30719999999999825	16235.288641060131	7.593103293759094e6	2.3438491398133067e6
0.3078399999999982	16237.365069598138	7.59308768421585e6	2.3486949673155667e6
0.3084799999999982	16239.444788630235	7.593072050065918e6	2.3535407668645545e6
0.3091199999999982	16241.530944684353	7.593056369467175e6	2.358386533828743e6
0.30975999999999815	16243.621986600649	7.593040643737981e6	2.3632322674442944e6
0.3103999999999981	16245.717237989671	7.593024883948047e6	2.368077970584777e6
0.3110399999999981	16247.818395909308	7.593009086537524e6	2.3729236432386627e6
0.31167999999999807	16249.925709855603	7.592993230383927e6	2.3777692789106555e6
0.31231999999999804	16252.038229555503	7.592977333955628e6	2.3826148825907074e6
0.312959999999998	16254.154809735868	7.59296141205898e6	2.387460458038444e6
0.313599999999998	16256.278207053632	7.592945433050599e6	2.392305997165974e6
0.31423999999999797	16258.40532888299	7.592929431985995e6	2.397151508745598e6
0.31487999999999794	16260.538591790973	7.592913372879511e6	2.401996983052293e6
0.3155199999999979	16262.678449923878	7.592897262808354e6	2.40684242250668e6
0.3161599999999979	16264.8227675186	7.592881115090087e6	2.411687829748206e6
0.31679999999999786	16266.972631293293	7.592864931242249e6	2.416533205919228e6
0.31743999999999784	16269.128330933336	7.592848696397391e6	2.421378546417933e6
0.3180799999999978	16271.289804088347	7.592832425251268e6	2.426223855767111e6
0.3187199999999978	16273.45503628936	7.592816109729282e6	2.431069129940023e6
0.31935999999999776	16275.628137734044	7.592799740678399e6	2.4359143687187037e6
0.31999999999999773	16277.806091321785	7.592783334734918e6	2.440759575257255e6
0.3206399999999977	16279.988176265299	7.592766895285011e6	2.4456047500715964e6
0.3212799999999977	16282.177917075951	7.592750395208199e6	2.4504498867683504e6
0.32191999999999765	16284.372573434832	7.5927338590627145e6	2.455294991264046e6
0.3225599999999976	16286.572686430329	7.592717274570022e6	2.460140059885984e6
0.3231999999999976	16288.7790927912	7.592700634313877e6	2.464985090700228e6
0.3238399999999976	16290.990303361641	7.5926839760940755e6	2.469830094821808e6
0.32447999999999755	16293.2072665587	7.592667249597207e6	2.4746750565219885e6
0.3251199999999975	16295.431036847674	7.5926504813519325e6	2.479519984995269e6
0.3257599999999975	16297.660129831318	7.59263367338833e6	2.484364879808901e6
0.32639999999999747	16299.89610934372	7.592616808617446e6	2.489209736351969e6
0.32703999999999744	16302.136443968162	7.59259989988097e6	2.4940545569983856e6
0.3276799999999974	16304.382551651177	7.5925829714436345e6	2.4988993505597566e6
0.3283199999999974	16306.633690176937	7.592565969569567e6	2.5037440988460784e6
0.32895999999999737	16308.893407049423	7.592548916287231e6	2.508588811333694e6
0.32959999999999734	16311.15799472435	7.592531821758595e6	2.513433488771276e6
0.3302399999999973	16313.42733976647	7.592514696954959e6	2.5182781346174674e6
0.3308799999999973	16315.704287289884	7.592497504446632e6	2.5231227383239926e6
0.33151999999999726	16317.987099680784	7.592480275817119e6	2.527967309055265e6
0.33215999999999724	16320.274814047303	7.592462999107779e6	2.5328118421154325e6
0.3327999999999972	16322.568682549243	7.592445669844534e6	2.537656336749237e6
0.3334399999999972	16324.86926681469	7.592428297491686e6	2.5425007963740947e6
0.33407999999999716	16327.175429280062	7.592410881826479e6	2.547345220062435e6
0.33471999999999713	16329.48768006191	7.592393400416466e6	2.55218960055117e6
0.3353599999999971	16331.807326550272	7.592375880723881e6	2.557033947781057e6
0.3359999999999971	16334.132569905585	7.5923583106113e6	2.561878256391792e6
0.33663999999999705	16336.462935946089	7.5923406975449575e6	2.5667225284747016e6
0.337279999999997	16338.800580334922	7.592323027167352e6	2.5715667605235814e6
0.337919999999997	16341.144089370098	7.592305312001183e6	2.576410955710107e6
0.338559999999997	16343.49396763619	7.592287536999579e6	2.5812551091765077e6
0.33919999999999695	16345.850638122623	7.592269723418066e6	2.5860992282850565e6
0.3398399999999969	16348.213123734708	7.592251865220161e6	2.5909433102521608e6
0.3404799999999969	16350.582776700563	7.592233940719117e6	2.595787348488911e6
0.34111999999999687	16352.958384559244	7.592215971202612e6	2.6006313493170296e6
0.34175999999999684	16355.339588329698	7.592197958902092e6	2.605475313164977e6
0.3423999999999968	16357.727125835127	7.592179896161804e6	2.610319237803727e6
0.3430399999999968	16360.122148202898	7.592161772481155e6	2.6151631202783943e6
0.34367999999999677	16362.523202276197	7.592143594450983e6	2.6200069617690076e6
0.34431999999999674	16364.931515237624	7.592125373390752e6	2.6248507668617903e6
0.3449599999999967	16367.345819375267	7.592107086135356e6	2.629694526638751e6
0.3455999999999967	16369.766696888835	7.592088771198864e6	2.634538254652746e6
0.34623999999999666	16372.193051125558	7.592070396390657e6	2.63938193897538e6
0.34687999999999664	16374.627664285477	7.5920519594181655e6	2.644225580503046e6
0.3475199999999966	16377.06763572829	7.592033478357787e6	2.6490691834898326e6
0.3481599999999966	16379.515971833358	7.592014935800182e6	2.653912743739245e6
0.34879999999999656	16381.969920877715	7.5919963537036795e6	2.658756266984293e6
0.34943999999999653	16384.431389064386	7.591977692151417e6	2.6635997404298345e6
0.3500799999999965	16386.898952766223	7.591958994341345e6	2.668443178106373e6
0.3507199999999965	16389.372697814528	7.591940264129714e6	2.6732865813407833e6
0.35135999999999645	16391.85469889567	7.591921446130138e6	2.67812993194415e6
0.3519999999999964	16394.34188581134	7.591902592428837e6	2.6829732460769294e6
0.3526399999999964	16396.83718174764	7.591883675768953e6	2.687816515941113e6
0.3532799999999964	16399.338331080315	7.591864709267397e6	2.692659744575435e6
0.35391999999999635	16401.848286099816	7.591845680255548e6	2.697502929296699e6
0.3545599999999963	16404.363541779552	7.591826599548485e6	2.7023460715402896e6
0.3551999999999963	16406.88652943802	7.591807463624036e6	2.707189171513411e6
0.35583999999999627	16409.416797435537	7.591788273517059e6	2.712032229172518e6
0.35647999999999624	16411.953316524345	7.591769033794877e6	2.716875245365419e6
0.3571199999999962	16414.49646309928	7.591749727503475e6	2.7217182141722096e6
0.3577599999999962	16417.047123607284	7.591730378376319e6	2.7265611445125486e6
0.35839999999999617	16419.607118189353	7.5917109398105815e6	2.7314040207551136e6
0.35903999999999614	16422.17151074512	7.591691490910619e6	2.7362468679480464e6
0.3596799999999961	16424.744827288894	7.591671959982509e6	2.741089663174289e6
0.3603199999999961	16427.32420195587	7.591652365636636e6	2.7459324111316702e6
0.36095999999999606	16429.91348059045	7.591632698964412e6	2.7507751109288014e6
0.36159999999999604	16432.50572914332	7.5916130240199575e6	2.7556177811430716e6
0.362239999999996	16435.107996446142	7.59159325071017e6	2.7604603936130353e6
0.362879999999996	16437.718118621808	7.591573433702578e6	2.765302966589697e6
0.36351999999999596	16440.333389195886	7.59155355695282e6	2.7701454924190138e6
0.36415999999999593	16442.95808624339	7.5915336214003945e6	2.7749879740386936e6
0.3647999999999959	16445.58982463008	7.591513619186557e6	2.77983040693583e6
0.3654399999999959	16448.22918701685	7.591493564208798e6	2.7846727964173453e6
0.36607999999999585	16450.87595639362	7.591473441351858e6	2.789515136696334e6
0.3667199999999958	16453.530078170963	7.59145327134673e6	2.7943574351961454e6
0.3673599999999958	16456.191363646885	7.591433034104748e6	2.7991996843129857e6
0.3679999999999958	16458.861416288742	7.591412726652713e6	2.8040418838232607e6
0.36863999999999575	16461.53782063994	7.5913923943910515e6	2.8088840487867245e6
0.3692799999999957	16464.22210346354	7.591371966693668e6	2.813726154025702e6
0.3699199999999957	16466.914840359343	7.591351478384706e6	2.8185682125866516e6
0.37055999999999567	16469.61559914023	7.591330930377803e6	2.8234102244034884e6
0.37119999999999564	16472.32375077835	7.591310319080473e6	2.8282521876171282e6
0.3718399999999956	16475.039226620684	7.591289667565057e6	2.8330941106279516e6
0.3724799999999956	16477.76481727636	7.591268918115385e6	2.8379359735977226e6
0.37311999999999557	16480.4941747237	7.591248149794151e6	2.842777801839411e6
0.37375999999999554	16483.23554952656	7.591227277166594e6	2.8476195685442877e6
0.3743999999999955	16485.983367191537	7.591206354292393e6	2.852461290241553e6
0.3750399999999955	16488.73678322185	7.591185386423795e6	2.857302968264388e6
0.37567999999999546	16491.501309691692	7.591164333949104e6	2.862144591075632e6
0.37631999999999544	16494.274115849126	7.59114321737026e6	2.8669861644413145e6
0.3769599999999954	16497.05321387292	7.591122050546772e6	2.8718276922084475e6
0.3775999999999954	16499.842387818993	7.591100806483599e6	2.8766691664303504e6
0.37823999999999536	16502.637317053446	7.591079505439611e6	2.8815105919156945e6
0.37887999999999533	16505.442631182363	7.591058125484958e6	2.8863519631107855e6
0.3795199999999953	16508.25622296822	7.591036687554946e6	2.891193286482045e6
0.3801599999999953	16511.075845999767	7.591015197642388e6	2.896034562788079e6
0.38079999999999525	16513.90573739157	7.590993626081286e6	2.9008757832443104e6
0.3814399999999952	16516.744158791094	7.5909719975811e6	2.90571695602416e6
0.3820799999999952	16519.589889671915	7.590950275389561e6	2.9105580662054336e6
0.3827199999999952	16522.444179227936	7.590928522774228e6	2.9153991385790696e6
0.38335999999999515	16525.308639088325	7.590906674793635e6	2.9202401491680583e6
0.3839999999999951	16528.17963487835	7.590884767630592e6	2.9250811094251955e6
0.3846399999999951	16531.06019963872	7.590862795114453e6	2.929922018717236e6
0.38527999999999507	16533.950067467973	7.590840749041406e6	2.9347628735761098e6
0.38591999999999504	16536.84597009419	7.590818652242985e6	2.9396036806468903e6
0.386559999999995	16539.754178477982	7.590796458449692e6	2.9444444257815205e6
0.387199999999995	16542.66837093022	7.590774217874527e6	2.949285124338685e6
0.38783999999999497	16545.592703108814	7.5907518953747945e6	2.9541257651312575e6
0.38847999999999494	16548.525254918826	7.590729507679108e6	2.958966353307029e6
0.3891199999999949	16551.466487892914	7.590707039282855e6	2.9638068829738297e6
0.3897599999999949	16554.417631139368	7.590684501551515e6	2.9686473591399062e6
0.39039999999999486	16557.37701263892	7.59066190236197e6	2.973487783708979e6
0.39103999999999484	16560.344481558783	7.590639240995771e6	2.978328156174437e6
0.3916799999999948	16563.32189085755	7.590616493746001e6	2.9831684682430406e6
0.3923199999999948	16566.308463596324	7.590593664254721e6	2.988008720687531e6
0.39295999999999476	16569.303844720012	7.5905707830559835e6	2.9928489251155388e6
0.39359999999999473	16572.309107155786	7.5905478112200275e6	2.9976890667387424e6
0.3942399999999947	16575.322723755584	7.59052476936621e6	3.0025291525680367e6
0.3948799999999947	16578.34602953181	7.590501671921187e6	3.0073691889575883e6
0.39551999999999465	16581.378414647203	7.590478482337512e6	3.012209160958178e6
0.3961599999999946	16584.420594111343	7.590455212190188e6	3.017049073392772e6
0.3967999999999946	16587.471724879928	7.590431882258613e6	3.021888933824624e6
0.3974399999999946	16590.532718669012	7.590408485065867e6	3.0267287396994983e6
0.39807999999999455	16593.601911541682	7.590385006246333e6	3.031568484149094e6
0.3987199999999945	16596.681821125952	7.590361436960685e6	3.036408164990329e6
0.3993599999999945	16599.77102227582	7.590337797765176e6	3.041247789382279e6
0.39999999999999447	16602.868356161678	7.590314103189182e6	3.046087362289328e6
0.40063999999999445	16605.977556012425	7.59029030300772e6	3.0509268657049425e6
0.4012799999999944	16609.095485703914	7.5902664431245355e6	3.055766315946172e6
0.4019199999999944	16612.222772532503	7.590242494141772e6	3.060605701441215e6
0.40255999999999437	16615.36080658346	7.590218478346386e6	3.0654450318033635e6
0.40319999999999434	16618.50817885036	7.590194381332378e6	3.07028430023431e6
0.4038399999999943	16621.664586421088	7.590170210065786e6	3.0751235091927648e6
0.4044799999999943	16624.833410868236	7.5901459306238815e6	3.079962646811545e6
0.40511999999999426	16628.010278434387	7.590121594434773e6	3.0848017310918067e6
0.40575999999999424	16631.197243543083	7.590097175882737e6	3.089640752736139e6
0.4063999999999942	16634.395698021548	7.590072661445855e6	3.094479706897897e6
0.4070399999999942	16637.601979981366	7.590048109683534e6	3.099318615035591e6
0.40767999999999416	16640.818942307324	7.590023457905743e6	3.1041574531948767e6
0.40831999999999413	16644.047303370466	7.589998707816194e6	3.1089962222839217e6
0.4089599999999941	16647.286638001395	7.589973874541327e6	3.113834928026901e6
0.4095999999999941	16650.534540749675	7.589948964279934e6	3.1186735713618747e6
0.41023999999999405	16653.79242845166	7.589923979815313e6	3.1235121541019925e6
0.41087999999999403	16657.062247141894	7.589898910629965e6	3.128350672910631e6
0.411519999999994	16660.34043713157	7.589873769365795e6	3.1331891307098097e6
0.412159999999994	16663.63134967833	7.589848530578633e6	3.1380275194158386e6
0.41279999999999395	16666.931925146037	7.589823198039176e6	3.1428658385769716e6
0.4134399999999939	16670.243468491597	7.58979778549609e6	3.147704094444336e6
0.4140799999999939	16673.565212461508	7.589772299905082e6	3.1525422892739354e6
0.41471999999999387	16676.898063534714	7.589746715997153e6	3.1573804129569186e6
0.41535999999999385	16680.241581367773	7.589721063265626e6	3.162218477276095e6
0.4159999999999938	16683.596955724675	7.589695300371369e6	3.167056465576586e6
0.4166399999999938	16686.962401000073	7.589669454438072e6	3.1718943878832785e6
0.41727999999999377	16690.337886205853	7.589643540038082e6	3.1767322500800933e6
0.41791999999999374	16693.724417334914	7.5896175240758285e6	3.1815700387705653e6
0.4185599999999937	16697.121759215155	7.5895914261149485e6	3.186407761790303e6
0.4191999999999937	16700.533303203472	7.589565223752305e6	3.191245411539419e6
0.41983999999999366	16703.95269922878	7.589538952140633e6	3.19608299886466e6
0.42047999999999364	16707.386615565734	7.589512576442068e6	3.2009205128337657e6
0.4211199999999936	16710.82995822746	7.589486114790198e6	3.2057579579066187e6
0.4217599999999936	16714.283480159113	7.589459571814737e6	3.210595336288102e6
0.42239999999999356	16717.74805259867	7.5894329330878e6	3.215432642211419e6
0.42303999999999353	16721.227586316447	7.589406177807116e6	3.2202698689276744e6
0.4236799999999935	16724.717290286724	7.589379355029116e6	3.2251070342074246e6
0.4243199999999935	16728.21537470785	7.589352442881761e6	3.2299441275904514e6
0.42495999999999345	16731.728958165593	7.589325435816632e6	3.2347811506246896e6
0.42559999999999343	16735.251496412933	7.589298337585715e6	3.23961810093597e6
0.4262399999999934	16738.787840605404	7.589271139005079e6	3.2444549772009007e6
0.4268799999999934	16742.33493293578	7.58924384723412e6	3.249291780504015e6
0.42751999999999335	16745.894362221665	7.589216446868966e6	3.254128504969855e6
0.4281599999999933	16749.46548490753	7.589188962522673e6	3.2589651605365467e6
0.4287999999999933	16753.048733469	7.589161387517505e6	3.263801744404013e6
0.42943999999999327	16756.644620933086	7.589133722013595e6	3.2686382567363866e6
0.43007999999999325	16760.253012951907	7.589105936372237e6	3.273474684512062e6
0.4307199999999932	16763.870890511647	7.589078088728891e6	3.278311050797807e6
0.4313599999999932	16767.500777261015	7.589050129646919e6	3.2831473355664248e6
0.43199999999999317	16771.147914395267	7.589022039740195e6	3.287983533183089e6
0.43263999999999314	16774.803057799556	7.588993899264791e6	3.2928196728407405e6
0.4332799999999931	16778.47292444498	7.588965614204661e6	3.2976557174982848e6
0.4339199999999931	16782.15322811668	7.588937262189492e6	3.302491698108584e6
0.43455999999999306	16785.84606246365	7.5889087951737745e6	3.3073275948282224e6
0.43519999999999304	16789.553771172657	7.58888022888592e6	3.312163415581058e6
0.435839999999993	16793.273100424805	7.588851581198646e6	3.3169991661019004e6
0.436479999999993	16797.006678842903	7.588822782985092e6	3.3218348175209416e6
0.43711999999999296	16800.75282583471	7.588793911084514e6	3.326670402163815e6
0.43775999999999293	16804.50834756439	7.5887649309814e6	3.331505902959699e6
0.4383999999999929	16808.280877180816	7.588735854347699e6	3.3363413290866027e6
0.4390399999999929	16812.06564308381	7.588706655111726e6	3.341176666203343e6
0.43967999999999285	16815.86108583517	7.588677389157633e6	3.3460119377483893e6
0.44031999999999283	16819.671064106376	7.588647987386684e6	3.350847115307209e6
0.4409599999999928	16823.495216740077	7.588618483785391e6	3.3556822133759176e6
0.4415999999999928	16827.331237117247	7.588588896439129e6	3.3605172384302705e6
0.44223999999999275	16831.18326428867	7.588559152046123e6	3.365352160178312e6
0.4428799999999927	16835.04589545685	7.588529354027921e6	3.3701870210811077e6
0.4435199999999927	16838.924721908927	7.58849942073349e6	3.37502178791291e6
0.44415999999999267	16842.815154694083	7.588469378872275e6	3.3798564696954396e6
0.44479999999999265	16846.718362979867	7.588439231594164e6	3.384691068248155e6
0.4454399999999926	16850.63953170884	7.588408962546017e6	3.3895255789351463e6
0.4460799999999926	16854.570602535183	7.588378596624949e6	3.3943600081305574e6
0.44671999999999257	16858.51605901405	7.588348124231147e6	3.399194353821613e6
0.44735999999999254	16862.47779499286	7.588317514934859e6	3.404028603209827e6
0.4479999999999925	16866.450397905537	7.588286822680366e6	3.4088627771803914e6
0.4486399999999925	16870.439003732456	7.5882560115535855e6	3.413696862272442e6
0.44927999999999246	16874.44203277235	7.5882250511610685e6	3.418530843701876e6
0.44991999999999244	16878.461706285576	7.588193994898772e6	3.423364746400192e6
0.4505599999999924	16882.49126659936	7.588162851911295e6	3.428198570558616e6
0.4511999999999924	16886.53617877933	7.588131583314378e6	3.4330323014463037e6
0.45183999999999236	16890.5979572908	7.588100157707095e6	3.4378659254345847e6
0.45247999999999233	16894.672937162282	7.588068677098721e6	3.4426994863401265e6
0.4531199999999923	16898.764639576428	7.588037031743558e6	3.447532936229674e6
0.4537599999999923	16902.867407371923	7.588005281480274e6	3.4523662988170334e6
0.45439999999999225	16906.98688889092	7.587973424427593e6	3.457199576106419e6
0.45503999999999223	16911.12174371832	7.587941429581142e6	3.462032753022001e6
0.4556799999999922	16915.270235627846	7.587909323501692e6	3.466865840427849e6
0.4563199999999922	16919.43513697886	7.587877108681617e6	3.4716988407288087e6
0.45695999999999215	16923.614548182573	7.587844743886226e6	3.4765317338104355e6
0.4575999999999921	16927.8115710091	7.587812266434025e6	3.4813645381162656e6
0.4582399999999921	16932.02173827841	7.587779665551917e6	3.4861972460393803e6
0.45887999999999207	16936.246156331385	7.587746954065006e6	3.491029863801404e6
0.45951999999999205	16940.49036524971	7.587714098799091e6	3.4958623789127083e6
0.460159999999992	16944.74712997543	7.587681139001671e6	3.500694805213595e6
0.460799999999992	16949.018266846353	7.5876480571041005e6	3.5055271353629925e6
0.46143999999999197	16953.306726327977	7.587614818871393e6	3.5103593548904858e6
0.46207999999999194	16957.612537029396	7.587581483604335e6	3.5151914908797494e6
0.4627199999999919	16961.933820104303	7.587547985129473e6	3.520023511481914e6
0.4633599999999919	16966.270516693814	7.587514383732028e6	3.5248554442560896e6
0.46399999999999186	16970.624984615883	7.587480645829243e6	3.529687274656461e6
0.46463999999999184	16974.99229322346	7.587446777276468e6	3.5345190024677766e6
0.4652799999999918	16979.37718902512	7.587412787665277e6	3.539350634415353e6
0.4659199999999918	16983.779616570686	7.5873786715620095e6	3.544182167671727e6
0.46655999999999176	16988.200997154334	7.587344373627502e6	3.5490135768995066e6
0.46719999999999173	16992.636265847363	7.5873099807296675e6	3.5538448995992816e6
0.4678399999999917	16997.08738516493	7.587275446743515e6	3.5586761150273127e6
0.4684799999999917	17001.55791081513	7.587240778667026e6	3.563507228050622e6
0.46911999999999165	17006.044306440017	7.587205955871477e6	3.568338226819767e6
0.46975999999999163	17010.546483548085	7.587171039051294e6	3.5731691394721093e6
0.4703999999999916	17015.06781907166	7.587135949190444e6	3.577999930416102e6
0.4710399999999916	17019.603410476477	7.587100754749782e6	3.5828306289372793e6
0.47167999999999155	17024.16153614452	7.587065376530618e6	3.587661201824674e6
0.4723199999999915	17028.733402592752	7.587029891429019e6	3.5924916803615703e6
0.4729599999999915	17033.32266109843	7.586994252123024e6	3.5973220438593463e6
0.47359999999999147	17037.933034353362	7.586958457726852e6	3.602152293528656e6
0.47423999999999145	17042.558915016623	7.586922560817435e6	3.606982451017155e6
0.4748799999999914	17047.202042865512	7.586886499009402e6	3.611812487386269e6
0.4755199999999914	17051.862685359833	7.586850272495706e6	3.6166424025183106e6
0.47615999999999137	17056.54150146405	7.586813954218749e6	3.621472231140861e6
0.47679999999999134	17061.238835670592	7.586777428515709e6	3.6263019180750474e6
0.4774399999999913	17065.956706747977	7.586740787781098e6	3.63113150805482e6
0.4780799999999913	17070.693285303667	7.5867039732661275e6	3.63596097177847e6
0.47871999999999126	17075.44558089028	7.586667056459653e6	3.6407903415407054e6
0.47935999999999124	17080.21726040923	7.586629932195118e6	3.6456195686114444e6
0.4799999999999912	17085.008835283857	7.586592728271819e6	3.650448714164754e6
0.4806399999999912	17089.818083956587	7.586555311771916e6	3.655277712970071e6
0.48127999999999116	17094.649607256004	7.586517753763621e6	3.6601066011755643e6
0.48191999999999113	17099.495882320633	7.586480062237791e6	3.6649353784202817e6
0.4825599999999911	17104.365108042937	7.586442204746828e6	3.669764033004068e6
0.4831999999999911	17109.251297131344	7.586404196331618e6	3.6745925687377276e6
0.48383999999999106	17114.156756890316	7.58636601905361e6	3.6794209778104676e6
0.48447999999999103	17119.08362611516	7.586327711515167e6	3.684249279665735e6
0.485119999999991	17124.024192283327	7.58628923328087e6	3.6890774504252705e6
0.485759999999991	17128.992790893706	7.586250605738671e6	3.693905507496338e6
0.48639999999999095	17133.977940892983	7.586211786476053e6	3.6987334240123266e6
0.4870399999999909	17138.983847968582	7.586172822977656e6	3.7035612248576223e6
0.4876799999999909	17144.00760779153	7.58613370847583e6	3.7083889049270474e6
0.4883199999999909	17149.057324622616	7.586094387848169e6	3.713216441125811e6
0.48895999999999085	17154.121356616546	7.586054983005288e6	3.7180438866682816e6
0.4895999999999908	17159.21109227046	7.586015352371146e6	3.7228711778623383e6
0.4902399999999908	17164.31677904192	7.585975586338854e6	3.727698353567975e6
0.49087999999999077	17169.447695305265	7.585935643541539e6	3.7325253979122345e6
0.49151999999999074	17174.598688507824	7.585895487684395e6	3.7373522900476963e6
0.4921599999999907	17179.767204173597	7.58585522089104e6	3.7421790784906317e6
0.4927999999999907	17184.96348561502	7.585814731967379e6	3.747005713393358e6
0.49343999999999066	17190.17455862081	7.585774119187326e6	3.7518322361961384e6
0.49407999999999064	17195.409085646905	7.585733361299509e6	3.756658640515401e6
0.4947199999999906	17200.66973799665	7.585692337776173e6	3.7614848677497725e6
0.4953599999999906	17205.949779846866	7.585651166090622e6	3.766310972131481e6
0.49599999999999056	17211.24248307278	7.585609924681782e6	3.771136988853561e6
0.49663999999999053	17216.571493040574	7.585568348479498e6	3.7759627980155232e6
0.4972799999999905	17221.916211063708	7.585526713635539e6	3.7807885258742347e6
0.4979199999999905	17227.285154287634	7.585484818183232e6	3.7856140759999873e6
0.49855999999999046	17232.6781283582	7.585442770640456e6	3.7904395018511177e6
0.49919999999999043	17238.091918630973	7.5854005419954145e6	3.795264786996889e6
0.4998399999999904	17243.52544801563	7.585358155727801e6	3.8000899422469907e6
0.5004799999999904	17248.98622997324	7.585315545207412e6	3.804914937666929e6
0.5011199999999904	17254.46519303948	7.585272808266791e6	3.8097398172740843e6
0.5017599999999903	17259.969967660993	7.585229825530598e6	3.814564524694847e6
0.5023999999999903	17265.503991085126	7.585186660215647e6	3.819389092878232e6
0.5030399999999903	17271.056817573888	7.585143321713384e6	3.824213520950689e6
0.5036799999999902	17276.629551318303	7.58509980603603e6	3.8290378070830638e6
0.5043199999999902	17282.233566810883	7.585056071781619e6	3.8338619356552293e6
0.5049599999999902	17287.855531962894	7.585012162192324e6	3.8386859214231046e6
0.5055999999999902	17293.50560685982	7.584968066652991e6	3.843509763671709e6
0.5062399999999901	17299.177532688806	7.584923760739142e6	3.8483334465350495e6
0.5068799999999901	17304.87544040979	7.584879272249195e6	3.853156985694772e6
0.5075199999999901	17310.599519111416	7.58483454092592e6	3.85798035026182e6
0.5081599999999901	17316.34568521004	7.58478966911784e6	3.86280358972066e6
0.50879999999999	17322.12189385842	7.58474454371632e6	3.8676266501170513e6
0.50943999999999	17327.9180610054	7.584699275354138e6	3.872449582320343e6
0.51007999999999	17333.741283987412	7.584653754754272e6	3.8772723337548347e6
0.51071999999999	17339.588519945228	7.584608067875041e6	3.8820949462961038e6
0.5113599999999899	17345.46388065828	7.584562134291009e6	3.8869173804616192e6
0.5119999999999899	17351.36735158259	7.584515986017098e6	3.8917396521082497e6
0.5126399999999899	17357.29261675951	7.58446967412318e6	3.896561783872134e6
0.5132799999999899	17363.244111915526	7.584423159403279e6	3.9013837574325902e6
0.5139199999999898	17369.227738831472	7.584376380559181e6	3.9062055437161885e6
0.5145599999999898	17375.23282707085	7.584329389281234e6	3.911027163572048e6
0.5151999999999898	17381.26688641639	7.584282231965662e6	3.915848644095166e6
0.5158399999999898	17387.329300534173	7.584234835930379e6	3.920669947120396e6
0.5164799999999897	17393.41419364945	7.584187220780711e6	3.925491079419657e6
0.5171199999999897	17399.533027198737	7.584139362381373e6	3.930312033582751e6
0.5177599999999897	17405.675251933968	7.584091306571533e6	3.9351328277238915e6
0.5183999999999896	17411.844429496552	7.584043066658793e6	3.9399534700330854e6
0.5190399999999896	17418.04634528956	7.583994541233787e6	3.9447739102521366e6
0.5196799999999896	17424.271956282857	7.583945821296461e6	3.949594190717308e6
0.5203199999999896	17430.52243541732	7.583896910914156e6	3.9544143136885953e6
0.5209599999999895	17436.814857886548	7.583847633383918e6	3.9592341948771286e6
0.5215999999999895	17443.124939299316	7.58379825900305e6	3.964053962866872e6
0.5222399999999895	17449.467855354047	7.5837485977940215e6	3.968873525474444e6
0.5228799999999895	17455.8389220504	7.583698741440864e6	3.973692927791008e6
0.5235199999999894	17462.245413597942	7.583648571409653e6	3.9785121107989727e6
0.5241599999999894	17468.66998726211	7.58359825939131e6	3.9833311555692074e6
0.5247999999999894	17475.134087707225	7.58354764595115e6	3.988149988313562e6
0.5254399999999894	17481.61897053225	7.58349686801895e6	3.9929686714304527e6
0.5260799999999893	17488.142757240614	7.583445770329609e6	3.997787131470431e6
0.5267199999999893	17494.69578483905	7.58339446032994e6	4.0026054197659534e6
0.5273599999999893	17501.274258399393	7.583342929806759e6	4.007423529728301e6
0.5279999999999893	17507.89275440217	7.583291104525292e6	4.012241428569351e6
0.5286399999999892	17514.538373314397	7.583239032600306e6	4.01705913500139e6
0.5292799999999892	17521.215339807117	7.583186689479303e6	4.021876637492277e6
0.5299199999999892	17527.918108825717	7.583134184747314e6	4.0266939909258117e6
0.5305599999999892	17534.662779882612	7.583081324826199e6	4.031511099795094e6
0.5311999999999891	17541.427054061165	7.58302829434774e6	4.036328050960381e6
0.5318399999999891	17548.236922893477	7.582974916864025e6	4.041144762382703e6
0.5324799999999891	17555.079254075346	7.582921317854089e6	4.0459612939837277e6
0.533119999999989	17561.949818893347	7.582867472735132e6	4.0507776301959157e6
0.533759999999989	17568.850810989825	7.58281334976953e6	4.055593754575017e6
0.534399999999989	17575.78861812597	7.582758973993594e6	4.0604096828826927e6
0.535039999999989	17582.76262958094	7.582704303366727e6	4.0652253917855e6
0.5356799999999889	17589.76331712127	7.58264936435235e6	4.070040890399589e6
0.5363199999999889	17596.801901600375	7.582594225629184e6	4.074856220195094e6
0.5369599999999889	17603.87468019249	7.582538730408543e6	4.0796712948120036e6
0.5375999999999889	17610.98613675153	7.58248297347469e6	4.0844861665295428e6
0.5382399999999888	17618.129415901345	7.582426914152925e6	4.0893008097126726e6
0.5388799999999888	17625.308606543986	7.582370638840762e6	4.094115272163075e6
0.5395199999999888	17632.521088898946	7.582314047134736e6	4.098929498021064e6
0.5401599999999888	17639.771264618303	7.582257166585216e6	4.1037435035209074e6
0.5407999999999887	17647.061172044338	7.582199984202421e6	4.1085572819467867e6
0.5414399999999887	17654.37385433744	7.582142635770502e6	4.11337089838614e6
0.5420799999999887	17661.737671656992	7.58208483916918e6	4.1181842125313487e6
0.5427199999999887	17669.132715208285	7.582026808880585e6	4.122997330723596e6
0.5433599999999886	17676.5680122289	7.581968483265685e6	4.1278102230842607e6
0.5439999999999886	17684.035672392867	7.581909854723238e6	4.132622881235967e6
0.5446399999999886	17691.546041526468	7.581850964518902e6	4.137435331720958e6
0.5452799999999886	17699.096619264106	7.581791674108913e6	4.1422474972727336e6
0.5459199999999885	17706.67952711256	7.581732159020062e6	4.1470594692918165e6
0.5465599999999885	17714.30108606692	7.581672349947868e6	4.1518712122718855e6
0.5471999999999885	17721.971598084245	7.581612139735306e6	4.1566826716026845e6
0.5478399999999884	17729.666935057405	7.5815517447637e6	4.161493954052614e6
0.5484799999999884	17737.410484608943	7.581490952551608e6	4.1663049532374293e6
0.5491199999999884	17745.195205212516	7.581429815412866e6	4.1711156938535515e6
0.5497599999999884	17753.012179039324	7.5813684894548915e6	4.175926256966124e6
0.5503999999999883	17760.881915387483	7.581306690697845e6	4.1807364950691643e6
0.5510399999999883	17768.779322651895	7.581244702288805e6	4.1855465519138323e6
0.5516799999999883	17776.737733086244	7.581182163227278e6	4.1903562428696332e6
0.5523199999999883	17784.71684426012	7.5811195140188765e6	4.195165792019655e6
0.5529599999999882	17792.743158534035	7.581056486827086e6	4.199975062857407e6
0.5535999999999882	17800.818802240443	7.580993099883892e6	4.204784065608953e6
0.5542399999999882	17808.93462170213	7.580929361007764e6	4.209592799741823e6
0.5548799999999882	17817.091114901774	7.580865303534819e6	4.214401283222375e6
0.5555199999999881	17825.287314079622	7.580800927134376e6	4.219209514746961e6
0.5561599999999881	17833.538933374344	7.5807361555682225e6	4.224017458200921e6
0.5567999999999881	17841.82325791521	7.580671084393333e6	4.228825155858026e6
0.5574399999999881	17850.162019865656	7.580605592253182e6	4.233632549049035e6
0.558079999999988	17858.543812857166	7.580539722334442e6	4.2384396559220925e6
0.558719999999988	17866.964673082155	7.580473525251062e6	4.24324650219912e6
0.559359999999988	17875.436826907637	7.58040702517129e6	4.24805310608313e6
0.559999999999988	17883.954824470336	7.58034013261158e6	4.252859414385161e6
0.5606399999999879	17892.509739279285	7.580272955377284e6	4.257665482781679e6
0.5612799999999879	17901.11910302617	7.580205319357791e6	4.262471220621929e6
0.5619199999999879	17909.775066523936	7.58013729747591e6	4.267276664458714e6
0.5625599999999878	17918.480152332635	7.5800689347701045e6	4.2720818399020145e6
0.5631999999999878	17927.23101183857	7.580000171036576e6	4.276886710833678e6
0.5638399999999878	17936.034540126315	7.57993107002624e6	4.281691315348525e6
0.5644799999999878	17944.877273541642	7.579861645524991e6	4.286495654616027e6
0.5651199999999877	17953.784558246894	7.579791584178935e6	4.291299561879797e6
0.5657599999999877	17962.740462595422	7.57972115921556e6	4.29610318345618e6
0.5663999999999877	17971.732579518914	7.579650637970086e6	4.300906664592643e6
0.5670399999999877	17980.77523398705	7.5795796110061295e6	4.30570977907013e6
0.5676799999999876	17989.881500770396	7.579507999210917e6	4.310512486562373e6
0.5683199999999876	17999.041898938936	7.579436084797958e6	4.315314942119216e6
0.5689599999999876	18008.24483596124	7.579363785656838e6	4.320117093341313e6
0.5695999999999876	18017.505693109855	7.579291066503627e6	4.324918925930687e6
0.5702399999999875	18026.802778151636	7.579217982983277e6	4.329720461378229e6
0.5708799999999875	18036.173863134674	7.579144359899666e6	4.334521615107575e6
0.5715199999999875	18045.59497619631	7.579070423857006e6	4.339322505178062e6
0.5721599999999875	18055.069591014428	7.578996002933465e6	4.344123034012136e6
0.5727999999999874	18064.59331155056	7.5789211682068985e6	4.3489232394115105e6
0.5734399999999874	18074.18131512296	7.578845827745198e6	4.35372307424389e6
0.5740799999999874	18083.817270668624	7.578770137288465e6	4.35852261986639e6
0.5747199999999874	18093.501816128533	7.578694149460343e6	4.363321906030116e6
0.5753599999999873	18103.258465897463	7.57861741476664e6	4.368120683434997e6
0.5759999999999873	18113.061005912426	7.578540448517745e6	4.372919236212633e6
0.5766399999999873	18122.936198865456	7.578462953853547e6	4.377717403979165e6
0.5772799999999872	18132.870790921017	7.578384869182681e6	4.382515144422419e6
0.5779199999999872	18142.863041556688	7.578306413179859e6	4.387312581937388e6
0.5785599999999872	18152.896121600377	7.578227648387611e6	4.392109744792527e6
0.5791999999999872	18162.99673012539	7.578148339490575e6	4.39690650725688e6
0.5798399999999871	18173.169689447655	7.57806842587245e6	4.401702835034502e6
0.5804799999999871	18183.406468795627	7.57798805602239e6	4.406498809441569e6
0.5811199999999871	18193.68360921269	7.577907365958388e6	4.411294498695868e6
0.5817599999999871	18204.04972900609	7.577826041713347e6	4.416089739785718e6
0.582399999999987	18214.459065700266	7.577744255595074e6	4.4208846125643095e6
0.583039999999987	18224.942303359712	7.577662030671687e6	4.425679142305531e6
0.583679999999987	18235.494219332828	7.577579177564699e6	4.430473215314258e6
0.584319999999987	18246.099887635995	7.5774959810110135e6	4.435266990425549e6
0.5849599999999869	18256.778390490206	7.577412158904608e6	4.44006030977593e6
0.5855999999999869	18267.526419097	7.577327775472766e6	4.444853208264827e6
0.5862399999999869	18278.320887090715	7.577243021787635e6	4.449645787142926e6
0.5868799999999869	18289.218078847713	7.577157641684874e6	4.454437918524654e6
0.5875199999999868	18300.15301187968	7.57707177037766e6	4.459229653646523e6
0.5881599999999868	18311.16973384693	7.5769853386228215e6	4.464020968907487e6
0.5887999999999868	18322.265592410753	7.576898268373921e6	4.468811816030064e6
0.5894399999999868	18333.413290817993	7.576810822182455e6	4.473602337187804e6
0.5900799999999867	18344.636655793413	7.576722840685351e6	4.478392447289455e6
0.5907199999999867	18355.948640688475	7.576634078468132e6	4.483182005492255e6
0.5913599999999867	18367.31280972929	7.576544959266643e6	4.48797124581839e6
0.5919999999999866	18378.749693742997	7.576455289242027e6	4.492760061106226e6
0.5926399999999866	18390.27344443625	7.576364910177283e6	4.497548362157689e6
0.5932799999999866	18401.86191940791	7.576274116578572e6	4.502336313163496e6
0.5939199999999866	18413.53700458761	7.5761826528026005e6	4.5071237702592425e6
0.5945599999999865	18425.276405126653	7.576090571599033e6	4.511910754315514e6
0.5951999999999865	18437.11776157849	7.575997816385414e6	4.516697245582383e6
0.5958399999999865	18449.016344925545	7.57590451017599e6	4.521483297789125e6
0.5964799999999865	18460.976090057546	7.575810903700208e6	4.526269060910858e6
0.5971199999999864	18473.054010687447	7.575716231086608e6	4.531054099906159e6
0.5977599999999864	18485.198017956438	7.5756212075812295e6	4.535838819094395e6
0.5983999999999864	18497.419156135544	7.575525360892156e6	4.540622939490867e6
0.5990399999999864	18509.72968115485	7.575429100891008e6	4.5454067098106025e6
0.5996799999999863	18522.12012845769	7.575332048208196e6	4.5501898977992125e6
0.6003199999999863	18534.583008994952	7.575234524052948e6	4.554972691616397e6
0.6009599999999863	18547.128297981115	7.575136344930763e6	4.559754983925514e6
0.6015999999999863	18559.785770641978	7.575037250086201e6	4.564536628302778e6
0.6022399999999862	18572.51103395125	7.574937659064257e6	4.569317857783618e6
0.6028799999999862	18585.330678970648	7.574837405287115e6	4.574098581418625e6
0.6035199999999862	18598.229902291765	7.574736496195472e6	4.578878796375448e6
0.6041599999999862	18611.2395511057	7.574634778435944e6	4.583658420803665e6
0.6047999999999861	18624.32305601335	7.574532456267126e6	4.588437562021989e6
0.6054399999999861	18637.507247539754	7.574429477786735e6	4.593216197890685e6
0.6060799999999861	18650.791883332862	7.574325670195745e6	4.597994222130815e6
0.606719999999986	18664.134015520416	7.574221343940175e6	4.602771804420901e6
0.607359999999986	18677.605722064367	7.574116126125381e6	4.607548745474117e6
0.607999999999986	18691.169795651942	7.574010105712808e6	4.6123250828331765e6
0.608639999999986	18704.829721127076	7.5739034416720485e6	4.61710091289883e6
0.6092799999999859	18718.579419477697	7.573796127042126e6	4.621876227634898e6
0.6099199999999859	18732.431550463778	7.573687907398047e6	4.626650875379316e6
0.6105599999999859	18746.39016151546	7.573578973576079e6	4.631424972291005e6
0.6111999999999859	18760.443627192315	7.573469344182281e6	4.636198523646356e6
0.6118399999999858	18774.60716440142	7.573359029055192e6	4.640971539853956e6
0.6124799999999858	18788.872958298292	7.573247536465595e6	4.64574371518314e6
0.6131199999999858	18803.24319787775	7.573135485027489e6	4.6505154273083415e6
0.6137599999999858	18817.73247655011	7.573022661796964e6	4.65528654989614e6
0.6143999999999857	18832.29061152256	7.572909264276782e6	4.66005718323135e6
0.6150399999999857	18846.988289975867	7.572794640682692e6	4.664826952417484e6
0.6156799999999857	18861.804114847844	7.572679230073511e6	4.669596116928969e6
0.6163199999999857	18876.709163851836	7.572563030405445e6	4.674364662671362e6
0.6169599999999856	18891.72813251652	7.5724462418792285e6	4.67913272093358e6
0.6175999999999856	18906.892538613716	7.572328098856626e6	4.683899829560509e6
0.6182399999999856	18922.1439311789	7.5722095921891015e6	4.688666575942048e6
0.6188799999999856	18937.531671646568	7.572089712042693e6	4.693432353059571e6
0.6195199999999855	18953.03951664353	7.571969162937255e6	4.698197588298071e6
0.6201599999999855	18968.67171997674	7.571847560856898e6	4.702962043607021e6
0.6207999999999855	18984.39818811102	7.571725278088069e6	4.707725936429895e6
0.6214399999999854	19000.251703714588	7.571602133557502e6	4.712489165162822e6
0.6220799999999854	19016.236401562546	7.571478141655018e6	4.717251738421522e6
0.6227199999999854	19032.34274789787	7.571352765070218e6	4.7220133161363425e6
0.6233599999999854	19048.609552320653	7.571226720977498e6	4.726774357090209e6
0.6239999999999853	19065.00898042827	7.571099442441194e6	4.731534495459836e6
0.6246399999999853	19081.494715014767	7.570971488014265e6	4.736294060129348e6
0.6252799999999853	19098.13270392531	7.570842466090081e6	4.74105282948351e6
0.6259199999999853	19114.92852267164	7.57071209353856e6	4.745810626049305e6
0.6265599999999852	19131.83425871535	7.57058126998609e6	4.750567992707947e6
0.6271999999999852	19148.880683637326	7.570449124952939e6	4.755324393889233e6
0.6278399999999852	19166.10254465668	7.5703157418771945e6	4.760079892103085e6
0.6284799999999852	19183.41999131121	7.570181651223966e6	4.764834788356298e6
0.6291199999999851	19200.904214570957	7.570046391445342e6	4.769588817141081e6
0.6297599999999851	19218.55717650022	7.569909584497267e6	4.774341738541914e6
0.6303999999999851	19236.32393584716	7.569772265689665e6	4.779094181617342e6
0.6310399999999851	19254.24916373833	7.569633687379565e6	4.783845689855341e6
0.631679999999985	19272.344298538927	7.569493779995472e6	4.788596220799465e6
0.632319999999985	19290.57392512833	7.569353159829942e6	4.793346148244347e6
0.632959999999985	19308.96278954633	7.569210824510586e6	4.798094845184382e6
0.633599999999985	19327.540290259694	7.5690677559736995e6	4.802842940947173e6
0.6342399999999849	19346.27995568859	7.568922873075653e6	4.807589738375981e6
0.6348799999999849	19365.15999677137	7.568777347903106e6	4.812335969854631e6
0.6355199999999849	19384.219016552026	7.568630239671628e6	4.817081050063151e6
0.6361599999999848	19403.418144225852	7.568482301987963e6	4.821825440890144e6
0.6367999999999848	19422.826058098442	7.568332862717097e6	4.8265687374024335e6
0.6374399999999848	19442.375142078166	7.568182308907027e6	4.8313111585210925e6
0.6380799999999848	19462.156718488553	7.568030075206502e6	4.836052374147206e6
0.6387199999999847	19482.070290755324	7.567876810796394e6	4.840792758946402e6
0.6393599999999847	19502.16602072535	7.567722156768e6	4.845532099304788e6
0.6399999999999847	19522.470249737427	7.567565899830174e6	4.850270265181101e6
0.6406399999999847	19542.951379011614	7.5674087959346855e6	4.855007726035043e6
0.6412799999999846	19563.619303980235	7.567249939450289e6	4.85974390268729e6
0.6419199999999846	19584.488246192213	7.5670894859733e6	4.864478896387061e6
0.6425599999999846	19605.557053729655	7.566928056210488e6	4.86921310211178e6
0.6431999999999846	19626.80686977315	7.56676503664578e6	4.873946116261584e6
0.6438399999999845	19648.303931275666	7.566600106814696e6	4.878677752699621e6
0.6444799999999845	19669.9820064178	7.566434059810913e6	4.883408494869743e6
0.6451199999999845	19691.87273907394	7.566266273966925e6	4.888137950459068e6
0.6457599999999845	19713.92044812442	7.566097593736855e6	4.892866641310938e6
0.6463999999999844	19736.264387233583	7.565926434102492e6	4.89759359009106e6
0.6470399999999844	19758.822346091896	7.56575395927752e6	4.902319515746085e6
0.6476799999999844	19781.586929971945	7.565579820352018e6	4.907044186752644e6
0.6483199999999844	19804.605744761793	7.565403848219981e6	4.9117675066261785e6
0.6489599999999843	19827.8343077672	7.565226511190328e6	4.916489759657355e6
0.6495999999999843	19851.267823847014	7.565047568928037e6	4.921210785021011e6
0.6502399999999843	19874.956337240845	7.564866824431514e6	4.925930468646742e6
0.6508799999999842	19898.893928375073	7.56468422595197e6	4.930648770835773e6
0.6515199999999842	19923.094520717215	7.564499807491426e6	4.935365714555274e6
0.6521599999999842	19947.54899731999	7.564313271031927e6	4.940081098279291e6
0.6527999999999842	19972.256437355743	7.564125274150599e6	4.944795346400442e6
0.6534399999999841	19997.21121973074	7.563935435707437e6	4.949508204628858e6
0.6540799999999841	20022.430057319456	7.563743646153365e6	4.954219603081302e6
0.6547199999999841	20047.94287844296	7.5635494779101e6	4.958929267894249e6
0.6553599999999841	20073.753569081884	7.563353383722464e6	4.963637491986282e6
0.655999999999984	20099.783774628642	7.563155858346596e6	4.96834456869372e6
0.656639999999984	20126.16682257778	7.562955473099339e6	4.97304960249603e6
0.657279999999984	20152.78836081188	7.562753310813528e6	4.977753259758412e6
0.657919999999984	20179.718307836538	7.562549373724458e6	4.982455561999419e6
0.6585599999999839	20206.97784254529	7.562342884201296e6	4.987156000334043e6
0.6591999999999839	20234.513565856418	7.5621342869796315e6	4.991854844200095e6
0.6598399999999839	20262.371617162913	7.561923379183828e6	4.996551970849829e6
0.6604799999999839	20290.388599414244	7.561711540721235e6	5.001248231152712e6
0.6611199999999838	20318.778457600572	7.561497022520874e6	5.00594253917259e6
0.6617599999999838	20347.414065636232	7.561280447792031e6	5.010635258464293e6
0.6623999999999838	20376.361952226256	7.561061849526135e6	5.015326428921062e6
0.6630399999999838	20405.59761834591	7.560841064075098e6	5.020015929297709e6
0.6636799999999837	20435.152757011932	7.560618227881084e6	5.024703856055234e6
0.6643199999999837	20464.99691957737	7.5603930527888695e6	5.029390002994543e6
0.6649599999999837	20495.323471007017	7.560164347636212e6	5.034073637779778e6
0.6655999999999836	20525.841581073	7.559934599358362e6	5.038756310757513e6
0.6662399999999836	20556.751573816753	7.559701571608238e6	5.043436596473427e6
0.6668799999999836	20588.04098842263	7.559466499417528e6	5.0481153073455e6
0.6675199999999836	20619.657519551558	7.559228480742858e6	5.05279181919745e6
0.6681599999999835	20651.656007262365	7.558987869669014e6	5.057466380527374e6
0.6687999999999835	20684.04261628849	7.558744867593121e6	5.06213912236067e6
0.6694399999999835	20716.782999545638	7.558498753030507e6	5.066809545016948e6
0.6700799999999835	20749.8679392268	7.558250557935719e6	5.071478330291952e6
0.6707199999999834	20783.35739017749	7.557999373177097e6	5.076144883498656e6
0.6713599999999834	20817.288482310232	7.557744937702547e6	5.080809035062683e6
0.6719999999999834	20851.585478663357	7.557488383721325e6	5.085471513897606e6
0.6726399999999834	20886.31144750413	7.55722844757877e6	5.090131485894713e6
0.6732799999999833	20921.45892530372	7.556965852685732e6	5.0947894283561995e6
0.6739199999999833	20957.000155448357	7.556700271208173e6	5.0994451053831745e6
0.6745599999999833	20992.9961344589	7.556431114739134e6	5.1040981334203025e6
0.6751999999999833	21029.38684631304	7.556160184516122e6	5.108749701432842e6
0.6758399999999832	21066.27447022347	7.555884805426002e6	5.11339803043125e6
0.6764799999999832	21103.49384520618	7.555607588159858e6	5.118044823567055e6
0.6771199999999832	21141.30700212467	7.555326051243161e6	5.122688481022488e6
0.6777599999999832	21179.551910274757	7.555041691669384e6	5.127329955753282e6
0.6783999999999831	21218.208313047136	7.554754357649545e6	5.1319691320228e6
0.6790399999999831	21257.409962296373	7.554463617627038e6	5.136605753214835e6
0.6796799999999831	21297.05510920012	7.5541690809830725e6	5.141239513655026e6
0.680319999999983	21337.114864360494	7.553872309113145e6	5.145871458215566e6
0.680959999999983	21377.90283629247	7.553570240373096e6	5.150499597005227e6
0.681599999999983	21419.062598132165	7.553266017862556e6	5.155125947306235e6
0.682239999999983	21460.755314116683	7.552958464140824e6	5.159749752183921e6
0.682879999999983	21503.076155851235	7.552645181319433e6	5.16436939692983e6
0.6835199999999829	21545.861481505926	7.552329952186015e6	5.168987403159724e6
0.6841599999999829	21589.223744128543	7.55201078126117e6	5.173602436534859e6
0.6847999999999829	21633.129043145585	7.551688059450934e6	5.17821474538627e6
0.6854399999999828	21677.679488261114	7.551360671575103e6	5.182823589584136e6
0.6860799999999828	21722.811402142335	7.55102878928058e6	5.187429056704852e6
0.6867199999999828	21768.698384791427	7.550692100823815e6	5.192030977307588e6
0.6873599999999828	21815.078219490086	7.550353014598476e6	5.19663091416882e6
0.6879999999999827	21862.13607307504	7.5500088520305995e6	5.201227076651722e6
0.6886399999999827	21909.927666132942	7.5496599246748015e6	5.205819685606052e6
0.6892799999999827	21958.33375705345	7.549306709718041e6	5.210409022339312e6
0.6899199999999827	22007.417635792055	7.5489493318561865e6	5.214995183094596e6
0.6905599999999826	22057.60045526257	7.548583603771656e6	5.2195753973053e6
0.6911999999999826	22108.160398944223	7.5482164760618275e6	5.224154228184999e6
0.6918399999999826	22159.75948418007	7.547842451132829e6	5.22872807287425e6
0.6924799999999826	22212.039976689928	7.5474636277444605e6	5.233298259473984e6
0.6931199999999825	22265.26565682589	7.547078557971103e6	5.237863854825566e6
0.6937599999999825	22319.389020305734	7.546687309382887e6	5.242424877450918e6
0.6943999999999825	22374.561984150987	7.5462895143284695e6	5.246981104891914e6
0.6950399999999824	22430.631305979885	7.545886170451306e6	5.251533169233415e6
0.6956799999999824	22487.77610423632	7.545475243207482e6	5.25607969721849e6
0.6963199999999824	22545.915440980745	7.545058198957781e6	5.260621668699266e6
0.6969599999999824	22605.325788887938	7.544632979414827e6	5.265157719259891e6
0.6975999999999823	22665.818412658846	7.544200535295795e6	5.269688436910201e6
0.6982399999999823	22727.744528758452	7.543758507665466e6	5.274212264581201e6
0.6988799999999823	22790.885550248222	7.543309228202699e6	5.278730744863059e6
0.6995199999999823	22855.41793917675	7.542850998750961e6	5.283242726628503e6
0.7001599999999822	22921.312112061696	7.542384174411591e6	5.287748429779567e6
0.7007999999999822	22988.84126273107	7.5419066304542655e6	5.292246427928025e6
0.7014399999999822	23058.167496311686	7.541417421788615e6	5.296736082826971e6
0.7020799999999822	23129.25440150928	7.540917107966175e6	5.301217750632056e6
0.7027199999999821	23202.260679349754	7.540405900680182e6	5.3056916025805995e6
0.7033599999999821	23276.762342869017	7.539884654902138e6	5.310158089653222e6
0.7039999999999821	23352.368405899564	7.539356845355893e6	5.31461952017856e6
0.7046399999999821	23429.593630436462	7.538819115620376e6	5.319073666405292e6
0.705279999999982	23508.51530403351	7.538271780776689e6	5.323520751176453e6
0.705919999999982	23589.42236714232	7.537711751476709e6	5.327958656932032e6
0.706559999999982	23672.43671071479	7.537139428099819e6	5.332387674146465e6
0.707199999999982	23757.73510407813	7.536553809647235e6	5.336807119020863e6
0.7078399999999819	23845.61811561351	7.53595235931657e6	5.341215253807163e6
0.7084799999999819	23936.235586857383	7.535336138686557e6	5.345612838934797e6
0.7091199999999819	24029.92407239309	7.534700692814458e6	5.34999677960263e6
0.7097599999999818	24127.079288883662	7.534046186227958e6	5.354367264629824e6
0.7103999999999818	24228.048878926027	7.533369592874109e6	5.358722201732967e6
0.7110399999999818	24332.9241213036	7.532671766606046e6	5.363062174681518e6
0.7116799999999818	24443.266284086356	7.531942419278213e6	5.367380263486809e6
0.7123199999999817	24558.92831373458	7.531184979458253e6	5.37167879706486e6
0.7129599999999817	24681.61997451839	7.530388112992621e6	5.375950121236567e6
0.7135999999999817	24812.172932719848	7.529547261901105e6	5.380191132420422e6
0.7142399999999817	24951.977244941052	7.52865832381622e6	5.384399198219874e6
0.7148799999999816	25103.95317462451	7.52770289609771e6	5.388561885491342e6
0.7155199999999816	25270.873314321765	7.526667839721194e6	5.392670430717628e6
0.7161599999999816	25452.571506234115	7.525557499784102e6	5.396727716941575e6
0.7167999999999816	25653.26864920983	7.52434751699364e6	5.40071730586236e6
0.7174399999999815	25877.141898232203	7.52302097371029e6	5.404628012593336e6
0.7180799999999815	26130.817077760916	7.521541088645496e6	5.408435024884981e6
0.7187199999999815	26424.52910440214	7.519854708096777e6	5.412102667349663e6
0.7193599999999815	26770.14319830026	7.517903236546503e6	5.415591645229124e6
0.7199999999999814	27187.984662644976	7.515579607228055e6	5.418829952909601e6
0.7206399999999814	27704.078785953792	7.512750579781797e6	5.421727989263459e6
0.7212799999999814	28366.41287154219	7.509166255607208e6	5.424117723439784e6
0.7219199999999814	29192.383851436054	7.504750205991254e6	5.425947086810474e6
0.7225599999999813	30220.682794471802	7.499301762810997e6	5.427079907971072e6
0.7231999999999813	31516.602980694497	7.492478643209059e6	5.427284350473708e6
0.7238399999999813	32983.30547507762	7.484773131256138e6	5.426886852968301e6
0.7244799999999813	34533.0437980195	7.4766271489207735e6	5.426181381077213e6
0.7251199999999812	36052.75104330941	7.46861911095811e6	5.4255552699445905e6
0.7257599999999812	37472.593654822194	7.461121948354822e6	5.425260349321755e6
0.7263999999999812	38770.16214546044	7.454239404000115e6	5.425367019428542e6
0.7270399999999811	39951.27968394336	7.447949699124493e6	5.4258624505538605e6
0.7276799999999811	40967.84125128728	7.442502282211045e6	5.426916423248745e6
0.7283199999999811	41868.19550136899	7.437649639739475e6	5.428363736968726e6
0.7289599999999811	42687.51343998369	7.433210253622077e6	5.430082970122983e6
0.729599999999981	43453.32531436358	7.42902790014635e6	5.431968535111641e6
0.730239999999981	44182.88826804855	7.425031174148836e6	5.433973540549495e6
0.730879999999981	44885.61766021456	7.42116068553972e6	5.436057539271847e6
0.731519999999981	45570.30801712374	7.417359867992441e6	5.438181806930128e6
0.7321599999999809	46239.269681958154	7.413633711310298e6	5.440350784064423e6
0.7327999999999809	46906.20758421321	7.409896703925085e6	5.442505643302663e6
0.7334399999999809	47563.557234944725	7.40619309470494e6	5.4446768051967975e6
0.7340799999999809	48221.34989155925	7.402472847813022e6	5.446830289485606e6
0.7347199999999808	48881.41548054659	7.398730450814835e6	5.448962498721214e6
0.7353599999999808	49535.15134626706	7.395013809559849e6	5.451106337450066e6
0.7359999999999808	50171.90272025929	7.3913803127444405e6	5.453301292497915e6
0.7366399999999808	50789.965586739265	7.387840803816808e6	5.455555095060396e6
0.7372799999999807	51375.680204354765	7.384470118161153e6	5.457919547421002e6
0.7379199999999807	51935.21900400567	7.381231620555613e6	5.460369619636826e6
0.7385599999999807	52466.02506412376	7.378146605070642e6	5.462920674233597e6
0.7391999999999807	52965.551585678135	7.375229983889815e6	5.465583419944755e6
0.7398399999999806	53432.49201648823	7.372487337547585e6	5.468362028934073e6
0.7404799999999806	53871.69491332902	7.369895757978239e6	5.4712411931314925e6
0.7411199999999806	54286.07781621531	7.367432441404283e6	5.474205110798462e6
0.7417599999999805	54680.21641718471	7.365077629404898e6	5.4772406014748085e6
0.7423999999999805	55059.02178965715	7.362805455787514e6	5.480329974389524e6
0.7430399999999805	55424.955352732286	7.360593188099085e6	5.48345715901244e6
0.7436799999999805	55779.44597966785	7.3584366421736e6	5.486619549645029e6
0.7443199999999804	56128.52867305224	7.35630470867137e6	5.489795662969257e6
0.7449599999999804	56472.445622038584	7.35419129835205e6	5.492981082151645e6
0.7455999999999804	56813.080729802125	7.352090698839812e6	5.496172072792483e6
0.7462399999999804	57141.97637127916	7.350046813141029e6	5.499399281762195e6
0.7468799999999803	57459.43062105187	7.348058982876389e6	5.502662424209375e6
0.7475199999999803	57769.636270894465	7.346101723169523e6	5.505943637869214e6
0.7481599999999803	58071.73394188153	7.344186414136457e6	5.509251293076112e6
0.7487999999999803	58371.0466790401	7.342278861567285e6	5.512561218467214e6
0.7494399999999802	58667.11117650265	7.340381906415017e6	5.515875447319911e6
0.7500799999999802	58958.310700967486	7.338513387799541e6	5.519206982930921e6
0.7507199999999802	59248.92622880553	7.336639673073653e6	5.522531707700025e6
0.7513599999999802	59538.51360921739	7.334766722620946e6	5.525853980732125e6
0.7519999999999801	59827.64695534456	7.332889590385842e6	5.529170228414934e6
0.7526399999999801	60118.410840043114	7.33099974339798e6	5.532474536976305e6
0.7532799999999801	60410.62609045636	7.329090293332905e6	5.535761645830703e6
0.75391999999998	60704.456004868414	7.327165546358203e6	5.53903480124391e6
0.75455999999998	61001.99765600988	7.325207574968386e6	5.542280958072692e6
0.75519999999998	61302.72755712662	7.323226440768704e6	5.545507515774365e6
0.75583999999998	61607.94577309651	7.321205773475455e6	5.548702367863502e6
0.75647999999998	61917.6271037348	7.319151865502511e6	5.551870183767496e6
0.7571199999999799	62232.16247019422	7.317058505910306e6	5.555006283615426e6
0.7577599999999799	62551.276161482594	7.314927971709376e6	5.558112240979709e6
0.7583999999999799	62878.744000006656	7.3127376207628865e6	5.561171716136829e6
0.7590399999999798	63209.43986330961	7.310517849908097e6	5.564206415423559e6
0.7596799999999798	63540.9427166015	7.308283835573093e6	5.567227223561674e6
0.7603199999999798	63872.65459359405	7.306040434492882e6	5.570237661006475e6
0.7609599999999798	64205.463047888145	7.303778253541238e6	5.573230773701562e6
0.7615999999999797	64540.616831790416	7.301491912465633e6	5.576202723586378e6
0.7622399999999797	64878.389975377395	7.299177754714394e6	5.579150737753899e6
0.7628799999999797	65216.52326002877	7.296853130737542e6	5.5820874583723275e6
0.7635199999999797	65556.7881029092	7.294504059535856e6	5.585002608787246e6
0.7641599999999796	65895.4274319858	7.29215962273015e6	5.587917474910883e6
0.7647999999999796	66235.04375516411	7.289800507986868e6	5.590817910799424e6
0.7654399999999796	66574.86237725633	7.287433361673108e6	5.593708792078126e6
0.7660799999999796	66915.03808457243	7.285056720007524e6	5.596589017771959e6
0.7667199999999795	67257.11484455843	7.282659005367196e6	5.599450052345928e6
0.7673599999999795	67602.0806439848	7.280237020804635e6	5.602289628325514e6
0.7679999999999795	67949.27141708448	7.277791848710425e6	5.605108370778223e6
0.7686399999999795	68301.35766284628	7.27530592956128e6	5.6078933518067105e6
0.7692799999999794	68657.66331038243	7.272785842491947e6	5.610649388991028e6
0.7699199999999794	69021.52726953384	7.270205357703191e6	5.613356981996867e6
0.7705599999999794	69394.07815225402	7.267559207952732e6	5.616012200571162e6
0.7711999999999793	69771.55378205949	7.264876063307508e6	5.618636151527937e6
0.7718399999999793	70158.80837728498	7.262124184522907e6	5.621205364301373e6
0.7724799999999793	70550.86656319743	7.259339703122677e6	5.623746467028515e6
0.7731199999999793	70949.83902427647	7.256505112035984e6	5.626246331694939e6
0.7737599999999792	71359.83629563195	7.253597316278587e6	5.628687908807094e6
0.7743999999999792	71782.43830670476	7.2506012806552835e6	5.631059749821295e6
0.7750399999999792	72223.0993382448	7.247482389266623e6	5.633336059404185e6
0.7756799999999792	72685.22446036087	7.244212501345957e6	5.6354955025948305e6
0.7763199999999791	73176.17756499196	7.2407420389753245e6	5.637500907094912e6
0.7769599999999791	73696.6659426972	7.2370668078794675e6	5.639348731421741e6
0.7775999999999791	74223.93478925747	7.2333364066750975e6	5.641149792927537e6
0.7782399999999791	74761.26990659638	7.229522053630706e6	5.642882302231898e6
0.778879999999979	75307.04955618964	7.22563755868042e6	5.64455647650272e6
0.779519999999979	75857.94398209137	7.221708163165602e6	5.646191106839872e6
0.780159999999979	76413.56095007564	7.217733093719218e6	5.647785407635099e6
0.780799999999979	76974.83585242664	7.213710873396707e6	5.64933833396685e6
0.7814399999999789	77550.39492774276	7.209577033430259e6	5.650801291318999e6
0.7820799999999789	78144.32134970692	7.205296964335696e6	5.652147860376039e6
0.7827199999999789	78774.88320239181	7.200746014142665e6	5.653284126811813e6
0.7833599999999789	79454.29068157753	7.195829856052117e6	5.654138253570093e6
0.7839999999999788	80213.85097281222	7.190325180892939e6	5.654541133630041e6
0.7846399999999788	81087.28267564325	7.183981852443168e6	5.654302477897883e6
0.7852799999999788	82018.27097178194	7.177203662373501e6	5.653725455131574e6
0.7859199999999787	82988.99085341387	7.1701166829463765e6	5.652904386622964e6
0.7865599999999787	83997.2479576703	7.162732956048333e6	5.651847606513311e6
0.7871999999999787	85046.57849184063	7.1550351592192575e6	5.650541589240313e6
0.7878399999999787	86133.73514013218	7.147034516907839e6	5.648993807047852e6
0.7884799999999786	87260.9985920306	7.138712874449443e6	5.6471897736679325e6
0.7891199999999786	88427.20865239023	7.130065913640598e6	5.645125143532534e6
0.7897599999999786	89913.23289455484	7.118858112599218e6	5.641092741089959e6
0.7903999999999786	91540.3790754065	7.106538551023877e6	5.6361949341833275e6
0.7910399999999785	93090.32353848145	7.094825025284978e6	5.631742542007879e6
0.7916799999999785	94476.46936222233	7.084332410144586e6	5.6282056205606535e6
0.7923199999999785	95653.62009995789	7.075411217017464e6	5.625855159289486e6
0.7929599999999785	96682.0410617554	7.067606706938282e6	5.624346464115055e6
0.7935999999999784	97610.79867398644	7.060547884103488e6	5.623397669670689e6
0.7942399999999784	98496.62817032298	7.053796035611758e6	5.622673629536458e6
0.7948799999999784	99357.72747139634	7.047231328148772e6	5.622083495177679e6
0.7955199999999784	100202.85460282529	7.0407976893831445e6	5.621584857567114e6
0.7961599999999783	101051.3621421295	7.0343394170509e6	5.621057979938146e6
0.7967999999999783	101894.39124805112	7.027907480289719e6	5.620541620596302e6
0.7974399999999783	102695.31258439088	7.021781505153179e6	5.620251405986295e6
0.7980799999999783	103472.0240721412	7.015824964897064e6	5.620082659085546e6
0.7987199999999782	104228.38222780613	7.010008434604274e6	5.620013025661788e6
0.7993599999999782	104978.90352383835	7.004221213913641e6	5.61995723675688e6
0.7999999999999782	105722.64684952715	6.998465805259369e6	5.61991717357725e6
0.8006399999999781	106455.37062457515	6.992779616155348e6	5.619922014566182e6
0.8012799999999781	107171.26832322692	6.987200856438411e6	5.620001376688011e6
0.8019199999999781	107880.34943370128	6.981653491834111e6	5.620096507787287e6
0.8025599999999781	108586.13873263152	6.97610567893505e6	5.620182620917334e6
0.803199999999978	109294.76341601835	6.970513317539966e6	5.620225506088222e6
0.803839999999978	110009.55670107629	6.9648521315737525e6	5.620206212086578e6
0.804479999999978	110717.5498602761	6.959226556298004e6	5.620206075359149e6
0.805119999999978	111427.32945604215	6.953567340588584e6	5.620171095218923e6
0.8057599999999779	112147.37950078234	6.947806945720908e6	5.62004843157816e6
0.8063999999999779	112877.64881190371	6.9419468560999585e6	5.61983905756884e6
0.8070399999999779	113623.47760715736	6.9359392836699225e6	5.6195052257319e6
0.8076799999999779	114393.68113827409	6.929712962855106e6	5.618990758595174e6
0.8083199999999778	115183.70284978888	6.9233055922080325e6	5.618324788455693e6
0.8089599999999778	115984.04314730957	6.916794311319541e6	5.617567517687767e6
0.8095999999999778	116771.45943579667	6.910372484019206e6	5.616870848938374e6
0.8102399999999778	117552.36390564223	6.903994566430078e6	5.61619929407889e6
0.8108799999999777	118327.92548609589	6.8976473358899355e6	5.615542448994211e6
0.8115199999999777	119092.82306652979	6.891374185722862e6	5.614934594489246e6
0.8121599999999777	119843.59416285882	6.885199684927597e6	5.614395196838197e6
0.8127999999999777	120568.51476988451	6.879220161066746e6	5.614000572879823e6
0.8134399999999776	121274.13729274446	6.873396630803671e6	5.613720658414121e6
0.8140799999999776	121934.41956852649	6.86794339042144e6	5.613725402560315e6
0.8147199999999776	122547.01895644018	6.86287201852731e6	5.614024602606668e6
0.8153599999999775	123112.1318134027	6.858178933059626e6	5.614616198877372e6
0.8159999999999775	123630.51342267866	6.853863922283355e6	5.615500975052839e6
0.8166399999999775	124109.06483723014	6.849872616886742e6	5.616636611982793e6
0.8172799999999775	124557.15371833702	6.846124505491659e6	5.617959718975486e6
0.8179199999999774	124982.3293121737	6.8425533594084615e6	5.619418026248378e6
0.8185599999999774	125390.2828566084	6.8391174974595895e6	5.620978831641872e6
0.8191999999999774	125784.84435860025	6.835784948121751e6	5.622616929361221e6
0.8198399999999774	126160.02406959265	6.832617799207616e6	5.624382366438597e6
0.8204799999999773	126522.32690730195	6.829555214621989e6	5.626226750619296e6
0.8211199999999773	126865.00165177847	6.826647683944565e6	5.62819055773588e6
0.8217599999999773	127193.81023200472	6.823848817788165e6	5.630237029241202e6
0.8223999999999773	127511.1437559586	6.82113938284385e6	5.632351007581688e6
0.8230399999999772	127820.3679837628	6.818484651963023e6	5.6345047002699e6
0.8236799999999772	128123.95250185899	6.815870020475376e6	5.636686633770133e6
0.8243199999999772	128427.46960908666	6.813246042880883e6	5.638857115928343e6
0.8249599999999772	128728.89172346743	6.810624439637079e6	5.641025442930128e6
0.8255999999999771	129033.65227923011	6.807961504013212e6	5.643156486670653e6
0.8262399999999771	129341.54426455428	6.805262664359733e6	5.645254610531842e6
0.8268799999999771	129654.97608469964	6.802495788042365e6	5.647293586676101e6
0.827519999999977	129974.23222235883	6.799665551113268e6	5.649277192430811e6
0.828159999999977	130302.15462628982	6.796744240051216e6	5.6511828320916435e6
0.828799999999977	130640.99113509212	6.793708512206186e6	5.652991352598661e6
0.829439999999977	130989.40677719866	6.7905715983158685e6	5.654713259726879e6
0.830079999999977	131350.60691639918	6.787299756151214e6	5.656320876713081e6
0.8307199999999769	131726.9881773064	6.783873684993958e6	5.657798292156681e6
0.8313599999999769	132118.52475276627	6.780290426646232e6	5.659142717110763e6
0.8319999999999769	132526.7195639772	6.7765337037714105e6	5.660340530424408e6
0.8326399999999768	132952.5213412446	6.77259495459732e6	5.661384396967431e6
0.8332799999999768	133395.64263691474	6.768481088189786e6	5.662279642707058e6
0.8339199999999768	133861.46162438864	6.764130278955299e6	5.662975233772827e6
0.8345599999999768	134352.38435897412	6.75952226526658e6	5.6634541601690715e6
0.8351999999999767	134871.91494763485	6.754618769520833e6	5.6636844878870165e6
0.8358399999999767	135422.7021074036	6.749390998983057e6	5.663641963367796e6
0.8364799999999767	136010.32255913515	6.743777381782858e6	5.663275312258441e6
0.8371199999999767	136640.99110762446	6.737716800822122e6	5.662533572935671e6
0.8377599999999766	137314.07760539814	6.731207124148464e6	5.661413916277163e6
0.8383999999999766	138012.65198966776	6.724409267408324e6	5.660047574356516e6
0.8390399999999766	138743.7828093875	6.717253528861389e6	5.658376600136705e6
0.8396799999999766	139502.59942284896	6.709785058112806e6	5.656437374335478e6
0.8403199999999765	140286.43878389616	6.70203394323078e6	5.654254101720547e6
0.8409599999999765	141093.43824667158	6.6940140731456075e6	5.651837575371127e6
0.8415999999999765	141924.12337040502	6.685716262509208e6	5.649179587669468e6
0.8422399999999765	142769.08241112728	6.677222882041849e6	5.646347450611953e6
0.8428799999999764	143554.40856349986	6.6692600428284e6	5.643941173572544e6
0.8435199999999764	144273.8003737103	6.66192763104931e6	5.6420451596250385e6
0.8441599999999764	144935.542598981	6.65514483750302e6	5.64059382098502e6
0.8447999999999763	145549.6699878262	6.648817360944288e6	5.639510215307691e6
0.8454399999999763	146089.52911381584	6.643193080735627e6	5.639000755796806e6
0.8460799999999763	146578.96680117346	6.638049218524933e6	5.638882117379459e6
0.8467199999999763	147026.08499405716	6.633311280132123e6	5.639093485421206e6
0.8473599999999762	147443.54835938627	6.628856641060883e6	5.639533746590773e6
0.8479999999999762	147837.62849612837	6.624624518935989e6	5.640152911588975e6
0.8486399999999762	148222.3754354632	6.620464621387592e6	5.640826035040123e6
0.8492799999999762	148601.01403712682	6.616339772626045e6	5.641522186931369e6
0.8499199999999761	148976.87509824737	6.612224222660681e6	5.642220060738357e6
0.8505599999999761	149355.36077901724	6.608051870164626e6	5.642864263801887e6
0.8511999999999761	149730.27894280924	6.603891383898844e6	5.643512211481232e6
0.8518399999999761	150098.5293573034	6.59977723660367e6	5.644192839337894e6
0.852479999999976	150461.66667067818	6.59569849110568e6	5.644897154764875e6
0.853119999999976	150820.82224533422	6.591635762289722e6	5.645608863895848e6
0.853759999999976	151181.15242024694	6.587540473108217e6	5.646287286050654e6
0.854399999999976	151542.0867367462	6.583412481064386e6	5.646932151650127e6
0.8550399999999759	151906.3266916502	6.57922144762762e6	5.647517847696587e6
0.8556799999999759	152276.2549861955	6.574943437486945e6	5.648024109708281e6
0.8563199999999759	152650.76332684606	6.5705872042083405e6	5.648458096382333e6
0.8569599999999759	153032.32669558717	6.566124759660331e6	5.648796018048899e6
0.8575999999999758	153424.82695127724	6.561506923683373e6	5.648996033108568e6
0.8582399999999758	153825.46102143795	6.556768613036135e6	5.649087391806377e6
0.8588799999999758	154237.22942941874	6.551872937012116e6	5.649038585957891e6
0.8595199999999757	154661.10135745112	6.546801610686516e6	5.6488337119358145e6
0.8601599999999757	155098.755968632	6.541536757403215e6	5.648457267282448e6
0.8607999999999757	155550.29216005089	6.53607839001031e6	5.647908878789399e6
0.8614399999999757	156017.26782741913	6.530402135471249e6	5.647167368210365e6
0.8620799999999756	156501.40553645283	6.524480707245352e6	5.646209001953506e6
0.8627199999999756	157002.8553842004	6.5183165547056785e6	5.645035410062671e6
0.8633599999999756	157524.92672300278	6.511862852726474e6	5.643606118517205e6
0.8639999999999756	158066.28649089852	6.505134798838685e6	5.641933481159232e6
0.8646399999999755	158630.74371027894	6.498078806087181e6	5.639971116363688e6
0.8652799999999755	159219.57427994613	6.490677604974253e6	5.637703579078961e6
0.8659199999999755	159833.45809260872	6.4829167792977495e6	5.635117767590409e6
0.8665599999999755	160476.81815957202	6.474739067206385e6	5.632163912693423e6
0.8671999999999754	161147.02408522507	6.466170693985576e6	5.628863550622654e6
0.8678399999999754	161836.6043050272	6.457304864289943e6	5.625295779050183e6
0.8684799999999754	162536.2728967675	6.448256730811939e6	5.62155877618678e6
0.8691199999999754	163244.78431617367	6.439040519187374e6	5.617664373407277e6
0.8697599999999753	163959.7201063745	6.429684807353848e6	5.613636771990582e6
0.8703999999999753	164670.447451964	6.420327354412636e6	5.609594219270378e6
0.8710399999999753	165365.6609540997	6.411109639311577e6	5.605658495862442e6
0.8716799999999753	166044.23773318625	6.402041421257025e6	5.601838262667092e6
0.8723199999999752	166713.80916825053	6.393033243865296e6	5.598056778443024e6
0.8729599999999752	167378.5197886333	6.384018974149763e6	5.594256970827571e6
0.8735999999999752	168047.0308251548	6.3748866559413485e6	5.590342127326507e6
0.8742399999999751	168724.0920510955	6.365572518231704e6	5.586256860155077e6
0.8748799999999751	169418.3683459612	6.355951720518436e6	5.581892667494462e6
0.8755199999999751	170134.5265797703	6.345959630482892e6	5.577192921548877e6
0.8761599999999751	170877.67394456698	6.335521217460139e6	5.572091761031017e6
0.876799999999975	171652.16618405216	6.324570286071802e6	5.566530773701478e6
0.877439999999975	172461.49012193104	6.313051074996252e6	5.560460415473902e6
0.878079999999975	173310.68610506534	6.300883889735942e6	5.553810164749112e6
0.878719999999975	174205.5472901862	6.287979312580008e6	5.546500830325505e6
0.8793599999999749	175149.94672975526	6.274271598003863e6	5.538473561994002e6
0.8799999999999749	176115.67401005462	6.260139785950929e6	5.530056892517871e6
0.8806399999999749	177085.22620255387	6.245848644343322e6	5.521481042753888e6
0.8812799999999749	178057.47776562697	6.231411931079141e6	5.512757690381609e6
0.8819199999999748	179008.34187050714	6.21718259097554e6	5.504194975641066e6
0.8825599999999748	179932.0805503635	6.20324662658792e6	5.495868566301118e6
0.8831999999999748	180799.05550746678	6.190068265303024e6	5.488185621598751e6
0.8838399999999748	181572.00851658706	6.178228433446031e6	5.481656823126075e6
0.8844799999999747	182280.76503406838	6.167283410182707e6	5.475895904614985e6
0.8851199999999747	182950.0789504653	6.156859543256005e6	5.470576823996434e6
0.8857599999999747	183604.0152551324	6.146591435456683e6	5.465379752572707e6
0.8863999999999747	184253.00959118514	6.136319400903978e6	5.460164658850695e6
0.8870399999999746	184917.14302442755	6.125731194923942e6	5.454656839621222e6
0.8876799999999746	185600.07370355268	6.114755771272448e6	5.448793003321359e6
0.8883199999999746	186313.12322835863	6.103217289977204e6	5.442417432634543e6
0.8889599999999745	187061.40476072868	6.091023125145731e6	5.435447215714029e6
0.8895999999999745	187841.23269976582	6.078232382196641e6	5.427933199292036e6
0.8902399999999745	188642.98839172284	6.064981060291485e6	5.419994193519617e6
0.8908799999999745	189477.77861027836	6.0510947006455185e6	5.411475062112884e6
0.8915199999999744	190338.7293809045	6.036693195674459e6	5.402480663170785e6
0.8921599999999744	191206.29752621875	6.02213192984106e6	5.3933249096520785e6
0.8927999999999744	192084.05348400414	6.007339081609803e6	5.383943742594569e6
0.8934399999999744	192988.0256418232	5.992026846648962e6	5.3740812698822925e6
0.8940799999999743	193923.45112257055	5.976098227436622e6	5.363650275129289e6
0.8947199999999743	194885.57857801925	5.959609054932112e6	5.352698967341404e6
0.8953599999999743	195859.902025053	5.942804275234023e6	5.341444016021289e6
0.8959999999999743	196744.84856385883	5.927430229907756e6	5.331438950247843e6
0.8966399999999742	197569.20511353124	5.913003626687936e6	5.322256324873858e6
0.8972799999999742	198353.64722506446	5.899170999918925e6	5.313583041450065e6
0.8979199999999742	199124.31337782906	5.8854928952280255e6	5.30502839039261e6
0.8985599999999742	199900.81010874908	5.871593005889661e6	5.296256549549499e6
0.8991999999999741	200701.60079321387	5.857144281060774e6	5.286974858889657e6
0.8998399999999741	201511.07540006842	5.842448963357087e6	5.277452624499166e6
0.9004799999999741	202279.96960863893	5.8284123320372915e6	5.268499639328246e6
0.901119999999974	203034.9640343607	5.814533300131105e6	5.259668344657713e6
0.901759999999974	203789.16048054976	5.800571667841203e6	5.250743754317947e6
0.902399999999974	204563.1178968023	5.786142745356345e6	5.241380573716148e6
0.903039999999974	205360.33320168266	5.771191455031522e6	5.231528469458755e6
0.903679999999974	206206.32715652304	5.755215010769512e6	5.220734494363764e6
0.9043199999999739	207121.50874061717	5.737798079112521e6	5.208622944859194e6
0.9049599999999739	208126.96125355287	5.718523477214396e6	5.194815392337334e6
0.9055999999999739	209255.2055618979	5.696716849919142e6	5.178700470691675e6
0.9062399999999738	210513.97420146212	5.672207259434637e6	5.160118897011031e6
0.9068799999999738	211792.92179604503	5.647161757799849e6	5.141020211791033e6
0.9075199999999738	213096.81269082232	5.621469831222219e6	5.121303494468294e6
0.9081599999999738	214325.9192227078	5.597138964366524e6	5.102781414300375e6
0.9087999999999737	215362.66136708803	5.576543875794956e6	5.087604149038995e6
0.9100799999999737	216917.8216989532	5.545477235603118e6	5.0663331731047155e6
0.9113599999999736	218416.1054069277	5.515051474719586e6	5.045557715583572e6
0.9126399999999736	219925.534701055	5.48349372862016e6	5.023668411199247e6
0.9132799999999736	220824.50191282897	5.46429010030603e6	5.009576763613233e6
0.9139199999999735	221912.02121944705	5.440655825539643e6	4.991426358863623e6
0.9142399999999735	222685.5450111726	5.423675267894376e6	4.977638389259774e6
0.9145599999999735	223579.01684492064	5.40405838115248e6	4.961438224265905e6
0.9148799999999735	224502.96460310934	5.383862719222771e6	4.944698016909408e6
0.9155199999999735	225810.51909886804	5.355391323373478e6	4.922044337028223e6
0.9167999999999734	227816.51272665788	5.311528080470912e6	4.888563278034455e6
0.9180799999999734	229868.28603118673	5.265968788128953e6	4.85341143499697e6
0.9187199999999733	230996.10410061668	5.240614188327511e6	4.833432430441416e6
0.9193599999999733	232194.75548466612	5.213406803155161e6	4.81172186363088e6
0.9199999999999733	233487.52085679324	5.183803414764042e6	4.787778143251331e6
0.9206399999999733	234899.67463118516	5.151161097858997e6	4.761006591311506e6
0.9212799999999732	236454.66643120942	5.11489153337763e6	4.730860983211477e6
0.9219199999999732	238178.59022481422	5.074310885575439e6	4.696705675954333e6
0.9225599999999732	240072.29954861195	5.029314666008855e6	4.658435737150045e6
0.9231999999999732	241741.6962032563	4.989209084094777e6	4.62460358870458e6
0.9238399999999731	243177.69281313074	4.954309875198575e6	4.595510048187972e6
0.9244799999999731	244512.65319979747	4.921446617154183e6	4.5682445641962215e6
0.9251199999999731	245880.22881152958	4.887365709521529e6	4.53981127672584e6
0.925759999999973	247365.0657947608	4.849950763373175e6	4.508254801184828e6
0.926399999999973	248896.38293995417	4.81093939675319e6	4.4751730309364125e6
0.927039999999973	250350.1219116691	4.773516533913683e6	4.443506312493894e6
0.927679999999973	251727.97382897648	4.737660027496775e6	4.413237421375398e6
0.928319999999973	253053.24134384198	4.702895106541326e6	4.383930441643851e6
0.928479999999973	253432.67597404876	4.692879594785461e6	4.375370351151949e6
0.928559999999973	254097.33056622822	4.6734069948816355e6	4.357691512462824e6
0.9285699999999729	254670.638152855	4.656468267490158e6	4.342047862826475e6
0.9285799999999729	255268.25436126027	4.638698887503412e6	4.32563427168428e6
0.9287399999999729	256082.37140784186	4.615725096246539e6	4.3050569556744145e6
0.9293799999999729	257809.46306368292	4.568641499234458e6	4.264210540839962e6
0.9300199999999729	259416.70728032934	4.524929086264043e6	4.226428529982647e6
0.9306599999999728	261069.72231524833	4.479775052865967e6	4.1872500252454653e6
0.9312999999999728	262891.2488101916	4.429621888568724e6	4.1433674936171994e6
0.9316199999999728	263909.91139315284	4.401379912500761e6	4.1184597138249106e6
0.9319399999999728	265003.2757862079	4.370936218698885e6	4.0914864226041366e6
0.9322599999999728	266191.8245306512	4.337683847969585e6	4.0618809783017207e6
0.9325799999999728	267493.1634042963	4.301103848491799e6	4.02915781610309e6
0.9328999999999728	268937.3920860456	4.260313176482355e6	3.992491861349254e6
0.9332199999999727	270545.5939720166	4.214678437715213e6	3.9512892464099345e6
0.9335399999999727	272197.913647686	4.1674833041086853e6	3.908602637058541e6
0.9338599999999727	273875.2067591424	4.119262557131342e6	3.86492863777762e6
0.9341799999999727	275535.42303966795	4.071256770437261e6	3.821422391351448e6
0.9348199999999727	277991.3436839057	3.999977743189924e6	3.75737866967002e6
0.9354599999999726	280264.1875430285	3.9334275930297286e6	3.6976524268395174e6
0.9360999999999726	282529.21468921186	3.8663483626098763e6	3.6373423190576476e6
0.9367399999999726	284516.2916216781	3.8066215041196886e6	3.583813128376968e6
0.9373799999999726	285805.27401373984	3.7668070674020313e6	3.548826735099961e6
0.9380199999999725	286969.71395608614	3.730094548242864e6	3.516689671013675e6
0.9386599999999725	287989.84226170246	3.697483766253702e6	3.4883454089559386e6
0.9392999999999725	288900.6433727836	3.667987536189126e6	3.462876961795081e6
0.9399399999999725	289808.3505460709	3.638328907435977e6	3.437216762789077e6
0.9405799999999724	290630.6743147602	3.611340334494058e6	3.4140237664861125e6
0.9418599999999724	291828.39501788164	3.5712274302352024e6	3.380563170327577e6
0.9424999999999724	292461.0301741481	3.5496904990264187e6	3.362399804567323e6
0.9431399999999723	293136.4504339947	3.526422104772724e6	3.3425774824669347e6
0.9437799999999723	293848.98783678905	3.501570197853025e6	3.3212321114258235e6
0.9444199999999723	294567.7323188026	3.4761637767654993e6	3.2993306686150637e6
0.9450599999999723	295204.4487120645	3.453321847711253e6	3.27981487781015e6
0.9456999999999722	295843.85788265045	3.430081549680602e6	3.259892443015886e6
0.9463399999999722	296638.6189192211	3.400832725385217e6	3.234261669632165e6
0.9466599999999722	297184.0658914198	3.380649746523658e6	3.2161776871186486e6
0.9469799999999722	297896.175903264	3.354233403281779e6	3.192186403486085e6
0.9471399999999722	298353.5916485602	3.337244997403946e6	3.1766091976956315e6
0.9472999999999723	298910.95278055914	3.316533564022355e6	3.1575048524098285e6
0.9474599999999723	299573.441185648	3.2919009128573406e6	3.134684027495627e6
0.9476199999999724	300194.716911214	3.268770032853284e6	3.113276057804156e6
0.9479399999999724	301022.136972504	3.237815077936562e6	3.0849256374298916e6
0.9485799999999723	302167.71778389474	3.19443729776603e6	3.0457167959632687e6
0.9492199999999723	303272.3920530374	3.1520756219632123e6	3.0074133939482947e6
0.9498599999999723	304479.2494742258	3.1052286001754394e6	2.964799027731203e6
0.9504999999999723	305852.7280125797	3.051288322773042e6	2.915389260832323e6
0.9508199999999722	306618.37348988286	3.0209622507328596e6	2.887470818849975e6
0.9511399999999722	307445.7701321981	2.9879950894780373e6	2.857023449734725e6
0.9514599999999722	308343.1438675051	2.952031088715612e6	2.8237064758726116e6
0.9517799999999722	309320.42267615907	2.9126358347260216e6	2.7871039655569047e6
0.9520999999999722	310389.22822677786	2.869297910498457e6	2.7467261846175725e6
0.9524199999999722	311563.2005379529	2.8214187397261523e6	2.701999813171508e6
0.9527399999999722	312748.40266079386	2.772755210620868e6	2.656495288876606e6
0.9530599999999722	313908.32832438085	2.72476581337576e6	2.611600163027381e6
0.9533799999999721	314723.2143735138	2.690395662496671e6	2.579641812965103e6
0.9536999999999721	315416.6362626269	2.6606391187536074e6	2.5520553178142095e6
0.9540199999999721	316116.0216746865	2.63028926642483e6	2.523883580631154e6
0.9543399999999721	316875.39876688697	2.5970810945263198e6	2.4929669024578803e6
0.9546599999999721	317729.8701203793	2.5594860383532494e6	2.457844813685509e6
0.9572199999999721	318882.0885866478	2.508024850751687e6	2.4143733233862054e6
0.9597799999999721	319470.94510291977	2.4797784964363296e6	2.3928909267216395e6
0.961059999999972	319833.31648050394	2.4615764365932653e6	2.3781769594960148e6
0.962339999999972	320263.9083747886	2.439218594707763e6	2.359418761220404e6
0.9636199999999719	320788.1797004133	2.4110800313132713e6	2.335035213751537e6
0.9648999999999719	321443.24480426253	2.3747042169466503e6	2.302634756824395e6
0.9655399999999719	321835.94451403344	2.3523326145259244e6	2.2823616992772575e6
0.9661799999999718	322285.89057898463	2.3262385708801895e6	2.258464891232346e6
0.9668199999999718	322806.86240443995	2.295471785239648e6	2.2300187630999205e6
0.9674599999999718	323421.10254654905	2.2585267983836345e6	2.1955584590410413e6
0.9680999999999718	324169.2264263071	2.2126882808102565e6	2.1524445229753554e6
0.9684199999999717	324617.5032519742	2.184850943596489e6	2.1261047715503564e6
0.9687399999999717	325142.8981061915	2.1519310206329674e6	2.0948256239227287e6
0.9688999999999718	325447.7510052456	2.132707544575708e6	2.0765017649956157e6
0.9690599999999718	325793.21485438937	2.1108327898491295e6	2.0556036653987418e6
0.9692199999999719	326196.37082390365	2.085202072260362e6	2.0310598767700985e6
0.9693799999999719	326686.3638609041	2.0539318784169974e6	2.0010436207612413e6
0.9694599999999719	326978.9578668818	2.0352089807967264e6	1.983039635896401e6
0.9695399999999719	327317.05209957174	2.0135354167146077e6	1.9621732053283863e6
0.9696199999999718	327716.4800358215	1.9878847523726346e6	1.9374488402589955e6
0.9696999999999718	328200.63972376316	1.9567381940229302e6	1.9073935061276197e6
0.9697799999999718	328807.2306798569	1.917646450029727e6	1.869631728820929e6
0.9698199999999718	329174.69532570953	1.893934160834007e6	1.8467097201649223e6
0.9698599999999719	329598.5497065967	1.86655807800363e6	1.8202341178207144e6
0.9698999999999719	330093.97517030756	1.8345295414653318e6	1.7892460309198091e6
0.9699399999999719	330681.53474009916	1.7965085169368684e6	1.7524457578519923e6
0.969979999999972	331389.27820541343	1.7506659551944314e6	1.7080592693511813e6
0.969999999999972	331800.12561273715	1.724034749545373e6	1.682267710827355e6
0.970019999999972	332257.39446530864	1.6943795610661507e6	1.6535431385114193e6
0.970039999999972	332768.9714237168	1.6611853550824039e6	1.6213860002279524e6
0.9700599999999721	333344.56871585804	1.6238177005094877e6	1.5851809349435503e6
0.9700799999999721	333996.33601540624	1.5814827544835182e6	1.5441579608429174e6
0.9700999999999721	334739.0633790162	1.5332138600651976e6	1.4973794636442473e6
0.9701199999999721	335586.8743051603	1.4780856505387146e6	1.443947787104824e6
0.9701399999999721	336575.59420377336	1.4137603021334745e6	1.3815955667546636e6
0.9701599999999722	337483.3674892328	1.3546630917079719e6	1.3243104487372565e6
0.9703199999999722	338608.6139858845	1.2810208027383955e6	1.2530500089761948e6
0.9706399999999722	339382.10821828473	1.2294192181983115e6	1.2032877286492733e6
0.9709599999999722	340183.6514013709	1.1752966270723091e6	1.151044946258802e6
0.9712799999999722	341069.35524058493	1.114829163934934e6	1.0926067822292107e6
0.9719199999999721	342117.9365233845	1.0422912124031298e6	1.0226303468164069e6
0.9731999999999721	342305.545251893	1.0282409230957674e6	1.0098578549695323e6
0.974479999999972	342535.9044094315	1.0100489263125695e6	993013.9939935828
0.975119999999972	342690.433670281	997446.0722125778	981155.7519256271
0.975759999999972	342883.926609302	981297.7334637474	965822.5827855779
0.976399999999972	343133.66691525315	959973.9783588788	945416.5470087919
0.9770399999999719	343465.2939130928	930983.9039911916	917494.476703782
0.9773599999999719	343674.1572498972	912401.0829983214	899525.1053993611
0.9776799999999719	343921.5249291671	890119.9096395774	877928.7616928257
0.9779999999999719	344217.95824759075	863083.1142998422	851668.080866678
0.9783199999999719	344577.98561926995	829825.8717549024	819305.6975834682
0.9786399999999719	345022.06461604795	788270.4141097898	778802.629364591
0.9787999999999719	345284.3820716737	763485.8205792224	754619.9500828505
0.978959999999972	345579.76599758887	735391.5477463631	727189.907858358
0.979119999999972	345914.2173913387	703368.3300116882	695904.6881401653
0.9792799999999721	346295.18433380564	666644.720077048	660007.0776964391
0.9794399999999721	346732.0053426778	624249.8591530323	618544.0920786837
0.9795999999999722	347236.5204826216	574948.208310035	570302.8898783495
0.9797599999999722	347823.927140975	517147.9119688021	513720.79451588215
0.9798399999999722	348154.6719044597	484434.7703501228	481687.36356545443
0.9799199999999721	348513.99953499006	448769.87340897135	446756.735461579
0.9799999999999721	348905.386591489	409786.0262204297	408568.4134278492
0.9902399999999721	349507.99999999994	349508.0	349508.0
