lambda	f0	f1	fla
0.0	18685.841819896938	1.5090317473241558e7	18685.841819896938
0.00064	18661.861817312492	1.5090132763492594e7	28307.603194384676
0.00128	18650.102434255972	1.5090032563349033e7	37941.47198422689
0.0019200000000000003	18643.398375072356	1.5089964578830581e7	47580.33504154693
0.00256	18639.206821438125	1.508991130685329e7	57221.663397519675
0.0032	18636.184894698843	1.5089869705219543e7	66864.13215973835
0.00384	18634.078512718144	1.508983600560687e7	76507.49391275969
0.0044800000000000005	18632.667885320567	1.5089806562763363e7	86151.52693437421
0.00512	18631.5627300251	1.5089780517987784e7	95795.84538094483
0.00576	18630.82346442191	1.5089758056010839e7	105440.51632388929
0.0064	18630.31236945978	1.5089737368230637e7	115085.39752697133
0.00704	18630.012151287385	1.5089718367090363e7	124730.47417005847
0.00768	18629.85262971262	1.5089701389379747e7	134375.6820319529
0.008320000000000001	18629.773534270043	1.5089685474858044e7	144020.95696928384
0.008960000000000001	18629.868960215757	1.5089670455927245e7	153666.39261944033
0.009600000000000001	18630.025170205143	1.5089655900752427e7	163311.87357579448
0.01024	18630.253188093877	1.5089642482460372e7	172957.41841584202
0.01088	18630.57227594506	1.5089629386137523e7	182603.03937075904
0.01152	18630.91469624534	1.5089617009513699e7	192248.6745085424
0.01216	18631.31959539131	1.508960500756403e7	201894.35964108998
0.0128	18631.757481648234	1.5089593304036597e7	211540.0652775516
0.01344	18632.239027280433	1.5089581984981619e7	221185.80361290675
0.01408	18632.757559132577	1.5089571001106333e7	230831.56802827716
0.01472	18633.308834075444	1.5089560091143802e7	240477.35106967462
0.01536	18633.861670022736	1.5089549843878511e7	250123.13115674513
0.016	18634.447824761544	1.5089539658868078e7	259768.9312014546
0.016640000000000002	18635.056355665314	1.5089529584797503e7	269414.7413089375
0.017280000000000004	18635.69137535054	1.5089519547246115e7	279060.5644047974
0.017920000000000005	18636.34079773094	1.5089509913463295e7	288706.3952198979
0.018560000000000007	18637.00482345355	1.5089500246329164e7	298352.22658579965
0.01920000000000001	18637.67990066071	1.5089490709689261e7	307998.05807260197
0.01984000000000001	18638.363656496844	1.5089481448261697e7	317643.8904550642
0.020480000000000012	18639.078688858088	1.5089472066326872e7	327289.73827568477
0.021120000000000014	18639.784769744918	1.5089462917112807e7	336935.5693248306
0.021760000000000015	18640.51207334996	1.5089453797361502e7	346581.4091612204
0.022400000000000017	18641.244240067797	1.5089444736899026e7	356227.24247562874
0.02304000000000002	18641.985783942935	1.5089435786651313e7	365873.0749559274
0.02368000000000002	18642.731475713328	1.5089426948623078e7	375518.90173776326
0.024320000000000022	18643.485902710505	1.5089418150186332e7	385164.7257380885
0.024960000000000024	18644.245219585307	1.5089409471452404e7	394810.54526635684
0.025600000000000026	18645.011212463327	1.5089400833768431e7	404456.36026989645
0.026240000000000027	18645.781886067012	1.5089392247321771e7	414102.1691391003
0.02688000000000003	18646.555525830594	1.5089383746255388e7	423747.97121264157
0.02752000000000003	18647.3351707033	1.5089375258606693e7	433393.7676236622
0.028160000000000032	18648.118051759324	1.5089366836616702e7	443039.5571665486
0.028800000000000034	18648.904946772782	1.5089358438619215e7	452685.33951653965
0.029440000000000036	18649.695045998797	1.5089350071237624e7	462331.1141210808
0.030080000000000037	18650.478467334535	1.5089341841497293e7	471976.8746672763
0.03072000000000004	18651.25351882983	1.5089333739714386e7	481622.61949475785
0.03136000000000004	18652.023899413703	1.5089325701130193e7	491268.35041737155
0.03200000000000004	18652.798565037236	1.508931779656185e7	500914.0785009359
0.032640000000000044	18653.617142080453	1.5089310082845364e7	510559.8441826363
0.033280000000000046	18654.448372817118	1.508930224492294e7	520205.6070420059
0.03392000000000005	18655.28669769506	1.5089294331114678e7	529851.3630843199
0.03456000000000005	18656.130553941606	1.508928636069887e7	539497.111307751
0.03520000000000005	18656.978288394097	1.5089278344369078e7	549142.850374435
0.03584000000000005	18657.829498056988	1.5089270295117795e7	558788.5802658692
0.036480000000000054	18658.682850967736	1.5089262238247748e7	568434.3005518431
0.037120000000000056	18659.536798965783	1.5089254161922822e7	578080.0092835642
0.03776000000000006	18660.393391450783	1.5089246051152788e7	587725.7078285197
0.03840000000000006	18661.250611491883	1.5089237943408247e7	597371.3956148882
0.03904000000000006	18662.109586682498	1.5089229816905493e7	607017.0728804098
0.03968000000000006	18662.97046058826	1.5089221678659596e7	616662.7400019258
0.040320000000000064	18663.83271254473	1.5089213526992572e7	626308.3963859164
0.040960000000000066	18664.695774542834	1.508920535772955e7	635954.0412882209
0.04160000000000007	18665.561773625122	1.5089197167649869e7	645599.6765780778
0.04224000000000007	18666.42721300487	1.508918896718005e7	655245.2993012139
0.04288000000000007	18667.294461659938	1.5089180768108157e7	664890.9122116228
0.04352000000000007	18668.16323952069	1.5089172554350656e7	674536.5143406785
0.044160000000000074	18669.03471225882	1.5089164302329522e7	684182.1057302383
0.044800000000000076	18669.906292567946	1.5089156060635012e7	693827.6860071106
0.04544000000000008	18670.77825329506	1.5089147804971034e7	703473.2543473502
0.04608000000000008	18671.653134681845	1.5089139530320086e7	713118.8129153864
0.04672000000000008	18672.529155077416	1.5089131233472364e7	722764.3598207822
0.04736000000000008	18673.406458569185	1.5089122930852894e7	732409.8959338856
0.048000000000000084	18674.284771515384	1.5089114619757567e7	742055.420850847
0.048640000000000086	18675.165678783444	1.5089106289521275e7	751700.9355424835
0.04928000000000009	18676.047730693084	1.5089097936133139e7	761346.438391167
0.04992000000000009	18676.930407121774	1.5089089576658702e7	770991.9297080019
0.05056000000000009	18677.81469464066	1.508908120337269e7	780637.4100262043
0.05120000000000009	18678.700713867776	1.5089072823906014e7	790282.879821307
0.051840000000000094	18679.588410545737	1.5089064415065655e7	799928.337824348
0.052480000000000096	18680.47713001618	1.5089055999091882e7	809573.7845225764
0.0531200000000001	18681.367833880362	1.5089047567592187e7	819219.2203650431
0.0537600000000001	18682.25878691898	1.5089039133500502e7	828864.6443715226
0.0544000000000001	18683.151214723497	1.5089030673560869e7	838510.0564303554
0.0550400000000001	18684.046377791998	1.5089022198813053e7	848155.4582878303
0.055680000000000104	18684.94199060741	1.5089013713133086e7	857800.8479678222
0.056320000000000106	18685.84015186284	1.508900521042317e7	867446.2270855445
0.05696000000000011	18686.739071403772	1.5088996697506672e7	877091.5943038783
0.05760000000000011	18687.639036447075	1.5088988170336878e7	886736.9496393536
0.05824000000000011	18688.541554636395	1.5088979623553753e7	896382.2941702666
0.05888000000000011	18689.444385024024	1.5088971063314464e7	906027.6261075912
0.059520000000000114	18690.348746865333	1.5088962505409366e7	915672.9475114191
0.060160000000000116	18691.25533470309	1.5088953915131275e7	925318.2569480666
0.06080000000000012	18692.163478835635	1.5088945310916677e7	934963.5548430581
0.06144000000000012	18693.072457216516	1.508893669720142e7	944608.8407615022
0.06208000000000012	18693.982757250145	1.5088928071614586e7	954254.1149935154
0.06272000000000012	18694.89580118785	1.5088919415696206e7	963899.3776890052
0.06336000000000012	18695.808890060092	1.5088910770035705e7	973544.62882825
0.06400000000000013	18696.724830801522	1.5088902087291488e7	983189.8680282874
0.06464000000000013	18697.64037526037	1.5088893408719195e7	992835.0948410142
0.06528000000000013	18698.559177300664	1.508888470424789e7	1.0024803107275107e6
0.06592000000000013	18699.47843985411	1.508887599268021e7	1.0121255142585804e6
0.06656000000000013	18700.399732196092	1.5088867259815797e7	1.0217707059393625e6
0.06720000000000013	18701.322591222888	1.5088858511185234e7	1.0314158856647426e6
0.06784000000000014	18702.2472102296	1.5088849755161984e7	1.0410610541496787e6
0.06848000000000014	18703.173564132252	1.5088840963308949e7	1.0507062094058592e6
0.06912000000000014	18704.100789353175	1.508883218596245e7	1.0603513540365198e6
0.06976000000000014	18705.02883958303	1.5088823373322954e7	1.0699964845507452e6
0.07040000000000014	18705.96056416685	1.5088814545360627e7	1.0796416049338398e6
0.07104000000000014	18706.890005314825	1.5088805732407844e7	1.0892867117695927e6
0.07168000000000015	18707.820422287416	1.508879690514135e7	1.098931806014952e6
0.07232000000000015	18708.752116361116	1.5088788073529594e7	1.1085768886409684e6
0.07296000000000015	18709.686999152305	1.5088779209752966e7	1.118221959379273e6
0.07360000000000015	18710.622544758873	1.5088770332715642e7	1.1278670172133383e6
0.07424000000000015	18711.559384083324	1.5088761449945224e7	1.1375120632593448e6
0.07488000000000015	18712.497224655963	1.5088752556780059e7	1.1471570968841668e6
0.07552000000000016	18713.438456747564	1.5088743627355162e7	1.156802118322358e6
0.07616000000000016	18714.38021631029	1.50887346858759e7	1.166447126695347e6
0.07680000000000016	18715.32294328349	1.5088725748400053e7	1.1760921236183657e6
0.07744000000000016	18716.26847961842	1.5088716765607463e7	1.1857371069772013e6
0.07808000000000016	18717.21596005074	1.5088707775279049e7	1.1953820788316806e6
0.07872000000000016	18718.16353044442	1.5088698784605447e7	1.2050270380214711e6
0.07936000000000017	18719.1148959264	1.508868975565013e7	1.2146719849461825e6
0.08000000000000017	18720.06448080552	1.5088680732325187e7	1.2243169179083586e6
0.08064000000000017	18721.018410461205	1.5088671682098595e7	1.233961839930275e6
0.08128000000000017	18721.972966222078	1.5088662611929236e7	1.2436067481011385e6
0.08192000000000017	18722.92942350588	1.5088653538013678e7	1.2532516448792154e6
0.08256000000000017	18723.888599333204	1.5088644428995594e7	1.262896528414451e6
0.08320000000000018	18724.848403152788	1.5088635300765159e7	1.2725413980396744e6
0.08384000000000018	18725.81067902222	1.5088626149457272e7	1.2821862550821933e6
0.08448000000000018	18726.772608367843	1.508861701805676e7	1.2918311005438508e6
0.08512000000000018	18727.736589053853	1.5088607858101822e7	1.3014759325322234e6
0.08576000000000018	18728.70340753812	1.5088598663808113e7	1.3111207512114942e6
0.08640000000000018	18729.67149331514	1.5088589474549955e7	1.3207655584774115e6
0.08704000000000019	18730.641417933908	1.5088580253280036e7	1.3304103516344142e6
0.08768000000000019	18731.613136848875	1.5088571012981713e7	1.3400551317152495e6
0.08832000000000019	18732.586464477514	1.5088561763780119e7	1.349699899404998e6
0.08896000000000019	18733.559956325193	1.5088552499561906e7	1.3593446528236405e6
0.0896000000000002	18734.538170043368	1.50885432050612e7	1.3689893947234938e6
0.0902400000000002	18735.51512591969	1.5088533903616106e7	1.3786341217032769e6
0.0908800000000002	18736.49569504021	1.5088524585806096e7	1.388278837324336e6
0.0915200000000002	18737.476268271857	1.5088515272913245e7	1.3979235402172229e6
0.0921600000000002	18738.461123268837	1.508850589000838e7	1.4075682273693238e6
0.0928000000000002	18739.445483101437	1.5088496531454764e7	1.417212903061275e6
0.0934400000000002	18740.430902375247	1.508848714273695e7	1.4268575636562011e6
0.0940800000000002	18741.419067620376	1.5088477743940683e7	1.4365022125116813e6
0.0947200000000002	18742.409990705786	1.5088468328416456e7	1.4461468489839958e6
0.09536000000000021	18743.402011733935	1.508845888152784e7	1.4557914701383929e6
0.09600000000000021	18744.39554607239	1.5088449408377545e7	1.465436076777897e6
0.09664000000000021	18745.39098514669	1.5088439946404431e7	1.4750806728208696e6
0.09728000000000021	18746.38830816031	1.5088430441858111e7	1.4847252530375028e6
0.09792000000000022	18747.385862866377	1.5088420943199404e7	1.4943698205972633e6
0.09856000000000022	18748.38632598438	1.5088411414335856e7	1.5040143743666406e6
0.09920000000000022	18749.38861056814	1.5088401869340984e7	1.5136589146990287e6
0.09984000000000022	18750.39271399391	1.5088392315437384e7	1.5233034422787004e6
0.10048000000000022	18751.398032045006	1.508838272846101e7	1.5329479541135507e6
0.10112000000000022	18752.40583716896	1.5088373143967452e7	1.5425924548769065e6
0.10176000000000023	18753.41459352626	1.5088363506557949e7	1.5522369375518293e6
0.10240000000000023	18754.426157283982	1.5088353882244667e7	1.5618814104606356e6
0.10304000000000023	18755.439237510065	1.5088344214173201e7	1.5715258666068872e6
0.10368000000000023	18756.454203964036	1.508833456138797e7	1.5811703123568052e6
0.10432000000000023	18757.470176081442	1.508832488568431e7	1.5908147429619033e6
0.10496000000000023	18758.48886317449	1.5088315177622823e7	1.6004591589153907e6
0.10560000000000024	18759.508135585504	1.5088305455247805e7	1.6101035601506394e6
0.10624000000000024	18760.52891264644	1.508829571871997e7	1.6197479474777803e6
0.10688000000000024	18761.553487891942	1.5088285955755722e7	1.6293923216022812e6
0.10752000000000024	18762.57823079719	1.5088276194235325e7	1.6390366822236078e6
0.10816000000000024	18763.604284059184	1.5088266399531523e7	1.6486810266180285e6
0.10880000000000024	18764.635030975394	1.5088256575682383e7	1.6583253581738523e6
0.10944000000000025	18765.6645758428	1.5088246756800598e7	1.6679696753089237e6
0.11008000000000025	18766.69804533636	1.5088236900516924e7	1.6776139779334124e6
0.11072000000000025	18767.733111984835	1.508822702212779e7	1.6872582655918186e6
0.11136000000000025	18768.767831297166	1.508821716196819e7	1.6969025410023856e6
0.11200000000000025	18769.80768714294	1.5088207252446534e7	1.7065468015001987e6
0.11264000000000025	18770.84586329728	1.5088197323481483e7	1.7161910443022137e6
0.11328000000000026	18771.88908838225	1.5088187366186716e7	1.7258352743340854e6
0.11392000000000026	18772.930405283638	1.5088177434701048e7	1.735479491534661e6
0.11456000000000026	18773.976671506825	1.5088167469489293e7	1.7451236952087164e6
0.11520000000000026	18775.02403012243	1.5088157462457787e7	1.7547678809369933e6
0.11584000000000026	18776.073826260286	1.5088147432293722e7	1.7644120519911349e6
0.11648000000000026	18777.125933609263	1.5088137402498843e7	1.7740562109479317e6
0.11712000000000027	18778.176674374623	1.50881273725858e7	1.7837003544995247e6
0.11776000000000027	18779.233022679695	1.508811727512468e7	1.7933444808606154e6
0.11840000000000027	18780.288707978903	1.5088107210272178e7	1.8029885962211841e6
0.11904000000000027	18781.348434605632	1.5088097082079824e7	1.8126326933677366e6
0.11968000000000027	18782.408851174823	1.508808695609006e7	1.8222767770647286e6
0.12032000000000027	18783.470806117577	1.5088076800952636e7	1.8319208442893508e6
0.12096000000000028	18784.534297692797	1.5088066638452083e7	1.841564897616212e6
0.12160000000000028	18785.601058304346	1.5088056451564632e7	1.851208936479878e6
0.12224000000000028	18786.66962912528	1.5088046246727694e7	1.8608529603336586e6
0.12288000000000028	18787.740150625345	1.5088036022736574e7	1.870496969114791e6
0.12352000000000028	18788.808984297655	1.5088025813319568e7	1.8801409637597946e6
0.12416000000000028	18789.883944935238	1.5088015531390795e7	1.8897849403318176e6
0.12480000000000029	18790.9615724344	1.508800523112281e7	1.8994289024123256e6
0.12544000000000027	18792.03673525205	1.5087994980756028e7	1.9090728540332224e6
0.12608000000000028	18793.117918880856	1.508798460868024e7	1.9187167810740771e6
0.12672000000000028	18794.200132513884	1.508797429879658e7	1.9283607022352284e6
0.12736000000000028	18795.28360306272	1.5087963928496718e7	1.938004602216723e6
0.12800000000000028	18796.369546654187	1.5087953556376515e7	1.9476484894608806e6
0.12864000000000028	18797.455839545157	1.5087943169542013e7	1.9572923604502347e6
0.12928000000000028	18798.545432991905	1.5087932756571012e7	1.9669362162489193e6
0.12992000000000029	18799.638001295458	1.5087922288672397e7	1.9765800527764894e6
0.1305600000000003	18800.731298099807	1.5087911845546134e7	1.9862238783743274e6
0.1312000000000003	18801.82590686962	1.508790139831058e7	1.9958676898062408e6
0.1318400000000003	18802.92381438115	1.5087890888692968e7	2.0055114811039784e6
0.1324800000000003	18804.02368101	1.5087880370102169e7	2.0151552580548895e6
0.1331200000000003	18805.124422715162	1.5087869838952506e7	2.0247990192209254e6
0.1337600000000003	18806.226143164437	1.50878592989922e7	2.034442765167456e6
0.1344000000000003	18807.331870794016	1.5087848719827764e7	2.0440864944122152e6
0.1350400000000003	18808.44097555163	1.5087838103693102e7	2.053730206628934e6
0.1356800000000003	18809.54968811669	1.508782750623781e7	2.0633739060327837e6
0.1363200000000003	18810.660951136055	1.5087816869789261e7	2.0730175873399538e6
0.1369600000000003	18811.775646064336	1.5087806197299777e7	2.0826612516357612e6
0.1376000000000003	18812.888489106143	1.508779555817536e7	2.0923049038379395e6
0.1382400000000003	18814.007850607475	1.508778481597021e7	2.101948532365066e6
0.1388800000000003	18815.12606939617	1.5087774129552556e7	2.1115921524731424e6
0.1395200000000003	18816.24932813416	1.5087763395834077e7	2.121235755208648e6
0.1401600000000003	18817.370915203694	1.5087752653528199e7	2.1308793401262457e6
0.1408000000000003	18818.497332103703	1.5087741869407231e7	2.140522908120286e6
0.14144000000000032	18819.627550160723	1.5087731050857956e7	2.15016645926282e6
0.14208000000000032	18820.75450557393	1.5087720250122579e7	2.1598099948428427e6
0.14272000000000032	18821.888222246267	1.5087709395243859e7	2.1694535132243754e6
0.14336000000000032	18823.021905673035	1.5087698530292863e7	2.1790970147880656e6
0.14400000000000032	18824.1589574388	1.5087687652905496e7	2.1887405020859637e6
0.14464000000000032	18825.2972482433	1.508767674767214e7	2.198383971037561e6
0.14528000000000033	18826.435881465037	1.5087665831909185e7	2.2080274233363774e6
0.14592000000000033	18827.576969126214	1.5087654917183977e7	2.217670862453282e6
0.14656000000000033	18828.72455472601	1.5087643924754051e7	2.2273142802959443e6
0.14720000000000033	18829.870519549393	1.5087632927478738e7	2.2369576805039467e6
0.14784000000000033	18831.018352397346	1.5087621927994221e7	2.2466010664338497e6
0.14848000000000033	18832.16911626118	1.5087610930795668e7	2.2562444396504243e6
0.14912000000000034	18833.322183422406	1.5087599873981718e7	2.265887790387589e6
0.14976000000000034	18834.477376783718	1.5087588826644836e7	2.2755311287231725e6
0.15040000000000034	18835.635137750112	1.5087577716077374e7	2.2851744441110743e6
0.15104000000000034	18836.795508802654	1.5087566589244302e7	2.2948177435546177e6
0.15168000000000034	18837.95672685115	1.5087555459567074e7	2.3044610275576613e6
0.15232000000000034	18839.11882154238	1.5087544302067209e7	2.3141042923335275e6
0.15296000000000035	18840.286171256386	1.5087533127949366e7	2.323747543249641e6
0.15360000000000035	18841.454204245092	1.5087521945670214e7	2.333390777693423e6
0.15424000000000035	18842.624831744724	1.5087510721794503e7	2.3430339921072857e6
0.15488000000000035	18843.796287534704	1.5087499490510186e7	2.3526771902087443e6
0.15552000000000035	18844.97069274761	1.5087488219606124e7	2.362320368763761e6
0.15616000000000035	18846.148462108336	1.5087476937593829e7	2.371963532492923e6
0.15680000000000036	18847.32718991252	1.5087465609141806e7	2.381606673799975e6
0.15744000000000036	18848.509695988894	1.508745428642434e7	2.391249803184106e6
0.15808000000000036	18849.695400481836	1.5087442923802651e7	2.400892912946302e6
0.15872000000000036	18850.879189955867	1.5087431576644141e7	2.4105360074898894e6
0.15936000000000036	18852.06639287622	1.508742019350835e7	2.4201790831300034e6
0.16000000000000036	18853.256667520724	1.5087408761906255e7	2.4298221375057236e6
0.16064000000000037	18854.44963029834	1.5087397307423022e7	2.4394651743061272e6
0.16128000000000037	18855.64635783459	1.508738583905791e7	2.449108195836508e6
0.16192000000000037	18856.84191062978	1.5087374381380266e7	2.458751201901559e6
0.16256000000000037	18858.041987789915	1.5087362861301286e7	2.4683941854153974e6
0.16320000000000037	18859.239923665486	1.508735138325552e7	2.47803715771543e6
0.16384000000000037	18860.44214359201	1.5087339840705791e7	2.4876801068040286e6
0.16448000000000038	18861.65290163836	1.5087328214659404e7	2.497323032979561e6
0.16512000000000038	18862.86116988989	1.508731662385448e7	2.506965946464375e6
0.16576000000000038	18864.07132293509	1.5087305039458511e7	2.516608846201094e6
0.16640000000000038	18865.28076479804	1.5087293411506858e7	2.526251721720283e6
0.16704000000000038	18866.497342613515	1.5087281734305551e7	2.5358945785249085e6
0.16768000000000038	18867.715307289396	1.5087270028226484e7	2.5455374151375857e6
0.16832000000000039	18868.93655855041	1.508725830195257e7	2.555180234541678e6
0.1689600000000004	18870.158074654195	1.5087246583665673e7	2.564823038942518e6
0.1696000000000004	18871.381818465277	1.5087234830849374e7	2.5744658227741136e6
0.1702400000000004	18872.607149353076	1.5087223054135019e7	2.5841085872441987e6
0.1708800000000004	18873.838050190956	1.5087211250999771e7	2.5937513351750216e6
0.1715200000000004	18875.07030910797	1.50871994054348e7	2.6033940602698727e6
0.1721600000000004	18876.303870319724	1.508718755149308e7	2.6130367682610606e6
0.1728000000000004	18877.5397796935	1.5087175707451466e7	2.622679463153382e6
0.1734400000000004	18878.77949952849	1.508716380888413e7	2.6323221349959997e6
0.1740800000000004	18880.019931050192	1.5087151892333359e7	2.6419647874788498e6
0.1747200000000004	18881.26450823372	1.5087139941780709e7	2.6516074206012865e6
0.1753600000000004	18882.509221995904	1.508712797533949e7	2.661250034160366e6
0.1760000000000004	18883.757281338887	1.5087115974738955e7	2.6708926275538853e6
0.1766400000000004	18885.00902765429	1.508710398473428e7	2.680535208896479e6
0.1772800000000004	18886.26234735145	1.5087091931473024e7	2.690177763369957e6
0.1779200000000004	18887.516114162936	1.5087079897949256e7	2.699820304690269e6
0.1785600000000004	18888.773570637437	1.5087067799167698e7	2.709462820381255e6
0.17920000000000041	18890.034322366097	1.508705567436198e7	2.7191053170174714e6
0.17984000000000042	18891.296798595988	1.5087043557552943e7	2.728747799372664e6
0.18048000000000042	18892.561945452322	1.5087031403335571e7	2.7383902600395475e6
0.18112000000000042	18893.827835265765	1.508701923910136e7	2.748032702323787e6
0.18176000000000042	18895.102926639385	1.5087006988845032e7	2.7576751193111725e6
0.18240000000000042	18896.372238163192	1.5086994793292072e7	2.7673175242384025e6
0.18304000000000042	18897.649319296917	1.5086982521467471e7	2.7769599043173054e6
0.18368000000000043	18898.924199931338	1.5086970255277386e7	2.786602266292244e6
0.18432000000000043	18900.203441388232	1.5086957966552796e7	2.7962446103380895e6
0.18496000000000043	18901.48902488739	1.5086945587095559e7	2.8058869254040453e6
0.18560000000000043	18902.77426147479	1.5086933261182915e7	2.8155292326341006e6
0.18624000000000043	18904.058965597917	1.5086920894263946e7	2.8251715143715683e6
0.18688000000000043	18905.352616060805	1.5086908459056187e7	2.8348137731475984e6
0.18752000000000044	18906.64163545131	1.5086896085511575e7	2.8444560221511084e6
0.18816000000000044	18907.938483789185	1.5086883603761422e7	2.8540982396624354e6
0.18880000000000044	18909.237872032885	1.5086871093944902e7	2.863740436298597e6
0.18944000000000044	18910.536862583293	1.5086858623936852e7	2.8733826224779394e6
0.19008000000000044	18911.83951218058	1.5086846092147062e7	2.8830247822530256e6
0.19072000000000044	18913.14469380704	1.508683353187623e7	2.8926669209372457e6
0.19136000000000045	18914.4537157226	1.5086820959073957e7	2.902309042581081e6
0.19200000000000045	18915.761715543755	1.5086808369531116e7	2.91195114241614e6
0.19264000000000045	18917.075959705424	1.5086795716822416e7	2.9215932173355045e6
0.19328000000000045	18918.39270302253	1.5086783071602676e7	2.9312352778407545e6
0.19392000000000045	18919.70940778668	1.5086770395828996e7	2.940877314518594e6
0.19456000000000045	18921.031612505045	1.508675766089315e7	2.950519326205354e6
0.19520000000000046	18922.353681819477	1.508674494675141e7	2.9601613238490103e6
0.19584000000000046	18923.679972534122	1.5086732209737655e7	2.9698033024417423e6
0.19648000000000046	18925.007991131457	1.5086719422422908e7	2.979445254538694e6
0.19712000000000046	18926.340278516964	1.5086706604431843e7	2.9890871859484278e6
0.19776000000000046	18927.674216853084	1.5086693752687257e7	2.998729093895167e6
0.19840000000000046	18929.013102632598	1.508668087275492e7	3.0083709820576534e6
0.19904000000000047	18930.35014811055	1.508666801802297e7	3.0180128555619298e6
0.19968000000000047	18931.690288404603	1.5086655123509811e7	3.027654705434062e6
0.20032000000000047	18933.03553138114	1.508664215850897e7	3.037296527046259e6
0.20096000000000047	18934.382850646954	1.508662921483767e7	3.046938336286766e6
0.20160000000000047	18935.731146461054	1.5086616255968153e7	3.0565801249505216e6
0.20224000000000047	18937.086167286794	1.5086603169427231e7	3.066221874845785e6
0.20288000000000048	18938.439151526487	1.5086590183664462e7	3.075863625078318e6
0.20352000000000048	18939.800383491536	1.5086577068893302e7	3.0855053372706156e6
0.20416000000000048	18941.161915272743	1.5086563933773631e7	3.0951470270178826e6
0.20480000000000048	18942.527045547304	1.5086550848825043e7	3.1047887113459953e6
0.20544000000000048	18943.888657080155	1.5086537709211202e7	3.1144303631517263e6
0.20608000000000049	18945.257950799678	1.5086524505547408e7	3.124071989295516e6
0.2067200000000005	18946.630135466195	1.5086511308840303e7	3.133713600517337e6
0.2073600000000005	18948.00285383184	1.5086498077948708e7	3.1433551864255127e6
0.2080000000000005	18949.38039599044	1.5086484802985154e7	3.152996748294544e6
0.2086400000000005	18950.763093357553	1.5086471530043239e7	3.162638295909788e6
0.2092800000000005	18952.14502308853	1.5086458202733662e7	3.1722798127807644e6
0.2099200000000005	18953.532166086658	1.5086444844398107e7	3.18192130842984e6
0.2105600000000005	18954.919710625923	1.5086431503764674e7	3.1915627892490537e6
0.2112000000000005	18956.310748090065	1.5086418090537947e7	3.201204238639715e6
0.2118400000000005	18957.703533068576	1.5086404650006447e7	3.2108456646739966e6
0.2124800000000005	18959.102881285227	1.5086391163151843e7	3.220487067047581e6
0.2131200000000005	18960.50267747059	1.5086377705268512e7	3.2301284568936806e6
0.2137600000000005	18961.903883372437	1.5086364202031681e7	3.2397698191355625e6
0.2144000000000005	18963.31108102475	1.508635065912269e7	3.2494111585011655e6
0.2150400000000005	18964.717939094087	1.5086337090171505e7	3.2590524728639596e6
0.2156800000000005	18966.12989296592	1.5086323486232126e7	3.2686937645082036e6
0.2163200000000005	18967.543597604556	1.5086309838711258e7	3.278335028876598e6
0.2169600000000005	18968.960501432703	1.5086296218220996e7	3.287976282336277e6
0.21760000000000052	18970.38023892636	1.5086282538534254e7	3.2976175058839973e6
0.21824000000000052	18971.804201949242	1.5086268833269967e7	3.307258707825761e6
0.21888000000000052	18973.231692118905	1.5086255044741407e7	3.316899874932355e6
0.21952000000000052	18974.663162418386	1.5086241251746828e7	3.3265410246884758e6
0.22016000000000052	18976.090780384857	1.5086227508517435e7	3.336182162909382e6
0.22080000000000052	18977.52659559376	1.508621365464244e7	3.3458232636683453e6
0.22144000000000053	18978.96452374468	1.5086199818588307e7	3.3554643504478093e6
0.22208000000000053	18980.402077546947	1.5086185927369082e7	3.365105405134299e6
0.22272000000000053	18981.846075776295	1.5086172012755703e7	3.3747464399987375e6
0.22336000000000053	18983.294321960188	1.5086158052806845e7	3.384387448377152e6
0.22400000000000053	18984.741287153312	1.5086144119226435e7	3.3940284419455607e6
0.22464000000000053	18986.19669349081	1.5086130076330556e7	3.403669397815169e6
0.22528000000000054	18987.65098568487	1.5086116061838552e7	3.413310339382627e6
0.22592000000000054	18989.109207217512	1.5086101978203852e7	3.422951248570945e6
0.22656000000000054	18990.571223677427	1.5086087916409332e7	3.4325921457489477e6
0.22720000000000054	18992.031886480825	1.5086073843534136e7	3.442233019492836e6
0.22784000000000054	18993.501458495928	1.5086059643522825e7	3.451873851266441e6
0.22848000000000054	18994.973792448724	1.5086045467308342e7	3.4615146705509685e6
0.22912000000000055	18996.449090756978	1.5086031218239736e7	3.471155455398179e6
0.22976000000000055	18997.923303058808	1.5086016993949752e7	3.4807962249748516e6
0.23040000000000055	18999.401954579425	1.508600275059344e7	3.4904369734809813e6
0.23104000000000055	19000.886669069536	1.5085988414682807e7	3.5000776851413716e6
0.23168000000000055	19002.373065452048	1.508597411034042e7	3.509718385157325e6
0.23232000000000055	19003.86446843602	1.5085959681926457e7	3.519359039980292e6
0.23296000000000056	19005.356027872815	1.5085945318324137e7	3.528999689644419e6
0.23360000000000056	19006.850161179864	1.5085930885625867e7	3.538640304845739e6
0.23424000000000056	19008.347971791492	1.5085916427553162e7	3.54828089653294e6
0.23488000000000056	19009.85392609045	1.508590191608032e7	3.5579214614848844e6
0.23552000000000056	19011.35647813627	1.5085887413912034e7	3.567562005524976e6
0.23616000000000056	19012.86779146279	1.5085872822827911e7	3.577202514772879e6
0.23680000000000057	19014.376001689285	1.5085858256671052e7	3.5868430069442033e6
0.23744000000000057	19015.889727130692	1.5085843659881279e7	3.5964834754725406e6
0.23808000000000057	19017.406582536976	1.5085829054520587e7	3.6061239237236367e6
0.23872000000000057	19018.92558073363	1.5085814377194865e7	3.6157643357900674e6
0.23936000000000057	19020.453689628135	1.508579960078545e7	3.6254047103384924e6
0.24000000000000057	19021.98318885266	1.5085784881685264e7	3.635045078828e6
0.24064000000000058	19023.513487639248	1.508577009201801e7	3.6446854101451966e6
0.24128000000000058	19025.04631084598	1.5085755289986704e7	3.6543257195049655e6
0.24192000000000058	19026.58026407275	1.508574047952768e7	3.6639660067739333e6
0.24256000000000058	19028.121726568832	1.5085725584218955e7	3.6736062582287304e6
0.24320000000000058	19029.66504465325	1.5085710687560346e7	3.6832464897204787e6
0.24384000000000058	19031.21059661769	1.5085695791915769e7	3.692886702105488e6
0.24448000000000059	19032.763557612663	1.5085680802924834e7	3.7025268762221197e6
0.2451200000000006	19034.316709823495	1.5085665797482617e7	3.7121670252768593e6
0.2457600000000006	19035.874579403364	1.5085650769876778e7	3.721807151247695e6
0.2464000000000006	19037.434383636803	1.5085635675018493e7	3.7314472408760744e6
0.2470400000000006	19039.00025712494	1.5085620602594728e7	3.741087319298615e6
0.2476800000000006	19040.56797184224	1.5085605446597569e7	3.750727357109871e6
0.2483200000000006	19042.135630931476	1.508559031398604e7	3.7603673792800815e6
0.2489600000000006	19043.71109130479	1.5085575125236733e7	3.7700073719569594e6
0.2496000000000006	19045.285392113965	1.5085559891302245e7	3.7796473310272917e6
0.2502400000000006	19046.8709910037	1.5085544570041196e7	3.7892872552013327e6
0.25088000000000055	19048.452258905065	1.508552931462861e7	3.798927171010225e6
0.2515200000000005	19050.04015488344	1.5085513992726862e7	3.8085670535057955e6
0.2521600000000005	19051.629748698553	1.5085498628926298e7	3.8182069050613297e6
0.25280000000000047	19053.22424233966	1.5085483273898521e7	3.8278467407954293e6
0.25344000000000044	19054.825102211133	1.5085467789180866e7	3.837486526718312e6
0.2540800000000004	19056.425624453874	1.5085452307806233e7	3.8471262913692063e6
0.2547200000000004	19058.032628309305	1.5085436756882226e7	3.856766021270273e6
0.25536000000000036	19059.636489442968	1.5085421261876501e7	3.8664057411482874e6
0.25600000000000034	19061.25022205023	1.5085405685486346e7	3.876045425649715e6
0.2566400000000003	19062.864640930416	1.5085390090554144e7	3.8856850838993024e6
0.2572800000000003	19064.480309720842	1.5085374478491578e7	3.895324716641953e6
0.25792000000000026	19066.107099471526	1.5085358723112065e7	3.9049642986214436e6
0.25856000000000023	19067.732155982554	1.5085343041218476e7	3.914603876067185e6
0.2592000000000002	19069.361561605758	1.5085327310079135e7	3.9242434218173525e6
0.2598400000000002	19070.992180113215	1.5085311542833932e7	3.9338829368620045e6
0.26048000000000016	19072.633628483294	1.5085295679358723e7	3.9435224125802987e6
0.26112000000000013	19074.27395312682	1.5085279820457976e7	3.953161866256475e6
0.2617600000000001	19075.916929454565	1.508526395128377e7	3.962801296802042e6
0.2624000000000001	19077.561791551914	1.5085248036187425e7	3.97244069427303e6
0.26304000000000005	19079.214640038783	1.5085232056527559e7	3.982080058170133e6
0.26368	19080.870736666184	1.508521603514853e7	3.991719390888787e6
0.26432	19082.529470868747	1.508520002161936e7	4.001358704995558e6
0.26496	19084.186366077225	1.5085184014778819e7	4.010997996902317e6
0.26559999999999995	19085.85573588917	1.5085167818533499e7	4.0206372250549337e6
0.2662399999999999	19087.52504451737	1.5085151693252467e7	4.0302764491882008e6
0.2668799999999999	19089.199688356268	1.5085135514157183e7	4.039915640093795e6
0.26751999999999987	19090.877336014004	1.5085119304507073e7	4.0495548021728136e6
0.26815999999999984	19092.55885115974	1.5085103054609956e7	4.059193933393836e6
0.2687999999999998	19094.24271584176	1.5085086793940967e7	4.068833040485153e6
0.2694399999999998	19095.930217553177	1.5085070446737573e7	4.078472103948704e6
0.27007999999999976	19097.625561044977	1.5085054056888118e7	4.088111138533857e6
0.27071999999999974	19099.317483537372	1.5085037743538793e7	4.097750168185212e6
0.2713599999999997	19101.01729110568	1.5085021244315755e7	4.1073891300965105e6
0.2719999999999997	19102.72311185853	1.5085004756562551e7	4.117028076210442e6
0.27263999999999966	19104.432987021817	1.5084988204305233e7	4.126666984399214e6
0.27327999999999963	19106.136556524834	1.508497175582112e7	4.136305892989148e6
0.2739199999999996	19107.85410720137	1.5084955131936656e7	4.1459447404502397e6
0.2745599999999996	19109.57147847539	1.5084938483190734e7	4.1555835574781867e6
0.27519999999999956	19111.29210921753	1.508492185514609e7	4.165222359056958e6
0.27583999999999953	19113.02533070784	1.508490511443002e7	4.174861115187855e6
0.2764799999999995	19114.753237466164	1.5084888383712102e7	4.184499846591086e6
0.2771199999999995	19116.487982121405	1.508487161622662e7	4.1941385491212285e6
0.27775999999999945	19118.226644581227	1.5084854778044285e7	4.203777211161355e6
0.2783999999999994	19119.96984055244	1.5084837906808032e7	4.213415843492291e6
0.2790399999999994	19121.715179123847	1.5084821009966511e7	4.223054446396587e6
0.2796799999999994	19123.466490907533	1.5084804094030155e7	4.232693024401074e6
0.28031999999999935	19125.220542353494	1.5084787104426136e7	4.242331559832646e6
0.2809599999999993	19126.979621580307	1.5084770095086932e7	4.251970069342715e6
0.2815999999999993	19128.744477954966	1.5084753008626731e7	4.2616085372622395e6
0.28223999999999927	19130.506552085604	1.5084735914907986e7	4.271246977006444e6
0.28287999999999924	19132.276458297652	1.508471880048587e7	4.280885392375206e6
0.2835199999999992	19134.050474321735	1.5084701654450031e7	4.290523777553503e6
0.2841599999999992	19135.831471030644	1.50846844141076e7	4.300162116713026e6
0.28479999999999916	19137.61045478589	1.5084667200991448e7	4.309800437839614e6
0.28543999999999914	19139.4028388884	1.5084649840592582e7	4.3194387021912895e6
0.2860799999999991	19141.188120527848	1.5084632549524626e7	4.329076956790999e6
0.2867199999999991	19142.981560625427	1.5084615166355077e7	4.338715166384877e6
0.28735999999999906	19144.78453890057	1.5084597706434881e7	4.348353336174916e6
0.28799999999999903	19146.58910693416	1.508458024193274e7	4.357991481120751e6
0.288639999999999	19148.392161614545	1.5084562773042511e7	4.367629599059061e6
0.289279999999999	19150.208672157118	1.5084545204944257e7	4.377267673193735e6
0.28991999999999896	19152.021219345548	1.5084527646527966e7	4.386905722508805e6
0.29055999999999893	19153.84411794037	1.5084509969677344e7	4.396543719960464e6
0.2911999999999989	19155.66805680768	1.5084492313123079e7	4.406181699100089e6
0.2918399999999989	19157.495977470426	1.5084474619889796e7	4.415819645420026e6
0.29247999999999885	19159.32373369201	1.5084456941134218e7	4.425457570870981e6
0.2931199999999988	19161.165962943218	1.5084439076320702e7	4.435095427046992e6
0.2937599999999988	19163.000390173645	1.5084421264475968e7	4.444733268047999e6
0.2943999999999988	19164.853706029135	1.5084403362769525e7	4.454371070774304e6
0.29503999999999875	19166.70394903407	1.5084385412160251e7	4.464008831619653e6
0.2956799999999987	19168.55400326973	1.5084367496465027e7	4.473646577310342e6
0.2963199999999987	19170.415888320946	1.5084349467879796e7	4.483284272574415e6
0.29695999999999867	19172.274994790823	1.5084331432370594e7	4.49292193836909e6
0.29759999999999864	19174.14762565058	1.5084313309536818e7	4.502559562210393e6
0.2982399999999986	19176.016934794097	1.5084295240566796e7	4.512197174190782e6
0.2988799999999986	19177.89222575778	1.5084277025083477e7	4.521834721054251e6
0.29951999999999857	19179.76985585879	1.5084258824345252e7	4.5314722482565e6
0.30015999999999854	19181.657047198438	1.5084240590571301e7	4.541109746533771e6
0.3007999999999985	19183.547426651417	1.508422223064795e7	4.550747183339596e6
0.3014399999999985	19185.44250617987	1.5084203843496015e7	4.560384589300534e6
0.30207999999999846	19187.34272698881	1.5084185471312221e7	4.570021977409992e6
0.30271999999999843	19189.24352150901	1.508416700966585e7	4.5796593128887005e6
0.3033599999999984	19191.150050816483	1.5084148532739636e7	4.589296621663273e6
0.3039999999999984	19193.061963352233	1.5084130002481248e7	4.598933891880768e6
0.30463999999999836	19194.976328078756	1.5084111439678263e7	4.608571127723054e6
0.30527999999999833	19196.902912132296	1.5084092798726866e7	4.618208321986428e6
0.3059199999999983	19198.82933770536	1.5084074098963134e7	4.627845471821491e6
0.3065599999999983	19200.755381084116	1.5084055409016475e7	4.637482597999523e6
0.30719999999999825	19202.692062799204	1.5084036595794924e7	4.647119667289281e6
0.3078399999999982	19204.63254696541	1.508401787360725e7	4.656756740674937e6
0.3084799999999982	19206.574008235504	1.5083999000485657e7	4.666393741727964e6
0.3091199999999982	19208.52607220903	1.508398005804328e7	4.676030702035079e6
0.30975999999999815	19210.48034570871	1.5083961161404142e7	4.685667651310341e6
0.3103999999999981	19212.437842648116	1.5083942131740348e7	4.695304534828466e6
0.3110399999999981	19214.403578419653	1.508392313281888e7	4.704941406721343e6
0.31167999999999807	19216.37499388727	1.508390395499267e7	4.7145781999278795e6
0.31231999999999804	19218.339473010077	1.5083884905583983e7	4.724215001400759e6
0.312959999999998	19220.32201490666	1.508386569972348e7	4.733851739422552e6
0.313599999999998	19222.3007455395	1.5083846476000043e7	4.743488442105321e6
0.31423999999999797	19224.289298385524	1.5083827180951769e7	4.753125101971514e6
0.31487999999999794	19226.27854866469	1.5083807921605865e7	4.762761746314485e6
0.3155199999999979	19228.276767941858	1.5083788507101357e7	4.77239832064271e6
0.3161599999999979	19230.28118882563	1.5083769097015139e7	4.782034873200441e6
0.31679999999999786	19232.288408442942	1.5083749568100637e7	4.791671362614898e6
0.31743999999999784	19234.29777826697	1.5083730090836516e7	4.801307842326645e6
0.3180799999999978	19236.31493282153	1.5083710559591409e7	4.810944282673792e6
0.3187199999999978	19238.332372578738	1.5083690953608744e7	4.820580671812936e6
0.31935999999999776	19240.357932545245	1.5083671294935644e7	4.83021702197382e6
0.31999999999999773	19242.39101947072	1.5083651583649293e7	4.83985333266098e6
0.3206399999999977	19244.428532119677	1.5083631778083656e7	4.8494895882922895e6
0.3212799999999977	19246.474071737088	1.5083611973711146e7	4.859125821795851e6
0.32191999999999765	19248.514762574472	1.5083592130415583e7	4.868762011513555e6
0.3225599999999976	19250.56491759481	1.5083572257685835e7	4.878398170136883e6
0.3231999999999976	19252.621718139446	1.5083552258505732e7	4.888034264327853e6
0.3238399999999976	19254.686316045743	1.5083532246780826e7	4.897670331496923e6
0.32447999999999755	19256.748090358637	1.508351219375577e7	4.9073063550998345e6
0.3251199999999975	19258.824909242394	1.5083492051879238e7	4.91694233166169e6
0.3257599999999975	19260.900775552254	1.508347189328994e7	4.926578273697001e6
0.32639999999999747	19262.984964542084	1.5083451690145763e7	4.936214178335655e6
0.32703999999999744	19265.071577476316	1.508343140797015e7	4.945850030231298e6
0.3276799999999974	19267.15999786874	1.5083411164236702e7	4.955485867306811e6
0.3283199999999974	19269.258204625745	1.5083390792794507e7	4.9651216404411355e6
0.32895999999999737	19271.362342273434	1.508337031661643e7	4.974757354340261e6
0.32959999999999734	19273.469944187163	1.508334984978627e7	4.984393044740098e6
0.3302399999999973	19275.586644037838	1.5083329327026546e7	4.994028693867916e6
0.3308799999999973	19277.70320945578	1.508330881480553e7	5.003664317414324e6
0.33151999999999726	19279.826348694074	1.5083288148947481e7	5.013299865456603e6
0.33215999999999724	19281.9558896829	1.5083267444877587e7	5.0229353759118635e6
0.3327999999999972	19284.08887642341	1.5083246740546497e7	5.032570859352182e6
0.3334399999999972	19286.232598842005	1.508322589512459e7	5.042206273671385e6
0.33407999999999716	19288.38107577134	1.5083205042493917e7	5.051841659322302e6
0.33471999999999713	19290.527286349185	1.5083184213927055e7	5.061477022078683e6
0.3353599999999971	19292.685810166895	1.5083163211033616e7	5.071112305149059e6
0.3359999999999971	19294.85024633657	1.5083142203897482e7	5.080747561073078e6
0.33663999999999705	19297.010369758333	1.5083121215519292e7	5.090382790791253e6
0.337279999999997	19299.186968873542	1.508310003824251e7	5.100017938086401e6
0.337919999999997	19301.36792655875	1.508307889925621e7	5.10965307131343e6
0.338559999999997	19303.551678920223	1.5083057667757288e7	5.119288145218367e6
0.33919999999999695	19305.740233474404	1.5083036362788651e7	5.128923167404144e6
0.3398399999999969	19307.93521538686	1.508301503129724e7	5.138558154747798e6
0.3404799999999969	19310.136188396515	1.5082993682557119e7	5.148193110055972e6
0.34111999999999687	19312.341498613787	1.5082972220372945e7	5.157827999380179e6
0.34175999999999684	19314.55537921839	1.5082950706566297e7	5.167462846408867e6
0.3423999999999968	19316.772380222646	1.5082929190970754e7	5.177097664505573e6
0.3430399999999968	19318.99218870661	1.50829075743614e7	5.186732419417179e6
0.34367999999999677	19321.226165314496	1.5082885847070778e7	5.196367115078055e6
0.34431999999999674	19323.457668183542	1.5082864200148614e7	5.206001806118997e6
0.3449599999999967	19325.70167990402	1.5082842399908751e7	5.215636421900878e6
0.3455999999999967	19327.950883475445	1.5082820498252645e7	5.225270975254211e6
0.34623999999999666	19330.199607314487	1.5082798608916562e7	5.234905501646498e6
0.34687999999999664	19332.453650668645	1.5082776731670018e7	5.24454000480997e6
0.3475199999999966	19334.726007619767	1.5082754628166797e7	5.254174410405926e6
0.3481599999999966	19336.988279980127	1.5082732637176221e7	5.263808817399643e6
0.34879999999999656	19339.267685347393	1.5082710455981644e7	5.273443138163043e6
0.34943999999999653	19341.55234104189	1.5082688245329078e7	5.283077420738729e6
0.3500799999999965	19343.84241524141	1.5082665950021012e7	5.2927116458458165e6
0.3507199999999965	19346.136003664706	1.508264360811496e7	5.302345825422484e6
0.35135999999999645	19348.430375530625	1.5082621334272953e7	5.311979997888875e6
0.3519999999999964	19350.74066347942	1.5082598837702787e7	5.321614070821262e6
0.3526399999999964	19353.050672232504	1.5082576382507626e7	5.331248126410612e6
0.3532799999999964	19355.36836375437	1.5082553838850135e7	5.340882124017128e6
0.35391999999999635	19357.688497752828	1.5082531266047848e7	5.350516081064227e6
0.3545599999999963	19360.01425436753	1.5082508652640995e7	5.360149995480674e6
0.3551999999999963	19362.34668153362	1.5082485914337652e7	5.36978383791293e6
0.35583999999999627	19364.683673342308	1.5082463176197132e7	5.3794176512529515e6
0.35647999999999624	19367.0284763727	1.5082440412218316e7	5.389051428312643e6
0.3571199999999962	19369.37436315161	1.5082417554498388e7	5.39868514045299e6
0.3577599999999962	19371.726058138334	1.508239463634243e7	5.408318802441389e6
0.35839999999999617	19374.091786630033	1.508237169875447e7	5.417952434123847e6
0.35903999999999614	19376.454068637406	1.508234870897633e7	5.427586012470637e6
0.3596799999999961	19378.82235717683	1.5082325643352e7	5.437219534932537e6
0.3603199999999961	19381.1989372913	1.5082302513746195e7	5.446853007089176e6
0.36095999999999606	19383.588277039573	1.5082279262012806e7	5.456486410668642e6
0.36159999999999604	19385.97293527998	1.5082256034804557e7	5.466119787307151e6
0.362239999999996	19388.36770409686	1.5082232682200126e7	5.475753092187078e6
0.362879999999996	19390.772082670006	1.5082209309297085e7	5.485386362866976e6
0.36351999999999596	19393.177702337478	1.508218588619652e7	5.495019583094082e6
0.36415999999999593	19395.595732072932	1.5082162351300852e7	5.504652737439939e6
0.3647999999999959	19398.017979397573	1.5082138750799267e7	5.514285837312024e6
0.3654399999999959	19400.443713392895	1.508211511595137e7	5.523918893535977e6
0.36607999999999585	19402.878201958232	1.508209137551276e7	5.533551883297434e6
0.3667199999999958	19405.316763456918	1.508206760735634e7	5.543184831969616e6
0.3673599999999958	19407.755557619468	1.5082043901011093e7	5.5528177699513445e6
0.3679999999999958	19410.214605008852	1.5082019987461466e7	5.562450611016122e6
0.36863999999999575	19412.671865233024	1.5081996026939703e7	5.572083399879822e6
0.3692799999999957	19415.13814495199	1.5081971962417161e7	5.581716122212129e6
0.3699199999999957	19417.614130054684	1.5081947852597952e7	5.591348799944035e6
0.37055999999999567	19420.087313784374	1.508192376086107e7	5.600981448583402e6
0.37119999999999564	19422.576092633946	1.5081899486375075e7	5.61061400518941e6
0.3718399999999956	19425.07108549643	1.5081875212601682e7	5.620246531706809e6
0.3724799999999956	19427.565044600324	1.5081850865898035e7	5.629878996146421e6
0.37311999999999557	19430.074853300288	1.5081826439728832e7	5.639511406515592e6
0.37375999999999554	19432.58305587638	1.5081801930486783e7	5.649143750351585e6
0.3743999999999955	19435.102231852048	1.5081777409569507e7	5.658776062099003e6
0.3750399999999955	19437.631752711353	1.5081752736037282e7	5.668408288463529e6
0.37567999999999546	19440.16622413813	1.5081728081337979e7	5.678040490174037e6
0.37631999999999544	19442.701786727343	1.5081703341210108e7	5.687672625614465e6
0.3769599999999954	19445.244853735712	1.5081678541515559e7	5.697304708363308e6
0.3775999999999954	19447.800258763047	1.5081653577954689e7	5.706936701916675e6
0.37823999999999536	19450.362313086673	1.5081628658975309e7	5.716568681242535e6
0.37887999999999533	19452.92327438949	1.5081603667437611e7	5.726200597222881e6
0.3795199999999953	19455.501210544728	1.5081578509217236e7	5.735832425209174e6
0.3801599999999953	19458.079532467884	1.5081553307528889e7	5.745464201407516e6
0.38079999999999525	19460.66980446602	1.5081528047392454e7	5.755095927189901e6
0.3814399999999952	19463.263449316473	1.5081502827284353e7	5.764727634678481e6
0.3820799999999952	19465.86410942951	1.5081477377530105e7	5.774359223157129e6
0.3827199999999952	19468.470222849148	1.5081451999384101e7	5.783990806503371e6
0.38335999999999515	19471.088653154482	1.5081426375914503e7	5.793622267577592e6
0.3839999999999951	19473.71632197382	1.508140078562426e7	5.803253710933979e6
0.3846399999999951	19476.345568799512	1.5081375168196842e7	5.812885108704376e6
0.38527999999999507	19478.977276709	1.5081349375328043e7	5.822516404237853e6
0.38591999999999504	19481.619161260787	1.5081323679244114e7	5.832147706988361e6
0.386559999999995	19484.27359536125	1.5081297736241221e7	5.84177888571567e6
0.387199999999995	19486.934728800494	1.5081271779974248e7	5.851410026807763e6
0.38783999999999497	19489.604326641707	1.5081245699547265e7	5.861041088296933e6
0.38847999999999494	19492.272706344134	1.5081219665682796e7	5.87067213032976e6
0.3891199999999949	19494.950723382186	1.5081193495241063e7	5.880303088366026e6
0.3897599999999949	19497.645227545992	1.5081167182054214e7	5.889933963901032e6
0.39039999999999486	19500.343531473834	1.508114081381558e7	5.899564783130311e6
0.39103999999999484	19503.042942396478	1.508111447885425e7	5.9091955788412895e6
0.3916799999999948	19505.752091150014	1.50810880797251e7	5.918826318178738e6
0.3923199999999948	19508.467171480504	1.508106150778935e7	5.928456956066604e6
0.39295999999999476	19511.191789213837	1.508103490474403e7	5.938087550031859e6
0.39359999999999473	19513.931897121758	1.5081008137645436e7	5.947718051279579e6
0.3942399999999947	19516.66644721708	1.5080981407848807e7	5.9573485260972995e6
0.3948799999999947	19519.41874895109	1.5080954481015481e7	5.966978896136679e6
0.39551999999999465	19522.17674453335	1.5080927495414754e7	5.9766092083848985e6
0.3961599999999946	19524.936542493462	1.5080900592775786e7	5.986239516515794e6
0.3967999999999946	19527.70622867339	1.508087355636315e7	5.995869739561953e6
0.3974399999999946	19530.48797355603	1.5080846369868442e7	6.005499872073778e6
0.39807999999999455	19533.27565171219	1.5080819128558798e7	6.015129947976883e6
0.3987199999999945	19536.065973983605	1.5080791819618693e7	6.024759960067119e6
0.3993599999999945	19538.869220952245	1.5080764428282086e7	6.034389908487524e6
0.39999999999999447	19541.6759150758	1.508073700629777e7	6.044019808068071e6
0.40063999999999445	19544.495221178233	1.5080709348557658e7	6.0536495820618225e6
0.4012799999999944	19547.323996201252	1.5080681819028867e7	6.063279374162826e6
0.4019199999999944	19550.149837710596	1.5080654121102551e7	6.07290905796839e6
0.40255999999999437	19552.991557656096	1.5080626385830026e7	6.0825386971558565e6
0.40319999999999434	19555.84446850853	1.5080598462974407e7	6.092168228250002e6
0.4038399999999943	19558.701088499878	1.508057049436591e7	6.101797703685564e6
0.4044799999999943	19561.568940969293	1.5080542447927745e7	6.111427114873454e6
0.40511999999999426	19564.43245039716	1.5080514450994743e7	6.1210565039629955e6
0.40575999999999424	19567.31858067044	1.5080486242812436e7	6.130685781276865e6
0.4063999999999942	19570.212760105722	1.5080457931580517e7	6.140314981688634e6
0.4070399999999942	19573.111926749294	1.5080429524041813e7	6.149944105913977e6
0.40767999999999416	19576.01260106952	1.508040114492155e7	6.159573202545395e6
0.40831999999999413	19578.9253403597	1.5080372690946735e7	6.169202235712666e6
0.4089599999999941	19581.838118015014	1.5080344153615123e7	6.178831194663623e6
0.4095999999999941	19584.773601120018	1.5080315423895214e7	6.188460047961492e6
0.41023999999999405	19587.713580431762	1.5080286775968391e7	6.198088896934379e6
0.41087999999999403	19590.658901683586	1.508025782956302e7	6.207717585982923e6
0.411519999999994	19593.61893425465	1.5080228854513466e7	6.217346231079722e6
0.412159999999994	19596.581284418746	1.5080199903061118e7	6.226974846387813e6
0.41279999999999395	19599.552815509363	1.5080170729682418e7	6.236603334626078e6
0.4134399999999939	19602.533787973847	1.508014166281286e7	6.246231831291932e6
0.4140799999999939	19605.51839232731	1.5080112406837387e7	6.255860210759565e6
0.41471999999999387	19608.51992563782	1.5080082997455575e7	6.2654884952467615e6
0.41535999999999385	19611.51588395529	1.5080053609737149e7	6.275116743986725e6
0.4159999999999938	19614.532079539073	1.5080024169699555e7	6.284744941329373e6
0.4166399999999938	19617.560107628342	1.5079994551178405e7	6.294373029667263e6
0.41727999999999377	19620.597573077244	1.507996472463614e7	6.304000994913858e6
0.41791999999999374	19623.6324269246	1.50799349823522e7	6.313628951787601e6
0.4185599999999937	19626.67910903309	1.507990524910457e7	6.323256877366271e6
0.4191999999999937	19629.734605605237	1.507987524801582e7	6.332884653827072e6
0.41983999999999366	19632.800470988597	1.5079845299477285e7	6.342512416053697e6
0.42047999999999364	19635.88357508938	1.5079815126578337e7	6.352140051672999e6
0.4211199999999936	19638.951612184	1.5079784930016223e7	6.361767626037597e6
0.4217599999999936	19642.05342534553	1.507975453699787e7	6.371395094496797e6
0.42239999999999356	19645.15742104813	1.50797242563045e7	6.381022568789321e6
0.42303999999999353	19648.256331063945	1.5079693837664079e7	6.390649939058085e6
0.4236799999999935	19651.374621352083	1.5079663157532616e7	6.400277166805099e6
0.4243199999999935	19654.509927114766	1.5079632519717459e7	6.409904379041255e6
0.42495999999999345	19657.650608961998	1.5079601702304296e7	6.419531474817312e6
0.42559999999999343	19660.783909114267	1.5079571037079938e7	6.429158587658518e6
0.4262399999999934	19663.94782493851	1.5079539994856516e7	6.438785514111578e6
0.4268799999999934	19667.11011221143	1.5079508990965137e7	6.448412412210608e6
0.42751999999999335	19670.278769270695	1.5079477960972004e7	6.458039259064483e6
0.4281599999999933	19673.455992554336	1.5079446835303506e7	6.467666026078231e6
0.4287999999999933	19676.65201601814	1.5079415496181952e7	6.477292668394269e6
0.42943999999999327	19679.854858787698	1.5079384081921795e7	6.486919238128624e6
0.43007999999999325	19683.05917906412	1.5079352621367525e7	6.496545744484976e6
0.4307199999999932	19686.27773602749	1.5079321143568715e7	6.50617220714738e6
0.4313599999999932	19689.504566394495	1.5079289411472933e7	6.5157985204094965e6
0.43199999999999317	19692.74342528774	1.5079257672954524e7	6.5254247929818155e6
0.43263999999999314	19695.985906625483	1.5079225950342378e7	6.5350510297200065e6
0.4332799999999931	19699.2433614156	1.5079193889397733e7	6.544677083595927e6
0.4339199999999931	19702.496055323074	1.5079161994889842e7	6.554303161789493e6
0.43455999999999306	19705.782540387318	1.5079129870549642e7	6.563929114225584e6
0.43519999999999304	19709.058367600883	1.5079097676957808e7	6.573554985177955e6
0.435839999999993	19712.362314603517	1.5079065310064463e7	6.583180751061796e6
0.436479999999993	19715.660381230482	1.5079032909087073e7	6.592806453096251e6
0.43711999999999296	19718.978302237083	1.5079000379603768e7	6.6024320644390555e6
0.43775999999999293	19722.29366964852	1.507896772565421e7	6.612057573975104e6
0.4383999999999929	19725.612893195288	1.507893523849887e7	6.621683112758616e6
0.4390399999999929	19728.96309317235	1.5078902356390161e7	6.631308449686175e6
0.43967999999999285	19732.311333007816	1.5078869437353088e7	6.640933722901409e6
0.44031999999999283	19735.67697197195	1.5078836353900723e7	6.650558887037132e6
0.4409599999999928	19739.053805478976	1.5078803322990589e7	6.660184033945236e6
0.4415999999999928	19742.42675157009	1.5078770264972253e7	6.669809120109715e6
0.44223999999999275	19745.814839034178	1.5078736913324911e7	6.679434038233319e6
0.4428799999999927	19749.20519130196	1.5078703664267736e7	6.689058956026964e6
0.4435199999999927	19752.610331095777	1.5078670351647746e7	6.698683806959746e6
0.44415999999999267	19756.018402390848	1.507863666383096e7	6.708308445875834e6
0.44479999999999265	19759.454086472622	1.5078603098520143e7	6.717933107130459e6
0.4454399999999926	19762.893596749138	1.5078569320410864e7	6.7275576283567175e6
0.4460799999999926	19766.345855115513	1.507853539095042e7	6.737182041491118e6
0.44671999999999257	19769.804357875353	1.5078501418760616e7	6.746806391143756e6
0.44735999999999254	19773.278247829756	1.5078467431985728e7	6.756430694863904e6
0.4479999999999925	19776.740435279025	1.5078433390972463e7	6.766054919875825e6
0.4486399999999925	19780.229457253245	1.5078398916254817e7	6.775678917101999e6
0.44927999999999246	19783.727676669623	1.5078364665518902e7	6.785302971430314e6
0.44991999999999244	19787.231362754253	1.5078330285482123e7	6.794926922272027e6
0.4505599999999924	19790.763402536188	1.5078295516719887e7	6.804550665057087e6
0.4511999999999924	19794.29288866326	1.5078260811325053e7	6.814174386007047e6
0.45183999999999236	19797.814827040016	1.5078226272553194e7	6.823798129165911e6
0.45247999999999233	19801.366232337394	1.5078191454483267e7	6.833421713364002e6
0.4531199999999923	19804.923056311825	1.5078156432660557e7	6.843045159088072e6
0.4537599999999923	19808.487733763883	1.507812143093456e7	6.852668568840441e6
0.45439999999999225	19812.068964648068	1.5078086314264758e7	6.862291886028901e6
0.45503999999999223	19815.655616574364	1.5078050937811542e7	6.871915038426455e6
0.4556799999999922	19819.25080638782	1.5078015638245218e7	6.881538180634396e6
0.4563199999999922	19822.873610393446	1.507798010426501e7	6.89116118110259e6
0.45695999999999215	19826.478047170356	1.507794449405137e7	6.900784086640332e6
0.4575999999999921	19830.111896186503	1.507790894222758e7	6.910406984655713e6
0.4582399999999921	19833.748950255296	1.5077873137269802e7	6.920029718253685e6
0.45887999999999207	19837.406601837192	1.5077837182213854e7	6.929652343634561e6
0.45951999999999205	19841.06880906768	1.5077801238530222e7	6.939274925999213e6
0.460159999999992	19844.729232760747	1.5077765340859856e7	6.9488974778789645e6
0.460799999999992	19848.409440861313	1.5077728994634997e7	6.9585197830981985e6
0.46143999999999197	19852.10512270168	1.5077692718299663e7	6.968142077666957e6
0.46207999999999194	19855.80029638053	1.507765644192819e7	6.977764320781485e6
0.4627199999999919	19859.524794844783	1.507761976625195e7	6.987386343721754e6
0.4633599999999919	19863.250164091958	1.5077583179242982e7	6.997008356501964e6
0.46399999999999186	19866.96882239157	1.5077546628280561e7	7.006630330810861e6
0.46463999999999184	19870.716115873434	1.5077509713716332e7	7.016252099960828e6
0.4652799999999918	19874.48720561857	1.5077472783220736e7	7.025873822375409e6
0.4659199999999918	19878.231979826134	1.507743580000734e7	7.035495454075081e6
0.46655999999999176	19882.018588979117	1.5077398554741727e7	7.045116933696281e6
0.46719999999999173	19885.80652722447	1.5077361369918568e7	7.054738389743536e6
0.4678399999999917	19889.6003039764	1.5077324045134982e7	7.064359730973589e6
0.4684799999999917	19893.41880112674	1.5077286468309628e7	7.073980914634744e6
0.46911999999999165	19897.227101154378	1.5077249001221724e7	7.08360209137647e6
0.46975999999999163	19901.058591303718	1.507721133860962e7	7.093223135732583e6
0.4703999999999916	19904.90595339897	1.507717359271536e7	7.102844096206099e6
0.4710399999999916	19908.73885128857	1.5077135791010046e7	7.112464969500024e6
0.47167999999999155	19912.618518670548	1.507709768941524e7	7.122085672759037e6
0.4723199999999915	19916.471282559436	1.5077059790329432e7	7.13170640373465e6
0.4729599999999915	19920.37299278514	1.5077021424163057e7	7.141326886154149e6
0.47359999999999147	19924.266866257414	1.5076983173687505e7	7.150947365136672e6
0.47423999999999145	19928.182772144635	1.5076944655183025e7	7.160567674648152e6
0.4748799999999914	19932.0871539943	1.5076906143612223e7	7.170187927084749e6
0.4755199999999914	19936.016876261165	1.5076867373574965e7	7.179808015613499e6
0.47615999999999137	19939.96822714455	1.5076828643149754e7	7.189428079678165e6
0.47679999999999134	19943.913689412642	1.5076789842244547e7	7.19904805242437e6
0.4774399999999913	19947.869966788745	1.5076750771786049e7	7.208667847411245e6
0.4780799999999913	19951.833172189752	1.5076711780981656e7	7.218287629020808e6
0.47871999999999126	19955.827853175706	1.5076672571557736e7	7.2279072673992915e6
0.47935999999999124	19959.805483200118	1.5076633467035657e7	7.237526891884853e6
0.4799999999999912	19963.814160857783	1.5076593885206437e7	7.247146248262604e6
0.4806399999999912	19967.83539145572	1.5076554315582173e7	7.256765561230189e6
0.48127999999999116	19971.85572662025	1.5076514889756009e7	7.266384887144151e6
0.48191999999999113	19975.903483032227	1.5076474912801577e7	7.276003906053692e6
0.4825599999999911	19979.948111189475	1.50764351576178e7	7.285622974010565e6
0.4831999999999911	19984.02694592195	1.5076394977772372e7	7.295241798385127e6
0.48383999999999106	19988.087210283735	1.5076354954503909e7	7.304860632281496e6
0.48447999999999103	19992.164509254588	1.507631481477161e7	7.314479362108226e6
0.485119999999991	19996.269387955082	1.5076274515746638e7	7.324097972261344e6
0.485759999999991	20000.36076083149	1.5076234136334836e7	7.333716479583524e6
0.48639999999999095	20004.47722626314	1.5076193563462943e7	7.3433348487716485e6
0.4870399999999909	20008.610901173502	1.507615306021211e7	7.352953203493435e6
0.4876799999999909	20012.740045333878	1.5076112284595717e7	7.362571365931528e6
0.4883199999999909	20016.902323074304	1.5076071358335454e7	7.372189414282902e6
0.48895999999999085	20021.076040967113	1.5076030098808816e7	7.381807247813396e6
0.4895999999999908	20025.22692553622	1.5075989421171973e7	7.391425296428453e6
0.4902399999999908	20029.422445087126	1.50759480845351e7	7.401042987347956e6
0.49087999999999077	20033.62891182295	1.5075906588020904e7	7.41066054707915e6
0.49151999999999074	20037.821967148597	1.5075865414088676e7	7.420278200046582e6
0.4921599999999907	20042.040230145518	1.507582378153253e7	7.429895582029387e6
0.4927999999999907	20046.285040370298	1.507578207449949e7	7.439512882085684e6
0.49343999999999066	20050.512262243214	1.5075740519225953e7	7.449130189298276e6
0.49407999999999064	20054.764601742372	1.5075698583108218e7	7.458747262449281e6
0.4947199999999906	20059.05583256689	1.5075656311629634e7	7.46836413022035e6
0.4953599999999906	20063.310696447013	1.5075614315017445e7	7.477981056196755e6
0.49599999999999056	20067.60960955603	1.5075572034258237e7	7.487597804235159e6
0.49663999999999053	20071.911896550086	1.5075529841739196e7	7.4972145381734595e6
0.4972799999999905	20076.22901228366	1.5075487122922271e7	7.5068309583356995e6
0.4979199999999905	20080.533965715633	1.5075444852846703e7	7.516447535622793e6
0.49855999999999046	20084.890646335338	1.5075402002385264e7	7.526063789874752e6
0.49919999999999043	20089.24436307812	1.507535906408559e7	7.535679938368412e6
0.4998399999999904	20093.605978259693	1.5075316154759662e7	7.545296044761012e6
0.5004799999999904	20097.95077178922	1.5075273360681737e7	7.554912139923375e6
0.5011199999999904	20102.33076932809	1.5075230083326325e7	7.564527950130545e6
0.5017599999999903	20106.710526694333	1.5075186928872792e7	7.574143760883886e6
0.5023999999999903	20111.15226727278	1.5075143191322586e7	7.583759248688516e6
0.5030399999999903	20115.53633603688	1.5075100145267222e7	7.593374994012634e6
0.5036799999999902	20119.984240830818	1.5075056274885457e7	7.602990295112569e6
0.5043199999999902	20124.444916699827	1.5075012262047034e7	7.612605468851723e6
0.5049599999999902	20128.8944264673	1.5074968601116821e7	7.622220752716681e6
0.5055999999999902	20133.37652862958	1.5074924314921426e7	7.6318356749798795e6
0.5062399999999901	20137.830396469508	1.5074880314507985e7	7.641450665552935e6
0.5068799999999901	20142.33573079572	1.507483611051305e7	7.651065516292276e6
0.5075199999999901	20146.834218451615	1.5074791752953503e7	7.660680223374716e6
0.5081599999999901	20151.350518875053	1.5074747172300618e7	7.670294763315336e6
0.50879999999999	20155.87699498155	1.5074702483524866e7	7.6799091903972365e6
0.50943999999999	20160.434428247907	1.5074657833103992e7	7.689523589209469e6
0.51007999999999	20164.98054088278	1.5074613001895668e7	7.699137827273381e6
0.51071999999999	20169.537198102007	1.5074568096655898e7	7.708751969484236e6
0.5113599999999899	20174.108267284155	1.5074523016097676e7	7.718365965775281e6
0.5119999999999899	20178.72486341502	1.507447761452253e7	7.72797975636873e6
0.5126399999999899	20183.298098442476	1.507443253737609e7	7.737593628121584e6
0.5132799999999899	20187.92137664509	1.5074386989401527e7	7.747207219012303e6
0.5139199999999898	20192.580000396083	1.5074340629058184e7	7.756820345372021e6
0.5145599999999898	20197.21941878485	1.5074295226885945e7	7.766433890140933e6
0.5151999999999898	20201.860328648756	1.5074249726342607e7	7.776047320898887e6
0.5158399999999898	20206.542860445214	1.5074203536405506e7	7.785660352010575e6
0.5164799999999897	20211.206258251394	1.5074157485508446e7	7.795273380565237e6
0.5171199999999897	20215.904162931427	1.5074111176588008e7	7.804886227439231e6
0.5177599999999897	20220.598591605107	1.5074064927983673e7	7.814499038577487e6
0.5183999999999896	20225.33882249617	1.5074018294087593e7	7.824111606831766e6
0.5190399999999896	20230.06404289409	1.5073971555345226e7	7.833724047688301e6
0.5196799999999896	20234.82736550902	1.5073924579892753e7	7.84333631795871e6
0.5203199999999896	20239.577395986555	1.507387775382556e7	7.852948593355665e6
0.5209599999999895	20244.3486852172	1.5073830769794425e7	7.862560730626113e6
0.5215999999999895	20249.137433911284	1.5073783479115311e7	7.872172650054771e6
0.5222399999999895	20253.92411861592	1.5073736483837692e7	7.881784656106148e6
0.5228799999999895	20258.741749477715	1.507368900708778e7	7.89139635888941e6
0.5235199999999894	20263.572056020555	1.5073641460030273e7	7.901007963968142e6
0.5241599999999894	20268.41689906576	1.5073593532758262e7	7.910619309627662e6
0.5247999999999894	20273.285102883834	1.5073545389246205e7	7.920230485357138e6
0.5254399999999894	20278.165175315364	1.5073497416488098e7	7.929841688584943e6
0.5260799999999893	20283.028098034487	1.5073449687338648e7	7.939452944191176e6
0.5267199999999893	20287.912217653815	1.5073401421343409e7	7.949063859744211e6
0.5273599999999893	20292.837780781752	1.507335261456453e7	7.958674441665298e6
0.5279999999999893	20297.760113443106	1.5073304257314214e7	7.968285190635289e6
0.5286399999999892	20302.705562837244	1.5073255427388418e7	7.97789563242855e6
0.5292799999999892	20307.63905257909	1.5073206677099714e7	7.987506041910004e6
0.5299199999999892	20312.64236184363	1.507315756434596e7	7.997116223419503e6
0.5305599999999892	20317.604312947045	1.5073108421700105e7	8.006726300385714e6
0.5311999999999891	20322.59795896149	1.5073059389747756e7	8.016336381757005e6
0.5318399999999891	20327.60618764722	1.5073010037867004e7	8.025946230651832e6
0.5324799999999891	20332.653283329724	1.507296001721792e7	8.035555672031056e6
0.533119999999989	20337.676254439175	1.5072910397907497e7	8.045165245621952e6
0.533759999999989	20342.744787027757	1.5072860558689011e7	8.054774653135185e6
0.534399999999989	20347.803823730334	1.5072810697121732e7	8.064383974002017e6
0.535039999999989	20352.892472431704	1.5072760430210708e7	8.073993021463753e6
0.5356799999999889	20358.013315099233	1.5072709931661146e7	8.083601888934543e6
0.5363199999999889	20363.132023154143	1.5072659466036899e7	8.093210701881239e6
0.5369599999999889	20368.24586564039	1.5072608942985076e7	8.102819410590726e6
0.5375999999999889	20373.414587321924	1.5072558168868091e7	8.112427938488496e6
0.5382399999999888	20378.603226607574	1.50725066425797e7	8.122035999127848e6
0.5388799999999888	20383.801275558017	1.5072455576579249e7	8.131644239551042e6
0.5395199999999888	20388.95259592878	1.5072404645620842e7	8.141252459296561e6
0.5401599999999888	20394.166992569084	1.507235330452879e7	8.150860414723964e6
0.5407999999999887	20399.425401449877	1.5072301104407232e7	8.160467853407607e6
0.5414399999999887	20404.66372906662	1.5072249370052587e7	8.170075461520704e6
0.5420799999999887	20409.939098908733	1.5072197512667492e7	8.179682946978796e6
0.5427199999999887	20415.201768121955	1.5072145476276876e7	8.189290256349343e6
0.5433599999999886	20420.511185254807	1.507209310336043e7	8.198897330869387e6
0.5439999999999886	20425.849204268627	1.5072040435181862e7	8.208504183975907e6
0.5446399999999886	20431.174938353804	1.5071987881232817e7	8.218111019454398e6
0.5452799999999886	20436.487287140626	1.5071935579315998e7	8.227717912188464e6
0.5459199999999885	20441.882544947908	1.5071882037530785e7	8.237324091954644e6
0.5465599999999885	20447.271338114897	1.5071828769959172e7	8.246930343224267e6
0.5471999999999885	20452.699596836323	1.5071775296814471e7	8.256536424794153e6
0.5478399999999884	20458.102731479426	1.5071721922040118e7	8.26614247350135e6
0.5484799999999884	20463.528878453213	1.5071668163052639e7	8.275748246630136e6
0.5491199999999884	20468.976645734434	1.5071614315906053e7	8.285353905340186e6
0.5497599999999884	20474.455949195268	1.5071560420028167e7	8.294959475561076e6
0.5503999999999883	20479.978143921428	1.5071505896732265e7	8.304564643734771e6
0.5510399999999883	20485.446099458593	1.507145184861716e7	8.314169972542637e6
0.5516799999999883	20490.9953156904	1.5071397035138734e7	8.32377483936509e6
0.5523199999999883	20496.53902691228	1.5071342454959514e7	8.33337975531463e6
0.5529599999999882	20502.14255488283	1.5071286852984905e7	8.342984056034091e6
0.5535999999999882	20507.730350269972	1.5071231584279953e7	8.352588455885565e6
0.5542399999999882	20513.360015127542	1.507117592187168e7	8.362192578298326e6
0.5548799999999882	20518.960956271898	1.5071120464051213e7	8.371796722993415e6
0.5555199999999881	20524.60611482554	1.5071064721592685e7	8.381400651064907e6
0.5561599999999881	20530.27607551416	1.50710087740492e7	8.391004397508381e6
0.5567999999999881	20535.968895576498	1.5070952462348066e7	8.400607872449743e6
0.5574399999999881	20541.67371902966	1.507089617969351e7	8.410211289529266e6
0.558079999999988	20547.408235056588	1.5070839564875146e7	8.419814455012577e6
0.558719999999988	20553.159470101153	1.5070782364000026e7	8.429417220624879e6
0.559359999999988	20558.954914884038	1.5070725147811128e7	8.439019916573146e6
0.559999999999988	20564.74103421049	1.5070667870211193e7	8.44862249337314e6
0.5606399999999879	20570.549598155005	1.5070610532258192e7	8.458224965476498e6
0.5612799999999879	20576.39447737535	1.5070552388578074e7	8.467826920446035e6
0.5619199999999879	20582.226454733842	1.5070494724937342e7	8.477429057601899e6
0.5625599999999878	20588.117029632464	1.5070436539413124e7	8.487030845525507e6
0.5631999999999878	20594.020855070175	1.507037820487862e7	8.496632473296952e6
0.5638399999999878	20599.955773406407	1.5070319427160487e7	8.506233782520115e6
0.5644799999999878	20605.90264377038	1.5070260491066465e7	8.515834924716428e6
0.5651199999999877	20611.884521587897	1.5070201416293219e7	8.525435920716189e6
0.5657599999999877	20617.835353210212	1.5070142529227434e7	8.535036926159305e6
0.5663999999999877	20623.85943610322	1.5070082497210462e7	8.544637231871314e6
0.5670399999999877	20629.91590852282	1.5070022666558005e7	8.55423758123662e6
0.5676799999999876	20635.97348077659	1.5069962798667796e7	8.563837825602757e6
0.5683199999999876	20642.051881458512	1.5069902623528307e7	8.573437819959609e6
0.5689599999999876	20648.178572068467	1.506984176241825e7	8.583037360037006e6
0.5695999999999876	20654.286089185312	1.5069781257463627e7	8.59263700898388e6
0.5702399999999875	20660.45041710822	1.5069720362129426e7	8.602236374471754e6
0.5708799999999875	20666.655446368073	1.506965877912677e7	8.61183527901285e6
0.5715199999999875	20672.870734384553	1.506959704377784e7	8.621434014111992e6
0.5721599999999875	20679.08192077657	1.5069535420797752e7	8.631032724772438e6
0.5727999999999874	20685.35844153767	1.5069473477463566e7	8.640631193017168e6
0.5734399999999874	20691.62969872077	1.5069411043673657e7	8.65022929044832e6
0.5740799999999874	20697.92191443811	1.5069348686699498e7	8.659827352962056e6
0.5747199999999874	20704.286087786473	1.5069285632507294e7	8.669424957501816e6
0.5753599999999873	20710.628333576486	1.5069222475890351e7	8.679022404943652e6
0.5759999999999873	20717.029326424097	1.5069159354685307e7	8.68861980873295e6
0.5766399999999873	20723.429942964576	1.5069095796121072e7	8.698216871175718e6
0.5772799999999872	20729.862313236947	1.5069032033157002e7	8.707813739497734e6
0.5779199999999872	20736.341808024987	1.5068967647441024e7	8.717410177959256e6
0.5785599999999872	20742.83430443435	1.5068903145465868e7	8.7270064639298e6
0.5791999999999872	20749.363545794004	1.5068838591242526e7	8.736602644227548e6
0.5798399999999871	20755.932429921148	1.5068773386520844e7	8.746198373009808e6
0.5804799999999871	20762.490561203333	1.5068708202149915e7	8.755794017224025e6
0.5811199999999871	20769.114609607474	1.506864239432763e7	8.76538923491915e6
0.5817599999999871	20775.75752973184	1.5068576248454072e7	8.774984171129681e6
0.582399999999987	20782.40693986047	1.506851032026448e7	8.784579143659923e6
0.583039999999987	20789.10819488654	1.5068443723559564e7	8.794173655136913e6
0.583679999999987	20795.82302996965	1.5068376826876143e7	8.803767903354708e6
0.584319999999987	20802.58286971306	1.50683099962414e7	8.81336211465086e6
0.5849599999999869	20809.37346225461	1.5068242297365703e7	8.82295573662862e6
0.5855999999999869	20816.189177864173	1.5068174503871307e7	8.832549218262147e6
0.5862399999999869	20823.020766998514	1.5068106917263607e7	8.842142732248971e6
0.5868799999999869	20829.895765099132	1.5068038209031653e7	8.851735510654777e6
0.5875199999999868	20836.825040270985	1.5067969474309573e7	8.861328199138774e6
0.5881599999999868	20843.76843846549	1.506790035575797e7	8.870920570836106e6
0.5887999999999868	20850.715295996088	1.5067831227737864e7	8.88051284102157e6
0.5894399999999868	20857.71863841444	1.5067761671402741e7	8.89010478455562e6
0.5900799999999867	20864.74309390129	1.506769182173397e7	8.899696465657633e6
0.5907199999999867	20871.827720959576	1.5067621329026677e7	8.909287693132073e6
0.5913599999999867	20878.916628572213	1.5067550716367323e7	8.918878752121879e6
0.5919999999999866	20886.0451139671	1.5067479823627252e7	8.92846956199363e6
0.5926399999999866	20893.2340366656	1.5067408319956575e7	8.938059934556039e6
0.5932799999999866	20900.404808653395	1.50673368877742e7	8.94765024142225e6
0.5939199999999866	20907.635738501136	1.5067264862023933e7	8.957240119573742e6
0.5945599999999865	20914.94362851978	1.5067192130350556e7	8.966829507765772e6
0.5951999999999865	20922.215380678903	1.5067119718810089e7	8.97641896942166e6
0.5958399999999865	20929.574669684684	1.5067046598300444e7	8.986007942029634e6
0.5964799999999865	20936.926641622253	1.506697329684403e7	8.99559670073975e6
0.5971199999999864	20944.332928298023	1.5066899535868013e7	9.005185103707457e6
0.5977599999999864	20951.819744192933	1.5066824608517075e7	9.014772737960866e6
0.5983999999999864	20959.278606733715	1.5066750327523295e7	9.0243606422782e6
0.5990399999999864	20966.79145073952	1.5066675525212515e7	9.033948151323188e6
0.5996799999999863	20974.336154731838	1.50666001217782e7	9.043535207277207e6
0.6003199999999863	20981.950629694536	1.506652434239042e7	9.053121959251286e6
0.6009599999999863	20989.581596485856	1.5066448082158666e7	9.062708322094128e6
0.6015999999999863	20997.263688272044	1.506637153808966e7	9.07229442716794e6
0.6022399999999862	21004.95331783478	1.5066294949133849e7	9.081880400397863e6
0.6028799999999862	21012.678167570775	1.5066217993004529e7	9.091466058376268e6
0.6035199999999862	21020.506863339215	1.5066139863509044e7	9.101050940985946e6
0.6041599999999862	21028.304404444247	1.5066061906684427e7	9.11063580555771e6
0.6047999999999861	21036.19817099337	1.5065983092160173e7	9.12022007965544e6
0.6054399999999861	21044.094146828098	1.5065904329028917e7	9.12980427475363e6
0.6060799999999861	21052.02616739343	1.5065825441265292e7	9.13938829758972e6
0.606719999999986	21060.03742493167	1.5065745208891004e7	9.148971424656617e6
0.607359999999986	21068.01295065413	1.5065665582934739e7	9.158554793055978e6
0.607999999999986	21076.09418672783	1.5065584680265125e7	9.168137314522183e6
0.608639999999986	21084.20383115104	1.5065503692938961e7	9.177719681681518e6
0.6092799999999859	21092.346516961738	1.5065422353572216e7	9.187301733215377e6
0.6099199999999859	21100.574044977984	1.506534020196719e7	9.19688320790708e6
0.6105599999999859	21108.7980176283	1.5065258025998237e7	9.206464550653256e6
0.6111999999999859	21117.09555578645	1.5065175027655361e7	9.216045303654835e6
0.6118399999999858	21125.425149719907	1.5065091664535431e7	9.225625729055261e6
0.6124799999999858	21133.807361292293	1.5065007884517707e7	9.235205802137839e6
0.6131199999999858	21142.215353067735	1.5064923847785862e7	9.244785609830048e6
0.6137599999999858	21150.647653446136	1.5064839380230647e7	9.254365044159815e6
0.6143999999999857	21159.18989725796	1.5064754146193046e7	9.263943931045176e6
0.6150399999999857	21167.734831119193	1.5064668653037557e7	9.273522539564593e6
0.6156799999999857	21176.35125581699	1.506458217633351e7	9.283100449639434e6
0.6163199999999857	21184.99818690534	1.506449566213455e7	9.292678226590903e6
0.6169599999999856	21193.698864343143	1.5064408596697068e7	9.302255562231006e6
0.6175999999999856	21202.42270868599	1.5064321310663562e7	9.311832647909401e6
0.6182399999999856	21211.226147565147	1.506423332855891e7	9.321409210742138e6
0.6188799999999856	21220.05234418936	1.5064144821888005e7	9.330985333719248e6
0.6195199999999855	21228.977168216607	1.5064055277063604e7	9.34056072647919e6
0.6201599999999855	21237.89778750461	1.5063965993769588e7	9.350136153791536e6
0.6207999999999855	21246.896224105385	1.5063875986033391e7	9.359711035177492e6
0.6214399999999854	21255.93068071673	1.5063785270638382e7	9.36928536370379e6
0.6220799999999854	21265.0212288503	1.5063694134602102e7	9.378859324075863e6
0.6227199999999854	21274.192435257628	1.5063602337477552e7	9.388432774915775e6
0.6233599999999854	21283.36516199493	1.5063510452308152e7	9.398006042205203e6
0.6239999999999853	21292.62112127806	1.5063417415479848e7	9.407578492800806e6
0.6246399999999853	21301.928277830164	1.506332422447241e7	9.41715073537259e6
0.6252799999999853	21311.28640486746	1.5063230338114025e7	9.426722431057349e6
0.6259199999999853	21320.719415581476	1.5063135742378041e7	9.436293578588022e6
0.6265599999999852	21330.190721294886	1.5063040571445338e7	9.44586424686753e6
0.6271999999999852	21339.703519004906	1.506294526320133e7	9.455434710551538e6
0.6278399999999852	21349.291757519546	1.5062849166341042e7	9.465004573015817e6
0.6284799999999852	21358.921772221882	1.5062752357786547e7	9.474573868438281e6
0.6291199999999851	21368.606469781684	1.50626551478101e7	9.48414279535758e6
0.6297599999999851	21378.37273212793	1.5062557003622727e7	9.493711027321568e6
0.6303999999999851	21388.176574190424	1.506245859478735e7	9.503278968215542e6
0.6310399999999851	21398.039640356248	1.5062359471710278e7	9.512846341733534e6
0.631679999999985	21407.978405568505	1.5062259561683247e7	9.522413106530188e6
0.632319999999985	21417.94286418299	1.506215952269015e7	9.531979658619514e6
0.632959999999985	21428.0057057199	1.5062058420017073e7	9.541545432748007e6
0.633599999999985	21438.111340588217	1.5061956874846423e7	9.551110799897658e6
0.6342399999999849	21448.296670993375	1.5061854600805681e7	9.56067559100515e6
0.6348799999999849	21458.523128342833	1.5061751581786152e7	9.570239780208787e6
0.6355199999999849	21468.82323461698	1.5061647852761794e7	9.579803400079502e6
0.6361599999999848	21479.18468534934	1.5061543993395444e7	9.589366813394135e6
0.6367999999999848	21489.64340704798	1.5061438732610006e7	9.598929223411262e6
0.6374399999999848	21500.120962168985	1.5061333105466682e7	9.608491258604497e6
0.6380799999999848	21510.675379683857	1.506122716071563e7	9.618052970342616e6
0.6387199999999847	21521.296869813068	1.50611202220452e7	9.627613922357608e6
0.6393599999999847	21531.971125257704	1.5061013139965305e7	9.6371746512346e6
0.6399999999999847	21542.755141936508	1.506090436747977e7	9.646734187037919e6
0.6406399999999847	21553.563301780083	1.5060795565932669e7	9.656293559867002e6
0.6412799999999846	21564.512000784765	1.506068542471068e7	9.665851970903154e6
0.6419199999999846	21575.466377051376	1.5060574955570154e7	9.675410018479656e6
0.6425599999999846	21586.500784277847	1.5060464065791665e7	9.684967668955192e6
0.6431999999999846	21597.591293913083	1.5060352111285942e7	9.694524498552553e6
0.6438399999999845	21608.783768506783	1.5060239399323111e7	9.70408071928695e6
0.6444799999999845	21620.067791877296	1.5060125909664078e7	9.71363631276144e6
0.6451199999999845	21631.391437132443	1.5060011585005773e7	9.723191221911902e6
0.6457599999999845	21642.78262583681	1.5059896927617293e7	9.732745779295284e6
0.6463999999999844	21654.29623861118	1.5059781043224316e7	9.742299425489936e6
0.6470399999999844	21665.84324553407	1.505966457033802e7	9.751852539623221e6
0.6476799999999844	21677.450058859973	1.5059547417725125e7	9.761405070716713e6
0.6483199999999844	21689.18409590352	1.5059429063728316e7	9.770956702858955e6
0.6489599999999843	21700.999839502823	1.5059309971842611e7	9.780507718310405e6
0.6495999999999843	21712.86450994913	1.5059190319275029e7	9.790058219125109e6
0.6502399999999843	21724.812232631317	1.5059069889797978e7	9.799608075468486e6
0.6508799999999842	21736.84736633454	1.5058948576709453e7	9.809157217760947e6
0.6515199999999842	21748.95931358073	1.5058826215902494e7	9.818705533526152e6
0.6521599999999842	21761.192785743475	1.5058702860267786e7	9.828253070650596e6
0.6527999999999842	21773.446779212263	1.5058579297102652e7	9.837800305870118e6
0.6534399999999841	21785.8220965788	1.5058454360994522e7	9.847346512153812e6
0.6540799999999841	21798.30167825021	1.5058328249747938e7	9.856891810111431e6
0.6547199999999841	21810.85813401174	1.5058201626888702e7	9.866436622252842e6
0.6553599999999841	21823.4836596417	1.5058074050289365e7	9.875980655005857e6
0.655999999999984	21836.22955545212	1.5057945281018257e7	9.885523767314812e6
0.656639999999984	21849.030363138576	1.5057816190187773e7	9.895066506190145e6
0.657279999999984	21861.930042342887	1.5057685779903892e7	9.904608230079101e6
0.657919999999984	21874.92123267905	1.505755459158908e7	9.914149289953321e6
0.6585599999999839	21888.008359218395	1.5057422371506741e7	9.92368951855341e6
0.6591999999999839	21901.213626587352	1.5057289129207984e7	9.933228927577602e6
0.6598399999999839	21914.48025332953	1.505715492317502e7	9.942767534110535e6
0.6604799999999839	21927.88388558917	1.5057019330011629e7	9.952305082222672e6
0.6611199999999838	21941.344055504687	1.5056883516958337e7	9.961842313404782e6
0.6617599999999838	21954.913619030634	1.5056746229941698e7	9.971378415108476e6
0.6623999999999838	21968.60090952179	1.5056608033589523e7	9.980913761116512e6
0.6630399999999838	21982.390431271386	1.5056468562365577e7	9.990448101870349e6
0.6636799999999837	21996.263047704928	1.5056328254329164e7	9.99998171902114e6
0.6643199999999837	22010.245523244186	1.5056186709491111e7	1.0009514354066132e7
0.6649599999999837	22024.35282317495	1.5056044188704306e7	1.0019046182890447e7
0.6655999999999836	22038.527347019837	1.505590074392765e7	1.0028577218702842e7
0.6662399999999836	22052.85497776685	1.5055756090944687e7	1.0038107298908122e7
0.6668799999999836	22067.271369442416	1.5055610210774865e7	1.0047636386799883e7
0.6675199999999836	22081.78685466065	1.5055463227801356e7	1.0057164566315152e7
0.6681599999999835	22096.431900463554	1.5055314909652077e7	1.0066691689994734e7
0.6687999999999835	22111.180475871748	1.505516592722884e7	1.0076218195104009e7
0.6694399999999835	22126.05053610784	1.5055015284424577e7	1.0085743419270156e7
0.6700799999999835	22141.0534794016	1.5054863438791284e7	1.0095267669428939e7
0.6707199999999834	22156.121331674312	1.505471109334862e7	1.0104791392162632e7
0.6713599999999834	22171.360716967465	1.5054556850542901e7	1.0114313683166256e7
0.6719999999999834	22186.722285653766	1.5054401117420522e7	1.0123834795816036e7
0.6726399999999834	22202.165920111423	1.5054244758219052e7	1.013335529520382e7
0.6732799999999833	22217.769470853418	1.5054087001691135e7	1.0142874686139874e7
0.6739199999999833	22233.49254475489	1.5053927872190699e7	1.01523929688755e7
0.6745599999999833	22249.308589999277	1.505376762164756e7	1.0161910301845854e7
0.6751999999999833	22265.2936354245	1.5053605663835868e7	1.0171426311594512e7
0.6758399999999832	22281.39060997314	1.5053442580420509e7	1.0180941369131275e7
0.6764799999999832	22297.588762024963	1.5053278695513781e7	1.0190455687857201e7
0.6771199999999832	22313.971657913862	1.5053112626294816e7	1.01999683566854e7
0.6777599999999832	22330.477746150376	1.5052945552751463e7	1.0209480150981499e7
0.6783999999999831	22347.118413657307	1.5052777150428738e7	1.0218990852132434e7
0.6790399999999831	22363.898867054748	1.505260713399313e7	1.0228500265246812e7
0.6796799999999831	22380.82495873701	1.5052435473174205e7	1.0238008368257571e7
0.680319999999983	22397.885239923657	1.505226260723993e7	1.0247515452910712e7
0.680959999999983	22415.113341056294	1.5052088259726737e7	1.0257021339103594e7
0.681599999999983	22432.4608347803	1.505191230983307e7	1.026652592591176e7
0.682239999999983	22449.95229997124	1.5051735085003426e7	1.027602944123532e7
0.682879999999983	22467.60394383125	1.5051556138559576e7	1.0285531582461976e7
0.6835199999999829	22485.427796179545	1.5051375662668042e7	1.0295032481135538e7
0.6841599999999829	22503.411710631437	1.5051193426177021e7	1.03045319720077e7
0.6847999999999829	22521.53489281647	1.5051009721836744e7	1.0314030245311761e7
0.6854399999999828	22539.819678787146	1.505082460216093e7	1.0323527340983089e7
0.6860799999999828	22558.255070703693	1.5050637728616219e7	1.0333023020280553e7
0.6867199999999828	22576.883614665534	1.505044880649458e7	1.0342517090494502e7
0.6873599999999828	22595.65603508621	1.505025854930644e7	1.0352010022353824e7
0.6879999999999827	22614.6051357115	1.5050066527895106e7	1.0361501527993916e7
0.6886399999999827	22633.724863644777	1.5049872854406575e7	1.0370991679031828e7
0.6892799999999827	22653.03401829384	1.5049677245962664e7	1.038048028282705e7
0.6899199999999827	22672.49610114115	1.504947974717655e7	1.0389967354762826e7
0.6905599999999826	22692.183218226026	1.5049280226451544e7	1.0399452822353166e7
0.6911999999999826	22712.022890033822	1.504907935257184e7	1.0408937121165836e7
0.6918399999999826	22732.03635385694	1.5048876433209967e7	1.0418419775874525e7
0.6924799999999826	22752.253491079613	1.5048671541567247e7	1.0427900842097802e7
0.6931199999999825	22772.652736275544	1.5048464813655263e7	1.043738040331218e7
0.6937599999999825	22793.261932453446	1.5048255955153173e7	1.0446858259980995e7
0.6943999999999825	22814.040067190414	1.5048045311070338e7	1.0456334634651512e7
0.6950399999999824	22835.046449718782	1.5047832454605008e7	1.0465809245013708e7
0.6956799999999824	22856.26298289818	1.5047617415438179e7	1.0475282101522723e7
0.6963199999999824	22877.665706978212	1.5047400735017145e7	1.048475356932877e7
0.6969599999999824	22899.27886481363	1.5047181641035818e7	1.0494223114003252e7
0.6975999999999823	22921.033633479718	1.5046961081429277e7	1.0503691370975563e7
0.6982399999999823	22943.016181637813	1.504673851553232e7	1.0513157985647993e7
0.6988799999999823	22965.209723431708	1.5046513753223922e7	1.0522622815804787e7
0.6995199999999823	22987.59253835096	1.5046286832825715e7	1.0532085877103902e7
0.7001599999999822	23010.128431906876	1.5046058517676199e7	1.0541547688644923e7
0.7007999999999822	23032.946057617188	1.5045827285302669e7	1.0551007219000282e7
0.7014399999999822	23055.915529412196	1.5045594759787112e7	1.0560465562445266e7
0.7020799999999822	23079.158197855915	1.5045359074482068e7	1.0569921441822408e7
0.7027199999999821	23102.594329470707	1.5045121952628318e7	1.057937603779297e7
0.7033599999999821	23126.24641919198	1.5044882465218406e7	1.058882870047354e7
0.7039999999999821	23150.132599453023	1.504464056606122e7	1.0598279397756267e7
0.7046399999999821	23174.2899939012	1.5044395667994004e7	1.0607727721787624e7
0.705279999999982	23198.652807666145	1.5044149134892305e7	1.061717460881205e7
0.705919999999982	23223.290127191995	1.5043899858789608e7	1.0626619293477096e7
0.706559999999982	23248.190412006257	1.5043647695039451e7	1.0636061664401302e7
0.707199999999982	23273.304877548962	1.5043393646087727e7	1.0645502410181114e7
0.7078399999999819	23298.702072008502	1.5043136649640944e7	1.0654940794878932e7
0.7084799999999819	23324.37577017615	1.5042877112147892e7	1.0664377098438788e7
0.7091199999999819	23350.29626669533	1.5042614477434117e7	1.0673810912415866e7
0.7097599999999818	23376.50365511695	1.5042349567727106e7	1.0683242825610578e7
0.7103999999999818	23402.994762880277	1.5042081279749792e7	1.069267204841731e7
0.7110399999999818	23429.75227271722	1.5041811050153855e7	1.0702099590317847e7
0.7116799999999818	23456.780378660955	1.5041537720483426e7	1.0711524623832146e7
0.7123199999999817	23484.090818713714	1.5041261816645265e7	1.072094752047921e7
0.7129599999999817	23511.680297843952	1.5040982828978844e7	1.0730367910461176e7
0.7135999999999817	23539.654105055324	1.5040700168476019e7	1.07397853971599e7
0.7142399999999817	23567.822465702626	1.5040415760545237e7	1.0749201293759353e7
0.7148799999999816	23596.329550385275	1.5040127558281891e7	1.0758614174345689e7
0.7155199999999816	23625.197684106046	1.5039836524329768e7	1.0768024726125333e7
0.7161599999999816	23654.32433323302	1.5039542384457204e7	1.0777432717471339e7
0.7167999999999816	23683.78814754136	1.5039244734759612e7	1.0786837874678798e7
0.7174399999999815	23713.55264447806	1.5038944643492814e7	1.079624094646243e7
0.7180799999999815	23743.65009830744	1.5038641100037571e7	1.0805641210950416e7
0.7187199999999815	23774.095414074163	1.5038334027637701e7	1.0815038609901562e7
0.7193599999999815	23804.856932502607	1.5038023875435503e7	1.0824433450082542e7
0.7199999999999814	23835.98705276232	1.503770999894233e7	1.0833825275612973e7
0.7206399999999814	23867.419391368472	1.5037393080030214e7	1.0843214551473867e7
0.7212799999999814	23899.241937860388	1.5037072614416467e7	1.085260093203895e7
0.7219199999999814	23931.412932568128	1.5036749086938111e7	1.086198474815037e7
0.7225599999999813	23963.91552955424	1.5036421500106962e7	1.0871365267841525e7
0.7231999999999813	23996.837662511665	1.5036090306681283e7	1.0880742834456606e7
0.7238399999999813	24030.05404386763	1.503575607644375e7	1.0890117818097519e7
0.7244799999999813	24063.687636362996	1.5035417793755097e7	1.0899489510436982e7
0.7251199999999812	24097.73165461337	1.50350760181063e7	1.0908858306726178e7
0.7257599999999812	24132.140556335456	1.5034730322978672e7	1.0918223877430888e7
0.7263999999999812	24166.863504811503	1.503438172002757e7	1.092758693528266e7
0.7270399999999811	24202.109171525026	1.5034028165204013e7	1.0936946044949101e7
0.7276799999999811	24237.76094939112	1.5033669912141142e7	1.0946301348728321e7
0.7283199999999811	24273.725593215066	1.5033309528367711e7	1.0955654681469653e7
0.7289599999999811	24310.181892784796	1.5032943467225393e7	1.0965003501568558e7
0.729599999999981	24347.064435674347	1.5032574826550234e7	1.0974350039674172e7
0.730239999999981	24384.293320495064	1.503220170352718e7	1.098369287894954e7
0.730879999999981	24421.997054921994	1.5031825190833379e7	1.0993032843323434e7
0.731519999999981	24460.28796488273	1.5031441380347034e7	1.100236709666399e7
0.7321599999999809	24498.87309058306	1.503105617728858e7	1.1011699868931903e7
0.7327999999999809	24537.927822471385	1.5030666314892149e7	1.1021028809866844e7
0.7334399999999809	24577.554246113825	1.5030270584759787e7	1.1030353050545774e7
0.7340799999999809	24617.637025160726	1.5029869952599866e7	1.1039673256841952e7
0.7347199999999808	24658.16320103215	1.5029466842166815e7	1.1048991195810484e7
0.7353599999999808	24699.116889483972	1.502905836336163e7	1.1058304732374953e7
0.7359999999999808	24740.788230393955	1.502864379577827e7	1.1067613401785344e7
0.7366399999999808	24782.89491469229	1.5028225257464774e7	1.1076918676863296e7
0.7372799999999807	24825.531613361516	1.5027801681714084e7	1.1086219787559332e7
0.7379199999999807	24868.819988074185	1.5027371512134582e7	1.1095515606576536e7
0.7385599999999807	24912.641898919464	1.5026936916626025e7	1.110480769024108e7
0.7391999999999807	24957.08212949144	1.50264970854723e7	1.1114095452600205e7
0.7398399999999806	25001.977002033924	1.5026052277673643e7	1.1123379031450627e7
0.7404799999999806	25047.737064348996	1.5025599564081628e7	1.1132656353933811e7
0.7411199999999806	25094.079062543853	1.5025141862240728e7	1.1141929492131269e7
0.7417599999999805	25140.872598664722	1.5024680303206908e7	1.1151199240646344e7
0.7423999999999805	25188.76447106517	1.502420832883289e7	1.1160460889052993e7
0.7430399999999805	25237.09636431695	1.5023732003279453e7	1.1169718751998248e7
0.7436799999999805	25286.374755297613	1.502324833899867e7	1.1178970728323517e7
0.7443199999999804	25336.369891351416	1.502275595720498e7	1.1188215717120338e7
0.7449599999999804	25387.288706073086	1.5022256768361766e7	1.1197455176270084e7
0.7455999999999804	25438.99887073502	1.5021751041004935e7	1.12066892574857e7
0.7462399999999804	25491.49928607741	1.502123697917311e7	1.1215916606196683e7
0.7468799999999803	25545.141286819126	1.5020713708846284e7	1.1225136641025338e7
0.7475199999999803	25599.601343404192	1.5020182783762313e7	1.1234350421864893e7
0.7481599999999803	25655.33547941929	1.5019640574090695e7	1.1243555331598537e7
0.7487999999999803	25711.97077267933	1.5019089631303329e7	1.1252753162977733e7
0.7494399999999802	25769.799299609742	1.5018529654447613e7	1.1261943745141434e7
0.7500799999999802	25828.943853905523	1.5017957064837512e7	1.1271124404840993e7
0.7507199999999802	25889.233254078095	1.5017374614313448e7	1.1280297138522672e7
0.7513599999999802	25950.89911874358	1.5016781520945111e7	1.1289461395133905e7
0.7519999999999801	26013.660750045317	1.5016177402870612e7	1.1298616794824412e7
0.7526399999999801	26077.923982865883	1.5015561665900392e7	1.1307762967499373e7
0.7532799999999801	26143.551541287536	1.5014935024991045e7	1.1316900392661223e7
0.75391999999998	26210.562913440735	1.5014297124516498e7	1.1326028783436919e7
0.75455999999998	26279.383341401368	1.5013643126690842e7	1.1335144569522856e7
0.75519999999998	26349.86546564854	1.5012976082553022e7	1.1344249984609732e7
0.75583999999998	26422.295281352806	1.501229289478724e7	1.1353342729211584e7
0.75647999999998	26496.357788276397	1.50115963561334e7	1.1362424804536095e7
0.7571199999999799	26572.790293962207	1.501088004600671e7	1.1371491499738896e7
0.7577599999999799	26651.435395592172	1.5010145937855583e7	1.1380544229579372e7
0.7583999999999799	26732.479402389617	1.5009391103298755e7	1.1389580779765092e7
0.7590399999999798	26816.04614364647	1.5008616859260008e7	1.1398602135331187e7
0.7596799999999798	26902.633521159292	1.5007817926790893e7	1.140760436351201e7
0.7603199999999798	26992.167850613754	1.500699489352414e7	1.1416587840234406e7
0.7609599999999798	27084.689641568184	1.5006148766392922e7	1.1425553289485976e7
0.7615999999999797	27181.3738771012	1.5005268833164275e7	1.1434492782869909e7
0.7622399999999797	27281.60885699029	1.5004359205274912e7	1.1443409235950284e7
0.7628799999999797	27385.992958029925	1.5003418958194273e7	1.1452302021477152e7
0.7635199999999797	27495.66250602135	1.5002435699556163e7	1.146116187959424e7
0.7641599999999796	27610.267226769174	1.5001413581782848e7	1.1469991808077637e7
0.7647999999999796	27730.499194834825	1.500034733921215e7	1.1478787858439771e7
0.7654399999999796	27857.93935936341	1.4999224534404501e7	1.1487540785870409e7
0.7660799999999796	27992.282697263625	1.4998048634332042e7	1.1496253052557329e7
0.7667199999999795	28134.78719926316	1.499680841827886e7	1.1504916233620305e7
0.7673599999999795	28286.672313506035	1.4995497343380582e7	1.151352545286323e7
0.7679999999999795	28449.209775378353	1.4994103374578495e7	1.1522071608343866e7
0.7686399999999795	28624.309808807557	1.4992614138717156e7	1.1530545451900613e7
0.7692799999999794	28813.321004008903	1.4991019564778512e7	1.1538939340214552e7
0.7699199999999794	29019.25045766486	1.4989295178912489e7	1.1547234893293295e7
0.7705599999999794	29243.041633647048	1.4987438478650216e7	1.1555430117580825e7
0.7711999999999793	29487.29382394316	1.4985427286342572e7	1.1563508216054002e7
0.7718399999999793	29755.993748440145	1.4983235759427309e7	1.1571449816089708e7
0.7724799999999793	30053.73937524699	1.4980828629183426e7	1.157922832625396e7
0.7731199999999793	30386.902829201495	1.4978159539588885e7	1.158680888376054e7
0.7737599999999792	30763.50786855958	1.497516837103401e7	1.1594146214791149e7
0.7743999999999792	31192.328581313643	1.4971793945915857e7	1.1601194221044874e7
0.7750399999999792	31688.091553382674	1.4967926989686806e7	1.1607870687162401e7
0.7756799999999792	32268.523352114506	1.4963437974862326e7	1.1614078043499244e7
0.7763199999999791	32958.214661549624	1.495814850184082e7	1.1619681938404249e7
0.7769599999999791	33771.35314406293	1.4951958982425384e7	1.1624606413590167e7
0.7775999999999791	34722.65075012881	1.4944776683804754e7	1.1628780666853093e7
0.7782399999999791	35845.53459461547	1.4936357561287355e7	1.1632020014247661e7
0.778879999999979	37161.46245649203	1.4926549280614626e7	1.1634207846263187e7
0.779519999999979	38682.59105422695	1.4915266170066427e7	1.1635277022565505e7
0.780159999999979	40495.78991236729	1.4902087483338248e7	1.1634915165455189e7
0.780799999999979	42552.19473539948	1.488722560428875e7	1.1633273192914343e7
0.7814399999999789	44777.52160478278	1.48711506114303e7	1.1630698508917723e7
0.7820799999999789	46991.348120981755	1.485515671076486e7	1.1628161314937195e7
0.7827199999999789	49019.24012493641	1.4840438594112534e7	1.1626558996877795e7
0.7833599999999789	50848.11464549944	1.4827103454987401e7	1.1625975498055419e7
0.7839999999999788	52505.09648873959	1.4814972048156332e7	1.162627918659582e7
0.7846399999999788	53990.207341553745	1.4804028641280249e7	1.16274603641469e7
0.7852799999999788	55333.769480298346	1.4794064127724944e7	1.162936394520234e7
0.7859199999999787	56579.03303342073	1.4784769751768826e7	1.1631758682701636e7
0.7865599999999787	57715.63627904194	1.4776241577346047e7	1.1634719400484392e7
0.7871999999999787	58736.851334082436	1.4768552126201188e7	1.1638303435709154e7
0.7878399999999787	59683.510427111985	1.476141794799805e7	1.1642297969722686e7
0.7884799999999786	60575.99665687241	1.4754675264879307e7	1.1646579387664583e7
0.7891199999999786	61422.39650316455	1.4748261602884293e7	1.1651100951042326e7
0.7897599999999786	62220.02905641815	1.4742194388139779e7	1.1655876578885779e7
0.7903999999999786	62973.755534343574	1.4736428172071848e7	1.1660872126365272e7
0.7910399999999785	63699.46410531899	1.4730854684213946e7	1.1666005929419732e7
0.7916799999999785	64404.3254145078	1.4725424935120128e7	1.1671241121705938e7
0.7923199999999785	65095.997850665924	1.472007313821812e7	1.167652748570629e7
0.7929599999999785	65782.89823186565	1.4714737690895822e7	1.1681818090622362e7
0.7935999999999784	66470.11686005695	1.4709377795231005e7	1.1687081650414925e7
0.7942399999999784	67158.68958461845	1.470399683447107e7	1.1692321017778916e7
0.7948799999999784	67851.52400916562	1.4698560484400086e7	1.1697509462444384e7
0.7955199999999784	68542.73826568483	1.4693120116536617e7	1.170268653422746e7
0.7961599999999783	69236.48535037725	1.468764009430448e7	1.170782470265496e7
0.7967999999999783	69913.61260709158	1.4682256685626606e7	1.1713028573188724e7
0.7974399999999783	70581.79143481076	1.467691126873929e7	1.171825316981618e7
0.7980799999999783	71237.40830937351	1.4671630355932392e7	1.1723519011948036e7
0.7987199999999782	71877.97845067189	1.4666441620441448e7	1.1728847850581227e7
0.7993599999999782	72509.17758775555	1.4661285413544841e7	1.1734193349562092e7
0.7999999999999782	73132.95512839255	1.4656160989533996e7	1.1739555382652557e7
0.8006399999999781	73748.78072631563	1.4651061852909459e7	1.1744928718838708e7
0.8012799999999781	74354.95332092869	1.4646006340436053e7	1.1750327776788216e7
0.8019199999999781	74956.35271343928	1.4640959512983106e7	1.1755725606996572e7
0.8025599999999781	75547.31272221875	1.4635977142785564e7	1.1761165877137538e7
0.803199999999978	76132.56076287151	1.4631014339497706e7	1.1766613605442371e7
0.803839999999978	76714.86419014915	1.4626056681104565e7	1.1772057790298315e7
0.804479999999978	77297.2601981301	1.4621071913492583e7	1.1777473093280131e7
0.805119999999978	77880.86786396313	1.4616056695183998e7	1.1782856989955548e7
0.8057599999999779	78465.19802693419	1.4611013496539166e7	1.178821131503583e7
0.8063999999999779	79048.472713266	1.4605970080218416e7	1.1793558057005098e7
0.8070399999999779	79625.41060504029	1.4600973124191487e7	1.1798933869377526e7
0.8076799999999779	80195.56041618263	1.4596001637145577e7	1.1804321812468657e7
0.8083199999999778	80762.17133360721	1.4591032902100682e7	1.1809704208426928e7
0.8089599999999778	81328.60757480004	1.458603894268302e7	1.1815059080263624e7
0.8095999999999778	81894.88775601867	1.4581017507841943e7	1.182038456097726e7
0.8102399999999778	82459.0448445298	1.4575992743723407e7	1.182569978902383e7
0.8108799999999777	83023.20096242247	1.457094164757189e7	1.1830986510948785e7
0.8115199999999777	83577.95015648312	1.4565958964911763e7	1.1836319791250363e7
0.8121599999999777	84123.30790563657	1.4561040706061078e7	1.1841696541991236e7
0.8127999999999777	84662.83228251242	1.4556173023484595e7	1.1847106315691242e7
0.8134399999999776	85194.94162946353	1.4551354289718702e7	1.1852547601738852e7
0.8140799999999776	85721.64723672683	1.4546577202103494e7	1.1858014937342342e7
0.8147199999999776	86242.83857486691	1.4541847230775978e7	1.1863512848988632e7
0.8153599999999775	86763.77807617397	1.4537116934646055e7	1.1869003727816667e7
0.8159999999999775	87285.65376865552	1.4532381987577574e7	1.1874484262156408e7
0.8166399999999775	87811.44615993266	1.4527642066471161e7	1.187995472393057e7
0.8172799999999775	88350.31909624541	1.4522811081337985e7	1.188534641086085e7
0.8179199999999774	88893.30404489103	1.451792408742062e7	1.1890686162383242e7
0.8185599999999774	89445.28857274044	1.4512942145352898e7	1.189594287565838e7
0.8191999999999774	90010.49163716288	1.4507820730029812e7	1.1901080638928095e7
0.8198399999999774	90592.8979065517	1.4502543476174932e7	1.1906086459993774e7
0.8204799999999773	91199.29930314224	1.4497043073677003e7	1.1910905999301082e7
0.8211199999999773	91826.68326593899	1.4491362876498893e7	1.1915573842253055e7
0.8217599999999773	92483.68048598258	1.4485431761342825e7	1.1920032695410576e7
0.8223999999999773	93175.2319858525	1.4479204496926017e7	1.1924245699472316e7
0.8230399999999772	93900.82320070828	1.4472701531132625e7	1.1928228957856666e7
0.8236799999999772	94665.61468321318	1.4465869456417432e7	1.1931938795042528e7
0.8243199999999772	95472.43254609991	1.4458684842452018e7	1.1935355686279418e7
0.8249599999999772	96312.8524029272	1.4451217863849461e7	1.1938535290645532e7
0.8255999999999771	97199.91902427674	1.444335051654755e7	1.1941381852339162e7
0.8262399999999771	98148.37012309564	1.4435010122851253e7	1.194383702469688e7
0.8268799999999771	99107.08883730709	1.4426556118498575e7	1.1946188142483287e7
0.827519999999977	100062.63790171518	1.4418046271901274e7	1.1948480454708703e7
0.828159999999977	101007.80929442382	1.4409567082081776e7	1.1950784256645668e7
0.828799999999977	101954.69275663662	1.4401006739137914e7	1.195300902879711e7
0.829439999999977	102907.52256173127	1.4392355410832247e7	1.1955147179008497e7
0.830079999999977	103880.78786437234	1.4383482453007791e7	1.1957092538066292e7
0.8307199999999769	104905.739889485	1.4374121280976433e7	1.1958628474180905e7
0.8313599999999769	105960.34812269335	1.4364443444532292e7	1.1959892855153449e7
0.8319999999999769	107068.53587270623	1.4354226519448506e7	1.1960703978207443e7
0.8326399999999768	108220.6397432709	1.4343539069530519e7	1.1961116177120995e7
0.8332799999999768	109374.70007735274	1.4332707851370102e7	1.1961393748386243e7
0.8339199999999768	110535.78788867887	1.4321687560624892e7	1.1961499474208532e7
0.8345599999999768	111717.79808512406	1.431036306271015e7	1.1961339190130256e7
0.8351999999999767	112937.0139525213	1.4298569502682257e7	1.1960777268539267e7
0.8358399999999767	114188.9971430673	1.4286369162385682e7	1.1959864066459125e7
0.8364799999999767	115490.17747023176	1.4273606252017424e7	1.1958471111507136e7
0.8371199999999767	116829.67798983508	1.4260402584575832e7	1.1956697429550774e7
0.8377599999999766	118173.29730261376	1.4247079343270749e7	1.195480562637255e7
0.8383999999999766	119540.33562220531	1.4233445029118579e7	1.1952638030649234e7
0.8390399999999766	120905.7147919488	1.421971096425283e7	1.1950367271299277e7
0.8396799999999766	122284.1527411431	1.4205684026911788e7	1.194783335908442e7
0.8403199999999765	123688.06382746575	1.4191253159669908e7	1.1944944365165455e7
0.8409599999999765	125142.73088672513	1.4176150905153522e7	1.19414785651178e7
0.8415999999999765	126651.06562797466	1.4160320876812251e7	1.1937387578720331e7
0.8422399999999765	128203.03684399676	1.4143875313020334e7	1.1932762854730425e7
0.8428799999999764	129840.23215656565	1.4126356256596057e7	1.1927223658835793e7
0.8435199999999764	131520.92968207423	1.4108322185381819e7	1.1921232324889593e7
0.8441599999999764	133233.63889997022	1.408994663765857e7	1.19149324839317e7
0.8447999999999763	134931.01663095318	1.4071732082677774e7	1.1908740557226978e7
0.8454399999999763	136583.7299193017	1.4054017164347157e7	1.1902938652721658e7
0.8460799999999763	138205.2565118741	1.4036653530958584e7	1.1897404372555418e7
0.8467199999999763	139816.92574838293	1.401942172565053e7	1.18919559019212e7
0.8473599999999762	141373.6775116017	1.4002720867087029e7	1.1886924832069905e7
0.8479999999999762	142898.70315549365	1.3986302015549902e7	1.1882104712065622e7
0.8486399999999762	144389.8836561821	1.3970185698180633e7	1.1877513243693883e7
0.8492799999999762	145819.47092354798	1.3954615899612363e7	1.1873354101880057e7
0.8499199999999761	147214.78959217737	1.3939301709576525e7	1.1869385304624945e7
0.8505599999999761	148615.25669607447	1.3923823018511264e7	1.1865255970585274e7
0.8511999999999761	150063.4117850671	1.390771204421485e7	1.186057392770897e7
0.8518399999999761	151577.53425690628	1.3890779063395675e7	1.1855178964838147e7
0.852479999999976	153152.14473769165	1.3873133175920818e7	1.1849161574200355e7
0.853119999999976	154787.73069718428	1.385473083591011e7	1.1842483192616107e7
0.853759999999976	156501.6161770948	1.3835355807089888e7	1.1834960170210471e7
0.854399999999976	158186.74047876193	1.3816188642885773e7	1.1827583565894984e7
0.8550399999999759	159851.09913939208	1.3797156719881516e7	1.1820292897098409e7
0.8556799999999759	161492.64107147668	1.377828768695444e7	1.1813111825932283e7
0.8563199999999759	163089.06179092726	1.3759847674338894e7	1.1806265396887673e7
0.8569599999999759	164668.20486791062	1.374172660124153e7	1.1799664168223921e7
0.8575999999999758	166319.78880523238	1.372293905489979e7	1.1792476471407598e7
0.8582399999999758	168048.4536334036	1.3703285741411183e7	1.1784530503495479e7
0.8588799999999758	169862.7973556858	1.3682605756045302e7	1.1775687469714697e7
0.8595199999999757	171892.11377598747	1.3659423638481805e7	1.1764695209890805e7
0.8601599999999757	174052.36219644218	1.36346955124771e7	1.1752359174341526e7
0.8607999999999757	176347.06427262322	1.3608388866717864e7	1.1738648647817161e7
0.8614399999999757	178363.45324537274	1.3585043399443679e7	1.1727413826098116e7
0.8620799999999756	180158.60455989907	1.356406887027846e7	1.171815996643023e7
0.8627199999999756	181687.66660223223	1.3546106699959222e7	1.171143925505965e7
0.8633599999999756	183039.83934741028	1.3530160098123452e7	1.1706409585963968e7
0.8639999999999756	184290.95259940252	1.3515313044488674e7	1.1702294039991407e7
0.8646399999999755	185487.46598635617	1.3501056947598705e7	1.1698661462567331e7
0.8652799999999755	186672.21617809424	1.3486857277589114e7	1.1695056346115496e7
0.8659199999999755	187849.57879673294	1.3472673761899943e7	1.1691444535429137e7
0.8665599999999755	189044.45292322515	1.3458201108924584e7	1.1687564844747437e7
0.8671999999999754	190287.58884683577	1.3443068704355089e7	1.1683099372215267e7
0.8678399999999754	191593.94725130755	1.3427083225122964e7	1.167788096215912e7
0.8684799999999754	192928.48967389273	1.3410622155481609e7	1.1672231084554251e7
0.8691199999999754	194285.9095994769	1.3393729854801955e7	1.166618663125353e7
0.8697599999999753	195655.4839655695	1.3376502586199522e7	1.1659829059604248e7
0.8703999999999753	197031.0050441975	1.33590347437866e7	1.165323905924526e7
0.8710399999999753	198408.37987643655	1.3341395109409021e7	1.1646475540768173e7
0.8716799999999753	199805.6061302691	1.3323349324572794e7	1.1639336194621926e7
0.8723199999999752	201231.86708543354	1.3304788683390103e7	1.1631726549083998e7
0.8729599999999752	202685.5460028452	1.3285732862761922e7	1.1623662531640524e7
0.8735999999999752	204085.11943884526	1.3267246834944863e7	1.1616063194104578e7
0.8742399999999751	205458.08381563178	1.3248978017817238e7	1.1608624950916873e7
0.8748799999999751	206810.60029100775	1.3230829573147709e7	1.1601264319263553e7
0.8755199999999751	208145.3561546292	1.3212800632340105e7	1.1593981143560214e7
0.8761599999999751	209446.33430217195	1.3195091802447654e7	1.1586949467672193e7
0.876799999999975	210708.11760395812	1.3177760488238737e7	1.1580219636176208e7
0.877439999999975	211954.02345273635	1.3160515608573012e7	1.1573539900700347e7
0.878079999999975	213195.8426739276	1.3143199190246623e7	1.1566773182110237e7
0.878719999999975	214445.685073665	1.3125634046840493e7	1.1559765122325089e7
0.8793599999999749	215700.4654471499	1.3107897951168664e7	1.1552583246490896e7
0.8799999999999749	216967.1227570526	1.3089870367776616e7	1.1545121978373945e7
0.8806399999999749	218265.57792115805	1.3071265859815903e7	1.1537131746168625e7
0.8812799999999749	219601.48696424937	1.3051993540529402e7	1.1528531955929825e7
0.8819199999999748	220885.12523014378	1.3033233441377588e7	1.1520351352206575e7
0.8825599999999748	222134.30001197528	1.3014749308588957e7	1.1512384601981353e7
0.8831999999999748	223346.79707271923	1.2996607005019546e7	1.1504690212731035e7
0.8838399999999748	224515.50841088733	1.297894219723317e7	1.1497387993059251e7
0.8844799999999747	225658.076594503	1.296150364543141e7	1.149025876531905e7
0.8851199999999747	226770.54875876562	1.2944366840303192e7	1.1483369378330247e7
0.8857599999999747	227875.89177175812	1.2927194430939503e7	1.1476424281024657e7
0.8863999999999747	228982.8663121865	1.2909856387997422e7	1.146930915593366e7
0.8870399999999746	230071.1812160766	1.289267177245415e7	1.1462304409667576e7
0.8876799999999746	231144.10886157563	1.2875598159202948e7	1.1455373080268284e7
0.8883199999999746	232215.59457895678	1.2858422633291548e7	1.1448327831207804e7
0.8889599999999745	233297.26525004793	1.2840948077020712e7	1.1440994530881375e7
0.8895999999999745	234400.76117465488	1.2822985490118483e7	1.1433205736042764e7
0.8902399999999745	235535.60077098664	1.2804385430778267e7	1.1424828473436346e7
0.8908799999999745	236705.96250530932	1.278505598621934e7	1.1415780031631343e7
0.8915199999999744	237922.5688636198	1.2764818365419978e7	1.1405900709409224e7
0.8921599999999744	239195.41716676365	1.2743491862116408e7	1.1395028533492718e7
0.8927999999999744	240523.19634285718	1.2721084978521239e7	1.1383168755471397e7
0.8934399999999744	241895.72911095	1.269777546035665e7	1.1370476916194791e7
0.8940799999999743	243297.45285488924	1.2673772342178337e7	1.1357136441900877e7
0.8947199999999743	244739.14581168885	1.2648889912548644e7	1.134298091982626e7
0.8953599999999743	246226.81613861045	1.2623017884412402e7	1.1327910467027914e7
0.8959999999999743	247678.16765727656	1.2597678549158417e7	1.131327850948198e7
0.8966399999999742	249041.25889342336	1.2573805423959002e7	1.1299917799857507e7
0.8972799999999742	250334.7808310467	1.2551063744002255e7	1.128753286490499e7
0.8979199999999742	251575.16411945267	1.2529176160438927e7	1.1275878650734318e7
0.8985599999999742	252788.06846340335	1.250765812324241e7	1.1264524104885312e7
0.8991999999999741	253997.96781319226	1.2486062631735498e7	1.1253070513611814e7
0.8998399999999741	255240.91974162252	1.2463707212581694e7	1.1240907228690516e7
0.9004799999999741	256477.0234144342	1.2441240845756982e7	1.1228613150157135e7
0.901119999999974	257674.6290389578	1.2419257686356334e7	1.1216720353648476e7
0.901759999999974	258862.3346507785	1.2397251522989515e7	1.1204776169126803e7
0.902399999999974	260062.9435621785	1.2374792013441585e7	1.1192394456221038e7
0.903039999999974	261287.29267312755	1.2351677939407669e7	1.1179393662299972e7
0.903679999999974	262559.05293253704	1.232744567906111e7	1.1165355799232092e7
0.9043199999999739	263890.81186815386	1.230182943878312e7	1.1150039470959581e7
0.9049599999999739	265190.94925561437	1.2276552312417522e7	1.1134992528462302e7
0.9055999999999739	266461.38130367076	1.2251606386847392e7	1.1120208698323753e7
0.9062399999999738	267683.1196719391	1.2227427832614854e7	1.1106082168329014e7
0.9068799999999738	268874.31963800796	1.220367191691054e7	1.109230356465221e7
0.9075199999999738	270057.6825215681	1.2179910592515957e7	1.1078487395399364e7
0.9081599999999738	271222.5657487102	1.2156384277860869e7	1.1064851026220176e7
0.9087999999999737	272398.4512127017	1.2132492080798835e7	1.1050851541780267e7
0.9094399999999737	273579.6917661469	1.2108354348732024e7	1.1036597155796884e7
0.9100799999999737	274815.6931415134	1.2082921544664234e7	1.1021136666495001e7
0.9107199999999737	276146.8706217537	1.2055288719495945e7	1.1003646935228147e7
0.9113599999999736	277610.4335639084	1.2024623773029536e7	1.0983368510618994e7
0.9119999999999736	279316.1499957812	1.1988550489410363e7	1.0958137867541572e7
0.9126399999999736	280963.9918868086	1.1953555515460853e7	1.0933837919961115e7
0.9132799999999736	282512.36036016274	1.1920526886751309e7	1.091127826702236e7
0.9139199999999735	283972.3532556872	1.18892109520748e7	1.0890232013488142e7
0.9145599999999735	285346.4889104707	1.1859551846205054e7	1.0870651740477497e7
0.9151999999999735	286709.9342894901	1.1829947466260713e7	1.0851080923549248e7
0.9158399999999735	288090.9366958299	1.1799697475192517e7	1.083088066891233e7
0.9164799999999734	289544.65361961327	1.1767516647720806e7	1.080887642677317e7
0.9171199999999734	291119.97431992035	1.173228076301461e7	1.078403735684729e7
0.9177599999999734	292872.0901781782	1.1692666023456475e7	1.0755146970383365e7
0.9183999999999733	294840.83075904235	1.164767759859028e7	1.0721286118334949e7
0.9190399999999733	297119.96399042953	1.1595046375164824e7	1.0680366252915842e7
0.9196799999999733	299669.63822778297	1.1535646455441538e7	1.063317279748263e7
0.9203199999999733	302450.0922430764	1.1470368325374784e7	1.0580508600558551e7
0.9209599999999732	305217.6843949247	1.1404926494304799e7	1.0527605509969225e7
0.9215999999999732	307667.800190506	1.1346805495571781e7	1.0481337100253593e7
0.9222399999999732	309967.65997050324	1.1291960727757959e7	1.0438000946806513e7
0.9228799999999732	312257.3763137909	1.1236928284118492e7	1.0394417663708301e7
0.9235199999999731	314491.0186854234	1.1182831773674568e7	1.0351621072732706e7
0.9241599999999731	316405.4331497839	1.1136364094335511e7	1.0315778429470895e7
0.9247999999999731	318115.92180981615	1.1094680788339786e7	1.0284283110376442e7
0.9254399999999731	319740.1749605691	1.1054865358137097e7	1.0254454424479166e7
0.926079999999973	321362.1793560861	1.1014783963380001e7	1.0224326225104665e7
0.926719999999973	323033.61356539396	1.097310841102121e7	1.0192670929863362e7
0.927359999999973	324683.3075157964	1.0931276276426442e7	1.0160813363164486e7
0.927999999999973	326174.2570509883	1.0892906466875358e7	1.0132101747767719e7
0.9286399999999729	327523.6536963688	1.0857720690374687e7	1.0106285829837037e7
0.9292799999999729	328709.46659565804	1.0826383063458085e7	1.008398758668769e7
0.9299199999999729	329811.99050903454	1.0796874559781678e7	1.0063342814926768e7
0.9305599999999729	330854.1783010798	1.0768669980907038e7	1.0043868051573796e7
0.9311999999999728	331861.4584965243	1.0741125982616682e7	1.0024968583356934e7
0.9318399999999728	332863.8496310779	1.0713455043993022e7	1.000591394818503e7
0.9324799999999728	333890.163241095	1.068482625598557e7	9.98593105100318e6
0.9331199999999727	334959.66640506394	1.0654686498554053e7	9.964503168019647e6
0.9337599999999727	336084.01263535756	1.0622662803908752e7	9.941279824774522e6
0.9343999999999727	337282.66659076285	1.0588175407142539e7	9.915716843362063e6
0.9350399999999727	338567.89557728654	1.0550807505312894e7	9.887420420264188e6
0.9356799999999726	339968.16879432974	1.0509664963893667e7	9.855550066032598e6
0.9363199999999726	341473.8020903878	1.0464973029372917e7	9.820308598579288e6
0.9369599999999726	343028.8639488309	1.0418345725518007e7	9.78319775056441e6
0.9375999999999726	344632.48486516543	1.0369782604181353e7	9.744213236735748e6
0.9382399999999725	346288.2052727736	1.0319134195613261e7	9.703211227249557e6
0.9388799999999725	348038.76928797236	1.0265011594206937e7	9.658886215147616e6
0.9395199999999725	349925.87272517034	1.0206022820940439e7	9.609926077512108e6
0.9401599999999725	351961.95449507365	1.0141554304266628e7	9.55574509805603e6
0.9407999999999724	354208.26557116036	1.0069512965747971e7	9.494366927497236e6
0.9414399999999724	356414.4318410613	9.997901534994477e6	9.433296050233547e6
0.9420799999999724	358551.1909140952	9.927727388625968e6	9.373480703254232e6
0.9427199999999724	360671.0622957307	9.857309890807144e6	9.313342418709747e6
0.9433599999999723	362912.46292800835	9.781969678418353e6	9.24847427773272e6
0.9439999999999723	365372.5384579722	9.698322739024326e6	9.175677527792351e6
0.9446399999999723	368146.6226643485	9.602916373513706e6	9.09167952010643e6
0.9452799999999723	371331.70282990404	9.492128930596821e6	8.993038906293163e6
0.9455999999999722	373125.03614993714	9.42923329446321e6	8.936581005210716e6
0.9459199999999722	375077.0032350008	9.360401868720338e6	8.874475499994641e6
0.9462399999999722	377221.9803458215	9.284340783039495e6	8.805494076206435e6
0.9465599999999722	379557.3646925851	9.201065305657998e6	8.72964392129256e6
0.9468799999999722	381669.4072456895	9.125200800335612e6	8.660744412734432e6
0.9471999999999722	383486.60691441776	9.059375722820152e6	8.601288777500087e6
0.9473599999999722	384564.27584831946	9.020071981676582e6	8.565498856041543e6
0.9473699999999722	391875.00949800847	8.746400821095265e6	8.306702127630669e6
0.9474499999999721	393060.8158432127	8.702776045750566e6	8.266100510418703e6
0.9476099999999722	394472.0112979969	8.650323921887552e6	8.217799840291536e6
0.9477699999999722	396086.4088968419	8.590102909806762e6	8.162129427964009e6
0.9478499999999722	397029.11408921186	8.554873060658013e6	8.129441498844224e6
0.9479299999999722	398105.96660006396	8.514538269894391e6	8.091915639861629e6
0.9480099999999722	399181.2188436716	8.474158521852592e6	8.054340451868934e6
0.9480899999999721	400205.2558179967	8.435664252245892e6	8.018543575741096e6
0.9482499999999722	402007.8157860423	8.3677299260451235e6	7.955503806838995e6
0.9483299999999721	403057.45555658196	8.32811592049961e6	7.918628149615782e6
0.9484899999999722	404902.5381901927	8.258487341000626e6	7.853949187807642e6
0.9488099999999722	407133.50885847164	8.174916648867192e6	7.777283829929929e6
0.9494499999999721	410311.9931189555	8.056155962394165e6	7.669658549747091e6
0.9500899999999721	413226.1842453326	7.947127701638948e6	7.571110676905623e6
0.9504099999999721	414788.8308080364	7.8882942729148725e6	7.517683138040586e6
0.9507299999999721	416435.34090632916	7.826011972611294e6	7.460942131966984e6
0.9510499999999721	418380.738709504	7.751483155809962e6	7.39252779249269e6
0.9513699999999721	420281.07622747426	7.677838381964498e6	7.324903370186304e6
0.951449999999972	420839.8675906738	7.656128532421099e6	7.30485526774338e6
0.9514899999999721	421134.12661897775	7.64468823693215e6	7.294273627040656e6
0.9515099999999721	421293.8949401225	7.638477854265441e6	7.288516604077555e6
0.951519999999972	427709.9059181489	7.390182395954379e6	7.052641729637228e6
0.951839999999972	430000.060258267	7.300446692263739e6	6.969565982466164e6
0.952159999999972	431810.7965529379	7.228396166318794e6	6.903247522229006e6
0.952479999999972	433812.62611073453	7.147978004339511e6	6.828920865565891e6
0.9526399999999721	434963.14681177906	7.101489950108366e6	6.785763240704054e6
0.9526599999999721	435127.18753116054	7.094860310005819e6	6.779588543987683e6
0.952669999999972	436142.05402886897	7.0537865032314155e6	6.740573391450473e6
0.952679999999972	437317.14192984405	7.006322571994878e6	6.695477235044017e6
0.952719999999972	438454.323478671	6.960481722887572e6	6.652120267443337e6
0.9527599999999721	439326.7956815971	6.925333662749723e6	6.618934698349244e6
0.9527999999999721	440122.5381215646	6.893276899937881e6	6.588688014059971e6
0.9528399999999722	440924.4024253349	6.860948004860589e6	6.5581796917695645e6
0.9528799999999722	441782.22822551127	6.826335767954681e6	6.525495605162465e6
0.9529199999999722	442748.25858460687	6.78732680932158e6	6.488624051152707e6
0.9529599999999723	443851.5584080155	6.7427313534609135e6	6.446432047901451e6
0.9529999999999723	445146.64624976035	6.690329066907821e6	6.396805493136719e6
0.9530399999999724	446340.32536880544	6.641951867471864e6	6.351005949454534e6
0.9531199999999723	447832.301079925	6.581300154068602e6	6.293763181120323e6
0.9537599999999723	449927.7532542119	6.495475048973326e6	6.215928942019106e6
0.9550399999999722	451457.6493374549	6.430565958606146e6	6.16174524902126e6
0.9556799999999722	452330.4606022673	6.392645468985369e6	6.129370707813665e6
0.9563199999999722	453372.18507146876	6.346679691931568e6	6.089260020031755e6
0.9569599999999722	454706.22617071134	6.286971326818503e6	6.03595063688646e6
0.9575999999999721	456147.88351564907	6.222096894544698e6	5.9776206564769065e6
0.9582399999999721	457375.99155096733	6.167032364050282e6	5.928597113934551e6
0.9588799999999721	458691.0620343124	6.1075647814078685e6	5.875283094067071e6
0.9595199999999721	460091.98734329117	6.043346083024798e6	5.817335957231455e6
0.960159999999972	461409.52763054654	5.981938226366254e6	5.762000363008468e6
0.960799999999972	462858.83913105144	5.912888226272756e6	5.699247074296649e6
0.961119999999972	463700.9126092697	5.872197418133717e6	5.661915073998775e6
0.961439999999972	464645.0617046761	5.826089434437664e6	5.61935213942493e6
0.961759999999972	465724.626680271	5.772835267107369e6	5.569891356217288e6
0.962079999999972	466977.5632585475	5.7104191578902025e6	5.511587852621623e6
0.962399999999972	468463.55974201567	5.635657576277915e6	5.44137108125602e6
0.9627199999999719	470258.67482556746	5.544445074703408e6	5.35527940571582e6
0.962879999999972	471305.89246003825	5.490844688440632e6	5.304519408333692e6
0.963039999999972	472478.07503280824	5.430546608496448e6	5.247296395499493e6
0.9631999999999721	473799.90618981473	5.36220902120382e6	5.182315565771168e6
0.9633599999999721	475303.02567045065	5.284104498811152e6	5.107910012835142e6
0.9635199999999722	476740.8375353546	5.209137045123596e6	5.036499231470645e6
0.9638399999999722	478112.28633470676	5.137963302398911e6	4.969463089657899e6
0.9641599999999722	479024.2051738528	5.090735814352479e6	4.925452070279389e6
0.9644799999999721	480018.1544262505	5.038728045777418e6	4.876802670436497e6
0.9646399999999722	480618.36238683754	5.007014629586702e6	4.846961257578389e6
0.9647999999999722	481309.35236477363	4.970247223781373e6	4.8122366107073845e6
0.9649599999999723	482126.9542748777	4.926428922798621e6	4.770700581821425e6
0.9651199999999723	483114.3892315277	4.873133595859943e6	4.720009725932622e6
0.9652799999999724	484334.04814717436	4.806832062920585e6	4.656754931847533e6
0.9654399999999724	485798.3885158884	4.726729313627506e6	4.580162740855531e6
0.9655999999999725	487224.1419771803	4.6485186007825285e6	4.50537007139951e6
0.9657599999999725	488643.4463603319	4.570412325881073e6	4.430652559446171e6
0.9659199999999726	490215.42662970064	4.483445804348601e6	4.347356513075831e6
0.9659999999999725	491104.2317912841	4.434050544284629e6	4.299990369659747e6
0.9660799999999725	492063.6871687767	4.3805569711192995e6	4.248659278927591e6
0.9661599999999725	493121.2284364991	4.321398877916984e6	4.191849962258459e6
0.9662399999999725	494293.537773002	4.255603236032544e6	4.1286214206191977e6
0.9663199999999724	495603.49082184	4.181840933687456e6	4.0576884566116403e6
0.9663999999999724	497079.9666928687	4.098420166290337e6	3.977415135583763e6
0.9664799999999724	498756.6761352033	4.003370147220252e6	3.8858955036693844e6
0.9665599999999723	500673.32478080754	3.8943556235239506e6	3.780870887453886e6
0.9666399999999723	502838.9485184208	3.7707616062706616e6	3.6617437064079563e6
0.9667199999999723	504578.44870587066	3.6710229348525833e6	3.565643662353533e6
0.9668799999999723	506639.6723447249	3.551721761492366e6	3.450868642699712e6
0.9670399999999724	508531.023187715	3.441305027944835e6	3.344640796747959e6
0.9671999999999724	510198.336687342	3.3434339370551314e6	3.25050380936299e6
0.9673599999999725	511515.90190968587	3.265715724841783e6	3.1758186426212033e6
0.9675199999999725	512692.3001367484	3.1959216211881805e6	3.108770332840356e6
0.9676799999999726	513923.6620544195	3.1224558536150903e6	3.0381480931837778e6
0.9678399999999726	515239.6261337454	3.0435008380963225e6	2.9621919575195364e6
0.9679999999999727	516672.6520729371	2.957055169553425e6	2.8789629289939827e6
0.9681599999999727	518237.1798487557	2.862154441919973e6	2.787524116295561e6
0.9683199999999728	519955.25225762196	2.7573670370396264e6	2.686485831697671e6
0.9684799999999728	521850.48840769223	2.641136367527684e6	2.574336476617764e6
0.9686399999999729	523952.1954706914	2.511532211670853e6	2.449201702362762e6
0.9687999999999729	526263.9007292837	2.3682002418448273e6	2.3107318280019723e6
0.9694399999999729	527990.0818662271	2.2630398906684928e6	2.2100167685114485e6
0.9700799999999729	529062.9881570428	2.1978099179816972e6	2.1478810098412987e6
0.9703999999999728	529699.46817941	2.1583702452381756e6	2.110161590237192e6
0.9707199999999728	530429.7516329805	2.1124992765864227e6	2.0661762808957428e6
0.9710399999999728	531275.6391682167	2.0586251683886312e6	2.0143931260223663e6
0.9713599999999728	532275.4532448362	1.9940440080539975e6	1.9521789566442233e6
0.9716799999999728	533472.5033009065	1.9156078552568797e6	1.876465782089449e6
0.9718399999999728	534165.2193319503	1.8697307073654514e6	1.8321211832223916e6
0.9719999999999729	534934.2272599175	1.8184270121141784e6	1.7824892141382243e6
0.9721599999999729	535792.7463470238	1.7607281895981561e6	1.7266259868580115e6
0.972319999999973	536757.9032043001	1.6953793826410659e6	1.663308740090225e6
0.972479999999973	537849.9450912913	1.6208845806538314e6	1.591079467483121e6
0.9726399999999731	539074.7478577562	1.5367076135367714e6	1.5094123783317667e6
0.973919999999973	540111.9372339126	1.4645018774674684e6	1.4403937878261523e6
0.974559999999973	540491.9118990725	1.4367954326917902e6	1.4139934711227992e6
0.975199999999973	540960.4817718719	1.4016329093406368e6	1.3802882331369082e6
0.975839999999973	541549.4399342014	1.356118165440347e6	1.3364381850320967e6
0.9764799999999729	542307.0072670203	1.2957861865481604e6	1.2780643562514475e6
0.9767999999999729	542771.1404935321	1.2579848831109982e6	1.2413919242822535e6
0.9771199999999729	543308.9763510773	1.2134945652189255e6	1.198160718945611e6
0.9774399999999729	543937.834208401	1.1606496641431935e6	1.1467366452598479e6
0.9777599999999729	544680.5607861985	1.0972334772693515e6	1.0849447004067514e6
0.9780799999999729	545567.818788192	1.0202442386190202e6	1.0098393314963155e6
0.9782399999999729	546078.1884042182	975422.5133900773	966079.9808783734
0.978399999999973	546641.5716871625	925536.6928202342	917352.5582037496
0.978559999999973	547265.852282255	869799.4840394352	862884.3629745526
0.9787199999999731	547960.5198441902	807259.2274027783	801741.3509059247
0.9788799999999731	548736.9555341857	736768.9946884662	732797.7580215227
0.9790399999999732	549608.9988784762	656927.823056154	654678.420501387
0.9995199999999732	550758.0	550758.0	550758.0
