lambda	f0	f1	fla
0.0	30487.258783521418	3.638575496145108e7	30487.258783521418
0.00064	30498.526463546845	3.638552602200192e7	53765.74406069141
0.00128	30504.665636826703	3.638540634190013e7	77038.93978244375
0.0019200000000000003	30508.445155977122	3.6385334842031635e7	100309.7118379784
0.00256	30511.207975504658	3.638528690973718e7	123579.43377201454
0.0032	30513.388032818395	3.638525177024029e7	146848.55085588232
0.00384	30515.248667087224	3.6385224105195716e7	170117.33067615714
0.0044800000000000005	30516.909115441576	3.638520060101042e7	193385.8920551311
0.00512	30518.480703440444	3.6385179240988486e7	216654.34379609989
0.00576	30519.984699172677	3.638515940523007e7	239922.70776143065
0.0064	30521.450669416732	3.63851404965321e7	263191.0125629379
0.00704	30522.89218920012	3.638512226593699e7	286459.2717803846
0.00768	30524.318600092454	3.638510443498528e7	309727.4938939307
0.008320000000000001	30525.738440980404	3.638508681132725e7	332995.68656739424
0.008960000000000001	30527.15525055055	3.638506929092113e7	356263.85278615897
0.009600000000000001	30528.56472113886	3.638505195708335e7	379531.9892878161
0.01024	30529.977051127564	3.638503458241503e7	402800.104210054
0.01088	30531.391695675593	3.638501715848587e7	426068.1968383529
0.01152	30532.809795879995	3.638499967828349e7	449336.26812085725
0.01216	30534.23005873132	3.638498215325327e7	472604.31680477696
0.0128	30535.653194254533	3.638496459029841e7	495872.3435891877
0.01344	30537.07826494371	3.6384946984492004e7	519140.3474046354
0.01408	30538.506971212264	3.638492933099618e7	542408.3297734838
0.01472	30539.93713497787	3.638491163020512e7	565676.2884569702
0.01536	30541.37123500505	3.6384893884546995e7	588944.2258394771
0.016	30542.807000486097	3.6384876100342356e7	612212.139693956
0.016640000000000002	30544.246397349376	3.638485826864512e7	635480.0317275523
0.017280000000000004	30545.686980050967	3.638484039553598e7	658747.8995438977
0.017920000000000005	30547.130966053213	3.638482247945811e7	682015.745211031
0.018560000000000007	30548.577959920534	3.638480451535488e7	705283.5681579713
0.01920000000000001	30550.026851393275	3.638478650968504e7	728551.3673217996
0.01984000000000001	30551.47887738761	3.638476848137866e7	751819.1442070132
0.020480000000000012	30552.93194740772	3.638475039605889e7	775086.8960124113
0.021120000000000014	30554.38800737185	3.638473228391139e7	798354.6251688652
0.021760000000000015	30555.848654023328	3.638471408820263e7	821622.3319466016
0.022400000000000017	30557.308365050176	3.638469591958077e7	844890.0132562829
0.02304000000000002	30558.774323855403	3.638467765537784e7	868157.6733433399
0.02368000000000002	30560.241475756255	3.638465936508525e7	891425.3087228298
0.024320000000000022	30561.70967721307	3.638464105029218e7	914692.9192409698
0.024960000000000024	30563.181842755002	3.6384622677938946e7	937960.5068653168
0.025600000000000026	30564.656128082755	3.63846042992276e7	961228.0709914314
0.026240000000000027	30566.134432081464	3.638458582324118e7	984495.6110664333
0.02688000000000003	30567.61395646699	3.6384567356149256e7	1.0077631270266102e6
0.02752000000000003	30569.094700923502	3.638454883191788e7	1.0310306170691353e6
0.028160000000000032	30570.580088346745	3.6384530277954236e7	1.0542980851802514e6
0.028800000000000034	30572.066077685726	3.638451168233602e7	1.0775655270259269e6
0.029440000000000036	30573.555181965578	3.638449307090204e7	1.100832945724766e6
0.030080000000000037	30575.046310966492	3.638447437786282e7	1.1241003382040476e6
0.03072000000000004	30576.54146779384	3.638445570744988e7	1.147367709446765e6
0.03136000000000004	30578.03892044964	3.638443693364318e7	1.1706350538589559e6
0.03200000000000004	30579.536767952646	3.638441817467914e7	1.193902373181112e6
0.032640000000000044	30581.03757222235	3.638439936496212e7	1.2171696677782303e6
0.033280000000000046	30582.543170796565	3.638438048994212e7	1.240436938839348e6
0.03392000000000005	30584.04884390073	3.638436160747316e7	1.2637041836326066e6
0.03456000000000005	30585.558627695846	3.638434269174147e7	1.2869714051481097e6
0.03520000000000005	30587.069631210423	3.638432374286063e7	1.310238600528888e6
0.03584000000000005	30588.584261943288	3.6384304732296385e7	1.3335057710074997e6
0.036480000000000054	30590.10120864422	3.638428569342062e7	1.356772916412539e6
0.037120000000000056	30591.61921608158	3.638426664106672e7	1.3800400360271793e6
0.03776000000000006	30593.139892105643	3.638424754516736e7	1.403307130235301e6
0.03840000000000006	30594.665623797246	3.6384228384089075e7	1.426574200412866e6
0.03904000000000006	30596.190017824036	3.638420924300136e7	1.4498412436063034e6
0.03968000000000006	30597.72095318809	3.6384190031888194e7	1.4731082638510915e6
0.040320000000000064	30599.249401549303	3.638417082491207e7	1.4963752553261358e6
0.040960000000000066	30600.783154161698	3.63841515172759e7	1.5196422212237904e6
0.04160000000000007	30602.320047311132	3.638413220128039e7	1.5429091631066098e6
0.04224000000000007	30603.858145174894	3.638411286625947e7	1.5661760786479253e6
0.04288000000000007	30605.398232741532	3.638409350419946e7	1.589442968216597e6
0.04352000000000007	30606.943421124623	3.638407406321967e7	1.6127098324747598e6
0.044160000000000074	30608.487710504753	3.6384054631549306e7	1.6359766694224288e6
0.044800000000000076	30610.035798265715	3.638403514087238e7	1.659243480505589e6
0.04544000000000008	30611.58610292758	3.638401567248743e7	1.6825102677882423e6
0.04608000000000008	30613.13963800715	3.638399607850373e7	1.7057770254609426e6
0.04672000000000008	30614.69501891639	3.6383976510191076e7	1.7290437590237625e6
0.04736000000000008	30616.25414342468	3.6383956891342185e7	1.752310466721161e6
0.048000000000000084	30617.813757132302	3.638393724445061e7	1.775577146430422e6
0.048640000000000086	30619.376516652763	3.638391754940254e7	1.7988437996458255e6
0.04928000000000009	30620.944162267064	3.6383897822348475e7	1.8221104287192866e6
0.04992000000000009	30622.51214732239	3.638387807064016e7	1.845377029627288e6
0.05056000000000009	30624.08161438824	3.6383858301838934e7	1.8686436037889447e6
0.05120000000000009	30625.655001422	3.638383844924869e7	1.8919101500668852e6
0.051840000000000094	30627.227900717688	3.638381863723275e7	1.9151766705604938e6
0.052480000000000096	30628.808680967504	3.63837987219837e7	1.9384431657310985e6
0.0531200000000001	30630.388668063402	3.638377878259566e7	1.9617096313535008e6
0.0537600000000001	30631.97301346012	3.638375880894342e7	1.9849760717130585e6
0.0544000000000001	30633.556371109145	3.638373886784725e7	2.0082424853154148e6
0.0550400000000001	30635.14634148977	3.638371883007682e7	2.0315088722942863e6
0.055680000000000104	30636.73530525104	3.638369875561426e7	2.0547752285960605e6
0.056320000000000106	30638.326722315654	3.638367868034563e7	2.0780415594383848e6
0.05696000000000011	30639.9234862842	3.638365853342234e7	2.101307863508246e6
0.05760000000000011	30641.519379131234	3.638363839816903e7	2.1245741395974336e6
0.05824000000000011	30643.121108198553	3.638361819221172e7	2.1478403892492717e6
0.05888000000000011	30644.72470869151	3.638359796794347e7	2.171106611670359e6
0.059520000000000114	30646.33050594815	3.638357771150193e7	2.1943728063028334e6
0.060160000000000116	30647.93846343215	3.638355738075533e7	2.217638970511717e6
0.06080000000000012	30649.54908525602	3.63835370793155e7	2.240905110923259e6
0.06144000000000012	30651.162329720857	3.638351672159802e7	2.2641712222911697e6
0.06208000000000012	30652.778523332574	3.638349632412165e7	2.28743730583408e6
0.06272000000000012	30654.39630321984	3.638347588781102e7	2.310703360250593e6
0.06336000000000012	30656.015989264113	3.638345542452613e7	2.333969386514165e6
0.06400000000000013	30657.638518302007	3.6383434921149634e7	2.3572353846067116e6
0.06464000000000013	30659.265172838343	3.638341440747117e7	2.380501357571007e6
0.06528000000000013	30660.892465339715	3.638339382531957e7	2.403767298322069e6
0.06592000000000013	30662.524269581234	3.638337320329967e7	2.4270332122312495e6
0.06656000000000013	30664.15558410838	3.638335261008815e7	2.450299099115902e6
0.06720000000000013	30665.79236480182	3.638333189778501e7	2.4735649546490447e6
0.06784000000000014	30667.431892370034	3.638331120729469e7	2.496830785615668e6
0.06848000000000014	30669.070221762242	3.638329050120009e7	2.520096585815163e6
0.06912000000000014	30670.719023775386	3.638326968563881e7	2.5433623595962115e6
0.06976000000000014	30672.365089054045	3.638324883978407e7	2.5666280999637833e6
0.07040000000000014	30674.014450106897	3.638322801521229e7	2.58989381610377e6
0.07104000000000014	30675.663460780575	3.638320717763812e7	2.613159502227944e6
0.07168000000000015	30677.318454433364	3.6383186238808714e7	2.6364251578654335e6
0.07232000000000015	30678.974635327806	3.638316532416712e7	2.659690787433472e6
0.07296000000000015	30680.63226025005	3.638314444479124e7	2.6829563920225166e6
0.07360000000000015	30682.287950207698	3.638312356564679e7	2.7062219659886817e6
0.07424000000000015	30683.94843694812	3.6383102668514475e7	2.7294875142155094e6
0.07488000000000015	30685.61639206941	3.6383081628698036e7	2.752753029793546e6
0.07552000000000016	30687.282547250164	3.638306066576424e7	2.776018520447803e6
0.07616000000000016	30688.951492385666	3.638303959974772e7	2.7992839768635174e6
0.07680000000000016	30690.624139860472	3.63830185461819e7	2.8225494085526955e6
0.07744000000000016	30692.299609598755	3.6382997397679865e7	2.845814806404166e6
0.07808000000000016	30693.976989506602	3.638297626544442e7	2.869080178072072e6
0.07872000000000016	30695.658089283148	3.638295507942275e7	2.8923455197366597e6
0.07936000000000017	30697.338426281985	3.6382933892412506e7	2.915610831350635e6
0.08000000000000017	30699.02452126974	3.638291261054279e7	2.9388761114029977e6
0.08064000000000017	30700.712437606624	3.63828913194109e7	2.9621413629839392e6
0.08128000000000017	30702.406647288735	3.6382869981021926e7	2.9854065870924657e6
0.08192000000000017	30704.098506751536	3.638284861375396e7	3.0086717771958094e6
0.08256000000000017	30705.795336250038	3.63828271952117e7	3.0319369381099734e6
0.08320000000000018	30707.49386746578	3.6382805769105166e7	3.0552020703672487e6
0.08384000000000018	30709.197182075666	3.638278428554093e7	3.0784671725900886e6
0.08448000000000018	30710.903891685408	3.638276275119944e7	3.101732243952251e6
0.08512000000000018	30712.60867348798	3.638274122526082e7	3.124997284517408e6
0.08576000000000018	30714.319440006686	3.6382719668965235e7	3.148262298215297e6
0.08640000000000018	30716.033275888436	3.638269798862972e7	3.1715272742184666e6
0.08704000000000019	30717.74812913352	3.63826763558144e7	3.1947922253420656e6
0.08768000000000019	30719.47148540525	3.63826545905994e7	3.218057142729327e6
0.08832000000000019	30721.18962623334	3.638263290094999e7	3.2413220319703547e6
0.08896000000000019	30722.912423399594	3.638261113163291e7	3.2645868884042846e6
0.0896000000000002	30724.639407838844	3.638258933791448e7	3.287851716394041e6
0.0902400000000002	30726.371954654256	3.638256744441601e7	3.311116510333574e6
0.0908800000000002	30728.10327433691	3.638254555902239e7	3.3343812736527273e6
0.0915200000000002	30729.837716153434	3.6382523658738144e7	3.357646008216093e6
0.0921600000000002	30731.578875640826	3.638250168571442e7	3.3809107119219103e6
0.0928000000000002	30733.31824060253	3.6382479704216816e7	3.4041753828592026e6
0.0934400000000002	30735.06398739893	3.638245763684577e7	3.427440021195292e6
0.0940800000000002	30736.810486076527	3.638243556145131e7	3.450704628976893e6
0.0947200000000002	30738.56193587482	3.638241341070221e7	3.47396920361103e6
0.09536000000000021	30740.31127996687	3.6382391333720356e7	3.4972337527798903e6
0.09600000000000021	30742.069381980727	3.638236906193417e7	3.520498260666999e6
0.09664000000000021	30743.827972184314	3.638234685287179e7	3.5437627442984898e6
0.09728000000000021	30745.588344231837	3.638232460389781e7	3.567027194977292e6
0.09792000000000022	30747.35429577814	3.638230226780312e7	3.5902916114264247e6
0.09856000000000022	30749.12239170597	3.6382279905583866e7	3.6135559963831333e6
0.09920000000000022	30750.892830115907	3.63822574958515e7	3.6368203478498454e6
0.09984000000000022	30752.664136147476	3.6382235088057145e7	3.660084669340428e6
0.10048000000000022	30754.439215798004	3.638221265287097e7	3.6833489605238773e6
0.10112000000000022	30756.21820030673	3.638219014750768e7	3.7066132171318764e6
0.10176000000000023	30758.001300317243	3.638216758879095e7	3.7298774409233723e6
0.10240000000000023	30759.7882258051	3.638214503820018e7	3.7531416378231887e6
0.10304000000000023	30761.573782101797	3.6382122424995504e7	3.7764057958911387e6
0.10368000000000023	30763.364515747377	3.638209973473639e7	3.7996699193802318e6
0.10432000000000023	30765.156826820046	3.638207704704966e7	3.8229340132148745e6
0.10496000000000023	30766.95544132104	3.638205430459018e7	3.846198075607994e6
0.10560000000000024	30768.755122041453	3.6382031549830064e7	3.869462106243217e6
0.10624000000000024	30770.555913130465	3.638200868780323e7	3.8927260950451437e6
0.10688000000000024	30772.363930901745	3.638198584485367e7	3.915990060771936e6
0.10752000000000024	30774.1710127157	3.638196298640544e7	3.9392539924437497e6
0.10816000000000024	30775.981195181143	3.638194002820987e7	3.962517884520299e6
0.10880000000000024	30777.79746482011	3.638191702483525e7	3.985781745402732e6
0.10944000000000025	30779.615713182797	3.638189403546469e7	4.009045577810797e6
0.11008000000000025	30781.434788107068	3.638187099982412e7	4.0323093741072803e6
0.11072000000000025	30783.2569561642	3.638184789141045e7	4.0555731332829515e6
0.11136000000000025	30785.086206255535	3.638182474645238e7	4.0788368627712736e6
0.11200000000000025	30786.914174510108	3.6381801532419465e7	4.1021005514179543e6
0.11264000000000025	30788.749558910815	3.638177831809298e7	4.1253642145585977e6
0.11328000000000026	30790.582568678143	3.638175511314244e7	4.1486278445920832e6
0.11392000000000026	30792.421808895073	3.638173180746802e7	4.171891436623192e6
0.11456000000000026	30794.262363219943	3.6381708480374105e7	4.195154995178556e6
0.11520000000000026	30796.110799033882	3.638168505939769e7	4.218418517677608e6
0.11584000000000026	30797.95632013319	3.6381661634260304e7	4.241682004772732e6
0.11648000000000026	30799.804158229847	3.6381638188554086e7	4.264945459172669e6
0.11712000000000027	30801.663836545777	3.6381614718938746e7	4.2882088888501255e6
0.11776000000000027	30803.518121111563	3.63815911588083e7	4.311472270688444e6
0.11840000000000027	30805.379047385268	3.6381567603160016e7	4.33473562638233e6
0.11904000000000027	30807.243318578836	3.638154396441525e7	4.357998942597937e6
0.11968000000000027	30809.10850733297	3.638152029211179e7	4.381262222961125e6
0.12032000000000027	30810.980413597146	3.638149659865583e7	4.404525474000512e6
0.12096000000000028	30812.852785882496	3.638147278486373e7	4.427788678170029e6
0.12160000000000028	30814.726383994876	3.6381449058375895e7	4.45105186115422e6
0.12224000000000028	30816.611408211495	3.638142514970741e7	4.474314999129916e6
0.12288000000000028	30818.48908243058	3.6381401365481034e7	4.497578112934302e6
0.12352000000000028	30820.373378007745	3.6381377472946994e7	4.52084118631678e6
0.12416000000000028	30822.264461686067	3.638135350148541e7	4.544104222850561e6
0.12480000000000029	30824.15399900062	3.638132946175514e7	4.567367216406977e6
0.12544000000000027	30826.050678884294	3.638130542675398e7	4.590630183613755e6
0.12608000000000028	30827.947081897557	3.638128138350604e7	4.613893116346262e6
0.12672000000000028	30829.85112768799	3.638125721057414e7	4.6371560061167525e6
0.12736000000000028	30831.758579470104	3.638123301389622e7	4.660418862456621e6
0.12800000000000028	30833.662213981042	3.6381208834469825e7	4.6836816842627395e6
0.12864000000000028	30835.57387914133	3.638118459594879e7	4.706944472078192e6
0.12928000000000028	30837.49032095077	3.638116022520297e7	4.7302072134865085e6
0.12992000000000029	30839.407601377534	3.638113589792008e7	4.753469927623593e6
0.1305600000000003	30841.32505290146	3.638111156171976e7	4.776732607152137e6
0.1312000000000003	30843.251607820206	3.6381087151275754e7	4.799995251244264e6
0.1318400000000003	30845.1810714542	3.638106265578917e7	4.823257852938248e6
0.1324800000000003	30847.11120198917	3.6381038106091954e7	4.846520414205023e6
0.1331200000000003	30849.042756459665	3.638101359346757e7	4.869782947747134e6
0.1337600000000003	30850.97954294143	3.6380989007315606e7	4.893045442137823e6
0.1344000000000003	30852.924862964024	3.63809642984138e7	4.916307893468207e6
0.1350400000000003	30854.86529633574	3.638093968160212e7	4.939570318890279e6
0.1356800000000003	30856.813174213516	3.638091493442539e7	4.962832699065585e6
0.1363200000000003	30858.763790849567	3.638089015737174e7	4.986095043363807e6
0.1369600000000003	30860.71477797368	3.63808653759477e7	5.00935735317179e6
0.1376000000000003	30862.672018936795	3.6380840503242694e7	5.032619621595337e6
0.1382400000000003	30864.63695479442	3.638081553307678e7	5.055881848834709e6
0.1388800000000003	30866.6020357578	3.638079052457624e7	5.079144036398191e6
0.1395200000000003	30868.564238240207	3.638076557524217e7	5.102406195213519e6
0.1401600000000003	30870.531441283965	3.638074061477474e7	5.125668322321313e6
0.1408000000000003	30872.507517714657	3.638071549533043e7	5.1489304002017565e6
0.14144000000000032	30874.486854288178	3.638069038685716e7	5.172192447750706e6
0.14208000000000032	30876.467178423773	3.638066514077248e7	5.195454441922679e6
0.14272000000000032	30878.45150094723	3.638063997919135e7	5.218716416732932e6
0.14336000000000032	30880.440158235826	3.638061472049157e7	5.241978346586835e6
0.14400000000000032	30882.431092604133	3.638058940166226e7	5.265240234854647e6
0.14464000000000032	30884.429744504527	3.638056395885124e7	5.288502076834515e6
0.14528000000000033	30886.421905022064	3.638053864380949e7	5.311763896703315e6
0.14592000000000033	30888.424188118068	3.638051317798038e7	5.335025668261496e6
0.14656000000000033	30890.428253164166	3.6380487678079754e7	5.358287401187761e6
0.14720000000000033	30892.433357297945	3.638046219221673e7	5.381549101861418e6
0.14784000000000033	30894.450601900426	3.638043658471077e7	5.4048107597085675e6
0.14848000000000033	30896.463894542238	3.638041095734622e7	5.42807237588226e6
0.14912000000000034	30898.48533439593	3.638038524002983e7	5.451333950194591e6
0.14976000000000034	30900.50738241617	3.638035952137772e7	5.474595489318365e6
0.15040000000000034	30902.530754496256	3.638033375180126e7	5.497856986399942e6
0.15104000000000034	30904.55800472762	3.638030798092251e7	5.521118451002242e6
0.15168000000000034	30906.593520175167	3.638028204077945e7	5.5443798613604745e6
0.15232000000000034	30908.63097772019	3.638025618135436e7	5.567641249851102e6
0.15296000000000035	30910.670482690315	3.6380230202648975e7	5.590902586122858e6
0.15360000000000035	30912.714736091108	3.638020424077321e7	5.614163893135405e6
0.15424000000000035	30914.759365815193	3.638017815762614e7	5.637425145913499e6
0.15488000000000035	30916.814384484267	3.638015204547986e7	5.660686366976549e6
0.15552000000000035	30918.868992612694	3.638012590150343e7	5.683947546688708e6
0.15616000000000035	30920.92318516566	3.6380099746445246e7	5.707208688225473e6
0.15680000000000036	30922.983684972867	3.638007350144377e7	5.730469784869566e6
0.15744000000000036	30925.049559619692	3.638004726416958e7	5.753730851027825e6
0.15808000000000036	30927.12135713624	3.638002084387075e7	5.776991857012101e6
0.15872000000000036	30929.187984399246	3.6379994572527066e7	5.800252845819024e6
0.15936000000000036	30931.264415603626	3.637996814417454e7	5.823513781574001e6
0.16000000000000036	30933.342168730556	3.63799416240178e7	5.846774667264595e6
0.16064000000000037	30935.42564383172	3.637991508557579e7	5.8700355182153145e6
0.16128000000000037	30937.513272824533	3.637988853105823e7	5.893296333421268e6
0.16192000000000037	30939.605208260346	3.6379861939546525e7	5.916557109584325e6
0.16256000000000037	30941.693782207523	3.637983529360416e7	5.939817837369277e6
0.16320000000000037	30943.794453575236	3.637980853373183e7	5.9630785199038e6
0.16384000000000037	30945.894692979677	3.637978186866475e7	5.986339180668528e6
0.16448000000000038	30948.00014361193	3.637975502487726e7	6.009599779571815e6
0.16512000000000038	30950.11226592012	3.6379728077275835e7	6.032860329848371e6
0.16576000000000038	30952.223000954324	3.637970123383626e7	6.05612085903703e6
0.16640000000000038	30954.337801195798	3.6379674289518654e7	6.079381337766995e6
0.16704000000000038	30956.456677612674	3.637964722487544e7	6.102641762597392e6
0.16768000000000038	30958.58440288296	3.637962013312779e7	6.125902152893091e6
0.16832000000000039	30960.711399710526	3.63795930618316e7	6.1491625086244205e6
0.1689600000000004	30962.848139240195	3.6379565898676135e7	6.1724228195579685e6
0.1696000000000004	30964.981481932515	3.637953867538743e7	6.195683079968318e6
0.1702400000000004	30967.12090624591	3.6379511392306015e7	6.218943297669357e6
0.1708800000000004	30969.262662173438	3.637948408863987e7	6.242203476125257e6
0.1715200000000004	30971.408703037472	3.6379456709631145e7	6.265463607518241e6
0.1721600000000004	30973.55658046701	3.637942933034758e7	6.288723702592228e6
0.1728000000000004	30975.707091527016	3.637940191931597e7	6.311983756563925e6
0.1734400000000004	30977.870183658048	3.6379374392390005e7	6.335243762995142e6
0.1740800000000004	30980.03512003222	3.637934677090841e7	6.358503716486087e6
0.1747200000000004	30982.199623697376	3.6379319149658516e7	6.381763631533796e6
0.1753600000000004	30984.36655298774	3.6379291550134264e7	6.405023514265815e6
0.1760000000000004	30986.543862561553	3.637926376081249e7	6.428283334045764e6
0.1766400000000004	30988.71902998251	3.6379236049867414e7	6.451543127549121e6
0.1772800000000004	30990.8982985682	3.637920827768825e7	6.474802875316786e6
0.1779200000000004	30993.08423825812	3.637918030310677e7	6.498062554219359e6
0.1785600000000004	30995.27576924297	3.6379152464935385e7	6.521322223466764e6
0.17920000000000041	30997.47227824938	3.637912444392165e7	6.544581825596762e6
0.17984000000000042	30999.664760944335	3.637909648205205e7	6.567841396382592e6
0.18048000000000042	31001.86862997072	3.637906828994298e7	6.591100896348557e6
0.18112000000000042	31004.070695712566	3.6379040229199335e7	6.614360379723905e6
0.18176000000000042	31006.282554508296	3.6379012034262106e7	6.637619807984897e6
0.18240000000000042	31008.490186592524	3.637898390029006e7	6.66087920498948e6
0.18304000000000042	31010.714563499732	3.637895551129002e7	6.684138530156338e6
0.18368000000000043	31012.930404515526	3.637892721555355e7	6.707397826300706e6
0.18432000000000043	31015.156486006268	3.6378898851986535e7	6.73065707924068e6
0.18496000000000043	31017.387000078324	3.637887030907797e7	6.753916263467621e6
0.18560000000000043	31019.622029022878	3.6378841786094084e7	6.7771754156795135e6
0.18624000000000043	31021.856539086253	3.637881327542316e7	6.800434530392072e6
0.18688000000000043	31024.096549721322	3.637878469881036e7	6.823693597900205e6
0.18752000000000044	31026.343707011547	3.637875600929609e7	6.846952610598291e6
0.18816000000000044	31028.594958947724	3.637872724052371e7	6.870211572108429e6
0.18880000000000044	31030.84628926581	3.637869856951497e7	6.893470512434294e6
0.18944000000000044	31033.10875431781	3.637866968694164e7	6.91672938212614e6
0.19008000000000044	31035.369521113007	3.637864074087386e7	6.939988198507859e6
0.19072000000000044	31037.633665255693	3.637861186904577e7	6.963246991837043e6
0.19136000000000045	31039.90245758332	3.6378582931952864e7	6.986505736581816e6
0.19200000000000045	31042.17831291288	3.637855390816781e7	7.0097644304450685e6
0.19264000000000045	31044.45880484599	3.637852474024239e7	7.033023060220991e6
0.19328000000000045	31046.737792017913	3.637849567598785e7	7.056281668566524e6
0.19392000000000045	31049.024797304315	3.6378466393274024e7	7.079540200892326e6
0.19456000000000045	31051.318041876246	3.637843713023299e7	7.102798701661796e6
0.19520000000000046	31053.607280869073	3.637840789380164e7	7.12605716400974e6
0.19584000000000046	31055.914594770686	3.637837840958531e7	7.149315552013735e6
0.19648000000000046	31058.218608951312	3.637834898720086e7	7.172573908821907e6
0.19712000000000046	31060.52419889009	3.637831958779679e7	7.195832230815325e6
0.19776000000000046	31062.835943490463	3.637828999983667e7	7.219090479875023e6
0.19840000000000046	31065.15001776729	3.637826042024954e7	7.242348691631768e6
0.19904000000000047	31067.474357359897	3.637823072500234e7	7.265606847765754e6
0.19968000000000047	31069.801574614918	3.6378201003320426e7	7.288864959939236e6
0.20032000000000047	31072.124856783445	3.637817131745282e7	7.312123035117638e6
0.20096000000000047	31074.462253199585	3.637814141236242e7	7.335381036547165e6
0.20160000000000047	31076.803154718684	3.637811160192837e7	7.358639018587504e6
0.20224000000000047	31079.14452697465	3.637808159259201e7	7.381896919623664e6
0.20288000000000048	31081.493625684307	3.637805153034493e7	7.405154774675302e6
0.20352000000000048	31083.8442459959	3.637802160843223e7	7.428412618013197e6
0.20416000000000048	31086.1988886109	3.6377991454347916e7	7.4516703758432e6
0.20480000000000048	31088.555920285587	3.637796130840735e7	7.474928095629655e6
0.20544000000000048	31090.91930668693	3.6377931116574146e7	7.498185769433331e6
0.20608000000000049	31093.285457047088	3.637790085173491e7	7.521443388715606e6
0.2067200000000005	31095.662805477863	3.6377870372255296e7	7.544700930742961e6
0.2073600000000005	31098.04021998686	3.637784002696674e7	7.567958458591811e6
0.2080000000000005	31100.425307512956	3.6377809506136775e7	7.591215914120018e6
0.2086400000000005	31102.80639506084	3.637777908800887e7	7.614473345790984e6
0.2092800000000005	31105.19520622012	3.637774853364148e7	7.63773071307397e6
0.2099200000000005	31107.597314178376	3.6377717767175496e7	7.660988004171484e6
0.2105600000000005	31109.9939390368	3.63776871622698e7	7.684245282502781e6
0.2112000000000005	31112.396447490766	3.637765645917125e7	7.707502502494767e6
0.2118400000000005	31114.80389422658	3.63776255950232e7	7.730759649887007e6
0.2124800000000005	31117.22550711276	3.6377594638108015e7	7.754016746136571e6
0.2131200000000005	31119.639194478877	3.637756376349168e7	7.777273810964717e6
0.2137600000000005	31122.06388717704	3.637753278270362e7	7.800530819141399e6
0.2144000000000005	31124.48861867964	3.637750170775678e7	7.823787764401907e6
0.2150400000000005	31126.91548471153	3.637747067218397e7	7.847044676925338e6
0.2156800000000005	31129.361107678404	3.637743942787472e7	7.870301516308012e6
0.2163200000000005	31131.802099251265	3.6377408139974065e7	7.89355829950835e6
0.2169600000000005	31134.24928017026	3.637737685687891e7	7.916815045424811e6
0.21760000000000052	31136.694466316603	3.637734548093413e7	7.940071726401731e6
0.21824000000000052	31139.15240378863	3.637731404383568e7	7.963328360709903e6
0.21888000000000052	31141.612336442995	3.6377282566037394e7	7.986584944282526e6
0.21952000000000052	31144.074966570024	3.6377251058352396e7	8.009841479959446e6
0.22016000000000052	31146.54425952199	3.637721946419159e7	8.033097958311786e6
0.22080000000000052	31149.017221462367	3.637718779435559e7	8.056354379212698e6
0.22144000000000053	31151.49532044387	3.637715608796251e7	8.079610752315122e6
0.22208000000000053	31153.983758745933	3.637712417899654e7	8.102867044717174e6
0.22272000000000053	31156.471876719363	3.637709233856525e7	8.126123308105608e6
0.22336000000000053	31158.96045045214	3.63770604769506e7	8.149379523175945e6
0.22400000000000053	31161.46073378406	3.6377028423508465e7	8.172635660395332e6
0.22464000000000053	31163.959261858923	3.637699649064853e7	8.19589177911258e6
0.22528000000000054	31166.46525105152	3.637696438620216e7	8.219147820882936e6
0.22592000000000054	31168.978915117703	3.637693216672583e7	8.242403798305334e6
0.22656000000000054	31171.497850675125	3.6376899940655075e7	8.26565973385246e6
0.22720000000000054	31174.01888216636	3.637686766257079e7	8.288915614728241e6
0.22784000000000054	31176.545339502383	3.637683518964233e7	8.312171410857479e6
0.22848000000000054	31179.074408116725	3.6376802815755434e7	8.335427186831172e6
0.22912000000000055	31181.61952427879	3.637677024609792e7	8.358682885644852e6
0.22976000000000055	31184.15260091013	3.637673781382942e7	8.381938561804793e6
0.23040000000000055	31186.704367710092	3.637670507467117e7	8.405194136885649e6
0.23104000000000055	31189.24494337769	3.6376672537971504e7	8.428449704964615e6
0.23168000000000055	31191.805864778788	3.637663975207534e7	8.451705186042862e6
0.23232000000000055	31194.37288129149	3.637660679928061e7	8.474960587782402e6
0.23296000000000056	31196.934926896887	3.63765740053265e7	8.49821597724721e6
0.23360000000000056	31199.50592872909	3.637654100465729e7	8.52147128003174e6
0.23424000000000056	31202.077336393017	3.6376508075626254e7	8.54472655437583e6
0.23488000000000056	31204.661932674433	3.637647494399872e7	8.567981745784367e6
0.23552000000000056	31207.246607473655	3.6376441831186764e7	8.591236895967608e6
0.23616000000000056	31209.835071643523	3.637640866386822e7	8.614491990480263e6
0.23680000000000057	31212.437091353557	3.6376375343060136e7	8.63774701322478e6
0.23744000000000057	31215.031496583506	3.637634204730278e7	8.661001990129627e6
0.23808000000000057	31217.645476615762	3.637630845901261e7	8.684256866363287e6
0.23872000000000057	31220.251497637564	3.637627510912598e7	8.707511747110695e6
0.23936000000000057	31222.870795487146	3.637624148554992e7	8.730766526423128e6
0.24000000000000057	31225.49027723144	3.63762078603105e7	8.754021259085238e6
0.24064000000000058	31228.119531400283	3.637617422432886e7	8.777275950189881e6
0.24128000000000058	31230.75216992894	3.637614040136961e7	8.80053055232885e6
0.24192000000000058	31233.389760267783	3.637610663839433e7	8.823785126069842e6
0.24256000000000058	31236.028055114733	3.637607274932484e7	8.84703962316632e6
0.24320000000000058	31238.68663587263	3.637603866180604e7	8.870294040597279e6
0.24384000000000058	31241.336479487774	3.637600469833961e7	8.89354843463548e6
0.24448000000000059	31243.990492262077	3.637597067120279e7	8.916802769392394e6
0.2451200000000006	31246.64870279441	3.637593650836102e7	8.94005702710224e6
0.2457600000000006	31249.318126022692	3.637590232694688e7	8.963311241573857e6
0.2464000000000006	31251.993168648853	3.637586792750185e7	8.98656535938837e6
0.2470400000000006	31254.673096545193	3.637583358144385e7	9.009819446614686e6
0.2476800000000006	31257.35533751685	3.637579913112476e7	9.03307346236452e6
0.2483200000000006	31260.045499922817	3.637576456306075e7	9.05632740730065e6
0.2489600000000006	31262.745570260122	3.637572998557981e7	9.07958130964306e6
0.2496000000000006	31265.447108516906	3.6375695266304694e7	9.102835129979905e6
0.2502400000000006	31268.1537810349	3.637566059750742e7	9.126088918899145e6
0.25088000000000055	31270.859347010402	3.637562579730259e7	9.149342626181325e6
0.2515200000000005	31273.581529236497	3.6375590844459176e7	9.172596259501394e6
0.2521600000000005	31276.29703435773	3.63755560712265e7	9.195849884894665e6
0.25280000000000047	31279.028699846967	3.637552098178748e7	9.219103394440418e6
0.25344000000000044	31281.766297675767	3.637548584480004e7	9.24235684795333e6
0.2540800000000004	31284.505201501324	3.637545063421366e7	9.265610235260926e6
0.2547200000000004	31287.247971236997	3.6375415379354365e7	9.288863565597162e6
0.25536000000000036	31289.992286372904	3.6375380159965195e7	9.31211685750485e6
0.25600000000000034	31292.758238419756	3.637534465295073e7	9.335370043284781e6
0.2566400000000003	31295.50894184168	3.637530927941447e7	9.358623202995948e6
0.2572800000000003	31298.275200249744	3.637527380569433e7	9.381876299685776e6
0.25792000000000026	31301.057680458376	3.637523802985596e7	9.405129281543972e6
0.25856000000000023	31303.822754818862	3.637520247055934e7	9.428382257131167e6
0.2592000000000002	31306.607851126482	3.6375166787991025e7	9.451635166543396e6
0.2598400000000002	31309.398787998325	3.63751309109485e7	9.47488798050779e6
0.26048000000000016	31312.193415527643	3.6375094995065905e7	9.498140737589424e6
0.26112000000000013	31314.99238160104	3.637505901990301e7	9.521393432847997e6
0.2617600000000001	31317.79846725053	3.637502294618868e7	9.544646057934815e6
0.2624000000000001	31320.6109886736	3.637498682306318e7	9.567898625037028e6
0.26304000000000005	31323.43228473176	3.637495060110891e7	9.591151122772247e6
0.26368	31326.249323436936	3.6374914369485416e7	9.614403564847747e6
0.26432	31329.08466839971	3.637487789932185e7	9.637655907357598e6
0.26496	31331.919884491534	3.637484152287351e7	9.66090822429246e6
0.26559999999999995	31334.754560520283	3.6374805010717236e7	9.684160454595743e6
0.2662399999999999	31337.6075633626	3.6374768347608134e7	9.70741260779288e6
0.2668799999999999	31340.453586666416	3.637473181392268e7	9.730664739833139e6
0.26751999999999987	31343.31024824632	3.637469508440487e7	9.753916776870621e6
0.26815999999999984	31346.17578739283	3.637465823454479e7	9.777168737463772e6
0.2687999999999998	31349.037121556044	3.637462138529069e7	9.800420644309413e6
0.2694399999999998	31351.919397379683	3.637458438469076e7	9.82367247484602e6
0.27007999999999976	31354.808835130687	3.637454721895527e7	9.846924214960368e6
0.27071999999999974	31357.695089669076	3.637451017708479e7	9.870175935015379e6
0.2713599999999997	31360.58281477474	3.637447301921337e7	9.893427573555887e6
0.2719999999999997	31363.488240829232	3.6374435576746345e7	9.916679096314318e6
0.27263999999999966	31366.38768954216	3.637439825064332e7	9.939930594805248e6
0.27327999999999963	31369.30038348707	3.6374360894457944e7	9.963182043212142e6
0.2739199999999996	31372.21638628905	3.637432332143742e7	9.986433383081881e6
0.2745599999999996	31375.14278711875	3.6374285702081e7	1.0009684665946834e7
0.27519999999999956	31378.063560150553	3.6374248109265625e7	1.0032935900138281e7
0.27583999999999953	31381.00369841886	3.637421027178669e7	1.005618702900787e7
0.2764799999999995	31383.949790942588	3.637417235495037e7	1.0079438088049402e7
0.2771199999999995	31386.897716089486	3.6374134476579875e7	1.0102689106770802e7
0.27775999999999945	31389.850041838636	3.637409643118643e7	1.012594003002054e7
0.2783999999999994	31392.80928905388	3.637405835365812e7	1.014919089684138e7
0.2790399999999994	31395.787921243806	3.637402008321888e7	1.0172441671281075e7
0.2796799999999994	31398.74306700578	3.637398202941276e7	1.0195692436592164e7
0.28031999999999935	31401.717802287774	3.637394372977694e7	1.0218943094599e7
0.2809599999999993	31404.712131018077	3.637390515672438e7	1.0242193637043944e7
0.2815999999999993	31407.70378587173	3.637386668618638e7	1.0265444153229829e7
0.28223999999999927	31410.695952208385	3.6373828069024816e7	1.0288694575328195e7
0.28287999999999924	31413.705422831616	3.637378940139432e7	1.0311944942299219e7
0.2835199999999992	31416.71828749362	3.637375061546268e7	1.0335195224814575e7
0.2841599999999992	31419.733423282236	3.637371174873832e7	1.0358445432495173e7
0.28479999999999916	31422.763559516872	3.637367275089521e7	1.0381695559952691e7
0.28543999999999914	31425.781230768047	3.6373633898300886e7	1.0404945666167231e7
0.2860799999999991	31428.8221831888	3.6373594745323285e7	1.0428195649475075e7
0.2867199999999991	31431.86322005159	3.637355549739446e7	1.0451445551610505e7
0.28735999999999906	31434.908161909112	3.637351630259391e7	1.0474695417665854e7
0.28799999999999903	31437.96673009901	3.63734769706609e7	1.0497945199862136e7
0.288639999999999	31441.028316964297	3.637343750013153e7	1.0521194889941486e7
0.289279999999999	31444.095042777804	3.637339790260401e7	1.0544444492494054e7
0.28991999999999896	31447.1718289016	3.6373358319336094e7	1.0567694051714148e7
0.29055999999999893	31450.251916932797	3.63733186585263e7	1.0590943536141312e7
0.2911999999999989	31453.33680724344	3.63732790143819e7	1.0614192974116942e7
0.2918399999999989	31456.42648462885	3.637323907269463e7	1.0637442273954514e7
0.29247999999999885	31459.533439948278	3.6373199079274856e7	1.0660691515805699e7
0.2931199999999988	31462.64009369101	3.6373159020513214e7	1.068394068312222e7
0.2937599999999988	31465.752425309194	3.6373118895197794e7	1.0707189779646112e7
0.2943999999999988	31468.879420632315	3.637307859482585e7	1.0730438779635882e7
0.29503999999999875	31472.002976605123	3.6373038313597225e7	1.0753687727262069e7
0.2956799999999987	31475.138911331633	3.63729979470486e7	1.0776936602821311e7
0.2963199999999987	31478.284587110003	3.637295737594336e7	1.0800185368937748e7
0.29695999999999867	31481.430482742217	3.637291685218295e7	1.0823434093310786e7
0.29759999999999864	31484.5812307058	3.6372876198842235e7	1.0846682726631846e7
0.2982399999999986	31487.744650376877	3.637283545089546e7	1.086993128456086e7
0.2988799999999986	31490.909945584008	3.637279465916194e7	1.0893179774511317e7
0.29951999999999857	31494.090922012518	3.637275362379197e7	1.091642814620717e7
0.30015999999999854	31497.272511420982	3.637271258409898e7	1.093967646043749e7
0.3007999999999985	31500.460698270646	3.6372671420551665e7	1.0962924685422119e7
0.3014399999999985	31503.655334700663	3.637263027727667e7	1.0986172864252834e7
0.30207999999999846	31506.86728669768	3.6372588775724515e7	1.1009420890187537e7
0.30271999999999843	31510.070357665958	3.637254743327926e7	1.1032668900861235e7
0.3033599999999984	31513.282208560708	3.637250606922209e7	1.1055916854076928e7
0.3039999999999984	31516.508832610245	3.637246433144748e7	1.1079164646907473e7
0.30463999999999836	31519.740345201695	3.637242273959749e7	1.110241243003736e7
0.30527999999999833	31522.979978543124	3.6372380936110586e7	1.1125660096826473e7
0.3059199999999983	31526.21835553899	3.637233912434827e7	1.1148907702556774e7
0.3065599999999983	31529.471878231918	3.637229718658126e7	1.117215522249753e7
0.30719999999999825	31532.732526081036	3.637225508261312e7	1.1195402638472756e7
0.3078399999999982	31536.00439710888	3.637221287160401e7	1.1218649971198017e7
0.3084799999999982	31539.272874637154	3.6372170729221664e7	1.1241897264528504e7
0.3091199999999982	31542.555653301726	3.637212832983419e7	1.1265144430168033e7
0.30975999999999815	31545.83889494601	3.637208592469492e7	1.1288391535872277e7
0.3103999999999981	31549.13154008502	3.637204336763518e7	1.1311638542423936e7
0.3110399999999981	31552.441871038656	3.6372000698136315e7	1.1334885467499722e7
0.31167999999999807	31555.755278366974	3.637195783681415e7	1.135813227605137e7
0.31231999999999804	31559.05920927746	3.637191520377358e7	1.1381379090279529e7
0.312959999999998	31562.39677723919	3.63718722117172e7	1.1404625756460778e7
0.313599999999998	31565.72253985035	3.6371829233859695e7	1.142787235968968e7
0.31423999999999797	31569.063108053644	3.637178601676083e7	1.145111883862383e7
0.31487999999999794	31572.413444081933	3.6371742898906134e7	1.1474365295906298e7
0.3155199999999979	31575.76406630308	3.6371699572664656e7	1.149761162815518e7
0.3161599999999979	31579.127790699735	3.637165607124676e7	1.1520857854233691e7
0.31679999999999786	31582.502824819312	3.63716124954292e7	1.1544104004481811e7
0.31743999999999784	31585.869773095717	3.637156897839213e7	1.1567350107773043e7
0.3180799999999978	31589.254533687505	3.637152522981906e7	1.1590596089552378e7
0.3187199999999978	31592.648554341828	3.637148134678433e7	1.1613841974454124e7
0.31935999999999776	31596.054058430655	3.63714373370982e7	1.1637087766209932e7
0.31999999999999773	31599.451493114146	3.63713935681295e7	1.1660333568816675e7
0.3206399999999977	31602.86721824238	3.6371349312402435e7	1.1683579167402018e7
0.3212799999999977	31606.287193466433	3.637130513429484e7	1.170682473279011e7
0.32191999999999765	31609.725988732036	3.637126079278126e7	1.1730070197410498e7
0.3225599999999976	31613.15926098147	3.637121636521307e7	1.17533155693728e7
0.3231999999999976	31616.600207134186	3.637117182793648e7	1.177656084980917e7
0.3238399999999976	31620.056469821313	3.637112717327686e7	1.1799806041176522e7
0.32447999999999755	31623.52338078536	3.637108234514383e7	1.182305112186637e7
0.3251199999999975	31626.980122421384	3.637103765096552e7	1.184629617742684e7
0.3257599999999975	31630.462982550922	3.637099262734398e7	1.186954108164484e7
0.32639999999999747	31633.954308871937	3.637094751545675e7	1.1892785900667448e7
0.32703999999999744	31637.440240102776	3.637090247929615e7	1.1916030678612899e7
0.3276799999999974	31640.943422112927	3.63708570447345e7	1.1939275275500063e7
0.3283199999999974	31644.449161871762	3.6370811814637244e7	1.1962519878594652e7
0.32895999999999737	31647.966348174086	3.637076636440558e7	1.1985764354573043e7
0.32959999999999734	31651.485495997167	3.6370720854420796e7	1.2009008749493515e7
0.3302399999999973	31655.029907898825	3.637067485102319e7	1.2032252935632914e7
0.3308799999999973	31658.562623395545	3.637062922908844e7	1.205549717674325e7
0.33151999999999726	31662.11410118267	3.637058331413598e7	1.207874127033662e7
0.33215999999999724	31665.67001790366	3.637053726037764e7	1.2101985257471692e7
0.3327999999999972	31669.231935737145	3.637049112575976e7	1.212522915820027e7
0.3334399999999972	31672.808592546753	3.637044487263818e7	1.2148472965627821e7
0.33407999999999716	31676.3921829919	3.637039853260053e7	1.217171668485358e7
0.33471999999999713	31679.98509955638	3.637035204575964e7	1.2194960297243597e7
0.3353599999999971	31683.581469086424	3.6370305428492054e7	1.2218203804086603e7
0.3359999999999971	31687.19149523818	3.6370258734982185e7	1.2241447230106745e7
0.33663999999999705	31690.79488409235	3.637021208211432e7	1.2264690601017168e7
0.337279999999997	31694.424021994884	3.637016510535766e7	1.228793381542278e7
0.337919999999997	31698.059435088177	3.637011807587703e7	1.2311176951391041e7
0.338559999999997	31701.695382957198	3.637007097904261e7	1.233442000005866e7
0.33919999999999695	31705.34767828904	3.637002364918876e7	1.2357662915550528e7
0.3398399999999969	31709.003782269458	3.6369976388551444e7	1.2380905791822115e7
0.3404799999999969	31712.66639436906	3.6369928996136926e7	1.2404148562345002e7
0.34111999999999687	31716.341915866236	3.636988133275227e7	1.2427391183589868e7
0.34175999999999684	31720.021853239985	3.6369833607094355e7	1.245063372074513e7
0.3423999999999968	31723.72033001875	3.636978577546437e7	1.2473876168007905e7
0.3430399999999968	31727.417220478073	3.636973788075e7	1.249711852662953e7
0.34367999999999677	31731.122499035373	3.6369689811632715e7	1.2520360764780382e7
0.34431999999999674	31734.842809463007	3.636964173021443e7	1.2543602942280624e7
0.3449599999999967	31738.56890226474	3.636959329740138e7	1.2566844936045201e7
0.3455999999999967	31742.30269421451	3.636954511131285e7	1.2590086953352695e7
0.34623999999999666	31746.054885584643	3.636949643478582e7	1.2613328746422121e7
0.34687999999999664	31749.79881892199	3.636944787711384e7	1.263657050821774e7
0.3475199999999966	31753.56309559117	3.636939911715643e7	1.2659812146042692e7
0.3481599999999966	31757.327156877174	3.636935030822056e7	1.2683053699443884e7
0.34879999999999656	31761.116047089756	3.6369301135013014e7	1.2706295074662277e7
0.34943999999999653	31764.896241231705	3.6369252167813845e7	1.2729536448419439e7
0.3500799999999965	31768.69957985377	3.636920290966188e7	1.2752777667845242e7
0.3507199999999965	31772.500904009143	3.6369153630672745e7	1.2776018810736373e7
0.35135999999999645	31776.312753359627	3.63691042347871e7	1.2799259851439005e7
0.3519999999999964	31780.14314737058	3.636905466383387e7	1.282250077442889e7
0.3526399999999964	31783.97148579616	3.63690049501148e7	1.2845741577389397e7
0.3532799999999964	31787.818149030147	3.636895508091964e7	1.28689822687405e7
0.35391999999999635	31791.6703868017	3.636890504005864e7	1.2892222834180927e7
0.3545599999999963	31795.525822981945	3.6368855032546245e7	1.2915463344526649e7
0.3551999999999963	31799.398607856456	3.636880481335083e7	1.2938703721924424e7
0.35583999999999627	31803.27684980696	3.636875446940953e7	1.2961943989210125e7
0.35647999999999624	31807.162788628735	3.636870409793969e7	1.2985184182231143e7
0.3571199999999962	31811.05863555031	3.636865354845813e7	1.3008424248600852e7
0.3577599999999962	31814.976264569228	3.63686027697856e7	1.3031664177274514e7
0.35839999999999617	31818.898042780886	3.6368551880766675e7	1.3054903999050885e7
0.35903999999999614	31822.820553941223	3.636850095393702e7	1.307814373756366e7
0.3596799999999961	31826.75247131331	3.636844994507064e7	1.3101383382385297e7
0.3603199999999961	31830.70085451824	3.6368398644518994e7	1.312462286231556e7
0.36095999999999606	31834.65058942334	3.636834748127534e7	1.3147862321953671e7
0.36159999999999604	31838.61896442472	3.636829598920597e7	1.3171101604043623e7
0.362239999999996	31842.59143663161	3.6368244366693966e7	1.3194340770505704e7
0.362879999999996	31846.578285029595	3.636819257203852e7	1.3217579812498149e7
0.36351999999999596	31850.56837868197	3.636814088191025e7	1.3240818823153531e7
0.36415999999999593	31854.574815062057	3.636808884415597e7	1.32640576463381e7
0.3647999999999959	31858.584776594405	3.6368036694997594e7	1.3287296359385066e7
0.3654399999999959	31862.606054792002	3.63679845469144e7	1.3310535008122377e7
0.36607999999999585	31866.64082333716	3.636793215682453e7	1.3333773504920904e7
0.3667199999999958	31870.683456931463	3.636787960238072e7	1.3357011874204513e7
0.3673599999999958	31874.733631023297	3.63678269651733e7	1.3380250145410242e7
0.3679999999999958	31878.80070233725	3.636777412718652e7	1.3403488280848363e7
0.36863999999999575	31882.86274537466	3.636772128037773e7	1.3426726337021213e7
0.3692799999999957	31886.95039832574	3.636766834924783e7	1.3449964305365315e7
0.3699199999999957	31891.04216154237	3.636761513906983e7	1.34732021000897e7
0.37055999999999567	31895.15269208613	3.636756173262755e7	1.3496439760552812e7
0.37119999999999564	31899.2600819024	3.6367508416336596e7	1.3519677378883487e7
0.3718399999999956	31903.376298276555	3.636745489523734e7	1.3542914853100419e7
0.3724799999999956	31907.511323772782	3.636740105049317e7	1.356615214479343e7
0.37311999999999557	31911.667451412744	3.636734715215173e7	1.3589389355502635e7
0.37375999999999554	31915.816028013316	3.6367293090321094e7	1.3612626426067634e7
0.3743999999999955	31919.98570571084	3.6367238930238456e7	1.3635863398538608e7
0.3750399999999955	31924.15359289427	3.636718481207839e7	1.3659100310951129e7
0.37567999999999546	31928.342332216125	3.636713035329099e7	1.3682337033809043e7
0.37631999999999544	31932.53972588531	3.636707579851587e7	1.3705573650873566e7
0.3769599999999954	31936.733401894166	3.636702128563184e7	1.3728810206210328e7
0.3775999999999954	31940.950411383183	3.636696635319605e7	1.3752046542502705e7
0.37823999999999536	31945.185580593527	3.636691135234159e7	1.3775282788496105e7
0.37887999999999533	31949.424047595254	3.6366856223430626e7	1.3798518912197668e7
0.3795199999999953	31953.67736642105	3.636680084828742e7	1.3821754875674186e7
0.3801599999999953	31957.932376340523	3.636674555372815e7	1.3844990794509273e7
0.38079999999999525	31962.195434086458	3.636669002114009e7	1.386822655146276e7
0.3814399999999952	31966.47821501998	3.636663427350688e7	1.3891462162050974e7
0.3820799999999952	31970.77383546598	3.636657839887026e7	1.3914697655208586e7
0.3827199999999952	31975.07000989842	3.636652251304158e7	1.3937933067406807e7
0.38335999999999515	31979.37978716172	3.636646649127541e7	1.3961168358847119e7
0.3839999999999951	31983.70429124401	3.636641003197155e7	1.3984403414120305e7
0.3846399999999951	31988.044745004412	3.63663536395274e7	1.4007638427121928e7
0.38527999999999507	31992.38549373022	3.636629707243577e7	1.4030873295278579e7
0.38591999999999504	31996.740330560395	3.636624046251967e7	1.40541080775976e7
0.386559999999995	32001.118850340205	3.63661835776882e7	1.4077342690138524e7
0.387199999999995	32005.48899284236	3.6366126594024085e7	1.4100577180860758e7
0.38783999999999497	32009.887265341506	3.636606939149326e7	1.4123811525384916e7
0.38847999999999494	32014.27978326432	3.636601204703853e7	1.4147045732406406e7
0.3891199999999949	32018.6978631376	3.6365954609415635e7	1.4170279839766262e7
0.3897599999999949	32023.12328475232	3.636589697943349e7	1.41935137974571e7
0.39039999999999486	32027.558150964436	3.636583915615819e7	1.4216747606012797e7
0.39103999999999484	32032.012894944888	3.636578111518831e7	1.4239981261855554e7
0.3916799999999948	32036.46378599445	3.6365723081352524e7	1.4263214838154264e7
0.3923199999999948	32040.936132824874	3.636566500784393e7	1.4286448331946336e7
0.39295999999999476	32045.420195697432	3.636560643087609e7	1.4309681554952474e7
0.39359999999999473	32049.914241442064	3.636554798537502e7	1.4332914755039426e7
0.3942399999999947	32054.418215079782	3.636548909215789e7	1.43561477040701e7
0.3948799999999947	32058.929403580616	3.6365430412964635e7	1.4379380660831977e7
0.39551999999999465	32063.459494960076	3.636537140878386e7	1.4402613419597512e7
0.3961599999999946	32068.00822259023	3.6365312177861914e7	1.442584601846671e7
0.3967999999999946	32072.55987243897	3.6365252722073294e7	1.4449078448233541e7
0.3974399999999946	32077.122997691025	3.636519331343103e7	1.4472310821723321e7
0.39807999999999455	32081.69578210692	3.636513366148719e7	1.4495543022289788e7
0.3987199999999945	32086.290007149724	3.6365073738251135e7	1.4518775045370793e7
0.3993599999999945	32090.87529282117	3.636501398721124e7	1.4542007049268363e7
0.39999999999999447	32095.505983918603	3.636495358175347e7	1.4565238736291539e7
0.40063999999999445	32100.123602702733	3.636489351877097e7	1.4588470469442716e7
0.4012799999999944	32104.758645176284	3.6364832980649784e7	1.4611701939570982e7
0.4019199999999944	32109.41025936417	3.6364772236903325e7	1.46349332535439e7
0.40255999999999437	32114.063690998082	3.6364711464284435e7	1.4658164473273687e7
0.40319999999999434	32118.736401809372	3.6364650580883816e7	1.4681395576096747e7
0.4038399999999943	32123.42878117084	3.6364589304549046e7	1.4704626448051061e7
0.4044799999999943	32128.128009910004	3.636452797328205e7	1.4727857217425376e7
0.40511999999999426	32132.83738912619	3.636446658764051e7	1.4751087886290759e7
0.40575999999999424	32137.56938248747	3.636440484790778e7	1.4774318340316702e7
0.4063999999999942	32142.299614535976	3.636434308762468e7	1.4797548699861648e7
0.4070399999999942	32147.037266308074	3.636428130544509e7	1.4820778969785588e7
0.40767999999999416	32151.808058999646	3.636421889749955e7	1.484400891908191e7
0.40831999999999413	32156.576869081742	3.6364156760291584e7	1.4867238891763944e7
0.4089599999999941	32161.36407110291	3.636409423951127e7	1.4890468632810898e7
0.4095999999999941	32166.155317844838	3.63640317273433e7	1.4913698293619255e7
0.41023999999999405	32170.977476925233	3.636396867070985e7	1.4936927663148584e7
0.41087999999999403	32175.797579055703	3.636390586453056e7	1.4960157047487874e7
0.411519999999994	32180.63436634539	3.636384273754776e7	1.4983386223067343e7
0.412159999999994	32185.49000478629	3.636377934530874e7	1.5006615213406647e7
0.41279999999999395	32190.359753314493	3.636371570516773e7	1.5029844022340167e7
0.4134399999999939	32195.21370690545	3.636365235710659e7	1.505307285507385e7
0.4140799999999939	32200.11243495877	3.636358839539262e7	1.5076301372641847e7
0.41471999999999387	32205.008474275965	3.6363524404516205e7	1.5099529788400562e7
0.41535999999999385	32209.92850047078	3.63634602789632e7	1.5122758074068448e7
0.4159999999999938	32214.864507625578	3.636339575431203e7	1.5145986114666034e7
0.4166399999999938	32219.791417972618	3.6363331411834076e7	1.5169214136947913e7
0.41727999999999377	32224.761163397052	3.636326641490326e7	1.519244182243574e7
0.41791999999999374	32229.72044872484	3.6363201635746874e7	1.52156695032899e7
0.4185599999999937	32234.70926406721	3.636313658193363e7	1.5238896997088412e7
0.4191999999999937	32239.709300578594	3.636307118393241e7	1.5262124263466014e7
0.41983999999999366	32244.709710008083	3.636300581035223e7	1.5285351450203408e7
0.42047999999999364	32249.742303755516	3.636294016338458e7	1.530857845055959e7
0.4211199999999936	32254.778052790232	3.6362874425764866e7	1.5331805324097069e7
0.4217599999999936	32259.82895354481	3.63628083623835e7	1.535503197841273e7
0.42239999999999356	32264.881407136218	3.636274239541785e7	1.5378258583325025e7
0.42303999999999353	32269.9748879083	3.6362675818374135e7	1.5401484862916088e7
0.4236799999999935	32275.05218185154	3.636260939415324e7	1.5424711106188053e7
0.4243199999999935	32280.154932208643	3.6362542784231566e7	1.5447937193796275e7
0.42495999999999345	32285.28121125214	3.636247576902442e7	1.5471163030912096e7
0.42559999999999343	32290.412925366887	3.636240871171523e7	1.5494388760890093e7
0.4262399999999934	32295.570972810794	3.636234130792566e7	1.551761426589135e7
0.4268799999999934	32300.72987817205	3.636227390666629e7	1.554083967958524e7
0.42751999999999335	32305.904501712	3.636220629326804e7	1.5564064918706851e7
0.4281599999999933	32311.08912864797	3.636213854001138e7	1.5587290010498356e7
0.4287999999999933	32316.30899328941	3.636207022226782e7	1.5610514787005166e7
0.42943999999999327	32321.522381967556	3.6362002044894025e7	1.56337395259693e7
0.43007999999999325	32326.763692665103	3.6361933534972385e7	1.5656964043884402e7
0.4307199999999932	32332.003357107387	3.636186508083248e7	1.5680188490487054e7
0.4313599999999932	32337.267756220517	3.636179622726748e7	1.5703412684530752e7
0.43199999999999317	32342.551308327354	3.636172713582709e7	1.5726636691820182e7
0.43263999999999314	32347.847376425412	3.636165798899498e7	1.5749860587046027e7
0.4332799999999931	32353.161765009707	3.63615884368559e7	1.577308422175614e7
0.4339199999999931	32358.463964227616	3.636151899290298e7	1.579630780068108e7
0.43455999999999306	32363.821890885494	3.636144887070155e7	1.5819531020701796e7
0.43519999999999304	32369.17157774406	3.636137888885022e7	1.5842754200534472e7
0.435839999999993	32374.539548511773	3.636130869330822e7	1.586597720112289e7
0.436479999999993	32379.926626122447	3.636123816217901e7	1.5889199969279991e7
0.43711999999999296	32385.325188505274	3.6361167644017674e7	1.5912422652394855e7
0.43775999999999293	32390.747597994472	3.636109667751154e7	1.5935645055476693e7
0.4383999999999929	32396.16654429079	3.6361025891949154e7	1.5958867438161526e7
0.4390399999999929	32401.61163442423	3.63609544841101e7	1.5982089464765888e7
0.43967999999999285	32407.079571876347	3.636088292806068e7	1.6005311340635173e7
0.44031999999999283	32412.546318038065	3.6360811437406555e7	1.6028533146041874e7
0.4409599999999928	32418.042555805787	3.636073951459944e7	1.6051754678867906e7
0.4415999999999928	32423.54382021729	3.636066747159125e7	1.6074976062323641e7
0.44223999999999275	32429.076643002314	3.636059510566555e7	1.609819722131767e7
0.4428799999999927	32434.616832650332	3.636052249030852e7	1.612141817423738e7
0.4435199999999927	32440.171830847004	3.636044973042119e7	1.6144638971256573e7
0.44415999999999267	32445.74286387013	3.636037689966222e7	1.6167859645467158e7
0.44479999999999265	32451.322586830018	3.6360303834053375e7	1.6191080119686881e7
0.4454399999999926	32456.9331072675	3.636023020644444e7	1.621430025998231e7
0.4460799999999926	32462.554243736027	3.636015679197986e7	1.6237520399812795e7
0.44671999999999257	32468.192641186477	3.6360082841466404e7	1.6260740208564118e7
0.44735999999999254	32473.833380222248	3.6360008998325706e7	1.6283959964769961e7
0.4479999999999925	32479.5122152028	3.635993466507141e7	1.6307179420694513e7
0.4486399999999925	32485.20047630499	3.6359860191664256e7	1.6330398716522595e7
0.44927999999999246	32490.904809559153	3.6359785481829606e7	1.6353617812372852e7
0.44991999999999244	32496.623774951513	3.635971047152964e7	1.6376836678156465e7
0.4505599999999924	32502.36031910003	3.63596354651574e7	1.6400055452034768e7
0.4511999999999924	32508.112648323902	3.635955994242159e7	1.6423273898241747e7
0.45183999999999236	32513.88247902978	3.635948454609934e7	1.6446492307128955e7
0.45247999999999233	32519.65415092172	3.6359408848441854e7	1.6469710476783404e7
0.4531199999999923	32525.472211249198	3.635933255690646e7	1.6492928298428064e7
0.4537599999999923	32531.30356592693	3.635925610723087e7	1.6516145950476652e7
0.45439999999999225	32537.13226357749	3.635917978075934e7	1.6539363551739773e7
0.45503999999999223	32542.989414002473	3.6359102987873144e7	1.6562580851112567e7
0.4556799999999922	32548.859883292887	3.635902598054142e7	1.6585797954224506e7
0.4563199999999922	32554.752290516255	3.635894884974844e7	1.6609014906842234e7
0.45695999999999215	32560.652281231778	3.635887141156159e7	1.6632231616841702e7
0.4575999999999921	32566.583840772208	3.635879364282263e7	1.6655448086030584e7
0.4582399999999921	32572.5183056098	3.635871596930265e7	1.6678664493290205e7
0.45887999999999207	32578.48193754798	3.63586376336379e7	1.6701880505469518e7
0.45951999999999205	32584.46271205501	3.635855929572464e7	1.6725096417977707e7
0.460159999999992	32590.464105378407	3.635848054522784e7	1.67483120438344e7
0.460799999999992	32596.486227582805	3.6358401586207114e7	1.6771527476297861e7
0.46143999999999197	32602.50961787869	3.635832277804637e7	1.679474287028123e7
0.46207999999999194	32608.569472098974	3.635824309178303e7	1.6817957769541245e7
0.4627199999999919	32614.63128696161	3.635816365950921e7	1.6841172677625667e7
0.4633599999999919	32620.726110906595	3.6358083531645894e7	1.6864387171683304e7
0.46399999999999186	32626.8285214941	3.635800357217808e7	1.6887601637577858e7
0.46463999999999184	32632.954761606125	3.635792316830595e7	1.6910815799582552e7
0.4652799999999918	32639.08600197765	3.6357842751517095e7	1.6934029847492553e7
0.4659199999999918	32645.249590358217	3.635776186498254e7	1.6957243583033584e7
0.46655999999999176	32651.436259812952	3.635768071073267e7	1.698045709455757e7
0.46719999999999173	32657.636848574843	3.63575991854216e7	1.7003670328341592e7
0.4678399999999917	32663.851885358148	3.635751773880482e7	1.7026883494341455e7
0.4684799999999917	32670.082927690324	3.6357435917627215e7	1.705009638116742e7
0.46911999999999165	32676.34647455511	3.6357353590068795e7	1.707330893498918e7
0.46975999999999163	32682.623644029427	3.635727124692452e7	1.7096521375315968e7
0.4703999999999916	32688.919073063586	3.635718862647096e7	1.711973358143273e7
0.4710399999999916	32695.24089129621	3.635710551184518e7	1.7142945454921108e7
0.47167999999999155	32701.56915597122	3.635702247954069e7	1.716615725616593e7
0.4723199999999915	32707.92223203535	3.63569391555632e7	1.71893688183587e7
0.4729599999999915	32714.29323345241	3.6356855588385336e7	1.7212580160188176e7
0.47359999999999147	32720.682697509437	3.635677153840414e7	1.7235791167959858e7
0.47423999999999145	32727.105955229556	3.6356687119968206e7	1.7259001903000433e7
0.4748799999999914	32733.547108921786	3.63566026157928e7	1.728221249044521e7
0.4755199999999914	32739.985367921177	3.635651784705375e7	1.7305422834156457e7
0.47615999999999137	32746.456428947764	3.6356432927109376e7	1.732863300630783e7
0.47679999999999134	32752.95933597107	3.635634759317224e7	1.735184288074879e7
0.4774399999999913	32759.472500985732	3.6356261933815464e7	1.7375052487630654e7
0.4780799999999913	32766.006716692973	3.635617597936109e7	1.7398261846438207e7
0.47871999999999126	32772.555214577005	3.635609005925325e7	1.7421471110747658e7
0.47935999999999124	32779.12578988214	3.635600359788547e7	1.7444680008733302e7
0.4799999999999912	32785.727875285615	3.635591690093563e7	1.746788869094393e7
0.4806399999999912	32792.348420396585	3.6355829961958885e7	1.7491097146991216e7
0.48127999999999116	32798.984636452704	3.635574254387286e7	1.7514305260825433e7
0.48191999999999113	32805.635920131404	3.635565515317359e7	1.7537513275274597e7
0.4825599999999911	32812.333430015366	3.635556712542836e7	1.7560720885856412e7
0.4831999999999911	32819.02919763034	3.635547900742564e7	1.758392833067708e7
0.48383999999999106	32825.75898399892	3.6355390646922745e7	1.760713555436396e7
0.48447999999999103	32832.487485294594	3.635530202950786e7	1.7630342531204063e7
0.485119999999991	32839.26123517101	3.6355213029244676e7	1.7653549223571617e7
0.485759999999991	32846.05285725385	3.635512373361396e7	1.76767556590613e7
0.48639999999999095	32852.86381706301	3.635503415298294e7	1.769996184286702e7
0.4870399999999909	32859.68314747825	3.635494445463514e7	1.77231678502525e7
0.4876799999999909	32866.537016402865	3.635485432544649e7	1.7746373541677658e7
0.4883199999999909	32873.41320206414	3.6354763930900484e7	1.7769578990804225e7
0.48895999999999085	32880.32643924338	3.635467283573922e7	1.7792783991786227e7
0.4895999999999908	32887.247805848165	3.635458180657907e7	1.7815988903780885e7
0.4902399999999908	32894.178893706856	3.6354490585663415e7	1.7839193601348154e7
0.49087999999999077	32901.141047753146	3.635439889600327e7	1.7862397958999984e7
0.49151999999999074	32908.13167871444	3.6354306795477115e7	1.788560200290857e7
0.4921599999999907	32915.137012539504	3.6354214622407235e7	1.7908805891744055e7
0.4927999999999907	32922.180221444425	3.635412200215985e7	1.793200945247235e7
0.49343999999999066	32929.234855758405	3.6354029267802455e7	1.7955212835112635e7
0.49407999999999064	32936.32637571289	3.6353935832208805e7	1.7978415762217384e7
0.4947199999999906	32943.4116993041	3.635384259002651e7	1.8001618653201e7
0.4953599999999906	32950.547130369865	3.635374852818807e7	1.802482103502677e7
0.49599999999999056	32957.694840614175	3.635365421709451e7	1.8048023169878207e7
0.49663999999999053	32964.866487120074	3.635355999445095e7	1.807122523083873e7
0.4972799999999905	32972.06087414315	3.6353465221426435e7	1.809442689975324e7
0.4979199999999905	32979.2996343492	3.6353369950643055e7	1.8117628212584257e7
0.49855999999999046	32986.531215594405	3.635327445555599e7	1.8140829278774396e7
0.49919999999999043	32993.80303309451	3.635317881823249e7	1.8164030162620284e7
0.4998399999999904	33001.0937058058	3.6353082629677266e7	1.818723064864543e7
0.5004799999999904	33008.41291345921	3.635298618104032e7	1.821043088630524e7
0.5011199999999904	33015.75360781889	3.635288953465874e7	1.8233630902767703e7
0.5017599999999903	33023.13230616293	3.635279228694705e7	1.8256830503338423e7
0.5023999999999903	33030.528990805855	3.6352694711858466e7	1.8280029814463165e7
0.5030399999999903	33037.92638300835	3.635259729017175e7	1.8303229068742946e7
0.5036799999999902	33045.364485220496	3.635249922084246e7	1.832642788285488e7
0.5043199999999902	33052.846894799455	3.635240051794462e7	1.834962626435829e7
0.5049599999999902	33060.33106582337	3.635230189387075e7	1.8372824550619442e7
0.5055999999999902	33067.84916431788	3.63522028978139e7	1.839602252976119e7
0.5062399999999901	33075.39897887474	3.635210328181574e7	1.841922007438585e7
0.5068799999999901	33082.97137832553	3.6352003386064224e7	1.8442417351173952e7
0.5075199999999901	33090.550990791904	3.6351903405631304e7	1.8465614450977586e7
0.5081599999999901	33098.18467020844	3.635180268531142e7	1.8488811063715685e7
0.50879999999999	33105.82284539598	3.635170204384285e7	1.851200758008854e7
0.50943999999999	33113.50199162995	3.6351600630766064e7	1.8535203584874116e7
0.51007999999999	33121.192511754525	3.635149921538049e7	1.8558399454416275e7
0.51071999999999	33128.90729104698	3.635139732860251e7	1.858159495542287e7
0.5113599999999899	33136.68005205011	3.635129484609358e7	1.8604790039838683e7
0.5119999999999899	33144.45566197599	3.63511923150654e7	1.862798495967616e7
0.5126399999999899	33152.2488020046	3.6351089132666945e7	1.865117941294616e7
0.5132799999999899	33160.081764348375	3.6350986091108374e7	1.867437381584008e7
0.5139199999999898	33167.95041971369	3.6350882178215615e7	1.8697567646368213e7
0.5145599999999898	33175.83036279048	3.635077811643861e7	1.8720761262685597e7
0.5151999999999898	33183.73783728592	3.635067376082532e7	1.8743954597680353e7
0.5158399999999898	33191.677762316256	3.635056896728041e7	1.8767147578786958e7
0.5164799999999897	33199.642793329855	3.635046365985544e7	1.8790340162325196e7
0.5171199999999897	33207.6586911307	3.635035774641449e7	1.881353231205426e7
0.5177599999999897	33215.6837654873	3.6350251807564594e7	1.883672430722334e7
0.5183999999999896	33223.73912590751	3.635014548464326e7	1.8859915972001728e7
0.5190399999999896	33231.822185246	3.6350038554539174e7	1.8883107188545853e7
0.5196799999999896	33239.92640943668	3.634993151496192e7	1.8906298211148012e7
0.5203199999999896	33248.084516954026	3.6349823834057935e7	1.8929488778517738e7
0.5209599999999895	33256.23542146485	3.634971618988924e7	1.8952679213300616e7
0.5215999999999895	33264.433743538524	3.634960774272296e7	1.897586910370682e7
0.5222399999999895	33272.65458875471	3.634949907528101e7	1.8999058740530696e7
0.5228799999999895	33280.90475077672	3.634939004941737e7	1.9022248054313663e7
0.5235199999999894	33289.181653445325	3.634928055141353e7	1.904543698354986e7
0.5241599999999894	33297.50098701975	3.634917076558006e7	1.906862563135572e7
0.5247999999999894	33305.837135183436	3.634906042093474e7	1.9091813842712805e7
0.5254399999999894	33314.23199694482	3.634894950541888e7	1.911500163006338e7
0.5260799999999893	33322.62290086992	3.634883866564968e7	1.9138189302669775e7
0.5267199999999893	33331.05649237324	3.6348727247717254e7	1.9161376538333952e7
0.5273599999999893	33339.54099701771	3.634861480889062e7	1.9184563106272995e7
0.5279999999999893	33348.04063584452	3.634850257676215e7	1.9207749635710143e7
0.5286399999999892	33356.5621467694	3.634838973115238e7	1.92309356966095e7
0.5292799999999892	33365.095169449036	3.634827704442352e7	1.9254121691670254e7
0.5299199999999892	33373.680309912175	3.634816337802826e7	1.9277307036924426e7
0.5305599999999892	33382.32944022664	3.6348048946161024e7	1.930049184960722e7
0.5311999999999891	33390.95909331998	3.634793468994688e7	1.9323676588922337e7
0.5318399999999891	33399.64745639126	3.634781962840834e7	1.9346860770125482e7
0.5324799999999891	33408.360819934074	3.634770437477715e7	1.937004470233148e7
0.533119999999989	33417.1180451866	3.6347588531423315e7	1.9393228181944937e7
0.533759999999989	33425.89757259601	3.634747234298454e7	1.941641132827528e7
0.534399999999989	33434.702945327146	3.634735582299757e7	1.9439594149500847e7
0.535039999999989	33443.549383290105	3.634723879911171e7	1.946277655979758e7
0.5356799999999889	33452.426277397186	3.634712108448812e7	1.948595845310732e7
0.5363199999999889	33461.3420575401	3.634700307770907e7	1.9509140045721766e7
0.5369599999999889	33470.28297922119	3.634688469494973e7	1.95323212856305e7
0.5375999999999889	33479.251163001165	3.634676588134711e7	1.9555502143549573e7
0.5382399999999888	33488.25173761526	3.634664678496369e7	1.957868270066081e7
0.5388799999999888	33497.316178005225	3.634652668355566e7	1.9601862581670072e7
0.5395199999999888	33506.387426289795	3.634640645862109e7	1.96250422338369e7
0.5401599999999888	33515.50333991775	3.634628562897293e7	1.9648221414401438e7
0.5407999999999887	33524.6383512724	3.634616465445692e7	1.9671400359060798e7
0.5414399999999887	33533.82532441413	3.634604289729472e7	1.9694578737251606e7
0.5420799999999887	33543.05124310176	3.634592076456072e7	1.9717756762077905e7
0.5427199999999887	33552.301524264876	3.634579801349705e7	1.974093429432572e7
0.5433599999999886	33561.576588256976	3.634567508397247e7	1.976411157196013e7
0.5439999999999886	33570.8939966996	3.634555161371175e7	1.9787288405521274e7
0.5446399999999886	33580.25557731252	3.63454274459423e7	1.9810464709337283e7
0.5452799999999886	33589.63095804266	3.634530303475188e7	1.983364071577833e7
0.5459199999999885	33599.06464621721	3.6345178147721685e7	1.9856816317678362e7
0.5465599999999885	33608.5349003287	3.634505229660585e7	1.9879991237297677e7
0.5471999999999885	33618.03729465789	3.634492641415705e7	1.9903165981113337e7
0.5478399999999884	33627.5791377602	3.634479981972179e7	1.9926340179418895e7
0.5484799999999884	33637.15461722065	3.634467295793808e7	1.9949514072022226e7
0.5491199999999884	33646.76493298016	3.634454534760113e7	1.9972687394647293e7
0.5497599999999884	33656.40669297989	3.634441720132746e7	1.9995860261150807e7
0.5503999999999883	33666.08594825983	3.634428909218665e7	2.001903298858145e7
0.5510399999999883	33675.817900403796	3.634415985397318e7	2.0042204941137522e7
0.5516799999999883	33685.585221669004	3.6344030189364746e7	2.0065376496434897e7
0.5523199999999883	33695.377223418094	3.634390014081586e7	2.008854767225037e7
0.5529599999999882	33705.20379235095	3.634376963030312e7	2.011171842907532e7
0.5535999999999882	33715.08708401472	3.634363853384789e7	2.013488870721207e7
0.5542399999999882	33724.99405029706	3.634350707713839e7	2.0158058615780614e7
0.5548799999999882	33734.95493742991	3.63433746798691e7	2.0181227845507085e7
0.5555199999999881	33744.957729502734	3.634324186075811e7	2.0204396677299526e7
0.5561599999999881	33754.99674730129	3.634310866661876e7	2.0227565133782577e7
0.5567999999999881	33765.03773216017	3.6342975232306994e7	2.0250733274070993e7
0.5574399999999881	33775.15949184227	3.6342840686587036e7	2.027390064691535e7
0.558079999999988	33785.3205561489	3.6342705885870025e7	2.029706770964608e7
0.558719999999988	33795.52235983909	3.6342570178652525e7	2.0320234098323256e7
0.559359999999988	33805.75657816734	3.634243421051798e7	2.0343400168573502e7
0.559999999999988	33816.0312358202	3.6342297830706105e7	2.0366565838938743e7
0.5606399999999879	33826.34879936177	3.63421605273791e7	2.038973082267787e7
0.5612799999999879	33836.69508227892	3.6342023110951416e7	2.041289556658087e7
0.5619199999999879	33847.10050699594	3.6341884808353595e7	2.0436059649299715e7
0.5625599999999878	33857.54990283811	3.634174575812453e7	2.0459223140319593e7
0.5631999999999878	33868.056971195634	3.6341606089570716e7	2.0482386116930805e7
0.5638399999999878	33878.560632359266	3.634146651586331e7	2.0505548953309335e7
0.5644799999999878	33889.13047141635	3.6341325902041934e7	2.0528711039287098e7
0.5651199999999877	33899.73168741716	3.634118492667501e7	2.055187274107836e7
0.5657599999999877	33910.4195711451	3.6341042654992536e7	2.0575033553082705e7
0.5663999999999877	33921.09694928125	3.634090082047552e7	2.0598194412354097e7
0.5670399999999877	33931.84412507276	3.6340757743648656e7	2.0621354402190477e7
0.5676799999999876	33942.646461675904	3.6340614074645504e7	2.0644513882812623e7
0.5683199999999876	33953.4498359283	3.634047023164443e7	2.0667673067272887e7
0.5689599999999876	33964.358473907756	3.634032531558347e7	2.069083148863051e7
0.5695999999999876	33975.285790089525	3.634017978497121e7	2.0713989368523203e7
0.5702399999999875	33986.240493070465	3.634003388876214e7	2.073714685144157e7
0.5708799999999875	33997.27390962929	3.63398870802547e7	2.0760303646555446e7
0.5715199999999875	34008.32038920477	3.633973983741714e7	2.0783459997000556e7
0.5721599999999875	34019.430001447785	3.63395919110782e7	2.0806615780773867e7
0.5727999999999874	34030.56979585054	3.6339443647954e7	2.082977118096438e7
0.5734399999999874	34041.76990721704	3.633929438193646e7	2.0852925827748813e7
0.5740799999999874	34053.04927490525	3.633914427590494e7	2.0876079820658218e7
0.5747199999999874	34064.331514659934	3.633899391743997e7	2.0899233463137195e7
0.5753599999999873	34075.67738440908	3.633884287833115e7	2.0922386534120664e7
0.5759999999999873	34087.056319280564	3.633869109033989e7	2.094553897991469e7
0.5766399999999873	34098.502393027506	3.633853867558455e7	2.0968690883861724e7
0.5772799999999872	34110.00607249208	3.6338385384417e7	2.0991842096482746e7
0.5779199999999872	34121.533384801005	3.633823187398078e7	2.1014992981421567e7
0.5785599999999872	34133.143492488474	3.633807708865409e7	2.1038142952404723e7
0.5791999999999872	34144.76207425552	3.6337922239490286e7	2.1061292676993154e7
0.5798399999999871	34156.45422678064	3.633776643125255e7	2.1084441663304932e7
0.5804799999999871	34168.17219178408	3.6337610261246994e7	2.1107590236046083e7
0.5811199999999871	34179.990425834534	3.633745263813374e7	2.1130737791461386e7
0.5817599999999871	34191.82229554332	3.633729466962387e7	2.1153884934756797e7
0.582399999999987	34203.6995364348	3.633713616818548e7	2.1177031569277167e7
0.583039999999987	34215.65521377103	3.6336976711331606e7	2.120017746137224e7
0.583679999999987	34227.633543443066	3.633681715442494e7	2.1223323085091084e7
0.584319999999987	34239.706759631066	3.633665590576894e7	2.1246467540164273e7
0.5849599999999869	34251.7895780263	3.633649481133123e7	2.1269611867582306e7
0.5855999999999869	34263.95716290767	3.633633236972899e7	2.1292755219561134e7
0.5862399999999869	34276.17011356537	3.6336169242824234e7	2.1315897965058994e7
0.5868799999999869	34288.41976589818	3.6336005888896756e7	2.133904036804894e7
0.5875199999999868	34300.75454194184	3.633584139814741e7	2.1362181913472548e7
0.5881599999999868	34313.118205082494	3.63356762051478e7	2.138532283142083e7
0.5887999999999868	34325.534654277355	3.633551045837407e7	2.140846321774001e7
0.5894399999999868	34338.03157861443	3.633534341901826e7	2.1431602647150557e7
0.5900799999999867	34350.56201627193	3.633517617544046e7	2.1454741739985134e7
0.5907199999999867	34363.164668486934	3.63350079184865e7	2.147788003364338e7
0.5913599999999867	34375.814777513835	3.633483890742359e7	2.150101766924422e7
0.5919999999999866	34388.508234012355	3.633466936029941e7	2.1524154772656243e7
0.5926399999999866	34401.288755323614	3.6334498446890295e7	2.1547290868551947e7
0.5932799999999866	34414.11973417698	3.633432723799514e7	2.1570426574535552e7
0.5939199999999866	34426.97986097435	3.633415529404636e7	2.159356162022147e7
0.5945599999999865	34439.940232225534	3.633398208388251e7	2.161669571716045e7
0.5951999999999865	34452.925122646986	3.633380865109554e7	2.1639829453221224e7
0.5958399999999865	34465.994077183386	3.6333633711197555e7	2.1662962086645696e7
0.5964799999999865	34479.11577047994	3.633345863397461e7	2.168609441878839e7
0.5971199999999864	34492.292918726904	3.633328243102835e7	2.1709225860186253e7
0.5977599999999864	34505.53612487867	3.633310514801364e7	2.173235644012701e7
0.5983999999999864	34518.83518520863	3.633292736646597e7	2.1755486500303123e7
0.5990399999999864	34532.19122783388	3.633274880548265e7	2.177861587183054e7
0.5996799999999863	34545.62941715495	3.6332569031580515e7	2.1801744303225983e7
0.6003199999999863	34559.125354120246	3.6332388453891605e7	2.1824872027861245e7
0.6009599999999863	34572.65145895272	3.633220749535986e7	2.1847999287249144e7
0.6015999999999863	34586.292592449	3.633202499188162e7	2.187112541408431e7
0.6022399999999862	34599.9571297804	3.633184205747631e7	2.1894251039641976e7
0.6028799999999862	34613.704393037864	3.633165820884031e7	2.191737589523371e7
0.6035199999999862	34627.512601553244	3.633147354347548e7	2.194050002915408e7
0.6041599999999862	34641.4076024321	3.6331287222207054e7	2.1963622942953456e7
0.6047999999999861	34655.35284039682	3.633110056002839e7	2.198674541414719e7
0.6054399999999861	34669.336470712646	3.633091324706736e7	2.2009867249701843e7
0.6060799999999861	34683.403936735194	3.633072490304159e7	2.2032988235713698e7
0.606719999999986	34697.56587665941	3.6330535369278535e7	2.205610827795614e7
0.607359999999986	34711.76780502785	3.6330345032717206e7	2.2079227587581582e7
0.607999999999986	34726.040653625605	3.633015394830999e7	2.2102346208508186e7
0.608639999999986	34740.41816037393	3.632996160568535e7	2.2125463841735065e7
0.6092799999999859	34754.81566931267	3.632976852286055e7	2.214858076718628e7
0.6099199999999859	34769.30428951059	3.632957433771645e7	2.2171696790276762e7
0.6105599999999859	34783.84857266033	3.632937948266768e7	2.21948121589252e7
0.6111999999999859	34798.468085555185	3.632918370755931e7	2.22179267264514e7
0.6118399999999858	34813.189880101956	3.6328986470795676e7	2.2241040170074973e7
0.6124799999999858	34827.95919949145	3.632878838354641e7	2.226415283990298e7
0.6131199999999858	34842.80937906895	3.6328589269099295e7	2.2287264638762217e7
0.6137599999999858	34857.71327307956	3.632838939156027e7	2.231037571613811e7
0.6143999999999857	34872.689439313304	3.632818852121313e7	2.233348593648063e7
0.6150399999999857	34887.76174242018	3.632798652716638e7	2.2356595226428255e7
0.6156799999999857	34902.93024673907	3.632778308342982e7	2.237970338295798e7
0.6163199999999857	34918.131438063625	3.632757914623791e7	2.2402810968078986e7
0.6169599999999856	34933.42467117213	3.632737397809257e7	2.2425917548509516e7
0.6175999999999856	34948.802785577245	3.632716771522127e7	2.2449023203105338e7
0.6182399999999856	34964.243289933685	3.63269605454903e7	2.2472128037161764e7
0.6188799999999856	34979.780148703176	3.632675222437393e7	2.2495231910430286e7
0.6195199999999855	34995.39476096761	3.6326542575432666e7	2.2518334704130173e7
0.6201599999999855	35011.0811726625	3.6326331945480175e7	2.2541436628381085e7
0.6207999999999855	35026.83201569735	3.6326120591026045e7	2.2564537837608796e7
0.6214399999999854	35042.66920068888	3.6325907894264266e7	2.258763795466367e7
0.6220799999999854	35058.60786704629	3.6325693887185864e7	2.2610737002425168e7
0.6227199999999854	35074.60798593484	3.632547928099707e7	2.26338354059629e7
0.6233599999999854	35090.683656470654	3.632526342928869e7	2.265693276637324e7
0.6239999999999853	35106.854242165486	3.632504627022044e7	2.268002904981208e7
0.6246399999999853	35123.12335248534	3.632482763285738e7	2.2703124148169093e7
0.6252799999999853	35139.46915405553	3.6324608251412824e7	2.2726218509324282e7
0.6259199999999853	35155.888982228666	3.632438752556478e7	2.2749311754951447e7
0.6265599999999852	35172.41616371706	3.63241654153391e7	2.277240386972651e7
0.6271999999999852	35189.007256542405	3.6323942564564034e7	2.2795495238399267e7
0.6278399999999852	35205.68444535841	3.632371839154035e7	2.2818585502467338e7
0.6284799999999852	35222.468083483014	3.6323492878070906e7	2.284167465535184e7
0.6291199999999851	35239.324047680275	3.632326626838783e7	2.2864762835270416e7
0.6297599999999851	35256.27012005829	3.632303841192458e7	2.2887849951742332e7
0.6303999999999851	35273.319620377246	3.6322809139980815e7	2.2910935900775056e7
0.6310399999999851	35290.46650472711	3.632257882405062e7	2.2934020911649946e7
0.631679999999985	35307.68104368619	3.6322347333492115e7	2.2957104888701767e7
0.632319999999985	35325.01631580228	3.6322114222499974e7	2.2980187567169633e7
0.632959999999985	35342.40388199065	3.632188015831028e7	2.3003269340924375e7
0.633599999999985	35359.906355494786	3.6321644935860775e7	2.3026350101049494e7
0.6342399999999849	35377.523985170024	3.632140806421361e7	2.304942953381911e7
0.6348799999999849	35395.22360197591	3.632116990775253e7	2.307250785507493e7
0.6355199999999849	35413.014113479236	3.632093079331403e7	2.3095585273150466e7
0.6361599999999848	35430.91581966174	3.632068981982675e7	2.3118661220192265e7
0.6367999999999848	35448.87598804111	3.632044792987351e7	2.3141736273501758e7
0.6374399999999848	35466.97506386036	3.632020461043553e7	2.3164810133354627e7
0.6380799999999848	35485.162715480255	3.63199598208597e7	2.3187882752583593e7
0.6387199999999847	35503.442100433924	3.6319713836335614e7	2.3210954305105772e7
0.6393599999999847	35521.845171171	3.631946598424626e7	2.3234024369929668e7
0.6399999999999847	35540.357180717874	3.6319216603147216e7	2.325709315459872e7
0.6406399999999847	35558.96012687855	3.63189662476893e7	2.3280161004830312e7
0.6412799999999846	35577.64372237288	3.6318714799596235e7	2.3303227839040607e7
0.6419199999999846	35596.43956414357	3.631846145441991e7	2.33262931498998e7
0.6425599999999846	35615.347164071965	3.631820685948324e7	2.3349357349319316e7
0.6431999999999846	35634.387028818644	3.6317950641270444e7	2.3372420201756474e7
0.6438399999999845	35653.52353110828	3.63176927180934e7	2.3395481638557535e7
0.6444799999999845	35672.76788079085	3.631743352671233e7	2.341854194173198e7
0.6451199999999845	35692.11676891517	3.631717292080846e7	2.344160101307034e7
0.6457599999999845	35711.55438388433	3.631691095818393e7	2.3464658881381236e7
0.6463999999999844	35731.14514144469	3.631664686383318e7	2.3487715065703217e7
0.6470399999999844	35750.8291837496	3.6316381820763275e7	2.35107703059748e7
0.6476799999999844	35770.62514410282	3.631611492896559e7	2.3533824023842636e7
0.6483199999999844	35790.52355256519	3.63158467398589e7	2.3556876569707725e7
0.6489599999999843	35810.55815417705	3.631557688784638e7	2.357992771547066e7
0.6495999999999843	35830.695438523115	3.631530532615045e7	2.360297741554842e7
0.6502399999999843	35850.96939890436	3.631503210447258e7	2.3626025710668642e7
0.6508799999999842	35871.36814006319	3.63147571911552e7	2.3649072572623584e7
0.6515199999999842	35891.88518058485	3.631448024127225e7	2.3672117770940855e7
0.6521599999999842	35912.497888953076	3.631420248132096e7	2.36951620934834e7
0.6527999999999842	35933.25604896769	3.6313922605300985e7	2.371820470324011e7
0.6534399999999841	35954.11909251784	3.631364107513848e7	2.3741245883650616e7
0.6540799999999841	35975.1384935341	3.631335781267395e7	2.376428559802088e7
0.6547199999999841	35996.26488993626	3.631307288039989e7	2.3787323866596036e7
0.6553599999999841	36017.52234839333	3.631278591186343e7	2.3810360454100393e7
0.655999999999984	36038.908765135704	3.631249749673224e7	2.383339574247098e7
0.656639999999984	36060.42518603612	3.631220734724674e7	2.3856429540087394e7
0.657279999999984	36082.0516926916	3.631191532443506e7	2.3879461745200217e7
0.657919999999984	36103.83949568383	3.631162156299216e7	2.3902492460137907e7
0.6585599999999839	36125.736211349395	3.631132605563031e7	2.392552165856732e7
0.6591999999999839	36147.81611673355	3.631102816735427e7	2.3948548943651933e7
0.6598399999999839	36170.003888676794	3.63107286601947e7	2.397157478766506e7
0.6604799999999839	36192.3359367066	3.631042736835344e7	2.3994599090146724e7
0.6611199999999838	36214.78375211883	3.631012427997199e7	2.401762182989241e7
0.6617599999999838	36237.40014551217	3.630981900955916e7	2.40406427659905e7
0.6623999999999838	36260.14867533488	3.630951206627543e7	2.406366221889305e7
0.6630399999999838	36283.045301860446	3.6309203114908986e7	2.408667996825358e7
0.6636799999999837	36306.05789236221	3.6308892266845495e7	2.4109696073049787e7
0.6643199999999837	36329.25254429068	3.630857918769937e7	2.4132710329465922e7
0.6649599999999837	36352.605035564055	3.630826399249753e7	2.415572280124168e7
0.6655999999999836	36376.06709249024	3.6307947069129415e7	2.4178733726047676e7
0.6662399999999836	36399.67824110846	3.630762840508577e7	2.4201743105213504e7
0.6668799999999836	36423.477118455456	3.6307306953949444e7	2.4224750250146907e7
0.6675199999999836	36447.42424584868	3.630698366300017e7	2.4247755774338536e7
0.6681599999999835	36471.528188316275	3.630665801812374e7	2.427075933330297e7
0.6687999999999835	36495.7719283155	3.630633055094167e7	2.429376127213185e7
0.6694399999999835	36520.20772080917	3.6306000609456785e7	2.4316761167858344e7
0.6700799999999835	36544.755413761384	3.630566908590726e7	2.4339759586790245e7
0.6707199999999834	36569.49429614072	3.630533504562699e7	2.4362755924884167e7
0.6713599999999834	36594.39819338178	3.6304998451691724e7	2.4385750143549427e7
0.6719999999999834	36619.467298212265	3.630465987734857e7	2.4408742622851454e7
0.6726399999999834	36644.723202534144	3.630431878845862e7	2.4431733006455787e7
0.6732799999999833	36670.107839498865	3.63039759655643e7	2.4454721795727853e7
0.6739199999999833	36695.67964104908	3.630363044275448e7	2.4477708355197847e7
0.6745599999999833	36721.43680879726	3.630328247898231e7	2.4500692853416752e7
0.6751999999999833	36747.31210008245	3.6302932913065225e7	2.452367582987114e7
0.6758399999999832	36773.45518715138	3.630257976424644e7	2.454665599110117e7
0.6764799999999832	36799.71002461414	3.630222515053951e7	2.4569634712023523e7
0.6771199999999832	36826.190471328104	3.6301867366394386e7	2.459261087151174e7
0.6777599999999832	36852.81286187292	3.630150778441834e7	2.461558536638337e7
0.6783999999999831	36879.648688577894	3.630114528553219e7	2.4638557456722673e7
0.6790399999999831	36906.66304219347	3.630078044755325e7	2.4661527517675966e7
0.6796799999999831	36933.84380638443	3.630041330912804e7	2.468449556679559e7
0.680319999999983	36961.22072737038	3.630004369102899e7	2.4707461486922354e7
0.680959999999983	36988.80754497137	3.629967108312015e7	2.4730424929920033e7
0.681599999999983	37016.55938527142	3.629929651380553e7	2.4753386576317504e7
0.682239999999983	37044.52253043002	3.62989187352411e7	2.477634558540954e7
0.682879999999983	37072.706987301855	3.629853843498546e7	2.4799302423322067e7
0.6835199999999829	37101.06603844452	3.6298155473176844e7	2.482225697440506e7
0.6841599999999829	37129.61827373315	3.629777001413414e7	2.4845209351504967e7
0.6847999999999829	37158.39101245339	3.629738179001454e7	2.4868159374648463e7
0.6854399999999828	37187.34967841212	3.629699073106732e7	2.4891106979417004e7
0.6860799999999828	37216.56592914552	3.6296596561649814e7	2.491405199339256e7
0.6867199999999828	37245.96110077365	3.629619970414218e7	2.4936994675521545e7
0.6873599999999828	37275.58414383199	3.629579997389043e7	2.495993490867943e7
0.6879999999999827	37305.44031175268	3.6295397247725554e7	2.498287260381182e7
0.6886399999999827	37335.48166180276	3.629499187339951e7	2.5005807979267433e7
0.6892799999999827	37365.75612983345	3.629458330017122e7	2.5028740664886054e7
0.6899199999999827	37396.265032277945	3.629417156883133e7	2.505167068262869e7
0.6905599999999826	37426.992218387015	3.6293757261495635e7	2.507459842296985e7
0.6911999999999826	37457.95981130362	3.629333955221069e7	2.5097523316477127e7
0.6918399999999826	37489.16920757922	3.629291875014315e7	2.5120445570481412e7
0.6924799999999826	37520.62740154219	3.629249421716162e7	2.514336473883797e7
0.6931199999999825	37552.274344569494	3.62920674645766e7	2.5166281842997562e7
0.6937599999999825	37584.22789137635	3.629163688798748e7	2.5189195801359013e7
0.6943999999999825	37616.37502659154	3.629120340148606e7	2.521210720619941e7
0.6950399999999824	37648.78639894312	3.6290766506186634e7	2.5235015726359546e7
0.6956799999999824	37681.46628859434	3.62903259515413e7	2.525792118178856e7
0.6963199999999824	37714.379672776275	3.628988240963884e7	2.5280824022298105e7
0.6969599999999824	37747.53670860902	3.628943527027967e7	2.5303723819497656e7
0.6975999999999823	37780.991149019836	3.6288984659352005e7	2.5326620670086782e7
0.6982399999999823	37814.70556436343	3.628853030938147e7	2.534951436877298e7
0.6988799999999823	37848.659061173654	3.628807304742881e7	2.5372405479602903e7
0.6995199999999823	37882.92987381574	3.628761161529241e7	2.5395293139897186e7
0.7001599999999822	37917.43800658436	3.62871466564885e7	2.541817776761824e7
0.7007999999999822	37952.27434467256	3.6286677687868915e7	2.5441059044141818e7
0.7014399999999822	37987.333769828285	3.628620533044384e7	2.54639373653562e7
0.7020799999999822	38022.72151242102	3.628572913458946e7	2.5486812440004904e7
0.7027199999999821	38058.3967515522	3.628524919953767e7	2.5509684317684766e7
0.7033599999999821	38094.35496321726	3.628476506121474e7	2.553255266291164e7
0.7039999999999821	38130.615629432185	3.6284277012603916e7	2.555541767909882e7
0.7046399999999821	38167.1743939368	3.628378532588048e7	2.5578279548656765e7
0.705279999999982	38204.04572303555	3.6283289531397685e7	2.5601137937059e7
0.705919999999982	38241.237086983885	3.628278916223905e7	2.562399250840968e7
0.706559999999982	38278.70727819701	3.628228514767115e7	2.5646843897801585e7
0.707199999999982	38316.560459825414	3.6281776249312505e7	2.5669691252415787e7
0.7078399999999819	38354.7173541067	3.62812635309713e7	2.569253529198425e7
0.7084799999999819	38393.1644066234	3.6280746666629106e7	2.571537577366055e7
0.7091199999999819	38431.98746865161	3.628022520394844e7	2.573821239313814e7
0.7097599999999818	38471.131815209184	3.627969911488096e7	2.5761045105075296e7
0.7103999999999818	38510.61441310538	3.627916895813887e7	2.578387430179523e7
0.7110399999999818	38550.4226421	3.62786343892921e7	2.5806699726288255e7
0.7116799999999818	38590.61765933809	3.62780950530562e7	2.5829521134241916e7
0.7123199999999817	38631.14811660114	3.6277551095200434e7	2.5852338604822695e7
0.7129599999999817	38672.024327417275	3.627700263379821e7	2.5875152215655055e7
0.7135999999999817	38713.31085836503	3.627644843893238e7	2.589796109825132e7
0.7142399999999817	38754.87669446362	3.627589090904417e7	2.5920766916439254e7
0.7148799999999816	38796.938158599005	3.62753270567726e7	2.5943567589352712e7
0.7155199999999816	38839.28417693375	3.627475979907151e7	2.596636513099364e7
0.7161599999999816	38882.081498123654	3.6274186181065336e7	2.598915746544351e7
0.7167999999999816	38925.22526260821	3.627360823113804e7	2.6011946003873453e7
0.7174399999999815	38968.77869759076	3.62730249007535e7	2.6034730002904713e7
0.7180799999999815	39012.7845538019	3.62724357068032e7	2.6057509116561983e7
0.7187199999999815	39057.18105516821	3.62718418331538e7	2.6080284166210826e7
0.7193599999999815	39101.933164799535	3.62712428515545e7	2.610305482421694e7
0.7199999999999814	39147.18661299121	3.627063738645207e7	2.6125820130496453e7
0.7206399999999814	39192.84344492279	3.6270027218656875e7	2.6148581327596992e7
0.7212799999999814	39238.92357527793	3.6269410916517824e7	2.6171337378644202e7
0.7219199999999814	39285.49416884997	3.626878842670123e7	2.619408825122195e7
0.7225599999999813	39332.500456446105	3.626816073693309e7	2.6216834631004333e7
0.7231999999999813	39379.96264101114	3.626752683483198e7	2.6239575780608844e7
0.7238399999999813	39427.86887581198	3.6266887407697886e7	2.6262312181456104e7
0.7244799999999813	39476.303585101225	3.626624114669986e7	2.62850428971242e7
0.7251199999999812	39525.12208399211	3.626558975959205e7	2.6307769112033155e7
0.7257599999999812	39574.56874772799	3.626493065403504e7	2.6330489001205165e7
0.7263999999999812	39624.384078508476	3.626426685105449e7	2.6353204672089178e7
0.7270399999999811	39674.82281728802	3.6263595109026745e7	2.637591382770233e7
0.7276799999999811	39725.70950442253	3.62629173658512e7	2.639861781399416e7
0.7283199999999811	39777.19795633718	3.626223144421502e7	2.6421315074590776e7
0.7289599999999811	39829.10533468381	3.626154111777831e7	2.6444008293924905e7
0.729599999999981	39881.61989593301	3.626084270509757e7	2.6466694827658363e7
0.730239999999981	39934.72470855536	3.6260136672799334e7	2.6489374995281678e7
0.730879999999981	39988.325161119996	3.625942472180917e7	2.6512049998742558e7
0.731519999999981	40042.536631860996	3.625870456325612e7	2.653471818234735e7
0.7321599999999809	40097.263525560295	3.62579785262633e7	2.655738120885093e7
0.7327999999999809	40152.7261077132	3.6257242394992925e7	2.6580036035466105e7
0.7334399999999809	40208.715502509214	3.62564997387149e7	2.6602685203566715e7
0.7340799999999809	40265.30159035944	3.625574968668716e7	2.6625328079001524e7
0.7347199999999808	40322.551289097304	3.6254991729841806e7	2.664796429015465e7
0.7353599999999808	40380.48596394037	3.625422520546249e7	2.66705933388937e7
0.7359999999999808	40438.97812069403	3.625345092596466e7	2.6693215771733157e7
0.7366399999999808	40498.186733676324	3.625266773791065e7	2.6715830764911987e7
0.7372799999999807	40557.98196501174	3.6251877314697914e7	2.673843949960163e7
0.7379199999999807	40618.65415806209	3.625107624986083e7	2.676103952317835e7
0.7385599999999807	40679.83456378707	3.625026853629054e7	2.6783633666110396e7
0.7391999999999807	40741.82591856705	3.62494512843445e7	2.6806219857586317e7
0.7398399999999806	40804.598822827036	3.624862398862526e7	2.6828797696173556e7
0.7404799999999806	40868.04358736872	3.6247787713768005e7	2.6851367920962024e7
0.7411199999999806	40932.29735408065	3.624694232802134e7	2.6873930451281495e7
0.7417599999999805	40997.29818286365	3.624608748710296e7	2.689648499671553e7
0.7423999999999805	41063.12868920946	3.624522184217416e7	2.691903055757973e7
0.7430399999999805	41129.795091825195	3.62443463941831e7	2.69415678568799e7
0.7436799999999805	41197.169689489856	3.624346204352072e7	2.696409751105959e7
0.7443199999999804	41265.406540945536	3.624256692917827e7	2.6986618155869648e7
0.7449599999999804	41334.49135309266	3.624166163622671e7	2.7009130201197438e7
0.7455999999999804	41404.53041765775	3.624074473029575e7	2.703163258344605e7
0.7462399999999804	41475.3600863265	3.623981807026147e7	2.7054126624126714e7
0.7468799999999803	41547.146871037025	3.623887948963213e7	2.707661072703173e7
0.7475199999999803	41619.8350378218	3.623793040424169e7	2.7099085911728382e7
0.7481599999999803	41693.473782911744	3.623696953194802e7	2.7121551209459007e7
0.7487999999999803	41767.988335410424	3.623599859153688e7	2.714400786401196e7
0.7494399999999802	41843.64903294142	3.6235012552660935e7	2.716645215216719e7
0.7500799999999802	41920.16552587945	3.6234017733708456e7	2.718888870946755e7
0.7507199999999802	41997.75309387133	3.6233010027866855e7	2.7211314488010727e7
0.7513599999999802	42076.393077095396	3.623198928557467e7	2.7233729343983356e7
0.7519999999999801	42156.10120157375	3.623095545944753e7	2.7256133218601815e7
0.7526399999999801	42237.04429704611	3.622990747171386e7	2.7278525314787317e7
0.7532799999999801	42318.99377645144	3.622884708203503e7	2.730090687209915e7
0.75391999999998	42402.14554403229	3.622777305704772e7	2.7323276983144168e7
0.75455999999998	42486.51239038932	3.622668425535293e7	2.734563476131948e7
0.75519999999998	42572.00595508224	3.622558305691162e7	2.7367981951636735e7
0.75583999999998	42658.829983604155	3.6224465770119905e7	2.73903157876155e7
0.75647999999998	42746.888877430836	3.622333340832031e7	2.741263697910485e7
0.7571199999999799	42836.357633176274	3.622218435069588e7	2.7434944310140084e7
0.7577599999999799	42926.988265553984	3.622102277578841e7	2.7457240852218144e7
0.7583999999999799	43019.29539892853	3.621984091399406e7	2.7479520810940746e7
0.7590399999999798	43112.77842046711	3.621864528897354e7	2.7501788975229945e7
0.7596799999999798	43207.81238651778	3.621743248865875e7	2.7524042814456277e7
0.7603199999999798	43304.31035119087	3.6216202732920974e7	2.7546282438998718e7
0.7609599999999798	43402.460037413905	3.621495448988608e7	2.7568506692670323e7
0.7615999999999797	43502.190870338876	3.621368822982968e7	2.7590715878141038e7
0.7622399999999797	43603.49493041156	3.621240198123038e7	2.7612908453126963e7
0.7628799999999797	43706.55961436421	3.621109732735171e7	2.7635085628505096e7
0.7635199999999797	43811.328416248136	3.620977276486523e7	2.7657246204373036e7
0.7641599999999796	43917.80205340327	3.620842983500368e7	2.7679391317151953e7
0.7647999999999796	44026.051530691235	3.6207065760134146e7	2.7701518820669875e7
0.7654399999999796	44136.58514515198	3.620567687912417e7	2.7723625987767715e7
0.7660799999999796	44248.77349996952	3.620426791098119e7	2.7745716234340847e7
0.7667199999999795	44363.12657603045	3.620283666000751e7	2.776778795412787e7
0.7673599999999795	44479.51956734876	3.620138158502134e7	2.7789839888513383e7
0.7679999999999795	44598.186710428716	3.6199901926367804e7	2.781187145876655e7
0.7686399999999795	44719.00195970081	3.619839824649374e7	2.7833883016477603e7
0.7692799999999794	44842.18516309765	3.619686850682126e7	2.7855872993887547e7
0.7699199999999794	44967.67699158521	3.619531347433275e7	2.787784191327975e7
0.7705599999999794	45095.78478088885	3.619372885653782e7	2.7899786484553166e7
0.7711999999999793	45226.57846218256	3.61921165576422e7	2.7921708130405065e7
0.7718399999999793	45359.71074617686	3.619047909792194e7	2.794360865854317e7
0.7724799999999793	45495.97988958256	3.618880656239765e7	2.796548053866467e7
0.7731199999999793	45634.83412044568	3.6187107306021266e7	2.798733003159566e7
0.7737599999999792	45776.23840395413	3.618538139477107e7	2.8009157124193825e7
0.7743999999999792	45920.842064610675	3.6183622405801326e7	2.803095693302157e7
0.7750399999999792	46068.60786887032	3.618182926927972e7	2.8052728550887983e7
0.7756799999999792	46219.487123027226	3.6180003515841946e7	2.8074473082518965e7
0.7763199999999791	46373.83120743087	3.61781412136985e7	2.8096187485582143e7
0.7769599999999791	46531.86773567567	3.617624094898746e7	2.811787063550431e7
0.7775999999999791	46693.587470975566	3.617430181939858e7	2.8139521748617128e7
0.7782399999999791	46859.007230811956	3.6172324478691354e7	2.8161141255739506e7
0.778879999999979	47029.065560181036	3.617029905537835e7	2.8182721595228996e7
0.779519999999979	47202.78589270537	3.616823673788535e7	2.8204271172149252e7
0.780159999999979	47381.14714944455	3.616612685280663e7	2.8225781796874195e7
0.780799999999979	47564.08189390367	3.616397260065218e7	2.8247255853339605e7
0.7814399999999789	47751.46141817825	3.616177235583655e7	2.826869194915171e7
0.7820799999999789	47943.867856570585	3.6159521131509066e7	2.829008621421315e7
0.7827199999999789	48141.21197070511	3.615722134435028e7	2.831144041318608e7
0.7833599999999789	48343.6875318591	3.61548718875414e7	2.833275361829057e7
0.7839999999999788	48551.604089555614	3.615246739895545e7	2.8354021587263655e7
0.7846399999999788	48765.39278042387	3.615000560835454e7	2.837524251552773e7
0.7852799999999788	48985.54815674612	3.614748280394313e7	2.839641347317991e7
0.7859199999999787	49211.726804449136	3.6144901363993324e7	2.841753612646316e7
0.7865599999999787	49445.12971473904	3.614224987328416e7	2.8438601628815934e7
0.7871999999999787	49685.55112859775	3.613953142796024e7	2.8459612225369696e7
0.7878399999999787	49932.91057218552	3.6136746940767124e7	2.8480568476120196e7
0.7884799999999786	50188.334705420624	3.6133889374277085e7	2.850146493038612e7
0.7891199999999786	50451.11921639747	3.613096609062862e7	2.8522307093456436e7
0.7897599999999786	50723.6712062034	3.612794915082074e7	2.8543073265985806e7
0.7903999999999786	51004.90350491034	3.612485393913648e7	2.8563775181267332e7
0.7910399999999785	51295.51111660185	3.6121671327813044e7	2.858440559715538e7
0.7916799999999785	51597.311847287936	3.6118390725478694e7	2.8604956321550224e7
0.7923199999999785	51909.71012866792	3.611501127452863e7	2.8625426341633268e7
0.7929599999999785	52233.23536025776	3.611153145426992e7	2.864581435102609e7
0.7935999999999784	52565.31875301046	3.610798006606259e7	2.8666142462217115e7
0.7942399999999784	52907.29824645328	3.610433381897147e7	2.868639229806631e7
0.7948799999999784	53260.31292456897	3.610059351744509e7	2.870656453053306e7
0.7955199999999784	53622.15984671249	3.609677483367206e7	2.8726670974927474e7
0.7961599999999783	53994.28796378698	3.609286668692065e7	2.87467029371165e7
0.7967999999999783	54375.66035282891	3.608888148081451e7	2.8766669898095917e7
0.7974399999999783	54768.32439957413	3.608479466141175e7	2.878655252658578e7
0.7980799999999783	55169.09729022752	3.608063874652334e7	2.880637591494941e7
0.7987199999999782	55580.85047713764	3.6076386972361736e7	2.882611911614802e7
0.7993599999999782	56000.94173544618	3.607206252015005e7	2.884579992505616e7
0.7999999999999782	56430.1708029993	3.606766515989767e7	2.8865418162077952e7
0.8006399999999781	56869.26616021682	3.606318809903049e7	2.8884968376508683e7
0.8012799999999781	57319.08058286743	3.60586049089448e7	2.890442938913193e7
0.8019199999999781	57778.84186452682	3.605394341372465e7	2.8923823135329813e7
0.8025599999999781	58250.41910899191	3.604917715794647e7	2.8943128582629606e7
0.803199999999978	58733.66891998981	3.6044309688878745e7	2.896234832815007e7
0.803839999999978	59228.393442788634	3.6039341463544905e7	2.898148248371288e7
0.804479999999978	59733.419823921584	3.60342770728197e7	2.9000534297785174e7
0.805119999999978	60248.57373665323	3.602912343132226e7	2.9019509099075187e7
0.8057599999999779	60775.73279377052	3.602386069238736e7	2.9038391069835104e7
0.8063999999999779	61317.99764224604	3.6018454912761874e7	2.905715320599392e7
0.8070399999999779	61876.16124723795	3.6012904519097745e7	2.9075794087166116e7
0.8076799999999779	62449.57568984532	3.6007212505352825e7	2.9094315698719244e7
0.8083199999999778	63041.4842168972	3.600134141327142e7	2.911268808286945e7
0.8089599999999778	63646.50792168778	3.5995338817655325e7	2.9130948318803016e7
0.8095999999999778	64267.740194951555	3.598918549110659e7	2.914908115133222e7
0.8102399999999778	64905.56063860136	3.598285707391037e7	2.916706659475112e7
0.8108799999999777	65558.09293660254	3.597638424209035e7	2.9184928800761595e7
0.8115199999999777	66227.85947121624	3.596974331441837e7	2.9202648721469127e7
0.8121599999999777	66916.16196659688	3.596292321500184e7	2.92202172501589e7
0.8127999999999777	67625.07240417614	3.5955908949096695e7	2.9237622207379054e7
0.8134399999999776	68349.81918895971	3.594873442854285e7	2.9254889875820987e7
0.8140799999999776	69094.3570849071	3.594137128848306e7	2.9271997561396714e7
0.8147199999999776	69859.18395038709	3.59338113166085e7	2.9288938265468806e7
0.8153599999999775	70646.06449289643	3.5926045033634394e7	2.93057041679713e7
0.8159999999999775	71454.4550785851	3.591807550155992e7	2.932229722900655e7
0.8166399999999775	72290.38796664661	3.590983485496366e7	2.933866270149428e7
0.8172799999999775	73150.93285269098	3.5901360327531494e7	2.9354829906934977e7
0.8179199999999774	74028.29141767045	3.589273052917939e7	2.9370861225726925e7
0.8185599999999774	74925.67673736351	3.588391111798734e7	2.938672879952614e7
0.8191999999999774	75853.90598250637	3.5874801600433e7	2.9402351857275542e7
0.8198399999999774	76809.3813845949	3.586542934389561e7	2.941775157144881e7
0.8204799999999773	77781.8993312253	3.585592563916224e7	2.9433033274986967e7
0.8211199999999773	78774.52397356072	3.5846295355699874e7	2.944820122931986e7
0.8217599999999773	79774.62317045659	3.583656703406625e7	2.9463276354747374e7
0.8223999999999773	80792.79525995688	3.582665331536398e7	2.947818848699269e7
0.8230399999999772	81824.5046151985	3.5816581879015766e7	2.949295921404103e7
0.8236799999999772	82880.9023595017	3.58062640744565e7	2.950751715355154e7
0.8243199999999772	83955.72188781663	3.579573339320599e7	2.9521888291908003e7
0.8249599999999772	85042.36235750663	3.5785076195356324e7	2.9536142273227394e7
0.8255999999999771	86146.93467641399	3.577421834302375e7	2.9550218689407155e7
0.8262399999999771	87270.90663732585	3.576315139886904e7	2.956411040453804e7
0.8268799999999771	88412.73266290608	3.575189165758885e7	2.9577830186104853e7
0.827519999999977	89565.94089774585	3.57404947928866e7	2.9591422584494747e7
0.828159999999977	90706.90656705314	3.57291197113762e7	2.9605014854996976e7
0.828799999999977	91837.75981328168	3.571777649872159e7	2.961861578661967e7
0.829439999999977	92966.73723738783	3.5706379319095045e7	2.9632155669132583e7
0.830079999999977	94088.21295006525	3.569497635260613e7	2.9645673439914953e7
0.8307199999999769	95208.45519963506	3.568351961759439e7	2.9659130304023385e7
0.8313599999999769	96321.54258297244	3.567206951563167e7	2.9672575377455916e7
0.8319999999999769	97439.29843015743	3.5660517968875594e7	2.968592075223994e7
0.8326399999999768	98561.10820094722	3.564884424411891e7	2.9699148858490855e7
0.8332799999999768	99704.29721656893	3.563690427995486e7	2.971214229883191e7
0.8339199999999768	100852.40476683035	3.562484439740132e7	2.9725019807263758e7
0.8345599999999768	102007.36405865381	3.561263726722299e7	2.973775865604266e7
0.8351999999999767	103157.71910158271	3.5600431264486946e7	2.9750480584206615e7
0.8358399999999767	104303.38135780774	3.558818945191912e7	2.976315471457495e7
0.8364799999999767	105447.3985352654	3.557588929561213e7	2.977576263660129e7
0.8371199999999767	106593.86287338356	3.556348237033487e7	2.9788264370238718e7
0.8377599999999766	107749.66432120888	3.555089025096796e7	2.980059512218956e7
0.8383999999999766	108916.54833983518	3.553812517501439e7	2.9812765060942955e7
0.8390399999999766	110085.69274488793	3.5525261673308425e7	2.9824834947476085e7
0.8396799999999766	111255.86399182923	3.551234088625471e7	2.98368389354847e7
0.8403199999999765	112432.98269919779	3.549928063881336e7	2.984870880508422e7
0.8409599999999765	113618.93245915943	3.548604977515694e7	2.9860418373933453e7
0.8415999999999765	114809.32489558258	3.547270073775887e7	2.987201073796049e7
0.8422399999999765	116009.81447149644	3.545916990564708e7	2.9883432969662383e7
0.8428799999999764	117221.23665222821	3.54454393528467e7	2.9894669722429387e7
0.8435199999999764	118444.12282013726	3.543152077065206e7	2.990573053679849e7
0.8441599999999764	119687.99040810142	3.54173198664739e7	2.9916536914906967e7
0.8447999999999763	120945.68332261499	3.540292325566207e7	2.9927160336434152e7
0.8454399999999763	122223.60824064787	3.538826195713693e7	2.9937543069930684e7
0.8460799999999763	123517.31855579125	3.537341248550333e7	2.994774862140593e7
0.8467199999999763	124814.64619610448	3.535847227542786e7	2.995785723401838e7
0.8473599999999762	126100.46007222497	3.534359125437107e7	2.9967993459528457e7
0.8479999999999762	127363.82074696738	3.532892920397836e7	2.997829126572635e7
0.8486399999999762	128612.89593720695	3.531441226825082e7	2.99886896752566e7
0.8492799999999762	129858.4611512418	3.529985382192378e7	2.9999032121147305e7
0.8499199999999761	131096.60018703644	3.528528838219243e7	3.0009347279548224e7
0.8505599999999761	132329.1581797545	3.527066900944247e7	3.0019595502068933e7
0.8511999999999761	133556.44378799235	3.525601150137773e7	3.002979018880754e7
0.8518399999999761	134777.32644597942	3.5241319100943856e7	3.003993387163341e7
0.852479999999976	136004.7498935281	3.5226452123666145e7	3.004990932708637e7
0.853119999999976	137242.56019090652	3.521135707308347e7	3.0059671133428965e7
0.853759999999976	138504.88598906514	3.5195838368932135e7	3.0069053920385696e7
0.854399999999976	139787.00369942014	3.517992392258089e7	3.0078079987190906e7
0.8550399999999759	141079.367887044	3.516376513007119e7	3.0086876601984136e7
0.8556799999999759	142393.87252648344	3.514723643772884e7	3.009533755871799e7
0.8563199999999759	143747.39776008425	3.51301183339735e7	3.010327655785751e7
0.8569599999999759	145139.75199996567	3.5112419731338866e7	3.0110700003093384e7
0.8575999999999758	146594.5412001719	3.5093832146495536e7	3.011734551150063e7
0.8582399999999758	148092.82642315858	3.507464376653197e7	3.0123455905261297e7
0.8588799999999758	149670.0583230097	3.505438202670952e7	3.012862907372997e7
0.8595199999999757	151325.08950127472	3.5033135934091486e7	3.0132939146642607e7
0.8601599999999757	153030.90074998644	3.501139952300666e7	3.0136805254869442e7
0.8607999999999757	154742.06558723346	3.498962146201679e7	3.014060625003295e7
0.8614399999999757	156396.72851672806	3.4968557298530534e7	3.0144984329948574e7
0.8620799999999756	158015.56450951527	3.4947927444340795e7	3.014970279787362e7
0.8627199999999756	159588.2863964167	3.492778727123235e7	3.0154808914593227e7
0.8633599999999756	161093.86949207706	3.490835020515776e7	3.016048509945155e7
0.8639999999999756	162537.40101504137	3.488948686952686e7	3.0166621741808407e7
0.8646399999999755	163923.93131069446	3.4871195608106315e7	3.017321931393441e7
0.8652799999999755	165263.30316994208	3.485337547564837e7	3.018019300377123e7
0.8659199999999755	166563.86965523387	3.483593797136994e7	3.018746829181118e7
0.8665599999999755	167845.2920739551	3.481862503879899e7	3.019482498939515e7
0.8671999999999754	169115.62045279788	3.480136554371907e7	3.0202202753908455e7
0.8678399999999754	170384.0786080131	3.478398597725698e7	3.0209452350330684e7
0.8684799999999754	171645.38406200032	3.476662328712018e7	3.0216691793309115e7
0.8691199999999754	172909.9312998633	3.4749128749559835e7	3.022379323062512e7
0.8697599999999753	174166.7058809629	3.4731657872889735e7	3.023089022329766e7
0.8703999999999753	175429.85695636645	3.471404675333676e7	3.0237842003565006e7
0.8710399999999753	176697.58516680263	3.469631052394448e7	3.0244661239358857e7
0.8716799999999753	177984.44100822665	3.467822708934439e7	3.0251155952709038e7
0.8723199999999752	179288.06018343338	3.4659826613148466e7	3.0257351450705037e7
0.8729599999999752	180610.29421510032	3.464107893338979e7	3.0263220997468185e7
0.8735999999999752	181941.2852869197	3.4622126040801294e7	3.026888668770342e7
0.8742399999999751	183272.616447796	3.460310654960812e7	3.0274468234173022e7
0.8748799999999751	184614.66910739685	3.458388190835855e7	3.027984559138259e7
0.8755199999999751	185974.37230673077	3.456433067530527e7	3.0284912882707156e7
0.8761599999999751	187356.7741117201	3.454439243849397e7	3.0289617141816013e7
0.876799999999975	188744.83167473093	3.452427291543239e7	3.0294135855512593e7
0.877439999999975	190149.098987088	3.450380574278229e7	3.029832398451789e7
0.878079999999975	191568.88980914737	3.448300192232875e7	3.03021904070031e7
0.878719999999975	193019.90025888188	3.44616450933556e7	3.0305546229935978e7
0.8793599999999749	194491.19903299565	3.44398337143375e7	3.0308475593290307e7
0.8799999999999749	195980.2033719924	3.441758770921271e7	3.0310994808510967e7
0.8806399999999749	197464.3532215771	3.439510269643032e7	3.0313272583784062e7
0.8812799999999749	199103.89845694313	3.437025305262476e7	3.03134542250411e7
0.8819199999999748	200990.23325901228	3.434164191829418e7	3.0310313767324366e7
0.8825599999999748	203031.9758896855	3.4310507714547694e7	3.030492576379884e7
0.8831999999999748	205117.5585964442	3.4278938584777504e7	3.0299116288918696e7
0.8838399999999748	207273.51416340913	3.424649736150116e7	3.0292501119393546e7
0.8844799999999747	209332.25089849407	3.421536074781629e7	3.0286984335851487e7
0.8851199999999747	211149.0316040787	3.41876924362016e7	3.0284467129880577e7
0.8857599999999747	212802.83291486683	3.41623413514479e7	3.028394607108983e7
0.8863999999999747	214382.4917129004	3.413800024608461e7	3.0284277269187123e7
0.8870399999999746	215958.19249779676	3.411358930753279e7	3.0284512896777578e7
0.8876799999999746	217522.49677772005	3.408916710586301e7	3.0284703983369693e7
0.8883199999999746	219090.86828639428	3.406462559115527e7	3.0284756273304414e7
0.8889599999999745	220668.36402411762	3.403987203372071e7	3.0284587658236742e7
0.8895999999999745	222258.8033309123	3.401485953834132e7	3.0284156417195313e7
0.8902399999999745	223894.55909908426	3.398906344077371e7	3.028299850432024e7
0.8908799999999745	225582.95078637375	3.39623296046977e7	3.0280975809822034e7
0.8915199999999744	227357.8698402041	3.39341307520425e7	3.0277620029780332e7
0.8921599999999744	229207.3621960945	3.3904629895022765e7	3.0273072329081874e7
0.8927999999999744	231127.35709314258	3.387385509925866e7	3.0267354685297657e7
0.8934399999999744	233102.36319199213	3.384206946506603e7	3.0260697930689473e7
0.8940799999999743	235095.43560353786	3.3811717970040515e7	3.025528211119209e7
0.8947199999999743	237382.32933593847	3.377811600510705e7	3.024694756372101e7
0.8948799999999744	238891.40776180913	3.3759070260145575e7	3.0235429059182134e7
0.8948899999999743	240465.43288455417	3.374106403788167e7	3.0219816118509565e7
0.8948999999999743	241927.26020667652	3.37277170956168e7	3.0208360583914336e7
0.8949099999999742	242319.22987622305	3.373221784786297e7	3.0212764402097877e7
0.8949199999999742	242539.02068081842	3.373531811855959e7	3.0215896890953626e7
0.8955599999999742	244800.47177192027	3.370013834902586e7	3.0206062861124597e7
0.8961999999999741	246873.10494488702	3.366674294807448e7	3.0197760458356764e7
0.8968399999999741	248917.86509630064	3.363317600931251e7	3.0189255939154305e7
0.8974799999999741	251021.39262903118	3.359828302195776e7	3.0179521759718116e7
0.898119999999974	253203.64048648122	3.3561666368045494e7	3.0168200185360916e7
0.898759999999974	255431.4661958633	3.352399052792728e7	3.0155881608516727e7
0.899399999999974	257744.8715778586	3.3484787729754142e7	3.0142147218220744e7
0.900039999999974	260170.26799543187	3.344353566806432e7	3.012652646267257e7
0.900679999999974	262701.7646709872	3.3400080895683073e7	3.010887640039009e7
0.9013199999999739	265389.0358952219	3.3353472627429627e7	3.008834053861615e7
0.9019599999999739	268273.01779392845	3.3302961101491086e7	3.0064240281764552e7
0.9025999999999739	271346.53339303733	3.324875761545271e7	3.0036757776059236e7
0.9032399999999738	274584.1705723447	3.3191175329730388e7	3.0006165969169397e7
0.9038799999999738	277973.1673181736	3.313032970946338e7	2.997256119863152e7
0.9045199999999738	281381.9285269617	3.306851378957638e7	2.993799843948252e7
0.9051599999999738	284821.5370455574	3.3005664625246443e7	2.990241986676061e7
0.9057999999999737	288368.8081842508	3.2940323270406846e7	2.986450916006462e7
0.9064399999999737	292336.68862849416	3.2866782688028105e7	2.9819117520323418e7
0.9070799999999737	296657.31128325575	3.2786595133824293e7	2.9767630111352924e7
0.9077199999999737	300893.37289704266	3.270779792392438e7	2.9717288771954723e7
0.9083599999999736	304942.34473701235	3.263219500649494e7	2.9669725572570592e7
0.9089999999999736	308896.32645515207	3.2558059482838128e7	2.9623385635606427e7
0.9096399999999736	312882.27997296286	3.2482771831943925e7	2.957590061202698e7
0.9102799999999736	316960.92187910626	3.240516223130572e7	2.9526208809823114e7
0.9109199999999735	321070.56200571236	3.2326376818949584e7	2.947534413758018e7
0.9115599999999735	325175.1126478251	3.22470489064954e7	2.9423878388166673e7
0.9121999999999735	329209.3281258971	3.2168148415072642e7	2.9372689563237872e7
0.9128399999999735	333123.4903718803	3.2090467942452185e7	2.932249780000802e7
0.9134799999999734	337004.94321322726	3.201245835640186e7	2.9271898127091937e7
0.9141199999999734	340895.6830161817	3.1933713337043203e7	2.922052215691452e7
0.9147599999999734	344864.45751523355	3.1852892688764464e7	2.916714836233194e7
0.9153999999999733	349061.04632080917	3.176703680542162e7	2.9109076056200854e7
0.9160399999999733	353510.24956657307	3.1675275125679422e7	2.904549974668015e7
0.9166799999999733	357976.0168746406	3.15818757309631e7	2.8980300406784415e7
0.9173199999999733	362312.54892540886	3.1489865452385638e7	2.8916239378326714e7
0.9179599999999732	366446.31347343756	3.140097767563391e7	2.8854904722681433e7
0.9185999999999732	370337.6504071305	3.1316208990135863e7	2.8797215063081115e7
0.9192399999999732	374076.29296070716	3.1233778640680086e7	2.874154907907744e7
0.9198799999999732	377764.23712759465	3.115168733084633e7	2.8686080612576757e7
0.9205199999999731	381486.50804403744	3.1067947312471114e7	2.8628987407734424e7
0.9211599999999731	385315.153485799	3.09808948815882e7	2.856873937582378e7
0.9217999999999731	389354.17378421396	3.0888124173378073e7	2.8503120359409012e7
0.9224399999999731	393505.76712499105	3.0791671955039944e7	2.843399018550444e7
0.923079999999973	397788.95591706963	3.0691330972002637e7	2.8361151720124517e7
0.923719999999973	402140.842109402	3.0588635228063684e7	2.8286009436302274e7
0.924359999999973	406578.7599626935	3.0483033792939316e7	2.8208050734244153e7
0.924999999999973	410941.468459231	3.0377796119195998e7	2.813028202038993e7
0.9256399999999729	415314.096112378	3.027091673652885e7	2.8050854124186676e7
0.9262799999999729	419804.55743429123	3.0159646080314014e7	2.7967224963246513e7
0.9269199999999729	424098.3540945213	3.00517528735833e7	2.7886563881298255e7
0.9275599999999729	428352.93025366624	2.9943390720309537e7	2.780532138279709e7
0.9281999999999728	432701.86545983603	2.983119715461216e7	2.772038519285023e7
0.9288399999999728	437088.854066194	2.971667984626139e7	2.7633144151255984e7
0.9294799999999728	441272.61386623816	2.9606412879780337e7	2.754968718822728e7
0.9301199999999727	445351.12282441667	2.9497884366963044e7	2.7467693343861844e7
0.9307599999999727	449438.68101533677	2.9388001922796898e7	2.738429580393515e7
0.9313999999999727	453610.91317132884	2.9274538562191416e7	2.7297422925467853e7
0.9320399999999727	457865.1555195589	2.915736218892329e7	2.720694437053239e7
0.9326799999999726	462247.1662581143	2.9035230260937788e7	2.711169703900317e7
0.9333199999999726	466895.0163728715	2.8904469912154905e7	2.7008252418103382e7
0.9339599999999726	472029.1245083065	2.875861418739088e7	2.689056810983734e7
0.9345999999999726	477678.5791818741	2.8596334796703e7	2.6757374680076346e7
0.9352399999999725	483527.32370151515	2.842601471309822e7	2.661645922976012e7
0.9358799999999725	489083.03989576624	2.8262887368026912e7	2.6482031034506377e7
0.9365199999999725	494239.6938924375	2.810996590768982e7	2.6356919607637204e7
0.9371599999999725	499105.33786408004	2.7963780983595606e7	2.623790076601708e7
0.9377999999999724	503975.6159237988	2.781556149677936e7	2.611678085498939e7
0.9384399999999724	509167.5414210607	2.765550605003285e7	2.598437745144196e7
0.9390799999999724	514437.9130730616	2.7491273521781165e7	2.584784469649792e7
0.9397199999999724	519590.177048057	2.732922821671664e7	2.5713143235684674e7
0.9403599999999723	524915.4502847057	2.7159915407066636e7	2.5571404009643424e7
0.9409999999999723	530589.5299252651	2.6977568856428184e7	2.5417197076163776e7
0.9416399999999723	535487.8065733217	2.6819781262108564e7	2.5285829896042798e7
0.9422799999999723	539950.4583603415	2.6675399902000584e7	2.516686176011294e7
0.9429199999999722	544404.0403769901	2.653028133608032e7	2.5047007460040852e7
0.9435599999999722	548949.9304477166	2.6380637642204374e7	2.492269718775211e7
0.9441999999999722	553349.3941658142	2.6234113939025648e7	2.4801127277421758e7
0.9448399999999721	557765.8315939609	2.608520269116149e7	2.4677109273987032e7
0.9454799999999721	562338.6557357569	2.5929016689141326e7	2.4546025402759347e7
0.9461199999999721	567344.7838313002	2.5755811100082062e7	2.4398656534961767e7
0.9464399999999721	570153.5770817833	2.5657670717079915e7	2.4313983299060915e7
0.9467599999999721	573213.1468781164	2.5550108965554498e7	2.4220339032167472e7
0.947079999999972	576495.3280379428	2.543410229975102e7	2.411863773880727e7
0.947399999999972	580193.1597138498	2.5302596030334562e7	2.400219763933922e7
0.9475599999999721	582379.1548204456	2.5224440317898512e7	2.3932210630506013e7
0.9477199999999721	584817.3073287405	2.513700342335923e7	2.3853415133212473e7
0.9477599999999722	585618.2780240447	2.5108140371638663e7	2.3827083817467555e7
0.9477699999999721	585853.1206975537	2.509968381867822e7	2.3819326441322006e7
0.9477799999999721	587985.8451427554	2.5047933421074525e7	2.3770634958658684e7
0.9484199999999721	591965.2587088994	2.490328255675832e7	2.3649304810524255e7
0.949059999999972	594975.8008161169	2.479095167413012e7	2.3558408663142826e7
0.949699999999972	598029.0311190353	2.4675026268109508e7	2.346395330708821e7
0.950339999999972	601193.8703666211	2.455292020969191e7	2.3363477479680344e7
0.950979999999972	604450.5166251687	2.442535425329782e7	2.325765355212546e7
0.9516199999999719	607795.9584870825	2.4292277897933878e7	2.314642266170278e7
0.9522599999999719	611201.0323554367	2.415468551664827e7	2.3030719567367468e7
0.9528999999999719	614585.5595504096	2.4015648829793137e7	2.2913458749764044e7
0.9535399999999719	618214.0547933079	2.38642210153355e7	2.2784211531948056e7
0.9541799999999718	622063.0381957085	2.370132773789426e7	2.2643835829353422e7
0.9548199999999718	626101.266722887	2.352796548879243e7	2.2493259263238683e7
0.9551399999999718	628294.0817281475	2.343282136992885e7	2.2409810275779523e7
0.9554599999999718	630604.6763837156	2.333175252443897e7	2.232064339928595e7
0.9557799999999718	633259.6986595264	2.3214813183285482e7	2.2216256888194688e7
0.9558199999999718	633672.2747585688	2.319663667209866e7	2.2199804905023538e7
0.9558299999999718	633800.5154557812	2.3191017288197733e7	2.2194665023345083e7
0.9558399999999717	641332.3211059275	2.288298976598522e7	2.1900798173218723e7
0.9558499999999717	647640.8056917947	2.2629441811497297e7	2.1658945297090363e7
0.9561699999999717	651147.7007628384	2.2474750603100605e7	2.151822208789052e7
0.9564899999999716	654967.8938668371	2.2304329968270145e7	2.1362366224412244e7
0.9568099999999716	659057.2331839744	2.21203673490211e7	2.1193453365117487e7
0.9571299999999716	663373.5359850978	2.192475482502711e7	2.1013279409165274e7
0.9574499999999716	667192.7479446729	2.175075002363914e7	2.085364466155774e7
0.9577699999999716	670837.1765887161	2.158365398080503e7	2.0700505727162376e7
0.9579299999999716	672742.9526363509	2.1495807577484034e7	2.06197812487161e7
0.9580899999999717	675247.4631725092	2.1380893613252565e7	2.0513119983102124e7
0.9581299999999717	676426.534467794	2.1327266070914153e7	2.0462615419522557e7
0.9581699999999718	677747.1030804985	2.12671447176631e7	2.0405890215444528e7
0.9582099999999718	679074.6579798948	2.1206757624034822e7	2.034890575288281e7
0.9582499999999718	680372.718476144	2.114777965718481e7	2.0293265417493146e7
0.9582699999999719	681163.1696683208	2.1111918969387606e7	2.0259343529864743e7
0.9582799999999718	681295.3719932919	2.1106846175636217e7	2.0254692196107656e7
0.9585999999999718	684705.4434035823	2.0950220598318048e7	2.0111228270904016e7
0.9589199999999718	688383.5319448597	2.077880319517801e7	1.9953488755411826e7
0.9592399999999718	691572.0393277174	2.062826258269901e7	1.981564307615063e7
0.9595599999999718	694292.1199408228	2.0498699805624366e7	1.9697809558814764e7
0.9601999999999717	699235.6186764964	2.0260287361962494e7	1.948175750257916e7
0.9608399999999717	703463.2777580936	2.005292245916742e7	1.9295197637622885e7
0.9614799999999717	707390.1485124989	1.985674615097892e7	1.911911295776337e7
0.9621199999999717	711695.0323981226	1.9637869743086252e7	1.892094624504485e7
0.9624399999999717	714122.7063423082	1.9512913432665184e7	1.8806830852983963e7
0.9627599999999716	716855.0158314708	1.9370970405192263e7	1.8676291148091942e7
0.9629199999999717	718479.7973520873	1.92860246064382e7	1.8597540044916764e7
0.9630799999999717	720268.9677259009	1.9192094475407068e7	1.8510114677662957e7
0.9632399999999718	722203.3337564326	1.909011584686947e7	1.8414911382886916e7
0.9633999999999718	724393.3995028568	1.897420382821714e7	1.8306260766525686e7
0.9635599999999719	726813.3276204925	1.8845594324801616e7	1.818534594526383e7
0.9637199999999719	729047.8072810364	1.872614265900638e7	1.807320805778528e7
0.963879999999972	731182.94953616	1.861133043579608e7	1.796549950859187e7
0.963919999999972	731809.1275823589	1.8577634336021524e7	1.793375696250054e7
0.963929999999972	734002.3732934068	1.8461766155812e7	1.782232571617606e7
0.9639399999999719	733391.0592537686	1.849287297803915e7	1.7852466060047247e7
0.9642599999999719	737079.284413298	1.829614756444273e7	1.7668586464113984e7
0.9645799999999719	740199.0874521736	1.8126543039353576e7	1.751071873657674e7
0.9648999999999719	743471.5642008166	1.7946325430989053e7	1.73425052602643e7
0.9650599999999719	745315.8364938587	1.7844009487339724e7	1.724658113117869e7
0.965219999999972	747345.6834629272	1.773078164009142e7	1.7140097737519406e7
0.965379999999972	749671.2128188685	1.7600434365058187e7	1.701706094472719e7
0.9655399999999721	752408.9812885367	1.744633251703014e7	1.687105991198802e7
0.9656999999999721	755481.6402458395	1.7272946187143166e7	1.6706397153184127e7
0.9657799999999721	757288.2138917814	1.717075005682605e7	1.6609081392560383e7
0.9658599999999721	759300.4166858213	1.7056760756004646e7	1.6500365460019847e7
0.965939999999972	761412.1423309484	1.6936915359728847e7	1.6385977720143821e7
0.9660999999999721	765066.3806854918	1.6729028598395057e7	1.6187850279214257e7
0.9662599999999721	768215.96084646	1.65494439751468e7	1.6016985341943866e7
0.9664199999999722	771278.8446404514	1.6374243306050401e7	1.5850295759435821e7
0.9665799999999722	774443.1085806037	1.6192637900930256e7	1.5677361830969503e7
0.9666599999999722	776207.3722705485	1.6091067390359212e7	1.558046995735571e7
0.9667399999999722	778096.3156125015	1.598208279029258e7	1.5476398200144297e7
0.9668199999999721	780158.7556148659	1.586280657983087e7	1.5362364325022964e7
0.9668999999999721	782456.9362339638	1.5729583413394079e7	1.5234833526999662e7
0.9669799999999721	785043.7213452976	1.5579267878750686e7	1.5090762597072747e7
0.9671399999999721	788792.8712460441	1.536001832217493e7	1.4881207853857e7
0.9674599999999721	792600.5420272821	1.5133665571907833e7	1.466700731583512e7
0.9677799999999721	795756.5042358073	1.4942870133306593e7	1.4487050132177537e7
0.9680999999999721	799135.4361521074	1.4736237994723719e7	1.4291644423104895e7
0.9682599999999721	801032.1811549675	1.461943237168162e7	1.418083634963392e7
0.9684199999999722	803122.9479989789	1.4490066475726314e7	1.4057832799120303e7
0.9685799999999722	805623.4428098655	1.4335102389111232e7	1.3910006160618069e7
0.9686599999999722	807485.6897090229	1.4220358454903297e7	1.3799999022441735e7
0.9686999999999722	808812.332896395	1.4138785932898551e7	1.3721557759218113e7
0.9687399999999723	810198.5051276757	1.4053307673775125e7	1.363932808116284e7
0.9688199999999723	812484.2607200728	1.3911476947252952e7	1.3503050355286492e7
0.9689799999999723	815534.6556704862	1.372055754835518e7	1.3320243738223745e7
0.9692999999999723	819537.9663246544	1.3467723868071597e7	1.3079424560887616e7
0.9694599999999723	821576.227844488	1.3337912294126265e7	1.2955663390661674e7
0.9696199999999724	823700.7862202303	1.3201804535173066e7	1.2825757743279537e7
0.9697799999999724	825986.5631413998	1.3054529451231107e7	1.26849828851527e7
0.9699399999999725	828415.5625372065	1.289713610383071e7	1.2534350364359096e7
0.9700999999999725	830830.0155834946	1.2739715751889445e7	1.2383640068373568e7
0.9702599999999726	833169.9268363826	1.258596093837589e7	1.2236432933692383e7
0.9704199999999726	835206.8389710732	1.2451141792375643e7	1.2107542436453618e7
0.9707399999999726	838838.0995340099	1.220848787997615e7	1.1875811927400101e7
0.9710599999999726	841302.4101314561	1.2041711484652732e7	1.171757164603578e7
0.9713799999999726	843790.3004000655	1.1871338223404896e7	1.1555729801848195e7
0.9716999999999726	846611.1410110756	1.167604903379533e7	1.1369575941429239e7
0.9720199999999726	849961.8086062708	1.1441586497591492e7	1.1145232838793395e7
0.9721799999999726	851894.2913140829	1.1305305556422897e7	1.1014491655027283e7
0.9723399999999727	854029.5992430543	1.1153914536278602e7	1.0869019718919918e7
0.9724999999999727	856659.0735773792	1.096709988988477e7	1.068906276743604e7
0.9725799999999727	858475.485092281	1.0838860765901875e7	1.0565198601501804e7
0.9727399999999727	860962.2227489968	1.0660174715660676e7	1.0393048183103638e7
0.9728999999999728	863537.7293478888	1.0473002363214359e7	1.0212585871636316e7
0.9729799999999728	865110.3616685583	1.0358409714391187e7	1.0101900765880363e7
0.9730599999999727	866940.6882790007	1.0224796289490215e7	9.97269565959333e6
0.9731399999999727	869121.2253230502	1.0065346817456175e7	9.818336198051227e6
0.9731799999999727	870378.1789829758	9.973318615584664e6	9.72917775307476e6
0.9731899999999727	910555.4475791376	7.152541531421836e6	6.985193884513843e6
0.9735099999999727	912857.9143307986	6.983573474659082e6	6.822760219465819e6
0.9738299999999727	915399.8336975107	6.794577852007575e6	6.64071976326824e6
0.9739899999999727	916754.7875406635	6.692779981381211e6	6.542545566089261e6
0.9741499999999728	918239.9658949486	6.58048354462244e6	6.43411454811218e6
0.9743099999999728	919896.5337973175	6.4544999463538565e6	6.312315984685129e6
0.9744699999999729	921781.6339331659	6.310316453549013e6	6.1727471596040735e6
0.9746299999999729	923940.5120730876	6.1442550869188905e6	6.011815706154911e6
0.974789999999973	926450.4420761522	5.950087001711734e6	5.823441124043185e6
0.974949999999973	929403.6755563105	5.72031352279317e6	5.6003012311197575e6
0.975029999999973	931086.3021074857	5.588840398573879e6	5.4725362787849875e6
0.9751099999999729	932934.677184016	5.443996344424553e6	5.331716019526814e6
0.9751899999999729	934973.4122932832	5.283768192935012e6	5.175874594427173e6
0.975349999999973	938365.4812754596	5.015211984618045e6	4.914717718310541e6
0.975509999999973	940366.3510756468	4.853988609688349e6	4.758144000574819e6
0.9756699999999731	942480.0695706566	4.682376516350083e6	4.591384835799839e6
0.9758299999999731	944829.6239630773	4.49040943001527e6	4.404712766102892e6
0.9759899999999732	947481.4233155581	4.272427988098796e6	4.1925960210782615e6
0.9761499999999732	950528.7099765823	4.020446094255548e6	3.947228564640412e6
0.9763099999999733	951597.8271372537	3.932388603637617e6	3.8617736701422436e6
0.9763499999999733	955027.3022954608	3.6459016267294623e6	3.5822624489565264e6
0.9765099999999733	957951.9526026315	3.400516620793231e6	3.3431407767373687e6
0.9765899999999733	955650.011793314	3.594578704521019e6	3.532801383824193e6
0.9765999999999733	962236.373433664	3.0406726511889994e6	2.992037242289469e6
0.9766799999999732	965077.4467467483	2.8007856972759888e6	2.757976980873598e6
0.9767599999999732	968245.189679381	2.5325338082109243e6	2.4961797407162096e6
0.9768399999999732	970104.1548234301	2.3734670658647493e6	2.3409651808449943e6
0.9769199999999731	971249.9817532237	2.2758711494323015e6	2.2457604928822336e6
0.9769999999999731	972540.0491401999	2.1660018322413713e6	2.138552211230012e6
0.9770799999999731	974228.4449866667	2.0217476979307681e6	1.9977385566532612e6
0.9771199999999731	975275.8716487333	1.9320467337632999e6	1.9101558164380929e6
0.9771599999999732	976499.8850492178	1.8270540579050258e6	1.8076274005969765e6
0.9771999999999732	977942.7031666758	1.7030928732332885e6	1.6865594493557503e6
0.9772399999999732	979660.3178475628	1.5552837611329854e6	1.5421825715637938e6
0.9772799999999733	981727.607474282	1.377094991503477e6	1.3681122445383233e6
0.9773199999999733	984246.9537307145	1.159588694274351e6	1.1556119435988166e6
0.9977999999999734	986252.0	986252.0	986252.0
