lambda	f0	f1	fla
0.0	18271.41043288717	1.4386273404277436e7	18271.41043288717
0.00064	18272.66535442454	1.4386248962670576e7	27468.170184706876
0.00128	18273.285483945594	1.4386242170879047e7	36664.28565725133
0.0019200000000000003	18273.832031598587	1.4386237588554943e7	45860.32244412341
0.00256	18274.367614938667	1.4386233322351765e7	55056.34253906494
0.0032	18274.903430263137	1.438622908358337e7	64252.35680675309
0.00384	18275.43998664197	1.4386224838729436e7	73448.36567781429
0.0044800000000000005	18275.977291901032	1.438622058786345e7	82644.36914726158
0.00512	18276.515347512573	1.43862163307141e7	91840.3672021895
0.00576	18277.054107528435	1.4386212067826087e7	101036.35978654734
0.0064	18277.593611917087	1.438620779883272e7	110232.34692533023
0.00704	18278.13393007087	1.438620352315534e7	119428.32867021677
0.00768	18278.67491819654	1.4386199242053038e7	128624.30487379212
0.008320000000000001	18279.216710156717	1.4386194954272585e7	137820.27564667613
0.008960000000000001	18279.75926445935	1.438619066029626e7	147016.24093770428
0.009600000000000001	18280.302533016653	1.4386186360459039e7	156212.20068910648
0.01024	18280.84658824504	1.4386182054205062e7	165408.15495424124
0.01088	18281.391353077826	1.438617774209659e7	174604.10364916723
0.01152	18281.936905123715	1.4386173423377939e7	183800.04682929054
0.01216	18282.483205058827	1.4386169098779483e7	192995.98445044382
0.0128	18283.03028479629	1.4386164767563185e7	202191.91652195965
0.01344	18283.578104069147	1.4386160430452075e7	211387.84299962636
0.01408	18284.126679678866	1.4386156087080099e7	220583.76388211676
0.01472	18284.676044068132	1.4386151737200728e7	229779.67918429416
0.01536	18285.226183160117	1.4386147381036215e7	238975.58888170304
0.016	18285.777064296286	1.4386143018731765e7	248171.4929309758
0.016640000000000002	18286.32872495447	1.438613864995533e7	257367.39135022793
0.017280000000000004	18286.881168375872	1.4386134274852488e7	266563.2841312374
0.017920000000000005	18287.43436848368	1.4386129893531203e7	275759.17123667966
0.018560000000000007	18287.988360843778	1.43861255057638e7	284955.0526838427
0.01920000000000001	18288.543112248994	1.4386121111724598e7	294150.92842960625
0.01984000000000001	18289.098627960546	1.4386116711308628e7	303346.79846354516
0.020480000000000012	18289.654971595966	1.4386112304208843e7	312542.66282797494
0.021120000000000014	18290.212071058155	1.4386107890843492e7	321738.52144673216
0.021760000000000015	18290.769953061117	1.43861034711142e7	330934.37433032773
0.022400000000000017	18291.328622793677	1.4386099044870747e7	340130.22146674804
0.02304000000000002	18291.88807283035	1.4386094612244323e7	349326.0628377418
0.02368000000000002	18292.448302851815	1.4386090173212571e7	358521.89842871425
0.024320000000000022	18293.009323811933	1.4386085727595901e7	367717.7282321895
0.024960000000000024	18293.571177604572	1.4386081275190374e7	376913.55226976366
0.025600000000000026	18294.133799501797	1.438607681656532e7	386109.37047830713
0.026240000000000027	18294.697203344633	1.4386072351492207e7	395305.1828518848
0.02688000000000003	18295.26140850034	1.4386067879719464e7	404500.9893886994
0.02752000000000003	18295.8264025474	1.4386063401484525e7	413696.7900688039
0.028160000000000032	18296.392235254596	1.4386058916511158e7	422892.58491886454
0.028800000000000034	18296.958840547657	1.4386054425024299e7	432088.3738666402
0.029440000000000036	18297.526262705665	1.4386049926878707e7	441284.15693684126
0.030080000000000037	18298.094457039046	1.43860454223593e7	450479.9340803396
0.03072000000000004	18298.66348272625	1.4386040911064576e7	459675.7053284412
0.03136000000000004	18299.23329049327	1.4386036393224392e7	468871.4706260209
0.03200000000000004	18299.80394441331	1.4386031868574152e7	478067.23001256556
0.032640000000000044	18300.375412152447	1.4386027337231144e7	487262.983445925
0.033280000000000046	18300.947693581416	1.4386022799186857e7	496458.7309112783
0.03392000000000005	18301.520764055203	1.4386018254646482e7	505654.4723773478
0.03456000000000005	18302.09464608979	1.4386013703285107e7	514850.20784065494
0.03520000000000005	18302.669395820954	1.4386009144998034e7	524045.9373370196
0.03584000000000005	18303.24493944853	1.4386004580090307e7	533241.660791256
0.036480000000000054	18303.821276749815	1.438600000861916e7	542437.3781910017
0.037120000000000056	18304.398474832575	1.438599543008317e7	551633.0895681349
0.03776000000000006	18304.976479594396	1.4385990844958555e7	560828.7948733608
0.03840000000000006	18305.5553150747	1.4385986252983278e7	570024.4941055345
0.03904000000000006	18306.13499861471	1.4385981654059896e7	579220.187262768
0.03968000000000006	18306.71551083277	1.4385977048271956e7	588415.8743147951
0.040320000000000064	18307.296822327386	1.4385972435849372e7	597611.5552278988
0.040960000000000066	18307.878999517165	1.4385967816327982e7	606807.2300324921
0.04160000000000007	18308.462007819115	1.4385963190075299e7	616002.8986954272
0.04224000000000007	18309.045871019753	1.4385958556750042e7	625198.5612105506
0.04288000000000007	18309.630548296693	1.4385953916662097e7	634394.2175368574
0.04352000000000007	18310.21605017398	1.438594926976233e7	643589.8676677281
0.044160000000000074	18310.802455750625	1.4385944615510423e7	652785.511640246
0.044800000000000076	18311.389679688255	1.4385939954459038e7	661981.1493818042
0.04544000000000008	18311.977723809978	1.4385935286731862e7	671176.780885137
0.04608000000000008	18312.566651951416	1.438593061170724e7	680372.4061681002
0.04672000000000008	18313.156401939625	1.4385925929850236e7	689568.0251774453
0.04736000000000008	18313.74703492206	1.4385921240777718e7	698763.6379385821
0.048000000000000084	18314.338488336532	1.4385916545054054e7	707959.2444034922
0.048640000000000086	18314.93084071043	1.4385911841694586e7	717154.8445846442
0.04928000000000009	18315.524027862863	1.438590713160338e7	726350.4384491857
0.04992000000000009	18316.118096406026	1.4385902414236004e7	735546.025999696
0.05056000000000009	18316.71301092995	1.4385897689860512e7	744741.6072004461
0.05120000000000009	18317.308776802736	1.4385892958543012e7	753937.182044834
0.051840000000000094	18317.905411528067	1.4385888219985355e7	763132.7505190365
0.052480000000000096	18318.502928118818	1.4385883474172333e7	772328.3126190166
0.0531200000000001	18319.101301319137	1.4385878721347203e7	781523.868318158
0.0537600000000001	18319.700573623268	1.4385873961039396e7	790719.4176162647
0.0544000000000001	18320.300703829198	1.4385869193816233e7	799914.9604891455
0.0550400000000001	18320.901692020274	1.4385864419253688e7	809110.496898616
0.055680000000000104	18321.50359667186	1.4385859637471769e7	818306.0268908388
0.056320000000000106	18322.106349754144	1.4385854848500744e7	827501.5503876994
0.05696000000000011	18322.709982912125	1.4385850052316928e7	836697.0674022592
0.05760000000000011	18323.314514727004	1.4385845248599164e7	845892.5779179923
0.05824000000000011	18323.919927065253	1.4385840437807592e7	855088.0819284287
0.05888000000000011	18324.526248116435	1.4385835619448638e7	864283.5794157648
0.059520000000000114	18325.133410366423	1.4385830794146005e7	873479.0703373533
0.060160000000000116	18325.74151846344	1.4385825961037757e7	882674.5547247458
0.06080000000000012	18326.350480522495	1.4385821120880209e7	891870.032520825
0.06144000000000012	18326.960342043305	1.4385816273356853e7	901065.5037336749
0.06208000000000012	18327.57111686621	1.4385811418231212e7	910260.9683457265
0.06272000000000012	18328.18277225778	1.4385806555878581e7	919456.4263334882
0.06336000000000012	18328.795353715937	1.4385801685954295e7	928651.8777021704
0.06400000000000013	18329.408815139363	1.4385796808653444e7	937847.3224047928
0.06464000000000013	18330.023192274923	1.4385791923817879e7	947042.7604487158
0.06528000000000013	18330.63848160471	1.4385787031370701e7	956238.1918094069
0.06592000000000013	18331.254655512894	1.4385782131896352e7	965433.616483231
0.06656000000000013	18331.87174960483	1.4385777224555599e7	974629.0344323737
0.06720000000000013	18332.489791022374	1.4385772309560796e7	983824.4456795531
0.06784000000000014	18333.108720494976	1.4385767387198832e7	993019.8501724673
0.06848000000000014	18333.728552722358	1.438576245729296e7	1.0022152478968557e6
0.06912000000000014	18334.349334079692	1.4385757519663053e7	1.0114106388672203e6
0.06976000000000014	18334.970987626177	1.438575257479236e7	1.0206060230290465e6
0.07040000000000014	18335.59362111861	1.4385747621826218e7	1.0298014004067597e6
0.07104000000000014	18336.21714741516	1.4385742661485238e7	1.0389967709531762e6
0.07168000000000015	18336.84162843634	1.4385737693307376e7	1.0481921346767847e6
0.07232000000000015	18337.467048598817	1.4385732717350394e7	1.0573874915504267e6
0.07296000000000015	18338.093364443128	1.4385727733912077e7	1.0665828415388006e6
0.07360000000000015	18338.7206243779	1.4385722742744977e7	1.075778184652456e6
0.07424000000000015	18339.348812286094	1.438571774394527e7	1.084973520866961e6
0.07488000000000015	18339.9779493679	1.4385712737216556e7	1.094168850163297e6
0.07552000000000016	18340.608010818723	1.4385707722972352e7	1.103364172532716e6
0.07616000000000016	18341.239028458327	1.4385702700702189e7	1.112559487949532e6
0.07680000000000016	18341.871009319868	1.4385697670640059e7	1.121754796420963e6
0.07744000000000016	18342.503923223343	1.4385692632610358e7	1.1309500978887572e6
0.07808000000000016	18343.137768120963	1.4385687587073563e7	1.1401453923698922e6
0.07872000000000016	18343.77258271263	1.4385682533497484e7	1.1493406798419259e6
0.07936000000000017	18344.40834368455	1.4385677472032681e7	1.1585359602780456e6
0.08000000000000017	18345.04502610832	1.438567240302533e7	1.1677312336660484e6
0.08064000000000017	18345.682731875142	1.4385667325613327e7	1.1769265000138378e6
0.08128000000000017	18346.321375832693	1.4385662240288923e7	1.186121759265091e6
0.08192000000000017	18346.96095891981	1.438565714727626e7	1.1953170114220388e6
0.08256000000000017	18347.601502361547	1.438565204626543e7	1.204512256462003e6
0.08320000000000018	18348.243021740116	1.4385646937278386e7	1.2137074943838958e6
0.08384000000000018	18348.885535114314	1.438564182005803e7	1.2229027251655182e6
0.08448000000000018	18349.52898535744	1.4385636695093231e7	1.2320979487781532e6
0.08512000000000018	18350.17344796849	1.4385631561747756e7	1.241293165220049e6
0.08576000000000018	18350.818826251725	1.4385626420805406e7	1.2504883744519865e6
0.08640000000000018	18351.465224544314	1.4385621271325873e7	1.2596835764717017e6
0.08704000000000019	18352.112590249348	1.4385616113971395e7	1.268878771270467e6
0.08768000000000019	18352.760930875073	1.43856109485477e7	1.278073958821121e6
0.08832000000000019	18353.410240800287	1.4385605775081798e7	1.28726913910356e6
0.08896000000000019	18354.060559082576	1.438560059328798e7	1.2964643121106483e6
0.0896000000000002	18354.71190008492	1.4385595403013892e7	1.305659477823885e6
0.0902400000000002	18355.36416663593	1.4385590205080245e7	1.3148546362106828e6
0.0908800000000002	18356.017445068686	1.4385584998710157e7	1.3240497872624428e6
0.0915200000000002	18356.67174078796	1.4385579784057906e7	1.3332449309800533e6
0.0921600000000002	18357.32703461621	1.4385574560940182e7	1.3424400673113558e6
0.0928000000000002	18357.98329347955	1.4385569330025617e7	1.3516351962702246e6
0.0934400000000002	18358.640561898053	1.438556409068291e7	1.3608303178212084e6
0.0940800000000002	18359.298847465423	1.4385558842881452e7	1.370025431950186e6
0.0947200000000002	18359.958136861365	1.4385553586765446e7	1.3792205386405638e6
0.09536000000000021	18360.618449127556	1.438554832228686e7	1.3884156378870967e6
0.09600000000000021	18361.279767816908	1.4385543049405495e7	1.397610729653037e6
0.09664000000000021	18361.942081727157	1.4385537768312374e7	1.40680581392866e6
0.09728000000000021	18362.605420256707	1.4385532478610836e7	1.4160008906842393e6
0.09792000000000022	18363.269774623066	1.4385527180533383e7	1.425195959916124e6
0.09856000000000022	18363.93515518562	1.4385521874018244e7	1.4343910216095317e6
0.09920000000000022	18364.601550568506	1.4385516559164789e7	1.4435860757459023e6
0.09984000000000022	18365.268982871974	1.438551123554962e7	1.4527811222848992e6
0.10048000000000022	18365.937407508587	1.4385505903727258e7	1.4619761612233203e6
0.10112000000000022	18366.6068909367	1.4385500563229596e7	1.471171192555905e6
0.10176000000000023	18367.277410577466	1.4385495214106858e7	1.4803662162487942e6
0.10240000000000023	18367.948969009813	1.4385489856348796e7	1.489561232284703e6
0.10304000000000023	18368.621570530042	1.4385484490035169e7	1.4987562406571296e6
0.10368000000000023	18369.29519114092	1.43854791151333e7	1.5079512413227472e6
0.10432000000000023	18369.96983658327	1.4385473731828496e7	1.5171462342875828e6
0.10496000000000023	18370.645557990105	1.4385468339559611e7	1.5263412195204035e6
0.10560000000000024	18371.32227987994	1.4385462938999346e7	1.5355361970054589e6
0.10624000000000024	18372.00013253824	1.4385457529130964e7	1.5447311667333343e6
0.10688000000000024	18372.678973347687	1.4385452110929484e7	1.5539261286608228e6
0.10752000000000024	18373.358875166166	1.4385446684065895e7	1.5631210827996768e6
0.10816000000000024	18374.039853448747	1.4385441248246046e7	1.5723160291131954e6
0.10880000000000024	18374.721875134215	1.4385435803731298e7	1.5815109675810884e6
0.10944000000000025	18375.404960357024	1.4385430350358563e7	1.5907058981847402e6
0.11008000000000025	18376.08910606546	1.4385424888254363e7	1.5999008209163134e6
0.11072000000000025	18376.774292456677	1.4385419417445788e7	1.609095735742397e6
0.11136000000000025	18377.460590472107	1.4385413937457763e7	1.618290642654417e6
0.11200000000000025	18378.147957437086	1.4385408448652452e7	1.6274855416352823e6
0.11264000000000025	18378.836396563696	1.4385402950930737e7	1.6366804326576965e6
0.11328000000000026	18379.525891984656	1.4385397444284651e7	1.6458753156875095e6
0.11392000000000026	18380.21647601043	1.4385391928761203e7	1.6550701907395432e6
0.11456000000000026	18380.908138109546	1.4385386404283084e7	1.6642650577764816e6
0.11520000000000026	18381.600902884227	1.4385380870546112e7	1.6734599167657876e6
0.11584000000000026	18382.294747126532	1.4385375327916553e7	1.6826547677094766e6
0.11648000000000026	18382.989666850564	1.4385369776392184e7	1.691849610584621e6
0.11712000000000027	18383.685660978965	1.4385364215792289e7	1.7010444453499618e6
0.11776000000000027	18384.38280291993	1.4385358645892898e7	1.7102392720243996e6
0.11840000000000027	18385.081011138845	1.4385353066958573e7	1.7194340905473188e6
0.11904000000000027	18385.780324613133	1.4385347478922794e7	1.7286289009257446e6
0.11968000000000027	18386.48070586972	1.4385341882020103e7	1.737823703135161e6
0.12032000000000027	18387.18221866292	1.4385336275582237e7	1.747018497132172e6
0.12096000000000028	18387.884852588162	1.4385330659989482e7	1.7562132829331507e6
0.12160000000000028	18388.58857148418	1.4385325035370028e7	1.7654080605021908e6
0.12224000000000028	18389.2934316518	1.438531940114386e7	1.7746028297983962e6
0.12288000000000028	18389.999387930526	1.4385313757882278e7	1.7837975908317198e6
0.12352000000000028	18390.706475748553	1.4385308105263226e7	1.7929923435739817e6
0.12416000000000028	18391.414657229063	1.4385302443522688e7	1.8021870880011686e6
0.12480000000000029	18392.124001509408	1.438529677204039e7	1.8113818240767657e6
0.12544000000000027	18392.834408968043	1.4385291091824576e7	1.820576551819186e6
0.12608000000000028	18393.546010349626	1.438528540161371e7	1.8297712711648254e6
0.12672000000000028	18394.258711367085	1.438527970229998e7	1.8389659821229202e6
0.12736000000000028	18394.97255568218	1.4385273993553974e7	1.8481606846700285e6
0.12800000000000028	18395.68749790684	1.4385268275429923e7	1.857355378753209e6
0.12864000000000028	18396.403640657114	1.4385262547513947e7	1.8665500643885212e6
0.12928000000000028	18397.120849846244	1.4385256810743388e7	1.8757447415592873e6
0.12992000000000029	18397.83927724968	1.4385251063737482e7	1.8849394101991272e6
0.1305600000000003	18398.558811409377	1.4385245307604026e7	1.8941340703337777e6
0.1312000000000003	18399.27953883146	1.4385239541459398e7	1.903328721902814e6
0.1318400000000003	18400.00140143778	1.438523376594217e7	1.912523364918492e6
0.1324800000000003	18400.724420376384	1.4385227980772333e7	1.9217179993418877e6
0.1331200000000003	18401.44855691716	1.4385222186283201e7	1.930912625163044e6
0.1337600000000003	18402.173893377912	1.4385216381791316e7	1.9401072423418104e6
0.1344000000000003	18402.900389354647	1.4385210567699451e7	1.9493018508758359e6
0.1350400000000003	18403.62805622514	1.4385204743885629e7	1.958496450737832e6
0.1356800000000003	18404.35683799481	1.4385198910726156e7	1.9676910419095447e6
0.1363200000000003	18405.086877678645	1.438519306713971e7	1.976885624347003e6
0.1369600000000003	18405.81803865045	1.4385187214156972e7	1.9860801980510203e6
0.1376000000000003	18406.550391434794	1.4385181351380218e7	1.9952747630074958e6
0.1382400000000003	18407.283914034168	1.4385175478759183e7	2.004469319169432e6
0.1388800000000003	18408.018637781643	1.4385169596136587e7	2.0136638665208202e6
0.1395200000000003	18408.75453844916	1.4385163703727463e7	2.022858405049305e6
0.1401600000000003	18409.491634270347	1.4385157801214647e7	2.0320529347050604e6
0.1408000000000003	18410.229923643008	1.43851518888916e7	2.041247455506336e6
0.14144000000000032	18410.969403073654	1.438514596678256e7	2.0504419674324328e6
0.14208000000000032	18411.710092057558	1.4385140034460694e7	2.059636470418358e6
0.14272000000000032	18412.451974245872	1.4385134092128258e7	2.068830964457031e6
0.14336000000000032	18413.195063194995	1.438512813986238e7	2.0780254495496107e6
0.14400000000000032	18413.939358027495	1.4385122177538252e7	2.0872199256559846e6
0.14464000000000032	18414.684842311355	1.4385116205182675e7	2.096414392744346e6
0.14528000000000033	18415.43156659026	1.438511022260292e7	2.105608850808353e6
0.14592000000000033	18416.179508748286	1.4385104229886921e7	2.114803299819936e6
0.14656000000000033	18416.92865665541	1.4385098227031881e7	2.123997739746533e6
0.14720000000000033	18417.679042610253	1.4385092213799363e7	2.1331921705588093e6
0.14784000000000033	18418.430633353306	1.4385086190635154e7	2.142386592272024e6
0.14848000000000033	18419.183456201434	1.4385080157174656e7	2.1515810048339223e6
0.14912000000000034	18419.937502722612	1.4385074113442712e7	2.1607754082188983e6
0.14976000000000034	18420.69280718937	1.4385068059379222e7	2.169969802425022e6
0.15040000000000034	18421.449318250703	1.4385061995145416e7	2.179164187410661e6
0.15104000000000034	18422.20709071919	1.4385055920361767e7	2.188358563143183e6
0.15168000000000034	18422.966117646734	1.4385049835109321e7	2.1975529296063087e6
0.15232000000000034	18423.72637906712	1.4385043739622995e7	2.206747286796387e6
0.15296000000000035	18424.487871573434	1.4385037633857803e7	2.2159416346816323e6
0.15360000000000035	18425.250607014972	1.4385031517641556e7	2.2251359732235256e6
0.15424000000000035	18426.014649342116	1.4385025390538253e7	2.2343303023864524e6
0.15488000000000035	18426.779919245797	1.438501925327236e7	2.243524622192181e6
0.15552000000000035	18427.546453433686	1.4385013105351858e7	2.2527189325733217e6
0.15616000000000035	18428.31420896733	1.4385006947286615e7	2.2619132335503777e6
0.15680000000000036	18429.083314632626	1.4385000777917374e7	2.2711075250283475e6
0.15744000000000036	18429.853651694444	1.4384994598331537e7	2.280301807054094e6
0.15808000000000036	18430.625279018015	1.4384988407882018e7	2.289496079552905e6
0.15872000000000036	18431.398135922416	1.4384982207143698e7	2.2986903425416416e6
0.15936000000000036	18432.172318005738	1.4384975995468995e7	2.3078845959753525e6
0.16000000000000036	18432.947795119733	1.4384969772935698e7	2.3170788398176176e6
0.16064000000000037	18433.72451800061	1.438496353990983e7	2.3262730740625495e6
0.16128000000000037	18434.502543188402	1.438495729613273e7	2.3354672986933147e6
0.16192000000000037	18435.2818777317	1.4384951041237235e7	2.344661513633228e6
0.16256000000000037	18436.062512934306	1.4384944775591759e7	2.353855718911033e6
0.16320000000000037	18436.84442024508	1.4384938499288004e7	2.3630499144946686e6
0.16384000000000037	18437.627652902138	1.4384932211908704e7	2.3722441003373777e6
0.16448000000000038	18438.412201922773	1.4384925913595563e7	2.3814382764311545e6
0.16512000000000038	18439.198043561788	1.4384919604455473e7	2.390632442750302e6
0.16576000000000038	18439.985152058613	1.4384913284547852e7	2.399826599259911e6
0.16640000000000038	18440.77363371091	1.4384906953222506e7	2.409020745917292e6
0.16704000000000038	18441.563435231234	1.4384900611130882e7	2.4182148827623185e6
0.16768000000000038	18442.354559073534	1.4384894257760562e7	2.4274090096879047e6
0.16832000000000039	18443.14697354078	1.4384887893618342e7	2.436603126728799e6
0.1689600000000004	18443.940735106098	1.4384881518108375e7	2.445797233808099e6
0.1696000000000004	18444.73584929203	1.4384875131446699e7	2.4549913309426177e6
0.1702400000000004	18445.532284750032	1.4384868733685397e7	2.4641854180912017e6
0.1708800000000004	18446.330066232156	1.4384862324574497e7	2.4733794952078103e6
0.1715200000000004	18447.129190621003	1.4384855904336745e7	2.48257356230369e6
0.1721600000000004	18447.929640346098	1.4384849472964477e7	2.491767619339034e6
0.1728000000000004	18448.731442626056	1.438484303037899e7	2.5009616662988355e6
0.1734400000000004	18449.53462711234	1.4384836576069105e7	2.510155703094817e6
0.1740800000000004	18450.339165698617	1.4384830110420007e7	2.5193497297456544e6
0.1747200000000004	18451.14503223903	1.4384823633712318e7	2.5285437462544283e6
0.1753600000000004	18451.9522804015	1.4384817145469015e7	2.5377377525579627e6
0.1760000000000004	18452.7608780381	1.438481064584415e7	2.54693174863208e6
0.1766400000000004	18453.570860284264	1.4384804134684237e7	2.556125734454153e6
0.1772800000000004	18454.38222786505	1.4384797612005303e7	2.565319710002815e6
0.1779200000000004	18455.194940140376	1.4384791077880587e7	2.5745136752329106e6
0.1785600000000004	18456.00908822442	1.4384784531923871e7	2.5837076301257634e6
0.17920000000000041	18456.824605217862	1.4384777974384964e7	2.5929015746457544e6
0.17984000000000042	18457.6414797307	1.4384771405485582e7	2.602095508798549e6
0.18048000000000042	18458.45977122909	1.4384764824769204e7	2.6112894325260697e6
0.18112000000000042	18459.279435967514	1.4384758232387356e7	2.620483345794529e6
0.18176000000000042	18460.10049631142	1.4384751628519224e7	2.6296772486297623e6
0.18240000000000042	18460.922983851957	1.4384745012539646e7	2.6388711409188346e6
0.18304000000000042	18461.746877388057	1.4384738384771114e7	2.6480650226774616e6
0.18368000000000043	18462.57216700624	1.4384731745409358e7	2.6572588939081673e6
0.18432000000000043	18463.39887627814	1.4384725093995823e7	2.666452754520719e6
0.18496000000000043	18464.226987346497	1.438471843101878e7	2.6756466045650067e6
0.18560000000000043	18465.05652566449	1.4384711756046616e7	2.6848404439567593e6
0.18624000000000043	18465.887506630286	1.4384705068828909e7	2.694034272636098e6
0.18688000000000043	18466.71990502726	1.4384698369810214e7	2.7032280906393146e6
0.18752000000000044	18467.553733344153	1.4384691658821592e7	2.712421897919499e6
0.18816000000000044	18468.388970315857	1.4384684936060848e7	2.7216156944708764e6
0.18880000000000044	18469.225665692942	1.438467820088819e7	2.7308094801877066e6
0.18944000000000044	18470.063822211643	1.4384671453609375e7	2.740003255103498e6
0.19008000000000044	18470.90342271813	1.4384664694061123e7	2.749197019147272e6
0.19072000000000044	18471.744443440304	1.438465792275739e7	2.7583907723714835e6
0.19136000000000045	18472.58693498996	1.4384651139024628e7	2.7675845146628693e6
0.19200000000000045	18473.43087767568	1.4384644343201296e7	2.7767782460438176e6
0.19264000000000045	18474.27629504644	1.4384637534952538e7	2.7859719664428323e6
0.19328000000000045	18475.123171233878	1.4384630714387378e7	2.795165675841497e6
0.19392000000000045	18475.97152052383	1.4384623881538715e7	2.804359374231258e6
0.19456000000000045	18476.821333934557	1.4384617036391031e7	2.81355306157545e6
0.19520000000000046	18477.672631775586	1.4384610178842478e7	2.822746737844111e6
0.19584000000000046	18478.525399126305	1.4384603308887573e7	2.8319404029975105e6
0.19648000000000046	18479.37966386102	1.4384596426297266e7	2.841134056986399e6
0.19712000000000046	18480.235412846025	1.4384589531167604e7	2.8503276997920303e6
0.19776000000000046	18481.092663557018	1.4384582623631125e7	2.85952133142771e6
0.19840000000000046	18481.951380824066	1.4384575703717781e7	2.868714951844483e6
0.19904000000000047	18482.811617966636	1.4384568771078605e7	2.877908560989019e6
0.19968000000000047	18483.673347506112	1.4384561825776061e7	2.8871021588244466e6
0.20032000000000047	18484.536619239134	1.4384554867518486e7	2.896295745304983e6
0.20096000000000047	18485.401375794445	1.4384547896807685e7	2.905489320457794e6
0.20160000000000047	18486.267635094544	1.438454091341578e7	2.9146828842244875e6
0.20224000000000047	18487.135437792705	1.4384533917159433e7	2.923876436573184e6
0.20288000000000048	18488.004750218468	1.4384526908203874e7	2.933069977482903e6
0.20352000000000048	18488.875588749193	1.4384519886409681e7	2.9422635069110324e6
0.20416000000000048	18489.747959618744	1.4384512851616476e7	2.95145702480221e6
0.20480000000000048	18490.621888443828	1.4384505803757612e7	2.9606505311352564e6
0.20544000000000048	18491.497344631895	1.4384498743210282e7	2.9698440259352783e6
0.20608000000000049	18492.37433806715	1.4384491669592122e7	2.9790375091040297e6
0.2067200000000005	18493.252892649925	1.4384484582933173e7	2.9882309806386335e6
0.2073600000000005	18494.132979403494	1.4384477483197412e7	2.9974244404806164e6
0.2080000000000005	18495.014647126856	1.4384470370332338e7	3.006617888629658e6
0.2086400000000005	18495.897857928237	1.4384463244463075e7	3.015811325053633e6
0.2092800000000005	18496.78263589058	1.4384456105422135e7	3.0250047497086027e6
0.2099200000000005	18497.66898561777	1.4384448953110592e7	3.0341981625491395e6
0.2105600000000005	18498.556905083762	1.4384441787576806e7	3.0433915635553286e6
0.2112000000000005	18499.446400109566	1.4384434608831918e7	3.052584952705715e6
0.2118400000000005	18500.33746974795	1.4384427416731635e7	3.0617783299405933e6
0.2124800000000005	18501.230184831795	1.4384420210911738e7	3.0709716952096918e6
0.2131200000000005	18502.124407117106	1.4384412992260352e7	3.0801650485640056e6
0.2137600000000005	18503.020256976797	1.4384405759934071e7	3.0893583898903597e6
0.2144000000000005	18503.917703659088	1.4384398514222723e7	3.098551719197354e6
0.2150400000000005	18504.81676696994	1.438439125484613e7	3.1077450364115196e6
0.2156800000000005	18505.717425463386	1.4384383982180372e7	3.116938341567809e6
0.2163200000000005	18506.61968831317	1.4384376695752408e7	3.1261316345425057e6
0.2169600000000005	18507.523564441108	1.4384369395861689e7	3.1353249153780593e6
0.21760000000000052	18508.42907543565	1.4384362082143122e7	3.144518183982972e6
0.21824000000000052	18509.336191668168	1.4384354755002663e7	3.153711440392987e6
0.21888000000000052	18510.244967471564	1.438434741378081e7	3.1629046844773428e6
0.21952000000000052	18511.155359185726	1.4384340059045754e7	3.1720979162964686e6
0.22016000000000052	18512.067384008467	1.438433269039288e7	3.181291135745649e6
0.22080000000000052	18512.981061013885	1.4384325307858324e7	3.190484342817867e6
0.22144000000000053	18513.896372694722	1.438431791154731e7	3.1996775374929695e6
0.22208000000000053	18514.81333276886	1.4384310501444727e7	3.20887071974868e6
0.22272000000000053	18515.731950785168	1.4384303077307716e7	3.2180638895086884e6
0.22336000000000053	18516.65226129421	1.4384295638741547e7	3.2272570466815312e6
0.22400000000000053	18517.574205947498	1.4384288186645005e7	3.236450191392304e6
0.22464000000000053	18518.497820211778	1.4384280720287371e7	3.2456433234752426e6
0.22528000000000054	18519.42309037462	1.438427324000287e7	3.2548364429644295e6
0.22592000000000054	18520.35007187324	1.4384265745094243e7	3.2640295497153345e6
0.22656000000000054	18521.27872124156	1.4384258236419057e7	3.2732226438572668e6
0.22720000000000054	18522.20909185154	1.438425071306223e7	3.2824157251939294e6
0.22784000000000054	18523.141094489052	1.438424317592622e7	3.291608793830558e6
0.22848000000000054	18524.0748290978	1.438423562422421e7	3.300801849634901e6
0.22912000000000055	18525.010227049966	1.4384228058455518e7	3.3099948926371643e6
0.22976000000000055	18525.94738159183	1.4384220477922915e7	3.319187922718774e6
0.23040000000000055	18526.88620548229	1.4384212883163407e7	3.328380939904596e6
0.23104000000000055	18527.82677221663	1.4384205273713166e7	3.3375739441134618e6
0.23168000000000055	18528.769053532953	1.4384197649859251e7	3.34676693535861e6
0.23232000000000055	18529.713062713345	1.438419001134879e7	3.3559599135605427e6
0.23296000000000056	18530.65879928398	1.438418235828285e7	3.3651528787109833e6
0.23360000000000056	18531.606277621657	1.438417469041078e7	3.3743458307311353e6
0.23424000000000056	18532.55546172137	1.4384167008291584e7	3.3835387696925965e6
0.23488000000000056	18533.50640228186	1.4384159311266487e7	3.3927316954487944e6
0.23552000000000056	18534.459091437326	1.4384151599382857e7	3.401924607972881e6
0.23616000000000056	18535.413540160313	1.4384143872597314e7	3.411117507231106e6
0.23680000000000057	18536.369752568233	1.4384136131083503e7	3.4203103932357416e6
0.23744000000000057	18537.327723142495	1.4384128374613412e7	3.429503265896776e6
0.23808000000000057	18538.28747457307	1.4384120603069691e7	3.4386961251714667e6
0.23872000000000057	18539.24896888978	1.4384112816896096e7	3.4478889711044803e6
0.23936000000000057	18540.212258070635	1.4384105015462857e7	3.457081803553176e6
0.24000000000000057	18541.177349125413	1.4384097198652113e7	3.4662746224618508e6
0.24064000000000058	18542.14421245388	1.4384089367032617e7	3.475467427911906e6
0.24128000000000058	18543.112850588906	1.4384081520206656e7	3.484660219777469e6
0.24192000000000058	18544.08326604299	1.4384073658582242e7	3.4938529981265464e6
0.24256000000000058	18545.05553834377	1.4384065781167686e7	3.503045762747005e6
0.24320000000000058	18546.029590259313	1.4384057888571605e7	3.512238513694531e6
0.24384000000000058	18547.005460312113	1.4384049980657501e7	3.5214312509324034e6
0.24448000000000059	18547.983165853027	1.4384042057245106e7	3.5306239743967573e6
0.2451200000000006	18548.96265732774	1.4384034118784832e7	3.53981668412731e6
0.2457600000000006	18549.944011636315	1.4384026164419552e7	3.549009379939094e6
0.2464000000000006	18550.92718101363	1.4384018194830775e7	3.558202061929923e6
0.2470400000000006	18551.912182630414	1.438401020958915e7	3.5673947299739453e6
0.2476800000000006	18552.899037932126	1.4384002208789725e7	3.576587384077265e6
0.2483200000000006	18553.887733214204	1.438399419218751e7	3.5857800241353135e6
0.2489600000000006	18554.878307945004	1.4383986159790102e7	3.594972650145752e6
0.2496000000000006	18555.870721898635	1.4383978111977123e7	3.604165262139211e6
0.2502400000000006	18556.86497748651	1.4383970048318904e7	3.613357859976851e6
0.25088000000000055	18557.861128491524	1.4383961968664072e7	3.622550443627026e6
0.2515200000000005	18558.85916652437	1.4383953873048088e7	3.6317430130580226e6
0.2521600000000005	18559.859054560282	1.4383945761674885e7	3.640935568259308e6
0.25280000000000047	18560.860848562992	1.4383937634165814e7	3.650128109143171e6
0.25344000000000044	18561.864502929282	1.4383929491090499e7	3.659320635785289e6
0.2540800000000004	18562.87009477925	1.4383921331341293e7	3.6685131479282994e6
0.2547200000000004	18563.877565047635	1.4383913155788735e7	3.677705645714191e6
0.25536000000000036	18564.88696307078	1.4383904963852951e7	3.6868981289976756e6
0.25600000000000034	18565.89826373761	1.4383896755706912e7	3.696090597769195e6
0.2566400000000003	18566.911454991026	1.4383888531598324e7	3.7052830520485803e6
0.2572800000000003	18567.9265765083	1.4383880291217597e7	3.714475491751372e6
0.25792000000000026	18568.943638263816	1.438387203414171e7	3.723667916740916e6
0.25856000000000023	18569.962638330566	1.438386376081709e7	3.732860327095434e6
0.2592000000000002	18570.983577561954	1.4383855471053254e7	3.7420527227312643e6
0.2598400000000002	18572.00646946022	1.4383847164473658e7	3.7512451035252735e6
0.26048000000000016	18573.03130719408	1.4383838841639962e7	3.7604374695826755e6
0.26112000000000013	18574.058075446454	1.4383830502246726e7	3.769629820777453e6
0.2617600000000001	18575.086837374976	1.4383822146012029e7	3.7788221570469337e6
0.2624000000000001	18576.117547680402	1.4383813773269078e7	3.7880144784089765e6
0.26304000000000005	18577.150241836003	1.43838053835234e7	3.7972067847242197e6
0.26368	18578.184902099314	1.4383796977430077e7	3.806399076115877e6
0.26432	18579.221566314107	1.4383788554073801e7	3.815591352334693e6
0.26496	18580.26020918803	1.4383780113802917e7	3.8247836134173824e6
0.26559999999999995	18581.30086648366	1.4383771656537995e7	3.8339758593328362e6
0.2662399999999999	18582.343515950877	1.4383763182401191e7	3.843168090060756e6
0.2668799999999999	18583.388164701733	1.4383754691140225e7	3.8523603055028077e6
0.26751999999999987	18584.434821809125	1.4383746183004374e7	3.861552505695607e6
0.26815999999999984	18585.4834926649	1.4383737657502884e7	3.8707446904752427e6
0.2687999999999998	18586.534202327046	1.438372911481145e7	3.8799368598700566e6
0.2694399999999998	18587.586942893777	1.4383720554944418e7	3.8891290138412216e6
0.27007999999999976	18588.64172419332	1.4383711977500107e7	3.898321152250549e6
0.27071999999999974	18589.69851831143	1.4383703383039085e7	3.907513275191772e6
0.2713599999999997	18590.757411283765	1.4383694770689346e7	3.9167053824544144e6
0.2719999999999997	18591.81834556083	1.4383686141213387e7	3.9258974741656054e6
0.27263999999999966	18592.881306242372	1.4383677494368788e7	3.93508955021161e6
0.27327999999999963	18593.94636791835	1.43836688296187e7	3.9442816104626865e6
0.2739199999999996	18595.01347779708	1.438366014747033e7	3.9534736549810264e6
0.2745599999999996	18596.082702537988	1.4383651447171334e7	3.9626656835710844e6
0.27519999999999956	18597.15397451621	1.4383642729719862e7	3.9718576964196293e6
0.27583999999999953	18598.22734257872	1.438363399429908e7	3.9810496932998532e6
0.2764799999999995	18599.30281440061	1.4383625240878636e7	3.990241674170393e6
0.2771199999999995	18600.380407286273	1.4383616469611438e7	3.9994336390475333e6
0.27775999999999945	18601.460099754822	1.4383607680239124e7	4.008625587805658e6
0.2783999999999994	18602.54189605685	1.4383598873105222e7	4.0178175205046805e6
0.2790399999999994	18603.62584351487	1.4383590047567563e7	4.027009436961385e6
0.2796799999999994	18604.71185963095	1.4383581204454266e7	4.0362013373084893e6
0.28031999999999935	18605.800064144678	1.4383572342770506e7	4.0453932213155823e6
0.2809599999999993	18606.89039449346	1.4383563462669378e7	4.054585088940835e6
0.2815999999999993	18607.982893543078	1.4383554564604988e7	4.0637769403034756e6
0.28223999999999927	18609.077515995843	1.4383545647922818e7	4.0729687751476066e6
0.28287999999999924	18610.174293557266	1.4383536713215612e7	4.082160593623817e6
0.2835199999999992	18611.273259963607	1.4383527759697368e7	4.0913523954946855e6
0.2841599999999992	18612.37436440531	1.4383518788036266e7	4.10054418087339e6
0.28479999999999916	18613.477664475824	1.4383509797469491e7	4.109735949544932e6
0.28543999999999914	18614.58315904205	1.4383500788451955e7	4.1189277015978387e6
0.2860799999999991	18615.690855787965	1.438349176060612e7	4.12811943688995e6
0.2867199999999991	18616.800735013843	1.4383482714104772e7	4.1373111554163774e6
0.28735999999999906	18617.91283224734	1.4383473648639232e7	4.146502857073729e6
0.28799999999999903	18619.027115874695	1.4383464564518519e7	4.1556945418878226e6
0.288639999999999	18620.14365096905	1.4383455461265815e7	4.1648862097273045e6
0.289279999999999	18621.262377960866	1.438344633922404e7	4.17407786060798e6
0.28991999999999896	18622.383379107312	1.4383437197909908e7	4.1832694944078624e6
0.29055999999999893	18623.50658381859	1.438342803770079e7	4.1924611111451504e6
0.2911999999999989	18624.63206191138	1.438341885812815e7	4.201652710692385e6
0.2918399999999989	18625.75976476061	1.4383409659380283e7	4.210844293028539e6
0.29247999999999885	18626.889724869496	1.4383400441488674e7	4.22003585814473e6
0.2931199999999988	18628.02198402671	1.4383391203969095e7	4.229227405887473e6
0.2937599999999988	18629.156473756848	1.4383381947535967e7	4.238418936376175e6
0.2943999999999988	18630.293262917778	1.4383372671365779e7	4.247610449376383e6
0.29503999999999875	18631.432315407004	1.4383363375683466e7	4.256801944886701e6
0.2956799999999987	18632.57371836624	1.438335406020558e7	4.265993422842888e6
0.2963199999999987	18633.71734242393	1.4383344725568807e7	4.275184883300047e6
0.29695999999999867	18634.863332772595	1.4383335370706795e7	4.284376326002543e6
0.29759999999999864	18636.011633513135	1.438332599633923e7	4.293567751081915e6
0.2982399999999986	18637.162223203828	1.4383316602151606e7	4.302759158387431e6
0.2988799999999986	18638.315160918333	1.4383307188092584e7	4.311950547902714e6
0.29951999999999857	18639.470459598168	1.4383297753539884e7	4.321141919407785e6
0.30015999999999854	18640.628021620163	1.4383288299840616e7	4.330333273194789e6
0.3007999999999985	18641.788000037912	1.438327882555753e7	4.339524608897311e6
0.3014399999999985	18642.95034287346	1.4383269330965368e7	4.348715926517696e6
0.30207999999999846	18644.115018142445	1.4383259816399554e7	4.357907226091417e6
0.30271999999999843	18645.282054116997	1.4383250281850493e7	4.367098507592453e6
0.3033599999999984	18646.45148243166	1.4383240726378469e7	4.376289770714871e6
0.3039999999999984	18647.623319466147	1.438323115069111e7	4.385481015640423e6
0.30463999999999836	18648.79750096283	1.4383221554705968e7	4.394672242255872e6
0.30527999999999833	18649.974118417504	1.4383211938083205e7	4.403863450477564e6
0.3059199999999983	18651.15316615356	1.438320230045836e7	4.413054640145761e6
0.3065599999999983	18652.33456485678	1.4383192642736541e7	4.422245811437943e6
0.30719999999999825	18653.518448506602	1.438318296368726e7	4.431436964025826e6
0.3078399999999982	18654.70470266329	1.438317326458318e7	4.440628098176256e6
0.3084799999999982	18655.893421952405	1.4383163544299528e7	4.449819213564641e6
0.3091199999999982	18657.084603270712	1.4383153802621031e7	4.459010310076895e6
0.30975999999999815	18658.278207258707	1.438314404068583e7	4.468201387992594e6
0.3103999999999981	18659.47428348498	1.438313425711519e7	4.477392446874419e6
0.3110399999999981	18660.672861967014	1.438312445245603e7	4.4865834868668765e6
0.31167999999999807	18661.873861940923	1.4383114626805723e7	4.495774507899431e6
0.31231999999999804	18663.077349109324	1.4383104780069353e7	4.504965509942668e6
0.312959999999998	18664.28334070876	1.4383094911730213e7	4.5141564928014595e6
0.313599999999998	18665.491839855524	1.4383085021863678e7	4.523347456455297e6
0.31423999999999797	18666.702846677763	1.4383075110424066e7	4.5325384008437665e6
0.31487999999999794	18667.91636314999	1.4383065177618409e7	4.541729325987176e6
0.3155199999999979	18669.132374882636	1.4383055223251104e7	4.550920231768118e6
0.3161599999999979	18670.350927057778	1.4383045247293575e7	4.560111118162266e6
0.31679999999999786	18671.572058141395	1.4383035249093015e7	4.569301984942758e6
0.31743999999999784	18672.795656011785	1.4383025229759784e7	4.578492832337882e6
0.3180799999999978	18674.02188832976	1.4383015187811656e7	4.58768365994519e6
0.3187199999999978	18675.25065778995	1.4383005124151224e7	4.596874467937585e6
0.31935999999999776	18676.481967629552	1.438299503852688e7	4.606065256190359e6
0.31999999999999773	18677.715915292898	1.438298493043929e7	4.61525602456294e6
0.3206399999999977	18678.952367403726	1.4382974800688507e7	4.624446773173049e6
0.3212799999999977	18680.19146102895	1.4382964648423826e7	4.633637501794003e6
0.32191999999999765	18681.433140512407	1.4382954473691931e7	4.642828210354791e6
0.3225599999999976	18682.677485007305	1.4382944276259609e7	4.6520188987857085e6
0.3231999999999976	18683.924353288916	1.438293405721573e7	4.6612095672943955e6
0.3238399999999976	18685.173911825805	1.4382923815042373e7	4.670400215455507e6
0.32447999999999755	18686.426096090523	1.4382913550209029e7	4.679590843328222e6
0.3251199999999975	18687.680906474554	1.438290326298083e7	4.688781450950453e6
0.3257599999999975	18688.938364182482	1.4382892952766903e7	4.697972038095977e6
0.32639999999999747	18690.198523663505	1.4382882619519716e7	4.707162604736739e6
0.32703999999999744	18691.46134217012	1.4382872263375448e7	4.716353150839097e6
0.3276799999999974	18692.726816533228	1.4382861884000713e7	4.725543676242608e6
0.3283199999999974	18693.994985289024	1.4382851481902007e7	4.734734181089749e6
0.32895999999999737	18695.26583856571	1.4382841056803433e7	4.743924665234331e6
0.32959999999999734	18696.539381510654	1.4382830608368563e7	4.753115128519605e6
0.3302399999999973	18697.815687843504	1.4382820136055222e7	4.762305570765927e6
0.3308799999999973	18699.09467189566	1.4382809640933005e7	4.771495992218733e6
0.33151999999999726	18700.376402895112	1.4382799122059394e7	4.780686392562898e6
0.33215999999999724	18701.66085680855	1.4382788579761714e7	4.789876771840222e6
0.3327999999999972	18702.9480951388	1.4382778013347594e7	4.799067129811116e6
0.3334399999999972	18704.238027603096	1.4382767423866589e7	4.808257466713714e6
0.33407999999999716	18705.530777634427	1.4382756810307683e7	4.817447782242993e6
0.33471999999999713	18706.826270589383	1.4382746172940126e7	4.826638076387776e6
0.3353599999999971	18708.1245435877	1.4382735511640921e7	4.835828349080508e6
0.3359999999999971	18709.4256478416	1.4382724826014008e7	4.845018600170831e6
0.33663999999999705	18710.72951010139	1.4382714116664695e7	4.854208829761781e6
0.337279999999997	18712.036210730283	1.4382703382837724e7	4.86339903760104e6
0.337919999999997	18713.34571346088	1.438269262482376e7	4.87258922371037e6
0.338559999999997	18714.65800999837	1.4382681842833498e7	4.881779388103799e6
0.33919999999999695	18715.97320181429	1.4382671035644023e7	4.890969530382168e6
0.3398399999999969	18717.29118088198	1.4382660204723138e7	4.900159650919038e6
0.3404799999999969	18718.61207499438	1.4382649348375915e7	4.909349749170687e6
0.34111999999999687	18719.93580491829	1.4382638467899395e7	4.918539825472941e6
0.34175999999999684	18721.26238380306	1.4382627562686292e7	4.927729879575136e6
0.3423999999999968	18722.591885832895	1.4382616632310724e7	4.93691991132727e6
0.3430399999999968	18723.924266604998	1.4382605677035052e7	4.946109920736247e6
0.34367999999999677	18725.25955138112	1.438259469675768e7	4.955299907730396e6
0.34431999999999674	18726.59775181436	1.4382583691411832e7	4.964489872240785e6
0.3449599999999967	18727.938855062843	1.438257266063315e7	4.973679814079585e6
0.3455999999999967	18729.282884865977	1.4382561604954315e7	4.98286973339202e6
0.34623999999999666	18730.629874330887	1.4382550523817988e7	4.992059629953335e6
0.34687999999999664	18731.97982917245	1.4382539416948378e7	5.001249503617034e6
0.3475199999999966	18733.332697925365	1.4382528284692356e7	5.010439354414981e6
0.3481599999999966	18734.688574579704	1.4382517126703316e7	5.019629182233431e6
0.34879999999999656	18736.047440696795	1.438250594282208e7	5.028818986949674e6
0.34943999999999653	18737.40926122079	1.4382494733712053e7	5.038008768717269e6
0.3500799999999965	18738.774093569482	1.4382483498037865e7	5.047198527051939e6
0.3507199999999965	18740.14193276548	1.4382472236720521e7	5.056388262216676e6
0.35135999999999645	18741.51276961716	1.4382460949394131e7	5.065577974021955e6
0.3519999999999964	18742.886696674144	1.4382449635627268e7	5.074767662320192e6
0.3526399999999964	18744.263592936968	1.4382438295762612e7	5.083957327097199e6
0.3532799999999964	18745.643572610166	1.4382426929575987e7	5.093146968291831e6
0.35391999999999635	18747.0265836695	1.438241553706545e7	5.102336585813329e6
0.3545599999999963	18748.41271945912	1.4382404117527429e7	5.111526179416121e6
0.3551999999999963	18749.80188402953	1.4382392671692498e7	5.120715749239945e6
0.35583999999999627	18751.19413820162	1.4382381199232383e7	5.129905295150862e6
0.35647999999999624	18752.589557597235	1.4382369699434388e7	5.139094816886422e6
0.3571199999999962	18753.988020597	1.4382358173221635e7	5.148284314639537e6
0.3577599999999962	18755.38958725832	1.4382346620186863e7	5.157473788246519e6
0.35839999999999617	18756.794364734273	1.438233503956333e7	5.166663237443856e6
0.35903999999999614	18758.202242386116	1.4382323431858992e7	5.175852662283878e6
0.3596799999999961	18759.613282430502	1.4382311796925416e7	5.185042062695083e6
0.3603199999999961	18761.027490540324	1.43823001343776e7	5.19423143848403e6
0.36095999999999606	18762.44481662931	1.4382288444839932e7	5.203420789784984e6
0.36159999999999604	18763.86539101976	1.4382276727389561e7	5.212610116289635e6
0.362239999999996	18765.289140673318	1.4382264982308377e7	5.221799417993684e6
0.362879999999996	18766.71606393964	1.4382253209786426e7	5.2309886949058985e6
0.36351999999999596	18768.146231268704	1.4382241408960383e7	5.240177946698499e6
0.36415999999999593	18769.579639610733	1.4382229580353858e7	5.249367173499652e6
0.3647999999999959	18771.016297546485	1.4382217723127814e7	5.258556374949169e6
0.3654399999999959	18772.456169993453	1.4382205838506468e7	5.267745551410975e6
0.36607999999999585	18773.89930745495	1.4382193925492253e7	5.2769347024931265e6
0.3667199999999958	18775.34571432402	1.4382181984012667e7	5.286123828111033e6
0.3673599999999958	18776.795438783607	1.4382170013871133e7	5.295312928162031e6
0.3679999999999958	18778.248405656057	1.4382158015341787e7	5.304502002638091e6
0.36863999999999575	18779.704675118057	1.438214598803996e7	5.313691051374672e6
0.3692799999999957	18781.164321941895	1.4382133931833155e7	5.322880074308421e6
0.3699199999999957	18782.62731968822	1.4382121846586103e7	5.332069071310659e6
0.37055999999999567	18784.09359374514	1.4382109732536627e7	5.341258042360357e6
0.37119999999999564	18785.563234235517	1.4382097589760387e7	5.35044698748068e6
0.3718399999999956	18787.036186911464	1.4382085417829346e7	5.359635906416771e6
0.3724799999999956	18788.512575735538	1.4382073216273868e7	5.368824799009153e6
0.37311999999999557	18789.992323248283	1.4382060985355956e7	5.378013665243549e6
0.37375999999999554	18791.475504195074	1.4382048724549327e7	5.387202504907239e6
0.3743999999999955	18792.96206965805	1.4382036434576482e7	5.396391318176148e6
0.3750399999999955	18794.452038959465	1.4382024114920817e7	5.405580104806107e6
0.37567999999999546	18795.94550286655	1.4382011765256893e7	5.414768864667994e6
0.37631999999999544	18797.442354517567	1.43819993858414e7	5.423957597727436e6
0.3769599999999954	18798.942661213983	1.4381986976278711e7	5.4331463038136e6
0.3775999999999954	18800.446420035092	1.438197453682553e7	5.442334982957084e6
0.37823999999999536	18801.953733776245	1.4381962066476537e7	5.451523634777531e6
0.37887999999999533	18803.464474803433	1.4381949566425012e7	5.460712259581632e6
0.3795199999999953	18804.97873931496	1.4381937035599232e7	5.469900856958723e6
0.3801599999999953	18806.496515110663	1.4381924474181455e7	5.47908942690468e6
0.38079999999999525	18808.017872955006	1.4381911881566819e7	5.48827796916751e6
0.3814399999999952	18809.542721248363	1.4381899258784339e7	5.497466484016284e6
0.3820799999999952	18811.07113397725	1.4381886604694597e7	5.50665497099675e6
0.3827199999999952	18812.603117155846	1.438187391998225e7	5.515843430307696e6
0.38335999999999515	18814.138699788404	1.4381861203539751e7	5.525031861476767e6
0.3839999999999951	18815.677811568115	1.4381848456648558e7	5.534220264884902e6
0.3846399999999951	18817.2205567745	1.4381835677959593e7	5.543408640012125e6
0.38527999999999507	18818.766930784008	1.4381822867517995e7	5.552596986804954e6
0.38591999999999504	18820.31696939785	1.4381810025603708e7	5.561785305325479e6
0.386559999999995	18821.870578166814	1.438179715207063e7	5.570973595391822e6
0.387199999999995	18823.427887642556	1.4381784246681884e7	5.580161856924701e6
0.38783999999999497	18824.98887780914	1.4381771308901407e7	5.58935008963569e6
0.38847999999999494	18826.55351905937	1.4381758339669187e7	5.598538293802588e6
0.3891199999999949	18828.12186321829	1.4381745337895812e7	5.607726468965748e6
0.3897599999999949	18829.693906233384	1.4381732303756518e7	5.6169146151214065e6
0.39039999999999486	18831.269678973596	1.438171923734718e7	5.626102732256567e6
0.39103999999999484	18832.849167310404	1.4381706138418185e7	5.635290820195898e6
0.3916799999999948	18834.432440020973	1.4381693006484862e7	5.64447887872183e6
0.3923199999999948	18836.019436116447	1.438167984220777e7	5.653666907985817e6
0.39295999999999476	18837.610278556902	1.4381666644328555e7	5.6628549074987685e6
0.39359999999999473	18839.204856865403	1.438165341377112e7	5.672042877485441e6
0.3942399999999947	18840.80321379144	1.4381640150068067e7	5.681230817717545e6
0.3948799999999947	18842.40538298874	1.4381626853253428e7	5.690418728157992e6
0.39551999999999465	18844.01141150408	1.438161352260349e7	5.699606608478081e6
0.3961599999999946	18845.621257724655	1.4381600158847855e7	5.708794458869353e6
0.3967999999999946	18847.235005140967	1.4381586761357741e7	5.717982279061776e6
0.3974399999999946	18848.852608598023	1.43815733295883e7	5.727170068739333e6
0.39807999999999455	18850.474120159244	1.438155986402132e7	5.736357828051935e6
0.3987199999999945	18852.099486377592	1.4381546364168486e7	5.745545556700349e6
0.3993599999999945	18853.728771184356	1.4381532830690324e7	5.754733254913533e6
0.39999999999999447	18855.361975609118	1.4381519262836928e7	5.763920922320058e6
0.40063999999999445	18856.99912055728	1.4381505660298968e7	5.773108558734995e6
0.4012799999999944	18858.64016015365	1.4381492023799252e7	5.782296164346771e6
0.4019199999999944	18860.28530836541	1.4381478351691378e7	5.791483738548945e6
0.40255999999999437	18861.934366263635	1.4381464645177575e7	5.800671281630384e6
0.40319999999999434	18863.587437596478	1.4381450903549299e7	5.809858793293754e6
0.4038399999999943	18865.24453391362	1.4381437126775421e7	5.819046273458242e6
0.4044799999999943	18866.90559443973	1.438142331507877e7	5.82823372210258e6
0.40511999999999426	18868.570699688808	1.4381409468114402e7	5.837421139060255e6
0.40575999999999424	18870.23999438262	1.4381395584568338e7	5.846608523808628e6
0.4063999999999942	18871.913203739994	1.4381381666640274e7	5.855795877000264e6
0.4070399999999942	18873.590599451974	1.4381367711873118e7	5.864983197722601e6
0.40767999999999416	18875.272052577475	1.4381353722019201e7	5.874170486534886e6
0.40831999999999413	18876.957596307533	1.4381339696164887e7	5.883357743008546e6
0.4089599999999941	18878.647369238657	1.4381325633308245e7	5.89254496673877e6
0.4095999999999941	18880.341229097176	1.4381311534248354e7	5.9017321578897e6
0.41023999999999405	18882.039230070408	1.4381297399255304e7	5.910919316526736e6
0.41087999999999403	18883.7413696207	1.4381283227801802e7	5.920106442354789e6
0.411519999999994	18885.447768547998	1.4381269019241223e7	5.929293535100897e6
0.412159999999994	18887.158387937816	1.4381254773980413e7	5.938480594830446e6
0.41279999999999395	18888.87323546258	1.4381240490856817e7	5.947667620989471e6
0.4134399999999939	18890.59228415757	1.4381226171152791e7	5.956854614011518e6
0.4140799999999939	18892.31561324133	1.4381211814184517e7	5.9660415735815475e6
0.41471999999999387	18894.04317094314	1.4381197419814177e7	5.975228499532337e6
0.41535999999999385	18895.775089338975	1.438118298733175e7	5.984415391566259e6
0.4159999999999938	18897.511302723036	1.4381168517016439e7	5.99360224967954e6
0.4166399999999938	18899.25171919955	1.438115400988007e7	6.002789074159255e6
0.41727999999999377	18900.996636832882	1.438113946326484e7	6.011975863991278e6
0.41791999999999374	18902.74575133223	1.4381124879670743e7	6.021162619958842e6
0.4185599999999937	18904.499446887483	1.4381110256322656e7	6.030349341044719e6
0.4191999999999937	18906.257352141856	1.4381095595655316e7	6.039536027968742e6
0.41983999999999366	18908.019702609945	1.4381080895685317e7	6.048722679955099e6
0.42047999999999364	18909.78645437754	1.4381066157315822e7	6.057909297274106e6
0.4211199999999936	18911.55764232346	1.438105137963816e7	6.067095879481118e6
0.4217599999999936	18913.333328361965	1.4381036563046616e7	6.07628242669424e6
0.42239999999999356	18915.113458446212	1.4381021707163176e7	6.085468938639231e6
0.42303999999999353	18916.897995439496	1.4381006812289912e7	6.094655415338481e6
0.4236799999999935	18918.68716326404	1.4380991876675207e7	6.103841856095591e6
0.4243199999999935	18920.480789880374	1.4380976902553136e7	6.113028261672371e6
0.42495999999999345	18922.27898244264	1.4380961887020238e7	6.12221463081409e6
0.42559999999999343	18924.08166881946	1.4380946832496667e7	6.131400964421057e6
0.4262399999999934	18925.889004234028	1.438093173773935e7	6.140587261968995e6
0.4268799999999934	18927.700844582425	1.4380916602327595e7	6.149773523109555e6
0.42751999999999335	18929.51731525776	1.438090142698265e7	6.1589597481361665e6
0.4281599999999933	18931.338453840966	1.4380886210181244e7	6.16814593633255e6
0.4287999999999933	18933.1641859506	1.4380870952580445e7	6.177332087849414e6
0.42943999999999327	18934.994635454055	1.4380855654074796e7	6.186518202624989e6
0.43007999999999325	18936.829725578296	1.4380840314511105e7	6.195704280462041e6
0.4307199999999932	18938.669501669698	1.4380824933274977e7	6.204890321034011e6
0.4313599999999932	18940.514006241974	1.4380809510824349e7	6.214076324473603e6
0.43199999999999317	18942.36315822576	1.4380794047187077e7	6.223262290658591e6
0.43263999999999314	18944.217174950736	1.4380778540387304e7	6.232448218769445e6
0.4332799999999931	18946.075961827053	1.4380762991664372e7	6.241634109197327e6
0.4339199999999931	18947.93951121325	1.438074740131719e7	6.250819961977963e6
0.43455999999999306	18949.807785058754	1.438073176890617e7	6.260005776809749e6
0.43519999999999304	18951.68102223843	1.4380716092601249e7	6.269191552941323e6
0.435839999999993	18953.558932648866	1.4380700375550589e7	6.278377291487311e6
0.436479999999993	18955.44186603398	1.4380684614321297e7	6.287562991059206e6
0.43711999999999296	18957.329559243346	1.4380668810664658e7	6.296748652179941e6
0.43775999999999293	18959.222261141964	1.438065296253508e7	6.3059342740033595e6
0.4383999999999929	18961.119772353883	1.438063707221695e7	6.315119857323963e6
0.4390399999999929	18963.022338112278	1.438062113742696e7	6.324305401186618e6
0.43967999999999285	18964.929749132018	1.4380605159942102e7	6.3334909061602745e6
0.44031999999999283	18966.842239702757	1.4380589137179444e7	6.342676371147467e6
0.4409599999999928	18968.759667357786	1.4380573070980841e7	6.351861796784048e6
0.4415999999999928	18970.68216560748	1.4380556959684487e7	6.361047182317842e6
0.44223999999999275	18972.609537361335	1.4380540805718806e7	6.370232528616539e6
0.4428799999999927	18974.542185059614	1.4380524604811385e7	6.379417833920903e6
0.4435199999999927	18976.479750546947	1.438050836091248e7	6.388603099683383e6
0.44415999999999267	18978.422470303656	1.4380492070750702e7	6.3977883244904205e6
0.44479999999999265	18980.370277412254	1.438047573624249e7	6.406973509058573e6
0.4454399999999926	18982.323249736568	1.4380459355625836e7	6.416158652551241e6
0.4460799999999926	18984.28136099873	1.438044292965646e7	6.425343755192531e6
0.44671999999999257	18986.24467164101	1.438042645760983e7	6.434528816595282e6
0.44735999999999254	18988.21314244862	1.4380409940226505e7	6.443713836970665e6
0.4479999999999925	18990.186905476487	1.4380393375278156e7	6.45289881529633e6
0.4486399999999925	18992.165799362447	1.43803767654116e7	6.462083752569289e6
0.44927999999999246	18994.150029596487	1.4380360107635796e7	6.471268647462802e6
0.44991999999999244	18996.13953029619	1.43803434040893e7	6.480453500800574e6
0.4505599999999924	18998.134331155587	1.4380326653039278e7	6.489638311720178e6
0.4511999999999924	19000.134424329408	1.438030985528043e7	6.498823080474492e6
0.45183999999999236	19002.1398716185	1.4380293010206524e7	6.508007806723633e6
0.45247999999999233	19004.150712101553	1.4380276117027817e7	6.517192490030527e6
0.4531199999999923	19006.166908045747	1.4380259176746944e7	6.526377130726137e6
0.4537599999999923	19008.188434810214	1.4380242188869303e7	6.535561728471855e6
0.45439999999999225	19010.215582804194	1.438022515125328e7	6.544746282351357e6
0.45503999999999223	19012.24809457094	1.438020806572087e7	6.55393079294713e6
0.4556799999999922	19014.286081115406	1.4380190931716422e7	6.563115259964099e6
0.4563199999999922	19016.329504595364	1.4380173750081165e7	6.572299683661983e6
0.45695999999999215	19018.37850153211	1.4380156518323634e7	6.581484062874527e6
0.4575999999999921	19020.433073997443	1.4380139237452295e7	6.590668397957393e6
0.4582399999999921	19022.493229127278	1.4380121906941704e7	6.599852688568666e6
0.45887999999999207	19024.5588531237	1.4380104527323551e7	6.60903693478472e6
0.45951999999999205	19026.63022632872	1.4380087096651208e7	6.618221135757775e6
0.460159999999992	19028.70714519875	1.4380069617434712e7	6.627405292423907e6
0.460799999999992	19030.789755786314	1.4380052087029163e7	6.636589403539243e6
0.46143999999999197	19032.877879630832	1.4380034508580353e7	6.645773470350057e6
0.46207999999999194	19034.9719113599	1.4380016876531405e7	6.6549574903980745e6
0.4627199999999919	19037.071556133982	1.4379999194519406e7	6.664141465093583e6
0.4633599999999919	19039.177083817878	1.4379981461029408e7	6.673325393772731e6
0.46399999999999186	19041.288367505083	1.437996367592841e7	6.682509276195648e6
0.46463999999999184	19043.40531510906	1.4379945840087192e7	6.691693112607492e6
0.4652799999999918	19045.52814165506	1.4379927952539638e7	6.700876902565431e6
0.4659199999999918	19047.656824295977	1.4379910012416491e7	6.710060645541694e6
0.46655999999999176	19049.791388393016	1.4379892019619584e7	6.7192443413918195e6
0.46719999999999173	19051.931870655153	1.4379873975454157e7	6.728427990632748e6
0.4678399999999917	19054.078204048903	1.4379855878222156e7	6.7376115923244e6
0.4684799999999917	19056.23046971869	1.4379837728011403e7	6.746795146437928e6
0.46911999999999165	19058.388787839256	1.4379819523797119e7	6.755978652443272e6
0.46975999999999163	19060.55301856501	1.4379801267986689e7	6.765162111281871e6
0.4703999999999916	19062.723348446314	1.4379782956613004e7	6.774345521075974e6
0.4710399999999916	19064.89967871733	1.437976459252271e7	6.783528882995831e6
0.47167999999999155	19067.082063652404	1.437974617413503e7	6.792712196211758e6
0.4723199999999915	19069.270600067874	1.437972770062394e7	6.8018954602688225e6
0.4729599999999915	19071.46511846123	1.4379709173656546e7	6.811078675748511e6
0.47359999999999147	19073.665939091297	1.4379690591640096e7	6.820261841950965e6
0.47423999999999145	19075.8728668577	1.4379671953915015e7	6.829444958343013e6
0.4748799999999914	19078.085918164397	1.4379653262425954e7	6.8386280257380605e6
0.4755199999999914	19080.305295059876	1.4379634513406882e7	6.84781104233627e6
0.47615999999999137	19082.53087832296	1.4379615709642809e7	6.856994009278697e6
0.47679999999999134	19084.762744044325	1.4379596850055085e7	6.866176925973824e6
0.4774399999999913	19087.000944850144	1.4379577933540672e7	6.875359791803275e6
0.4780799999999913	19089.245461240047	1.4379558960513795e7	6.88454260683344e6
0.47871999999999126	19091.49626630804	1.437953993145344e7	6.893725371158967e6
0.47935999999999124	19093.753583432685	1.437952084378945e7	6.902908083544463e6
0.4799999999999912	19096.017152732067	1.4379501700726625e7	6.912090745268074e6
0.4806399999999912	19098.287304437956	1.4379482498570472e7	6.921273354607219e6
0.48127999999999116	19100.563848864414	1.4379463239177361e7	6.930455912230836e6
0.48191999999999113	19102.846919306867	1.4379443921440817e7	6.939638417552587e6
0.4825599999999911	19105.136350095872	1.437942454732332e7	6.948820871309207e6
0.4831999999999911	19107.432550596717	1.4379405112275876e7	6.958003271393724e6
0.48383999999999106	19109.735282442904	1.4379385618740302e7	6.967185618734565e6
0.48447999999999103	19112.044587369743	1.4379366066177437e7	6.976367912967197e6
0.485119999999991	19114.360534823787	1.4379346454151485e7	6.985550153790009e6
0.485759999999991	19116.683021016717	1.437932678360438e7	6.994732341480262e6
0.48639999999999095	19119.012395930957	1.4379307051561056e7	7.003914474645718e6
0.4870399999999909	19121.348376559934	1.4379287260826303e7	7.013096554375952e6
0.4876799999999909	19123.691150517683	1.4379267408876708e7	7.022278579411095e6
0.4883199999999909	19126.040663761218	1.437924749576866e7	7.031460549620454e6
0.48895999999999085	19128.3971178758	1.4379227520330876e7	7.040642464403973e6
0.4895999999999908	19130.76028460961	1.4379207486216098e7	7.049824325300534e6
0.4902399999999908	19133.130336683098	1.4379187389203835e7	7.059006130203584e6
0.49087999999999077	19135.507166143878	1.4379167231745018e7	7.068187880127288e6
0.49151999999999074	19137.89111316075	1.4379147009855973e7	7.077369573157495e6
0.4921599999999907	19140.28194847511	1.4379126727097088e7	7.086551210792683e6
0.4927999999999907	19142.679829132772	1.4379106380557686e7	7.09573279154803e6
0.49343999999999066	19145.08456394068	1.4379085972431509e7	7.104914316273179e6
0.49407999999999064	19147.49647894868	1.4379065499855949e7	7.114095783587323e6
0.4947199999999906	19149.91557092895	1.4379044962814491e7	7.12327719334313e6
0.4953599999999906	19152.34162999305	1.437902436377612e7	7.132458546520163e6
0.49599999999999056	19154.77490225987	1.4379003698689826e7	7.141639841100757e6
0.49663999999999053	19157.21529067204	1.4378982970529867e7	7.150821078372531e6
0.4972799999999905	19159.66299825564	1.4378962176648607e7	7.160002256986166e6
0.4979199999999905	19162.11783609071	1.437894131855231e7	7.169183377456574e6
0.49855999999999046	19164.579952542947	1.4378920394916119e7	7.178364439060646e6
0.49919999999999043	19167.049445259378	1.4378899405002445e7	7.187545441339268e6
0.4998399999999904	19169.526248174847	1.4378878348716013e7	7.196726384070361e6
0.5004799999999904	19172.01031598523	1.4378857228139274e7	7.205907268132047e6
0.5011199999999904	19174.50196097432	1.4378836038733574e7	7.215088091268321e6
0.5017599999999903	19177.00106362593	1.4378814782079551e7	7.224268854066038e6
0.5023999999999903	19179.507419756883	1.4378793460296411e7	7.233449557344848e6
0.5030399999999903	19182.021426541764	1.437877206989579e7	7.242630199408374e6
0.5036799999999902	19184.542961477702	1.437875061122803e7	7.251810780225835e6
0.5043199999999902	19187.072003519286	1.437872908484993e7	7.26099129992208e6
0.5049599999999902	19189.60877542598	1.4378707488957815e7	7.270171757552184e6
0.5055999999999902	19192.153039648812	1.4378685825744199e7	7.279352153958928e6
0.5062399999999901	19194.70505683286	1.4378664092097519e7	7.288532487552168e6
0.5068799999999901	19197.26486969726	1.4378642288868543e7	7.29771275863409e6
0.5075199999999901	19199.83224376482	1.4378620417156538e7	7.306892967498553e6
0.5081599999999901	19202.407638569064	1.4378598473037098e7	7.316073112231343e6
0.50879999999999	19204.990479249474	1.437857646124803e7	7.325253194806263e6
0.50943999999999	19207.58150030796	1.4378554376984702e7	7.334433212991734e6
0.51007999999999	19210.18032752918	1.4378532220490491e7	7.343613166573709e6
0.51071999999999	19212.787207878333	1.4378509992581429e7	7.352793055936114e6
0.5113599999999899	19215.401839501254	1.437848769404707e7	7.361972881182618e6
0.5119999999999899	19218.024573988227	1.4378465322328465e7	7.371152641024136e6
0.5126399999999899	19220.655155601606	1.437844287984137e7	7.380332336418369e6
0.5132799999999899	19223.293981857692	1.4378420362453578e7	7.389511965286876e6
0.5139199999999898	19225.940830602525	1.4378397772697886e7	7.398691528663691e6
0.5145599999999898	19228.596100700575	1.4378375107904037e7	7.407871025214079e6
0.5151999999999898	19231.259252410608	1.437835237092434e7	7.417050455985642e6
0.5158399999999898	19233.930774749566	1.4378329558375401e7	7.426229819316123e6
0.5164799999999897	19236.610444743357	1.4378306671642328e7	7.435409115651924e6
0.5171199999999897	19239.298358077394	1.437828371038983e7	7.44458834470779e6
0.5177599999999897	19241.994835345424	1.4378260671556985e7	7.453767504894594e6
0.5183999999999896	19244.699438637974	1.4378237560286019e7	7.462946598501772e6
0.5190399999999896	19247.41261248521	1.4378214370333808e7	7.4721256223480115e6
0.5196799999999896	19250.134289305235	1.4378191103064608e7	7.481304576942305e6
0.5203199999999896	19252.864392264175	1.4378167760817751e7	7.490483463300223e6
0.5209599999999895	19255.603041193666	1.437814433973007e7	7.499662279306481e6
0.5215999999999895	19258.350131279454	1.4378120843107088e7	7.50884102646731e6
0.5222399999999895	19261.106062700965	1.4378097265704378e7	7.518019702073819e6
0.5228799999999895	19263.87036103724	1.4378073612562284e7	7.5271983083630735e6
0.5235199999999894	19266.643682134392	1.4378049878146786e7	7.536376842588917e6
0.5241599999999894	19269.425512157686	1.4378026065442737e7	7.545555305898018e6
0.5247999999999894	19272.216243104984	1.4378002172383636e7	7.554733697225504e6
0.5254399999999894	19275.015832747165	1.4377978199087514e7	7.5639120164419785e6
0.5260799999999893	19277.824196562076	1.4377954145843707e7	7.573090263488539e6
0.5267199999999893	19280.641488671794	1.4377930011753457e7	7.5822684377943855e6
0.5273599999999893	19283.467670943744	1.4377905797703424e7	7.591446539636719e6
0.5279999999999893	19286.30282013217	1.4377881500770096e7	7.600624567337559e6
0.5286399999999892	19289.147199970517	1.4377857120400399e7	7.609802520552491e6
0.5292799999999892	19292.000364607316	1.4377832660442777e7	7.618980400930625e6
0.5299199999999892	19294.862902040444	1.4377808114776837e7	7.628158205335378e6
0.5305599999999892	19297.73459508781	1.4377783487283673e7	7.637335935541388e6
0.5311999999999891	19300.615428791465	1.4377758774876397e7	7.646513589727203e6
0.5318399999999891	19303.505500548505	1.437773397957458e7	7.655691168831925e6
0.5324799999999891	19306.40491654351	1.4377709098656667e7	7.664868671279128e6
0.533119999999989	19309.313662831533	1.4377684132218467e7	7.674046096931055e6
0.533759999999989	19312.231681804868	1.4377659081648666e7	7.683223446319959e6
0.534399999999989	19315.159330093058	1.4377633944492938e7	7.692400718120959e6
0.535039999999989	19318.096218217783	1.4377608723617032e7	7.701577913501521e6
0.5356799999999889	19321.042844394695	1.4377583411991866e7	7.710755028749153e6
0.5363199999999889	19323.99897146153	1.4377558014369313e7	7.7199320661094785e6
0.5369599999999889	19326.964683405524	1.4377532530557169e7	7.729109025334822e6
0.5375999999999889	19329.94014827663	1.4377506956601506e7	7.7382859041933725e6
0.5382399999999888	19332.925242968304	1.4377481294324793e7	7.747462703417409e6
0.5388799999999888	19335.920265360208	1.437745554274129e7	7.756639422425028e6
0.5395199999999888	19338.92479240328	1.4377429703909751e7	7.765816061941634e6
0.5401599999999888	19341.939345259612	1.4377403773560144e7	7.77499261971461e6
0.5407999999999887	19344.96389918728	1.4377377752718447e7	7.784169096092481e6
0.5414399999999887	19347.99820202212	1.4377351642222632e7	7.793345491220378e6
0.5420799999999887	19351.042571885464	1.4377325439191483e7	7.802521803491274e6
0.5427199999999887	19354.097207228613	1.4377299142827487e7	7.811698032366092e6
0.5433599999999886	19357.16185131336	1.4377272754306838e7	7.820874178167784e6
0.5439999999999886	19360.236574858776	1.4377246274960985e7	7.830050241456748e6
0.5446399999999886	19363.321542035912	1.4377219702076284e7	7.839226220636045e6
0.5452799999999886	19366.41671085564	1.437719303468124e7	7.848402114957583e6
0.5459199999999885	19369.522278064283	1.4377166272233525e7	7.857577924013585e6
0.5465599999999885	19372.63809113961	1.4377139416474203e7	7.866753648484021e6
0.5471999999999885	19375.76428609046	1.4377112466096874e7	7.875929287516786e6
0.5478399999999884	19378.90116230294	1.4377085417919632e7	7.885104839302473e6
0.5484799999999884	19382.048347511234	1.4377058274131281e7	7.894280304665227e6
0.5491199999999884	19385.20633111165	1.4377031032623112e7	7.903455682464409e6
0.5497599999999884	19388.374822987316	1.4377003695774898e7	7.912630973669343e6
0.5503999999999883	19391.554074748274	1.4376976258009722e7	7.921806175120391e6
0.5510399999999883	19394.74379888741	1.4376948725433674e7	7.930981289838753e6
0.5516799999999883	19397.944363081057	1.4376921094147112e7	7.940156315635767e6
0.5523199999999883	19401.15591155226	1.4376893360979488e7	7.949331250614506e6
0.5529599999999882	19404.378523159037	1.4376865527865848e7	7.958506095663523e6
0.5535999999999882	19407.611761114116	1.4376837595035931e7	7.967680850501884e6
0.5542399999999882	19410.856230129277	1.4376809561014663e7	7.97685551436974e6
0.5548799999999882	19414.11159820841	1.437678142553943e7	7.986030086757744e6
0.5555199999999881	19417.378216084046	1.4376753188558133e7	7.995204567577129e6
0.5561599999999881	19420.65608681698	1.4376724845818684e7	8.004378954247921e6
0.5567999999999881	19423.94495103334	1.4376696404702026e7	8.0135532505402155e6
0.5574399999999881	19427.245112306293	1.437666785734531e7	8.022727451995299e6
0.558079999999988	19430.556968137356	1.4376639203518067e7	8.03190155843455e6
0.558719999999988	19433.879959967828	1.4376610447354205e7	8.041075571694304e6
0.559359999999988	19437.214562999634	1.4376581584674822e7	8.050249489428576e6
0.559999999999988	19440.560466868497	1.4376552617634047e7	8.059423312480315e6
0.5606399999999879	19443.918318831096	1.4376523541116495e7	8.06859703804394e6
0.5612799999999879	19447.287382894992	1.4376494361343652e7	8.077770669055415e6
0.5619199999999879	19450.66880566739	1.4376465066662116e7	8.086944199248989e6
0.5625599999999878	19454.061357453455	1.4376435671399891e7	8.096117635902753e6
0.5631999999999878	19457.466062174637	1.437640616249283e7	8.105290971891745e6
0.5638399999999878	19460.882490737808	1.4376376546738477e7	8.1144642106200075e6
0.5644799999999878	19464.310955734563	1.4376346819491858e7	8.12363734937403e6
0.5651199999999877	19467.751446881426	1.4376316981398545e7	8.13281038827699e6
0.5657599999999877	19471.20420843412	1.437628702995436e7	8.141983325782273e6
0.5663999999999877	19474.668967570717	1.4376256967692573e7	8.151156162965235e6
0.5670399999999877	19478.145719152915	1.4376226794762423e7	8.160328899672472e6
0.5676799999999876	19481.635359530486	1.4376196504945658e7	8.169501532526006e6
0.5683199999999876	19485.13673465848	1.4376166106366742e7	8.178674065395786e6
0.5689599999999876	19488.650663866913	1.4376135590732433e7	8.1878464936851e6
0.5695999999999876	19492.177423197587	1.4376104955876803e7	8.197018816030192e6
0.5702399999999875	19495.71646663359	1.437607420829878e7	8.206191035648817e6
0.5708799999999875	19499.268103297218	1.4376043345662005e7	8.215363151099833e6
0.5715199999999875	19502.832384879744	1.4376012364888586e7	8.224535160401219e6
0.5721599999999875	19506.409577700782	1.4375981264555061e7	8.233707062601367e6
0.5727999999999874	19509.999435428323	1.437595004731051e7	8.2428788588580955e6
0.5734399999999874	19513.602245082406	1.4375918710985027e7	8.252050547800736e6
0.5740799999999874	19517.218153129823	1.4375887251912683e7	8.261222127133633e6
0.5747199999999874	19520.84683645301	1.43758556758e7	8.270393599738201e6
0.5753599999999873	19524.488769569405	1.437582397765364e7	8.279564962693727e6
0.5759999999999873	19528.143932359104	1.4375792155699551e7	8.288736214710079e6
0.5766399999999873	19531.812203009995	1.4375760212394156e7	8.2979073568890495e6
0.5772799999999872	19535.493504979317	1.4375728148539854e7	8.307078389403329e6
0.5779199999999872	19539.188802323828	1.4375695957476463e7	8.316249308554299e6
0.5785599999999872	19542.897335837137	1.4375663639891919e7	8.3254201141489e6
0.5791999999999872	19546.619343303253	1.437563119960999e7	8.334590808233584e6
0.5798399999999871	19550.35502437289	1.43755986315419e7	8.343761387680111e6
0.5804799999999871	19554.104379480144	1.4375565936754804e7	8.352931852836523e6
0.5811199999999871	19557.867585346397	1.4375533112480575e7	8.362102201898676e6
0.5817599999999871	19561.64407523753	1.4375500166628908e7	8.371272438955876e6
0.582399999999987	19565.435150183333	1.4375467083893295e7	8.380442555377985e6
0.583039999999987	19569.23992501322	1.437543387527671e7	8.38961255692028e6
0.583679999999987	19573.058605879956	1.4375400537313366e7	8.398782441377679e6
0.584319999999987	19576.89172537963	1.437536706441702e7	8.407952205432372e6
0.5849599999999869	19580.739085081466	1.4375333461287841e7	8.41712185146462e6
0.5855999999999869	19584.600603109084	1.437529972335194e7	8.426291376484636e6
0.5862399999999869	19588.476444125103	1.4375265853027306e7	8.435460781692062e6
0.5868799999999869	19592.366982942996	1.4375231846164374e7	8.444630064524753e6
0.5875199999999868	19596.2721928408	1.4375197702698266e7	8.4537992246432e6
0.5881599999999868	19600.191617130855	1.4375163427799543e7	8.462968264609989e6
0.5887999999999868	19604.125938960635	1.4375129013582358e7	8.472137179783205e6
0.5894399999999868	19608.074707459044	1.4375094466016646e7	8.481305973200556e6
0.5900799999999867	19612.038818956407	1.437505977387528e7	8.490474638320802e6
0.5907199999999867	19616.017796329303	1.4375024943135954e7	8.499643178172762e6
0.5913599999999867	19620.011710883206	1.4374989974723397e7	8.508811593037771e6
0.5919999999999866	19624.021071307478	1.437495486055464e7	8.517979878045248e6
0.5926399999999866	19628.045287660323	1.437491960744042e7	8.52714803668168e6
0.5932799999999866	19632.085172973457	1.4374884210432801e7	8.53631606604693e6
0.5939199999999866	19636.140022437226	1.4374848673852393e7	8.545483968114533e6
0.5945599999999865	19640.210758736746	1.4374812985847533e7	8.554651735915339e6
0.5951999999999865	19644.29684100214	1.4374777156962613e7	8.563819375185192e6
0.5958399999999865	19648.398092131512	1.4374741186710687e7	8.572986885262419e6
0.5964799999999865	19652.515935425858	1.4374705060093185e7	8.582154257474452e6
0.5971199999999864	19656.649331557484	1.4374668788002348e7	8.591321497574465e6
0.5977599999999864	19660.798939124794	1.4374632366378602e7	8.600488603091553e6
0.5983999999999864	19664.964144379825	1.4374595795821587e7	8.609655573819825e6
0.5990399999999864	19669.14562826261	1.437455907579087e7	8.618822409392674e6
0.5996799999999863	19673.343253212275	1.4374522201334078e7	8.62798910646695e6
0.6003199999999863	19677.557220092483	1.4374485175228676e7	8.637155666462809e6
0.6009599999999863	19681.787907711307	1.4374447995337944e7	8.646322087924788e6
0.6015999999999863	19686.034676648178	1.4374410661839597e7	8.655488370377682e6
0.6022399999999862	19690.29833896121	1.4374373170809044e7	8.664654511455145e6
0.6028799999999862	19694.577954146574	1.4374335529810287e7	8.673820515008979e6
0.6035199999999862	19698.875306426722	1.4374297723307678e7	8.682986372051943e6
0.6041599999999862	19703.18931228267	1.437425976045548e7	8.692152087333959e6
0.6047999999999861	19707.520115233958	1.4374221640093014e7	8.701317659877596e6
0.6054399999999861	19711.868303533953	1.437418335690728e7	8.710483086363586e6
0.6060799999999861	19716.233543118124	1.4374144912556358e7	8.719648367319262e6
0.606719999999986	19720.616400214418	1.4374106305532118e7	8.728813501710124e6
0.607359999999986	19725.016130704626	1.4374067536494227e7	8.737978489298493e6
0.607999999999986	19729.433499839903	1.4374028604163678e7	8.747143329263253e6
0.608639999999986	19733.868163848572	1.4373989509826861e7	8.756308021905422e6
0.6092799999999859	19738.321590994845	1.4373950236400733e7	8.76547255704607e6
0.6099199999999859	19742.792115184995	1.437391080420241e7	8.774636946047222e6
0.6105599999999859	19747.2806606177	1.4373871202311303e7	8.783801182263458e6
0.6111999999999859	19751.787272312584	1.4373831427893879e7	8.792965263620012e6
0.6118399999999858	19756.311916761726	1.4373791487284528e7	8.802129193613572e6
0.6124799999999858	19760.854905993303	1.437375137165143e7	8.811292966602035e6
0.6131199999999858	19765.41627470082	1.4373711084581783e7	8.820456584426934e6
0.6137599999999858	19769.996635680443	1.437367061646958e7	8.82962004106473e6
0.6143999999999857	19774.59477516662	1.4373629985277876e7	8.838783346699826e6
0.6150399999999857	19779.211803244965	1.4373589170650072e7	8.847946488892192e6
0.6156799999999857	19783.848108451395	1.4373548177093001e7	8.857109470177455e6
0.6163199999999857	19788.503134208848	1.4373507005782804e7	8.866272290686386e6
0.6169599999999856	19793.17685273627	1.4373465660650441e7	8.875434952456363e6
0.6175999999999856	19797.87048125958	1.4373424124427121e7	8.884597444918016e6
0.6182399999999856	19802.58329544975	1.4373382407238595e7	8.893759773649853e6
0.6188799999999856	19807.314897264227	1.437334051412775e7	8.90292194123682e6
0.6195199999999855	19812.06671905629	1.4373298431296362e7	8.91208393930178e6
0.6201599999999855	19816.83817538298	1.4373256159158865e7	8.92124576747629e6
0.6207999999999855	19821.62852873598	1.4373213712139364e7	8.930407434034007e6
0.6214399999999854	19826.43977940969	1.4373171066027466e7	8.939568924314793e6
0.6220799999999854	19831.270761956504	1.4373128232913183e7	8.948730244976783e6
0.6227199999999854	19836.12185813165	1.437308520921972e7	8.95789139353973e6
0.6233599999999854	19840.993084479545	1.4373041994097171e7	8.967052369075542e6
0.6239999999999853	19845.88493703375	1.4372998584295845e7	8.976213169336721e6
0.6246399999999853	19850.797518705505	1.4372954978434308e7	8.985373793085618e6
0.6252799999999853	19855.730619649086	1.4372911180280015e7	8.99453424218307e6
0.6259199999999853	19860.683913131266	1.4372867187445303e7	9.003694514603779e6
0.6265599999999852	19865.659102924143	1.4372822990386447e7	9.012854604591716e6
0.6271999999999852	19870.654643458125	1.4372778595370943e7	9.022014515067525e6
0.6278399999999852	19875.671894678366	1.4372733998424767e7	9.031174243623115e6
0.6284799999999852	19880.71022824005	1.4372689199249098e7	9.040333789407857e6
0.6291199999999851	19885.770283800735	1.4372644196313277e7	9.049493151267251e6
0.6297599999999851	19890.851851708867	1.4372598986383371e7	9.058652326654155e6
0.6303999999999851	19895.954792089982	1.437255357482723e7	9.067811318462027e6
0.6310399999999851	19901.080088010018	1.4372507953178704e7	9.076970121282948e6
0.631679999999985	19906.227298434533	1.4372462116949016e7	9.086128731672699e6
0.632319999999985	19911.396628758597	1.437241607846681e7	9.09528715704838e6
0.632959999999985	19916.588219509842	1.4372369821265908e7	9.104445386608342e6
0.633599999999985	19921.80284286281	1.4372323349446889e7	9.113603422770958e6
0.6342399999999849	19927.039658608486	1.4372276663932549e7	9.122761265357897e6
0.6348799999999849	19932.299167965724	1.4372229762046091e7	9.131918912399812e6
0.6355199999999849	19937.581339097746	1.4372182647725172e7	9.141076365928559e6
0.6361599999999848	19942.887128423223	1.437213530398321e7	9.150233615034547e6
0.6367999999999848	19948.216823137904	1.437208773541948e7	9.159390662265072e6
0.6374399999999848	19953.56891613401	1.4372039952987067e7	9.16854751357809e6
0.6380799999999848	19958.944518715627	1.4371991945125641e7	9.177704161545763e6
0.6387199999999847	19964.344051889213	1.4371943708713839e7	9.18686060384855e6
0.6393599999999847	19969.76656793609	1.4371895252634007e7	9.19601684533892e6
0.6399999999999847	19975.21442654264	1.4371846557082644e7	9.205172873726228e6
0.6406399999999847	19980.68574872364	1.4371797633619685e7	9.214328695232557e6
0.6412799999999846	19986.181446432252	1.4371748477929814e7	9.223484306935074e6
0.6419199999999846	19991.70192260548	1.4371699091269813e7	9.232639709292144e6
0.6425599999999846	19997.246627324872	1.4371649467682423e7	9.241794897788268e6
0.6431999999999846	20002.816457468678	1.4371599604133904e7	9.25094987029073e6
0.6438399999999845	20008.411636835335	1.4371549496900842e7	9.260104623972991e6
0.6444799999999845	20014.03094453712	1.4371499160735318e7	9.269259167391876e6
0.6451199999999845	20019.67663460578	1.4371448573727148e7	9.278413486726724e6
0.6457599999999845	20025.3477230888	1.4371397741122335e7	9.287567584484363e6
0.6463999999999844	20031.043561561288	1.437134667060956e7	9.296721464885164e6
0.6470399999999844	20036.76613477162	1.4371295347034628e7	9.305875118319992e6
0.6476799999999844	20042.513912937822	1.4371243776846249e7	9.315028547889361e6
0.6483199999999844	20048.288488558177	1.437119195138899e7	9.324181748019941e6
0.6489599999999843	20054.089498937927	1.4371139875510197e7	9.333334721188579e6
0.6495999999999843	20059.91694659714	1.437108754468666e7	9.342487463926317e6
0.6502399999999843	20065.771104928284	1.4371034954429379e7	9.351639972869592e6
0.6508799999999842	20071.652348147523	1.437098210826418e7	9.360792249894548e6
0.6515199999999842	20077.560993696992	1.4370928997149924e7	9.369944288677976e6
0.6521599999999842	20083.496400297194	1.4370875625924971e7	9.379096091590881e6
0.6527999999999842	20089.45920562938	1.4370821996373618e7	9.388247659468666e6
0.6534399999999841	20095.450715859322	1.4370768086558603e7	9.397398977880713e6
0.6540799999999841	20101.4690093112	1.4370713923893826e7	9.406550063499946e6
0.6547199999999841	20107.515788050827	1.4370659485192904e7	9.415700901196567e6
0.6553599999999841	20113.591004298964	1.4370604767613307e7	9.42485148850655e6
0.655999999999984	20119.695376449705	1.4370549772535557e7	9.434001825992595e6
0.656639999999984	20125.827271207316	1.4370494511681356e7	9.443151920202058e6
0.657279999999984	20131.988914225803	1.4370438969671203e7	9.45230176122594e6
0.657919999999984	20138.179203864212	1.4370383142075319e7	9.461451345176022e6
0.6585599999999839	20144.398341393997	1.4370327043710409e7	9.470600681275383e6
0.6591999999999839	20150.64748488913	1.4370270651370673e7	9.479749754046166e6
0.6598399999999839	20156.92631917461	1.4370213973462507e7	9.488898568305999e6
0.6604799999999839	20163.234674202253	1.4370157013383504e7	9.49804712563589e6
0.6611199999999838	20169.574223270196	1.4370099746102383e7	9.507195409455758e6
0.6617599999999838	20175.94379634142	1.4370042196266472e7	9.516343435030742e6
0.6623999999999838	20182.34395356776	1.4369984343928508e7	9.525491188736737e6
0.6630399999999838	20188.77396090556	1.4369926201376788e7	9.5346386778345e6
0.6636799999999837	20195.236738689455	1.4369867750686133e7	9.543785890795097e6
0.6643199999999837	20201.729822893045	1.4369809001311341e7	9.552932832417866e6
0.6649599999999837	20208.253830102378	1.436974995475127e7	9.562079503274407e6
0.6655999999999836	20214.810538367543	1.4369690589643475e7	9.571225889110493e6
0.6662399999999836	20221.399087175534	1.4369630915766075e7	9.580371995479092e6
0.6668799999999836	20228.019586135775	1.4369570934340447e7	9.589517822577255e6
0.6675199999999836	20234.671614721083	1.4369510644671723e7	9.598663369149495e6
0.6681599999999835	20241.358150554952	1.4369450020905174e7	9.607808618256446e6
0.6687999999999835	20248.076728086187	1.4369389085694313e7	9.616953583524462e6
0.6694399999999835	20254.828778268253	1.4369327825349124e7	9.626098255602425e6
0.6700799999999835	20261.61370861393	1.4369266246888172e7	9.635242638309333e6
0.6707199999999834	20268.432273509465	1.4369204339303043e7	9.644386723836122e6
0.6713599999999834	20275.28546113412	1.4369142095004579e7	9.653530506715983e6
0.6719999999999834	20282.171748924724	1.4369079534243591e7	9.662673999345101e6
0.6726399999999834	20289.093760799817	1.4369016623812586e7	9.671817179574594e6
0.6732799999999833	20296.049110609012	1.4368953389249824e7	9.6809600630793e6
0.6739199999999833	20303.040435364208	1.4368889803831454e7	9.690102632023018e6
0.6745599999999833	20310.067339279994	1.4368825871366566e7	9.699244888103686e6
0.6751999999999833	20317.12857119182	1.4368761605109092e7	9.708386839129342e6
0.6758399999999832	20324.226099779546	1.4368696980902912e7	9.71752846870569e6
0.6764799999999832	20331.360643065036	1.4368632000770412e7	9.726669777676173e6
0.6771199999999832	20338.52998357192	1.4368566681404117e7	9.73581077587321e6
0.6777599999999832	20345.736525341083	1.436850099607923e7	9.744951445240343e6
0.6783999999999831	20352.980259579523	1.4368434955331579e7	9.75409179214818e6
0.6790399999999831	20360.259567097786	1.4368368560578985e7	9.763231816285968e6
0.6796799999999831	20367.578370399737	1.436830177888391e7	9.77237149577518e6
0.680319999999983	20374.93347816171	1.4368234642738726e7	9.781510850882066e6
0.680959999999983	20382.327085668243	1.436816712680046e7	9.79064986429921e6
0.681599999999983	20389.7600564883	1.4368099238462863e7	9.79978854053803e6
0.682239999999983	20397.230173736574	1.4368030973709827e7	9.808926875363555e6
0.682879999999983	20404.740448104523	1.4367962327236373e7	9.818064865313832e6
0.6835199999999829	20412.28879843282	1.4367893299411256e7	9.827202509172264e6
0.6841599999999829	20419.877192386168	1.4367823878150892e7	9.836339798487911e6
0.6847999999999829	20427.50529823542	1.4367754071728587e7	9.845476737989495e6
0.6854399999999828	20435.17442969	1.4367683867222805e7	9.854613318417557e6
0.6860799999999828	20442.88379816688	1.4367613261547813e7	9.863749536564397e6
0.6867199999999828	20450.63276044441	1.436754227127167e7	9.872885402758626e6
0.6873599999999828	20458.424228769843	1.436747085885959e7	9.882020891296363e6
0.6879999999999827	20466.257911246164	1.4367399039373066e7	9.891156011556732e6
0.6886399999999827	20474.13106604033	1.4367326825463016e7	9.900290770535326e6
0.6892799999999827	20482.047372141496	1.4367254188987447e7	9.909425149144491e6
0.6899199999999827	20490.0065719903	1.4367181141539367e7	9.918559154408433e6
0.6905599999999826	20498.006770387965	1.4367107676280508e7	9.927692780147046e6
0.6911999999999826	20506.05389533534	1.4367033753071237e7	9.93682599956547e6
0.6918399999999826	20514.1428407075	1.4366959420090893e7	9.945958843453225e6
0.6924799999999826	20522.274341350392	1.4366884669745289e7	9.95509130591042e6
0.6931199999999825	20530.45147152381	1.436680946751063e7	9.964223363068298e6
0.6937599999999825	20538.67373273589	1.436673382137863e7	9.9733550193633e6
0.6943999999999825	20546.93886189126	1.4366657754830252e7	9.98248628947007e6
0.6950399999999824	20555.252908090104	1.4366581197013022e7	9.99161712509853e6
0.6956799999999824	20563.60940649436	1.4366504225623494e7	1.0000747577296084e7
0.6963199999999824	20572.013363881695	1.4366426791044516e7	1.000987761215821e7
0.6969599999999824	20580.463162016258	1.4366348898633698e7	1.0019007231948107e7
0.6975999999999823	20588.95902352069	1.436627054859863e7	1.0028136435910864e7
0.6982399999999823	20597.504706760687	1.436619170982876e7	1.0037265202490892e7
0.6988799999999823	20606.09706544392	1.4366112409222834e7	1.0046393548505746e7
0.6995199999999823	20614.73842919416	1.4366032627197178e7	1.005552145997992e7
0.7001599999999822	20623.426529047425	1.4365952370338902e7	1.00646489398267e7
0.7007999999999822	20632.163172130553	1.4365871644573398e7	1.0073775991737884e7
0.7014399999999822	20640.950755529913	1.4365790417571608e7	1.0082902592758743e7
0.7020799999999822	20649.787707657288	1.436570868796116e7	1.009202874039738e7
0.7027199999999821	20658.67521534263	1.4365626461988801e7	1.010115443833653e7
0.7033599999999821	20667.611084173583	1.4365543753674611e7	1.0110279694736328e7
0.7039999999999821	20676.602116238642	1.4365460512359256e7	1.0119404474927066e7
0.7046399999999821	20685.64193935591	1.43653767714003e7	1.0128528799402459e7
0.705279999999982	20694.734172607674	1.4365292516178261e7	1.0137652657865297e7
0.705919999999982	20703.87703629085	1.436520776238473e7	1.0146776059781201e7
0.706559999999982	20713.076712249018	1.4365122431453522e7	1.0155898950397985e7
0.707199999999982	20722.327552254672	1.436503659544319e7	1.0165021377804464e7
0.7078399999999819	20731.63048703353	1.4364950250387825e7	1.0174143338397352e7
0.7084799999999819	20740.991782849844	1.4364863321249563e7	1.0183264779763168e7
0.7091199999999819	20750.40466604472	1.4364775871589066e7	1.0192385743770238e7
0.7097599999999818	20759.872891935527	1.4364687887066811e7	1.0201506220232436e7
0.7103999999999818	20769.398646063688	1.436459930868661e7	1.0210626166738607e7
0.7110399999999818	20778.979398407915	1.4364510193372373e7	1.0219745621782195e7
0.7116799999999818	20788.61723373853	1.4364420505803045e7	1.0228864559690481e7
0.7123199999999817	20798.30942660756	1.4364330269177247e7	1.023798299499592e7
0.7129599999999817	20808.06176301898	1.4364239450292472e7	1.0247100904528717e7
0.7135999999999817	20817.87481908494	1.4364148006597664e7	1.0256218256856017e7
0.7142399999999817	20827.744671568507	1.4364056003446488e7	1.0265335096218703e7
0.7148799999999816	20837.67484344961	1.4363963390016802e7	1.0274451386106312e7
0.7155199999999816	20847.662104181898	1.436387021911269e7	1.0283567162094645e7
0.7161599999999816	20857.71170918203	1.4363776407722302e7	1.0292682365045674e7
0.7167999999999816	20867.822969545243	1.4363681992666004e7	1.0301797019807702e7
0.7174399999999815	20877.99426149932	1.4363586974823005e7	1.0310911125275282e7
0.7180799999999815	20888.228007927042	1.4363491334686533e7	1.0320024666851435e7
0.7187199999999815	20898.52233369109	1.4363395074024376e7	1.0329137643964555e7
0.7193599999999815	20908.881699227244	1.4363298175641045e7	1.0338250044188948e7
0.7199999999999814	20919.309456375486	1.4363200584441643e7	1.0347361827445501e7
0.7206399999999814	20929.79563883596	1.4363102406238817e7	1.0356473065741338e7
0.7212799999999814	20940.348801416258	1.436300356159221e7	1.0365583702922892e7
0.7219199999999814	20950.96827203766	1.4362904032173065e7	1.0374693724163199e7
0.7225599999999813	20961.655221393503	1.4362803846192544e7	1.038380314872924e7
0.7231999999999813	20972.405964693822	1.4362703003587984e7	1.0392911974165589e7
0.7238399999999813	20983.22274340324	1.4362601500492364e7	1.0402020196908941e7
0.7244799999999813	20994.113226328966	1.4362499261458585e7	1.0411127763017366e7
0.7251199999999812	21005.069347460776	1.4362396356057916e7	1.0420234719166676e7
0.7257599999999812	21016.096495384547	1.4362292745712446e7	1.0429341037430888e7
0.7263999999999812	21027.19093856925	1.4362188448773874e7	1.0438446728629863e7
0.7270399999999811	21038.35748151267	1.4362083425888613e7	1.0447551764015941e7
0.7276799999999811	21049.59837368516	1.4361977653109202e7	1.0456656125243356e7
0.7283199999999811	21060.912238747005	1.436187114154331e7	1.0465759818445574e7
0.7289599999999811	21072.294713802265	1.4361763939285893e7	1.0474862875940802e7
0.729599999999981	21083.755554111034	1.4361655954367202e7	1.048396523180787e7
0.730239999999981	21095.286503899253	1.4361547242434895e7	1.0493066922802677e7
0.730879999999981	21106.89459098914	1.436143775739795e7	1.0502167915599069e7
0.731519999999981	21118.57709821243	1.436132752964629e7	1.051126823006591e7
0.7321599999999809	21130.33370143398	1.436121653934064e7	1.052036785002196e7
0.7327999999999809	21142.174773456714	1.4361104685777161e7	1.0529466702836698e7
0.7334399999999809	21154.08723089843	1.436099213094594e7	1.0538564902012983e7
0.7340799999999809	21166.083343856386	1.4360878726141179e7	1.054766234016824e7
0.7347199999999808	21178.154230949618	1.4360764544572543e7	1.055675906694245e7
0.7353599999999808	21190.307583980783	1.4360649537069019e7	1.0565855046577822e7
0.7359999999999808	21202.546629878732	1.4360533659612866e7	1.0574950245785082e7
0.7366399999999808	21214.862177326762	1.4360417014663588e7	1.058404473578453e7
0.7372799999999807	21227.26505384558	1.4360299480305279e7	1.0593138427914146e7
0.7379199999999807	21239.749704512513	1.4360181108674644e7	1.0602231357315475e7
0.7385599999999807	21252.320246078907	1.436006186027308e7	1.0611323494128143e7
0.7391999999999807	21264.97734817404	1.4359941730862176e7	1.0620414833545446e7
0.7398399999999806	21277.712868018443	1.4359820823928254e7	1.0629505448154544e7
0.7404799999999806	21290.540918029128	1.4359698948087968e7	1.0638595198258948e7
0.7411199999999806	21303.461556531074	1.4359576135098705e7	1.064768410537183e7
0.7417599999999805	21316.46800193916	1.4359452462679079e7	1.0656772223413376e7
0.7423999999999805	21329.565487769538	1.435932781885319e7	1.0665859468785977e7
0.7430399999999805	21342.755369430222	1.4359202284113515e7	1.0674945899607155e7
0.7436799999999805	21356.03172502872	1.4359075846997293e7	1.0684031503946425e7
0.7443199999999804	21369.404728793008	1.4358948435976071e7	1.0693116229266485e7
0.7449599999999804	21382.872751412604	1.4358820035225002e7	1.0702200061307456e7
0.7455999999999804	21396.435273133302	1.4358690666263547e7	1.0711283013899304e7
0.7462399999999804	21410.0932277523	1.4358560336090172e7	1.0720365090461124e7
0.7468799999999803	21423.847413435156	1.4358429006189376e7	1.0729446260399727e7
0.7475199999999803	21437.70038122354	1.4358296659191292e7	1.0738526509270644e7
0.7481599999999803	21451.65086057831	1.435816335797954e7	1.0747605881658418e7
0.7487999999999803	21465.706654747857	1.4358028944312852e7	1.0756684259012854e7
0.7494399999999802	21479.85669713302	1.435789356559502e7	1.0765761746693283e7
0.7500799999999802	21494.113305915755	1.4357757091948828e7	1.0774838248326108e7
0.7507199999999802	21508.472978222868	1.4357619555380134e7	1.0783913784758702e7
0.7513599999999802	21522.941171530652	1.4357480926698472e7	1.079298833317677e7
0.7519999999999801	21537.50962069395	1.4357341243513295e7	1.0802061917507645e7
0.7526399999999801	21552.18697655547	1.435720043398146e7	1.0811134483602041e7
0.7532799999999801	21566.97027453193	1.435705856686798e7	1.0820206080156159e7
0.75391999999998	21581.871885723896	1.4356915476859787e7	1.0829276583347484e7
0.75455999999998	21596.87596741215	1.4356771321422908e7	1.0838346105530025e7
0.75519999999998	21611.993229351123	1.435662599396515e7	1.084741456658474e7
0.75583999999998	21627.2199075636	1.4356479557976957e7	1.0856482011113647e7
0.75647999999998	21642.570153528726	1.4356331855366107e7	1.0865548320630852e7
0.7571199999999799	21658.027481424346	1.4356182997982154e7	1.0874613573146649e7
0.7577599999999799	21673.60832325752	1.4356032918434048e7	1.0883677719152521e7
0.7583999999999799	21689.303963579954	1.435588163134201e7	1.0892740765047094e7
0.7590399999999798	21705.117919688553	1.4355729114198048e7	1.0901802692054525e7
0.7596799999999798	21721.058865786563	1.4355575292197132e7	1.0910863442842655e7
0.7603199999999798	21737.114605225444	1.4355420274314206e7	1.0919923094594868e7
0.7609599999999798	21753.30013097811	1.4355263944586683e7	1.0928981560135702e7
0.7615999999999797	21769.60845727622	1.4355106314709013e7	1.093803884393831e7
0.7622399999999797	21786.04293319294	1.4354947391932618e7	1.0947094949594224e7
0.7628799999999797	21802.614501923887	1.4354787077366786e7	1.095614980153198e7
0.7635199999999797	21819.304552347192	1.435462547596693e7	1.0965203472550519e7
0.7641599999999796	21836.134937907427	1.4354462420254325e7	1.097425583712501e7
0.7647999999999796	21853.098106804577	1.4354298026072286e7	1.0983306979014512e7
0.7654399999999796	21870.192861443677	1.4354132296851506e7	1.0992356897739306e7
0.7660799999999796	21887.416842371713	1.4353965135185955e7	1.100140551531073e7
0.7667199999999795	21904.791602085166	1.435379647921158e7	1.1010452786325743e7
0.7673599999999795	21922.303719025287	1.4353626369315002e7	1.101949873549446e7
0.7679999999999795	21939.95013910891	1.4353454850264605e7	1.1028543393435195e7
0.7686399999999795	21957.73930061087	1.4353281881870858e7	1.1037586728245512e7
0.7692799999999794	21975.689987753525	1.4353107188507142e7	1.1046628529168453e7
0.7699199999999794	21993.764470519698	1.4352931215981308e7	1.1055669127137411e7
0.7705599999999794	22011.99645057094	1.4352753631710073e7	1.1064708270915838e7
0.7711999999999793	22030.377801756335	1.435257445268522e7	1.1073745968351588e7
0.7718399999999793	22048.919639269905	1.4352393639610484e7	1.1082782188301556e7
0.7724799999999793	22067.600928858214	1.435221129593836e7	1.1091817002449501e7
0.7731199999999793	22086.44063196628	1.4352027422991287e7	1.1100850412913308e7
0.7737599999999792	22105.46086300274	1.4351841536292208e7	1.1109882046586808e7
0.7743999999999792	22124.61832969856	1.4351654265622368e7	1.1118912377192844e7
0.7750399999999792	22143.942529699867	1.4351465226600155e7	1.1127941110535366e7
0.7756799999999792	22163.433671527306	1.435127452173457e7	1.1136968322459968e7
0.7763199999999791	22183.07884335197	1.4351082115338162e7	1.1145993978854703e7
0.7769599999999791	22202.91470558416	1.4350887751766743e7	1.1155017885708323e7
0.7775999999999791	22222.89283015474	1.4350691892904155e7	1.1164040387287397e7
0.7782399999999791	22243.064894862862	1.4350494037089808e7	1.1173061101495557e7
0.778879999999979	22263.408096926116	1.43502942919544e7	1.1182080102915535e7
0.779519999999979	22283.922972093653	1.4350092818278177e7	1.119109751304079e7
0.780159999999979	22304.62498056009	1.4349889298832612e7	1.1200113084132675e7
0.780799999999979	22325.5033493755	1.4349684040177656e7	1.1209127048904594e7
0.7814399999999789	22346.556691928767	1.4349476855465371e7	1.1218139257365147e7
0.7820799999999789	22367.817384042057	1.434926759683113e7	1.1227149596893718e7
0.7827199999999789	22389.23594949854	1.434905660107317e7	1.1236158315978795e7
0.7833599999999789	22410.89027406636	1.4348842991991559e7	1.1245164741475178e7
0.7839999999999788	22432.715286334686	1.4348627871631114e7	1.1254169717860337e7
0.7846399999999788	22454.71456423912	1.4348410694824338e7	1.126317281491522e7
0.7852799999999788	22476.945389027635	1.4348191130497256e7	1.1272173780670514e7
0.7859199999999787	22499.37544326554	1.4347969445115345e7	1.1281172812599642e7
0.7865599999999787	22521.976029256777	1.4347745899475927e7	1.1290170105255164e7
0.7871999999999787	22544.81973100895	1.4347519997365367e7	1.129916527956447e7
0.7878399999999787	22567.864197219078	1.4347291826457718e7	1.1308158390624225e7
0.7884799999999786	22591.10510745669	1.4347061593219398e7	1.1317149595573653e7
0.7891199999999786	22614.610464198173	1.4346828518513745e7	1.1326138289583951e7
0.7897599999999786	22638.28832530717	1.4346593697913319e7	1.133512531260123e7
0.7903999999999786	22662.201008982458	1.4346356369543353e7	1.1344110071818242e7
0.7910399999999785	22686.334521099332	1.4346116715417841e7	1.1353092703025352e7
0.7916799999999785	22710.69590354952	1.4345874611081097e7	1.1362073104271002e7
0.7923199999999785	22735.32606375331	1.4345629654978745e7	1.1371050960749371e7
0.7929599999999785	22760.117547028192	1.434538294646405e7	1.1380027115964763e7
0.7935999999999784	22785.191549966723	1.43451332758431e7	1.1389000631244687e7
0.7942399999999784	22810.528676174272	1.434488088731214e7	1.1397971690318896e7
0.7948799999999784	22836.08191458447	1.4344626144850204e7	1.140694056714054e7
0.7955199999999784	22861.88672886027	1.4344368697604116e7	1.1415906984916033e7
0.7961599999999783	22887.94980695047	1.4344108466625534e7	1.1424870876476925e7
0.7967999999999783	22914.228620092053	1.4343846062327188e7	1.1433832713717595e7
0.7974399999999783	22940.80271025739	1.4343580415044518e7	1.144279165516978e7
0.7980799999999783	22967.62129790642	1.4343312253180308e7	1.1451748265110303e7
0.7987199999999782	22994.718126739088	1.4343040969855564e7	1.1460702060307274e7
0.7993599999999782	23022.085289833798	1.4342766781527743e7	1.1469653205674257e7
0.7999999999999782	23049.718892772424	1.4342489838735448e7	1.14786018147666e7
0.8006399999999781	23077.629767514463	1.4342210113197519e7	1.1487547861300599e7
0.8012799999999781	23105.83229564336	1.434192703608347e7	1.1496490886466438e7
0.8019199999999781	23134.30912351269	1.4341641173080187e7	1.1505431333467335e7
0.8025599999999781	23163.101847495414	1.4341351862714265e7	1.1514368673768416e7
0.803199999999978	23192.16196733072	1.434105959763774e7	1.1523303286297489e7
0.803839999999978	23221.494206714182	1.434076451124695e7	1.1532235273024023e7
0.804479999999978	23251.16611004471	1.434046582695946e7	1.1541164016469866e7
0.805119999999978	23281.124768517355	1.4340163920491602e7	1.1550089801260771e7
0.8057599999999779	23311.418312292506	1.4339858628513612e7	1.1559012498403791e7
0.8063999999999779	23342.018912555388	1.4339549903060526e7	1.1567932056689164e7
0.8070399999999779	23372.88235007319	1.4339238284298312e7	1.1576848896338064e7
0.8076799999999779	23404.179541635043	1.4338922322185496e7	1.1585761872991912e7
0.8083199999999778	23435.66413627981	1.4338603854464186e7	1.1594672415741816e7
0.8089599999999778	23467.569799933277	1.433828110899137e7	1.160357913046392e7
0.8095999999999778	23499.84436422063	1.4337954521911293e7	1.1612482351306012e7
0.8102399999999778	23532.392621774336	1.4337624769451056e7	1.1621382600023612e7
0.8108799999999777	23565.293468026637	1.43372912510217e7	1.163027939792883e7
0.8115199999999777	23598.586188102854	1.4336953603720197e7	1.163917245001543e7
0.8121599999999777	23632.206390908526	1.4336612295137169e7	1.1648062115266753e7
0.8127999999999777	23666.12927045245	1.4336267848473575e7	1.165694880663843e7
0.8134399999999776	23700.51239814189	1.4335918332208952e7	1.1665830975744726e7
0.8140799999999776	23735.230366670003	1.4335565360413129e7	1.167470990263457e7
0.8147199999999776	23770.354717795803	1.4335207825215511e7	1.1683584690681372e7
0.8153599999999775	23805.80930364034	1.4334846709737385e7	1.1692456117880976e7
0.8159999999999775	23841.66128536915	1.4334481416512415e7	1.1701323701550318e7
0.8166399999999775	23877.950078846294	1.4334111355887298e7	1.1710186958597938e7
0.8172799999999775	23914.576328181232	1.4333737478264747e7	1.1719046637622574e7
0.8179199999999774	23951.711551462602	1.4333357911133632e7	1.1727901230313387e7
0.8185599999999774	23989.154995449295	1.4332975216844738e7	1.173675278578248e7
0.8191999999999774	24026.949028505023	1.4332588886114568e7	1.1745600887889083e7
0.8198399999999774	24065.343218626193	1.4332195970006665e7	1.1754443156284207e7
0.8204799999999773	24104.080258654067	1.4331799421926456e7	1.1763281954189928e7
0.8211199999999773	24143.281689521154	1.4331397796616597e7	1.1772116108986119e7
0.8217599999999773	24182.945763223677	1.433099100213944e7	1.1780945534170618e7
0.8223999999999773	24222.917776858532	1.4330580594188834e7	1.1789771470857741e7
0.8230399999999772	24263.499329494738	1.433016392838104e7	1.1798591788455753e7
0.8236799999999772	24304.499573302885	1.432974259789842e7	1.1807407752401408e7
0.8243199999999772	24345.86898513923	1.4329317222613502e7	1.1816219855207745e7
0.8249599999999772	24387.845434225987	1.4328885234591713e7	1.182502601159326e7
0.8255999999999771	24430.224390146126	1.4328448783573134e7	1.1833827946851294e7
0.8262399999999771	24473.28819538991	1.4328004987022901e7	1.1842623319034306e7
0.8268799999999771	24516.651578712786	1.4327558404372904e7	1.1851415816128846e7
0.827519999999977	24560.508705214317	1.4327105756237507e7	1.1860202751942808e7
0.828159999999977	24605.065962850913	1.4326645381203793e7	1.1868982773432462e7
0.828799999999977	24650.02593319611	1.4326181115912749e7	1.187775899330792e7
0.829439999999977	24695.565443287065	1.4325710591039719e7	1.1886529468273664e7
0.830079999999977	24741.641033824435	1.432523356755682e7	1.1895293979401702e7
0.8307199999999769	24788.271453446258	1.4324751185783347e7	1.1904053463645251e7
0.8313599999999769	24835.639234027713	1.4324260618441815e7	1.1912805589947883e7
0.8319999999999769	24883.500509777736	1.4323764356372692e7	1.1921552372587392e7
0.8326399999999768	24931.92727301765	1.4323262206872543e7	1.1930293651278434e7
0.8332799999999768	24981.065128042177	1.4322752678158773e7	1.1939028194833959e7
0.8339199999999768	25030.70457887313	1.4322237676738912e7	1.194775754280224e7
0.8345599999999768	25081.129313507856	1.4321713522265447e7	1.1956478659175146e7
0.8351999999999767	25132.375382684513	1.4321180993739197e7	1.1965192181433711e7
0.8358399999999767	25184.149962171698	1.4320642902449206e7	1.1973900393640602e7
0.8364799999999767	25236.526002562194	1.4320098068509089e7	1.198260230907809e7
0.8371199999999767	25289.874272557412	1.4319542949383622e7	1.1991295008509198e7
0.8377599999999766	25343.780279356295	1.4318981941442847e7	1.1999982086175349e7
0.8383999999999766	25398.683273584786	1.4318409815350462e7	1.2008659216406504e7
0.8390399999999766	25454.352846902195	1.4317829827263916e7	1.2017329070901418e7
0.8396799999999766	25510.841152187917	1.4317240843989475e7	1.2025990689934267e7
0.8403199999999765	25568.056674050087	1.4316644898801006e7	1.2034645748649837e7
0.8409599999999765	25626.382866015032	1.4316036724868989e7	1.20432898640765e7
0.8415999999999765	25685.371302133266	1.4315420716865994e7	1.2051926638128342e7
0.8422399999999765	25745.67715618359	1.431479196596631e7	1.2060552023443287e7
0.8428799999999764	25806.813963144697	1.4314154044960508e7	1.2069168928025866e7
0.8435199999999764	25868.69756889094	1.4313508544413352e7	1.2077778661178794e7
0.8441599999999764	25931.37267818384	1.431285423049632e7	1.2086380172333606e7
0.8447999999999763	25994.947530436628	1.4312190823730137e7	1.2094973223743606e7
0.8454399999999763	26059.244956274528	1.4311519761488108e7	1.210355898405261e7
0.8460799999999763	26124.460889057507	1.4310838813326834e7	1.2112135580199271e7
0.8467199999999763	26190.763528242616	1.4310146967748893e7	1.2120702160765612e7
0.8473599999999762	26257.98743110186	1.4309445784572423e7	1.2129259999216432e7
0.8479999999999762	26326.470743172245	1.430873072305269e7	1.2137805276701303e7
0.8486399999999762	26395.90267687132	1.4308006423912728e7	1.2146341855418129e7
0.8492799999999762	26466.453249647588	1.4307271037742924e7	1.2154868170767756e7
0.8499199999999761	26538.2195414564	1.4306522784994218e7	1.2163382701410728e7
0.8505599999999761	26611.273897582494	1.4305761511104226e7	1.2171885299655724e7
0.8511999999999761	26685.415191483262	1.4304989455905495e7	1.2180377814646909e7
0.8518399999999761	26760.357442198972	1.4304208580950567e7	1.2188861852155225e7
0.852479999999976	26836.374838623557	1.430341646985475e7	1.2197335374237629e7
0.853119999999976	26913.19234570676	1.4302616539297659e7	1.2205801231697014e7
0.853759999999976	26991.121826601284	1.430180388741732e7	1.221425526857699e7
0.854399999999976	27070.09836862014	1.4300982582641795e7	1.2222700924931278e7
0.8550399999999759	27150.423141745596	1.4300146012392512e7	1.2231132571774377e7
0.8556799999999759	27231.68609089228	1.42993014589807e7	1.2239556349356899e7
0.8563199999999759	27314.377089851998	1.4298441713977007e7	1.2247966138212716e7
0.8569599999999759	27398.465855751405	1.4297568773533884e7	1.225636361272326e7
0.8575999999999758	27483.814675857288	1.4296682807186037e7	1.2264748870652242e7
0.8582399999999758	27570.725294670417	1.429578336333778e7	1.2273121539768443e7
0.8588799999999758	27659.27523907797	1.4294868881703632e7	1.228148026203901e7
0.8595199999999757	27750.196507909684	1.429393334542134e7	1.2289819936661635e7
0.8601599999999757	27843.035044463	1.4292981134722957e7	1.229814422286357e7
0.8607999999999757	27938.70840601005	1.4292006455903126e7	1.230644822545118e7
0.8614399999999757	28038.06998810371	1.4291003038354151e7	1.2314726612337004e7
0.8620799999999756	28142.488625414506	1.4289961442044899e7	1.2322971371988937e7
0.8627199999999756	28254.564127060505	1.4288864485584538e7	1.2331167955566507e7
0.8633599999999756	28380.70240683213	1.428767185895621e7	1.2339282315324955e7
0.8639999999999756	28535.227132962875	1.4286291548322748e7	1.234723668864059e7
0.8646399999999755	28767.147588999047	1.4284404090646114e7	1.2354761074033555e7
0.8652799999999755	29292.413895770966	1.4280613457654903e7	1.2360675486639325e7
0.8659199999999755	30486.210158282578	1.4272483084798306e7	1.2362916143846223e7
0.8662399999999755	32169.257093234966	1.4261375369862568e7	1.2358076760218194e7
0.8665599999999755	34625.004683963634	1.424525763600484e7	1.2348990817681033e7
0.8668799999999754	37634.20197224791	1.4225559046673052e7	1.2336862491346134e7
0.8671999999999754	40675.23002953113	1.4205654913776053e7	1.2324545611774167e7
0.8678399999999754	44585.82869998725	1.4179912405944657e7	1.2311787645495653e7
0.8684799999999754	48204.67460795321	1.4156027464383436e7	1.2300566611071818e7
0.8691199999999754	51342.1819273031	1.4135256810684683e7	1.229195406407257e7
0.8697599999999753	54091.54968687371	1.4116986448990561e7	1.2285435017304903e7
0.8703999999999753	56345.6726573434	1.4101909605284724e7	1.2281604519615868e7
0.8710399999999753	58252.50400581687	1.4089078569264485e7	1.227966323988838e7
0.8716799999999753	59948.3982284628	1.407761300350837e7	1.2278866281358507e7
0.8723199999999752	61525.322889408904	1.4066864011421027e7	1.2278662367668962e7
0.8729599999999752	63040.230453250566	1.405648787469325e7	1.2278760285968654e7
0.8735999999999752	64436.79403651853	1.4046800528060613e7	1.2279429752079621e7
0.8742399999999751	65701.46482221202	1.403794647012644e7	1.2280796938259033e7
0.8748799999999751	66872.96232463716	1.4029691923229754e7	1.2282664014840959e7
0.8755199999999751	67981.55772062927	1.402183863581204e7	1.2284862506730875e7
0.8761599999999751	69052.27687587567	1.401422653150286e7	1.2287256151809506e7
0.876799999999975	70083.04122398127	1.4006860672961118e7	1.2289849668730754e7
0.877439999999975	71074.26431233375	1.3999739486732047e7	1.229264227707194e7
0.878079999999975	72050.229858607	1.3992704341529146e7	1.2295498192233926e7
0.878719999999975	73023.57307956353	1.3985654843568727e7	1.2298330923083453e7
0.8793599999999749	73992.26073046937	1.3978615648551332e7	1.2301161883044275e7
0.8799999999999749	74947.94923991387	1.3971637663920805e7	1.2304034898158748e7
0.8806399999999749	75890.26407903615	1.3964706919852221e7	1.2306937763818786e7
0.8812799999999749	76799.71234346362	1.3957988291356279e7	1.231001358325553e7
0.8819199999999748	77682.36064520077	1.395144234020355e7	1.231322876181695e7
0.8825599999999748	78544.40972632522	1.3945025328638269e7	1.23165458095209e7
0.8831999999999748	79397.77375949376	1.3938649135463243e7	1.2319888576415896e7
0.8838399999999748	80247.36646799334	1.3932268798312379e7	1.2323217988788987e7
0.8844799999999747	81077.40725416283	1.3925994963496191e7	1.2326630087398762e7
0.8851199999999747	81882.3166023889	1.3919872234066539e7	1.2330163952347906e7
0.8857599999999747	82670.1687008267	1.3913841576386904e7	1.2333768554772496e7
0.8863999999999747	83442.18803331818	1.390789768759776e7	1.233743954284689e7
0.8870399999999746	84201.32929439108	1.390200075222582e7	1.2341142129411135e7
0.8876799999999746	84942.96935287458	1.3896181985571835e7	1.234490361926977e7
0.8883199999999746	85659.83656185916	1.38905200413588e7	1.2348793253686728e7
0.8889599999999745	86354.54771333426	1.3884999593364919e7	1.2352798047495415e7
0.8895999999999745	87031.2666767877	1.387958985186431e7	1.2356891384059258e7
0.8902399999999745	87689.25497594159	1.387429516396627e7	1.236107729939514e7
0.8908799999999745	88333.09807633032	1.3869085644745793e7	1.236532992685287e7
0.8915199999999744	88972.29223929586	1.3863863405877948e7	1.2369563217870073e7
0.8921599999999744	89619.45587746584	1.3858518543309884e7	1.2373680465720821e7
0.8927999999999744	90294.63992937008	1.3852837502569491e7	1.2377492907694118e7
0.8934399999999744	91053.47858099834	1.384625339625466e7	1.2380499293027002e7
0.8940799999999743	92015.4723271567	1.3837654392389787e7	1.23817163179764e7
0.8947199999999743	93505.92173815117	1.3824145130749281e7	1.2378583434824238e7
0.8950399999999743	95093.40255705088	1.3809701441098813e7	1.2370216181373117e7
0.8953599999999743	97158.34392031653	1.3791810636440698e7	1.2358802220551014e7
0.8954399999999743	99132.82515102139	1.3775421309680913e7	1.2345428585738115e7
0.8960799999999742	102053.46494454541	1.3750938331634948e7	1.233254621628813e7
0.8967199999999742	104406.08731039976	1.3731073245512782e7	1.2323711061413288e7
0.8973599999999742	106449.75776580915	1.3713684443765458e7	1.2317037875594102e7
0.8979999999999742	108387.05413512373	1.3697077225866523e7	1.2311030828349568e7
0.8986399999999741	110353.92031785962	1.3680122136463448e7	1.2304690430074582e7
0.8992799999999741	112350.72915830731	1.3662790025763988e7	1.2297989779809514e7
0.8999199999999741	114366.58491373222	1.364522333350633e7	1.2291055190106831e7
0.900559999999974	116358.08681086484	1.3627845945251621e7	1.2284263592607923e7
0.901199999999974	118357.89519643731	1.3610319124866225e7	1.22773133553745e7
0.901839999999974	120323.91909255506	1.35929962872275e7	1.2270518767571023e7
0.902479999999974	122212.46048911702	1.3576250113499327e7	1.226421236157742e7
0.9031199999999739	124002.08208443454	1.3560277784119422e7	1.2258571394105922e7
0.9037599999999739	125714.79629070322	1.354488050728429e7	1.2253419999257917e7
0.9043999999999739	127359.36785144865	1.352998126576494e7	1.224869061232406e7
0.9050399999999739	128924.76421137084	1.35157504673462e7	1.2244537498576168e7
0.9056799999999738	130459.87052589555	1.3501727950624326e7	1.2240549945309093e7
0.9063199999999738	131963.0645124784	1.348792386148966e7	1.2236737454028487e7
0.9069599999999738	133444.67588607472	1.3474225814333394e7	1.2232999537211906e7
0.9075999999999738	134888.68250875376	1.346077495085413e7	1.2229463059658667e7
0.9082399999999737	136301.06185321664	1.3447515802116754e7	1.2226078737549823e7
0.9088799999999737	137668.70352117403	1.3434598269035654e7	1.2222982047025625e7
0.9095199999999737	139021.2827806339	1.342174202470125e7	1.2219921451971924e7
0.9101599999999737	140371.93022878448	1.3408824882337736e7	1.2216787069119917e7
0.9107999999999736	141732.7268256776	1.3395735317107938e7	1.221347828605441e7
0.9114399999999736	143103.61086307385	1.3382455056955999e7	1.220997809288966e7
0.9120799999999736	144484.8226769019	1.3368971298062118e7	1.2206274447145902e7
0.9127199999999736	145882.9958979547	1.335523040079888e7	1.2202318559298776e7
0.9133599999999735	147324.7812866691	1.334097210517162e7	1.2197874501029879e7
0.9139999999999735	149046.04790899841	1.3323285696703853e7	1.2190301086907145e7
0.9146399999999735	151047.2655684119	1.3302197342894033e7	1.2179615172293168e7
0.9152799999999734	153247.29631564123	1.3278804122123098e7	1.2166806947840342e7
0.9159199999999734	155462.33014298818	1.3255129802114073e7	1.2153709761070395e7
0.9165599999999734	157624.12024889502	1.3231900190036792e7	1.2140982594773343e7
0.9171999999999734	159681.1364286378	1.320970958078269e7	1.2129167225589827e7
0.9178399999999733	161667.73559509165	1.3188144106098503e7	1.2117888807497595e7
0.9184799999999733	163612.10471149438	1.3166895757968837e7	1.2106868074554952e7
0.9191199999999733	165579.1620681847	1.3145244450202577e7	1.2095449121697921e7
0.9197599999999733	167621.98988060275	1.3122570949067276e7	1.2083065844581792e7
0.9203999999999732	169726.2452527602	1.3099060527380465e7	1.2069885518522754e7
0.9210399999999732	171876.97663896685	1.3074891748839054e7	1.2056069702425791e7
0.9216799999999732	174057.23812475693	1.3050236339031843e7	1.2041773991848454e7
0.9223199999999732	176306.061126954	1.3024634397727296e7	1.2026576252539836e7
0.9229599999999731	178631.14813899965	1.2997928177582689e7	1.2010329534434002e7
0.9235999999999731	180857.69062622142	1.2972072696647156e7	1.1994823870186811e7
0.9242399999999731	182999.51440140486	1.2946942604581516e7	1.1979946276069129e7
0.9248799999999731	185042.48625792668	1.292273472461366e7	1.1965879283668032e7
0.925519999999973	186992.09066721477	1.2899420527416054e7	1.1952598857446657e7
0.926159999999973	188920.8858535954	1.287613711720987e7	1.193931307068618e7
0.926799999999973	190875.30553648475	1.2852336235420283e7	1.1925517295352448e7
0.927439999999973	192887.09842938732	1.282763230607072e7	1.1910855193803923e7
0.9280799999999729	194962.72649979577	1.280188995829399e7	1.189519975178301e7
0.9287199999999729	196966.88166792368	1.2776688470263211e7	1.1880005915427798e7
0.9293599999999729	198944.90707586837	1.2751487056904245e7	1.1864775479440028e7
0.9299999999999728	200921.06617263934	1.2725992623381706e7	1.1849237614376731e7
0.9306399999999728	202882.911771721	1.2700344946237063e7	1.1833520979526207e7
0.9312799999999728	204811.37772071245	1.2674834819575211e7	1.181789480865063e7
0.9319199999999728	206724.56350939837	1.2649226188568685e7	1.1802140677934311e7
0.9325599999999727	208593.03005242202	1.2623862710250571e7	1.1786576923017671e7
0.9331999999999727	210464.2538447134	1.2598138760455547e7	1.1770642103413606e7
0.9338399999999727	212309.03565700405	1.2572519493424527e7	1.175476796953829e7
0.9344799999999727	214113.80670245286	1.2547216992200598e7	1.1739152071486423e7
0.9351199999999726	215915.95148988624	1.252171126001565e7	1.172331126039816e7
0.9357599999999726	217698.39705281064	1.249621489261821e7	1.1707442992942752e7
0.9363999999999726	219500.48218080142	1.2470169350147922e7	1.1691026810144877e7
0.9370399999999726	221292.56566855835	1.2443955949673029e7	1.1674417063015772e7
0.9376799999999725	223035.5181348452	1.2418128804274235e7	1.1658130590681693e7
0.9383199999999725	224706.5514003065	1.23930434193564e7	1.1642500401340535e7
0.9389599999999725	226374.5309483292	1.2367689399460444e7	1.1626583539886132e7
0.9395999999999725	228099.4466608931	1.2341139662702492e7	1.1609512033653244e7
0.9402399999999724	229937.04621784267	1.231253368989383e7	1.1590477714467421e7
0.9408799999999724	231867.37840732775	1.2282089972599052e7	1.1569680812830104e7
0.9415199999999724	233859.27445477765	1.2250274508227402e7	1.1547554545356048e7
0.9421599999999724	235968.69977369846	1.2216190150875673e7	1.1523254142143603e7
0.9427999999999723	238272.4438851443	1.2178507715854065e7	1.1495526258297112e7
0.9434399999999723	240857.09900778296	1.2135698169412956e7	1.146292595847051e7
0.9440799999999723	243728.45277983331	1.2087576733815104e7	1.1425268737939283e7
0.9443999999999723	245426.69015098148	1.205889031487381e7	1.1402061737338893e7
0.9447199999999722	247160.36708387014	1.2029549426631646e7	1.1378218959419517e7
0.9453599999999722	250329.92981412547	1.1975445205601145e7	1.1334784906931818e7
0.9459999999999722	253641.19668709987	1.1918155547903616e7	1.12882717729376e7
0.9466399999999722	256903.33229463742	1.1860898769519985e7	1.1241709572989317e7
0.9472799999999721	259962.27898577115	1.180644486068382e7	1.1197714298976377e7
0.9479199999999721	263442.1470307583	1.1743559360929582e7	1.1145674856429411e7
0.9485599999999721	266689.97159461846	1.1684171367773453e7	1.1096856124753695e7
0.9491999999999721	269627.75927814277	1.163028776871913e7	1.105316624023921e7
0.949839999999972	272256.7037838526	1.1581574431460425e7	1.1014299054239852e7
0.950479999999972	274811.09696219023	1.1533623976651955e7	1.0976087562849404e7
0.951119999999972	277508.0560394207	1.148226981972721e7	1.0934581064717837e7
0.951759999999972	280470.10987343575	1.142505931411874e7	1.0887444330905633e7
0.9523999999999719	283799.4897179004	1.1359815791233137e7	1.0832597415280702e7
0.9530399999999719	287557.98397004814	1.1285092821569977e7	1.0768648585595975e7
0.9536799999999719	291280.19505031983	1.1210072214843255e7	1.0704313768486138e7
0.9543199999999719	294455.24595769675	1.1145198566661017e7	1.0649536611770984e7
0.9549599999999718	297245.29098821804	1.1087128644674048e7	1.0601152298423735e7
0.9555999999999718	299844.0036598742	1.1032001435188184e7	1.0555493645228023e7
0.9562399999999718	302536.0517373935	1.0973834332097657e7	1.050685831934879e7
0.9568799999999718	305532.6066040237	1.0907957694325197e7	1.0450781124542361e7
0.9575199999999717	308546.2952199119	1.0840668855857205e7	1.0393264289481035e7
0.9581599999999717	311568.20168357686	1.0771982731747586e7	1.0334318987809412e7
0.9587999999999717	314473.35873805796	1.0704761658104446e7	1.0276681780170256e7
0.9594399999999716	317082.3764436419	1.0643232208134018e7	1.0224403570960363e7
0.9600799999999716	319670.27475512197	1.0581216000262275e7	1.0171575094899738e7
0.9607199999999716	322269.9570046998	1.0518181227163766e7	1.0117685832471628e7
0.9613599999999716	325170.28898895445	1.0446784341550024e7	1.0055685174558777e7
0.9616799999999716	326878.70364540175	1.0404220100463308e7	1.0018056378136959e7
0.9619999999999715	328729.48895148747	1.0357698941196546e7	9.976598102010949e6
0.9623199999999715	330658.17434203415	1.0308755597214364e7	9.93278088632025e6
0.9626399999999715	332705.71734383027	1.0256288687072357e7	9.885543627323017e6
0.9629599999999715	334858.3057554102	1.0200576545662304e7	9.83515034205587e6
0.9632799999999715	337131.45585610473	1.0141123848688623e7	9.781121248023534e6
0.9635999999999715	339588.9125392421	1.007621161301282e7	9.721798546715304e6
0.9639199999999715	342323.87185655773	1.0003259697358212e7	9.654693132773837e6
0.9642399999999715	345508.85253393225	9.917506260953981e6	9.575211633628609e6
0.9645599999999714	348804.55011243914	9.827684389523968e6	9.491752888014952e6
0.9648799999999714	352315.66762882355	9.73089218824754e6	9.401516580843143e6
0.9651999999999714	355869.3590086797	9.63200166181574e6	9.309192257677788e6
0.9653599999999715	357779.96032056835	9.578497718240153e6	9.259092055105556e6
0.9655199999999715	359741.1059526788	9.523301384380179e6	9.207341825979738e6
0.9656799999999716	361764.71533419105	9.46612828520755e6	9.153666527489237e6
0.9658399999999716	363819.3015214603	9.407911782200752e6	9.09896558306049e6
0.9659999999999717	365917.4604937555	9.348242910617251e6	9.042843845312798e6
0.9661599999999717	367857.1749840913	9.292822382798333e6	8.990801560165647e6
0.9663199999999718	369757.5690381296	9.238272440663937e6	8.93958085978733e6
0.9666399999999717	373001.9166802415	9.144245365419991e6	8.851636683969785e6
0.9669599999999717	376023.5262932134	9.055571866768759e6	8.768799589599201e6
0.9672799999999717	378859.4561330732	8.971329799208255e6	8.690184169582592e6
0.9675999999999717	381898.67203576805	8.880026817032944e6	8.604687465134796e6
0.9679199999999717	384879.9774388007	8.789503014732026e6	8.51988270769542e6
0.9682399999999717	387552.66596161184	8.707506449459378e6	8.443264717295252e6
0.9685599999999717	390375.8682862892	8.61994991481245e6	8.361212106789433e6
0.9687199999999717	391994.00220898475	8.569381864822779e6	8.313593172479988e6
0.9688799999999718	393767.56968666275	8.5136420648285e6	8.260951570539457e6
0.9690399999999718	395775.01238562155	8.450223621628577e6	8.200857892686188e6
0.9691999999999719	397798.402066048	8.386120883293371e6	8.140080550871344e6
0.9695199999999718	400685.0854224475	8.294307485367479e6	8.053709874616932e6
0.9698399999999718	403062.3080643742	8.218139509316092e6	7.9824367809261205e6
0.9701599999999718	405244.39460884227	8.147457638064459e6	7.916429994879525e6
0.9704799999999718	406789.74907928787	8.097020188575386e6	7.870004586001244e6
0.9707999999999718	408092.8526996452	8.054109929513224e6	7.830846230870052e6
0.9711199999999718	409294.9886907941	8.014103407128164e6	7.7944765400034785e6
0.9714399999999718	410461.58331981575	7.9748432867313e6	7.758804545281655e6
0.9717599999999718	411689.12033373595	7.933032801118624e6	7.720630055573046e6
0.9720799999999717	413039.60652134754	7.886451225876774e6	7.67779357346416e6
0.9723999999999717	414565.2669535984	7.833160598581539e6	7.628407367428398e6
0.9727199999999717	416061.6358053949	7.780346742247033e6	7.579449044543097e6
0.9730399999999717	417541.876431807	7.727543357031413e6	7.530465717114241e6
0.9733599999999717	419062.55101653165	7.672649920431005e6	7.479414352909598e6
0.9736799999999717	420693.40186986263	7.613033179503953e6	7.42373079655642e6
0.9739999999999717	422478.9410036182	7.546906036949172e6	7.361670932454386e6
0.9743199999999717	424100.9070563825	7.486275429482096e6	7.304918787746003e6
0.9746399999999716	425653.4386181011	7.427639263559885e6	7.250068903039163e6
0.9749599999999716	427228.65815857396	7.367416401644156e6	7.193634100547081e6
0.9752799999999716	428874.72388991865	7.303661212764818e6	7.133716490759635e6
0.9755999999999716	430665.1979391305	7.2333574588365005e6	7.067371767670412e6
0.9759199999999716	432651.54476264585	7.154259754116773e6	6.992403428435334e6
0.9762399999999716	434881.17068322335	7.064197094393111e6	6.906684548045576e6
0.9765599999999716	437406.8706869027	6.960691921185544e6	6.807786119601671e6
0.9767199999999716	438800.23441835574	6.902974471792886e6	6.752488495546623e6
0.9768799999999717	440292.26566331333	6.840712916149149e6	6.692735190709734e6
0.9770399999999717	441892.8696365062	6.77342345746045e6	6.628051515163832e6
0.9771999999999718	443616.32745498826	6.700427460704106e6	6.557772166865849e6
0.9773599999999718	445415.17420141544	6.623697500587127e6	6.48382118871758e6
0.9775199999999719	447123.6072770213	6.5504048831523955e6	6.413203120070545e6
0.9776799999999719	448741.89348095946	6.4805897861505775e6	6.345958941186022e6
0.977839999999972	450348.58465249016	6.4108219029376125e6	6.278737814204248e6
0.977999999999972	452011.9815679676	6.338070489760096e6	6.208577202579705e6
0.978159999999972	453777.0236183558	6.260292393305505e6	6.133478097631375e6
0.9783199999999721	455670.859485412	6.17620009523339e6	6.052179021402215e6
0.9784799999999721	457718.3423602054	6.084586812939776e6	5.963496603452747e6
0.9786399999999722	459688.6005024029	5.995993777952354e6	5.877738299361869e6
0.9787999999999722	461540.17372861813	5.912476437437894e6	5.796916588647106e6
0.9788799999999722	462553.11942955106	5.866562028004574e6	5.752429359855319e6
0.9789599999999722	463637.65593580034	5.817223315515202e6	5.704583873237503e6
0.9790399999999722	464846.1022317293	5.762007076290073e6	5.650978582273663e6
0.9791199999999721	466217.6884187793	5.699044933534404e6	5.589783500656243e6
0.9791999999999721	467795.829775978	5.62625356385871e6	5.518957642989646e6
0.9792799999999721	469630.79464442283	5.541204865259778e6	5.436121850516486e6
0.9793199999999721	470663.08098572074	5.493187141819524e6	5.389321344241341e6
0.9793599999999721	471785.5733587731	5.440845431870297e6	5.338284036390481e6
0.9794399999999721	473872.6145629115	5.343196996609729e6	5.243083687314711e6
0.9797599999999721	475753.97676422686	5.254458048542496e6	5.15773707812957e6
0.9800799999999721	476627.2061570782	5.212294770470368e6	5.1179602725891145e6
0.9803999999999721	477577.0282946844	5.1654998113900665e6	5.073616524841266e6
0.9807199999999721	478738.63469278265	5.107207137156121e6	5.017970264428499e6
0.9808799999999721	479434.7193697944	5.071820028319288e6	4.984013621212046e6
0.9810399999999722	480227.5871855774	5.031138534020243e6	4.944853262468131e6
0.9811999999999722	481137.2542877111	4.984040512071369e6	4.899385930824911e6
0.9813599999999723	482192.2568030952	4.928917322234381e6	4.846030367014619e6
0.9815199999999723	483426.7603798447	4.863825880166203e6	4.782876104432429e6
0.9816799999999724	484887.60747462267	4.786089875922238e6	4.707291850364159e6
0.9817599999999723	485721.4074574254	4.741419821198773e6	4.663795882132013e6
0.9818399999999723	486636.91775753483	4.692144763678525e6	4.615772741196482e6
0.9819199999999723	487645.1947691457	4.63762401742032e6	4.562592400306672e6
0.9819999999999722	488759.67437982064	4.577078976994056e6	4.503489229546887e6
0.9820799999999722	489996.39709205943	4.509578782955473e6	4.437547866600689e6
0.9821599999999722	491374.77392227296	4.433994289668074e6	4.363657957507059e6
0.9822399999999721	492918.30316815083	4.34895473041318e6	4.2804715234652e6
0.9823199999999721	494655.91451627406	4.252769326589381e6	4.1863258814638243e6
0.9823999999999721	496621.56963463465	4.1434450734677576e6	4.0792609798001926e6
0.982479999999972	498859.6280902757	4.018377806831356e6	3.956715848339714e6
0.9825199999999721	500097.1700265513	3.9489769659230337e6	3.888690547090667e6
0.982599999999972	502467.96400453115	3.8155874404460527e6	3.757939161555878e6
0.982679999999972	504138.3656776538	3.7212221051203534e6	3.665502214753116e6
0.982759999999972	505628.77129423193	3.6366184276329726e6	3.582640165957605e6
0.982839999999972	507157.86480902147	3.5493828282503113e6	3.4971782478775736e6
0.9829199999999719	508811.954154085	3.4545522703447696e6	3.40423902574415e6
0.9829999999999719	510622.7850523209	3.350224989276735e6	3.3019517518048403e6
0.9830799999999719	512616.74548475724	3.2347838098948784e6	3.1887247431649826e6
0.9831599999999718	514827.5350680153	3.1061613817959838e6	3.0625233198170117e6
0.9832399999999718	517160.338825637	2.9697485331500676e6	2.9286431550131207e6
0.9833199999999718	518734.2923661889	2.8769630227301084e6	2.8376277675075713e6
0.9833999999999717	520021.3311767001	2.800477830806099e6	2.7626222529121866e6
0.9834799999999717	521328.5921331526	2.7223217531767227e6	2.685961346156221e6
0.9836399999999718	522717.645383468	2.638470895304505e6	2.603857172135737e6
0.9837999999999718	523295.78478769475	2.6027379529863875e6	2.56905098986151e6
0.9839599999999719	523910.7682184735	2.564288570889801e6	2.5315609109348953e6
0.9841199999999719	524624.8535522148	2.519224453984797e6	2.487550212329872e6
0.984279999999972	525477.3217228029	2.4649337331483867e6	2.4344454783607223e6
0.984439999999972	526508.3765418007	2.3986695944720674e6	2.3695387659210204e6
0.984599999999972	527781.6926714024	2.3160891648061443e6	2.2885492297352194e6
0.984679999999972	528537.8745254092	2.2667194127713405e6	2.2400904716053642e6
0.984759999999972	529393.9733862211	2.210568337148275e6	2.1849472398444945e6
0.984839999999972	530368.4288910795	2.1463606478095297e6	2.1218622057706807e6
0.9849199999999719	531488.0272676277	2.0722495535906572e6	2.0490148697736626e6
0.9849999999999719	532784.5093038307	1.9860332404168006e6	1.9642345094500652e6
0.9850799999999719	534301.8950956024	1.884659003629418e6	1.8645116755700556e6
0.9851199999999719	535160.6407395215	1.8270904535149224e6	1.807866537900788e6
0.985159999999972	536097.0219726629	1.7641713203349188e6	1.7459466977471884e6
0.985199999999972	537121.5996011086	1.695165470116632e6	1.67802642083297e6
0.985239999999972	538245.0001450074	1.6193273761897888e6	1.6033706003193376e6
0.9853999999999721	539811.8531846302	1.5131811034437735e6	1.4989699123899627e6
0.9857199999999721	540699.1090597654	1.4518713392691817e6	1.4388597998217659e6
0.9858799999999721	541226.8450179767	1.414811654991936e6	1.4024766374750794e6
0.9860399999999722	541832.8136023162	1.3717871827617902e6	1.3602010197683007e6
0.9861999999999722	542535.9300141152	1.321307809716409e6	1.3105607577764958e6
0.9863599999999723	543359.2058054833	1.2615345615372565e6	1.251738649685055e6
0.9865199999999723	544332.0309278487	1.1900971418438982e6	1.181392228148732e6
0.9866799999999724	545495.4196706852	1.1036795408979394e6	1.096244528403177e6
0.9868399999999724	546905.8276263069	997688.0381951649	991755.7443040662
0.9869199999999724	547726.7442262158	935460.486483328	930388.9291345943
0.9869999999999723	548640.7371057951	865766.130860392	861643.5007415734
0.9870799999999723	549662.4221746707	787394.4622840937	784322.9643258734
0.9871599999999723	550810.4863477676	698799.2629827149	696899.0870907181
0.9872399999999723	552107.2509663446	598123.7020050678	597536.5320898124
0.9974799999999723	552690.0	552690.0	552690.0
