lambda	f0	f1	fla
0.0	35523.102792027435	3.701375119519852e7	35523.102792027435
0.00064	35536.090144871094	3.701331745477314e7	59201.87021823319
0.00128	35542.22305431637	3.701312869644016e7	82873.53374025025
0.0019200000000000003	35546.08167314027	3.701301433391792e7	106542.82071745026
0.00256	35548.766144625435	3.701294021690397e7	130210.88825856936
0.0032	35550.93349908866	3.701288779066861e7	153878.41144203112
0.00384	35552.620370848505	3.701285098741031e7	177545.44610028
0.0044800000000000005	35554.0740951137	3.701282314846243e7	201212.2395482793
0.00512	35555.3556467404	3.701280131190436e7	224878.85494277944
0.00576	35556.53248661938	3.701278339671806e7	248545.35922459248
0.0064	35557.6337596169	3.701276813337365e7	272211.7809571467
0.00704	35558.68810632844	3.7012754600542165e7	295878.1473298767
0.00768	35559.71166938944	3.701274222242725e7	319544.4733520098
0.008320000000000001	35560.71834286383	3.70127305665969e7	343210.7714803375
0.008960000000000001	35561.711528699634	3.7012719432727374e7	366877.04471063975
0.009600000000000001	35562.69724360499	3.701270860923907e7	390543.2979987615
0.01024	35563.67815901165	3.7012698001503296e7	414209.5336300571
0.01088	35564.65547498339	3.701268754609698e7	437875.7525249507
0.01152	35565.63114064406	3.701267717466199e7	461541.95612200996
0.01216	35566.60633223603	3.701266685913266e7	485208.1454062892
0.0128	35567.58189728836	3.701265656678375e7	508874.32090383506
0.01344	35568.55437593068	3.701264637791626e7	532540.4803243128
0.01408	35569.52774590901	3.701263621713908e7	556206.6267325649
0.01472	35570.50266846478	3.701262603977384e7	579872.7601746558
0.01536	35571.47919464675	3.701261584526857e7	603538.8806575423
0.016	35572.4571648906	3.7012605635420695e7	627204.9880169835
0.016640000000000002	35573.43656780065	3.701259541014596e7	650871.0822081413
0.017280000000000004	35574.417369052935	3.7012585170067176e7	674537.1631756766
0.017920000000000005	35575.399508471346	3.701257491526384e7	698203.2308308077
0.018560000000000007	35576.383020279245	3.701256464616548e7	721869.2851842545
0.01920000000000001	35577.367956334594	3.701255436171489e7	745535.3262364992
0.01984000000000001	35578.354213331724	3.701254406317934e7	769201.3538792176
0.020480000000000012	35579.34188375882	3.701253374960914e7	792867.3681539751
0.021120000000000014	35580.33088089164	3.701252342170239e7	816533.3689590422
0.021760000000000015	35581.3213044029	3.701251307850136e7	840199.3563410093
0.022400000000000017	35582.31312008645	3.701250272048014e7	863865.3302449522
0.02304000000000002	35583.306214940014	3.701249234844029e7	887531.2905478128
0.02368000000000002	35584.300805750485	3.701248196052714e7	911197.2373879537
0.024320000000000022	35585.29677687239	3.701247155793858e7	934863.1706483259
0.024960000000000024	35586.294083682405	3.701246114086704e7	958529.0902593959
0.025600000000000026	35587.29284147814	3.701245070866004e7	982194.9962864341
0.026240000000000027	35588.292987466724	3.70124402612163e7	1.0058608886337923e6
0.02688000000000003	35589.29451141171	3.701242979928386e7	1.0295267672796962e6
0.02752000000000003	35590.29742007019	3.7012419322323784e7	1.0531926321854214e6
0.028160000000000032	35591.30178824399	3.701240882962108e7	1.0768584833720177e6
0.028800000000000034	35592.30754778957	3.701239832230274e7	1.1005243207727333e6
0.029440000000000036	35593.314753191626	3.701238779914623e7	1.1241901443737238e6
0.030080000000000037	35594.323310001826	3.701237726183187e7	1.147855954100741e6
0.03072000000000004	35595.33333570663	3.701236670872472e7	1.1715217499876586e6
0.03136000000000004	35596.34475368864	3.701235614054884e7	1.195187531949826e6
0.03200000000000004	35597.357634091226	3.7012345556705825e7	1.2188533000043884e6
0.032640000000000044	35598.37190774369	3.701233495824366e7	1.2425190540857497e6
0.033280000000000046	35599.38763360243	3.701232434377995e7	1.2661847941741548e6
0.03392000000000005	35600.40478866092	3.7012313714421354e7	1.2898505202514036e6
0.03456000000000005	35601.42339554897	3.701230306902545e7	1.31351623226852e6
0.03520000000000005	35602.443446064164	3.701229240846028e7	1.3371819302145666e6
0.03584000000000005	35603.46491152575	3.701228173249599e7	1.3608476140217548e6
0.036480000000000054	35604.48782437331	3.70122710413923e7	1.3845132836985332e6
0.037120000000000056	35605.51221321438	3.701226033432972e7	1.4081789392101811e6
0.03776000000000006	35606.5380144003	3.7012249612032264e7	1.431844580489317e6
0.03840000000000006	35607.56531493526	3.7012238873613715e7	1.4555102075536104e6
0.03904000000000006	35608.594089460224	3.7012228119569756e7	1.4791758203642133e6
0.03968000000000006	35609.624301761316	3.701221734980624e7	1.5028414188497814e6
0.040320000000000064	35610.655950624496	3.701220656510298e7	1.5265070030076497e6
0.040960000000000066	35611.689097893635	3.701219576377253e7	1.5501725727965692e6
0.04160000000000007	35612.72370969256	3.70121849471123e7	1.5738381282032435e6
0.04224000000000007	35613.75980470266	3.70121741144895e7	1.5975036691865912e6
0.04288000000000007	35614.79736997624	3.701216326587489e7	1.6211691956994697e6
0.04352000000000007	35615.83642907148	3.701215240134519e7	1.6448347077342237e6
0.044160000000000074	35616.87695868591	3.7012141521400735e7	1.6685002052572495e6
0.044800000000000076	35617.91900676035	3.701213062472231e7	1.6921656882228197e6
0.04544000000000008	35618.96252747882	3.701211971271968e7	1.7158311566162151e6
0.04608000000000008	35620.007519094695	3.701210878441602e7	1.7394966103585078e6
0.04672000000000008	35621.054017601826	3.701209784009983e7	1.7631620494633664e6
0.04736000000000008	35622.10205773605	3.701208687939673e7	1.7868274739125138e6
0.048000000000000084	35623.15157968226	3.7012075902249604e7	1.8104928836118416e6
0.048640000000000086	35624.20258085564	3.701206490970975e7	1.8341582785756083e6
0.04928000000000009	35625.255077969545	3.7012053901317455e7	1.8578236587646548e6
0.04992000000000009	35626.30914568961	3.701204287575459e7	1.881489024150809e6
0.05056000000000009	35627.36471719515	3.7012031834189e7	1.905154374693693e6
0.05120000000000009	35628.42177793212	3.701202077667649e7	1.9288197103487418e6
0.051840000000000094	35629.48038029568	3.701200970238461e7	1.952485031089003e6
0.052480000000000096	35630.540498858136	3.701199861205481e7	1.976150336894118e6
0.0531200000000001	35631.60219538911	3.701198750466751e7	1.9998156277347119e6
0.0537600000000001	35632.66540138897	3.701197638101451e7	2.023480903552754e6
0.0544000000000001	35633.73011513826	3.701196524108884e7	2.0471461643121112e6
0.0550400000000001	35634.79640957993	3.701195408472885e7	2.0708114100386766e6
0.055680000000000104	35635.86417954138	3.7011942911850184e7	2.0944766405938468e6
0.056320000000000106	35636.93356926999	3.701193172197462e7	2.118141856052263e6
0.05696000000000011	35638.00448177894	3.7011920515749045e7	2.1418070563235665e6
0.05760000000000011	35639.076958520265	3.701190929255317e7	2.165472241376776e6
0.05824000000000011	35640.15097135983	3.701189805281299e7	2.189137411174621e6
0.05888000000000011	35641.22656463358	3.701188679619242e7	2.212802565704322e6
0.059520000000000114	35642.30367997833	3.701187552347585e7	2.236467704922233e6
0.060160000000000116	35643.38241916271	3.7011864232831836e7	2.2601328287799936e6
0.06080000000000012	35644.46266386655	3.701185292633574e7	2.283797937255121e6
0.06144000000000012	35645.54458455983	3.701184160165337e7	2.3074630303308717e6
0.06208000000000012	35646.62798530146	3.701183026138773e7	2.3311281079469286e6
0.06272000000000012	35647.71306337591	3.7011818902779296e7	2.354793170082363e6
0.06336000000000012	35648.79961051942	3.701180752856498e7	2.3784582166770785e6
0.06400000000000013	35649.887843859375	3.701179613629163e7	2.4021232477445216e6
0.06464000000000013	35650.97762294919	3.7011784727465056e7	2.425788263212748e6
0.06528000000000013	35652.06898735051	3.701177330135573e7	2.449453263036363e6
0.06592000000000013	35653.161977038304	3.7011761857982896e7	2.4731182472177492e6
0.06656000000000013	35654.256551730636	3.701175039743184e7	2.496783215688716e6
0.06720000000000013	35655.35271974892	3.701173891954937e7	2.5204481684107045e6
0.06784000000000014	35656.45051589314	3.701172742457955e7	2.544113105396377e6
0.06848000000000014	35657.54993984339	3.701171591170351e7	2.5677780265534245e6
0.06912000000000014	35658.65099338971	3.701170438174658e7	2.5914429319030554e6
0.06976000000000014	35659.75358979344	3.7011692835067905e7	2.615107821353712e6
0.07040000000000014	35660.85785095196	3.701168127035185e7	2.63877269489102e6
0.07104000000000014	35661.96375279651	3.701166968806503e7	2.662437552487943e6
0.07168000000000015	35663.07125948497	3.701165808837271e7	2.6861023940861663e6
0.07232000000000015	35664.180433323854	3.701164647091754e7	2.709767219681148e6
0.07296000000000015	35665.29121712028	3.7011634836284906e7	2.7334320292252717e6
0.07360000000000015	35666.40362918579	3.701162318407015e7	2.7570968226696462e6
0.07424000000000015	35667.51775796668	3.70116115132974e7	2.78076159998682e6
0.07488000000000015	35668.6334816861	3.701159982548197e7	2.8044263611386735e6
0.07552000000000016	35669.75086965748	3.701158811972881e7	2.8280911060859067e6
0.07616000000000016	35670.86990747106	3.701157639600739e7	2.8517558347752467e6
0.07680000000000016	35671.99061299351	3.7011564654753655e7	2.8754205472190026e6
0.07744000000000016	35673.11294433638	3.701155289557565e7	2.899085243311311e6
0.07808000000000016	35674.23698114351	3.701154111854806e7	2.922749923093894e6
0.07872000000000016	35675.36265584432	3.701152932338157e7	2.94641458644418e6
0.07936000000000017	35676.49009419861	3.701151750981138e7	2.97007923341896e6
0.08000000000000017	35677.61910359886	3.7011505678853065e7	2.9937438638835624e6
0.08064000000000017	35678.749867259365	3.7011493829293534e7	3.0174084778722003e6
0.08128000000000017	35679.88226077372	3.701148196223462e7	3.041073075321054e6
0.08192000000000017	35681.01638279046	3.701147007626753e7	3.0647376561685554e6
0.08256000000000017	35682.15219058056	3.701145817218093e7	3.08840222040099e6
0.08320000000000018	35683.28968667115	3.701144625018178e7	3.1120667679998707e6
0.08384000000000018	35684.42885595908	3.70114343102358e7	3.1357312989108516e6
0.08448000000000018	35685.56977463409	3.7011422351007484e7	3.1593958130531916e6
0.08512000000000018	35686.71241901484	3.7011410373565644e7	3.183060310455823e6
0.08576000000000018	35687.85672387968	3.701139837823653e7	3.2067247910488117e6
0.08640000000000018	35689.00281251435	3.701138636351043e7	3.230389254776821e6
0.08704000000000019	35690.150556696164	3.7011374331259504e7	3.2540537016450753e6
0.08768000000000019	35691.30001594232	3.701136228016251e7	3.2777181315552006e6
0.08832000000000019	35692.45131807616	3.701135020972361e7	3.3013825445404593e6
0.08896000000000019	35693.60415558025	3.701133812252508e7	3.3250469405097384e6
0.0896000000000002	35694.75890664421	3.701132601462236e7	3.348711319418779e6
0.0902400000000002	35695.91533020974	3.7011313888735704e7	3.3723756812503287e6
0.0908800000000002	35697.07345414026	3.701130174449611e7	3.3960400259584417e6
0.0915200000000002	35698.23338614189	3.7011289580954105e7	3.419704353515569e6
0.0921600000000002	35699.395025675505	3.701127739882857e7	3.443368663856158e6
0.0928000000000002	35700.5584595076	3.7011265197477624e7	3.4670329569603964e6
0.0934400000000002	35701.72362993659	3.701125297754954e7	3.4906972327961917e6
0.0940800000000002	35702.890607982925	3.701124073797918e7	3.5143614912886727e6
0.0947200000000002	35704.05935258208	3.701122847946163e7	3.538025732425319e6
0.09536000000000021	35705.22982861699	3.7011216202245854e7	3.5616899561583325e6
0.09600000000000021	35706.40208452835	3.701120390569885e7	3.585354162431511e6
0.09664000000000021	35707.57609813996	3.701119159059883e7	3.609018351259494e6
0.09728000000000021	35708.75193440897	3.701117925553373e7	3.632682522524559e6
0.09792000000000022	35709.92955518519	3.701116690148419e7	3.6563466762464815e6
0.09856000000000022	35711.10892978722	3.701115452829808e7	3.6800108123427345e6
0.09920000000000022	35712.290129444526	3.701114213532568e7	3.7036749307729187e6
0.09984000000000022	35713.473159426714	3.701112972287718e7	3.7273390315312557e6
0.10048000000000022	35714.65790679103	3.701111729185263e7	3.751003114565677e6
0.10112000000000022	35715.84455613301	3.701110484061807e7	3.774667179837924e6
0.10176000000000023	35717.0329487946	3.7011092370403e7	3.798331227288143e6
0.10240000000000023	35718.22317390927	3.701107988044745e7	3.821995256878728e6
0.10304000000000023	35719.415265168056	3.7011067370025784e7	3.8456592685237103e6
0.10368000000000023	35720.60917078104	3.701105484050903e7	3.869323262275939e6
0.10432000000000023	35721.80487936157	3.701104229130159e7	3.892987238022937e6
0.10496000000000023	35723.00243889958	3.701102972213985e7	3.9166511957387202e6
0.10560000000000024	35724.20181214247	3.70110171335866e7	3.940315135407534e6
0.10624000000000024	35725.40305772247	3.701100452473655e7	3.9639790569448904e6
0.10688000000000024	35726.606085386	3.701099189686102e7	3.987642960363494e6
0.10752000000000024	35727.81099106547	3.701097924814958e7	4.011306845514358e6
0.10816000000000024	35729.01785940583	3.701096657889846e7	4.034970712461399e6
0.10880000000000024	35730.22645318272	3.7010953890765935e7	4.0586345611304194e6
0.10944000000000025	35731.43691132311	3.701094118270686e7	4.0822983914911957e6
0.11008000000000025	35732.64931269197	3.7010928453536764e7	4.105962203441687e6
0.11072000000000025	35733.86355671981	3.701091570433499e7	4.129625996967699e6
0.11136000000000025	35735.07966756444	3.701090293495617e7	4.153289772032513e6
0.11200000000000025	35736.29766489728	3.7010890145766795e7	4.176953528652319e6
0.11264000000000025	35737.51753202457	3.701087733589651e7	4.200617266672609e6
0.11328000000000026	35738.739308211254	3.70108645057368e7	4.224280986129251e6
0.11392000000000026	35739.96299946873	3.701085165473082e7	4.247944686921514e6
0.11456000000000026	35741.18855530755	3.7010838783645734e7	4.271608369048877e6
0.11520000000000026	35742.41602283151	3.701082589200782e7	4.295272032456311e6
0.11584000000000026	35743.6453778313	3.701081297978835e7	4.318935677075956e6
0.11648000000000026	35744.87666096925	3.7010800046893395e7	4.342599302889652e6
0.11712000000000027	35746.10990195942	3.7010787092912436e7	4.366262909832156e6
0.11776000000000027	35747.34504607913	3.701077411857542e7	4.389926497896904e6
0.11840000000000027	35748.582046685355	3.701076112385287e7	4.413590066996548e6
0.11904000000000027	35749.82102984703	3.701074810803235e7	4.437253617114635e6
0.11968000000000027	35751.061921533816	3.7010735071299516e7	4.460917148163901e6
0.12032000000000027	35752.30476818661	3.7010722013642676e7	4.484580660139975e6
0.12096000000000028	35753.549567018235	3.7010708934406556e7	4.508244152917218e6
0.12160000000000028	35754.796312184284	3.701069583524564e7	4.531907626646503e6
0.12224000000000028	35756.044974921664	3.701068271461013e7	4.55557108107114e6
0.12288000000000028	35757.295672038024	3.701066957215602e7	4.5792345162064005e6
0.12352000000000028	35758.54822478716	3.701065640971347e7	4.60289793207588e6
0.12416000000000028	35759.80282963491	3.701064322493661e7	4.626561328518448e6
0.12480000000000029	35761.05939505249	3.7010630018857405e7	4.650224705535965e6
0.12544000000000027	35762.317887473444	3.701061679232671e7	4.673888063161141e6
0.12608000000000028	35763.57840105133	3.7010603543472014e7	4.697551401197208e6
0.12672000000000028	35764.84086685629	3.70105902739785e7	4.721214719750774e6
0.12736000000000028	35766.10534415834	3.701057698255762e7	4.744878018666076e6
0.12800000000000028	35767.37183019212	3.7010563669679955e7	4.768541297954972e6
0.12864000000000028	35768.64029075085	3.701055033542753e7	4.792204557553156e6
0.12928000000000028	35769.91074632583	3.701053697906648e7	4.815867797338767e6
0.12992000000000029	35771.18324982878	3.701052360136952e7	4.83953101741195e6
0.1305600000000003	35772.45767958444	3.70105102025592e7	4.863194217651078e6
0.1312000000000003	35773.73418600654	3.701049678082519e7	4.886857397905079e6
0.1318400000000003	35775.01278126523	3.701048333730211e7	4.910520558286104e6
0.1324800000000003	35776.29330548058	3.701046987246318e7	4.934183698672304e6
0.1331200000000003	35777.57593448883	3.701045638513503e7	4.957846819015276e6
0.1337600000000003	35778.86054581399	3.701044287599354e7	4.981509919252113e6
0.1344000000000003	35780.14723388722	3.7010429344710514e7	5.005172999374757e6
0.1350400000000003	35781.43593255981	3.701041579167652e7	5.028836059332236e6
0.1356800000000003	35782.72669418902	3.7010402215987146e7	5.052499099001469e6
0.1363200000000003	35784.01953590049	3.701038861828825e7	5.076162118437831e6
0.1369600000000003	35785.31441621684	3.701037499833135e7	5.099825117525245e6
0.1376000000000003	35786.61137958776	3.701036135584689e7	5.1234880962183e6
0.1382400000000003	35787.910421333865	3.7010347690528065e7	5.1471510544233e6
0.1388800000000003	35789.21150970072	3.7010334003724605e7	5.170813992252518e6
0.1395200000000003	35790.514617461005	3.701032029459587e7	5.19447690952006e6
0.1401600000000003	35791.81995584664	3.701030656173107e7	5.2181398061630735e6
0.1408000000000003	35793.1273174104	3.70102928066216e7	5.241802682163453e6
0.14144000000000032	35794.43674488948	3.701027902923378e7	5.265465537506531e6
0.14208000000000032	35795.748326654655	3.7010265228923246e7	5.2891283721298305e6
0.14272000000000032	35797.061938400475	3.7010251406251416e7	5.312791185958766e6
0.14336000000000032	35798.37776988879	3.701023755952944e7	5.33645397886695e6
0.14400000000000032	35799.695607164205	3.701022369131702e7	5.360116750989395e6
0.14464000000000032	35801.015657124495	3.70102097989513e7	5.383779502072806e6
0.14528000000000033	35802.33779178007	3.701019588431155e7	5.407442232230184e6
0.14592000000000033	35803.66206568914	3.701018194636783e7	5.43110494131107e6
0.14656000000000033	35804.98848990519	3.701016798528163e7	5.454767629299712e6
0.14720000000000033	35806.31701044864	3.7010154001112394e7	5.478430296110267e6
0.14784000000000033	35807.6477243003	3.701013999363472e7	5.50209294174371e6
0.14848000000000033	35808.98059001697	3.7010125962245554e7	5.525755566026243e6
0.14912000000000034	35810.31566479102	3.701011190793727e7	5.549418169104476e6
0.14976000000000034	35811.65278470839	3.701009783088707e7	5.573080750817331e6
0.15040000000000034	35812.99210148745	3.701008372981317e7	5.5967433110533375e6
0.15104000000000034	35814.33360356259	3.701006960561836e7	5.62040584988869e6
0.15168000000000034	35815.67735027462	3.701005545655587e7	5.644068367060193e6
0.15232000000000034	35817.023211913285	3.7010041285183325e7	5.667730862795412e6
0.15296000000000035	35818.37130450595	3.701002708933885e7	5.691393336815052e6
0.15360000000000035	35819.72158201584	3.7010012869924635e7	5.7150557891674545e6
0.15424000000000035	35821.07403725501	3.700999862671975e7	5.738718219763016e6
0.15488000000000035	35822.42869869603	3.700998435974047e7	5.762380628578459e6
0.15552000000000035	35823.78559759498	3.7009970068955086e7	5.786043015585365e6
0.15616000000000035	35825.14470586803	3.700995575344005e7	5.809705380565812e6
0.15680000000000036	35826.50601641383	3.7009941414261565e7	5.833367723629267e6
0.15744000000000036	35827.86954090767	3.700992705138976e7	5.857030044731204e6
0.15808000000000036	35829.23538294201	3.700991266334721e7	5.880692343675546e6
0.15872000000000036	35830.603374440194	3.700989825199974e7	5.904354620564261e6
0.15936000000000036	35831.97362843312	3.700988381591824e7	5.928016875215749e6
0.16000000000000036	35833.34616493221	3.700986935559397e7	5.951679107673592e6
0.16064000000000037	35834.720971064904	3.7009854870203316e7	5.9753413177437475e6
0.16128000000000037	35836.09799156145	3.700984036101437e7	5.999003505531894e6
0.16192000000000037	35837.47729203028	3.700982582703918e7	6.022665670883102e6
0.16256000000000037	35838.85882315334	3.700981126900541e7	6.046327813822394e6
0.16320000000000037	35840.24272989879	3.700979668486809e7	6.069989934086865e6
0.16384000000000037	35841.62884466956	3.7009782077033564e7	6.093652031875952e6
0.16448000000000038	35843.01726386093	3.7009767444306664e7	6.117314107023875e6
0.16512000000000038	35844.40797844766	3.700975278672531e7	6.1409761594771445e6
0.16576000000000038	35845.80102934994	3.70097381038231e7	6.164638189140456e6
0.16640000000000038	35847.19631595995	3.700972339664238e7	6.18830019605029e6
0.16704000000000038	35848.593971532995	3.7009708663228005e7	6.211962179940148e6
0.16768000000000038	35849.99394241172	3.70096939052414e7	6.23562414098904e6
0.16832000000000039	35851.39619047331	3.70096791225107e7	6.259286079084708e6
0.1689600000000004	35852.80080259058	3.700966431417429e7	6.282947994101887e6
0.1696000000000004	35854.2077693942	3.700964948008868e7	6.306609885954759e6
0.1702400000000004	35855.6170267748	3.7009634621118344e7	6.330271754683337e6
0.1708800000000004	35857.028658703544	3.700961973677197e7	6.353933600221113e6
0.1715200000000004	35858.44261950265	3.700960482687415e7	6.377595422446874e6
0.1721600000000004	35859.859000337696	3.700958989057934e7	6.401257221236994e6
0.1728000000000004	35861.27769537209	3.700957492952939e7	6.424918996732305e6
0.1734400000000004	35862.698752704935	3.7009559942649044e7	6.448580748734101e6
0.1740800000000004	35864.12218950678	3.70095449302681e7	6.472242477259844e6
0.1747200000000004	35865.54805088732	3.700952989070662e7	6.495904181999712e6
0.1753600000000004	35866.976265681755	3.700951482610896e7	6.519565863214214e6
0.1760000000000004	35868.40688840713	3.700949973589512e7	6.543227520793604e6
0.1766400000000004	35869.83983696013	3.7009484619952306e7	6.566889154596549e6
0.1772800000000004	35871.275341350345	3.700946947612527e7	6.590550764376339e6
0.1779200000000004	35872.71316410981	3.700945430733112e7	6.61421235039832e6
0.1785600000000004	35874.15342541606	3.700943911224455e7	6.637873912472175e6
0.17920000000000041	35875.59606448797	3.700942389096815e7	6.6615354505112395e6
0.17984000000000042	35877.04115603018	3.700940864288208e7	6.685196964410459e6
0.18048000000000042	35878.48873237831	3.700939336794852e7	6.708858454133322e6
0.18112000000000042	35879.938676881124	3.700937806791223e7	6.732519919844003e6
0.18176000000000042	35881.391145725116	3.700936274020348e7	6.756181361150477e6
0.18240000000000042	35882.846027528096	3.700934738589411e7	6.779842778099208e6
0.18304000000000042	35884.30336286592	3.700933200512207e7	6.803504170692886e6
0.18368000000000043	35885.76319224074	3.700931659744448e7	6.827165538827708e6
0.18432000000000043	35887.22553252502	3.700930116232482e7	6.8508268823620975e6
0.18496000000000043	35888.69026426839	3.700928570088588e7	6.874488201348857e6
0.18560000000000043	35890.157526319636	3.700927021247972e7	6.898149495725687e6
0.18624000000000043	35891.6272676683	3.700925469675319e7	6.921810765328668e6
0.18688000000000043	35893.09954325326	3.7009239153491296e7	6.945472010105079e6
0.18752000000000044	35894.574317952836	3.7009223583777e7	6.96913323017173e6
0.18816000000000044	35896.05160205266	3.700920798623478e7	6.992794425222562e6
0.18880000000000044	35897.531385355054	3.700919236142552e7	7.016455595296955e6
0.18944000000000044	35899.013704491415	3.700917670885814e7	7.040116740274415e6
0.19008000000000044	35900.498546441355	3.7009161029276416e7	7.063777860227612e6
0.19072000000000044	35901.98589956446	3.700914532251942e7	7.08743895505972e6
0.19136000000000045	35903.47588582586	3.700912958699318e7	7.111100024507346e6
0.19200000000000045	35904.968377291385	3.700911382362881e7	7.1347610685856e6
0.19264000000000045	35906.46340988991	3.7009098033459425e7	7.158422087464249e6
0.19328000000000045	35907.961044224074	3.700908221471485e7	7.182083080793699e6
0.19392000000000045	35909.46121532636	3.7009066368318096e7	7.205744048640712e6
0.19456000000000045	35910.963954036066	3.70090504946066e7	7.229404991037816e6
0.19520000000000046	35912.46927811714	3.7009034591611974e7	7.253065907557703e6
0.19584000000000046	35913.977259235406	3.700901866067388e7	7.276726798459176e6
0.19648000000000046	35915.4877508091	3.700900270205113e7	7.300387663616554e6
0.19712000000000046	35917.00084147728	3.7008986714907944e7	7.324048502878277e6
0.19776000000000046	35918.51663093262	3.700897069898281e7	7.347709316212857e6
0.19840000000000046	35920.034994262605	3.700895465454492e7	7.37137010351313e6
0.19904000000000047	35921.555976087366	3.7008938581992015e7	7.395030864834315e6
0.19968000000000047	35923.079556669174	3.700892248098056e7	7.4186916000330085e6
0.20032000000000047	35924.60588082967	3.700890634992389e7	7.442352308847552e6
0.20096000000000047	35926.134789442796	3.700889019076346e7	7.466012991477999e6
0.20160000000000047	35927.66629967957	3.700887400351305e7	7.489673647881914e6
0.20224000000000047	35929.200557724726	3.7008857786124445e7	7.513334277702756e6
0.20288000000000048	35930.73742235288	3.7008841540907994e7	7.536994881233538e6
0.20352000000000048	35932.27697574657	3.7008825266243786e7	7.560655458151596e6
0.20416000000000048	35933.819146117865	3.700880896268049e7	7.584316008450113e6
0.20480000000000048	35935.36411558014	3.700879262883127e7	7.607976531929371e6
0.20544000000000048	35936.91165811061	3.700877626708423e7	7.6316370288368715e6
0.20608000000000049	35938.46199446651	3.700875987493408e7	7.655297498773079e6
0.2067200000000005	35940.015022275315	3.700874345315843e7	7.6789579417538e6
0.2073600000000005	35941.57082728086	3.700872700116519e7	7.702618357662167e6
0.2080000000000005	35943.12929026797	3.700871052042893e7	7.726278746647129e6
0.2086400000000005	35944.69043564633	3.700869401038677e7	7.749939108550267e6
0.2092800000000005	35946.25431670456	3.700867747067066e7	7.773599443275279e6
0.2099200000000005	35947.82098729551	3.7008660900487676e7	7.797259750636034e6
0.2105600000000005	35949.390489836995	3.700864429936342e7	7.8209200305022765e6
0.2112000000000005	35950.96265067768	3.700862766920281e7	7.844580283074507e6
0.2118400000000005	35952.53755780476	3.7008611009411216e7	7.86824050823525e6
0.2124800000000005	35954.115301943944	3.7008594318536736e7	7.891900705685291e6
0.2131200000000005	35955.695808875054	3.700857759743411e7	7.915560875483263e6
0.2137600000000005	35957.27909160004	3.700856084668069e7	7.939221017699463e6
0.2144000000000005	35958.86518552588	3.700854406443266e7	7.96288113190413e6
0.2150400000000005	35960.454044461025	3.700852725275325e7	7.986541218438818e6
0.2156800000000005	35962.04576712867	3.700851040962868e7	8.010201276884807e6
0.2163200000000005	35963.64028944472	3.700849353546035e7	8.033861307212834e6
0.2169600000000005	35965.237616076345	3.700847663142645e7	8.057521309617195e6
0.21760000000000052	35966.83777261405	3.7008459696106374e7	8.08118128374606e6
0.21824000000000052	35968.4407932996	3.700844272968437e7	8.104841229600905e6
0.21888000000000052	35970.046601615424	3.700842573301995e7	8.128501147244879e6
0.21952000000000052	35971.65534332884	3.700840870414637e7	8.152161036296591e6
0.22016000000000052	35973.266899523485	3.700839164447027e7	8.175820896905517e6
0.22080000000000052	35974.88134608328	3.700837455362651e7	8.19948072898562e6
0.22144000000000053	35976.498686557956	3.7008357431100085e7	8.223140532360229e6
0.22208000000000053	35978.11889682139	3.700834027719184e7	8.246800307010999e6
0.22272000000000053	35979.74198709719	3.700832309182021e7	8.270460052861948e6
0.22336000000000053	35981.368023301206	3.700830587473946e7	8.294119769843442e6
0.22400000000000053	35982.99694418287	3.7008288625681676e7	8.317779457781401e6
0.22464000000000053	35984.62877128059	3.70082713454391e7	8.341439116803559e6
0.22528000000000054	35986.263538739535	3.700825403249846e7	8.365098746530005e6
0.22592000000000054	35987.90117859067	3.700823668772291e7	8.388758347034702e6
0.22656000000000054	35989.54181995971	3.700821931143847e7	8.41241791842475e6
0.22720000000000054	35991.18542476746	3.7008201902192876e7	8.4360774602745e6
0.22784000000000054	35992.83198143305	3.700818446134436e7	8.459736972815502e6
0.22848000000000054	35994.48147520463	3.700816698738227e7	8.483396455624871e6
0.22912000000000055	35996.13391819915	3.700814948169e7	8.507055908959694e6
0.22976000000000055	35997.78933822147	3.700813194321574e7	8.530715332533142e6
0.23040000000000055	35999.447783228825	3.7008114372586146e7	8.554374726457842e6
0.23104000000000055	36001.10923647881	3.700809676806218e7	8.57803409025159e6
0.23168000000000055	36002.77372192339	3.700807913142811e7	8.601693424275313e6
0.23232000000000055	36004.44114772445	3.700806146203376e7	8.62535272823999e6
0.23296000000000056	36006.11162721843	3.700804375923138e7	8.649012002013104e6
0.23360000000000056	36007.78508215216	3.700802602407915e7	8.67267124571187e6
0.23424000000000056	36009.461704636575	3.700800825437018e7	8.696330458898636e6
0.23488000000000056	36011.141304518096	3.700799045260491e7	8.719989641942775e6
0.23552000000000056	36012.823920337054	3.70079726169371e7	8.743648794371666e6
0.23616000000000056	36014.50960461673	3.700795474832457e7	8.767307916380743e6
0.23680000000000057	36016.19839516034	3.700793684550381e7	8.790967007630508e6
0.23744000000000057	36017.89030462836	3.700791890896596e7	8.814626068175595e6
0.23808000000000057	36019.58520332827	3.700790093965388e7	8.838285098070936e6
0.23872000000000057	36021.283242407866	3.7007882935713485e7	8.861944096920324e6
0.23936000000000057	36022.984456022044	3.700786489726575e7	8.885603064706178e6
0.24000000000000057	36024.688640552944	3.700784682645498e7	8.909262001716036e6
0.24064000000000058	36026.39606224748	3.700782872049222e7	8.932920907413099e6
0.24128000000000058	36028.10660662351	3.700781057996589e7	8.95657978177877e6
0.24192000000000058	36029.82022534891	3.700779240565603e7	8.98023862489276e6
0.24256000000000058	36031.53699019515	3.700777419715371e7	9.00389743663948e6
0.24320000000000058	36033.25700038704	3.700775595288151e7	9.027556216638695e6
0.24384000000000058	36034.980132151024	3.700773767493484e7	9.051214965232862e6
0.24448000000000059	36036.70641690879	3.700771936276851e7	9.07487368224177e6
0.2451200000000006	36038.43589904887	3.700770101534807e7	9.098532367373614e6
0.2457600000000006	36040.16857239268	3.70076826324406e7	9.122191020492665e6
0.2464000000000006	36041.904445183936	3.700766421525753e7	9.145849641829368e6
0.2470400000000006	36043.64351170811	3.700764576281803e7	9.169508231065163e6
0.2476800000000006	36045.38584942678	3.700762727474983e7	9.1931667880923e6
0.2483200000000006	36047.13136928109	3.700760875209742e7	9.216825313028514e6
0.2489600000000006	36048.8800835254	3.70075901938272e7	9.240483805553172e6
0.2496000000000006	36050.63212937435	3.700757159907826e7	9.264142265479838e6
0.2502400000000006	36052.38742514649	3.7007552969255604e7	9.287800693022422e6
0.25088000000000055	36054.14593048276	3.700753430444233e7	9.311459088097954e6
0.2515200000000005	36055.90777998698	3.70075156026541e7	9.335117450234743e6
0.2521600000000005	36057.67284365389	3.700749686528403e7	9.35877577960944e6
0.25280000000000047	36059.44113095412	3.700747809337248e7	9.382434076417629e6
0.25344000000000044	36061.212900443774	3.700745928266325e7	9.406092339701146e6
0.2540800000000004	36062.9878241566	3.700744043821516e7	9.429750570419516e6
0.2547200000000004	36064.766178584476	3.700742155525911e7	9.45340876749319e6
0.25536000000000036	36066.547794120364	3.700740263796228e7	9.477066931779476e6
0.25600000000000034	36068.33275017469	3.700738368304299e7	9.500725062425148e6
0.2566400000000003	36070.12109520315	3.700736469137055e7	9.52438315961068e6
0.2572800000000003	36071.91273115852	3.700734566292361e7	9.548041223180683e6
0.25792000000000026	36073.707816987495	3.700732659697898e7	9.571699252989657e6
0.25856000000000023	36075.506224094985	3.700730749501249e7	9.595357249245232e6
0.2592000000000002	36077.30804592484	3.7007288355254844e7	9.619015211482484e6
0.2598400000000002	36079.113182405694	3.700726918006668e7	9.642673140161622e6
0.26048000000000016	36080.921815714384	3.700724996608588e7	9.666331034467213e6
0.26112000000000013	36082.73383675314	3.70072307148856e7	9.689988894648232e6
0.2617600000000001	36084.54924229868	3.70072114259099e7	9.713646720478814e6
0.2624000000000001	36086.368168097724	3.700719209901971e7	9.737304511943564e6
0.26304000000000005	36088.190464622014	3.7007172735568404e7	9.760962269208722e6
0.26368	36090.016133337784	3.700715333465509e7	9.784619991961155e6
0.26432	36091.845441363905	3.700713389357206e7	9.80827767960327e6
0.26496	36093.67807166261	3.700711441659315e7	9.831935332950315e6
0.26559999999999995	36095.51430477617	3.700709490021193e7	9.855592951201715e6
0.2662399999999999	36097.35391751955	3.700707534611988e7	9.879250534561474e6
0.2668799999999999	36099.19712776143	3.700705575331453e7	9.902908082842883e6
0.26751999999999987	36101.04382070518	3.700703612165323e7	9.926565595842456e6
0.26815999999999984	36102.894100166544	3.700701645113818e7	9.950223073555475e6
0.2687999999999998	36104.74780825456	3.700699674263802e7	9.97388051601849e6
0.2694399999999998	36106.605009212515	3.70069769960723e7	9.997537923177242e6
0.27007999999999976	36108.465855943956	3.700695720902519e7	1.0021195294411084e7
0.27071999999999974	36110.33037192777	3.700693738243847e7	1.0044852629907373e7
0.2713599999999997	36112.19826391881	3.700691751840824e7	1.0068509929938272e7
0.2719999999999997	36114.06983680689	3.7006897614144586e7	1.0092167193888512e7
0.27263999999999966	36115.944965803246	3.700687767068362e7	1.0115824421865497e7
0.27327999999999963	36117.82375730739	3.7006857687280215e7	1.0139481613660833e7
0.2739199999999996	36119.70611550867	3.700683766410827e7	1.016313876916887e7
0.2745599999999996	36121.5921110867	3.700681760176894e7	1.0186795888522731e7
0.27519999999999956	36123.48166044339	3.700679750014752e7	1.0210452971548071e7
0.27583999999999953	36125.375006037146	3.700677735657354e7	1.0234110017601598e7
0.2764799999999995	36127.27197505737	3.700675717320605e7	1.0257767027067386e7
0.2771199999999995	36129.1725323616	3.7006736950883165e7	1.0281424000068916e7
0.27775999999999945	36131.07686588674	3.700671668708852e7	1.0305080935961304e7
0.2783999999999994	36132.98475157036	3.700669638381254e7	1.0328737835050125e7
0.2790399999999994	36134.89646159002	3.700667603869649e7	1.0352394696790794e7
0.2796799999999994	36136.81179692387	3.700665565329593e7	1.0376051521387342e7
0.28031999999999935	36138.73100380705	3.700663522636834e7	1.0399708308584368e7
0.2809599999999993	36140.65375347535	3.700661476013508e7	1.0423365058682425e7
0.2815999999999993	36142.580292965016	3.7006594252692506e7	1.044702177124065e7
0.28223999999999927	36144.51064836395	3.700657370261222e7	1.0470678445788216e7
0.28287999999999924	36146.444776708304	3.700655311089516e7	1.0494335082488267e7
0.2835199999999992	36148.38258745492	3.700653247955609e7	1.0517991681759974e7
0.2841599999999992	36150.32427899678	3.7006511804331556e7	1.0541648242450701e7
0.28479999999999916	36152.26974249931	3.700649108865491e7	1.0565304765368722e7
0.28543999999999914	36154.21903037808	3.700647033048676e7	1.0588961249884456e7
0.2860799999999991	36156.172062620855	3.700644953159194e7	1.0612617696356734e7
0.2867199999999991	36158.128973923805	3.700642868960736e7	1.0636274104118709e7
0.28735999999999906	36160.08968466971	3.700640780613292e7	1.0659930473483205e7
0.28799999999999903	36162.054340285446	3.700638687907354e7	1.0683586803863425e7
0.288639999999999	36164.02282120853	3.700636591026177e7	1.0707243095612016e7
0.289279999999999	36165.99519659175	3.700634489798932e7	1.0730899348196434e7
0.28991999999999896	36167.97139476567	3.7006323844430394e7	1.0754555562105216e7
0.29055999999999893	36169.951507269674	3.700630274770937e7	1.0778211736771712e7
0.2911999999999989	36171.935516033795	3.700628160754084e7	1.0801867872009616e7
0.2918399999999989	36173.92357698416	3.700626042318557e7	1.0825523967622712e7
0.29247999999999885	36175.91549123359	3.7006239196304e7	1.084918002386331e7
0.2931199999999988	36177.911399135955	3.700621792554776e7	1.087283604034634e7
0.2937599999999988	36179.91118431983	3.7006196612660274e7	1.0896492017409852e7
0.2943999999999988	36181.91491788871	3.7006175255380474e7	1.092014795435003e7
0.29503999999999875	36183.92267960163	3.700615385421358e7	1.094380385127934e7
0.2956799999999987	36185.934476503026	3.700613240848152e7	1.096745970791026e7
0.2963199999999987	36187.95023780063	3.7006110919068426e7	1.0991115524361642e7
0.29695999999999867	36189.970044487716	3.7006089385244146e7	1.101477130038213e7
0.29759999999999864	36191.99382020791	3.700606780833578e7	1.1038427036219992e7
0.2982399999999986	36194.02160660705	3.7006046186271526e7	1.1062082731196221e7
0.2988799999999986	36196.05353629427	3.700602451919344e7	1.108573838535185e7
0.29951999999999857	36198.089539230874	3.700600280631947e7	1.1109393998309195e7
0.30015999999999854	36200.12965063382	3.70059810490054e7	1.1133049570404107e7
0.3007999999999985	36202.17378718603	3.700595924747055e7	1.1156705101551086e7
0.3014399999999985	36204.22203322313	3.7005937400550276e7	1.1180360591365347e7
0.30207999999999846	36206.27437893801	3.70059155086104e7	1.120401603985552e7
0.30271999999999843	36208.330885229945	3.700589357009468e7	1.1227671446498659e7
0.3033599999999984	36210.391552082234	3.700587158588516e7	1.1251326811464906e7
0.3039999999999984	36212.45632678232	3.700584955719385e7	1.1274982134990312e7
0.30463999999999836	36214.525266074794	3.70058274818141e7	1.1298637416348806e7
0.30527999999999833	36216.59838113456	3.700580536158726e7	1.132229265601264e7
0.3059199999999983	36218.67568990372	3.7005783193624936e7	1.1345947853016526e7
0.3065599999999983	36220.757224990884	3.7005760979824655e7	1.136960300786508e7
0.30719999999999825	36222.84297292502	3.7005738719505735e7	1.139325812024374e7
0.3078399999999982	36224.9329763968	3.700571641224456e7	1.1416913189954242e7
0.3084799999999982	36227.02722318853	3.7005694057864174e7	1.1440568216835253e7
0.3091199999999982	36229.12563297504	3.700567165828895e7	1.1464223201327521e7
0.30975999999999815	36231.2283182039	3.700564921082002e7	1.1487878142577898e7
0.3103999999999981	36233.335421255455	3.700562671539396e7	1.1511533040564714e7
0.3110399999999981	36235.44671277433	3.700560417309403e7	1.153518789536633e7
0.31167999999999807	36237.56238812415	3.700558158310443e7	1.1558842706764912e7
0.31231999999999804	36239.682268785415	3.700555894569345e7	1.1582497474621505e7
0.312959999999998	36241.80650875503	3.7005536260606855e7	1.1606152198863223e7
0.313599999999998	36243.93516755387	3.700551352751903e7	1.1629806879328903e7
0.31423999999999797	36246.06816780865	3.700549074545098e7	1.1653461515557198e7
0.31487999999999794	36248.20546442891	3.700546791664084e7	1.167711610811958e7
0.3155199999999979	36250.3471971296	3.7005445039147645e7	1.1700770656401278e7
0.3161599999999979	36252.49341212903	3.700542211109663e7	1.1724425159739181e7
0.31679999999999786	36254.64403246301	3.7005399134919286e7	1.1748079618745329e7
0.31743999999999784	36256.79900787699	3.7005376111227706e7	1.1771734033478858e7
0.3180799999999978	36258.95835567975	3.700535303848279e7	1.179538840336243e7
0.3187199999999978	36261.12228685215	3.700532991528583e7	1.1819042727991406e7
0.31935999999999776	36263.29062525667	3.7005306743405305e7	1.1842697007705009e7
0.31999999999999773	36265.46347310419	3.700528352225469e7	1.1866351242283128e7
0.3206399999999977	36267.64074447796	3.7005260251402006e7	1.1890005431425624e7
0.3212799999999977	36269.82265864276	3.7005236930171624e7	1.1913659574960327e7
0.32191999999999765	36272.00898017692	3.700521355976013e7	1.1937313673007172e7
0.3225599999999976	36274.199980106714	3.7005190137533e7	1.196096772479708e7
0.3231999999999976	36276.39549597115	3.7005166665233366e7	1.198462173067501e7
0.3238399999999976	36278.595429737295	3.700514314543451e7	1.2008275691303194e7
0.32447999999999755	36280.800143586064	3.7005119571484454e7	1.203192960466818e7
0.3251199999999975	36283.009365949474	3.700509594799681e7	1.2055583471973523e7
0.3257599999999975	36285.22314629936	3.70050722747588e7	1.2079237293079495e7
0.32639999999999747	36287.441634934905	3.70050485478735e7	1.2102891066711107e7
0.32703999999999744	36289.664691865306	3.7005024772133954e7	1.2126544794229632e7
0.3276799999999974	36291.8924998045	3.7005000943010524e7	1.2150198474171061e7
0.3283199999999974	36294.12486636313	3.700497706301923e7	1.2173852107120616e7
0.32895999999999737	36296.362003606795	3.700495313095659e7	1.2197505692718282e7
0.32959999999999734	36298.603817370466	3.700492914739229e7	1.2221159230979564e7
0.3302399999999973	36300.850346386156	3.7004905111661926e7	1.224481272160313e7
0.3308799999999973	36303.10158601581	3.7004881023668975e7	1.2268466164444726e7
0.33151999999999726	36305.35752333188	3.700485688330898e7	1.2292119559351688e7
0.33215999999999724	36307.61833762809	3.700483268943737e7	1.2315772905954015e7
0.3327999999999972	36309.88381499429	3.700480844380585e7	1.2339426204579849e7
0.3334399999999972	36312.15415137513	3.70047841448257e7	1.2363079454721717e7
0.33407999999999716	36314.429298398514	3.700475979260441e7	1.2386732656271566e7
0.33471999999999713	36316.7091937573	3.7004735386713505e7	1.2410385808933062e7
0.3353599999999971	36318.99398186047	3.7004710927342474e7	1.2434038912753569e7
0.3359999999999971	36321.28357410186	3.700468641534457e7	1.245769196784887e7
0.33663999999999705	36323.578021627465	3.700466184867323e7	1.2481344973453674e7
0.337279999999997	36325.877417200994	3.700463722765958e7	1.2504997929626841e7
0.337919999999997	36328.18171847263	3.700461255197293e7	1.252865083611475e7
0.338559999999997	36330.49089577715	3.7004587823055334e7	1.2552303693271605e7
0.33919999999999695	36332.80500780906	3.7004563038477704e7	1.2575956500200685e7
0.3398399999999969	36335.12404158522	3.700453820047612e7	1.2599609257536983e7
0.3404799999999969	36337.4480331219	3.70045133069085e7	1.2623261964462897e7
0.34111999999999687	36339.777063849884	3.700448835809718e7	1.2646914621025825e7
0.34175999999999684	36342.110960454185	3.700446335413923e7	1.2670567227029117e7
0.3423999999999968	36344.44998261746	3.700443829443876e7	1.2694219782324282e7
0.3430399999999968	36346.79400404373	3.7004413179199785e7	1.2717872286781471e7
0.34367999999999677	36349.1430945645	3.7004388007125385e7	1.2741524739884557e7
0.34431999999999674	36351.49715454402	3.7004362780975655e7	1.276517714239971e7
0.3449599999999967	36353.856332225216	3.700433749760635e7	1.2788829493226025e7
0.3455999999999967	36356.2206681571	3.7004312156860515e7	1.2812481792216113e7
0.34623999999999666	36358.58998178281	3.7004286761096805e7	1.2836134039948525e7
0.34687999999999664	36360.964558228276	3.70042613069803e7	1.285978623533747e7
0.3475199999999966	36363.34413346985	3.700423579759471e7	1.2883438379160196e7
0.3481599999999966	36365.72885599255	3.7004210230839744e7	1.290709047066653e7
0.34879999999999656	36368.11887012046	3.700418460505267e7	1.2930742509250468e7
0.34943999999999653	36370.514079837456	3.700415892281773e7	1.2954394495629078e7
0.3500799999999965	36372.91443833684	3.700413318327305e7	1.2978046429351863e7
0.3507199999999965	36375.32010850685	3.700410738373749e7	1.3001698309464334e7
0.35135999999999645	36377.73088534187	3.7004081528554164e7	1.3025350137234127e7
0.3519999999999964	36380.146947309855	3.700405561348742e7	1.3049001911169298e7
0.3526399999999964	36382.56832754803	3.7004029640136756e7	1.3072653631730214e7
0.3532799999999964	36384.99494865077	3.700400360881184e7	1.3096305298854105e7
0.35391999999999635	36387.42704429705	3.700397751645291e7	1.3119956911487658e7
0.3545599999999963	36389.86424734265	3.700395136772699e7	1.314360847092095e7
0.3551999999999963	36392.30686139332	3.700392515853065e7	1.3167259975774178e7
0.35583999999999627	36394.75490478354	3.700389889000531e7	1.3190911426338818e7
0.35647999999999624	36397.20830879352	3.7003872560217746e7	1.3214562821757156e7
0.3571199999999962	36399.66707005088	3.70038461723927e7	1.3238214163050737e7
0.3577599999999962	36402.13126966673	3.700381972382703e7	1.3261865449182848e7
0.35839999999999617	36404.60089622637	3.700379321434214e7	1.32855166799551e7
0.35903999999999614	36407.07600332785	3.700376664484758e7	1.3309167855601026e7
0.3596799999999961	36409.556510351016	3.700374001453845e7	1.3332818975653755e7
0.3603199999999961	36412.04265883697	3.700371332209931e7	1.3356470039666684e7
0.36095999999999606	36414.534087932334	3.700368657036847e7	1.338012104830361e7
0.36159999999999604	36417.031264668745	3.700365975519534e7	1.3403772000237854e7
0.362239999999996	36419.533862988654	3.7003632880448885e7	1.3427422896530118e7
0.362879999999996	36422.04214918067	3.70036059415615e7	1.3451073735567775e7
0.36351999999999596	36424.555743594814	3.700357894347132e7	1.3474724518770227e7
0.36415999999999593	36427.0751116774	3.7003551882205784e7	1.3498375244862918e7
0.3647999999999959	36429.60005167925	3.700352475824978e7	1.3522025913762197e7
0.3654399999999959	36432.130674705084	3.700349757088961e7	1.3545676525146687e7
0.36607999999999585	36434.667006760326	3.7003470320558704e7	1.3569327079058904e7
0.3667199999999958	36437.2089829688	3.7003443008112855e7	1.3592977575639725e7
0.3673599999999958	36439.756623975736	3.700341563144708e7	1.3616628013998834e7
0.3679999999999958	36442.309982332765	3.7003388191405825e7	1.3640278394346021e7
0.36863999999999575	36444.86904891902	3.70033606871047e7	1.3663928716216845e7
0.3692799999999957	36447.43387174638	3.700333312050669e7	1.368757898023214e7
0.3699199999999957	36450.00454676091	3.7003305487458125e7	1.3711229184785174e7
0.37055999999999567	36452.5809238493	3.700327779140269e7	1.3734879330918727e7
0.37119999999999564	36455.163184710975	3.700325002999094e7	1.3758529417743022e7
0.3718399999999956	36457.75125969531	3.700322220457234e7	1.3782179445579307e7
0.3724799999999956	36460.34515770962	3.700319431294733e7	1.3805829413479825e7
0.37311999999999557	36462.94482079691	3.700316635755361e7	1.3829479322179498e7
0.37375999999999554	36465.55046182406	3.700313833582495e7	1.3853129170718981e7
0.3743999999999955	36468.16198561965	3.7003110249146014e7	1.3876778959418306e7
0.3750399999999955	36470.77956910571	3.7003082093582876e7	1.3900428686776664e7
0.37567999999999546	36473.40300191725	3.70030538738752e7	1.3924078354299426e7
0.37631999999999544	36476.03227792722	3.700302558854072e7	1.3947727961290572e7
0.3769599999999954	36478.66779261515	3.700299723397518e7	1.3971377506500624e7
0.3775999999999954	36481.309233987195	3.700296881394742e7	1.3995026991013609e7
0.37823999999999536	36483.95665244584	3.700294032699471e7	1.4018676414170532e7
0.37887999999999533	36486.61018778206	3.700291177061557e7	1.404232577497049e7
0.3795199999999953	36489.26973070958	3.700288314912353e7	1.4065975074837698e7
0.3801599999999953	36491.93545907293	3.700285445750972e7	1.4089624311841672e7
0.38079999999999525	36494.607274545124	3.700282569811647e7	1.4113273486666974e7
0.3814399999999952	36497.28511450466	3.700279687201958e7	1.41369225995434e7
0.3820799999999952	36499.96918820868	3.700276797651452e7	1.4160571649427269e7
0.3827199999999952	36502.659507759294	3.700273901058417e7	1.4184220635791544e7
0.38335999999999515	36505.35589085351	3.7002709977372915e7	1.4207869559582038e7
0.3839999999999951	36508.05853436547	3.700268087470302e7	1.4231518419942949e7
0.3846399999999951	36510.767551775134	3.700265170064254e7	1.4255167216055626e7
0.38527999999999507	36513.482786744775	3.7002622458195314e7	1.4278815948831977e7
0.38591999999999504	36516.20419980383	3.700259314559946e7	1.4302464617424577e7
0.386559999999995	36518.93200161735	3.700256376220275e7	1.4326113221563982e7
0.387199999999995	36521.666083610115	3.7002534308152914e7	1.4349761761092661e7
0.38783999999999497	36524.40651709035	3.7002504783638306e7	1.4373410235979598e7
0.38847999999999494	36527.15337212203	3.700247518648771e7	1.4397058645276679e7
0.3891199999999949	36529.9066023042	3.700244551972459e7	1.4420706989980262e7
0.3897599999999949	36532.66635263235	3.700241577950714e7	1.4444355268535543e7
0.39039999999999486	36535.432376254284	3.700238596941642e7	1.4468003482036544e7
0.39103999999999484	36538.20495958131	3.7002356086180724e7	1.4491651629232107e7
0.3916799999999948	36540.984089742	3.700232612920899e7	1.4515299709729858e7
0.3923199999999948	36543.76968274138	3.700229610017186e7	1.4538947723980037e7
0.39295999999999476	36546.56177944975	3.700226599915203e7	1.4562595671889184e7
0.39359999999999473	36549.36049145534	3.700223582350372e7	1.4586243552332887e7
0.3942399999999947	36552.16568730368	3.7002205575637184e7	1.460989136602575e7
0.3948799999999947	36554.97755819351	3.700217525306489e7	1.4633539111950083e7
0.39551999999999465	36557.79600109022	3.700214485802189e7	1.4657186790771361e7
0.3961599999999946	36560.621151338055	3.7002114387513444e7	1.4680834401233152e7
0.3967999999999946	36563.45292142223	3.700208384264922e7	1.4704481943565212e7
0.3974399999999946	36566.29150938807	3.700205322104731e7	1.4728129416784741e7
0.39807999999999455	36569.13658779206	3.700202252856524e7	1.4751776822865974e7
0.3987199999999945	36571.98870986221	3.700199175538501e7	1.4775424158078376e7
0.3993599999999945	36574.84740523063	3.7001960909697175e7	1.4799071425241938e7
0.39999999999999447	36577.71282130866	3.700192998914517e7	1.4822718623350648e7
0.40063999999999445	36580.58535300576	3.700189898827843e7	1.4846365750300845e7
0.4012799999999944	36583.46453591226	3.700186791364289e7	1.4870012808273355e7
0.4019199999999944	36586.350535760364	3.700183676256083e7	1.489365979613667e7
0.40255999999999437	36589.24357507527	3.700180553152927e7	1.4917306712453708e7
0.40319999999999434	36592.14338427411	3.7001774225895174e7	1.494095355905246e7
0.4038399999999943	36595.05017949729	3.700174284249759e7	1.4964600334629025e7
0.4044799999999943	36597.96397548647	3.700171137950395e7	1.4988247038288228e7
0.40511999999999426	36600.884665768426	3.700167984070728e7	1.5011893671337094e7
0.40575999999999424	36603.812515293816	3.700164822042674e7	1.5035540231469229e7
0.4063999999999942	36606.74736182526	3.700161652300048e7	1.5059186720181162e7
0.4070399999999942	36609.68919171271	3.70015847459738e7	1.5082833136304079e7
0.40767999999999416	36612.63832719482	3.700155288828187e7	1.51064794794285e7
0.40831999999999413	36615.59445116459	3.7001520951979816e7	1.5130125750037046e7
0.4089599999999941	36618.55769617285	3.70014889362611e7	1.5153771947713869e7
0.4095999999999941	36621.528071827146	3.700145684056861e7	1.5177418072070291e7
0.41023999999999405	36624.505732354686	3.700142466186214e7	1.5201064121782819e7
0.41087999999999403	36627.49043306413	3.700139240639803e7	1.5224710099104527e7
0.411519999999994	36630.48261959951	3.700136006567788e7	1.524835600063952e7
0.412159999999994	36633.48206432321	3.7001327644158706e7	1.5272001827912921e7
0.41279999999999395	36636.48863290339	3.7001295142088614e7	1.5295647580779197e7
0.4134399999999939	36639.50275297904	3.7001262556528576e7	1.5319293258105738e7
0.4140799999999939	36642.52402128404	3.7001229890519984e7	1.534293886074084e7
0.41471999999999387	36645.552684030765	3.700119714007153e7	1.536658438700515e7
0.41535999999999385	36648.58888741392	3.700116430724915e7	1.5390229837665917e7
0.4159999999999938	36651.63259979831	3.70011313883467e7	1.5413875210990282e7
0.4166399999999938	36654.68359882929	3.700109838884572e7	1.5437520508952662e7
0.41727999999999377	36657.74216764599	3.7001065304642156e7	1.5461165729836779e7
0.41791999999999374	36660.80822913538	3.70010321362028e7	1.5484810873615656e7
0.4185599999999937	36663.8817764781	3.700099888304128e7	1.550845593990564e7
0.4191999999999937	36666.96306743613	3.700096554386353e7	1.5532100928136924e7
0.41983999999999366	36670.051839008855	3.7000932119942926e7	1.5555745838511525e7
0.42047999999999364	36673.148457817915	3.7000898607772134e7	1.5579390669590067e7
0.4211199999999936	36676.25231130241	3.700086501448962e7	1.5603035423839599e7
0.4217599999999936	36679.364050350785	3.7000831334696315e7	1.5626680099189756e7
0.42239999999999356	36682.48367724023	3.700079756399824e7	1.5650324693604592e7
0.42303999999999353	36685.61080041823	3.7000763710011356e7	1.5673969209890375e7
0.4236799999999935	36688.74580569642	3.700072976633605e7	1.5697613645383758e7
0.4243199999999935	36691.888641379366	3.700069573616574e7	1.5721258001222676e7
0.42495999999999345	36695.03937680695	3.700066161617541e7	1.57449022758529e7
0.42559999999999343	36698.19796645265	3.700062740964608e7	1.5768546470457058e7
0.4262399999999934	36701.36439169367	3.7000593112796e7	1.5792190583231302e7
0.4268799999999934	36704.53862166718	3.700055872911107e7	1.5815834615457539e7
0.42751999999999335	36707.7210392604	3.700052425387644e7	1.5839478565157566e7
0.4281599999999933	36710.91111050361	3.700048969337161e7	1.5863122434523173e7
0.4287999999999933	36714.109542290375	3.700045503625372e7	1.5886766218915904e7
0.42943999999999327	36717.31588047503	3.700042029309022e7	1.5910409922413178e7
0.43007999999999325	36720.53048356638	3.70003854553144e7	1.5934053541354561e7
0.4307199999999932	36723.752862485955	3.7000350531688586e7	1.5957697079038212e7
0.4313599999999932	36726.98352727606	3.700031551241711e7	1.5981340531348944e7
0.43199999999999317	36730.22225855905	3.7000280404118404e7	1.600498390082176e7
0.43263999999999314	36733.46929712423	3.70002452021128e7	1.6028627185382245e7
0.4332799999999931	36736.72463442021	3.700020990484746e7	1.6052270384156872e7
0.4339199999999931	36739.988200255226	3.7000174518201016e7	1.607591349945793e7
0.43455999999999306	36743.259914084876	3.700013903774624e7	1.6099556529128572e7
0.43519999999999304	36746.540040329746	3.700010346318568e7	1.612319947299293e7
0.435839999999993	36749.82852985528	3.700006779551829e7	1.6146842331261836e7
0.436479999999993	36753.125434002555	3.7000032031543225e7	1.6170485102372298e7
0.43711999999999296	36756.430673937764	3.699999617396761e7	1.6194127787262205e7
0.43775999999999293	36759.744218834356	3.6999960222058e7	1.6217770385397445e7
0.4383999999999929	36763.06664054737	3.699992417258049e7	1.6241412895484356e7
0.4390399999999929	36766.39731427304	3.699988802906522e7	1.6265055318517946e7
0.43967999999999285	36769.73648760593	3.699985178944976e7	1.628869765353374e7
0.44031999999999283	36773.08450104392	3.6999815450030185e7	1.631233989889057e7
0.4409599999999928	36776.441016213714	3.699977901537374e7	1.6335982056204641e7
0.4415999999999928	36779.80610617361	3.699974248366709e7	1.6359624124516807e7
0.44223999999999275	36783.179942886265	3.699970585397476e7	1.6383266103306472e7
0.4428799999999927	36786.56249246246	3.699966912548803e7	1.640690799199167e7
0.4435199999999927	36789.953753563335	3.6999632298600644e7	1.6430549790539872e7
0.44415999999999267	36793.35392368692	3.699959537164644e7	1.6454191498115154e7
0.44479999999999265	36796.76270733293	3.699955834722311e7	1.6477833115499679e7
0.4454399999999926	36800.18050057311	3.699952122207408e7	1.6501474641258802e7
0.4460799999999926	36803.607072404164	3.699948399707313e7	1.6525116075443653e7
0.44671999999999257	36807.04259889958	3.69994466715867e7	1.6548757417660056e7
0.44735999999999254	36810.48708324476	3.6999409244535625e7	1.6572398667216865e7
0.4479999999999925	36813.940751328424	3.699937171371816e7	1.6596039823040193e7
0.4486399999999925	36817.40302486349	3.699933408590297e7	1.6619680887631018e7
0.44927999999999246	36820.874682562986	3.6999296352772444e7	1.6643321857478507e7
0.44991999999999244	36824.35534836805	3.6999258517344154e7	1.6666962733513232e7
0.4505599999999924	36827.84510139404	3.699922057917475e7	1.6690603515365206e7
0.4511999999999924	36831.34420068343	3.699918253646489e7	1.6714244202150011e7
0.45183999999999236	36834.85268391494	3.69991443880821e7	1.673788479315795e7
0.45247999999999233	36838.37001361285	3.699910613862947e7	1.6761525289956631e7
0.4531199999999923	36841.896614784404	3.6999067785461605e7	1.678516569136877e7
0.4537599999999923	36845.43264882892	3.69990293236846e7	1.6808805995044935e7
0.45439999999999225	36848.97796773112	3.6998990758424714e7	1.68324462030071e7
0.45503999999999223	36852.53291832399	3.6998952084782526e7	1.685608631299832e7
0.4556799999999922	36856.09713603836	3.69989133042662e7	1.6879726325280823e7
0.4563199999999922	36859.67086922796	3.699887441780822e7	1.690336624019214e7
0.45695999999999215	36863.254059720144	3.699883542451105e7	1.692700605706887e7
0.4575999999999921	36866.84682118634	3.699879632339284e7	1.695064577530008e7
0.4582399999999921	36870.449147648076	3.699875711275673e7	1.697428539387958e7
0.45887999999999207	36874.06109810094	3.69987177959876e7	1.69979249141639e7
0.45951999999999205	36877.682706409614	3.69986783662911e7	1.702156433282695e7
0.460159999999992	36881.314124165954	3.6998638829302624e7	1.704520365230839e7
0.460799999999992	36884.95510550538	3.699859918044174e7	1.7068842870140146e7
0.46143999999999197	36888.605784201856	3.6998559424770124e7	1.709248198849677e7
0.46207999999999194	36892.26644639377	3.699851955489019e7	1.7116121003890205e7
0.4627199999999919	36895.936995821205	3.699847957288752e7	1.7139759916995328e7
0.4633599999999919	36899.61741764565	3.6998439478776e7	1.7163398727576353e7
0.46399999999999186	36903.30783409373	3.699839927293889e7	1.7187037435642418e7
0.46463999999999184	36907.0079326416	3.699835895764833e7	1.7210676041848235e7
0.4652799999999918	36910.71828581387	3.69983185251389e7	1.7234314542658117e7
0.4659199999999918	36914.43859557237	3.6998277980079666e7	1.725795293984354e7
0.46655999999999176	36918.169168919536	3.699823731773293e7	1.728159123112264e7
0.46719999999999173	36921.909828623124	3.699819654296676e7	1.7305229418430455e7
0.4678399999999917	36925.66057508744	3.699815565262589e7	1.7328867500055827e7
0.4684799999999917	36929.42167971657	3.699811464558501e7	1.7352505475374557e7
0.46911999999999165	36933.192934986415	3.699807352479002e7	1.7376143345414508e7
0.46975999999999163	36936.9744874459	3.699803228561793e7	1.7399781107843794e7
0.4703999999999916	36940.76638927215	3.699799092801744e7	1.7423418762418848e7
0.4710399999999916	36944.56874326933	3.699794945453579e7	1.7447056310146667e7
0.47167999999999155	36948.3816068064	3.6997907860716954e7	1.747069374871317e7
0.4723199999999915	36952.2046841037	3.6997866149959065e7	1.749433107931606e7
0.4729599999999915	36956.03857018588	3.6997824318538494e7	1.7517968300263684e7
0.47359999999999147	36959.88283767369	3.699778236861788e7	1.7541605412102863e7
0.47423999999999145	36963.73780788428	3.699774029685039e7	1.7565242413167886e7
0.4748799999999914	36967.60341721978	3.699769810442089e7	1.7588879303733528e7
0.4755199999999914	36971.479698343304	3.699765579124533e7	1.7612516083524846e7
0.47615999999999137	36975.36661484059	3.699761335872702e7	1.7636152752938658e7
0.47679999999999134	36979.26453835384	3.699757079858472e7	1.765978930797134e7
0.4774399999999913	36983.173169918606	3.699752811906053e7	1.7683425752135612e7
0.4780799999999913	36987.09254689158	3.699748531559238e7	1.7707062083020154e7
0.47871999999999126	36991.02337176585	3.699744238260467e7	1.773069829806342e7
0.47935999999999124	36994.964539191424	3.6997399334292196e7	1.7754334403223667e7
0.4799999999999912	36998.91687123269	3.6997356156993695e7	1.7777970392129693e7
0.4806399999999912	37002.88051164964	3.6997312852005556e7	1.7801606265210155e7
0.48127999999999116	37006.855000471696	3.6997269422661215e7	1.7825242023563907e7
0.48191999999999113	37010.84076676857	3.699722586615388e7	1.7848877665800996e7
0.4825599999999911	37014.83778368852	3.699718218038064e7	1.7872513190626945e7
0.4831999999999911	37018.846082576514	3.699713836867996e7	1.7896148599401306e7
0.48383999999999106	37022.86565781957	3.6997094427318014e7	1.7919783890051156e7
0.48447999999999103	37026.89633058874	3.6997050360265195e7	1.7943419064137295e7
0.485119999999991	37030.938705740584	3.699700616124294e7	1.796705411866265e7
0.485759999999991	37034.992261414336	3.699696183263763e7	1.799068905424223e7
0.48639999999999095	37039.05753000808	3.699691737178312e7	1.801432386958239e7
0.4870399999999909	37043.13420614674	3.699687278169762e7	1.803795856572006e7
0.4876799999999909	37047.22266878437	3.699682805704206e7	1.8061593139975607e7
0.4883199999999909	37051.32244718905	3.699678320388473e7	1.8085227594790433e7
0.48895999999999085	37055.43431091968	3.6996738213678986e7	1.810886192611039e7
0.4895999999999908	37059.55763779554	3.699669309218945e7	1.8132496136153948e7
0.4902399999999908	37063.69287418113	3.699664783534863e7	1.8156130222880512e7
0.49087999999999077	37067.83979075616	3.699660244558205e7	1.8179764187081244e7
0.49151999999999074	37071.99863947931	3.699655692085828e7	1.8203398027608123e7
0.4921599999999907	37076.16943537969	3.699651125727144e7	1.822703174226443e7
0.4927999999999907	37080.35237044613	3.6996465458237424e7	1.825066533254135e7
0.49343999999999066	37084.54734476246	3.699641952114362e7	1.8274298796815727e7
0.49407999999999064	37088.75408075519	3.699637345014929e7	1.8297932136713948e7
0.4947199999999906	37092.973314428615	3.699632723565639e7	1.8321565347579896e7
0.4953599999999906	37097.204733394705	3.699628088323961e7	1.8345198431717888e7
0.49599999999999056	37101.44823592472	3.699623439293215e7	1.83688313888049e7
0.49663999999999053	37105.70428199543	3.699618775966252e7	1.8392464216265827e7
0.4972799999999905	37109.97236001463	3.699614098937925e7	1.841609691650299e7
0.4979199999999905	37114.25308667972	3.699609407517572e7	1.84397294861009e7
0.49855999999999046	37118.54633325417	3.699604701790206e7	1.8463361925118245e7
0.49919999999999043	37122.85197601168	3.699599981883111e7	1.848699423382972e7
0.4998399999999904	37127.170418186484	3.699595247492961e7	1.851062641062482e7
0.5004799999999904	37131.501203999025	3.69959049873858e7	1.853425845556791e7
0.5011199999999904	37135.844845689215	3.699585735484151e7	1.855789036793444e7
0.5017599999999903	37140.200992213904	3.6995809580585256e7	1.858152214889646e7
0.5023999999999903	37144.57023774736	3.699576165619452e7	1.8605153794222075e7
0.5030399999999903	37148.95229209277	3.6995713582175486e7	1.8628785303708274e7
0.5036799999999902	37153.34690763796	3.699566536724008e7	1.865241668130832e7
0.5043199999999902	37157.754960223596	3.699561700148514e7	1.8676047922167305e7
0.5049599999999902	37162.17568200789	3.699556848728126e7	1.8699679026786804e7
0.5055999999999902	37166.6099996311	3.699551981973373e7	1.872330999284083e7
0.5062399999999901	37171.05705024265	3.699547100560322e7	1.8746940823005337e7
0.5068799999999901	37175.5173131795	3.6995422042385824e7	1.877057151594164e7
0.5075199999999901	37179.991064577676	3.6995372925252765e7	1.87942020690234e7
0.5081599999999901	37184.478027218785	3.6995323652053535e7	1.8817832480700064e7
0.50879999999999	37188.97854901372	3.699527422905129e7	1.8841462754004207e7
0.50943999999999	37193.49225070676	3.699522465333617e7	1.886509288695371e7
0.51007999999999	37198.01970168791	3.699517492022991e7	1.8888722877122752e7
0.51071999999999	37202.56064192931	3.699512503470657e7	1.891235272659585e7
0.5113599999999899	37207.11522493468	3.6995074989177726e7	1.8935982431249063e7
0.5119999999999899	37211.683381797986	3.699502479118746e7	1.8959611994577922e7
0.5126399999999899	37216.265250514545	3.6994974436575726e7	1.8983241414198298e7
0.5132799999999899	37220.860950485694	3.699492392324793e7	1.9006870688766144e7
0.5139199999999898	37225.47072503229	3.699487324856422e7	1.9030499816711772e7
0.5145599999999898	37230.09418030402	3.699482241863413e7	1.9054128800650887e7
0.5151999999999898	37234.73205201314	3.6994771420185566e7	1.907775763377804e7
0.5158399999999898	37239.38371388224	3.6994720267976135e7	1.9101386323051345e7
0.5164799999999897	37244.04957670542	3.699466894858766e7	1.9125014861417506e7
0.5171199999999897	37248.72976281364	3.699461746719225e7	1.9148643251261942e7
0.5177599999999897	37253.42380519973	3.699456582863539e7	1.9172271494529694e7
0.5183999999999896	37258.13279906882	3.6994514017520756e7	1.9195899583438408e7
0.5190399999999896	37262.85556271825	3.6994462047847375e7	1.9219527524325762e7
0.5196799999999896	37267.59295786954	3.6994409911627024e7	1.9243155313123472e7
0.5203199999999896	37272.34510898499	3.6994357604743525e7	1.9266782947401643e7
0.5209599999999895	37277.11186489586	3.69943051324807e7	1.929041042948452e7
0.5215999999999895	37281.89300865934	3.6994252495400324e7	1.931403775921576e7
0.5222399999999895	37286.68904277728	3.6994199685157456e7	1.933766493213332e7
0.5228799999999895	37291.499957394946	3.699414670509091e7	1.936129194961722e7
0.5235199999999894	37296.32570223625	3.699409355500376e7	1.938491881118578e7
0.5241599999999894	37301.16631056182	3.6994040232997954e7	1.9408545515505034e7
0.5247999999999894	37306.022284408864	3.6993986736917846e7	1.9432172061323643e7
0.5254399999999894	37310.89275479451	3.6993933072075e7	1.9455798450656414e7
0.5260799999999893	37315.778656933995	3.6993879232348524e7	1.947942468037461e7
0.5267199999999893	37320.67962504392	3.699382521814111e7	1.950305075015183e7
0.5273599999999893	37325.59605713975	3.699377102821974e7	1.952667665916201e7
0.5279999999999893	37330.528235665166	3.699371665651012e7	1.955030240396418e7
0.5286399999999892	37335.47535929969	3.6993662111199066e7	1.9573927988129236e7
0.5292799999999892	37340.43805869326	3.6993607389360555e7	1.9597553410043344e7
0.5299199999999892	37345.416445356284	3.6993552486789145e7	1.962117866716154e7
0.5305599999999892	37350.410174206256	3.699349740400543e7	1.96448037592209e7
0.5311999999999891	37355.41978088707	3.699344214300607e7	1.9668428687157705e7
0.5318399999999891	37360.44533894475	3.6993386699467264e7	1.9692053448334146e7
0.5324799999999891	37365.486889956774	3.6993331068829045e7	1.9715678039960478e7
0.533119999999989	37370.54425487583	3.699327525821112e7	1.9739302465358827e7
0.533759999999989	37375.617673907436	3.6993219265472375e7	1.9762926723122414e7
0.534399999999989	37380.70704123727	3.699316308385326e7	1.9786550809209175e7
0.535039999999989	37385.812440804184	3.69931067208075e7	1.9810174727252916e7
0.5356799999999889	37390.934553481326	3.699305016399412e7	1.9833798470579833e7
0.5363199999999889	37396.07258903208	3.6992993424067244e7	1.9857422044133417e7
0.5369599999999889	37401.22780445401	3.699293648819868e7	1.9881045441225328e7
0.5375999999999889	37406.399157033266	3.699287936282537e7	1.990466866442472e7
0.5382399999999888	37411.58642828216	3.699282205789747e7	1.9928291718591448e7
0.5388799999999888	37416.790977174685	3.699276455319138e7	1.9951914593078755e7
0.5395199999999888	37422.01234484446	3.699270685375253e7	1.9975537289980706e7
0.5401599999999888	37427.2498206049	3.699264897037094e7	1.999915981439266e7
0.5407999999999887	37432.50496134467	3.699259088010562e7	2.0022782154238954e7
0.5414399999999887	37437.77687119495	3.699253259906112e7	2.004640431739729e7
0.5420799999999887	37443.0657744642	3.699247412241116e7	2.0070026300955668e7
0.5427199999999887	37448.37203033144	3.69924154450348e7	2.00936481018909e7
0.5433599999999886	37453.69514073328	3.6992356573329896e7	2.0117269723033175e7
0.5439999999999886	37459.036314856574	3.699229749290202e7	2.014089115669785e7
0.5446399999999886	37464.39413249667	3.6992238220488235e7	2.0164512410918463e7
0.5452799999999886	37469.76991508989	3.69921787422163e7	2.018813347833107e7
0.5459199999999885	37475.162903301374	3.699211906359078e7	2.0211754361166187e7
0.5465599999999885	37480.57363528943	3.699205918019634e7	2.0235375056836873e7
0.5471999999999885	37486.002114883864	3.699199909359063e7	2.0258995565769985e7
0.5478399999999884	37491.44893701142	3.699193879449867e7	2.0282615882729083e7
0.5484799999999884	37496.912783850996	3.699187829841589e7	2.0306236015174884e7
0.5491199999999884	37502.39544501061	3.6991817586258866e7	2.0329855953024287e7
0.5497599999999884	37507.89517109948	3.699175667337618e7	2.0353475703476693e7
0.5503999999999883	37513.41312928863	3.699169555133496e7	2.037709526199726e7
0.5510399999999883	37518.94965732824	3.6991634216915704e7	2.040071462652695e7
0.5516799999999883	37524.50449904864	3.699157267040663e7	2.042433379666651e7
0.5523199999999883	37530.07811639211	3.6991510904324636e7	2.0447952768047296e7
0.5529599999999882	37535.670062601945	3.699144892873079e7	2.0471571545575332e7
0.5535999999999882	37541.281178467834	3.699138673075525e7	2.0495190122063737e7
0.5542399999999882	37546.91049658857	3.699132432348234e7	2.0518808503869377e7
0.5548799999999882	37552.559260552014	3.6991261689498015e7	2.0542426681446277e7
0.5555199999999881	37558.22660367082	3.699119884254445e7	2.0566044661570653e7
0.5561599999999881	37563.91303790267	3.699113577237859e7	2.058966243832838e7
0.5567999999999881	37569.61874686478	3.699107248316099e7	2.061328001365221e7
0.5574399999999881	37575.34381008812	3.699100896387322e7	2.063689738097764e7
0.558079999999988	37581.08796643514	3.6990945228634305e7	2.0660514547589917e7
0.558719999999988	37586.85209298504	3.699088126297872e7	2.0684131505342618e7
0.559359999999988	37592.63490813943	3.699081707537564e7	2.0707748257927597e7
0.559999999999988	37598.437595519754	3.699075266067839e7	2.073136480252148e7
0.5606399999999879	37604.26042514348	3.6990688011908874e7	2.0754981134856537e7
0.5612799999999879	37610.10219469817	3.699062314699283e7	2.077859726397855e7
0.5619199999999879	37615.965056435845	3.699055803241272e7	2.080221317154483e7
0.5625599999999878	37621.8474673276	3.699049269557413e7	2.082582887177784e7
0.5631999999999878	37627.74992871168	3.699042712474373e7	2.084944435782408e7
0.5638399999999878	37633.67246362996	3.6990361317933664e7	2.0873059628085006e7
0.5644799999999878	37639.61559512806	3.69902952769608e7	2.089667468332237e7
0.5651199999999877	37645.57867848443	3.699022900307046e7	2.0920289523470424e7
0.5657599999999877	37651.562889705536	3.6990162486058936e7	2.0943904142781474e7
0.5663999999999877	37657.567676005594	3.699009572652958e7	2.096751854085022e7
0.5670399999999877	37663.59349708439	3.699002872705157e7	2.0991132718827363e7
0.5676799999999876	37669.63955121916	3.698996149029691e7	2.1014746677382074e7
0.5683199999999876	37675.70677998337	3.698989400384257e7	2.1038360409366135e7
0.5689599999999876	37681.79544958524	3.698982627529675e7	2.1061973918702967e7
0.5695999999999876	37687.905085315055	3.6989758299820215e7	2.108558720192585e7
0.5702399999999875	37694.035926136974	3.69896900787338e7	2.1109200259376317e7
0.5708799999999875	37700.18849969572	3.698962160221438e7	2.1132813085160676e7
0.5715199999999875	37706.361923305485	3.69895528845059e7	2.1156425686509244e7
0.5721599999999875	37712.5578658583	3.6989483906478725e7	2.1180038052687734e7
0.5727999999999874	37718.77574535166	3.698941467512784e7	2.1203650186911177e7
0.5734399999999874	37725.01458092714	3.69893451985323e7	2.1227262092865534e7
0.5740799999999874	37731.27587320392	3.698927546016454e7	2.1250873761190705e7
0.5747199999999874	37737.55910375145	3.698920547136864e7	2.1274485197640162e7
0.5753599999999873	37743.86501196823	3.698913520949353e7	2.1298096388972413e7
0.5759999999999873	37750.19259874712	3.698906470383445e7	2.1321707351070043e7
0.5766399999999873	37756.543186684	3.698899392578841e7	2.1345318067489672e7
0.5772799999999872	37762.91664398362	3.6988922882533275e7	2.136892854175208e7
0.5779199999999872	37769.312098689705	3.698885158010333e7	2.1392538776423458e7
0.5785599999999872	37775.73125086066	3.6988780007370286e7	2.141614876524204e7
0.5791999999999872	37782.172262976914	3.69887081796939e7	2.1439758515766494e7
0.5798399999999871	37788.63718430097	3.6988636069115005e7	2.1463368012114525e7
0.5804799999999871	37795.12498184728	3.698856369837329e7	2.1486977266463634e7
0.5811199999999871	37801.636492877835	3.6988491044655316e7	2.1510586265363757e7
0.5817599999999871	37808.17094018205	3.698841812600526e7	2.1534195018398367e7
0.582399999999987	37814.72980325396	3.6988344925842986e7	2.1557803515976317e7
0.583039999999987	37821.31170076712	3.69882714545463e7	2.158141176298495e7
0.583679999999987	37827.917274523155	3.698819770529334e7	2.1605019755144864e7
0.584319999999987	37834.54749762106	3.698812367149168e7	2.162862748842935e7
0.5849599999999869	37841.20129848439	3.69880493596126e7	2.1652234965585425e7
0.5855999999999869	37847.87921966471	3.698797476960287e7	2.1675842186227586e7
0.5862399999999869	37854.58176541126	3.6987899893070064e7	2.1699449145064164e7
0.5868799999999869	37861.30931141505	3.698782472149752e7	2.172305583665471e7
0.5875199999999868	37868.06144393924	3.698774926605767e7	2.174666226677811e7
0.5881599999999868	37874.83800054345	3.6987673524667524e7	2.177026843355011e7
0.5887999999999868	37881.63881062193	3.6987597495512165e7	2.1793874335236e7
0.5894399999999868	37888.465259149074	3.6987521169765726e7	2.1817479966603015e7
0.5900799999999867	37895.31812237106	3.698744453333898e7	2.1841085319036897e7
0.5907199999999867	37902.19432027679	3.6987367629703954e7	2.1864690416309632e7
0.5913599999999867	37909.096648878396	3.698729041194875e7	2.1888295231264118e7
0.5919999999999866	37916.025435489064	3.698721289539329e7	2.191189977245001e7
0.5926399999999866	37922.979925683845	3.698713506952156e7	2.193550403270329e7
0.5932799999999866	37929.95975524848	3.6987056952861175e7	2.195910802222464e7
0.5939199999999866	37936.965451951924	3.698697853159946e7	2.1982711732417785e7
0.5945599999999865	37943.99796322698	3.698689979647231e7	2.200631515752429e7
0.5951999999999865	37951.05631611068	3.6986820760383874e7	2.2029918304176748e7
0.5958399999999865	37958.141287965744	3.698674141318892e7	2.2053521166016933e7
0.5964799999999865	37965.253054443216	3.698666175100657e7	2.207712374015243e7
0.5971199999999864	37972.39122729798	3.698658177769112e7	2.2100726028072074e7
0.5977599999999864	37979.55646102677	3.698650149189987e7	2.2124328028588448e7
0.5983999999999864	37986.74979759702	3.6986420874531575e7	2.214792973003791e7
0.5990399999999864	37993.96895484005	3.6986339948764704e7	2.2171531144699637e7
0.5996799999999863	38001.21673344766	3.698625869734384e7	2.2195132262705386e7
0.6003199999999863	38008.491914587	3.6986177122234635e7	2.221873308406781e7
0.6009599999999863	38015.79418466592	3.698609522340481e7	2.2242333607968297e7
0.6015999999999863	38023.124703040645	3.698601300151335e7	2.2265933834591612e7
0.6022399999999862	38030.48366813743	3.698593044063002e7	2.228953375374835e7
0.6028799999999862	38037.870455050026	3.698584755615852e7	2.2313133373771448e7
0.6035199999999862	38045.285305205594	3.698576434235403e7	2.23367326906148e7
0.6041599999999862	38052.7296380414	3.6985680781913154e7	2.236033169370006e7
0.6047999999999861	38060.20223218917	3.6985596883561015e7	2.2383930387099348e7
0.6054399999999861	38067.70267930241	3.698551267026449e7	2.2407528783853564e7
0.6060799999999861	38075.23351788933	3.698542809511391e7	2.243112685587349e7
0.606719999999986	38082.79293662505	3.6985343183437794e7	2.2454724617060978e7
0.607359999999986	38090.38248065193	3.6985257921278976e7	2.2478322058844686e7
0.607999999999986	38098.001120821056	3.698517230849243e7	2.2501919180002242e7
0.608639999999986	38105.64975926386	3.698508634847999e7	2.252551598222813e7
0.6092799999999859	38113.32802168706	3.6985000034683675e7	2.2549112460656185e7
0.6099199999999859	38121.03567625832	3.698491338564978e7	2.257270862577159e7
0.6105599999999859	38128.77450271247	3.698482636418022e7	2.259630445485569e7
0.6111999999999859	38136.544229384	3.698473898767972e7	2.2619899957665704e7
0.6118399999999858	38144.343404872976	3.6984651252690524e7	2.264349513078168e7
0.6124799999999858	38152.174148345315	3.698456315273508e7	2.266708997031262e7
0.6131199999999858	38160.036046024536	3.6984474680054605e7	2.2690684470580038e7
0.6137599999999858	38167.9290537615	3.698438584747372e7	2.271427863866267e7
0.6143999999999857	38175.85326812941	3.698429664520001e7	2.273787246783055e7
0.6150399999999857	38183.808742908375	3.698420708037565e7	2.276146596172738e7
0.6156799999999857	38191.796018557616	3.698411713908593e7	2.2785059111237753e7
0.6163199999999857	38199.81515156662	3.6984026816603765e7	2.2808651912686057e7
0.6169599999999856	38207.86773436635	3.698393610366854e7	2.2832244360175785e7
0.6175999999999856	38215.95089289645	3.6983845028196424e7	2.2855836469035026e7
0.6182399999999856	38224.067537636074	3.6983753560314365e7	2.287942822115139e7
0.6188799999999856	38232.21680214736	3.698366171093628e7	2.2903019622131344e7
0.6195199999999855	38240.3984585021	3.6983569469352275e7	2.2926610664458077e7
0.6201599999999855	38248.614127666995	3.698347683790413e7	2.2950201349384345e7
0.6207999999999855	38256.86226484777	3.698338381491069e7	2.297379167446685e7
0.6214399999999854	38265.14422043716	3.698329039951025e7	2.29973816388672e7
0.6220799999999854	38273.46096177358	3.698319656877859e7	2.302097122787192e7
0.6227199999999854	38281.80965848895	3.698310236723055e7	2.3044560467269223e7
0.6233599999999854	38290.19396391149	3.698300773640009e7	2.3068149321216386e7
0.6239999999999853	38298.612124443025	3.6982912709238246e7	2.3091737808722913e7
0.6246399999999853	38307.065213454734	3.698281727463111e7	2.3115325922423556e7
0.6252799999999853	38315.5523988938	3.6982721430543594e7	2.313891365988467e7
0.6259199999999853	38324.07560827246	3.698262516531532e7	2.3162501013677165e7
0.6265599999999852	38332.63404403371	3.698252847333998e7	2.3186087979112756e7
0.6271999999999852	38341.22698730447	3.69824313821731e7	2.320967457231929e7
0.6278399999999852	38349.85620521068	3.698233387060077e7	2.323326077980277e7
0.6284799999999852	38358.52042135847	3.6982235926258594e7	2.3256846592441395e7
0.6291199999999851	38367.22153427823	3.698213756023782e7	2.32804320170189e7
0.6297599999999851	38375.95951260647	3.698203875376778e7	2.3304017040822197e7
0.6303999999999851	38384.73330050225	3.698193952061136e7	2.3327601671220716e7
0.6310399999999851	38393.54521741991	3.698183984247983e7	2.3351185896641344e7
0.631679999999985	38402.39248085226	3.698173973328002e7	2.337476972391632e7
0.632319999999985	38411.27783591693	3.6981639183122806e7	2.339835314690637e7
0.632959999999985	38420.20047521813	3.698153819271316e7	2.342193616484159e7
0.633599999999985	38429.160780156846	3.698143674042722e7	2.3445518763243977e7
0.6342399999999849	38438.159666975866	3.698133484962352e7	2.346910095630446e7
0.6348799999999849	38447.19626099567	3.698123250079311e7	2.3492682730401784e7
0.6355199999999849	38456.27153129487	3.698112969470468e7	2.3516264085425887e7
0.6361599999999848	38465.3852204746	3.698102644218097e7	2.3539845027215905e7
0.6367999999999848	38474.53913865556	3.698092270388894e7	2.3563425530451074e7
0.6374399999999848	38483.731086337066	3.698081851797777e7	2.3587005617641848e7
0.6380799999999848	38492.96205730187	3.698071386773628e7	2.361058527755238e7
0.6387199999999847	38502.2336761083	3.6980608733220845e7	2.3634164497064758e7
0.6393599999999847	38511.54563812647	3.698050312795909e7	2.365774328371029e7
0.6399999999999847	38520.89663980369	3.6980397055589266e7	2.3681321638366897e7
0.6406399999999847	38530.28952846919	3.6980290483205274e7	2.370489954000501e7
0.6412799999999846	38539.72282038696	3.6980183423052415e7	2.3728476994904615e7
0.6419199999999846	38549.19550416858	3.698007590716517e7	2.375205402225303e7
0.6425599999999846	38558.71191596187	3.697996786655821e7	2.3775630578322317e7
0.6431999999999846	38568.269225022246	3.69798593346355e7	2.3799206682496473e7
0.6438399999999845	38577.87004986892	3.6979750296499655e7	2.3822782325094726e7
0.6444799999999845	38587.5092727076	3.6979640790017836e7	2.3846357527646758e7
0.6451199999999845	38597.19395913369	3.6979530752936594e7	2.3869932251526102e7
0.6457599999999845	38606.92041255414	3.697942021392836e7	2.3893506512832742e7
0.6463999999999844	38616.6892531733	3.697930916652975e7	2.391708030656418e7
0.6470399999999844	38626.50270280808	3.697919759391862e7	2.394065362156251e7
0.6476799999999844	38636.35920419	3.6979085513804354e7	2.3964226467655048e7
0.6483199999999844	38646.25942239209	3.697897290519145e7	2.3987798830406807e7
0.6489599999999843	38656.204733157014	3.697885975930308e7	2.4011370703506276e7
0.6495999999999843	38666.19269275732	3.697874609715329e7	2.4034942098629743e7
0.6502399999999843	38676.22614155157	3.697863190813298e7	2.4058513008799076e7
0.6508799999999842	38686.30439221048	3.6978517184649885e7	2.408208342773374e7
0.6515199999999842	38696.4291167895	3.697840189897359e7	2.410565333683731e7
0.6521599999999842	38706.598942980556	3.697828607265565e7	2.412922274851885e7
0.6527999999999842	38716.81385279446	3.697816971318934e7	2.4152791666539107e7
0.6534399999999841	38727.077886829764	3.697805276446835e7	2.4176360054526072e7
0.6540799999999841	38737.386094350615	3.6977935302222334e7	2.4199927959074754e7
0.6547199999999841	38747.74296999002	3.697781724275483e7	2.4223495325868532e7
0.6553599999999841	38758.14556928583	3.697769865002233e7	2.424706219456704e7
0.655999999999984	38768.59734055577	3.6977579462096676e7	2.427062852461998e7
0.656639999999984	38779.09509775449	3.697745972541433e7	2.429419434418824e7
0.657279999999984	38789.64322060605	3.69773393817143e7	2.431775961533715e7
0.657919999999984	38800.23868354154	3.697721849160166e7	2.434132437564284e7
0.6585599999999839	38810.88325807159	3.697709699648065e7	2.436488858598134e7
0.6591999999999839	38821.57771866504	3.69769749153555e7	2.4388452257888276e7
0.6598399999999839	38832.320678353135	3.6976852234941415e7	2.4412015380905095e7
0.6604799999999839	38843.11344333562	3.697672898213948e7	2.4435577971999172e7
0.6611199999999838	38853.959283062824	3.697660507770178e7	2.4459139978691448e7
0.6617599999999838	38864.85379024843	3.697648060366041e7	2.448270145242373e7
0.6623999999999838	38875.79913179142	3.697635549493619e7	2.4506262349632025e7
0.6630399999999838	38886.79611943622	3.6976229802617975e7	2.4529822703147627e7
0.6636799999999837	38897.84591891126	3.697610346359345e7	2.455338247025655e7
0.6643199999999837	38908.94767729833	3.6975976502814926e7	2.4576941665905725e7
0.6649599999999837	38920.10063847563	3.697584891602021e7	2.460050028571411e7
0.6655999999999836	38931.30810485117	3.697572070354025e7	2.462405832970605e7
0.6662399999999836	38942.5678877829	3.697559184256898e7	2.4647615780650776e7
0.6668799999999836	38953.88336617915	3.6975462315200165e7	2.4671172626387022e7
0.6675199999999836	38965.24885783373	3.697533218462294e7	2.4694728905819155e7
0.6681599999999835	38976.671239290015	3.697520137054849e7	2.4718284566329114e7
0.6687999999999835	38988.148788151455	3.697506991673842e7	2.4741839635192685e7
0.6694399999999835	38999.68122550312	3.697493779033884e7	2.4765394088989723e7
0.6700799999999835	39011.269548236254	3.697480499310261e7	2.478894792782694e7
0.6707199999999834	39022.913887482515	3.697467152093483e7	2.4812501147605665e7
0.6713599999999834	39034.6146022806	3.697453736460419e7	2.483605374084295e7
0.6719999999999834	39046.37283229588	3.697440252868753e7	2.48596057095664e7
0.6726399999999834	39058.18639241115	3.697426702386701e7	2.4883157058830712e7
0.6732799999999833	39070.06017271111	3.6974130800702274e7	2.4906707755555842e7
0.6739199999999833	39081.99248784162	3.697399386929019e7	2.493025780450186e7
0.6745599999999833	39093.979685041886	3.6973856282251805e7	2.495380723850386e7
0.6751999999999833	39106.029931128935	3.6973717910737395e7	2.49773559718509e7
0.6758399999999832	39118.13641304065	3.69735788999696e7	2.5000904098854486e7
0.6764799999999832	39130.305781625124	3.6973439121650025e7	2.502445153353966e7
0.6771199999999832	39142.53281159542	3.697329863422966e7	2.5047998312203176e7
0.6777599999999832	39154.822211784835	3.697315739733744e7	2.5071544407528326e7
0.6783999999999831	39167.17346052338	3.697301542273721e7	2.5095089825769205e7
0.6790399999999831	39179.58669267464	3.697287270543139e7	2.5118634562040385e7
0.6796799999999831	39192.06054062213	3.697272925484732e7	2.514217862076637e7
0.680319999999983	39204.59647500382	3.6972585054097496e7	2.5165721989404112e7
0.680959999999983	39217.19736131546	3.697244007614026e7	2.5189264648894e7
0.681599999999983	39229.860355311415	3.697229432855436e7	2.5212806601879157e7
0.682239999999983	39242.58956069083	3.697214780319802e7	2.523634784251199e7
0.682879999999983	39255.38032106585	3.6972000539320566e7	2.5259888394498017e7
0.6835199999999829	39268.23974187689	3.697185244296109e7	2.528342819432564e7
0.6841599999999829	39281.1630361786	3.6971703554063894e7	2.530696726608107e7
0.6847999999999829	39294.152219075244	3.697155389421234e7	2.5330505623535432e7
0.6854399999999828	39307.21028730262	3.697140340317253e7	2.535404322473792e7
0.6860799999999828	39320.33304143628	3.697125211175616e7	2.53775800877814e7
0.6867199999999828	39333.526216437356	3.697109999076795e7	2.5401116192752615e7
0.6873599999999828	39346.78398742621	3.69709470766641e7	2.5424651561161026e7
0.6879999999999827	39360.11191347069	3.6970793292392544e7	2.5448186140082438e7
0.6886399999999827	39373.50979685459	3.697063870167484e7	2.547171997153107e7
0.6892799999999827	39386.97679990476	3.697048325483079e7	2.5495253019320395e7
0.6899199999999827	39400.51587832783	3.6970326942806825e7	2.5518785276344195e7
0.6905599999999826	39414.12537042851	3.697016976805243e7	2.554231674198027e7
0.6911999999999826	39427.80416138786	3.697001177190852e7	2.5565847442667566e7
0.6918399999999826	39441.55675282029	3.696985284713827e7	2.558937730389245e7
0.6924799999999826	39455.38206192211	3.696969309024918e7	2.561290639022679e7
0.6931199999999825	39469.27920008538	3.6969532402525075e7	2.5636434631238457e7
0.6937599999999825	39483.251978809494	3.6969370870172486e7	2.5659962085976206e7
0.6943999999999825	39497.29931821132	3.696920838681315e7	2.568348867847405e7
0.6950399999999824	39511.42066988608	3.6969045015883096e7	2.5707014450686224e7
0.6956799999999824	39525.619529499156	3.696888073974909e7	2.5730539389563214e7
0.6963199999999824	39539.89302660814	3.696871549025643e7	2.5754063444889028e7
0.6969599999999824	39554.24257412668	3.6968549341575526e7	2.577758666677349e7
0.6975999999999823	39568.67080614347	3.696838225616016e7	2.5801109027948454e7
0.6982399999999823	39583.177780866296	3.69682142067919e7	2.5824630507476877e7
0.6988799999999823	39597.76317859726	3.696804519852063e7	2.5848151106789783e7
0.6995199999999823	39612.428822627095	3.6967875227404684e7	2.5871670821686093e7
0.7001599999999822	39627.174241637345	3.6967704302610226e7	2.589518965643953e7
0.7007999999999822	39641.9983139929	3.69675323981703e7	2.5918707590532634e7
0.7014399999999822	39656.90680541051	3.6967359471539065e7	2.5942224593811527e7
0.7020799999999822	39671.89443613974	3.6967185596386984e7	2.5965740714301128e7
0.7027199999999821	39686.96796190012	3.696701066726337e7	2.5989255877934366e7
0.7033599999999821	39702.12416438784	3.696683472259766e7	2.601277010859775e7
0.7039999999999821	39717.36217257875	3.6966657763629965e7	2.603628340479792e7
0.7046399999999821	39732.684902522255	3.696647978933362e7	2.6059795764568187e7
0.705279999999982	39748.09850680797	3.696630072935178e7	2.6083307137988485e7
0.705919999999982	39763.59656203025	3.696612064124902e7	2.610681756154681e7
0.706559999999982	39779.178049153044	3.696593950588017e7	2.613032701928077e7
0.707199999999982	39794.85225150254	3.696575726770002e7	2.6153835472456023e7
0.7078399999999819	39810.608515796084	3.696557400733282e7	2.617734297273377e7
0.7084799999999819	39826.45783262713	3.696538961640818e7	2.6200849444419563e7
0.7091199999999819	39842.40042593906	3.696520412099472e7	2.6224354903715e7
0.7097599999999818	39858.43131005078	3.696501753192306e7	2.6247859354560472e7
0.7103999999999818	39874.55628291811	3.696482979433987e7	2.627136275739791e7
0.7110399999999818	39890.77139447304	3.6964640940891705e7	2.6294865131913114e7
0.7116799999999818	39907.07781052537	3.696445096033913e7	2.631836646812781e7
0.7123199999999817	39923.479790631936	3.696425985847576e7	2.6341866769054946e7
0.7129599999999817	39939.97542065459	3.69640675794316e7	2.6365365991975624e7
0.7135999999999817	39956.569479118014	3.696387411029394e7	2.6388864126603898e7
0.7142399999999817	39973.2612837639	3.696367944162415e7	2.6412361163529404e7
0.7148799999999816	39990.04988463737	3.696348360830734e7	2.643585712492918e7
0.7155199999999816	40006.93339627501	3.696328658542763e7	2.645935199001707e7
0.7161599999999816	40023.92071503918	3.696308832632123e7	2.648284572543329e7
0.7167999999999816	40041.00770167828	3.696288880278795e7	2.650633830721884e7
0.7174399999999815	40058.19057675124	3.6962688142801605e7	2.652982982350027e7
0.7180799999999815	40075.47825808016	3.6962486148591444e7	2.6553320132410377e7
0.7187199999999815	40092.87401934625	3.696228290094561e7	2.657680929017111e7
0.7193599999999815	40110.36602843039	3.696207844874474e7	2.6600297326010548e7
0.7199999999999814	40127.96353107455	3.6961872696828455e7	2.6623784171504505e7
0.7206399999999814	40145.67284584981	3.696166555988738e7	2.6647269764242772e7
0.7212799999999814	40163.48164542359	3.696145723386573e7	2.66707542392462e7
0.7219199999999814	40181.39938738404	3.696124755740874e7	2.6694237480185475e7
0.7225599999999813	40199.42623286616	3.6961036558515005e7	2.6717719504533958e7
0.7231999999999813	40217.56776994354	3.696082415329976e7	2.6741200250424415e7
0.7238399999999813	40235.817867685924	3.696061039724971e7	2.6764679753406882e7
0.7244799999999813	40254.177443160515	3.696039527996913e7	2.6788158003400486e7
0.7251199999999812	40272.651823485634	3.6960178793605834e7	2.6811634993352007e7
0.7257599999999812	40291.23439394	3.695996090516944e7	2.6835110694655273e7
0.7263999999999812	40309.93679241963	3.695974163146569e7	2.685858511980239e7
0.7270399999999811	40328.75882120728	3.6959520866466925e7	2.6882058188763253e7
0.7276799999999811	40347.6867232664	3.695929880970191e7	2.690553003989167e7
0.7283199999999811	40366.73882207277	3.695907519015366e7	2.6929000478095196e7
0.7289599999999811	40385.91091668547	3.695885014388718e7	2.6952469598182153e7
0.729599999999981	40405.204273687574	3.695862354808894e7	2.6975937307920597e7
0.730239999999981	40424.619930345674	3.6958395491382316e7	2.699940366909873e7
0.730879999999981	40444.155479368914	3.695816596594297e7	2.7022868672310304e7
0.731519999999981	40463.81533405372	3.695793485218498e7	2.7046332228210542e7
0.7321599999999809	40483.60460908672	3.695770216664003e7	2.7069794346984956e7
0.7327999999999809	40503.508616717954	3.695746811657541e7	2.7093255173328146e7
0.7334399999999809	40523.55057728212	3.695723229130267e7	2.7116714409374207e7
0.7340799999999809	40543.7191460144	3.695699500014435e7	2.7140172275500566e7
0.7347199999999808	40564.01804261833	3.695675603598284e7	2.7163628617462948e7
0.7353599999999808	40584.44774804296	3.69565154749854e7	2.7187083487936594e7
0.7359999999999808	40605.00837498462	3.695627329263314e7	2.7210536865588274e7
0.7366399999999808	40625.70023156102	3.695602946948919e7	2.723398873281679e7
0.7372799999999807	40646.5320920877	3.695578398456949e7	2.7257439073053915e7
0.7379199999999807	40667.49670401735	3.695553678829529e7	2.728088784435434e7
0.7385599999999807	40688.59799902391	3.695528794388876e7	2.7304335090898633e7
0.7391999999999807	40709.848317920776	3.69550372391086e7	2.7327780655589677e7
0.7398399999999806	40731.2275076271	3.695478493864862e7	2.7351224725157462e7
0.7404799999999806	40752.75859311123	3.6954530810705654e7	2.7374667130620692e7
0.7411199999999806	40774.43066431491	3.6954274888149515e7	2.7398107889715027e7
0.7417599999999805	40796.24196567692	3.6954017248417534e7	2.742154705571069e7
0.7423999999999805	40818.2106754128	3.695375772063207e7	2.7444984502866518e7
0.7430399999999805	40840.317471035996	3.6953496458796114e7	2.7468420336720504e7
0.7436799999999805	40862.57578385635	3.695323328498648e7	2.749185442480294e7
0.7443199999999804	40884.98831255973	3.695296823008474e7	2.7515286786827706e7
0.7449599999999804	40907.555982358535	3.6952701246675745e7	2.753871738380058e7
0.7455999999999804	40930.27230700633	3.695243242418571e7	2.756214627674704e7
0.7462399999999804	40953.13629788544	3.695216175332616e7	2.758557345466834e7
0.7468799999999803	40976.173096242	3.695188898266508e7	2.7608998732306287e7
0.7475199999999803	40999.357329237224	3.695161435720531e7	2.7632422282035872e7
0.7481599999999803	41022.71319119382	3.695133761720147e7	2.765584391177479e7
0.7487999999999803	41046.220106255016	3.6951058967035584e7	2.767926376500621e7
0.7494399999999802	41069.89566537547	3.695077826377847e7	2.7702681735063326e7
0.7500799999999802	41093.73971811679	3.6950495482435904e7	2.7726097798895143e7
0.7507199999999802	41117.75426727484	3.695021054281828e7	2.7749511892487552e7
0.7513599999999802	41141.933787725764	3.694992354924673e7	2.777292408837827e7
0.7519999999999801	41166.28818017838	3.6949634454596445e7	2.779633434932448e7
0.7526399999999801	41190.8149059975	3.694934317154192e7	2.7819742604603726e7
0.7532799999999801	41215.50661322195	3.694904979886259e7	2.784314892227809e7
0.75391999999998	41240.38137975796	3.694875421114447e7	2.7866553207915235e7
0.75455999999998	41265.443466924	3.694845621951586e7	2.788995531544167e7
0.75519999999998	41290.66797791658	3.694815630582942e7	2.7913355597682636e7
0.75583999999998	41316.09645168275	3.6947853836260304e7	2.793675358170789e7
0.75647999999998	41341.692108011564	3.694754932592735e7	2.7960149642938923e7
0.7571199999999799	41367.47487478154	3.6947242373225674e7	2.798354347791347e7
0.7577599999999799	41393.47021846121	3.6946932917359225e7	2.8006935041683108e7
0.7583999999999799	41419.62400461994	3.694662134888805e7	2.8030324612155467e7
0.7590399999999798	41445.9805087977	3.694630733723881e7	2.8053711944720402e7
0.7596799999999798	41472.54423976376	3.694599067303055e7	2.8077096876318805e7
0.7603199999999798	41499.30107064426	3.694567173944423e7	2.8100479689414106e7
0.7609599999999798	41526.2716395191	3.694535002288583e7	2.8123859993387163e7
0.7615999999999797	41553.41996156941	3.694502606244362e7	2.814723818447515e7
0.7622399999999797	41580.781551582295	3.694469946553138e7	2.8170613967227593e7
0.7628799999999797	41608.33804795196	3.6944370512855604e7	2.8193987545964465e7
0.7635199999999797	41636.13245335919	3.694403851895247e7	2.821735840259241e7
0.7641599999999796	41664.1042778037	3.6943704322108515e7	2.8240727157134566e7
0.7647999999999796	41692.309346397815	3.694336727449767e7	2.826409332269334e7
0.7654399999999796	41720.73639143164	3.694302748396421e7	2.828745697325279e7
0.7660799999999796	41749.381946168876	3.694268487100506e7	2.8310818041403648e7
0.7667199999999795	41778.23012354413	3.694233967041029e7	2.8334176697619446e7
0.7673599999999795	41807.31706988467	3.694199163340897e7	2.835753275405509e7
0.7679999999999795	41836.62100540875	3.6941640799831145e7	2.8380886230342817e7
0.7686399999999795	41866.1505871862	3.694128720737618e7	2.8404237151676722e7
0.7692799999999794	41895.935849795365	3.694093042574818e7	2.8427585188238062e7
0.7699199999999794	41925.952207275506	3.6940570674357824e7	2.8450930496684667e7
0.7705599999999794	41956.19234661354	3.694020818123395e7	2.8474273244902875e7
0.7711999999999793	41986.661948739566	3.693984278942222e7	2.8497613307455525e7
0.7718399999999793	42017.405040295016	3.693947388347297e7	2.8520950213353008e7
0.7724799999999793	42048.37010020082	3.693910237584915e7	2.8544284648460384e7
0.7731199999999793	42079.58174626395	3.693872766721268e7	2.8567616149581295e7
0.7737599999999792	42111.072959457895	3.693834955341466e7	2.8590944559595704e7
0.7743999999999792	42142.81109246889	3.6937968303997174e7	2.8614270072797105e7
0.7750399999999792	42174.783883673685	3.6937583960643224e7	2.8637592712238625e7
0.7756799999999792	42207.045216689665	3.6937196096780114e7	2.8660912152732637e7
0.7763199999999791	42239.558200297135	3.693680516555879e7	2.8684228730504077e7
0.7769599999999791	42272.34714605402	3.693641075167994e7	2.8707542121931933e7
0.7775999999999791	42305.4108967865	3.693601282650313e7	2.8730852297271505e7
0.7782399999999791	42338.741688784634	3.693561144136509e7	2.8754159287484102e7
0.778879999999979	42372.333885423046	3.693520703256394e7	2.8777463423991375e7
0.779519999999979	42406.22750201395	3.693479866127494e7	2.880076397747591e7
0.780159999999979	42440.41675435019	3.693438660740347e7	2.8824061156850394e7
0.780799999999979	42474.86249780826	3.693397132148631e7	2.8847355297675256e7
0.7814399999999789	42509.64408689039	3.693355202968629e7	2.8870645805888906e7
0.7820799999999789	42544.679479847495	3.693312922088498e7	2.8893933037621193e7
0.7827199999999789	42580.04906877968	3.6932702277079016e7	2.8917216519376174e7
0.7833599999999789	42615.69857124242	3.6932272064083405e7	2.8940496909058068e7
0.7839999999999788	42651.665745636434	3.6931837679893605e7	2.8963773500836864e7
0.7846399999999788	42687.9656797836	3.693139916799354e7	2.8987046323462468e7
0.7852799999999788	42724.56326582354	3.693095672584204e7	2.901031551589289e7
0.7859199999999787	42761.45591172131	3.693051071535303e7	2.903358135389105e7
0.7865599999999787	42798.73530791792	3.69300597414849e7	2.9056842752325702e7
0.7871999999999787	42836.316426656274	3.692960524899543e7	2.908010082014401e7
0.7878399999999787	42874.20096291447	3.692914668733663e7	2.91033551166268e7
0.7884799999999786	42912.457901776404	3.692868356507297e7	2.912660526048333e7
0.7891199999999786	42951.03865168293	3.6928216325847924e7	2.914985158208319e7
0.7897599999999786	42989.96274763204	3.692774452354864e7	2.9173093724685047e7
0.7903999999999786	43029.25976957323	3.692726821446502e7	2.9196331729560066e7
0.7910399999999785	43068.90879868564	3.6926787539251454e7	2.9219565694231253e7
0.7916799999999785	43108.92152567264	3.6926302207338504e7	2.924279538203718e7
0.7923199999999785	43149.27488283784	3.692581257916952e7	2.9266021064134467e7
0.7929599999999785	43190.02889280116	3.692531790988044e7	2.9289242153399963e7
0.7935999999999784	43231.10611420522	3.692481939510022e7	2.9312459572252713e7
0.7942399999999784	43272.633893284736	3.692431454504996e7	2.9335671361409564e7
0.7948799999999784	43314.546257701215	3.692380536276535e7	2.9358879086482503e7
0.7955199999999784	43356.81746006099	3.692329163256839e7	2.938208256157424e7
0.7961599999999783	43399.454010361944	3.692277316028967e7	2.9405281624000896e7
0.7967999999999783	43442.52446703805	3.692224894112516e7	2.942847547725943e7
0.7974399999999783	43486.05041069872	3.692171938248607e7	2.9451664438740082e7
0.7980799999999783	43529.94962702703	3.6921185028751925e7	2.9474848915174223e7
0.7987199999999782	43574.22534190338	3.69206458387557e7	2.9498028864406966e7
0.7993599999999782	43619.01829647577	3.692010016784319e7	2.9521202989997335e7
0.7999999999999782	43664.19623783928	3.691954969467515e7	2.9544372594986882e7
0.8006399999999781	43709.78893284326	3.6918993669375874e7	2.9567537074969944e7
0.8012799999999781	43755.8805802867	3.691843149043508e7	2.9590695953243926e7
0.8019199999999781	43802.379142371436	3.6917864016551845e7	2.961384988741297e7
0.8025599999999781	43849.38681006137	3.691729036739773e7	2.9636998180189695e7
0.803199999999978	43896.76350309104	3.691671208816163e7	2.966014203226802e7
0.803839999999978	43944.713640006674	3.691612632082673e7	2.968327917676017e7
0.804479999999978	43993.067063924704	3.691553557311091e7	2.970641158232779e7
0.805119999999978	44041.91347039492	3.691493863866712e7	2.972953828485997e7
0.8057599999999779	44091.29121987649	3.691433493958244e7	2.975265881332368e7
0.8063999999999779	44141.10515997755	3.6913725400177725e7	2.9775773880661473e7
0.8070399999999779	44191.46351940207	3.691310915501746e7	2.9798882797265176e7
0.8076799999999779	44242.2478251727	3.691248748640583e7	2.982198656212118e7
0.8083199999999778	44293.57976499609	3.691185895857117e7	2.9845084026760787e7
0.8089599999999778	44345.38747814844	3.691122415741921e7	2.9868175637208853e7
0.8095999999999778	44397.760815000154	3.691058258420137e7	2.9891260993827786e7
0.8102399999999778	44450.62914386703	3.690993429484424e7	2.9914340114440117e7
0.8108799999999777	44504.04129138235	3.690927938141341e7	2.9937413069088712e7
0.8115199999999777	44557.98499896506	3.690861761543223e7	2.996047965628735e7
0.8121599999999777	44612.44901225799	3.690794937523871e7	2.9983540167015508e7
0.8127999999999777	44667.60654192398	3.6907272313065395e7	3.000659271200338e7
0.8134399999999776	44723.17176086196	3.690659003561727e7	3.002964015349539e7
0.8140799999999776	44779.42691507015	3.690589888452029e7	3.0052679554961506e7
0.8147199999999776	44836.160991141915	3.6905201630189024e7	3.0075713116055213e7
0.8153599999999775	44893.55111918189	3.690449616954614e7	3.0098739142078962e7
0.8159999999999775	44951.53545900622	3.6903783016273625e7	3.012175802380291e7
0.8166399999999775	45010.17005187589	3.690306146906695e7	3.0144769182878714e7
0.8172799999999775	45069.36817456327	3.6902333511676036e7	3.0167774207374614e7
0.8179199999999774	45129.052820042125	3.690159807679214e7	3.0190772196906473e7
0.8185599999999774	45189.51027536059	3.690085391044373e7	3.0213762161676347e7
0.8191999999999774	45250.579823290114	3.690010144011585e7	3.023674440457412e7
0.8198399999999774	45312.32392349245	3.689934089703762e7	3.0259719109304544e7
0.8204799999999773	45374.683319120646	3.6898572063586935e7	3.0282686069880422e7
0.8211199999999773	45437.716131220164	3.689779441067007e7	3.0305644845150124e7
0.8217599999999773	45501.36330312744	3.6897009179769665e7	3.0328596426561832e7
0.8223999999999773	45565.6548908133	3.6896215924454816e7	3.035154043657941e7
0.8230399999999772	45630.76383089452	3.689541256662215e7	3.0374475178799372e7
0.8236799999999772	45696.39526711813	3.689460179559157e7	3.0397402795405526e7
0.8243199999999772	45762.636159244765	3.689378390117491e7	3.0420323525336117e7
0.8249599999999772	45829.81741581081	3.6892953532986954e7	3.044323299781254e7
0.8255999999999771	45897.55241567105	3.689211631622082e7	3.046613576381236e7
0.8262399999999771	45965.964454724344	3.6891271026211984e7	3.04890308186802e7
0.8268799999999771	46035.16760892111	3.689041450105029e7	3.0511915550844077e7
0.827519999999977	46105.029692259566	3.68895494151021e7	3.0534792127505764e7
0.828159999999977	46175.710163764765	3.688867429990674e7	3.055765934224446e7
0.828799999999977	46247.07391423595	3.688779112784535e7	3.0580518785811495e7
0.829439999999977	46319.092757943334	3.6886898386506446e7	3.0603369182163853e7
0.830079999999977	46391.9831053679	3.688599656211085e7	3.062621095204539e7
0.8307199999999769	46465.52053593583	3.6885084518351294e7	3.064904309440026e7
0.8313599999999769	46539.95727158051	3.6884162024995975e7	3.067186543949408e7
0.8319999999999769	46614.999879674724	3.6883230603275605e7	3.0694679181904238e7
0.8326399999999768	46690.9336921106	3.688228922689805e7	3.0717483496546254e7
0.8332799999999768	46767.475246906164	3.688133887774514e7	3.074027913351978e7
0.8339199999999768	46844.850685763995	3.6880378165592894e7	3.0763064952652264e7
0.8345599999999768	46923.089809163524	3.6879406888395384e7	3.0785840768756423e7
0.8351999999999767	47002.185556578705	3.687842379742028e7	3.0808605515784282e7
0.8358399999999767	47081.95731231776	3.687743278741108e7	3.083136239514121e7
0.8364799999999767	47162.55802919228	3.687643018118371e7	3.0854108339444626e7
0.8371199999999767	47244.14853984054	3.6875416435623236e7	3.087684373350223e7
0.8377599999999766	47326.38245960343	3.687439324709012e7	3.0899569918971606e7
0.8383999999999766	47409.594453362435	3.6873356527237244e7	3.0922283502898507e7
0.8390399999999766	47493.547208766206	3.687231238192099e7	3.094498954228485e7
0.8396799999999766	47578.495204263985	3.687125462166844e7	3.0967682865072843e7
0.8403199999999765	47664.35424032035	3.687018468007435e7	3.0990364634444308e7
0.8409599999999765	47751.24261958613	3.686910192011129e7	3.1013034308362145e7
0.8415999999999765	47838.74340503423	3.686801083140515e7	3.103569557266506e7
0.8422399999999765	47927.32936355316	3.686690748902607e7	3.1058345179036845e7
0.8428799999999764	48016.763140142284	3.686579287147885e7	3.1080983889335804e7
0.8435199999999764	48107.50866088827	3.6864658989464566e7	3.110360501374754e7
0.8441599999999764	48199.09517061471	3.6863516467645906e7	3.1126217408318486e7
0.8447999999999763	48291.56458628076	3.686236243670929e7	3.1148818637354933e7
0.8454399999999763	48385.555447766405	3.686118742745409e7	3.1171400770115923e7
0.8460799999999763	48480.068035044496	3.686000832889891e7	3.1193977898985866e7
0.8467199999999763	48576.16510652372	3.685880627662472e7	3.121653420513033e7
0.8473599999999762	48673.21050729939	3.685759460179766e7	3.123908084063023e7
0.8479999999999762	48771.439814937126	3.6856366843906395e7	3.1261612342483617e7
0.8486399999999762	48871.031763712206	3.685512176768596e7	3.1284127656295888e7
0.8492799999999762	48971.836123390676	3.6853859669726506e7	3.1306626975444965e7
0.8499199999999761	49073.90714772636	3.6852582341164306e7	3.132911179538622e7
0.8505599999999761	49177.42462842296	3.685128916153271e7	3.1351581583568852e7
0.8511999999999761	49282.29231735637	3.684997728198469e7	3.1374033867521305e7
0.8518399999999761	49388.63001910942	3.684864587040099e7	3.1396467917665128e7
0.852479999999976	49496.69688766184	3.684729519069392e7	3.141888395688674e7
0.853119999999976	49605.65358256877	3.684593125645074e7	3.1441286951900583e7
0.853759999999976	49716.48705132084	3.684454549047545e7	3.1463669697013825e7
0.854399999999976	49829.187270387665	3.684313519521391e7	3.1486029840456445e7
0.8550399999999759	49943.90091794996	3.684170055493273e7	3.150836751036586e7
0.8556799999999759	50059.60830400458	3.684025417867946e7	3.1530693298281986e7
0.8563199999999759	50177.59505807166	3.683877871824153e7	3.1552992508861642e7
0.8569599999999759	50297.55423522692	3.68372765327092e7	3.15752670596274e7
0.8575999999999758	50419.28433100241	3.683575441218675e7	3.1597522689979203e7
0.8582399999999758	50543.29821946969	3.68342036929983e7	3.161975199543356e7
0.8588799999999758	50669.525220534684	3.683262474784885e7	3.1641955226830654e7
0.8595199999999757	50797.68378454344	3.683102130138005e7	3.1664135487579346e7
0.8601599999999757	50928.23298315604	3.682938904728084e7	3.168628908700856e7
0.8607999999999757	51061.0269969067	3.68277284975438e7	3.1708416385642778e7
0.8614399999999757	51196.33066026158	3.6826037408498645e7	3.1730515428752463e7
0.8620799999999756	51334.51647466345	3.68243116835113e7	3.1752582672632713e7
0.8627199999999756	51475.017130262335	3.682255448273376e7	3.177462069369481e7
0.8633599999999756	51618.475508744836	3.6820762120470315e7	3.179662633282187e7
0.8639999999999756	51764.96689502646	3.681893140043727e7	3.181859676547463e7
0.8646399999999755	51914.136829963914	3.681706900062988e7	3.184053763826502e7
0.8652799999999755	52066.45488699638	3.681516777775532e7	3.1862442767537598e7
0.8659199999999755	52221.671063400056	3.681323069787806e7	3.188431460756185e7
0.8665599999999755	52379.57775632003	3.681126133962294e7	3.1906156157318555e7
0.8671999999999754	52540.522344192505	3.680925593872333e7	3.192796413142728e7
0.8678399999999754	52704.36624872752	3.680721551363558e7	3.1949739320396032e7
0.8684799999999754	52871.57002872282	3.680513376850324e7	3.197147624415897e7
0.8691199999999754	53042.094648922866	3.6803012450922504e7	3.199317633069251e7
0.8697599999999753	53216.35521184297	3.680084538951917e7	3.2014834184090074e7
0.8703999999999753	53394.14948492297	3.679863517933545e7	3.2036451941865917e7
0.8710399999999753	53575.39550149595	3.679638491853909e7	3.2058032202447254e7
0.8716799999999753	53760.51647817194	3.67940861512151e7	3.2079567565764748e7
0.8723199999999752	53948.88521627775	3.6791748001240835e7	3.210106581010591e7
0.8729599999999752	54141.11763081115	3.6789364821384825e7	3.2122522002059005e7
0.8735999999999752	54337.624493888005	3.678692724635887e7	3.214392791815423e7
0.8742399999999751	54538.39149232298	3.678444002336917e7	3.2165287594143424e7
0.8748799999999751	54743.668631330875	3.678189614349036e7	3.2186594825835083e7
0.8755199999999751	54952.76753169052	3.6779308407917276e7	3.2207860617801163e7
0.8761599999999751	55166.071426210416	3.677666952567166e7	3.2229078537896987e7
0.876799999999975	55383.520449716	3.677398211411527e7	3.2250250767374758e7
0.877439999999975	55604.54374031231	3.677125371758578e7	3.227138375483836e7
0.878079999999975	55830.006445499486	3.676847088540577e7	3.2292465709442016e7
0.878719999999975	56060.09577649033	3.6765634661639266e7	3.231349745829051e7
0.8793599999999749	56294.701787233265	3.676274517317759e7	3.233447898830814e7
0.8799999999999749	56534.25658694744	3.6759799540225826e7	3.235540770618824e7
0.8806399999999749	56778.8189244579	3.6756792899731845e7	3.237627921904575e7
0.8812799999999749	57028.751579985954	3.675372648191277e7	3.239709452736674e7
0.8819199999999748	57283.51521574444	3.675060403085768e7	3.241785674436976e7
0.8825599999999748	57542.29404499241	3.674743607793544e7	3.2438574951954424e7
0.8831999999999748	57806.411858790685	3.674420661328301e7	3.2459235069755733e7
0.8838399999999748	58075.532052221686	3.6740920160173506e7	3.247984092817001e7
0.8844799999999747	58350.77179516369	3.673756356317805e7	3.250038090151657e7
0.8851199999999747	58631.583157281435	3.673414378206145e7	3.252086094065041e7
0.8857599999999747	58918.752368195564	3.6730650338209376e7	3.254127172184195e7
0.8863999999999747	59212.083732536696	3.67270912709392e7	3.2561620195271593e7
0.8870399999999746	59512.31960952748	3.672345136819365e7	3.2581892813264653e7
0.8876799999999746	59818.855724543646	3.6719743995940164e7	3.2602101204190213e7
0.8883199999999746	60133.22954911633	3.6715948979630254e7	3.262222747666026e7
0.8889599999999745	60455.68068130069	3.671206614179144e7	3.264227131618884e7
0.8895999999999745	60786.92607182632	3.6708078732438356e7	3.2662217717014555e7
0.8902399999999745	61127.396273682665	3.670399572168903e7	3.268207449429051e7
0.8908799999999745	61479.36010061586	3.6699775409417175e7	3.2701804544514816e7
0.8915199999999744	61843.285618189184	3.669543205950473e7	3.2721420349312585e7
0.8921599999999744	62218.85817032799	3.66909556271362e7	3.2740912653969985e7
0.8927999999999744	62610.35751795612	3.6686303724433795e7	3.276024379549948e7
0.8934399999999744	63016.92808231755	3.6681482524360485e7	3.2779418830420144e7
0.8940799999999743	63441.68716870418	3.667646257281492e7	3.2798411400606334e7
0.8947199999999743	63884.92755847418	3.667124164370583e7	3.2817219128628895e7
0.8953599999999743	64349.47420210586	3.66657957817102e7	3.283582044009161e7
0.8959999999999743	64837.22728756743	3.666009310416095e7	3.2854186492965177e7
0.8966399999999742	65352.927418759566	3.6654089494071424e7	3.2872277682541262e7
0.8972799999999742	65900.4172473721	3.6647748579315715e7	3.289006113610711e7
0.8979199999999742	66484.65573150305	3.664101788249764e7	3.2907489530708406e7
0.8985599999999742	67111.26976362409	3.663383504243297e7	3.292450658293245e7
0.8991999999999741	67787.91462485581	3.662612948101163e7	3.2941048651118897e7
0.8998399999999741	68525.06234653611	3.6617802035754584e7	3.295702645409709e7
0.9004799999999741	69336.18774226693	3.660871601068112e7	3.29723169307013e7
0.901119999999974	70237.63178482256	3.659871157177053e7	3.2986776068583794e7
0.901759999999974	71226.43128587623	3.658781824208978e7	3.3000428262595456e7
0.902399999999974	72330.4803022112	3.657574515895017e7	3.3013011886313185e7
0.903039999999974	73575.74718784467	3.656226370202078e7	3.3024320517919227e7
0.903679999999974	74993.7710340991	3.654707727290637e7	3.3034086190005083e7
0.9043199999999739	76618.42500232552	3.652989950734386e7	3.304204957338447e7
0.9049599999999739	78521.41586978453	3.6510045072325915e7	3.3047593064015374e7
0.9055999999999739	80747.50058013816	3.648713087341322e7	3.3050368283016827e7
0.9062399999999738	83329.65635559175	3.646089410327087e7	3.3050133660727147e7
0.9068799999999738	86163.8060912753	3.643237593403051e7	3.3047816660675857e7
0.9075199999999738	89253.69271237844	3.640159208963037e7	3.3043427034682445e7
0.9081599999999738	92576.2438809384	3.636871656910232e7	3.3037115841633033e7
0.9087999999999737	96066.7592214409	3.633428739707732e7	3.3029361674903914e7
0.9094399999999737	99533.94604847753	3.6299925938773215e7	3.3021618439911112e7
0.9100799999999737	103092.5965641931	3.626457893493568e7	3.3012938083388366e7
0.9107199999999737	106641.9785484602	3.6229008048390776e7	3.30040032056743e7
0.9113599999999736	110398.53019065339	3.6191247066702954e7	3.2993040652425554e7
0.9119999999999736	114346.72426745066	3.615163812182093e7	3.298035647883527e7
0.9126399999999736	118550.98192838032	3.6109379395043366e7	3.296522062487269e7
0.9132799999999736	123488.36226082784	3.6060770034503624e7	3.2944288967885777e7
0.9139199999999735	128568.10027399662	3.600986514139576e7	3.292120309209505e7
0.9145599999999735	133559.93154812753	3.595903818049168e7	3.2898109318900995e7
0.9151999999999735	138142.68478897293	3.5911630755452245e7	3.287803896705905e7
0.9158399999999735	142162.80910359003	3.586937933684304e7	3.2862576793867543e7
0.9164799999999734	145689.0719177327	3.583169744984131e7	3.2851202030116186e7
0.9171199999999734	148944.5037100527	3.579641943576446e7	3.2841956713394843e7
0.9177599999999734	152081.44900464365	3.576203888735828e7	3.2833475987627126e7
0.9183999999999733	155142.48861846948	3.572820513019173e7	3.2825443218638405e7
0.9190399999999733	158158.70414018366	3.569455061619659e7	3.2817524326995555e7
0.9196799999999733	161022.60190016427	3.566229340185219e7	3.2810831331199095e7
0.9203199999999733	163752.162114031	3.563123521455319e7	3.2805186164933894e7
0.9209599999999732	166360.05348790364	3.560122896957073e7	3.2800456930442598e7
0.9215999999999732	168905.77929267133	3.5571628140848756e7	3.2796054707701813e7
0.9222399999999732	171440.9525110648	3.554179765017941e7	3.279139871336777e7
0.9228799999999732	173956.9770754469	3.551172283628542e7	3.27864743332222e7
0.9235199999999731	176474.5317039776	3.548120218027536e7	3.2781096609711673e7
0.9241599999999731	178945.1659505542	3.545086871706785e7	3.277584603495017e7
0.9247999999999731	181347.23094403307	3.542102847116255e7	3.277100444189717e7
0.9254399999999731	183682.58395975785	3.539174355111716e7	3.2766630525404952e7
0.926079999999973	185979.93360681736	3.5362691288116165e7	3.2762428784789886e7
0.926719999999973	188270.84022422953	3.5333473737620085e7	3.275803326929797e7
0.927359999999973	190576.23716300822	3.5303810061770365e7	3.2753184756749935e7
0.927999999999973	192874.04942733096	3.52738741541131e7	3.2748042146574777e7
0.9286399999999729	195174.30769607174	3.524353112755397e7	3.2742480384887964e7
0.9292799999999729	197495.03000304502	3.521254877336647e7	3.2736284172634862e7
0.9299199999999729	199844.33947934184	3.5180882659454145e7	3.272941149398936e7
0.9305599999999729	202243.7757748352	3.5148159652721435e7	3.2721515254225314e7
0.9311999999999728	204693.57356448768	3.511444571853434e7	3.2712654770959467e7
0.9318399999999728	207176.3795450332	3.507996214416946e7	3.270303306645171e7
0.9324799999999728	209680.46242289303	3.50448364802469e7	3.2692766745922476e7
0.9331199999999727	212207.1214160537	3.500906051202265e7	3.2681846957257934e7
0.9337599999999727	214744.22704573692	3.497281643727714e7	3.267044173407046e7
0.9343999999999727	217293.05875920222	3.493605235057589e7	3.2658501741031766e7
0.9350399999999727	219882.0488168598	3.48983568937561e7	3.2645643167827897e7
0.9356799999999726	222492.17934774322	3.486004973221967e7	3.2632162030418e7
0.9363199999999726	225141.99999581737	3.482085451168592e7	3.261779953894055e7
0.9369599999999726	227809.78929067907	3.4781052380700976e7	3.2602815967737522e7
0.9375999999999726	230466.606261017	3.4740980780863054e7	3.258752469636694e7
0.9382399999999725	233157.77394774024	3.4699970160300806e7	3.2571299827318694e7
0.9388799999999725	235878.14659861889	3.465810502780224e7	3.2554218520822126e7
0.9395199999999725	238615.09491583554	3.461557365171564e7	3.2536455198199447e7
0.9401599999999725	241451.73862926933	3.457107996716867e7	3.251679501397192e7
0.9407999999999724	244414.11840333135	3.452419818316671e7	3.2494834966531776e7
0.9414399999999724	247495.02106843473	3.4474954904341064e7	3.2470594853575677e7
0.9420799999999724	250693.36986702404	3.442337991650521e7	3.244409791172298e7
0.9427199999999724	254014.95341584767	3.4369409676770814e7	3.2415279867016096e7
0.9433599999999723	257480.15946993706	3.431264744788071e7	3.238376277266418e7
0.9439999999999723	261233.39508921313	3.425067802204039e7	3.234726912293018e7
0.9446399999999723	265222.5680627796	3.418430627094631e7	3.2306545797153737e7
0.9452799999999723	269250.120606296	3.411654813832197e7	3.226442399079163e7
0.9459199999999722	273263.98134997656	3.4048110855396934e7	3.2221567136447534e7
0.9465599999999722	277364.28547080065	3.397724233496821e7	3.217632085200213e7
0.9471999999999722	281353.97362223454	3.3907083800906315e7	3.2131645266024783e7
0.9478399999999721	285284.43927674816	3.3836875016014464e7	3.208682405153089e7
0.9484799999999721	289088.1631606739	3.3767741795396894e7	3.204292156026315e7
0.9491199999999721	292753.4378549884	3.3700016511842325e7	3.200025496663692e7
0.9497599999999721	296338.61271409347	3.363252360144652e7	3.195771366761167e7
0.950399999999972	299857.3269574403	3.3564863037397e7	3.1914918754158266e7
0.951039999999972	303438.6228733831	3.349478203863346e7	3.1869733864996918e7
0.951679999999972	307226.7419248625	3.3419507356980912e7	3.1819521957660478e7
0.952319999999972	311346.786261765	3.3336462668309703e7	3.176182514305273e7
0.9529599999999719	316082.43259268143	3.3239788798099227e7	3.1691057650664877e7
0.9532799999999719	319002.60347748135	3.3179846100356296e7	3.1644587492181193e7
0.9535999999999719	322026.617934233	3.311776235726376e7	3.159604021895795e7
0.9542399999999719	327539.1124938851	3.3003724953382257e7	3.1508462689302288e7
0.9548799999999719	333027.9008770045	3.288877776569561e7	3.1419862331794076e7
0.9555199999999718	338007.10251312266	3.27828162186616e7	3.13396711091744e7
0.9561599999999718	342552.3449032181	3.268421286255742e7	3.1266354465462547e7
0.9567999999999718	346978.8948812649	3.2586507938361377e7	3.1193760283682127e7
0.9574399999999718	351303.7358198832	3.2489169246613372e7	3.1121381690473095e7
0.9580799999999717	355537.2647293291	3.239203562086517e7	3.104906560977505e7
0.9587199999999717	359802.99665574724	3.2292621171694905e7	3.0974434437428385e7
0.9593599999999717	364047.6043642944	3.219241112639993e7	3.0898906432863504e7
0.9599999999999717	368418.7338341902	3.208780465805787e7	3.0819029221088022e7
0.9606399999999716	373121.5305641461	3.1973646518190727e7	3.072984985467685e7
0.9612799999999716	378085.0961298758	3.1851497489780016e7	3.063284696189699e7
0.9619199999999716	383384.7108084944	3.171952634490037e7	3.052624607147326e7
0.9625599999999715	388417.7385968126	3.1592357738724485e7	3.0424082225118816e7
0.9631999999999715	393209.11454323545	3.14690546619523e7	3.032546354580676e7
0.9638399999999715	397735.2865372011	3.1349979608681105e7	3.02307464539915e7
0.9644799999999715	402268.8096894702	3.122823079855383e7	3.0133292628708486e7
0.9651199999999714	406958.8056321513	3.109969188380926e7	3.0029129354041565e7
0.9657599999999714	411846.95520367514	3.0963964339533e7	2.9917859840292692e7
0.9660799999999714	414601.73700746056	3.0886859776556414e7	2.985324078385404e7
0.9663999999999714	417441.94716791663	3.080696092810078e7	2.9785873090340566e7
0.9667199999999714	420523.7695604727	3.0719587477828283e7	2.971123463761626e7
0.9670399999999714	424076.32474998676	3.0617599368033554e7	2.9622420848526064e7
0.9671999999999714	426375.68281616934	3.055120226145085e7	2.9563107949670773e7
0.9673599999999715	429074.2074341992	3.047263068559037e7	2.9492009002142496e7
0.9674399999999714	431357.05044137244	3.0406270300542306e7	2.9430287125118162e7
0.9674799999999715	433575.92703952873	3.034189186086865e7	2.9369273426699676e7
0.9675199999999715	435704.1427344605	3.0279827533933174e7	2.931049040618619e7
0.9675999999999715	438384.3791627496	3.0201193198201142e7	2.9236878192463446e7
0.9676799999999715	440973.8044108577	3.0124820307654534e7	2.916543838866885e7
0.9678399999999715	444081.8515745561	3.003276436793616e7	2.908119233820913e7
0.9681599999999715	448227.8992476206	2.9908949977289494e7	2.89709205863238e7
0.9684799999999715	451609.99938628025	2.9806932941482082e7	2.888165316234638e7
0.9687999999999715	454675.9581673118	2.9713406867123023e7	2.880053446276277e7
0.9691199999999714	457819.5025639162	2.961648851031517e7	2.871606881135498e7
0.9694399999999714	461097.59598663944	2.9514351985113353e7	2.862648453098081e7
0.9697599999999714	464360.4593343133	2.9411206599266373e7	2.8535853971994e7
0.9700799999999714	467818.93236400833	2.9300438110285e7	2.843776614448078e7
0.9703999999999714	471703.2731669784	2.917447175516734e7	2.8324869808099307e7
0.9704799999999714	472871.4707905223	2.9136462732693434e7	2.8290313518641237e7
0.9705199999999714	474188.40551274683	2.9094274060742624e7	2.8250553935625628e7
0.9705599999999714	475775.1096956499	2.9043316106329527e7	2.820228769938781e7
0.9706399999999714	477649.86248966854	2.8982969898432977e7	2.814605370217687e7
0.9706499999999714	478018.03220989776	2.8973184841615193e7	2.813685169575833e7
0.9706599999999713	478338.17315162905	2.8983217435606115e7	2.814688427804488e7
0.9709799999999713	483237.285159772	2.8823405118815973e7	2.8000973448282458e7
0.9711399999999714	485746.4362746825	2.8740526584619068e7	2.792509362953704e7
0.9711799999999714	486485.4754766387	2.8716051251361303e7	2.79024751656995e7
0.9711899999999714	491329.11453358317	2.8558506270235084e7	2.774989089637852e7
0.9711999999999713	514988.1717645126	2.7936129218843374e7	2.714640035668672e7
0.9715199999999713	519366.79303572763	2.7790739571909077e7	2.701405087516598e7
0.9718399999999713	523412.7418278168	2.7653233219920672e7	2.68892574752568e7
0.9721599999999713	527264.7790964616	2.7520821360827826e7	2.6769320745591648e7
0.9724799999999713	531442.9976306134	2.7375443924771454e7	2.6636697019255765e7
0.9727999999999712	536255.3561101411	2.720586186638525e7	2.6480448569305003e7
0.9729599999999713	538995.3225971339	2.710825660262715e7	2.6389823777614374e7
0.9731199999999713	541887.5024535641	2.7004288590085104e7	2.629297924884881e7
0.9732799999999714	545067.8868171648	2.6889050387732107e7	2.6185139175306905e7
0.9734399999999714	548989.6541129281	2.674603265845975e7	2.6050239196263548e7
0.9735199999999714	551755.9362969871	2.6644960289090525e7	2.5954012237827808e7
0.9735999999999714	554484.693001283	2.654533280585949e7	2.585917441567929e7
0.9736799999999713	557070.2948739682	2.645136511009407e7	2.5769827270556737e7
0.9738399999999714	560893.2540687503	2.631106600546529e7	2.5637441486288022e7
0.9739199999999714	563566.0601930856	2.621424512788447e7	2.5545275417798344e7
0.9740799999999714	566907.9261992002	2.6092040573780235e7	2.5430429135554206e7
0.9742399999999715	569658.7728330909	2.599033872363279e7	2.5335502008099467e7
0.9743999999999715	572245.8880985965	2.589404087305163e7	2.5245802921436112e7
0.9747199999999715	577182.5899469253	2.570753197654258e7	2.5072236744048726e7
0.9750399999999715	582352.3781681318	2.550907155691673e7	2.488690064621445e7
0.9751999999999715	585285.0118179241	2.539669834775091e7	2.4781375297019064e7
0.9755199999999715	590696.7494860754	2.5184409024128854e7	2.45823549476449e7
0.9758399999999715	596339.8713047212	2.4958613139001083e7	2.4370020616852846e7
0.9761599999999715	602176.5664850355	2.472090256155841e7	2.4145912133835174e7
0.9763199999999715	605332.0629135674	2.459085226161179e7	2.4022875143305935e7
0.9764799999999716	608596.9982858619	2.4455206270789567e7	2.3894334020699605e7
0.9766399999999716	611778.3176534566	2.432228062699952e7	2.3768403293052524e7
0.9767999999999717	615034.2063760979	2.4185334308584817e7	2.3638503346212905e7
0.9769599999999717	618543.6177256702	2.4036663613022245e7	2.349711012832995e7
0.9771199999999718	622527.5794845275	2.3866622994975626e7	2.3334798091868535e7
0.9771999999999718	624820.5145225971	2.3768230491217725e7	2.3240560743748423e7
0.9772799999999717	627335.6840767725	2.3659891264566615e7	2.3136591601777233e7
0.9774399999999718	631718.4184733047	2.3470239252898864e7	2.295500222287358e7
0.9775999999999718	635473.3160648982	2.3306727290478442e7	2.279889120145094e7
0.9777599999999719	638877.4379570414	2.3157416977057733e7	2.26566046577075e7
0.9779199999999719	642265.7842728999	2.3007670928728133e7	2.2513842783137936e7
0.978079999999972	645931.3851901632	2.2844589604215585e7	2.2357995016053926e7
0.978239999999972	649702.8007561465	2.2675471657328174e7	2.2196190927008547e7
0.9783999999999721	653560.8221683813	2.250098145303996e7	2.2029077167412523e7
0.9785599999999721	657524.8648559495	2.232029842636532e7	2.1855848561205957e7
0.9787199999999722	661524.2194580479	2.213679906447506e7	2.16798052157725e7
0.9788799999999722	664733.5452521064	2.1988493355227657e7	2.1538135548040383e7
0.9791999999999722	669623.05628743	2.176017781630791e7	2.1321494277298898e7
0.9795199999999722	674051.1796670198	2.155038300404857e7	2.1122835728284657e7
0.9796799999999722	676509.6418565435	2.143252726381904e7	2.1010764985740185e7
0.9798399999999723	679580.9383203223	2.1284147767031014e7	2.0868759699763633e7
0.9799199999999723	681670.1148858761	2.1182856732170247e7	2.077119290489461e7
0.9799999999999722	684014.0991025107	2.106896890208321e7	2.0661269806023028e7
0.9800799999999722	686587.6037779314	2.0943709516389303e7	2.054018764788952e7
0.9801599999999722	689488.2843981376	2.0802196136400666e7	2.0403160012616377e7
0.9802399999999721	692882.9469503855	2.0636022439445086e7	2.0241946003072836e7
0.9802799999999722	694893.1345289169	2.0537322022398096e7	2.014602932472876e7
0.9803199999999722	697126.061650909	2.042743976343158e7	2.003914718977999e7
0.9803599999999723	699640.6318731732	2.0303416549553294e7	1.9918398390529513e7
0.9804399999999722	703302.7537045439	2.0122043298549615e7	1.9742212733491905e7
0.9805999999999723	708249.443303648	1.9875187721459955e7	1.950334911886319e7
0.9807599999999723	712756.5157303074	1.964808219381294e7	1.9283766527766105e7
0.9809199999999724	716978.8966168442	1.943333683429924e7	1.907622872484774e7
0.9810799999999724	720640.5499441805	1.9245155555775825e7	1.8894671731864978e7
0.9812399999999725	723765.9931743866	1.9082795958925594e7	1.8738380556767598e7
0.9813999999999725	726848.1131819497	1.8921046111097645e7	1.858263402833591e7
0.9815599999999726	730132.7910408325	1.874695135952304e7	1.8414721225119732e7
0.9817199999999726	733821.1585985805	1.8549534493170712e7	1.8223863253414243e7
0.9817999999999726	735920.3025807043	1.8436384567909423e7	1.8114236118279953e7
0.9818799999999726	738242.1228022036	1.831058630633839e7	1.799217542973223e7
0.9819599999999725	740965.8662438801	1.8162226153008737e7	1.784794661743502e7
0.9820399999999725	743977.2305799713	1.799732539575015e7	1.7687455262703218e7
0.9820799999999725	745679.3580001623	1.790378514775911e7	1.759631189200616e7
0.9820899999999725	766222.9160324157	1.676821195193429e7	1.6481616328300847e7
0.9822499999999725	770615.1159636814	1.6525490266320981e7	1.6245841232401706e7
0.9824099999999726	774226.2961703213	1.6323722881188527e7	1.6050207236257631e7
0.9824899999999726	776182.1395060733	1.6213641732807323e7	1.5943331815328194e7
0.9826499999999726	779332.4891255508	1.6035116582765054e7	1.577042872873999e7
0.9828099999999726	781761.6648451384	1.5896157990227975e7	1.563634151739423e7
0.9828899999999726	783127.6422374892	1.5817491178555422e7	1.556025321844861e7
0.9829099999999726	783538.7722845736	1.57937676478872e7	1.553724283640274e7
0.9829199999999726	803064.4242351858	1.4710028768509917e7	1.4472497817509323e7
0.9832399999999726	807814.9113023891	1.4432582266235802e7	1.4204231165366745e7
0.9835599999999726	811181.9588564934	1.4231178012726195e7	1.4010553277600208e7
0.9837199999999726	813055.3319393266	1.4117528427798286e7	1.390093160579734e7
0.9838799999999727	815106.4986270638	1.3991891410056781e7	1.3779481637284175e7
0.9840399999999727	817436.6686231242	1.384787589455394e7	1.363991008450773e7
0.9841999999999728	820177.7282655276	1.367699661010861e7	1.347385887177514e7
0.9843599999999728	823403.0170276966	1.3474124495066218e7	1.3276267211149352e7
0.9845199999999729	826337.6749777608	1.3287013064608548e7	1.3094121809576726e7
0.9846799999999729	829119.5071184026	1.3107221863305196e7	1.2919121335208083e7
0.984839999999973	831835.3140219453	1.2929173940103073e7	1.2745778286531355e7
0.984999999999973	834724.1944835357	1.273752734015898e7	1.2558985292973528e7
0.9851599999999731	837917.9043746082	1.2523350091810811e7	1.2349938278148944e7
0.9853199999999731	841521.2668724672	1.2279144948317304e7	1.2111240632673386e7
0.9853999999999731	843496.1562127062	1.2144274322831698e7	1.1979282961598758e7
0.985479999999973	845595.8646249744	1.2000139292282753e7	1.183817532171286e7
0.985559999999973	847859.7830849399	1.1843917520403095e7	1.1685134446675923e7
0.985639999999973	850328.6619828	1.1672654919988368e7	1.1517246314923117e7
0.985719999999973	853048.0658632311	1.1483017998695008e7	1.1331222028053883e7
0.9857999999999729	856079.9937845779	1.1270468009030644e7	1.1122583699213868e7
0.9858799999999729	859507.231622345	1.1028932427105613e7	1.0885340143345112e7
0.9859199999999729	861402.0181659121	1.0894875581827294e7	1.075360427405067e7
0.985959999999973	863441.0041393026	1.0750235733991489e7	1.0611425135984097e7
0.985999999999973	865608.9755772447	1.059603461850053e7	1.0459808659499342e7
0.986039999999973	867829.980808387	1.0437621316554926e7	1.0304027029507646e7
0.9860799999999731	870103.0726618724	1.0275046830086555e7	1.0144130012982951e7
0.9861199999999731	872462.7964730182	1.0105806420521032e7	9.977647611018999e6
0.9861599999999732	874990.3291185432	9.924031701282144e6	9.798792968691157e6
0.9861999999999732	877762.7591015999	9.724115435064018e6	9.6020357681355e6
0.9862399999999732	880864.3528129923	9.499883094852388e6	9.381285396961695e6
0.9862799999999733	883871.3030251818	9.282020727836326e6	9.166798117727691e6
0.9864399999999733	888819.9020353848	8.922228215582263e6	8.813295198850352e6
0.9865999999999734	891072.9936492557	8.757798422163203e6	8.652384301420907e6
0.9867599999999734	893351.2063894962	8.589656495586697e6	8.48775741355752e6
0.9869199999999735	895911.5036232072	8.398361889326267e6	8.300229838281072e6
0.9870799999999735	898869.0957900973	8.1746300388084315e6	8.080627207424442e6
0.9872399999999736	901492.5263787959	7.973652154418901e6	7.883411397564922e6
0.9873999999999736	902737.7847872975	7.8762274460288435e6	7.788361476297016e6
0.9875599999999737	903947.12779148	7.779870343922958e6	7.694333859114101e6
0.9877199999999737	905421.1685854372	7.660671851648677e6	7.577717373260483e6
0.9877999999999737	906324.545239201	7.586925822358917e6	7.505422486777881e6
0.9878799999999737	907380.6386273747	7.500122263785582e6	7.420218235288491e6
0.9879599999999736	908639.827680538	7.395950354514681e6	7.317843135771426e6
0.9880399999999736	910170.0980534113	7.268541663721602e6	7.192495539796043e6
0.9881199999999736	912079.3457473285	7.108582271290153e6	7.034967816534541e6
0.9881599999999736	913220.2554316507	7.012558390196431e6	6.940342226680655e6
0.9881999999999737	914519.4203147374	6.902870871777426e6	6.832208324650008e6
0.9882399999999737	916011.9764995318	6.776460941721354e6	6.707542061890191e6
0.9882799999999737	917739.9140406091	6.629664864101682e6	6.562721103686816e6
0.9883199999999738	919762.6803858116	6.45729256161651e6	6.39261421260359e6
0.9883599999999738	922155.1927872796	6.252786738043472e6	6.190738186856551e6
0.9883999999999739	925021.6511432122	6.007019882044755e6	5.948068702566165e6
0.9884199999999739	926674.7014241792	5.864970109807335e6	5.807784648978129e6
0.9884299999999738	930994.9330794249	5.516565997413661e6	5.4635109401991945e6
0.9885899999999739	933068.8863468762	5.33775852955766e6	5.28750102072851e6
0.9887499999999739	935443.5860077392	5.129988994942993e6	5.082800359092362e6
0.988909999999974	938206.8516453765	4.884697773019087e6	4.84093118870095e6
0.988989999999974	939766.8026098736	4.744726428321477e6	4.702833822842293e6
0.9890699999999739	941465.8130910425	4.591153503088735e6	4.551262416636965e6
0.989229999999974	943794.2423738926	4.379242023614932e6	4.342242251010876e6
0.989389999999974	944979.8699251111	4.2703119622491e6	4.235030188749457e6
0.9895499999999741	946267.6753909235	4.150164032272771e6	4.1166833153432724e6
0.9897099999999741	947800.7490479623	4.0048506798609346e6	3.9733936360727903e6
0.9898699999999742	949691.8376492541	3.822696345505722e6	3.7935928098410615e6
0.9899499999999741	950829.3885670477	3.7118069571536854e6	3.6840591325893183e6
0.9900299999999741	952138.7763461892	3.5831066693888605e6	3.556875919495157e6
0.9901099999999741	953671.3804805828	3.4312039981059954e6	3.406701200517616e6
0.990189999999974	955498.9405001983	3.248528668631822e6	3.226034046998791e6
0.990269999999974	957728.450253099	3.023762064518675e6	3.0036595574518177e6
0.990309999999974	959042.6870482344	2.8904245878713205e6	2.8717094972522943e6
0.9903499999999741	960526.3800848409	2.739238286494769e6	2.722073716597867e6
0.9903899999999741	962215.6216900318	2.5663512546803057e6	2.550935511247228e6
0.9904299999999742	964157.5104346434	2.366729853609197e6	2.35330723628498e6
0.9904699999999742	966406.5891554657	2.1345058601920083e6	2.1233738741389997e6
0.9905099999999742	967913.3901784606	1.9783693523782045e6	1.968780125296903e6
0.9905499999999743	969071.6202224677	1.857801723706223e6	1.8494032242282787e6
0.9905899999999743	970423.0517427919	1.7164797237790525e6	1.709459330495172e6
0.9906299999999744	972024.44901737	1.5482535012033954e6	1.5428542349843977e6
0.9906699999999744	973944.7644642688	1.3456023611904308e6	1.3421347958129663e6
0.9906899999999744	975050.4441188553	1.228522730294697e6	1.2261629033103934e6
0.9958099999999744	977413.9999999999	977414.0	977414.0
