lambda	f0	f1	fla
0.0	17690.473370691547	1.5125290421084974e7	17690.473370691547
0.00064	17682.338952386945	1.5125282918266052e7	27351.203323147693
0.00128	17681.248043037256	1.512527906398252e7	37018.9732474398
0.0019200000000000003	17681.30952034025	1.5125276243374027e7	46687.89179333934
0.00256	17681.580684870292	1.5125273596332198e7	56357.01624492745
0.0032	17681.888035012646	1.5125271052998835e7	66026.17336289688
0.00384	17682.206670985033	1.5125268463454425e7	75695.33789703345
0.0044800000000000005	17682.527037666747	1.5125265858752185e7	85364.5003637478
0.00512	17682.848105766425	1.5125263248284204e7	95033.65975468003
0.00576	17683.169685757864	1.5125260633641187e7	104702.81587814113
0.0064	17683.491673163197	1.5125258015267514e7	114371.96862416704
0.00704	17683.814152484734	1.5125255392948112e7	124041.11806720596
0.00768	17684.137044153027	1.5125252766690794e7	133710.26411983924
0.008320000000000001	17684.460459760547	1.5125250136500774e7	143379.4068844218
0.008960000000000001	17684.784271593056	1.5125247503105644e7	153048.54623234615
0.009600000000000001	17685.108494568045	1.5125244866011936e7	162717.6821667348
0.01024	17685.433249757007	1.5125242224735588e7	172386.81479457192
0.01088	17685.75844322562	1.51252395795125e7	182055.94401645934
0.01152	17686.084075467883	1.5125236930941124e7	191725.06983136025
0.01216	17686.410188283764	1.5125234277617082e7	201394.19225621797
0.0128	17686.736867790933	1.5125231620084789e7	211063.3113729685
0.01344	17687.0637732661	1.5125228960464869e7	220732.42686480124
0.01408	17687.391324768192	1.5125226295804478e7	230401.5390998425
0.01472	17687.719157550386	1.512522362859642e7	240070.64774449056
0.01536	17688.04769679356	1.5125220955158086e7	249739.75315539903
0.016	17688.37657099346	1.5125218279278899e7	259408.85501431994
0.016640000000000002	17688.705841877207	1.5125215599691315e7	269077.9533555319
0.017280000000000004	17689.03569424467	1.5125212916020356e7	278747.04834627995
0.017920000000000005	17689.365978634705	1.5125210228253959e7	288416.1398306086
0.018560000000000007	17689.696720835407	1.5125207536403647e7	298085.2278253485
0.01920000000000001	17690.02792987571	1.5125204840967314e7	307754.31234019465
0.01984000000000001	17690.359564917835	1.5125202141115313e7	317423.39331087784
0.020480000000000012	17690.691748105437	1.5125199437985327e7	327092.4708710439
0.021120000000000014	17691.02440564928	1.5125196730540544e7	336761.54491921846
0.021760000000000015	17691.357501841427	1.5125194019285511e7	346430.6154222543
0.022400000000000017	17691.691036456963	1.512519130392784e7	356099.6823652242
0.02304000000000002	17692.025153780898	1.5125188584073681e7	365768.7458712957
0.02368000000000002	17692.359671148344	1.5125185860806247e7	375437.80577802774
0.024320000000000022	17692.694645595726	1.5125183133241078e7	385106.8621122382
0.024960000000000024	17693.030093063866	1.512518040260961e7	394775.91491107724
0.025600000000000026	17693.36606363512	1.5125177667228566e7	404444.96417345776
0.026240000000000027	17693.702511266783	1.5125174927746218e7	414114.0098614323
0.02688000000000003	17694.039481753767	1.5125172183738697e7	423783.0519993808
0.02752000000000003	17694.37681264918	1.5125169436548945e7	433452.0904565925
0.028160000000000032	17694.714770648818	1.512516668473155e7	443121.1254447483
0.028800000000000034	17695.05313435065	1.512516392939156e7	452790.1567705588
0.029440000000000036	17695.391961953133	1.5125161169548713e7	462459.1844541079
0.030080000000000037	17695.73134829092	1.5125158405605083e7	472128.2085899358
0.03072000000000004	17696.07120674471	1.5125155637565048e7	481797.2290852724
0.03136000000000004	17696.411526675212	1.5125152865417005e7	491466.24592067656
0.03200000000000004	17696.752275659488	1.512515008978953e7	501135.259076104
0.032640000000000044	17697.09356919531	1.5125147309988644e7	510804.26863312675
0.033280000000000046	17697.43540347947	1.5125144525369527e7	520473.27455755026
0.03392000000000005	17697.777738474775	1.5125141736360032e7	530142.2768149187
0.03456000000000005	17698.120408330615	1.5125138944526754e7	539811.275289864
0.03520000000000005	17698.463772416006	1.5125136147012718e7	549480.2702224754
0.03584000000000005	17698.807525067747	1.5125133346020669e7	559149.261384751
0.036480000000000054	17699.151803868775	1.5125130540870063e7	568818.2488770044
0.037120000000000056	17699.496535292612	1.5125127731798995e7	578487.2326282822
0.03776000000000006	17699.841811570786	1.5125124918619297e7	588156.2127118314
0.03840000000000006	17700.18761421877	1.512512210076751e7	597825.1890793061
0.03904000000000006	17700.53390682399	1.5125119278395388e7	607494.1616916584
0.03968000000000006	17700.880589926994	1.5125116453119721e7	617163.1305079102
0.040320000000000064	17701.227898965273	1.5125113622290928e7	626832.0956408501
0.040960000000000066	17701.575731283585	1.5125110787338786e7	636501.0570387278
0.04160000000000007	17701.923998089605	1.5125107948517926e7	646170.0146181158
0.04224000000000007	17702.27275021427	1.5125105106084058e7	655838.9684302369
0.04288000000000007	17702.622102615278	1.5125102258194251e7	665507.9184982257
0.04352000000000007	17702.97192668481	1.5125099406489585e7	675176.8647588633
0.044160000000000074	17703.322232835526	1.5125096550681157e7	684845.8072011145
0.044800000000000076	17703.673060220935	1.512509369068719e7	694514.7458499103
0.04544000000000008	17704.02443212492	1.512509082586678e7	704183.6806893168
0.04608000000000008	17704.376332130076	1.5125087956108978e7	713852.6116882483
0.04672000000000008	17704.728690162665	1.5125085083203474e7	723521.5388530259
0.04736000000000008	17705.0815007334	1.5125082206391288e7	733190.4621355513
0.048000000000000084	17705.434959013557	1.5125079324524412e7	742859.3816581538
0.048640000000000086	17705.788835402178	1.5125076438693091e7	752528.2972444815
0.04928000000000009	17706.143326251226	1.5125073547633193e7	762197.2090104987
0.04992000000000009	17706.498282314547	1.5125070652812114e7	771866.1168764435
0.05056000000000009	17706.853800337853	1.5125067753504477e7	781535.0208893805
0.05120000000000009	17707.209773546972	1.5125064849405192e7	791203.9209226886
0.051840000000000094	17707.566401132888	1.5125061940737788e7	800872.8171667466
0.052480000000000096	17707.923359666387	1.5125059029559553e7	810541.7094130379
0.0531200000000001	17708.28093852053	1.5125056112081435e7	820210.5977288336
0.0537600000000001	17708.63905703728	1.5125053190368196e7	829879.4821355266
0.0544000000000001	17708.997790224486	1.5125050264107767e7	839548.3626779004
0.0550400000000001	17709.356910160906	1.5125047334264148e7	849217.2391837259
0.055680000000000104	17709.716586481834	1.5125044399496436e7	858886.1117309097
0.056320000000000106	17710.076749803175	1.5125041460784543e7	868554.9802986414
0.05696000000000011	17710.43757903737	1.5125038516502947e7	878223.8449545449
0.05760000000000011	17710.798918271954	1.512503556798177e7	887892.7056163311
0.05824000000000011	17711.160791954557	1.5125032615125364e7	897561.562292334
0.05888000000000011	17711.52321304569	1.5125029657380065e7	907230.4149528015
0.059520000000000114	17711.886112522046	1.5125026695462301e7	916899.2635650226
0.060160000000000116	17712.24950381398	1.5125023729726296e7	926568.1081540002
0.06080000000000012	17712.613615999544	1.5125020758320991e7	936236.9488140648
0.06144000000000012	17712.978029307043	1.5125017783480102e7	945905.7852762057
0.06208000000000012	17713.34315093938	1.5125014803090714e7	955574.6177840024
0.06272000000000012	17713.708788531083	1.5125011818819746e7	965243.4462496907
0.06336000000000012	17714.075028493808	1.5125008828889951e7	974912.2706331576
0.06400000000000013	17714.44174021189	1.5125005835059194e7	984581.0909126287
0.06464000000000013	17714.80889149874	1.5125002838017596e7	994249.9070942117
0.06528000000000013	17715.176762002317	1.5124999833852911e7	1.0039187191768988e6
0.06592000000000013	17715.54516734207	1.512499682624147e7	1.0135875272157507e6
0.06656000000000013	17715.91403765117	1.5124993814143335e7	1.0232563310686875e6
0.06720000000000013	17716.283499367797	1.5124990796704661e7	1.0329251307867655e6
0.06784000000000014	17716.65361949857	1.5124987774758942e7	1.0425939264776005e6
0.06848000000000014	17717.024103097752	1.5124984749109434e7	1.0522627179115338e6
0.06912000000000014	17717.395253056424	1.5124981718474938e7	1.061931505274155e6
0.06976000000000014	17717.766972367433	1.512497868185912e7	1.0716002883948693e6
0.07040000000000014	17718.139219271176	1.5124975641775677e7	1.0812690673992443e6
0.07104000000000014	17718.512036457858	1.5124972596665656e7	1.0909378422085182e6
0.07168000000000015	17718.885418417598	1.512496954708773e7	1.100606612846876e6
0.07232000000000015	17719.25934883895	1.5124966492429283e7	1.1102753792452188e6
0.07296000000000015	17719.633880828253	1.5124963432865024e7	1.1199441414547174e6
0.07360000000000015	17720.008920376014	1.5124960368797526e7	1.1296128994073365e6
0.07424000000000015	17720.384597514192	1.512495729941813e7	1.139281653153799e6
0.07488000000000015	17720.76077575445	1.512495422650128e7	1.1489504026892842e6
0.07552000000000016	17721.137538428884	1.5124951147936309e7	1.158619147923679e6
0.07616000000000016	17721.5149168965	1.5124948064290505e7	1.1682878889171928e6
0.07680000000000016	17721.892835449657	1.512494497617604e7	1.1779566256360095e6
0.07744000000000016	17722.271368208374	1.5124941882173428e7	1.187625358028967e6
0.07808000000000016	17722.65037693104	1.5124938785765845e7	1.1972940862281e6
0.07872000000000016	17723.030001925457	1.5124935682862345e7	1.2069628100351002e6
0.07936000000000017	17723.410238485078	1.512493257522292e7	1.2166315295716524e6
0.08000000000000017	17723.791008420452	1.5124929463599857e7	1.226300244815738e6
0.08064000000000017	17724.172365287428	1.5124926345918015e7	1.235968955640582e6
0.08128000000000017	17724.554346894387	1.51249232230782e7	1.2456376621413776e6
0.08192000000000017	17724.93692510558	1.5124920095908288e7	1.2553063643490104e6
0.08256000000000017	17725.320040716204	1.512491696402607e7	1.2649750621681497e6
0.08320000000000018	17725.703751446265	1.512491382684526e7	1.2746437555928542e6
0.08384000000000018	17726.08807594073	1.5124910685111534e7	1.2843124446914075e6
0.08448000000000018	17726.47291617199	1.5124907538489407e7	1.2939811293358016e6
0.08512000000000018	17726.858426349783	1.5124904386226496e7	1.303649809592701e6
0.08576000000000018	17727.244493025497	1.5124901229827326e7	1.3133184854752978e6
0.08640000000000018	17727.631137408436	1.5124898068066053e7	1.322987156888046e6
0.08704000000000019	17728.018328358412	1.512489490141696e7	1.3326558238323932e6
0.08768000000000019	17728.40618843131	1.5124891729728337e7	1.3423244863964133e6
0.08832000000000019	17728.794545165783	1.5124888553371357e7	1.3519931444446978e6
0.08896000000000019	17729.18369075918	1.5124885370655747e7	1.3616617980831673e6
0.0896000000000002	17729.573356753295	1.512488218365878e7	1.3713304472398178e6
0.0902400000000002	17729.963579642917	1.512487899180924e7	1.3809990918870848e6
0.0908800000000002	17730.354402733083	1.5124875794784572e7	1.3906677320246375e6
0.0915200000000002	17730.745818572283	1.5124872592897201e7	1.4003363676632112e6
0.0921600000000002	17731.137855473873	1.5124869385787876e7	1.410004998784927e6
0.0928000000000002	17731.530493175982	1.5124866173225591e7	1.4196736253387472e6
0.0934400000000002	17731.923809449225	1.5124862955261651e7	1.4293422473883461e6
0.0940800000000002	17732.317610453403	1.5124859733271461e7	1.4390108648758442e6
0.0947200000000002	17732.712087647935	1.512485650568922e7	1.448679477817592e6
0.09536000000000021	17733.107188236972	1.5124853272200027e7	1.4583480861237645e6
0.09600000000000021	17733.50300039575	1.5124850033260679e7	1.4680166899053862e6
0.09664000000000021	17733.899268058693	1.5124846790598372e7	1.4776852890862233e6
0.09728000000000021	17734.296177136628	1.5124843542275991e7	1.4873538836376364e6
0.09792000000000022	17734.693754340788	1.5124840288000299e7	1.4970224735429084e6
0.09856000000000022	17735.091917126687	1.512483702961725e7	1.5066910588968543e6
0.09920000000000022	17735.490647061586	1.5124833765790334e7	1.5163596395412774e6
0.09984000000000022	17735.8900879825	1.5124830495614672e7	1.5260282155037706e6
0.10048000000000022	17736.290071954394	1.5124827221305363e7	1.5356967868422908e6
0.10112000000000022	17736.690761187703	1.5124823941140253e7	1.5453653535195221e6
0.10176000000000023	17737.09198709624	1.512482065626453e7	1.5550339154879714e6
0.10240000000000023	17737.49390478152	1.512481736589598e7	1.5647024727966837e6
0.10304000000000023	17737.89647434526	1.512481406983172e7	1.5743710253770924e6
0.10368000000000023	17738.299710470328	1.5124810767960511e7	1.584039573218638e6
0.10432000000000023	17738.703482829016	1.5124807461598026e7	1.5937081163294099e6
0.10496000000000023	17739.107869052867	1.5124804150071343e7	1.603376654698609e6
0.10560000000000024	17739.513000026673	1.5124800832501713e7	1.6130451883394085e6
0.10624000000000024	17739.918697010206	1.5124797509914774e7	1.622713717187989e6
0.10688000000000024	17740.325041216533	1.5124794181352219e7	1.63238224120374e6
0.10752000000000024	17740.73201501665	1.5124790848635532e7	1.6420507605540582e6
0.10816000000000024	17741.139663570448	1.5124787509469744e7	1.6517192750218099e6
0.10880000000000024	17741.547981124484	1.5124784164967101e7	1.6613877847092024e6
0.10944000000000025	17741.956798320236	1.5124780816110164e7	1.671056289561412e6
0.11008000000000025	17742.366365601327	1.5124777460565215e7	1.6807247895350987e6
0.11072000000000025	17742.776614329778	1.5124774099366745e7	1.690393284669481e6
0.11136000000000025	17743.187434443218	1.5124770733473811e7	1.700061774961391e6
0.11200000000000025	17743.59898677486	1.512476736197211e7	1.7097302604411363e6
0.11264000000000025	17744.011042986178	1.5124763984978177e7	1.71939874090705e6
0.11328000000000026	17744.423835664194	1.5124760602701085e7	1.729067216577543e6
0.11392000000000026	17744.837446020752	1.5124757213103233e7	1.7387356872808943e6
0.11456000000000026	17745.251453144938	1.5124753820335424e7	1.7484041531043025e6
0.11520000000000026	17745.66625149851	1.5124750420734933e7	1.758072613967994e6
0.11584000000000026	17746.081668608495	1.5124747015864355e7	1.7677410698858476e6
0.11648000000000026	17746.497789122	1.5124743605850358e7	1.7774095209360986e6
0.11712000000000027	17746.91455787747	1.5124740189376064e7	1.7870779669045873e6
0.11776000000000027	17747.331943899007	1.5124736767481284e7	1.7967464078727853e6
0.11840000000000027	17747.75007365718	1.5124733339992536e7	1.8064148439200565e6
0.11904000000000027	17748.168860381607	1.5124729906742085e7	1.8160832749378236e6
0.11968000000000027	17748.588203327403	1.5124726468823953e7	1.825751700956008e6
0.12032000000000027	17749.008288128483	1.5124723024455376e7	1.835420121913376e6
0.12096000000000028	17749.429101898673	1.5124719574215326e7	1.845088537854823e6
0.12160000000000028	17749.850557262867	1.5124716117981194e7	1.854756948676017e6
0.12224000000000028	17750.272657733276	1.5124712656745648e7	1.864425354488644e6
0.12288000000000028	17750.695453628494	1.512470918983599e7	1.8740937552433372e6
0.12352000000000028	17751.118933592217	1.5124705716789264e7	1.8837621508607292e6
0.12416000000000028	17751.543102202595	1.5124702237866446e7	1.8934305413641355e6
0.12480000000000029	17751.967960448223	1.5124698752996678e7	1.903098926732974e6
0.12544000000000027	17752.393343540516	1.5124695264190193e7	1.9127673070625486e6
0.12608000000000028	17752.819581008163	1.5124691767676959e7	1.9224356821569498e6
0.12672000000000028	17753.246552548106	1.51246882658417e7	1.9321040521968736e6
0.12736000000000028	17753.674038045232	1.5124684758317964e7	1.9417724169319398e6
0.12800000000000028	17754.102344387575	1.5124681244352521e7	1.951440776521433e6
0.12864000000000028	17754.531290744904	1.5124677725294624e7	1.9611091309674082e6
0.12928000000000028	17754.96094116908	1.5124674199306063e7	1.9707774800769868e6
0.12992000000000029	17755.39131244459	1.5124670668343319e7	1.9804458241043e6
0.1305600000000003	17755.82237292385	1.5124667131528195e7	1.9901141628962404e6
0.1312000000000003	17756.25408122721	1.5124663588693717e7	1.9997824963823901e6
0.1318400000000003	17756.686551730618	1.5124660039439615e7	2.0094508245964737e6
0.1324800000000003	17757.119652640195	1.5124656484850913e7	2.019119147554112e6
0.1331200000000003	17757.553578686868	1.5124652923161397e7	2.0287874651775418e6
0.1337600000000003	17757.98809995544	1.5124649358147278e7	2.0384557777574898e6
0.1344000000000003	17758.423315624503	1.5124645784442222e7	2.0481240846510436e6
0.1350400000000003	17758.85931337825	1.5124642205100287e7	2.057792386328447e6
0.1356800000000003	17759.296071093966	1.5124638619994208e7	2.0674606827409866e6
0.1363200000000003	17759.73343799913	1.5124635029468786e7	2.0771289737929206e6
0.1369600000000003	17760.17150414745	1.5124631432428874e7	2.0867972594004027e6
0.1376000000000003	17760.610301788918	1.5124627830347748e7	2.0964655397801176e6
0.1382400000000003	17761.04984499138	1.5124624220635662e7	2.1061338145750985e6
0.1388800000000003	17761.490088623417	1.5124620605886206e7	2.115802084090596e6
0.1395200000000003	17761.93111259528	1.5124616984838272e7	2.1254703482084065e6
0.1401600000000003	17762.372941590285	1.5124613355661817e7	2.135138606679662e6
0.1408000000000003	17762.81524343943	1.5124609723804496e7	2.144806859968841e6
0.14144000000000032	17763.25841758797	1.5124606083433742e7	2.1544751075878777e6
0.14208000000000032	17763.70225724239	1.5124602438138587e7	2.1641433498512683e6
0.14272000000000032	17764.146949624697	1.5124598785099557e7	2.1738115865063877e6
0.14336000000000032	17764.592328904233	1.5124595126248969e7	2.1834798176716897e6
0.14400000000000032	17765.038345194032	1.5124591462928945e7	2.193148043485259e6
0.14464000000000032	17765.485156017763	1.5124587791611774e7	2.2028162635617834e6
0.14528000000000033	17765.93264867372	1.5124584115374368e7	2.2124844782350673e6
0.14592000000000033	17766.381012514245	1.5124580431060031e7	2.222152687195453e6
0.14656000000000033	17766.830121478302	1.512457674064926e7	2.231820890608435e6
0.14720000000000033	17767.279737736197	1.5124573046543492e7	2.2414890886115483e6
0.14784000000000033	17767.730400208362	1.5124569342818907e7	2.2511572807801934e6
0.14848000000000033	17768.18166368493	1.5124565633864861e7	2.260825467366521e6
0.14912000000000034	17768.63361206856	1.5124561920258071e7	2.2704936485167257e6
0.14976000000000034	17769.086485695192	1.5124558197870148e7	2.280161823806636e6
0.15040000000000034	17769.53991736553	1.5124554470806878e7	2.2898299935231535e6
0.15104000000000034	17769.994246572194	1.5124550736294767e7	2.2994981575255366e6
0.15168000000000034	17770.44928684201	1.5124546995874163e7	2.309166315873212e6
0.15232000000000034	17770.90499017752	1.5124543249759948e7	2.318834468545514e6
0.15296000000000035	17771.361644565633	1.5124539495058093e7	2.328502615331504e6
0.15360000000000035	17771.818884757937	1.5124535735293308e7	2.3381707564451164e6
0.15424000000000035	17772.276958170474	1.5124531969442185e7	2.3478388919269103e6
0.15488000000000035	17772.735757490667	1.5124528196637552e7	2.3575070215386e6
0.15552000000000035	17773.19546295323	1.5124524416468253e7	2.367175145353703e6
0.15616000000000035	17773.655836966806	1.5124520630366562e7	2.3768432633795138e6
0.15680000000000036	17774.11702469176	1.5124516837668221e7	2.386511375621603e6
0.15744000000000036	17774.578872523598	1.5124513039531834e7	2.396179482118731e6
0.15808000000000036	17775.041629313826	1.5124509233495364e7	2.4058475826795045e6
0.15872000000000036	17775.5050566074	1.5124505421105808e7	2.4155156773319417e6
0.15936000000000036	17775.96933714013	1.5124501601920877e7	2.42518376614569e6
0.16000000000000036	17776.434277616398	1.5124497777471106e7	2.43485184918858e6
0.16064000000000037	17776.90021150226	1.5124493943775177e7	2.4445199260895764e6
0.16128000000000037	17777.366735905394	1.5124490106142895e7	2.4541879973474704e6
0.16192000000000037	17777.83418074628	1.5124486259857746e7	2.463856062466372e6
0.16256000000000037	17778.30232346371	1.5124482407776657e7	2.4735241217059405e6
0.16320000000000037	17778.77125373132	1.512447854931507e7	2.4831921750333477e6
0.16384000000000037	17779.24108116686	1.512447468343471e7	2.4928602223563767e6
0.16448000000000038	17779.71163325834	1.5124470810701594e7	2.502528263608024e6
0.16512000000000038	17780.18305427068	1.5124466930846317e7	2.512196298849699e6
0.16576000000000038	17780.655157332105	1.512446304535936e7	2.521864328157226e6
0.16640000000000038	17781.128128057495	1.5124459152437031e7	2.5315323513730764e6
0.16704000000000038	17781.60180595667	1.512445525295658e7	2.541200368494163e6
0.16768000000000038	17782.07639379082	1.5124451346336195e7	2.550868379577739e6
0.16832000000000039	17782.551710200125	1.5124447433282042e7	2.5605363845763784e6
0.1689600000000004	17783.02797150442	1.5124443511891877e7	2.5702043833346968e6
0.1696000000000004	17783.504860380002	1.5124439586026322e7	2.5798723762261295e6
0.1702400000000004	17783.98282827537	1.512443565027205e7	2.58954036269391e6
0.1708800000000004	17784.461325157445	1.512443171034604e7	2.5992083432378517e6
0.1715200000000004	17784.940737355973	1.512442776214845e7	2.608876317465793e6
0.1721600000000004	17785.421050091514	1.5124423806920232e7	2.618544285561501e6
0.1728000000000004	17785.902069190797	1.5124419845162563e7	2.6282122474357313e6
0.1734400000000004	17786.384086497532	1.5124415875189906e7	2.637880203023479e6
0.1740800000000004	17786.866817694514	1.5124411899605518e7	2.647548152525405e6
0.1747200000000004	17787.350327998498	1.512440791604729e7	2.6572160955704795e6
0.1753600000000004	17787.8347076855	1.5124403926021198e7	2.6668840324804294e6
0.1760000000000004	17788.31986805169	1.5124399929105919e7	2.6765519630939225e6
0.1766400000000004	17788.806011352986	1.5124395924653696e7	2.6862198874483425e6
0.1772800000000004	17789.292872450842	1.5124391912710456e7	2.6958878053173386e6
0.1779200000000004	17789.780665773415	1.5124387893710967e7	2.7055557169387806e6
0.1785600000000004	17790.269160833555	1.5124383869040959e7	2.715223622355435e6
0.17920000000000041	17790.75858054614	1.5124379835500719e7	2.7248915211646473e6
0.17984000000000042	17791.248779544603	1.5124375795961123e7	2.7345594137446857e6
0.18048000000000042	17791.7400823146	1.5124371746938664e7	2.744227299719755e6
0.18112000000000042	17792.231915048895	1.512436769331375e7	2.753895179483588e6
0.18176000000000042	17792.724696826717	1.512436363134793e7	2.7635630526897376e6
0.18240000000000042	17793.21844782667	1.512435956192468e7	2.773230919498011e6
0.18304000000000042	17793.713006391183	1.5124355484906876e7	2.7828987797350627e6
0.18368000000000043	17794.2083569852	1.5124351401323987e7	2.79256663356117e6
0.18432000000000043	17794.704549930917	1.512434731038464e7	2.802234480857391e6
0.18496000000000043	17795.201782599986	1.512434321031067e7	2.811902321439958e6
0.18560000000000043	17795.699704896808	1.5124339106178204e7	2.8215701559463493e6
0.18624000000000043	17796.19852556985	1.5124334991907462e7	2.83123798340502e6
0.18688000000000043	17796.698301399585	1.5124330870522752e7	2.8409058044061325e6
0.18752000000000044	17797.198766024405	1.5124326743641935e7	2.850573619021162e6
0.18816000000000044	17797.700349841554	1.5124322606762258e7	2.860241426740409e6
0.18880000000000044	17798.20263719557	1.5124318463874385e7	2.8699092279587835e6
0.18944000000000044	17798.705717382163	1.5124314314427197e7	2.879577022631376e6
0.19008000000000044	17799.210119098974	1.512431015423757e7	2.8892448103771443e6
0.19072000000000044	17799.71481418962	1.5124305990466949e7	2.8989125917066904e6
0.19136000000000045	17800.220725403407	1.5124301816021446e7	2.908580366001261e6
0.19200000000000045	17800.72751063829	1.51242976354667e7	2.918248133838209e6
0.19264000000000045	17801.235192546643	1.5124293446173372e7	2.9279158947158996e6
0.19328000000000045	17801.743573851654	1.5124289252111172e7	2.9375836492239516e6
0.19392000000000045	17802.25325204451	1.5124285045957904e7	2.9472513964135717e6
0.19456000000000045	17802.763524752256	1.5124280835205933e7	2.95691913715105e6
0.19520000000000046	17803.27476523611	1.5124276615505084e7	2.9665868708776617e6
0.19584000000000046	17803.786896940062	1.512427238947784e7	2.97625459802639e6
0.19648000000000046	17804.29989489251	1.5124268155564442e7	2.9859223182568527e6
0.19712000000000046	17804.813905782292	1.5124263912083944e7	2.9955900313386684e6
0.19776000000000046	17805.32875875933	1.5124259662451435e7	3.0052577377898297e6
0.19840000000000046	17805.844578820164	1.5124255404642582e7	3.014925437295478e6
0.19904000000000047	17806.36121755546	1.5124251139135418e7	3.024593129814334e6
0.19968000000000047	17806.878902459008	1.5124246864491018e7	3.034260815224789e6
0.20032000000000047	17807.397316367907	1.5124242584218819e7	3.043928493956674e6
0.20096000000000047	17807.916783114495	1.5124238294995882e7	3.0535961655887594e6
0.20160000000000047	17808.437079799027	1.5124233998390546e7	3.063263830240053e6
0.20224000000000047	17808.958446578916	1.5124229692977527e7	3.072931487798125e6
0.20288000000000048	17809.480742292075	1.5124225378784675e7	3.082599138137138e6
0.20352000000000048	17810.003934983324	1.5124221058621828e7	3.092266781784857e6
0.20416000000000048	17810.527919057793	1.5124216730519207e7	3.1019344182419116e6
0.20480000000000048	17811.05296756262	1.5124212393271532e7	3.111602047461823e6
0.20544000000000048	17811.579070671025	1.5124208046725465e7	3.1212696693856795e6
0.20608000000000049	17812.105833835434	1.512420369544583e7	3.1309372846210827e6
0.2067200000000005	17812.63380086929	1.5124199332656942e7	3.140604892188404e6
0.2073600000000005	17813.16257794718	1.5124194963768847e7	3.1502724928729e6
0.2080000000000005	17813.692453911965	1.512419058578905e7	3.1599400862676282e6
0.2086400000000005	17814.223041996775	1.512418620188054e7	3.169607672706878e6
0.2092800000000005	17814.75465867754	1.5124181808517853e7	3.1792752516903332e6
0.2099200000000005	17815.287410764453	1.5124177405083342e7	3.1889428231525994e6
0.2105600000000005	17815.820872991262	1.5124172995807506e7	3.1986103876272105e6
0.2112000000000005	17816.35547377761	1.5124168576936183e7	3.2082779446466453e6
0.2118400000000005	17816.890959074142	1.5124164151329499e7	3.217945494595953e6
0.2124800000000005	17817.42752978084	1.512415971539225e7	3.2276130368548064e6
0.2131200000000005	17817.9649372813	1.5124155272591593e7	3.2372805719445758e6
0.2137600000000005	17818.503389156464	1.5124150821649976e7	3.246948099740597e6
0.2144000000000005	17819.042739035034	1.5124146361455783e7	3.2566156198719135e6
0.2150400000000005	17819.583079945693	1.5124141893877901e7	3.2662831327939457e6
0.2156800000000005	17820.124479020786	1.512413741627095e7	3.275950637972712e6
0.2163200000000005	17820.667006774165	1.5124132930296512e7	3.2856181358016185e6
0.2169600000000005	17821.210251372268	1.5124128437367206e7	3.2952856262464314e6
0.21760000000000052	17821.754496978836	1.512412393600632e7	3.3049531091934196e6
0.21824000000000052	17822.299786072173	1.5124119425747871e7	3.314620584555983e6
0.21888000000000052	17822.84622453893	1.5124114905481897e7	3.3242880521547976e6
0.21952000000000052	17823.39351810374	1.5124110379728414e7	3.333955512730999e6
0.22016000000000052	17823.941960412983	1.5124105841483418e7	3.3436229649594054e6
0.22080000000000052	17824.49114207134	1.5124101298416551e7	3.3532904101882847e6
0.22144000000000053	17825.041385624107	1.5124096745541988e7	3.3629578475540173e6
0.22208000000000053	17825.592889281583	1.512409218243713e7	3.3726252770960755e6
0.22272000000000053	17826.145091954957	1.5124087612419488e7	3.382292699095151e6
0.22336000000000053	17826.69840551855	1.5124083033760576e7	3.3919601134704323e6
0.22400000000000053	17827.252816168217	1.5124078444576211e7	3.4016275197704257e6
0.22464000000000053	17827.80818463713	1.5124073848811941e7	3.411294918751163e6
0.22528000000000054	17828.364653909153	1.5124069242944025e7	3.420962309715114e6
0.22592000000000054	17828.922042644746	1.512406462876495e7	3.430629692905356e6
0.22656000000000054	17829.48060100748	1.5124060004675744e7	3.4402970681353877e6
0.22720000000000054	17830.04000056458	1.5124055373871138e7	3.449964435855967e6
0.22784000000000054	17830.600385488444	1.5124050734332426e7	3.4596317957039666e6
0.22848000000000054	17831.162156474013	1.5124046083166039e7	3.4692991473087473e6
0.22912000000000055	17831.724563304033	1.5124041426200619e7	3.478966491402454e6
0.22976000000000055	17832.28836252644	1.512403675815571e7	3.4886338273422164e6
0.23040000000000055	17832.85316944685	1.5124032079438563e7	3.4983011549018594e6
0.23104000000000055	17833.418855392898	1.5124027395514749e7	3.507968475222779e6
0.23168000000000055	17833.985710992634	1.5124022700908098e7	3.5176357872478664e6
0.23232000000000055	17834.55341752202	1.5124017997956714e7	3.5273030912528755e6
0.23296000000000056	17835.122471988354	1.512401328376849e7	3.5369703869276294e6
0.23360000000000056	17835.692383854293	1.5124008563295066e7	3.546637675028722e6
0.23424000000000056	17836.2635127876	1.512400383087096e7	3.5563049544907743e6
0.23488000000000056	17836.835373977374	1.5123999092841038e7	3.565972226407849e6
0.23552000000000056	17837.408650792488	1.5123994343322797e7	3.5756394899047515e6
0.23616000000000056	17837.98298709142	1.512398958429621e7	3.585306745152261e6
0.23680000000000057	17838.558216776863	1.5123984817250196e7	3.5949739923558994e6
0.23744000000000057	17839.134699071474	1.5123980039910031e7	3.6046412312323707e6
0.23808000000000057	17839.712138562765	1.5123975253785903e7	3.61430846189397e6
0.23872000000000057	17840.290740841363	1.5123970457716066e7	3.6239756842011753e6
0.23936000000000057	17840.870313933454	1.5123965654501978e7	3.6336428986571925e6
0.24000000000000057	17841.451027279385	1.5123960839930408e7	3.643310104364039e6
0.24064000000000058	17842.033004657867	1.5123956016352665e7	3.652977301957531e6
0.24128000000000058	17842.615752888712	1.5123951184545387e7	3.6626444912311514e6
0.24192000000000058	17843.199811836195	1.5123946342234615e7	3.6723116720267637e6
0.24256000000000058	17843.785014073837	1.5123941489221355e7	3.6819788441466005e6
0.24320000000000058	17844.37120931015	1.5123936628310502e7	3.691646008136329e6
0.24384000000000058	17844.958560724193	1.5123931756445305e7	3.701313163356909e6
0.24448000000000059	17845.54712843643	1.5123926876152933e7	3.710980310448354e6
0.2451200000000006	17846.136630884772	1.5123921986140778e7	3.720647448862759e6
0.2457600000000006	17846.727290676383	1.5123917087284058e7	3.730314578962659e6
0.2464000000000006	17847.319255482515	1.512391217667197e7	3.7399817001229143e6
0.2470400000000006	17847.91215377765	1.5123907258017175e7	3.74964881295588e6
0.2476800000000006	17848.50625034487	1.5123902328930682e7	3.7593159170518196e6
0.2483200000000006	17849.10141128335	1.5123897391411716e7	3.7689830127842e6
0.2489600000000006	17849.69778608283	1.512389244342745e7	3.778650099740966e6
0.2496000000000006	17850.2951554266	1.5123887485585071e7	3.7883171778866746e6
0.2502400000000006	17850.893822562823	1.5123882518219678e7	3.797984247511706e6
0.25088000000000055	17851.493674799636	1.5123877539528938e7	3.807651308058694e6
0.2515200000000005	17852.09448165873	1.5123872552421745e7	3.817318360062757e6
0.2521600000000005	17852.69652105137	1.5123867555724118e7	3.826985403417704e6
0.25280000000000047	17853.29979755593	1.5123862548240483e7	3.836652437803935e6
0.25344000000000044	17853.904232706212	1.5123857530908909e7	3.8463194633775298e6
0.2540800000000004	17854.50962706954	1.5123852504097125e7	3.8559864800620275e6
0.2547200000000004	17855.11651506239	1.5123847465851815e7	3.865653487738126e6
0.25536000000000036	17855.724434494823	1.5123842418115266e7	3.8753204865328223e6
0.25600000000000034	17856.33337764062	1.5123837361987736e7	3.8849874767018305e6
0.2566400000000003	17856.9435999149	1.5123832293906875e7	3.8946544575026976e6
0.2572800000000003	17857.55488135078	1.512382721761284e7	3.904321429708913e6
0.25792000000000026	17858.16755112089	1.5123822129082825e7	3.9139883925093818e6
0.25856000000000023	17858.781168225258	1.5123817031857995e7	3.9236553464665757e6
0.2592000000000002	17859.39637716902	1.5123811921773316e7	3.9333222909598537e6
0.2598400000000002	17860.01230732075	1.5123806805256352e7	3.9429892269871994e6
0.26048000000000016	17860.629706202348	1.5123801676081574e7	3.952656153466061e6
0.26112000000000013	17861.248320493385	1.512379653624755e7	3.9623230707040085e6
0.2617600000000001	17861.86804569169	1.5123791387579024e7	3.971989979078738e6
0.2624000000000001	17862.489021745994	1.5123786226753525e7	3.981656877802566e6
0.26304000000000005	17863.11118149175	1.5123781057266293e7	3.9913237677196385e6
0.26368	17863.73456527115	1.512377587480561e7	4.000990647703844e6
0.26432	17864.359193693974	1.5123770683469947e7	4.0106575188263934e6
0.26496	17864.984869479227	1.5123765483032472e7	4.0203243808627455e6
0.26559999999999995	17865.611930475865	1.5123760272174291e7	4.0299912336912323e6
0.2662399999999999	17866.24022620074	1.5123755047585323e7	4.0396580762974923e6
0.2668799999999999	17866.86972610366	1.5123749813824693e7	4.049324909847134e6
0.26751999999999987	17867.500465780962	1.5123744570493584e7	4.058991734239617e6
0.26815999999999984	17868.132280033504	1.5123739317079445e7	4.0686585491958414e6
0.2687999999999998	17868.765527348027	1.5123734051687129e7	4.0783253544470943e6
0.2694399999999998	17869.400108488582	1.512372877392201e7	4.0879921497888006e6
0.27007999999999976	17870.03567024296	1.5123723487889383e7	4.0976589360455847e6
0.27071999999999974	17870.67270300913	1.5123718189348865e7	4.1073257124093715e6
0.2713599999999997	17871.31108339223	1.5123712879745351e7	4.1169924791554967e6
0.2719999999999997	17871.950285784747	1.5123707562365444e7	4.1266592367714476e6
0.27263999999999966	17872.591155364742	1.5123702230923982e7	4.1363259841418755e6
0.27327999999999963	17873.233187975893	1.5123696889359929e7	4.145992721946642e6
0.2739199999999996	17873.876329162882	1.512369153955261e7	4.155659450639324e6
0.2745599999999996	17874.52090801264	1.5123686175492344e7	4.165326168790681e6
0.27519999999999956	17875.166655807654	1.512368080151505e7	4.1749928773690644e6
0.27583999999999953	17875.813912633752	1.5123675414153427e7	4.184659575643047e6
0.2764799999999995	17876.4623594717	1.5123670017755182e7	4.19432626455527e6
0.2771199999999995	17877.111975417316	1.5123664609653331e7	4.203992943331913e6
0.27775999999999945	17877.762999160248	1.5123659191280615e7	4.213659612518609e6
0.2783999999999994	17878.41530652703	1.5123653762259139e7	4.223326271898125e6
0.2790399999999994	17879.069080137295	1.5123648318134302e7	4.232992920336202e6
0.2796799999999994	17879.72385417852	1.5123642867052626e7	4.242659559743911e6
0.28031999999999935	17880.379967125984	1.512363740490272e7	4.2523261891970625e6
0.2809599999999993	17881.037470847237	1.5123631929069476e7	4.261992807974388e6
0.2815999999999993	17881.696438126408	1.5123626441496355e7	4.271659416646513e6
0.28223999999999927	17882.35642270806	1.51236209449438e7	4.28132601564689e6
0.28287999999999924	17883.017967372503	1.5123615435536643e7	4.290992604249356e6
0.2835199999999992	17883.680836785607	1.5123609914106684e7	4.300659182493455e6
0.2841599999999992	17884.344893777165	1.5123604382520145e7	4.310325750785674e6
0.28479999999999916	17885.010476951356	1.5123598837735476e7	4.319992308480167e6
0.28543999999999914	17885.677425914542	1.5123593280164493e7	4.329658855551601e6
0.2860799999999991	17886.345372043557	1.512358771518367e7	4.33932539324774e6
0.2867199999999991	17887.01489391771	1.5123582136918416e7	4.348991920280768e6
0.28735999999999906	17887.68591222084	1.5123576545408309e7	4.358658436577002e6
0.28799999999999903	17888.35826322161	1.512357094177661e7	4.368324942315063e6
0.288639999999999	17889.031851116746	1.5123565328948654e7	4.377991438245335e6
0.289279999999999	17889.706718658847	1.5123559702945536e7	4.387657923227155e6
0.28991999999999896	17890.38308843656	1.5123554064627696e7	4.397324397640283e6
0.29055999999999893	17891.06084611969	1.5123548414611707e7	4.406990861556233e6
0.2911999999999989	17891.73981468111	1.5123542754984261e7	4.416657315432047e6
0.2918399999999989	17892.42038648693	1.512353708153979e7	4.42632375829745e6
0.29247999999999885	17893.102278727485	1.5123531394496376e7	4.435990189986528e6
0.2931199999999988	17893.785621898358	1.5123525697005283e7	4.445656611486578e6
0.2937599999999988	17894.47011733748	1.5123519987944769e7	4.455323022234306e6
0.2943999999999988	17895.156437473943	1.5123514263536302e7	4.464989421567351e6
0.29503999999999875	17895.84390706714	1.5123508529402005e7	4.4746558106354745e6
0.2956799999999987	17896.532727302212	1.5123502783849774e7	4.484322189059176e6
0.2963199999999987	17897.222836550318	1.5123497027550334e7	4.4939885569693195e6
0.29695999999999867	17897.914751523254	1.5123491254498888e7	4.503654912922881e6
0.29759999999999864	17898.607667006647	1.5123485472815068e7	4.5133212587350495e6
0.2982399999999986	17899.302448949446	1.5123479676212758e7	4.522987593120246e6
0.2988799999999986	17899.998401886638	1.5123473868141996e7	4.532653916589789e6
0.29951999999999857	17900.69595729564	1.512346804768001e7	4.542320229145261e6
0.30015999999999854	17901.394758094953	1.5123462215271078e7	4.55198653064325e6
0.3007999999999985	17902.094865884545	1.512345637159889e7	4.56165282130715e6
0.3014399999999985	17902.79681742188	1.5123450512725161e7	4.571319100300628e6
0.30207999999999846	17903.500068120786	1.5123444642179033e7	4.580985368276962e6
0.30271999999999843	17904.204636340535	1.5123438760048572e7	4.590651625250707e6
0.3033599999999984	17904.910839851957	1.5123432864879152e7	4.600317870977189e6
0.3039999999999984	17905.618449229296	1.512342695597739e7	4.609984105057765e6
0.30463999999999836	17906.32755112378	1.5123421034982765e7	4.619650328023074e6
0.30527999999999833	17907.037898777227	1.5123415102372175e7	4.629316539821191e6
0.3059199999999983	17907.75009891238	1.5123409154221479e7	4.638982739648062e6
0.3065599999999983	17908.46365945107	1.5123403192782514e7	4.648648927819392e6
0.30719999999999825	17909.178766208508	1.5123397220165147e7	4.658315105083936e6
0.3078399999999982	17909.895213877593	1.5123391235714361e7	4.667981271073519e6
0.3084799999999982	17910.613259060647	1.5123385236580752e7	4.677647425061309e6
0.3091199999999982	17911.33263562992	1.5123379226161828e7	4.6873135678824205e6
0.30975999999999815	17912.053615863057	1.5123373202293152e7	4.6969796990301125e6
0.3103999999999981	17912.7763048517	1.5123367163849648e7	4.706645818198728e6
0.3110399999999981	17913.500352230487	1.512336111213031e7	4.716311925519656e6
0.31167999999999807	17914.225949464428	1.5123355048311977e7	4.725978021463383e6
0.31231999999999804	17914.953039871078	1.5123348971309582e7	4.735644105625838e6
0.312959999999998	17915.68182397637	1.512334287939045e7	4.7453101775743505e6
0.313599999999998	17916.411712282475	1.512333677703625e7	4.754976238277849e6
0.31423999999999797	17917.14373129818	1.5123330657257186e7	4.764642286221642e6
0.31487999999999794	17917.8770519397	1.512332452536418e7	4.774308322472466e6
0.3155199999999979	17918.61159812708	1.5123318383207977e7	4.783974347536435e6
0.3161599999999979	17919.34825275422	1.5123312223668275e7	4.793640359744093e6
0.31679999999999786	17920.08625307286	1.5123306051037755e7	4.803306359896828e6
0.31743999999999784	17920.82558516922	1.5123299868497103e7	4.8129723489671005e6
0.3180799999999978	17921.56697469244	1.5123293666864159e7	4.822638324507501e6
0.3187199999999978	17922.309415303167	1.5123287456701865e7	4.832304289158443e6
0.31935999999999776	17923.053649705806	1.512328123075166e7	4.841970241088952e6
0.31999999999999773	17923.799589553186	1.5123274989429832e7	4.851636180338408e6
0.3206399999999977	17924.54710181868	1.512326873523715e7	4.861302107585496e6
0.3212799999999977	17925.295886859152	1.5123262469802883e7	4.870968023122565e6
0.32191999999999765	17926.046751752972	1.5123256185769184e7	4.880633925104208e6
0.3225599999999976	17926.798863045566	1.5123249890989928e7	4.890299815459457e6
0.3231999999999976	17927.55290838075	1.5123243580675334e7	4.899965693082624e6
0.3238399999999976	17928.308285978997	1.5123237258980228e7	4.909631558878767e6
0.32447999999999755	17929.065584390362	1.5123230917931931e7	4.919297410634084e6
0.3251199999999975	17929.824266783362	1.512322456675503e7	4.928963250944525e6
0.3257599999999975	17930.584610245325	1.512321819945293e7	4.93862907802136e6
0.32639999999999747	17931.346548562044	1.5123211819896268e7	4.948294893049215e6
0.32703999999999744	17932.110425812516	1.5123205424958328e7	4.9579606952104885e6
0.3276799999999974	17932.875783254163	1.5123199015276467e7	4.967626484372351e6
0.3283199999999974	17933.64271251798	1.5123192590333967e7	4.977292260395553e6
0.32895999999999737	17934.4112125863	1.5123186153895484e7	4.986958024485513e6
0.32959999999999734	17935.1816230593	1.5123179701372592e7	4.996623775332465e6
0.3302399999999973	17935.953600348937	1.5123173233455887e7	5.006289512899801e6
0.3308799999999973	17936.727203614748	1.5123166751729261e7	5.015955237718619e6
0.33151999999999726	17937.5026542528	1.5123160254830226e7	5.02562094945559e6
0.33215999999999724	17938.27963719638	1.5123153743527599e7	5.0352866481229905e6
0.3327999999999972	17939.058194711237	1.512314721885688e7	5.044952334063039e6
0.3334399999999972	17939.83879097673	1.5123140677004261e7	5.054618006284772e6
0.33407999999999716	17940.620955522085	1.5123134120172849e7	5.064283665174004e6
0.33471999999999713	17941.404781981993	1.5123127551409999e7	5.073949311781269e6
0.3353599999999971	17942.19059246573	1.5123120964287387e7	5.083614944138751e6
0.3359999999999971	17942.97772752614	1.512311436543568e7	5.093280563997422e6
0.33663999999999705	17943.76655567045	1.5123107750456542e7	5.102946170096015e6
0.337279999999997	17944.55746114951	1.5123101118686136e7	5.112611762431068e6
0.337919999999997	17945.350012616243	1.5123094471734982e7	5.122277341224993e6
0.338559999999997	17946.144091812625	1.5123087813034963e7	5.131942907529159e6
0.33919999999999695	17946.940328872613	1.5123081135370536e7	5.141608459286958e6
0.3398399999999969	17947.737794343917	1.5123074445825562e7	5.151273998251627e6
0.3404799999999969	17948.537588749467	1.512306773521758e7	5.160939521997367e6
0.34111999999999687	17949.338712048346	1.51230610149093e7	5.1706050336964065e6
0.34175999999999684	17950.14192198725	1.512305427596664e7	5.180270530773041e6
0.3423999999999968	17950.94658601744	1.5123047524401013e7	5.189936014829825e6
0.3430399999999968	17951.75332650357	1.5123040754195636e7	5.199601484184602e6
0.34367999999999677	17952.561763508627	1.5123033970679685e7	5.209266940379771e6
0.34431999999999674	17953.37209072997	1.512302716931498e7	5.218932381950935e6
0.3449599999999967	17954.18398740418	1.5123020354551703e7	5.2285978101852145e6
0.3455999999999967	17954.99792046258	1.5123013520456782e7	5.238263223308965e6
0.34623999999999666	17955.81339783999	1.5123006676178234e7	5.247928624126873e6
0.34687999999999664	17956.630842603343	1.5122999812259957e7	5.257594009612605e6
0.3475199999999966	17957.45031705382	1.5122992930956557e7	5.267259380548842e6
0.3481599999999966	17958.27113395031	1.5122986038378267e7	5.27692473857768e6
0.34879999999999656	17959.094501715208	1.512297912243061e7	5.2865900802432615e6
0.34943999999999653	17959.919121475545	1.512297219711415e7	5.296255409543183e6
0.3500799999999965	17960.74585146746	1.512296525289496e7	5.3059207236772e6
0.3507199999999965	17961.574383297782	1.512295829382547e7	5.315586023826003e6
0.35135999999999645	17962.404914386345	1.5122951316812953e7	5.325251308999013e6
0.3519999999999964	17963.237283688934	1.5122944321116205e7	5.334916578792681e6
0.3526399999999964	17964.07124006528	1.5122937313869882e7	5.34458183552099e6
0.3532799999999964	17964.907446089273	1.5122930288726503e7	5.354247077344779e6
0.35391999999999635	17965.745502086174	1.512292324383621e7	5.363912303312443e6
0.3545599999999963	17966.585198848523	1.512291618681802e7	5.373577515948886e6
0.3551999999999963	17967.42717555952	1.5122909109406618e7	5.383242712703976e6
0.35583999999999627	17968.27049073647	1.5122902021010038e7	5.392907896275468e6
0.35647999999999624	17969.116205261496	1.5122894910487128e7	5.402573063350804e6
0.3571199999999962	17969.96363032418	1.512288778580407e7	5.412238216284955e6
0.3577599999999962	17970.813249001316	1.512288064141712e7	5.421903353374369e6
0.35839999999999617	17971.664732612568	1.5122873482202822e7	5.431568476113877e6
0.35903999999999614	17972.517856974202	1.5122866305044279e7	5.441233583208646e6
0.3596799999999961	17973.37303438783	1.5122859113342244e7	5.450898676108259e6
0.3603199999999961	17974.230088471686	1.512285190412809e7	5.460563753598367e6
0.36095999999999606	17975.08972466338	1.512284467242666e7	5.470228814296717e6
0.36159999999999604	17975.950677852965	1.5122837431249741e7	5.479893862052588e6
0.362239999999996	17976.81395904579	1.5122830165782172e7	5.489558892123395e6
0.362879999999996	17977.679260953995	1.5122822883669557e7	5.499223907036687e6
0.36351999999999596	17978.54632503362	1.512281558800867e7	5.508888907717808e6
0.36415999999999593	17979.415249916994	1.5122808274663005e7	5.518553892693725e6
0.3647999999999959	17980.28636450406	1.5122800941721212e7	5.52821886143857e6
0.3654399999999959	17981.1598183979	1.512279358992637e7	5.537883814276993e6
0.36607999999999585	17982.0348466184	1.5122786223762909e7	5.547548752325031e6
0.3667199999999958	17982.912083430958	1.5122778838176468e7	5.557213674100207e6
0.3673599999999958	17983.791275085303	1.5122771436095444e7	5.566878580476228e6
0.3679999999999958	17984.672527171293	1.5122764014244644e7	5.576543470279137e6
0.36863999999999575	17985.556111408805	1.5122756573921425e7	5.586208344116828e6
0.3692799999999957	17986.441425054712	1.5122749116321445e7	5.595873202010728e6
0.3699199999999957	17987.32887051527	1.5122741641355269e7	5.60553804414481e6
0.37055999999999567	17988.21836002476	1.5122734148563191e7	5.615202870256044e6
0.37119999999999564	17989.10991723286	1.5122726636944938e7	5.624867679949852e6
0.3718399999999956	17990.003367834448	1.5122719108204385e7	5.634532473710191e6
0.3724799999999956	17990.899378945574	1.5122711560743209e7	5.64419725132384e6
0.37311999999999557	17991.79723473369	1.5122703994297037e7	5.6538620122025525e6
0.37375999999999554	17992.69730240344	1.512269640831734e7	5.663526756331279e6
0.3743999999999955	17993.599322954782	1.5122688807011727e7	5.673191485081564e6
0.3750399999999955	17994.50370580735	1.5122681181972796e7	5.682856195522991e6
0.37567999999999546	17995.409857369195	1.5122673542375492e7	5.692520890681709e6
0.37631999999999544	17996.318292684802	1.512266588412243e7	5.702185569305666e6
0.3769599999999954	17997.229081978407	1.5122658203303937e7	5.711850229924618e6
0.3775999999999954	17998.14179482874	1.5122650506870827e7	5.721514874847456e6
0.37823999999999536	17999.056866552502	1.5122642790585568e7	5.731179502708363e6
0.37887999999999533	17999.973885770836	1.512263505673286e7	5.740844114074805e6
0.3795199999999953	18000.893081242797	1.5122627302345835e7	5.750508707925269e6
0.3801599999999953	18001.81462344504	1.512261952887078e7	5.760173284871641e6
0.38079999999999525	18002.738098501388	1.5122611737365047e7	5.76983784501913e6
0.3814399999999952	18003.664010333865	1.5122603925262675e7	5.779502387662355e6
0.3820799999999952	18004.591983843817	1.5122596095404796e7	5.789166913610849e6
0.3827199999999952	18005.522254080286	1.5122588244912991e7	5.798831421870026e6
0.38335999999999515	18006.455006845423	1.5122580372057725e7	5.808495911847397e6
0.3839999999999951	18007.389664807135	1.5122572481992465e7	5.818160385118553e6
0.3846399999999951	18008.326710547986	1.5122564573610667e7	5.827824841518136e6
0.38527999999999507	18009.265886764817	1.5122556645250933e7	5.837489280208117e6
0.38591999999999504	18010.20758683499	1.51225486935044e7	5.847153700072067e6
0.386559999999995	18011.151356425802	1.5122540723506091e7	5.856818102766525e6
0.387199999999995	18012.097147621294	1.512253273761584e7	5.86648248913684e6
0.38783999999999497	18013.045299289042	1.5122524730052013e7	5.87614685711371e6
0.38847999999999494	18013.996129756397	1.5122516699072067e7	5.885811206168708e6
0.3891199999999949	18014.948859938002	1.5122508652088378e7	5.895475538660112e6
0.3897599999999949	18015.90402941696	1.5122500581932055e7	5.905139852088672e6
0.39039999999999486	18016.8616916099	1.5122492489884088e7	5.914804146937876e6
0.39103999999999484	18017.82133253022	1.5122484382679306e7	5.924468425481495e6
0.3916799999999948	18018.783450744453	1.5122476249902075e7	5.934132683910323e6
0.3923199999999948	18019.74791830616	1.5122468099727334e7	5.943796925299945e6
0.39295999999999476	18020.714558496024	1.5122459929918095e7	5.9534611486261245e6
0.39359999999999473	18021.683871608813	1.5122451735918043e7	5.963125352357007e6
0.3942399999999947	18022.655794032442	1.5122443519553233e7	5.97278953712238e6
0.3948799999999947	18023.629148488108	1.5122435291058172e7	5.982453706203303e6
0.39551999999999465	18024.605926401226	1.5122427032144023e7	5.992117853543915e6
0.3961599999999946	18025.584524364887	1.5122418758040873e7	6.001781984144583e6
0.3967999999999946	18026.565650817513	1.5122410458936263e7	6.011446094506401e6
0.3974399999999946	18027.549609304144	1.512240213840897e7	6.021110186181761e6
0.39807999999999455	18028.535384686962	1.5122393798371589e7	6.030774259274431e6
0.3987199999999945	18029.523633840774	1.5122385438408282e7	6.040438313972623e6
0.3993599999999945	18030.51447569854	1.5122377056111066e7	6.050102349343116e6
0.39999999999999447	18031.50728693489	1.5122368653939297e7	6.059766365947797e6
0.40063999999999445	18032.503380783717	1.51223602250989e7	6.069430361809846e6
0.4012799999999944	18033.501198738973	1.5122351781135265e7	6.079094340571583e6
0.4019199999999944	18034.50186289843	1.512234331201379e7	6.08875829883866e6
0.40255999999999437	18035.505152399346	1.512233481833509e7	6.0984222366671385e6
0.40319999999999434	18036.510697127047	1.5122326309920667e7	6.108086157743973e6
0.4038399999999943	18037.519091477734	1.5122317769343445e7	6.117750055353146e6
0.4044799999999943	18038.52936424069	1.512230921440093e7	6.127413936047795e6
0.40511999999999426	18039.542593901348	1.5122300635316117e7	6.137077796477439e6
0.40575999999999424	18040.558078730668	1.5122292033296395e7	6.146741636662963e6
0.4063999999999942	18041.57625191051	1.5122283410107546e7	6.156405457530754e6
0.4070399999999942	18042.59710651028	1.512227476353092e7	6.166069258127814e6
0.40767999999999416	18043.62018506756	1.5122266095609924e7	6.1757330389661845e6
0.40831999999999413	18044.646355884604	1.5122257402022582e7	6.185396798749621e6
0.4089599999999941	18045.67464884799	1.5122248687277757e7	6.195060538693478e6
0.4095999999999941	18046.705424851338	1.5122239951280508e7	6.204724258927239e6
0.41023999999999405	18047.738979151265	1.5122231193702491e7	6.214387959444765e6
0.41087999999999403	18048.775723571667	1.5122222405954923e7	6.22405163691294e6
0.411519999999994	18049.814342240876	1.5122213599482076e7	6.233715295202895e6
0.412159999999994	18050.855732904773	1.5122204773325678e7	6.243378934407852e6
0.41279999999999395	18051.899954322893	1.512219591783969e7	6.253042550537311e6
0.4134399999999939	18052.946591310276	1.5122187044248955e7	6.262706147926795e6
0.4140799999999939	18053.996057914137	1.5122178144263817e7	6.272369723346923e6
0.41471999999999387	18055.048032441282	1.512216922285714e7	6.282033278615648e6
0.41535999999999385	18056.1027282328	1.512216027670748e7	6.29169681243216e6
0.4159999999999938	18057.160280145465	1.5122151304997591e7	6.30136032448251e6
0.4166399999999938	18058.22061160771	1.5122142309166957e7	6.311023815267215e6
0.41727999999999377	18059.283150618696	1.5122133295070197e7	6.320687286844327e6
0.41791999999999374	18060.348481764893	1.5122124252697548e7	6.33035073533153e6
0.4185599999999937	18061.4171708038	1.512211518358331e7	6.340014161640327e6
0.4191999999999937	18062.487878275595	1.5122106094734367e7	6.349677567872254e6
0.41983999999999366	18063.56132589681	1.5122096983928848e7	6.359340953471424e6
0.42047999999999364	18064.638246940656	1.5122087841567436e7	6.369004314779047e6
0.4211199999999936	18065.7171047494	1.5122078680673018e7	6.378667656322522e6
0.4217599999999936	18066.79950227621	1.5122069491373952e7	6.388330974825977e6
0.42239999999999356	18067.884489680448	1.5122060277552713e7	6.397994271319408e6
0.42303999999999353	18068.972029349345	1.5122051040878922e7	6.407657546435375e6
0.4236799999999935	18070.062636841678	1.5122041776312603e7	6.417320798286891e6
0.4243199999999935	18071.15609254063	1.5122032488985373e7	6.426984028865528e6
0.42495999999999345	18072.252135400788	1.5122023176797003e7	6.4366472370794965e6
0.42559999999999343	18073.350738062658	1.5122013840865577e7	6.446310423336233e6
0.4262399999999934	18074.45279212248	1.5122004476841455e7	6.455973586242811e6
0.4268799999999934	18075.557180467884	1.5121995090643944e7	6.465636727625256e6
0.42751999999999335	18076.665215012312	1.5121985675722245e7	6.475299845386964e6
0.4281599999999933	18077.77576245908	1.5121976235255888e7	6.484962940179065e6
0.4287999999999933	18078.88909652134	1.512196677060791e7	6.494626012688503e6
0.42943999999999327	18080.00545554912	1.5121957277473375e7	6.504289061150783e6
0.43007999999999325	18081.124337277466	1.512194776639398e7	6.513952089752922e6
0.4307199999999932	18082.246661502595	1.5121938219686527e7	6.523615091362739e6
0.4313599999999932	18083.371412082903	1.512192865362e7	6.533278072345188e6
0.43199999999999317	18084.499922278184	1.5121919054480715e7	6.54294102749142e6
0.43263999999999314	18085.630510740255	1.5121909437710483e7	6.552603962457533e6
0.4332799999999931	18086.764788860317	1.5121899787627865e7	6.5622668713244395e6
0.4339199999999931	18087.902061933553	1.512189011070615e7	6.571929756436728e6
0.43455999999999306	18089.04159070146	1.5121880413623929e7	6.581592620221356e6
0.43519999999999304	18090.184514757784	1.5121870688530292e7	6.591255459862213e6
0.435839999999993	18091.331086938433	1.5121860927091008e7	6.600918271809246e6
0.436479999999993	18092.480121589986	1.5121851147644311e7	6.610581063321801e6
0.43711999999999296	18093.632552102918	1.5121841335917484e7	6.620243828647072e6
0.43775999999999293	18094.78754291012	1.5121831500721376e7	6.6299065711038085e6
0.4383999999999929	18095.945731060354	1.5121821639078457e7	6.639569289694452e6
0.4390399999999929	18097.107429796328	1.512181174662381e7	6.6492319826214295e6
0.43967999999999285	18098.271861826826	1.5121801828184862e7	6.658894651505831e6
0.44031999999999283	18099.439508304346	1.512179188225458e7	6.668557295898236e6
0.4409599999999928	18100.609954339117	1.5121781909797441e7	6.678219915933046e6
0.4415999999999928	18101.78409246023	1.5121771906846985e7	6.687882510300749e6
0.44223999999999275	18102.961015537414	1.5121761876175823e7	6.697545079655913e6
0.4428799999999927	18104.141387852116	1.512175181705284e7	6.707207623986252e6
0.4435199999999927	18105.324640962524	1.512174173241454e7	6.716870144216589e6
0.44415999999999267	18106.511425295976	1.5121731615438709e7	6.726532637623783e6
0.44479999999999265	18107.70141619665	1.5121721473711265e7	6.736195107332932e6
0.4454399999999926	18108.894009355314	1.5121711302920116e7	6.745857551034453e6
0.4460799999999926	18110.090417391522	1.5121701102969069e7	6.7555199692963315e6
0.44671999999999257	18111.290254684027	1.5121690871989993e7	6.765182361007369e6
0.44735999999999254	18112.49281499382	1.512168061198952e7	6.774844726608797e6
0.4479999999999925	18113.699076344255	1.5121670325066905e7	6.784507067520003e6
0.4486399999999925	18114.90837585663	1.5121660009995705e7	6.794169382766471e6
0.44927999999999246	18116.120984524616	1.512164966135239e7	6.803831670000886e6
0.44991999999999244	18117.33703450625	1.5121639286472475e7	6.813493932525523e6
0.4505599999999924	18118.55594037797	1.5121628886867436e7	6.823156170642759e6
0.4511999999999924	18119.778884862422	1.5121618448449394e7	6.832818378592264e6
0.45183999999999236	18121.004627433744	1.5121607984959695e7	6.842480561820647e6
0.45247999999999233	18122.233913061846	1.512159748971608e7	6.852142717658695e6
0.4531199999999923	18123.466960627135	1.512158696459234e7	6.861804847007392e6
0.4537599999999923	18124.703037960677	1.5121576409250103e7	6.871466949248666e6
0.45439999999999225	18125.94280699595	1.5121565820955187e7	6.881129023437417e6
0.45503999999999223	18127.185904936137	1.512155520380786e7	6.890791071171365e6
0.4556799999999922	18128.432362947955	1.5121544557520313e7	6.900453092274538e6
0.4563199999999922	18129.68214734092	1.5121533881424008e7	6.910115086361151e6
0.45695999999999215	18130.935110488314	1.5121523175741374e7	6.919777053389059e6
0.4575999999999921	18132.19234312026	1.5121512431906963e7	6.929438989967415e6
0.4582399999999921	18133.452174275826	1.5121501666605892e7	6.9391009027553005e6
0.45887999999999207	18134.716063401353	1.5121490865335189e7	6.9487627858411195e6
0.45951999999999205	18135.983936795932	1.5121480026918698e7	6.95842463856772e6
0.460159999999992	18137.254462168967	1.5121469165127428e7	6.968086466473774e6
0.460799999999992	18138.528810524404	1.5121458271003619e7	6.977748266012981e6
0.46143999999999197	18139.80708061015	1.5121447340496019e7	6.987410035299695e6
0.46207999999999194	18141.088673453003	1.5121436380641697e7	6.9970717771860175e6
0.4627199999999919	18142.374024167548	1.512142538537837e7	7.006733489037862e6
0.4633599999999919	18143.66279502828	1.512141436308484e7	7.016395174481194e6
0.46399999999999186	18144.955330250385	1.5121403304377578e7	7.026056829288088e6
0.46463999999999184	18146.251786982364	1.5121392212916723e7	7.035718455166182e6
0.4652799999999918	18147.551156221616	1.512138109529165e7	7.04538005457143e6
0.4659199999999918	18148.85492111139	1.5121369934389668e7	7.055041620266977e6
0.46655999999999176	18150.161643774543	1.5121358749152873e7	7.064703160231896e6
0.46719999999999173	18151.472413566276	1.512134752909149e7	7.074364670093368e6
0.4678399999999917	18152.786328302	1.5121336280261412e7	7.084026152129843e6
0.4684799999999917	18154.105416132617	1.5121324989059353e7	7.093687600985183e6
0.46911999999999165	18155.4281024442	1.5121313663712358e7	7.103349019591641e6
0.46975999999999163	18156.754133715443	1.5121302301721048e7	7.113010406568214e6
0.4703999999999916	18158.08334275048	1.512129091669874e7	7.122671768153282e6
0.4710399999999916	18159.416840321057	1.5121279493929014e7	7.132333097952051e6
0.47167999999999155	18160.754133796036	1.5121268036133122e7	7.14199439690711e6
0.4723199999999915	18162.09535817792	1.5121256546126049e7	7.15165566634473e6
0.4729599999999915	18163.44041024041	1.512124501918169e7	7.161316903905856e6
0.47359999999999147	18164.78939027518	1.512123345682091e7	7.170978110285295e6
0.47423999999999145	18166.142092366757	1.5121221860647893e7	7.18063928606001e6
0.4748799999999914	18167.498290624062	1.5121210236440416e7	7.190300433783067e6
0.4755199999999914	18168.8593311895	1.512119856803385e7	7.199961546413348e6
0.47615999999999137	18170.22381820526	1.5121186864636932e7	7.209622627510319e6
0.47679999999999134	18171.59251689745	1.5121175129206453e7	7.219283678810347e6
0.4774399999999913	18172.964784564465	1.512116335992278e7	7.228944699039223e6
0.4780799999999913	18174.341632316886	1.5121151542293485e7	7.238605681724276e6
0.47871999999999126	18175.722185378483	1.512113970331389e7	7.248266639231088e6
0.47935999999999124	18177.10660005949	1.5121127822841637e7	7.25792756193749e6
0.4799999999999912	18178.49491209435	1.5121115908493336e7	7.267588453430957e6
0.4806399999999912	18179.887896416632	1.51211039526467e7	7.27724931037786e6
0.48127999999999116	18181.284094766503	1.5121091970310893e7	7.28691013915673e6
0.48191999999999113	18182.684912847857	1.512107994550959e7	7.296570932739496e6
0.4825599999999911	18184.090040080355	1.512106787862606e7	7.306231691059996e6
0.4831999999999911	18185.49951365766	1.51210557742546e7	7.315892416268346e6
0.48383999999999106	18186.91293538573	1.5121043639650885e7	7.325553111589278e6
0.48447999999999103	18188.32996598514	1.5121031465587692e7	7.335213772311854e6
0.485119999999991	18189.751951172642	1.5121019251732515e7	7.344874398884961e6
0.485759999999991	18191.177189234262	1.5121007008815492e7	7.354534995559868e6
0.48639999999999095	18192.60771803101	1.5120994714634463e7	7.364195552522047e6
0.4870399999999909	18194.04193476356	1.5120982386563607e7	7.373856077302659e6
0.4876799999999909	18195.4799985621	1.512097002994262e7	7.383516572515143e6
0.4883199999999909	18196.92336194578	1.5120957624536216e7	7.393177028959228e6
0.48895999999999085	18198.37030856821	1.5120945184191128e7	7.402837452424447e6
0.4895999999999908	18199.821847730393	1.5120932706187079e7	7.412497842020136e6
0.4902399999999908	18201.27760748236	1.5120920187740123e7	7.422158196110769e6
0.49087999999999077	18202.738440094574	1.5120907622002266e7	7.431818511682954e6
0.49151999999999074	18204.20319922418	1.5120895020778647e7	7.441478793855722e6
0.4921599999999907	18205.67189206287	1.512088238753736e7	7.451139044263912e6
0.4927999999999907	18207.144938366077	1.512086971490771e7	7.460799259419118e6
0.49343999999999066	18208.62305081222	1.5120856997818867e7	7.47045943709622e6
0.49407999999999064	18210.105708965126	1.5120844235384932e7	7.480119576499125e6
0.4947199999999906	18211.59232167491	1.5120831441782825e7	7.489779684246953e6
0.4953599999999906	18213.08300203864	1.5120818608788768e7	7.499439756255611e6
0.49599999999999056	18214.57913150112	1.5120805726810805e7	7.509099788380294e6
0.49663999999999053	18216.079698349095	1.51207928091526e7	7.518759786614365e6
0.4972799999999905	18217.584561130592	1.512077984898061e7	7.528419747411505e6
0.4979199999999905	18219.094431887752	1.5120766841209548e7	7.538079668507277e6
0.49855999999999046	18220.60824251043	1.5120753803980788e7	7.547739558309643e6
0.49919999999999043	18222.127564138187	1.5120740717940351e7	7.5573994078798e6
0.4998399999999904	18223.65073076931	1.5120727590396876e7	7.567059219933331e6
0.5004799999999904	18225.179071284612	1.5120714420827456e7	7.576718994785268e6
0.5011199999999904	18226.712413721903	1.5120701205700373e7	7.5863787304893825e6
0.5017599999999903	18228.249678248532	1.5120687951124238e7	7.596038429475642e6
0.5023999999999903	18229.79184875518	1.5120674656023787e7	7.605698091610145e6
0.5030399999999903	18231.338726883518	1.5120661319577485e7	7.615357716293823e6
0.5036799999999902	18232.89145461573	1.5120647931064678e7	7.625017298605264e6
0.5043199999999902	18234.447393728165	1.5120634513703091e7	7.634676848834719e6
0.5049599999999902	18236.009259909057	1.5120621037900528e7	7.644336353322128e6
0.5055999999999902	18237.575632204724	1.5120607528178824e7	7.653995823639628e6
0.5062399999999901	18239.14735777066	1.5120593965881944e7	7.663655250687299e6
0.5068799999999901	18240.722714977594	1.5120580371261261e7	7.673314643769968e6
0.5075199999999901	18242.303927543417	1.5120566723663567e7	7.68297399343182e6
0.5081599999999901	18243.889815143277	1.5120553038548715e7	7.692633306835446e6
0.50879999999999	18245.48044242797	1.512053930479512e7	7.702292578272928e6
0.50943999999999	18247.07660432113	1.5120525529126596e7	7.711951811457118e6
0.51007999999999	18248.67781194925	1.512051169299478e7	7.721610996596257e6
0.51071999999999	18250.28389630531	1.5120497828730978e7	7.731270149994117e6
0.5113599999999899	18251.895389051308	1.5120483911458777e7	7.740929259126315e6
0.5119999999999899	18253.511100344997	1.512046994795496e7	7.750588326769755e6
0.5126399999999899	18255.132518460527	1.5120455940706749e7	7.760247354827952e6
0.5132799999999899	18256.759015147873	1.5120441887667105e7	7.7699063418494705e6
0.5139199999999898	18258.39012289338	1.5120427790843125e7	7.779565288540881e6
0.5145599999999898	18260.02709274688	1.512041364064782e7	7.789224190483491e6
0.5151999999999898	18261.66927336626	1.5120399443601014e7	7.798883050606816e6
0.5158399999999898	18263.317341551712	1.5120385192501675e7	7.808541865423995e6
0.5164799999999897	18264.96959052174	1.5120370906488027e7	7.818200643879191e6
0.5171199999999897	18266.62698699943	1.512035657496859e7	7.827859380887084e6
0.5177599999999897	18268.290010328838	1.5120342190647658e7	7.837518072804157e6
0.5183999999999896	18269.9586651411	1.5120327748247575e7	7.847176716784518e6
0.5190399999999896	18271.63286350662	1.5120313268162303e7	7.856835323248837e6
0.5196799999999896	18273.31182225339	1.5120298735707423e7	7.866493884106741e6
0.5203199999999896	18274.996622721774	1.512028415455034e7	7.876152401675463e6
0.5209599999999895	18276.6860153819	1.5120269535222022e7	7.885810880737916e6
0.5215999999999895	18278.38089981423	1.512025485772547e7	7.895469311211918e6
0.5222399999999895	18280.082384695015	1.5120240126356576e7	7.905127695748411e6
0.5228799999999895	18281.789060290965	1.5120225348707957e7	7.914786037528704e6
0.5235199999999894	18283.500614931923	1.5120210522757743e7	7.924444335246976e6
0.5241599999999894	18285.21894005609	1.5120195639446026e7	7.934102584952305e6
0.5247999999999894	18286.94228048247	1.5120180704233538e7	7.943760788553285e6
0.5254399999999894	18288.671104953064	1.5120165729119714e7	7.953418952468068e6
0.5260799999999893	18290.406167090656	1.5120150698707296e7	7.963077068866481e6
0.5267199999999893	18292.145918386806	1.5120135617754674e7	7.972735139403834e6
0.5273599999999893	18293.89171682805	1.5120120482319156e7	7.98239316253671e6
0.5279999999999893	18295.64321088701	1.5120105298402736e7	7.992051141152021e6
0.5286399999999892	18297.401518112954	1.5120090049980888e7	8.001709067201312e6
0.5292799999999892	18299.164487648577	1.5120074759749496e7	8.011366951547676e6
0.5299199999999892	18300.933566410706	1.5120059419495432e7	8.021024790429754e6
0.5305599999999892	18302.708087166484	1.5120044021303285e7	8.030682579226946e6
0.5311999999999891	18304.489208798328	1.5120028565452907e7	8.040340318509504e6
0.5318399999999891	18306.276365121717	1.5120013058174817e7	8.049998011202625e6
0.5324799999999891	18308.06896940337	1.5119997504620776e7	8.059655659664881e6
0.533119999999989	18309.867368728213	1.5119981887123285e7	8.069313254540112e6
0.533759999999989	18311.671479239652	1.5119966229603043e7	8.078970808423235e6
0.534399999999989	18313.482200698778	1.5119950510824462e7	8.088628310297072e6
0.535039999999989	18315.299683306945	1.511993472436507e7	8.098285756664871e6
0.5356799999999889	18317.122771940085	1.5119918890518747e7	8.107943157718383e6
0.5363199999999889	18318.952213980458	1.5119902998136632e7	8.11760050772305e6
0.5369599999999889	18320.787095942786	1.5119887058791064e7	8.127257812345187e6
0.5375999999999889	18322.62808551578	1.511987106580391e7	8.136915068202756e6
0.5382399999999888	18324.475450220587	1.5119855004074503e7	8.1465722671767855e6
0.5388799999999888	18326.329688620044	1.5119838887652306e7	8.1562294169239225e6
0.5395199999999888	18328.190186699772	1.5119822718495192e7	8.165886518099528e6
0.5401599999999888	18330.05668329659	1.5119806489985283e7	8.175543566895528e6
0.5407999999999887	18331.92879874144	1.5119790207636144e7	8.185200565993839e6
0.5414399999999887	18333.808361224685	1.5119773860233206e7	8.19485751004662e6
0.5420799999999887	18335.694301721287	1.5119757456011992e7	8.204514402889454e6
0.5427199999999887	18337.58613868105	1.5119740997434953e7	8.214171245517222e6
0.5433599999999886	18339.484581655914	1.5119724478707964e7	8.223828034989955e6
0.5439999999999886	18341.389983903628	1.5119707894919638e7	8.233484768668771e6
0.5446399999999886	18343.302232798982	1.5119691253670627e7	8.243141450503725e6
0.5452799999999886	18345.219951860698	1.5119674556182569e7	8.252798080411568e6
0.5459199999999885	18347.14549230321	1.511965778840144e7	8.262454651669085e6
0.5465599999999885	18349.076092629974	1.511964097775687e7	8.272111177866064e6
0.5471999999999885	18351.01389805098	1.511962410907179e7	8.2817676515769465e6
0.5478399999999884	18352.959701768235	1.5119607150378106e7	8.291424055521718e6
0.5484799999999884	18354.911238885205	1.5119590151199723e7	8.301080415652431e6
0.5491199999999884	18356.87004990032	1.5119573082905255e7	8.310736716852858e6
0.5497599999999884	18358.83572680653	1.511955594898709e7	8.320392960712604e6
0.5503999999999883	18360.807206576657	1.5119538766122987e7	8.330049155793993e6
0.5510399999999883	18362.787074563887	1.5119521506916538e7	8.339705288056108e6
0.5516799999999883	18364.772993547496	1.5119504192315683e7	8.349361367845006e6
0.5523199999999883	18366.766366622356	1.5119486815945033e7	8.359017392149594e6
0.5529599999999882	18368.766544953913	1.5119469364209834e7	8.368673353029548e6
0.5535999999999882	18370.773063537345	1.5119451863461936e7	8.378329264707913e6
0.5542399999999882	18372.78775273904	1.5119434284335671e7	8.387985111618686e6
0.5548799999999882	18374.808273529256	1.5119416649833223e7	8.397640905317994e6
0.5555199999999881	18376.836882360276	1.5119398950305196e7	8.407296641330834e6
0.5561599999999881	18378.873403259407	1.5119381175010141e7	8.416952313464763e6
0.5567999999999881	18380.915793969463	1.5119363346476411e7	8.426607933197774e6
0.5574399999999881	18382.966703578448	1.5119345434688905e7	8.43626348485714e6
0.558079999999988	18385.02419013274	1.5119327460919946e7	8.445918979280125e6
0.558719999999988	18387.087922476134	1.5119309442360414e7	8.45557442579386e6
0.559359999999988	18389.161643969903	1.5119291324843012e7	8.465229795650804e6
0.559999999999988	18391.241442765666	1.511927315415375e7	8.474885112560736e6
0.5606399999999879	18393.32852259654	1.5119254909153365e7	8.484540365087248e6
0.5612799999999879	18395.422590937305	1.5119236606642628e7	8.494195562375288e6
0.5619199999999879	18397.523908213774	1.511921824446126e7	8.503850703201199e6
0.5625599999999878	18399.635354474416	1.5119199786686322e7	8.513505768487535e6
0.5631999999999878	18401.752791650862	1.511918126565444e7	8.523160774435788e6
0.5638399999999878	18403.87772547377	1.5119162681876328e7	8.532815721857708e6
0.5644799999999878	18406.010581290953	1.5119144018925672e7	8.542470601531342e6
0.5651199999999877	18408.152045058494	1.5119125289480422e7	8.552125420752345e6
0.5657599999999877	18410.300448240712	1.5119106493873868e7	8.561780178840538e6
0.5663999999999877	18412.456708662314	1.5119087618305596e7	8.57143486823698e6
0.5670399999999877	18414.621102266094	1.511906866697328e7	8.58108949127278e6
0.5676799999999876	18416.7933998903	1.5119049653714418e7	8.590744055543056e6
0.5683199999999876	18418.973318933076	1.5119030568839623e7	8.600398555285063e6
0.5689599999999876	18421.162845289862	1.5119011389332242e7	8.610052978107119e6
0.5695999999999876	18423.358883144265	1.511899216329156e7	8.61970734987399e6
0.5702399999999875	18425.563719483016	1.5118972842013283e7	8.629361643693551e6
0.5708799999999875	18427.77659895423	1.5118953453735787e7	8.63901587516264e6
0.5715199999999875	18429.99579013876	1.5118934001857147e7	8.648670045337366e6
0.5721599999999875	18432.226000402603	1.511891445275617e7	8.658324136860793e6
0.5727999999999874	18434.463394488866	1.511889484274071e7	8.667978168683814e6
0.5734399999999874	18436.709455497232	1.5118875148784181e7	8.677632128103947e6
0.5740799999999874	18438.96323975128	1.5118855379767407e7	8.687286019639758e6
0.5747199999999874	18441.226409398376	1.5118835540795362e7	8.696939846773108e6
0.5753599999999873	18443.496750631366	1.5118815614827339e7	8.706593598607054e6
0.5759999999999873	18445.77772498805	1.5118795600878675e7	8.71624727586132e6
0.5766399999999873	18448.066447357774	1.511877551629822e7	8.725900887129167e6
0.5772799999999872	18450.3617146199	1.5118755370597832e7	8.735554437242528e6
0.5779199999999872	18452.667269676527	1.5118735127895718e7	8.745207906914486e6
0.5785599999999872	18454.98341176104	1.5118714797436582e7	8.754861301413769e6
0.5791999999999872	18457.307128780354	1.5118694392280918e7	8.764514626848705e6
0.5798399999999871	18459.63911213171	1.5118673908020774e7	8.774167880795926e6
0.5804799999999871	18461.98012025369	1.5118653344948232e7	8.783821063575404e6
0.5811199999999871	18464.329659222636	1.5118632697226956e7	8.79347417141999e6
0.5817599999999871	18466.687483093192	1.5118611971529426e7	8.803127207929691e6
0.582399999999987	18469.05523326326	1.5118591164273938e7	8.812780171538357e6
0.583039999999987	18471.43315423416	1.5118570263466252e7	8.822433055179158e6
0.583679999999987	18473.818749600236	1.5118549287364285e7	8.832085868270423e6
0.584319999999987	18476.215271625282	1.5118528214889305e7	8.84173859968803e6
0.5849599999999869	18478.62017645333	1.5118507059362438e7	8.85139125596249e6
0.5855999999999869	18481.03335600829	1.5118485826788276e7	8.861043840389747e6
0.5862399999999869	18483.45763621644	1.5118464507862834e7	8.870696348520871e6
0.5868799999999869	18485.889815185674	1.5118443098345283e7	8.880348776357131e6
0.5875199999999868	18488.332270368388	1.5118421600948054e7	8.890001126283685e6
0.5881599999999868	18490.783585222634	1.5118400016524022e7	8.899653398030309e6
0.5887999999999868	18493.245800809596	1.5118378342776535e7	8.909305590899916e6
0.5894399999999868	18495.71763196229	1.51183565718301e7	8.91895769953031e6
0.5900799999999867	18498.1983021277	1.511833471993033e7	8.928609732984297e6
0.5907199999999867	18500.686750690118	1.511831279035421e7	8.93826169259116e6
0.5913599999999867	18503.1893395235	1.5118290751664113e7	8.947913562195592e6
0.5919999999999866	18505.69782375738	1.5118268640473865e7	8.95756535987242e6
0.5926399999999866	18508.22024112493	1.5118246402740948e7	8.967217056717617e6
0.5932799999999866	18510.74909496025	1.5118224110135986e7	8.976868691933177e6
0.5939199999999866	18513.29007461304	1.5118201710376067e7	8.986520236659849e6
0.5945599999999865	18515.84032086341	1.5118179204068689e7	8.996171689870568e6
0.5951999999999865	18518.399371136933	1.5118156642818656e7	9.005823081870897e6
0.5958399999999865	18520.972518354694	1.5118133933645805e7	9.015474359276332e6
0.5964799999999865	18523.552867704802	1.5118111171538742e7	9.0251255756524e6
0.5971199999999864	18526.143346215904	1.5118088305913692e7	9.034776701858303e6
0.5977599999999864	18528.745441816314	1.5118065337547773e7	9.044427738738868e6
0.5983999999999864	18531.3589940318	1.5118042267150667e7	9.054078686434757e6
0.5990399999999864	18533.982275980397	1.5118019096663097e7	9.063729545198234e6
0.5996799999999863	18536.614465247378	1.5117995840869658e7	9.073380323355237e6
0.6003199999999863	18539.260170674897	1.5117972474556543e7	9.083031007430593e6
0.6009599999999863	18541.914622296765	1.5117949010492394e7	9.092681602956183e6
0.6015999999999863	18544.580652029923	1.5117925460159065e7	9.102332117763255e6
0.6022399999999862	18547.257706486056	1.5117901794297675e7	9.111982533822956e6
0.6028799999999862	18549.94439976154	1.5117878040702797e7	9.121632867098728e6
0.6035199999999862	18552.643564644037	1.5117854173427898e7	9.131283102867506e6
0.6041599999999862	18555.353347882057	1.5117830200817589e7	9.140933245194972e6
0.6047999999999861	18558.074621143733	1.5117806132678824e7	9.150583300134217e6
0.6054399999999861	18560.80761083879	1.5117781959353782e7	9.160233261721877e6
0.6060799999999861	18563.5512395258	1.5117757685089163e7	9.169883131882904e6
0.606719999999986	18566.305923601063	1.5117733305499613e7	9.179532907906149e6
0.607359999999986	18569.073510675036	1.5117708798867328e7	9.18918257710308e6
0.607999999999986	18571.84945114995	1.5117684220455373e7	9.198832171021504e6
0.608639999999986	18574.64177223621	1.5117659490840618e7	9.208481644309003e6
0.6092799999999859	18577.442525990988	1.5117634682743102e7	9.21813103784526e6
0.6099199999999859	18580.25492523471	1.5117609768414618e7	9.227780335792467e6
0.6105599999999859	18583.080340204466	1.5117584741235731e7	9.237429534416365e6
0.6111999999999859	18585.91634691892	1.5117559596476285e7	9.247078629641775e6
0.6118399999999858	18588.766007437644	1.5117534329769831e7	9.256727619739607e6
0.6124799999999858	18591.625777999794	1.511750898221337e7	9.266376528247321e6
0.6131199999999858	18594.499180186554	1.511748349848444e7	9.276025322433397e6
0.6137599999999858	18597.38347995731	1.5117457912783427e7	9.28567402194504e6
0.6143999999999857	18600.278961474356	1.5117432225047762e7	9.295322626636675e6
0.6150399999999857	18603.18973728772	1.5117406403388938e7	9.304971118261384e6
0.6156799999999857	18606.11278402424	1.5117380460954826e7	9.314619503465608e6
0.6163199999999857	18609.045155134547	1.5117354421772322e7	9.324267795671621e6
0.6169599999999856	18611.994973267996	1.5117328229735022e7	9.333915963171663e6
0.6175999999999856	18614.952364522123	1.5117301979525328e7	9.343564060338818e6
0.6182399999999856	18617.925406025803	1.5117275568218775e7	9.353212026498362e6
0.6188799999999856	18620.911877896273	1.5117249037935143e7	9.362859886531986e6
0.6195199999999855	18623.909794909894	1.5117222402722938e7	9.372507648133462e6
0.6201599999999855	18626.919777061044	1.5117195654927874e7	9.38215530656797e6
0.6207999999999855	18629.945118172807	1.5117168762575455e7	9.391802842995435e6
0.6214399999999854	18632.981635917113	1.5117141762056513e7	9.401450278140273e6
0.6220799999999854	18636.03487012725	1.5117114605389602e7	9.41109758401866e6
0.6227199999999854	18639.098180849596	1.5117087365229046e7	9.420744803036882e6
0.6233599999999854	18642.174753533094	1.5117060005132597e7	9.430391913498405e6
0.6239999999999853	18645.265532103105	1.5117032490111398e7	9.440038893669361e6
0.6246399999999853	18648.372224217786	1.5117004843076244e7	9.449685758177007e6
0.6252799999999853	18651.488990428985	1.511697709580717e7	9.459332524420578e6
0.6259199999999853	18654.62148871956	1.5116949210564772e7	9.468979170682978e6
0.6265599999999852	18657.769335673314	1.51169211756237e7	9.478625689179275e6
0.6271999999999852	18660.92874861243	1.511689303904505e7	9.488272108326316e6
0.6278399999999852	18664.101564507073	1.5116864774356578e7	9.497918411970057e6
0.6284799999999852	18667.290890611122	1.5116836349116439e7	9.507564580604156e6
0.6291199999999851	18670.49281435893	1.5116807813422404e7	9.517210643955069e6
0.6297599999999851	18673.710451077364	1.5116779123191193e7	9.526856575178066e6
0.6303999999999851	18676.94257307315	1.5116750296795508e7	9.536502385074671e6
0.6310399999999851	18680.18911769481	1.511672135519298e7	9.546148086557617e6
0.631679999999985	18683.448298266405	1.5116692291988373e7	9.555793674680207e6
0.632319999999985	18686.72265267372	1.5116663080541963e7	9.565439133273004e6
0.632959999999985	18690.014101284833	1.5116633702113234e7	9.575084450865101e6
0.633599999999985	18693.320900897324	1.5116604178860161e7	9.58472964050366e6
0.6342399999999849	18696.64010915535	1.5116574553538747e7	9.594374727922512e6
0.6348799999999849	18699.97548712582	1.5116544776433524e7	9.604019682711748e6
0.6355199999999849	18703.32622839547	1.511651485266474e7	9.613664507508993e6
0.6361599999999848	18706.69314370545	1.5116484759638403e7	9.623309187924745e6
0.6367999999999848	18710.07497664573	1.5116454548561148e7	9.632953755755028e6
0.6374399999999848	18713.473095884863	1.5116424188225662e7	9.642598191347979e6
0.6380799999999848	18716.885817363935	1.5116393684100173e7	9.652242497265428e6
0.6387199999999847	18720.315938205076	1.5116363015601553e7	9.661886661066948e6
0.6393599999999847	18723.758105746005	1.5116332222514436e7	9.671530705909856e6
0.6399999999999847	18727.221876366548	1.5116301258464374e7	9.68117460529246e6
0.6406399999999847	18730.69924964174	1.511627014234212e7	9.690818368072176e6
0.6412799999999846	18734.193376850344	1.5116238877607709e7	9.700461997280184e6
0.6419199999999846	18737.7012715517	1.5116207494435225e7	9.710105510898944e6
0.6425599999999846	18741.22855241577	1.511617590982375e7	9.719748857349891e6
0.6431999999999846	18744.77264644417	1.5116144180359997e7	9.729392071687568e6
0.6438399999999845	18748.329703257208	1.511611232324539e7	9.73903516330519e6
0.6444799999999845	18751.905447553167	1.5116080303772122e7	9.748678111599537e6
0.6451199999999845	18755.50031656987	1.5116048079627704e7	9.758320889081534e6
0.6457599999999845	18759.110222224837	1.5116015707569078e7	9.767963530524695e6
0.6463999999999844	18762.736211606796	1.5115983228503663e7	9.777606062428957e6
0.6470399999999844	18766.38267854309	1.511595052737354e7	9.787248411661757e6
0.6476799999999844	18770.04314890072	1.5115917709405484e7	9.79689064362973e6
0.6483199999999844	18773.726296201272	1.5115884669940248e7	9.806532693279274e6
0.6489599999999843	18777.422780970144	1.5115851500013957e7	9.816174615941852e6
0.6495999999999843	18781.141130527663	1.5115818157734377e7	9.825816387116153e6
0.6502399999999843	18784.87322635719	1.5115784633101081e7	9.835457997087061e6
0.6508799999999842	18788.622911738497	1.5115750951256387e7	9.845099463184467e6
0.6515199999999842	18792.393510498277	1.511571712033362e7	9.85474079153006e6
0.6521599999999842	18796.182891934637	1.5115683067833137e7	9.86438193377495e6
0.6527999999999842	18799.992436401157	1.5115648858541815e7	9.874022932229776e6
0.6534399999999841	18803.817325206146	1.5115614497019313e7	9.883663787864285e6
0.6540799999999841	18807.658560551565	1.5115579970205827e7	9.893304492161253e6
0.6547199999999841	18811.52290583471	1.5115545229123801e7	9.902945015040621e6
0.6553599999999841	18815.407501279424	1.511551030494754e7	9.912585375491422e6
0.655999999999984	18819.307929304414	1.511547522924971e7	9.92222559231525e6
0.656639999999984	18823.22952486584	1.511543994163108e7	9.931865627362048e6
0.657279999999984	18827.1701289014	1.5115404482166763e7	9.941505505784905e6
0.657919999999984	18831.128062949643	1.5115368875193648e7	9.951145242654936e6
0.6585599999999839	18835.111317631916	1.5115333008910643e7	9.960784766756242e6
0.6591999999999839	18839.114385286022	1.5115296985665245e7	9.97042414313279e6
0.6598399999999839	18843.1277830923	1.5115260822397914e7	9.980063379397493e6
0.6604799999999839	18847.171321425154	1.5115224402255468e7	9.989702404808499e6
0.6611199999999838	18851.233213344844	1.5115187807675947e7	9.999341269321816e6
0.6617599999999838	18855.310762358997	1.5115151049388332e7	1.0008979978755238e7
0.6623999999999838	18859.415256186912	1.5115114071745642e7	1.0018618499714557e7
0.6630399999999838	18863.536433514775	1.5115076897300405e7	1.0028256843222452e7
0.6636799999999837	18867.681419622153	1.5115039536080461e7	1.0037895017920682e7
0.6643199999999837	18871.851540139625	1.5115001928491028e7	1.0047532984259907e7
0.6649599999999837	18876.0329808618	1.5114964185268428e7	1.0057170810725756e7
0.6655999999999836	18880.24294356324	1.5114926192462599e7	1.0066808426943187e7
0.6662399999999836	18884.470897949373	1.5114888026926253e7	1.0076445880066e7
0.6668799999999836	18888.72285277641	1.5114849640888197e7	1.008608313987199e7
0.6675199999999836	18892.998359524085	1.5114811030825255e7	1.0095720203390801e7
0.6681599999999835	18897.292625423288	1.511477224279083e7	1.0105357099327693e7
0.6687999999999835	18901.609392676815	1.5114733225155532e7	1.0114993794014625e7
0.6694399999999835	18905.95228517627	1.5114694010731732e7	1.012463031013139e7
0.6700799999999835	18910.316583003325	1.5114654556967929e7	1.0134266617179886e7
0.6707199999999834	18914.705018829554	1.5114614858131327e7	1.0143902711714193e7
0.6713599999999834	18919.10932643303	1.5114575014117202e7	1.0153538657566514e7
0.6719999999999834	18923.54493152109	1.5114534930318715e7	1.0163174395911464e7
0.6726399999999834	18927.998520813002	1.5114494619456628e7	1.0172809930426829e7
0.6732799999999833	18932.484327857994	1.5114454021443635e7	1.0182445224836916e7
0.6739199999999833	18936.98869612545	1.5114413253858557e7	1.019208035331414e7
0.6745599999999833	18941.512547360617	1.5114372296336176e7	1.0201715302059691e7
0.6751999999999833	18946.0665265454	1.5114331072089465e7	1.0211350022282377e7
0.6758399999999832	18950.641270654094	1.5114289621154532e7	1.022098453743512e7
0.6764799999999832	18955.243945594033	1.5114247896441665e7	1.0230618817505881e7
0.6771199999999832	18959.869230715856	1.5114205981712814e7	1.024025291691434e7
0.6777599999999832	18964.51538333386	1.5114163879829582e7	1.0249886836630167e7
0.6783999999999831	18969.197326190784	1.5114121409215303e7	1.025952045787151e7
0.6790399999999831	18973.89500262451	1.5114078833276203e7	1.0269153952287659e7
0.6796799999999831	18978.62091068622	1.511403594738092e7	1.0278787184565721e7
0.680319999999983	18983.378977726956	1.5113992772304459e7	1.0288420169445515e7
0.680959999999983	18988.157337401255	1.5113949417072717e7	1.0298052976766506e7
0.681599999999983	18992.96250062677	1.511390578810246e7	1.0307685544430578e7
0.682239999999983	18997.791695783417	1.5113861933068037e7	1.0317317903505333e7
0.682879999999983	19002.653288631594	1.511381779164366e7	1.0326950014968257e7
0.6835199999999829	19007.539458107178	1.5113773374128858e7	1.0336581882772e7
0.6841599999999829	19012.449581083703	1.5113728757327063e7	1.0346213558688315e7
0.6847999999999829	19017.387502583584	1.5113683882953886e7	1.0355845003587376e7
0.6854399999999828	19022.360826311236	1.511363867185561e7	1.0365476165057976e7
0.6860799999999828	19027.35368820203	1.5113593257684682e7	1.0375107129101848e7
0.6867199999999828	19032.373570517466	1.511354758408479e7	1.038473785893462e7
0.6873599999999828	19037.428014780537	1.5113501593668895e7	1.0394368316918531e7
0.6879999999999827	19042.50889138098	1.5113455385964751e7	1.04039985683176e7
0.6886399999999827	19047.618016574204	1.5113408870167403e7	1.0413628550697459e7
0.6892799999999827	19052.758299065852	1.5113362059200438e7	1.04232582732241e7
0.6899199999999827	19057.926117016927	1.511331500677364e7	1.043288777120337e7
0.6905599999999826	19063.12343084241	1.5113267666116497e7	1.0442517012427585e7
0.6911999999999826	19068.34994297364	1.5113220052440206e7	1.0452146006708797e7
0.6918399999999826	19073.6109016396	1.5113172075661778e7	1.0461774692761032e7
0.6924799999999826	19078.8931947419	1.5113123959531266e7	1.0471403220731195e7
0.6931199999999825	19084.206276679677	1.5113075517496293e7	1.0481031463908955e7
0.6937599999999825	19089.560598747918	1.5113026656075148e7	1.0490659359956192e7
0.6943999999999825	19094.931952489897	1.5112977657076385e7	1.0500287096278258e7
0.6950399999999824	19100.34481560412	1.5112928267278645e7	1.050991450404405e7
0.6956799999999824	19105.78601931066	1.5112878600868482e7	1.0519541657853317e7
0.6963199999999824	19111.258874188068	1.5112828614952007e7	1.052916852825803e7
0.6969599999999824	19116.76765151708	1.511277830348192e7	1.0538795111663608e7
0.6975999999999823	19122.308922351414	1.5112727691894919e7	1.0548421424083747e7
0.6982399999999823	19127.882795108544	1.5112676780499065e7	1.0558047465127653e7
0.6988799999999823	19133.48662004192	1.5112625547710096e7	1.0567673218274392e7
0.6995199999999823	19139.116628517408	1.5112574097117128e7	1.0577298754179643e7
0.7001599999999822	19144.79044081001	1.511252220131503e7	1.0586923918438237e7
0.7007999999999822	19150.497971748733	1.5112470011398096e7	1.0596548812980663e7
0.7014399999999822	19156.23498954706	1.5112417577460064e7	1.0606173471051797e7
0.7020799999999822	19162.01042017775	1.5112364714385534e7	1.0615797764819907e7
0.7027199999999821	19167.813305096144	1.5112311574662467e7	1.0625421797285877e7
0.7033599999999821	19173.666744787082	1.511225798746166e7	1.0635045454563936e7
0.7039999999999821	19179.54480484465	1.5112204141140008e7	1.064466886062453e7
0.7046399999999821	19185.46063181697	1.5112149997807678e7	1.0654291992107144e7
0.705279999999982	19191.408346488348	1.5112095473056836e7	1.0663914787105132e7
0.705919999999982	19197.401145310665	1.5112040527387414e7	1.0673537220821865e7
0.706559999999982	19203.422358744465	1.5111985333956797e7	1.0683159409817193e7
0.707199999999982	19209.480952981405	1.5111929777274165e7	1.069278127451105e7
0.7078399999999819	19215.579275282566	1.5111873899389451e7	1.0702402844584623e7
0.7084799999999819	19221.70408439774	1.5111817649072023e7	1.0712024079188958e7
0.7091199999999819	19227.892802533977	1.511176086199802e7	1.0721644871918164e7
0.7097599999999818	19234.099340034656	1.5111703905347666e7	1.0731265468851736e7
0.7103999999999818	19240.357317688147	1.5111646449979426e7	1.0740885645544311e7
0.7110399999999818	19246.638717436155	1.5111588799462413e7	1.075050560869327e7
0.7116799999999818	19252.96650413267	1.5111530620314902e7	1.0760125127167905e7
0.7123199999999817	19259.347933911136	1.5111471980719177e7	1.0769744250519237e7
0.7129599999999817	19265.75804965111	1.5111413094394132e7	1.0779363122969536e7
0.7135999999999817	19272.204702876104	1.5111353790885987e7	1.0788981624602867e7
0.7142399999999817	19278.699933898784	1.5111294058361089e7	1.079859974953666e7
0.7148799999999816	19285.223474302507	1.5111234037539363e7	1.0808217591672856e7
0.7155199999999816	19291.799046134234	1.511117363725523e7	1.081783509192123e7
0.7161599999999816	19298.41848630613	1.5111112643829374e7	1.082745209410772e7
0.7167999999999816	19305.085217328036	1.5111051276432998e7	1.0837068755080441e7
0.7174399999999815	19311.772236837278	1.5110989736334331e7	1.0846685210798664e7
0.7180799999999815	19318.51604593476	1.5110927583061254e7	1.0856301154888015e7
0.7187199999999815	19325.304429142125	1.5110865055440256e7	1.0865916754275572e7
0.7193599999999815	19332.136292533298	1.5110802113064755e7	1.087553197878312e7
0.7199999999999814	19339.023626397255	1.5110738609225322e7	1.0885146725257343e7
0.7206399999999814	19345.93733055353	1.5110674820902003e7	1.0894761183987202e7
0.7212799999999814	19352.91381490259	1.5110610570813028e7	1.090437523665423e7
0.7219199999999814	19359.916276843178	1.5110545946820734e7	1.0913988935446808e7
0.7225599999999813	19366.96734379916	1.5110480928762881e7	1.092360227130649e7
0.7231999999999813	19374.079828863265	1.511041524103234e7	1.0933215047610935e7
0.7238399999999813	19381.21807244466	1.5110349307588331e7	1.0942827559987342e7
0.7244799999999813	19388.434628720548	1.5110282656426672e7	1.0952439480436618e7
0.7251199999999812	19395.67375827895	1.511021577988198e7	1.0962051149110414e7
0.7257599999999812	19402.96479458375	1.511014844205883e7	1.0971662402373599e7
0.7263999999999812	19410.32031878983	1.5110080495096995e7	1.0981273135277394e7
0.7270399999999811	19417.701514745517	1.5110012257273883e7	1.0990883567333583e7
0.7276799999999811	19425.15197867062	1.5109943321011407e7	1.1000493413220126e7
0.7283199999999811	19432.635710387265	1.5109874165284239e7	1.101010301052933e7
0.7289599999999811	19440.173927911703	1.5109804416581798e7	1.1019712092252603e7
0.729599999999981	19447.7720022311	1.5109734065365076e7	1.1029320651639476e7
0.730239999999981	19455.427279550964	1.5109663200452678e7	1.1038928751561208e7
0.730879999999981	19463.12140483488	1.5109591973390015e7	1.1048536496743478e7
0.731519999999981	19470.859217620156	1.5109520266220247e7	1.1058143801427893e7
0.7321599999999809	19478.663787476034	1.5109448008932024e7	1.1067750619528221e7
0.7327999999999809	19486.52751972454	1.510937516438166e7	1.1077356920611862e7
0.7334399999999809	19494.435051263677	1.5109301820159506e7	1.1086962763584765e7
0.7340799999999809	19502.39048912328	1.5109228114767402e7	1.1096568250167035e7
0.7347199999999808	19510.42001552503	1.5109153665288037e7	1.1106173105181856e7
0.7353599999999808	19518.496066122596	1.5109078704128472e7	1.1115777490666563e7
0.7359999999999808	19526.61969674963	1.5109003372912506e7	1.1125381510063255e7
0.7366399999999808	19534.79161821136	1.5108927486572789e7	1.113498502642926e7
0.7372799999999807	19543.04858616098	1.510885083701375e7	1.1144587894837763e7
0.7379199999999807	19551.34419465477	1.5108773858504318e7	1.1154190421953749e7
0.7385599999999807	19559.709141638476	1.510869611904287e7	1.1163792296038e7
0.7391999999999807	19568.119433772783	1.5108617992604472e7	1.117339378568126e7
0.7398399999999806	19576.58853673326	1.5108539265567018e7	1.1182994735510526e7
0.7404799999999806	19585.133141733008	1.5108459881263666e7	1.119259510663077e7
0.7411199999999806	19593.72582582049	1.5108379885643331e7	1.1202194924589481e7
0.7417599999999805	19602.37891254835	1.5108299486774426e7	1.121179434563988e7
0.7423999999999805	19611.09227258395	1.5108218460782878e7	1.1221393202654332e7
0.7430399999999805	19619.86838467852	1.510813676794642e7	1.123099146543474e7
0.7436799999999805	19628.71416435662	1.5108054430421647e7	1.1240589150830282e7
0.7443199999999804	19637.61755426391	1.5107971551199798e7	1.1250186331045013e7
0.7449599999999804	19646.57269252125	1.5107888074839398e7	1.1259782962131564e7
0.7455999999999804	19655.611939372415	1.510780401924025e7	1.1269379064422611e7
0.7462399999999804	19664.71052726474	1.5107719138963033e7	1.1278974447202874e7
0.7468799999999803	19673.845661997373	1.5107634001099516e7	1.1288569526554875e7
0.7475199999999803	19683.085934450373	1.5107547871489309e7	1.129816377043212e7
0.7481599999999803	19692.378137069012	1.5107461160360385e7	1.1307757470244968e7
0.7487999999999803	19701.734249505207	1.5107373931026485e7	1.131735067519581e7
0.7494399999999802	19711.149810277868	1.51072861250838e7	1.1326943339278968e7
0.7500799999999802	19720.618327554825	1.5107197724275613e7	1.1336535445956776e7
0.7507199999999802	19730.179552485435	1.5107108503718687e7	1.1346126835070238e7
0.7513599999999802	19739.82491515915	1.5107018487004435e7	1.1355717520462258e7
0.7519999999999801	19749.508860260463	1.5106928083556687e7	1.1365307797031675e7
0.7526399999999801	19759.269619943814	1.51068368439334e7	1.1374897335150924e7
0.7532799999999801	19769.11251860698	1.5106744880907098e7	1.1384486219329989e7
0.75391999999998	19779.034814887746	1.510665213287712e7	1.1394074400905665e7
0.75455999999998	19789.00292875495	1.5106559028966863e7	1.1403662193775767e7
0.75519999999998	19799.04487408412	1.5106464994627668e7	1.141324917012769e7
0.75583999999998	19809.148748213414	1.5106370560416546e7	1.1422835726143304e7
0.75647999999998	19819.4027704205	1.5106274592786202e7	1.1432421024913257e7
0.7571199999999799	19829.659351839564	1.5106178535149029e7	1.1442006120195104e7
0.7577599999999799	19839.976257638977	1.5106082128507048e7	1.1451590829545848e7
0.7583999999999799	19850.415513878157	1.5105984245193513e7	1.146117431194261e7
0.7590399999999798	19860.907914328425	1.5105886031281617e7	1.147075741755473e7
0.7596799999999798	19871.463483434298	1.5105787215568475e7	1.1480339942027094e7
0.7603199999999798	19882.114023562375	1.5105687301578104e7	1.1489921514224727e7
0.7609599999999798	19892.827684439548	1.5105587004890278e7	1.149950266877069e7
0.7615999999999797	19903.648195082853	1.5105485523167117e7	1.1509082804173479e7
0.7622399999999797	19914.514568083672	1.5105383704683391e7	1.151866255004127e7
0.7628799999999797	19925.45692172306	1.5105280843069475e7	1.1528241373905813e7
0.7635199999999797	19936.505954303055	1.5105177402885305e7	1.1537819635578755e7
0.7641599999999796	19947.589165874964	1.5105073407577362e7	1.154739733456289e7
0.7647999999999796	19958.782342500686	1.5104968265096458e7	1.155697403475242e7
0.7654399999999796	19970.07905280192	1.510486224403109e7	1.1566549937813474e7
0.7660799999999796	19981.38117137785	1.5104756009068899e7	1.1576125528110802e7
0.7667199999999795	19992.85255888317	1.5104648377976509e7	1.1585699937006777e7
0.7673599999999795	20004.34656473117	1.510454036432194e7	1.1595273905150594e7
0.7679999999999795	20015.961907488883	1.5104431292532237e7	1.1604846935826987e7
0.7686399999999795	20027.653484720184	1.5104321213026352e7	1.161441905509049e7
0.7692799999999794	20039.434561018887	1.5104210513436908e7	1.1623990562118351e7
0.7699199999999794	20051.26618560016	1.510409896629776e7	1.1633561271455644e7
0.7705599999999794	20063.163004522405	1.510398725657631e7	1.1643131712546889e7
0.7711999999999793	20075.192410236086	1.5103874068790387e7	1.1652700885874297e7
0.7718399999999793	20087.311178402037	1.510376008764125e7	1.1662269306963174e7
0.7724799999999793	20099.503873076243	1.510364529176745e7	1.167183695410541e7
0.7731199999999793	20111.79697272506	1.5103529579501143e7	1.1681403753000783e7
0.7737599999999792	20124.104425352118	1.5103413534212513e7	1.1690970133617152e7
0.7743999999999792	20136.605592530945	1.5103295868169405e7	1.1700535138531748e7
0.7750399999999792	20149.110650557923	1.510317787660431e7	1.1710099725415038e7
0.7756799999999792	20161.775279503992	1.5103058624766603e7	1.1719663203489343e7
0.7763199999999791	20174.47874880169	1.5102938766385077e7	1.172922605052628e7
0.7769599999999791	20187.30174714963	1.5102817823637424e7	1.1738787912034702e7
0.7775999999999791	20200.251662785628	1.5102695795906803e7	1.1748348786866616e7
0.7782399999999791	20213.213819259334	1.5102573307145676e7	1.1757909132849295e7
0.778879999999979	20226.285136290186	1.510245004391642e7	1.1767468726374641e7
0.779519999999979	20239.489252624746	1.510232508426766e7	1.1777026852278426e7
0.780159999999979	20252.751051266405	1.5102199882625978e7	1.1786584625220276e7
0.780799999999979	20266.153649190965	1.5102073564466037e7	1.1796141380014665e7
0.7814399999999789	20279.60546442895	1.5101946281039605e7	1.1805697212425577e7
0.7820799999999789	20293.182096126122	1.5101817959608797e7	1.1815252080092918e7
0.7827199999999789	20306.821250099536	1.5101688990409018e7	1.182480627269385e7
0.7833599999999789	20320.631769324602	1.5101558493218163e7	1.1834359122913567e7
0.7839999999999788	20334.491230579573	1.5101427235970974e7	1.184391120310673e7
0.7846399999999788	20348.412002416044	1.5101295739323206e7	1.1853462922911081e7
0.7852799999999788	20362.49544566761	1.5101162327052034e7	1.1863012987209195e7
0.7859199999999787	20376.653282170515	1.5101028305109793e7	1.1872562399486216e7
0.7865599999999787	20390.907238608786	1.5100893174721118e7	1.188211077074933e7
0.7871999999999787	20405.340213511205	1.5100756703635387e7	1.1891657933498891e7
0.7878399999999787	20419.773673758285	1.5100620014019744e7	1.1901204731027618e7
0.7884799999999786	20434.40811566189	1.510048086839313e7	1.191074944111492e7
0.7891199999999786	20449.146051939315	1.5100341231744409e7	1.1920293588713259e7
0.7897599999999786	20463.95255692928	1.5100201134511255e7	1.1929837189376855e7
0.7903999999999786	20478.908616952656	1.5100059091236392e7	1.1939379084959034e7
0.7910399999999785	20494.000566130984	1.5099915726888983e7	1.1948919762956236e7
0.7916799999999785	20509.14805456319	1.5099771982900487e7	1.195845994914506e7
0.7923199999999785	20524.411380536487	1.5099626944536671e7	1.196799893045048e7
0.7929599999999785	20539.84919466999	1.5099480307119075e7	1.197753647471008e7
0.7935999999999784	20555.37438437276	1.5099332904809868e7	1.198707322252972e7
0.7942399999999784	20571.012360052864	1.5099184076049015e7	1.1996608652064048e7
0.7948799999999784	20586.81980013431	1.5099033753475973e7	1.200614271844006e7
0.7955199999999784	20602.78625843317	1.5098882165398082e7	1.201567559795128e7
0.7961599999999783	20618.83731705042	1.5098729133314455e7	1.2025207130578017e7
0.7967999999999783	20634.991765352726	1.5098575525749512e7	1.2034738009243604e7
0.7974399999999783	20651.295571754254	1.5098420083807694e7	1.2044267238062294e7
0.7980799999999783	20667.77367062839	1.5098263138656227e7	1.2053795082558006e7
0.7987199999999782	20684.424064245348	1.5098104312026257e7	1.2063321236976935e7
0.7993599999999782	20701.103923691237	1.509794539286341e7	1.2072847098730216e7
0.7999999999999782	20718.0345209079	1.5097784004829098e7	1.208237081076713e7
0.8006399999999781	20735.124885536618	1.5097620636681363e7	1.2091892741049418e7
0.8012799999999781	20752.35623865208	1.509745646501084e7	1.21014138245153e7
0.8019199999999781	20769.720183019075	1.5097290653814033e7	1.2110933387280071e7
0.8025599999999781	20787.288307078652	1.509712266627079e7	1.2120451009245304e7
0.803199999999978	20805.004896330887	1.5096953370246647e7	1.2129967371945374e7
0.803839999999978	20822.800884736018	1.509678320663821e7	1.2139482813445276e7
0.804479999999978	20840.87681113863	1.5096610275065511e7	1.2148995842318485e7
0.805119999999978	20859.109744520247	1.5096436019831618e7	1.2158507591593511e7
0.8057599999999779	20877.485066653757	1.5096260098332105e7	1.2168017779531091e7
0.8063999999999779	20896.133850962735	1.5096081509311931e7	1.2177525620622354e7
0.8070399999999779	20914.834386241295	1.5095902367448017e7	1.2187032773068083e7
0.8076799999999779	20933.783016344885	1.5095720766399857e7	1.2196537733755207e7
0.8083199999999778	20952.995215164345	1.5095536530527325e7	1.2206040358478356e7
0.8089599999999778	20972.32027975958	1.5095351207336057e7	1.2215541864752488e7
0.8095999999999778	20991.934885858755	1.5095163256820954e7	1.2225041037124177e7
0.8102399999999778	21011.709024498665	1.5094973126873462e7	1.2234538208222106e7
0.8108799999999777	21031.655801463123	1.5094781695051536e7	1.2244034087628227e7
0.8115199999999777	21051.88765525119	1.5094587387219632e7	1.2253527416261401e7
0.8121599999999777	21072.355021004954	1.5094390808154333e7	1.2263018669917433e7
0.8127999999999777	21092.982378725155	1.5094192389011234e7	1.2272508180089291e7
0.8134399999999776	21113.944443714823	1.5093990750150608e7	1.2281994853277594e7
0.8140799999999776	21135.12376880931	1.5093786778052583e7	1.2291479382487806e7
0.8147199999999776	21156.519661362636	1.5093580819996871e7	1.230096204563037e7
0.8153599999999775	21178.178309730996	1.5093372373848017e7	1.231044243758349e7
0.8159999999999775	21200.08372557793	1.5093161156235313e7	1.2319920318893183e7
0.8166399999999775	21222.232935791475	1.5092947779007807e7	1.2329396182879703e7
0.8172799999999775	21244.696475353172	1.5092730799704995e7	1.2338868858922536e7
0.8179199999999774	21267.49507708014	1.5092511009251466e7	1.2348338990190253e7
0.8185599999999774	21290.553830862504	1.509228854646068e7	1.2357806670677586e7
0.8191999999999774	21313.8031632943	1.50920641206615e7	1.2367272463257484e7
0.8198399999999774	21337.461650735637	1.5091835586335247e7	1.2376734644191746e7
0.8204799999999773	21361.40185919446	1.509160407814287e7	1.2386194112896083e7
0.8211199999999773	21385.638451904335	1.5091369838158904e7	1.2395651064514974e7
0.8217599999999773	21410.193540753153	1.5091132258696634e7	1.2405104997802908e7
0.8223999999999773	21435.125845544262	1.5090890894734008e7	1.2414555550179074e7
0.8230399999999772	21460.369754359846	1.5090646938778467e7	1.242400368352362e7
0.8236799999999772	21486.089315438596	1.5090397594032463e7	1.2433447117520414e7
0.8243199999999772	21512.022338231815	1.5090146473681897e7	1.2442888773269497e7
0.8249599999999772	21538.37700025959	1.5089891212481866e7	1.2452326732158821e7
0.8255999999999771	21565.069513689843	1.5089632642523052e7	1.2461761657789875e7
0.8262399999999771	21592.243276256493	1.5089368781578077e7	1.2471191930282408e7
0.8268799999999771	21619.71792368714	1.5089102702915596e7	1.2480620048553452e7
0.827519999999977	21647.59975359643	1.5088831759663677e7	1.249004383576204e7
0.828159999999977	21675.87999755244	1.5088557171571994e7	1.2499464290427497e7
0.828799999999977	21704.740555216933	1.5088276916288052e7	1.2508879759802245e7
0.829439999999977	21734.030042139733	1.5087992658743469e7	1.2518291587031823e7
0.830079999999977	21763.656519118485	1.5087704743290821e7	1.2527700033826226e7
0.8307199999999769	21793.83685624246	1.5087411358927745e7	1.2537103624791134e7
0.8313599999999769	21824.473699027036	1.5087113413202623e7	1.254650308644439e7
0.8319999999999769	21855.63021707763	1.5086810455934392e7	1.2555898045213534e7
0.8326399999999768	21887.295660613196	1.5086502493721634e7	1.2565288494173793e7
0.8332799999999768	21919.489470464538	1.5086189246169059e7	1.257467419233192e7
0.8339199999999768	21952.20999307747	1.508587062039349e7	1.258405505079384e7
0.8345599999999768	21985.51461773156	1.5085546708663788e7	1.259343114472046e7
0.8351999999999767	22019.392945894582	1.5085216646547409e7	1.2602801739153529e7
0.8358399999999767	22053.84908724753	1.5084881003481643e7	1.2612167297815908e7
0.8364799999999767	22089.008931419197	1.5084538299197659e7	1.2621526591252971e7
0.8371199999999767	22124.724750393725	1.5084190753174944e7	1.2630881438464802e7
0.8377599999999766	22161.072963423125	1.5083836520191971e7	1.264023029563326e7
0.8383999999999766	22198.140182504434	1.5083475235849159e7	1.2649572857189074e7
0.8390399999999766	22235.91207719221	1.50831070402542e7	1.2658909223462475e7
0.8396799999999766	22274.40405930099	1.5082731851464156e7	1.2668239313495858e7
0.8403199999999765	22313.671524607205	1.5082349029981326e7	1.2677562583942605e7
0.8409599999999765	22353.63704885787	1.5081959227171848e7	1.2686879554118333e7
0.8415999999999765	22394.40460208368	1.508156198353564e7	1.269618983903221e7
0.8422399999999765	22436.04321620248	1.508115620041606e7	1.2705492508415857e7
0.8428799999999764	22478.561756700983	1.5080741678143702e7	1.2714787377296621e7
0.8435199999999764	22521.941062058853	1.5080318721846182e7	1.2724074681588726e7
0.8441599999999764	22566.30854531759	1.5079886274572536e7	1.2733353531066498e7
0.8447999999999763	22611.501202617055	1.5079445924108742e7	1.2742625221673355e7
0.8454399999999763	22657.71245002834	1.5078995338119324e7	1.275188779469552e7
0.8460799999999763	22704.79151335172	1.5078537058029441e7	1.2761143355566928e7
0.8467199999999763	22752.97872041939	1.5078068172266047e7	1.2770389459399017e7
0.8473599999999762	22802.144794178494	1.5077589764038414e7	1.2779626981836615e7
0.8479999999999762	22852.381434774357	1.507710119258773e7	1.2788855373292122e7
0.8486399999999762	22903.801159059796	1.5076601298991483e7	1.2798073645719208e7
0.8492799999999762	22956.362880784804	1.5076090736882916e7	1.2807282324032957e7
0.8499199999999761	23010.290672515865	1.5075567427124428e7	1.2816479652085366e7
0.8505599999999761	23065.487477024373	1.5075031811954709e7	1.2825665964424403e7
0.8511999999999761	23122.11019453972	1.507448339920268e7	1.283484083939791e7
0.8518399999999761	23180.299290056155	1.5073919718686942e7	1.284400216630874e7
0.852479999999976	23239.9226707041	1.5073342924343804e7	1.2853151729536628e7
0.853119999999976	23301.333186197156	1.5072749289116897e7	1.2862286373349434e7
0.853759999999976	23364.498742163247	1.507213972966844e7	1.287140683989742e7
0.854399999999976	23429.4169998549	1.5071513460931182e7	1.2880512424134418e7
0.8550399999999759	23496.342313166362	1.5070869188972246e7	1.2889602021120185e7
0.8556799999999759	23565.351985141668	1.5070205863707092e7	1.2898674705055019e7
0.8563199999999759	23636.73501625314	1.5069520446411733e7	1.2907727874758068e7
0.8569599999999759	23710.399704533145	1.506881452079605e7	1.2916762827314757e7
0.8575999999999758	23786.76909450613	1.5068084023665324e7	1.2925776094614075e7
0.8582399999999758	23865.84621191559	1.5067329264380852e7	1.293476789022086e7
0.8588799999999758	23947.921509594707	1.5066547815717854e7	1.2943736118646821e7
0.8595199999999757	24033.12563161952	1.5065738724418545e7	1.2952679921900593e7
0.8601599999999757	24121.49270027911	1.5064902173229674e7	1.2961599402864078e7
0.8607999999999757	24213.338392743794	1.5064035986998448e7	1.2970492674312169e7
0.8614399999999757	24309.053617867685	1.5063135495647246e7	1.2979355703839289e7
0.8620799999999756	24409.232726885348	1.5062197469994418e7	1.2988185716310114e7
0.8627199999999756	24514.1032913782	1.5061219402637156e7	1.2996980499142602e7
0.8633599999999756	24624.349983476954	1.5060195974381154e7	1.3005735467623089e7
0.8639999999999756	24740.79598858129	1.5059119942137955e7	1.3014444378261274e7
0.8646399999999755	24863.804325226294	1.5057990471429633e7	1.3023106445770014e7
0.8652799999999755	24994.72132963106	1.5056795330555268e7	1.3031711152480023e7
0.8659199999999755	25134.381660268966	1.5055528704174109e7	1.3040253433411084e7
0.8665599999999755	25284.41323802608	1.505417851404281e7	1.304872288523105e7
0.8671999999999754	25446.968593709935	1.5052727318630112e7	1.305710448814491e7
0.8678399999999754	25623.296399659244	1.5051167235927057e7	1.3065391348878747e7
0.8684799999999754	25817.483705011815	1.50494658231392e7	1.3073555593536446e7
0.8691199999999754	26033.119339912293	1.5047597310697284e7	1.3081574989332061e7
0.8697599999999753	26275.116607526015	1.5045524738705674e7	1.3089417667923242e7
0.8703999999999753	26551.793174194972	1.5043184653975766e7	1.3097029035215512e7
0.8710399999999753	26872.74055880305	1.5040506830319908e7	1.3104348578103945e7
0.8716799999999753	27252.757793219444	1.5037381080579875e7	1.311128141419952e7
0.8723199999999752	27707.22077520018	1.5033698150110293e7	1.3117733228252416e7
0.8729599999999752	28269.597130242193	1.5029234373377193e7	1.3123511808202408e7
0.8735999999999752	29017.546184054045	1.5023481070114844e7	1.312818088068962e7
0.8742399999999751	30074.242173266764	1.5015512436685655e7	1.3130943729343405e7
0.8748799999999751	31595.941845512356	1.500423632305041e7	1.313085955855368e7
0.8755199999999751	33868.11005983897	1.4987635299598707e7	1.3126190359844537e7
0.8761599999999751	37029.66348639238	1.4964706950329617e7	1.311606339512658e7
0.876799999999975	40750.56573618178	1.4937761367560254e7	1.3102449636775158e7
0.877439999999975	44467.18531963889	1.4910785493754096e7	1.3088769521871999e7
0.878079999999975	47795.36116020431	1.4886509369860291e7	1.3077373357919205e7
0.878719999999975	50679.618059728986	1.4865339928542202e7	1.3068617926086517e7
0.8793599999999749	53216.39583611728	1.4846598224266728e7	1.306192464048449e7
0.8799999999999749	55351.02069330253	1.4830716265580025e7	1.3057672436193246e7
0.8806399999999749	57227.79971137634	1.48166311456568e7	1.3054948762284383e7
0.8812799999999749	58970.16567559859	1.4803457503769657e7	1.305299196699076e7
0.8819199999999748	60574.33070029825	1.4791218368428536e7	1.3051823920453213e7
0.8825599999999748	62122.03252781156	1.477933441808394e7	1.3050944995523857e7
0.8831999999999748	63619.289507275644	1.4767762457643706e7	1.3050318535605e7
0.8838399999999748	64998.02971729014	1.4757045773417113e7	1.3050417507508572e7
0.8844799999999747	66283.39451903598	1.4747019909628605e7	1.3051101227402778e7
0.8851199999999747	67517.99860729142	1.4737366731998233e7	1.305209450950591e7
0.8857599999999747	68695.8340134295	1.472809687087876e7	1.3053406896426892e7
0.8863999999999747	69813.08171913447	1.4719233349215414e7	1.3055059206827465e7
0.8870399999999746	70879.50088522317	1.47106998653528e7	1.3056985756982172e7
0.8876799999999746	71923.44951854991	1.4702280528895378e7	1.30589988217394e7
0.8883199999999746	72947.81926800428	1.4693959721538814e7	1.306108511229284e7
0.8889599999999745	73969.14067258043	1.4685593364383625e7	1.3063118610582378e7
0.8895999999999745	74985.56068374214	1.467720279908021e7	1.3065118015960868e7
0.8902399999999745	75993.6236287917	1.4668802359262766e7	1.3067095672439208e7
0.8908799999999745	77000.60000816926	1.4660346377380693e7	1.3069011686153432e7
0.8915199999999744	78014.21491152674	1.4651777950597778e7	1.307081606055016e7
0.8921599999999744	79040.829265313	1.4643047065884747e7	1.3072464633327335e7
0.8927999999999744	80104.93213533144	1.4633961160250794e7	1.3073787772596443e7
0.8934399999999744	81219.9333112628	1.4624401033403615e7	1.3074679655377401e7
0.8940799999999743	82363.17127171638	1.4614507210396428e7	1.3075262513771966e7
0.8947199999999743	83554.3271072631	1.4604118841190508e7	1.307539380914745e7
0.8953599999999743	84810.6097635605	1.4593107717927378e7	1.3074959508528743e7
0.8959999999999743	86117.0944570518	1.4581597509152774e7	1.3074067546024047e7
0.8966399999999742	87497.36524170732	1.456938485358086e7	1.3072536962785752e7
0.8972799999999742	88934.67740938463	1.4556628940590683e7	1.3070507385876328e7
0.8979199999999742	90373.47518357956	1.4543787818320699e7	1.3068383282172889e7
0.8985599999999742	91832.74390721308	1.4530687337504636e7	1.3066009927529741e7
0.8991999999999741	93334.52930677953	1.4517125894008964e7	1.306320772444661e7
0.8998399999999741	94811.16389905958	1.4503725921625078e7	1.3060529019490866e7
0.9004799999999741	96247.97836215254	1.4490622939086072e7	1.3058094742994456e7
0.901119999999974	97690.05129684399	1.4477409173716955e7	1.3055542546891682e7
0.901759999999974	99163.31330402625	1.4463832565145662e7	1.3052647457844367e7
0.902399999999974	100639.82798377688	1.4450154279455004e7	1.3049641668991039e7
0.903039999999974	102094.79582512668	1.4436595836310485e7	1.3046722615424652e7
0.903679999999974	103535.83094031064	1.4423098725938397e7	1.3043838427891808e7
0.9043199999999739	104970.44800854163	1.4409598298412446e7	1.3040931505685428e7
0.9049599999999739	106409.87806138396	1.4396003884091133e7	1.3037920869757693e7
0.9055999999999739	107872.3015074342	1.438213776604173e7	1.303464710618932e7
0.9062399999999738	109387.81501712253	1.4367692087780336e7	1.3030833479165684e7
0.9068799999999738	110989.8657289596	1.4352346451002792e7	1.302619132578172e7
0.9075199999999738	112664.1305437882	1.4336227288907818e7	1.302083216802194e7
0.9081599999999738	114382.33149664233	1.4319542593953121e7	1.3014940675448745e7
0.9087999999999737	116181.21476475245	1.430192772262565e7	1.3008187641108364e7
0.9094399999999737	117996.64968805696	1.4284027096696649e7	1.3001151379415177e7
0.9100799999999737	119864.19813115394	1.426548037854309e7	1.2993506571600076e7
0.9107199999999737	121803.63931734607	1.4246075658197267e7	1.2985060652351296e7
0.9113599999999736	123848.02017226705	1.4225474652844751e7	1.2975506468124289e7
0.9119999999999736	126048.0514034364	1.420315992072919e7	1.2964374076228153e7
0.9126399999999736	128373.27395077278	1.4179383137520572e7	1.2951886915838743e7
0.9132799999999736	130809.12914351388	1.4154275294090057e7	1.293816030826552e7
0.9139199999999735	133286.0648146978	1.412852004614303e7	1.2923810305029918e7
0.9145599999999735	135789.20500147654	1.4102201335755724e7	1.2908911083303712e7
0.9151999999999735	138374.464140949	1.4074749255014023e7	1.2892944672747616e7
0.9158399999999735	141089.9693937735	1.404566696300003e7	1.2875457763217758e7
0.9164799999999734	143939.30786253087	1.4014892808603575e7	1.2856390772221316e7
0.9171199999999734	146792.35119036734	1.3983822829265045e7	1.2837009743241847e7
0.9177599999999734	149577.15970438576	1.395322919166038e7	1.2818016848551951e7
0.9183999999999733	152095.83055084574	1.3925194084503822e7	1.2801309266980892e7
0.9190399999999733	154446.44792915584	1.3898723685966372e7	1.2785987000774514e7
0.9196799999999733	156697.08624769887	1.3873138940352865e7	1.277143433063077e7
0.9203199999999733	158939.66834924085	1.3847407314614529e7	1.2756710212559745e7
0.9209599999999732	161187.5466685995	1.3821397007935338e7	1.274169405211645e7
0.9215999999999732	163531.0282883959	1.3794034017328534e7	1.2725402582987422e7
0.9222399999999732	166082.3919092094	1.3763984432925118e7	1.2706611570215357e7
0.9228799999999732	168771.9268813067	1.3732170340568881e7	1.2686161054904932e7
0.9235199999999731	171546.48556370972	1.3699197587102715e7	1.266460283085665e7
0.9241599999999731	174512.93333745512	1.366373023916144e7	1.2640707998687387e7
0.9247999999999731	177672.1441296055	1.362570245077786e7	1.261441057171755e7
0.9254399999999731	180900.79492310292	1.358646859652744e7	1.258694946123946e7
0.926079999999973	183851.2468297512	1.3550262820540287e7	1.2562217677011244e7
0.926719999999973	186552.75528374064	1.3516803516412444e7	1.2539962740636572e7
0.927359999999973	189063.48754401127	1.3485369113727033e7	1.251952547304074e7
0.927999999999973	191470.90364063325	1.3454916503561733e7	1.2499948420367057e7
0.9286399999999729	193804.20858877499	1.3425157873040274e7	1.2480968475544656e7
0.9292799999999729	196107.9381689309	1.3395558401692703e7	1.2462093264911944e7
0.9299199999999729	198476.34086537975	1.3364889692943066e7	1.2442187445229106e7
0.9305599999999729	200876.74153464867	1.3333601089468425e7	1.2421664710747547e7
0.9311999999999728	203119.31854613387	1.33041001600446e7	1.2402752678149149e7
0.9318399999999728	205190.49779385436	1.327655649935654e7	1.2385612192689672e7
0.9324799999999728	207166.4605782344	1.3249983634815652e7	1.2369332619210787e7
0.9331199999999727	209119.16551753262	1.3223413774412574e7	1.2353017750969319e7
0.9337599999999727	211103.55257313076	1.3196096574006164e7	1.2335970636266086e7
0.9343999999999727	213037.2021018359	1.316912944257435e7	1.2319209791599e7
0.9350399999999727	214871.18312451398	1.3143149519930877e7	1.2303328559171582e7
0.9356799999999726	216649.3396366184	1.3117582104908466e7	1.2287794109445829e7
0.9363199999999726	218394.9782582243	1.3092131212641682e7	1.2272331689235792e7
0.9369599999999726	220111.7444880399	1.3066790391595678e7	1.225693576968166e7
0.9375999999999726	221804.47736810343	1.3041500848811189e7	1.224155179523279e7
0.9382399999999725	223515.2148538258	1.301564067890344e7	1.2225599010243384e7
0.9388799999999725	225280.02989642724	1.2988648122569513e7	1.2208551064744983e7
0.9395199999999725	227081.22771705437	1.2960784563839637e7	1.2190650186070593e7
0.9401599999999725	228872.98781218304	1.2932731391378742e7	1.2172532504508968e7
0.9407999999999724	230703.28579592294	1.2903727091671122e7	1.2153484082362961e7
0.9414399999999724	232610.85300246638	1.2873106217627155e7	1.2132878809074383e7
0.9420799999999724	234597.5280243145	1.284086015400092e7	1.2110705422704006e7
0.9427199999999724	236675.56714256082	1.2806755968204327e7	1.2086741762831163e7
0.9433599999999723	238795.86076232253	1.2771506690973178e7	1.2061653949549688e7
0.9439999999999723	240987.48322909785	1.273457982807858e7	1.2034938656766662e7
0.9446399999999723	243276.82579810874	1.2695452757946063e7	1.2006100298342006e7
0.9452799999999723	245651.83165881623	1.2654340162287638e7	1.1975336736835284e7
0.9459199999999722	248192.11816372184	1.2609789969990473e7	1.194127475816334e7
0.9465599999999722	250844.00666927276	1.2562613310420932e7	1.1904672358828101e7
0.9471999999999722	253356.25016860836	1.2517407403048662e7	1.1869865502176255e7
0.9478399999999721	255709.45217699974	1.2474614963567048e7	1.1837276852092603e7
0.9484799999999721	257930.53675602065	1.2433813595896654e7	1.1806512100689389e7
0.9491199999999721	260050.50907431377	1.2394296281159334e7	1.177690585627531e7
0.9497599999999721	262084.62620826787	1.2355785589362023e7	1.174819805297284e7
0.950399999999972	264196.3697438184	1.2315138871167626e7	1.171741212309667e7
0.951039999999972	266441.8563364983	1.2271223401803572e7	1.1683469297337169e7
0.951679999999972	268663.8878061034	1.2227077218647733e7	1.164924668650113e7
0.952319999999972	271034.60885967506	1.2179212235865379e7	1.1611430326609412e7
0.9529599999999719	273607.0562414076	1.2126535820853416e7	1.1568974051765734e7
0.9535999999999719	276447.3105822089	1.2067527976565702e7	1.1520421833663737e7
0.9539199999999719	278043.6609202555	1.2034001524304166e7	1.1492286985959105e7
0.9542399999999719	279676.275574765	1.1999442170229707e7	1.1463145682889966e7
0.9545599999999719	281515.65197821194	1.1960169167150963e7	1.1429491151421186e7
0.9548799999999719	283311.3191045203	1.1921636302566476e7	1.1396515079312345e7
0.9555199999999718	286072.3271137974	1.1862012947350852e7	1.1347115108562382e7
0.9561599999999718	288704.00388997415	1.1804379811554296e7	1.1299532584145967e7
0.9567999999999718	291516.72160542425	1.1741702612908294e7	1.1247054582403688e7
0.9574399999999718	294652.50251986395	1.1670744187196158e7	1.1186577725096013e7
0.9577599999999717	296480.29090487864	1.1628868170746185e7	1.1150188106701368e7
0.9580799999999717	298505.281375631	1.1582056035124863e7	1.1109049587527376e7
0.9583999999999717	300773.69279041275	1.1529085401358772e7	1.1061987634282012e7
0.9587199999999717	303294.5499892401	1.1469693592519071e7	1.1008744640043123e7
0.9590399999999717	305963.9122849213	1.1406300373311581e7	1.0951630591867615e7
0.9593599999999717	308529.66888722917	1.1344850328410394e7	1.089633425680706e7
0.9596799999999717	310975.69139719196	1.1285815351240812e7	1.0843309816155605e7
0.9599999999999717	313170.56185889145	1.1232455773152966e7	1.0795684364700893e7
0.9606399999999716	316731.1983466259	1.1145045060459692e7	1.0718842626846613e7
0.9612799999999716	320232.5592070124	1.105776984204835e7	1.0642012398456428e7
0.9615999999999716	321862.90312340704	1.1016633645700585e7	1.0605954449185317e7
0.9619199999999716	323437.4688918498	1.0976564192024007e7	1.0570893126406834e7
0.9620799999999716	324395.9927071172	1.0952082302065717e7	1.0549080437214538e7
0.9622399999999717	325385.1366084217	1.0926753137951806e7	1.052644548222078e7
0.9628799999999716	327857.45762080373	1.0862617910771154e7	1.0471567602749914e7
0.9635199999999716	329856.05621677823	1.0809692719352538e7	1.0427388277881049e7
0.9641599999999716	331686.2527537086	1.0760084547297597e7	1.0386330752420848e7
0.9647999999999716	333447.84862667473	1.0711454521918558e7	1.0346148687018389e7
0.9654399999999715	335269.4138136815	1.0660236922396787e7	1.0303406045299862e7
0.9660799999999715	337248.0692239429	1.060353889484929e7	1.0255306310043786e7
0.9667199999999715	339472.69123993197	1.0538552616681963e7	1.0199127236762961e7
0.9673599999999715	342020.4559063158	1.0462658669241572e7	1.013232103795802e7
0.9679999999999714	344998.54003408947	1.037217688162688e7	1.0051307174695624e7
0.9683199999999714	346667.16264102934	1.03207293054856e7	1.00047510168e7
0.9686399999999714	348396.86910534155	1.0266824567398064e7	9.95578267477932e6
0.9689599999999714	350218.43512544635	1.0209451838368014e7	9.903421233531082e6
0.9692799999999714	352166.99873922754	1.0147418581994286e7	9.846508453356411e6
0.9695999999999714	354287.3056360934	1.007918945883615e7	9.783552433378588e6
0.9699199999999714	356408.92515123636	1.001025450720422e7	9.719866832095789e6
0.9702399999999713	358529.1254376977	9.940692429525752e6	9.655527249595817e6
0.9705599999999713	360652.7866820253	9.870317135306412e6	9.590352616882637e6
0.9708799999999713	362869.70414185425	9.796073940372529e6	9.52137903301322e6
0.9711999999999713	365283.3868960306	9.714355688524459e6	9.445102406237293e6
0.9715199999999713	367995.3882666558	9.621510523544047e6	9.357970412491081e6
0.9718399999999713	371106.6819085294	9.513802341536073e6	9.256344031760698e6
0.9719999999999713	372860.2527986798	9.452598079387967e6	9.198365420243206e6
0.9721599999999714	374773.90776297095	9.38543411425256e6	9.13457733410363e6
0.9723199999999714	376876.84141307144	9.311213830083128e6	9.063911382236484e6
0.9724799999999715	379040.0538246976	9.234431623176094e6	8.990731247187292e6
0.9727999999999715	382333.6373321781	9.116428339389756e6	8.87886096349354e6
0.9729599999999715	383838.7697294194	9.062010291677086e6	8.827352533723373e6
0.9729999999999716	384903.7067539682	9.023076543485865e6	8.789845876893857e6
0.9730399999999716	386231.54524198984	8.974373306210013e6	8.742837004334072e6
0.9731199999999716	387874.13509845716	8.913973757204708e6	8.68479219936225e6
0.9731299999999715	388364.5661640903	8.895520514194278e6	8.666933233870465e6
0.9731399999999715	390156.6717288931	8.827078014901187e6	8.600462307623338e6
0.9731799999999715	391030.64683939907	8.794709528282762e6	8.569322860682212e6
0.9732599999999715	391957.76950016315	8.760440291762536e6	8.536667069117002e6
0.9733399999999715	392904.03611970524	8.725350017958421e6	8.503207008082364e6
0.9734199999999714	393968.71438466874	8.685720560153078e6	8.465325796092317e6
0.9734999999999714	395253.08194059867	8.637739706543593e6	8.419313810991379e6
0.9735399999999714	396036.4351096005	8.608404106391348e6	8.391104857808998e6
0.9735799999999715	396942.64811454643	8.5744145460989e6	8.358365738553919e6
0.9736199999999715	397986.07805281074	8.535224472346798e6	8.320564123505091e6
0.9736599999999715	398974.11147391656	8.498079167608092e6	8.284748740429287e6
0.9737399999999715	400616.5691709343	8.436213241153434e6	8.225198472546945e6
0.9737799999999716	401570.6722153008	8.400227382910386e6	8.190502603955734e6
0.9738199999999716	402453.89716546575	8.366845291794266e6	8.158337525082658e6
0.9738599999999716	403349.0006666666	8.332952067727377e6	8.125672243554185e6
0.9738999999999717	404320.96336163476	8.296090081949457e6	8.090114907954091e6
0.9739399999999717	405439.709344017	8.253602081903739e6	8.04907897047461e6
0.9739799999999718	406788.0102952997	8.202340868603329e6	7.999500583229934e6
0.9739999999999718	407913.4736125902	8.159465501638228e6	7.9579251489093425e6
0.9740199999999718	408984.71616405365	8.118730258740203e6	7.918431069543858e6
0.9740999999999718	410850.7609101076	8.048053250227025e6	7.8502497057535015e6
0.9742599999999718	413126.2263355547	7.961974917213075e6	7.767667551909675e6
0.9744199999999719	415098.36934418994	7.887065707010055e6	7.695932782512352e6
0.9745799999999719	416996.48582640523	7.814605539864607e6	7.626558317710748e6
0.974739999999972	418563.3605555415	7.754343200351351e6	7.569041401597903e6
0.974899999999972	420035.6868048797	7.697267446869714e6	7.514608929691883e6
0.974979999999972	420837.95616681274	7.666016043472483e6	7.484741687727893e6
0.975019999999972	421263.77059963456	7.649385435207021e6	7.468826956024926e6
0.975029999999972	421386.9339888004	7.644583823538489e6	7.46422059720623e6
0.9750399999999719	427620.6726535622	7.403297450142242e6	7.229184557775929e6
0.975199999999972	428939.1603780552	7.351767898213703e6	7.180081745515185e6
0.975359999999972	430142.1782655802	7.304354052286069e6	7.134973471710011e6
0.9755199999999721	431582.68740452296	7.247073474624886e6	7.080230260153541e6
0.9756799999999721	433240.468533807	7.180682031984758e6	7.0165842531614425e6
0.9758399999999722	435212.3009383929	7.1011609379812125e6	6.940111618910072e6
0.9759199999999721	436362.7900007121	7.054527511872122e6	6.895162105369274e6
0.9759399999999722	436674.0478726694	7.041889532734851e6	6.882968048168884e6
0.9759499999999721	436835.42425381014	7.035331852199279e6	6.876638013107006e6
0.9759599999999721	443413.41463458457	6.769350723729117e6	6.617275190818307e6
0.975969999999972	445389.180578855	6.6894715818192735e6	6.539426281717291e6
0.9761299999999721	447328.2748247797	6.610071513938885e6	6.46296683282106e6
0.9762899999999721	448619.6403249299	6.556483072669661e6	6.4116656306885965e6
0.9766099999999721	450359.12366446503	6.483382977826811e6	6.342270549877786e6
0.9769299999999721	451287.30928487657	6.443857674122833e6	6.305609075805854e6
0.9772499999999721	452134.6884794589	6.407217425916968e6	6.271739293640099e6
0.9775699999999721	453099.1849313394	6.364900148017608e6	6.232298452415417e6
0.9778899999999721	454284.0499843418	6.312187947007511e6	6.182669691844165e6
0.9780499999999721	455007.23144484224	6.279698532268394e6	6.151846558215154e6
0.9782099999999722	455848.0053309333	6.241665163590586e6	6.115592207711947e6
0.9783699999999722	456849.51984862774	6.196053018549439e6	6.071914046872381e6
0.9785299999999723	457845.5632926589	6.150533744329164e6	6.028311729082152e6
0.9788499999999722	459345.8199393801	6.081737753246311e6	5.962824163856713e6
0.9791699999999722	460668.62906897895	6.020329762612414e6	5.90452202120055e6
0.9794899999999722	461835.33544934663	5.965413611287983e6	5.85253522085038e6
0.9798099999999722	463137.8075023511	5.9031053353155125e6	5.793272390928814e6
0.9801299999999722	464710.3484484074	5.826593043419929e6	5.720052434270697e6
0.9802899999999722	465648.8103605373	5.780366161730435e6	5.675613082734787e6
0.9804499999999723	466714.4638915206	5.727418610456141e6	5.624571844390656e6
0.9806099999999723	467947.5081543548	5.665617640407769e6	5.564834816543232e6
0.9807699999999724	469388.34087247786	5.592773513921706e6	5.494250817043828e6
0.9809299999999724	471109.1414465628	5.5050108552451525e6	5.409014349562875e6
0.9810099999999724	472101.1470461343	5.454089117792705e6	5.35948116622809e6
0.9810899999999724	473201.30550469575	5.397363484157976e6	5.304247577359506e6
0.9811699999999723	474428.7159354174	5.333795741424078e6	5.242293860333992e6
0.9812499999999723	475808.7445252551	5.262002437776767e6	5.172261306028169e6
0.9813299999999723	477347.20264566806	5.181614592164313e6	5.09378592000187e6
0.9814899999999723	479311.02617827075	5.078705484768799e6	4.993570693340161e6
0.9816499999999724	480377.20325572067	5.02267199567542e6	4.939320886234393e6
0.9818099999999724	481420.7616237508	4.967364165634856e6	4.885764855115769e6
0.9819699999999725	482678.00445595325	4.900035946424797e6	4.820390982730977e6
0.9820499999999724	483451.53590734594	4.858293062018404e6	4.77976465662459e6
0.9821299999999724	484347.2005826754	4.809692031126002e6	4.732398119004074e6
0.9822099999999724	485412.9669644747	4.751547059308283e6	4.6756525338053685e6
0.9822899999999724	486707.6941540982	4.680525366757538e6	4.606252855775615e6
0.9823699999999723	488219.50861640146	4.597189934651487e6	4.524748786040375e6
0.9824499999999723	489690.57346780977	4.515834204942577e6	4.445175384210083e6
0.9825299999999723	491170.70522530423	4.43367488482921e6	4.3647993368114205e6
0.9826099999999722	492789.84030628914	4.3433681397316605e6	4.276406583104546e6
0.9826499999999723	493698.7006865393	4.292484762524562e6	4.226575824351567e6
0.9826899999999723	494675.62855079246	4.237641282764377e6	4.172850547289836e6
0.9827299999999723	495742.6197778763	4.177580530401353e6	4.1139951896847836e6
0.9827699999999724	496913.0918772696	4.111515899590118e6	4.049236293213126e6
0.9828099999999724	498207.7825922067	4.038240912029028e6	3.9773877425339115e6
0.9828499999999725	499649.8774647252	3.9564010212680157e6	3.8971177391516943e6
0.9828899999999725	501264.9886063197	3.8644920885937065e6	3.8069472729128296e6
0.9829299999999725	502778.5255835558	3.778097695511181e6	3.722187997280427e6
0.9830099999999725	504540.2794184124	3.676894503582921e6	3.6229962053142786e6
0.9830899999999725	505972.75909358746	3.593984833881343e6	3.541766549696597e6
0.9831699999999725	507463.08050495776	3.507207647125341e6	3.4567219460690375e6
0.9832499999999724	509119.46504354506	3.4102491660914645e6	3.361655243598832e6
0.9833299999999724	510826.7032521451	3.3098167450397518e6	3.263157581043075e6
0.9834099999999724	512093.3197910567	3.2349324547014292e6	3.1897605534531907e6
0.9834899999999723	513242.9687613707	3.166602538847029e6	3.1227955723448414e6
0.9835699999999723	514415.7763130074	3.0965277612002604e6	3.054103661288491e6
0.9836499999999723	515665.9992335788	3.0214427855784874e6	2.9804733351216787e6
0.9837299999999722	517014.85034610966	2.9400130413458906e6	2.9005908607782573e6
0.9838099999999722	518476.8094165271	2.851303967125861e6	2.813535495442482e6
0.9838899999999722	520073.39565762744	2.75393191939798e6	2.7179444585804604e6
0.9839699999999721	521822.76841312787	2.6466939852591828e6	2.612632299653081e6
0.9840499999999721	523750.99609677726	2.527885799016595e6	2.495919848909968e6
0.9841299999999721	525882.7729591299	2.395857884009959e6	2.3661813789975303e6
0.984209999999972	528161.7702942146	2.2540060413852185e6	2.2267549603446433e6
0.984529999999972	529941.1805607541	2.143216064279521e6	2.1182587018283466e6
0.9846899999999721	530591.8216209791	2.102178000563616e6	2.0781170161639603e6
0.9848499999999721	531307.4521482805	2.056520754832603e6	2.033413773296893e6
0.9850099999999722	532122.0743476078	2.0039424275957998e6	1.9818798405005683e6
0.9851699999999722	533060.3075406646	1.9426749323077612e6	1.9217703474224259e6
0.9853299999999723	534154.6486310075	1.8703658140642382e6	1.8507635962672958e6
0.9854899999999723	535449.981381223	1.7837522164476328e6	1.7656393510167848e6
0.9855699999999723	536191.3488918149	1.733739633338865e6	1.7164590115942606e6
0.9856499999999723	537006.9283864424	1.6783874524086323e6	1.662008641888882e6
0.9857299999999722	537908.891615037	1.6168002154327426e6	1.6014044362418342e6
0.9858899999999723	539439.3660302833	1.511528294680912e6	1.4978121198976247e6
0.9865299999999723	540064.7100888182	1.4678715127093624e6	1.455373955078038e6
0.9868499999999722	540405.7315807326	1.4431355130396206e6	1.4312646164134112e6
0.9871699999999722	540814.8592782203	1.412659983979538e6	1.401474211029596e6
0.9874899999999722	541317.3876689357	1.3742044461445212e6	1.3637850290429685e6
0.9878099999999722	541947.3320688988	1.3246528324143812e6	1.3151116523651478e6
0.9881299999999722	542755.3396889677	1.259277647681756e6	1.2507725278858617e6
0.9882899999999722	543249.2283468343	1.2184681750653405e6	1.2105613611992481e6
0.9884499999999723	543820.5163271123	1.1705688941017054e6	1.1633299503383916e6
0.9886099999999723	544487.1600752131	1.113841870595647e6	1.1073569204428035e6
0.9887699999999724	545272.7576431291	1.0459836479349025e6	1.040360664636912e6
0.9889299999999724	546208.6787257026	963904.0575324241	959280.1696890222
0.9890099999999724	546746.0230437169	916242.8226927817	912182.0528646283
0.9890899999999724	547338.2644773825	863304.2658754382	859857.0768001766
0.9891699999999723	547993.4469695906	804281.5129494052	801505.9131948367
0.9892499999999723	548721.1695747602	738207.5351835601	736170.5567532602
0.9893299999999723	549532.9813755541	663914.2241212334	662693.776261134
0.9995699999999723	550758.0	550758.0	550758.0
